{
  "type": "FeatureCollection",
  "features": [
    {
      "type": "Feature",
      "properties": {
        "id": "node/326083326",
        "name": "Marlboro",
        "network": "Gautrain"
      },
      "geometry": {
        "type": "Point",
        "coordinates": [
          28.1116491,
          -26.0833416
        ]
      }
    },
    {
      "type": "Feature",
      "properties": {
        "id": "node/6983349354",
        "name": "O.R. Tambo International Airport",
        "network": "Gautrain"
      },
      "geometry": {
        "type": "Point",
        "coordinates": [
          28.2310998,
          -26.1321694
        ]
      }
    },
    {
      "type": "Feature",
      "properties": {
        "id": "node/6983349355",
        "name": "Rhodesfield",
        "network": "Gautrain"
      },
      "geometry": {
        "type": "Point",
        "coordinates": [
          28.2245595,
          -26.1272794
        ]
      }
    },
    {
      "type": "Feature",
      "properties": {
        "id": "node/6983463551",
        "name": "Park Station",
        "network": "Gautrain"
      },
      "geometry": {
        "type": "Point",
        "coordinates": [
          28.0416841,
          -26.1967795
        ]
      }
    },
    {
      "type": "Feature",
      "properties": {
        "id": "node/6983499376",
        "name": "Hatfield",
        "network": "Gautrain"
      },
      "geometry": {
        "type": "Point",
        "coordinates": [
          28.2378733,
          -25.7476402
        ]
      }
    },
    {
      "type": "Feature",
      "properties": {
        "id": "node/6983501555",
        "name": "Pretoria Gautrain Station",
        "network": "Gautrain"
      },
      "geometry": {
        "type": "Point",
        "coordinates": [
          28.190451,
          -25.7595569
        ]
      }
    },
    {
      "type": "Feature",
      "properties": {
        "id": "node/6983509221",
        "name": "Sandton",
        "network": "Gautrain"
      },
      "geometry": {
        "type": "Point",
        "coordinates": [
          28.0569311,
          -26.1082828
        ]
      }
    },
    {
      "type": "Feature",
      "properties": {
        "id": "node/6983528224",
        "name": "Centurion",
        "network": "Gautrain"
      },
      "geometry": {
        "type": "Point",
        "coordinates": [
          28.1895872,
          -25.8516721
        ]
      }
    },
    {
      "type": "Feature",
      "properties": {
        "id": "node/6983544367",
        "name": "Rosebank",
        "network": "Gautrain"
      },
      "geometry": {
        "type": "Point",
        "coordinates": [
          28.0441424,
          -26.145068
        ]
      }
    },
    {
      "type": "Feature",
      "properties": {
        "id": "node/6983563278",
        "name": "Midrand",
        "network": "Gautrain"
      },
      "geometry": {
        "type": "Point",
        "coordinates": [
          28.1356711,
          -25.9956186
        ]
      }
    },
    {
      "type": "Feature",
      "properties": {
        "id": "way/24582629",
        "name": "Gautrain",
        "network": "Gautrain"
      },
      "geometry": {
        "type": "LineString",
        "coordinates": [
          [
            28.0415173,
            -26.1956426
          ],
          [
            28.0416018,
            -26.1955177
          ],
          [
            28.0429263,
            -26.1935944
          ],
          [
            28.0430318,
            -26.1934133
          ],
          [
            28.0431229,
            -26.1931931
          ],
          [
            28.0432181,
            -26.1929019
          ],
          [
            28.0440805,
            -26.1900923
          ],
          [
            28.0441622,
            -26.1898489
          ],
          [
            28.0442653,
            -26.1896072
          ],
          [
            28.0486268,
            -26.1819566
          ],
          [
            28.0499357,
            -26.1795303
          ],
          [
            28.0501262,
            -26.1790488
          ],
          [
            28.0502597,
            -26.1785942
          ],
          [
            28.0503222,
            -26.1781322
          ],
          [
            28.0503381,
            -26.1775649
          ],
          [
            28.0503113,
            -26.1770269
          ],
          [
            28.0502562,
            -26.1764625
          ],
          [
            28.0501891,
            -26.1759726
          ],
          [
            28.0442041,
            -26.145512
          ],
          [
            28.0436636,
            -26.1428675
          ],
          [
            28.0435252,
            -26.1418978
          ],
          [
            28.0434477,
            -26.1412265
          ],
          [
            28.0434126,
            -26.1406089
          ],
          [
            28.0434292,
            -26.1400498
          ],
          [
            28.0434981,
            -26.1395942
          ],
          [
            28.0436539,
            -26.1389258
          ],
          [
            28.0438048,
            -26.138316
          ],
          [
            28.0462262,
            -26.1274781
          ],
          [
            28.0462529,
            -26.1273179
          ],
          [
            28.0465561,
            -26.1213724
          ],
          [
            28.0466045,
            -26.1207677
          ],
          [
            28.0466553,
            -26.1202548
          ],
          [
            28.0467224,
            -26.1197309
          ],
          [
            28.0468311,
            -26.1191316
          ],
          [
            28.0470376,
            -26.1182934
          ],
          [
            28.0473015,
            -26.117509
          ],
          [
            28.0475859,
            -26.1169225
          ],
          [
            28.0479943,
            -26.1162135
          ],
          [
            28.0485173,
            -26.1155074
          ],
          [
            28.0489245,
            -26.1150418
          ],
          [
            28.0492927,
            -26.1146292
          ],
          [
            28.0498496,
            -26.1139782
          ],
          [
            28.0505077,
            -26.1133257
          ],
          [
            28.0513871,
            -26.112569
          ],
          [
            28.0522625,
            -26.1117752
          ],
          [
            28.0534209,
            -26.1108514
          ],
          [
            28.0545673,
            -26.1100317
          ],
          [
            28.0572183,
            -26.1080695
          ]
        ]
      }
    },
    {
      "type": "Feature",
      "properties": {
        "id": "way/29591408",
        "name": "Gautrain",
        "network": "Gautrain"
      },
      "geometry": {
        "type": "LineString",
        "coordinates": [
          [
            28.2312184,
            -26.1322142
          ],
          [
            28.2309162,
            -26.1321467
          ],
          [
            28.2295029,
            -26.1318476
          ],
          [
            28.2284047,
            -26.1316118
          ],
          [
            28.2281088,
            -26.1315483
          ],
          [
            28.227797,
            -26.1314738
          ],
          [
            28.2275831,
            -26.1314045
          ],
          [
            28.2274381,
            -26.1313495
          ],
          [
            28.2273202,
            -26.1312949
          ],
          [
            28.2271942,
            -26.1312314
          ],
          [
            28.2270714,
            -26.1311594
          ],
          [
            28.2269437,
            -26.1310722
          ],
          [
            28.22675,
            -26.1309184
          ],
          [
            28.2265475,
            -26.1307221
          ],
          [
            28.2264103,
            -26.1305558
          ],
          [
            28.2262631,
            -26.1303412
          ],
          [
            28.2260299,
            -26.1299386
          ],
          [
            28.2257084,
            -26.1293412
          ],
          [
            28.2256637,
            -26.1292609
          ],
          [
            28.2255265,
            -26.1290145
          ],
          [
            28.2253294,
            -26.1286689
          ],
          [
            28.2249719,
            -26.1280316
          ],
          [
            28.2245477,
            -26.1273018
          ]
        ]
      }
    },
    {
      "type": "Feature",
      "properties": {
        "id": "way/29598349",
        "name": "Gautrain",
        "network": "Gautrain"
      },
      "geometry": {
        "type": "LineString",
        "coordinates": [
          [
            28.189872,
            -25.7586962
          ],
          [
            28.1905072,
            -25.7594981
          ],
          [
            28.1910404,
            -25.7601871
          ]
        ]
      }
    },
    {
      "type": "Feature",
      "properties": {
        "id": "way/29599836",
        "name": "Gautrain",
        "network": "Gautrain"
      },
      "geometry": {
        "type": "LineString",
        "coordinates": [
          [
            28.2204395,
            -26.1244368
          ],
          [
            28.219912,
            -26.1243132
          ],
          [
            28.219247,
            -26.1241638
          ],
          [
            28.2185508,
            -26.1239929
          ],
          [
            28.2179255,
            -26.1238336
          ],
          [
            28.2173827,
            -26.1236702
          ],
          [
            28.2169223,
            -26.1235057
          ],
          [
            28.2166645,
            -26.1233998
          ],
          [
            28.2163649,
            -26.1232777
          ],
          [
            28.2159738,
            -26.1230892
          ],
          [
            28.2155033,
            -26.1228628
          ],
          [
            28.2145201,
            -26.1223607
          ],
          [
            28.2135294,
            -26.1218576
          ],
          [
            28.2114691,
            -26.12077
          ],
          [
            28.2101573,
            -26.120098
          ],
          [
            28.2068243,
            -26.1183641
          ],
          [
            28.204262,
            -26.1170059
          ],
          [
            28.2028491,
            -26.1162929
          ],
          [
            28.2015481,
            -26.1156148
          ],
          [
            28.2012128,
            -26.1154196
          ],
          [
            28.2000005,
            -26.1148011
          ]
        ]
      }
    },
    {
      "type": "Feature",
      "properties": {
        "id": "way/29599849",
        "name": "Gautrain",
        "network": "Gautrain"
      },
      "geometry": {
        "type": "LineString",
        "coordinates": [
          [
            28.0572183,
            -26.1080695
          ],
          [
            28.0586219,
            -26.1070899
          ],
          [
            28.0594221,
            -26.1065719
          ],
          [
            28.0601658,
            -26.1061372
          ],
          [
            28.0617717,
            -26.1052292
          ],
          [
            28.0636659,
            -26.1042079
          ],
          [
            28.0644803,
            -26.1038143
          ],
          [
            28.0651016,
            -26.1035316
          ],
          [
            28.0715212,
            -26.1010035
          ]
        ]
      }
    },
    {
      "type": "Feature",
      "properties": {
        "id": "way/64241251",
        "name": "Gautrain",
        "network": "Gautrain"
      },
      "geometry": {
        "type": "LineString",
        "coordinates": [
          [
            28.1969435,
            -25.7633971
          ],
          [
            28.1967407,
            -25.7635271
          ],
          [
            28.1965405,
            -25.7636316
          ],
          [
            28.1964192,
            -25.7636901
          ],
          [
            28.1962368,
            -25.7637578
          ],
          [
            28.196106,
            -25.7637988
          ],
          [
            28.1959974,
            -25.7638284
          ],
          [
            28.1958579,
            -25.7638641
          ],
          [
            28.1956983,
            -25.763887
          ],
          [
            28.1955629,
            -25.7639021
          ],
          [
            28.1953999,
            -25.7639112
          ],
          [
            28.1952491,
            -25.7639112
          ],
          [
            28.1951404,
            -25.7639063
          ],
          [
            28.1950358,
            -25.7638985
          ],
          [
            28.1948749,
            -25.7638786
          ],
          [
            28.1947408,
            -25.7638532
          ],
          [
            28.1945953,
            -25.7638206
          ],
          [
            28.1944484,
            -25.7637644
          ],
          [
            28.1942647,
            -25.7636914
          ],
          [
            28.1940588,
            -25.7635881
          ],
          [
            28.1938764,
            -25.7634824
          ],
          [
            28.1937571,
            -25.7634045
          ],
          [
            28.1936136,
            -25.763294
          ],
          [
            28.1934909,
            -25.7631847
          ],
          [
            28.1933425,
            -25.7630246
          ],
          [
            28.1932033,
            -25.7628854
          ],
          [
            28.1930997,
            -25.762764
          ]
        ]
      }
    },
    {
      "type": "Feature",
      "properties": {
        "id": "way/64241257",
        "name": "Gautrain",
        "network": "Gautrain"
      },
      "geometry": {
        "type": "LineString",
        "coordinates": [
          [
            28.1930143,
            -25.7628133
          ],
          [
            28.1931166,
            -25.7629505
          ],
          [
            28.1932086,
            -25.7630847
          ],
          [
            28.1932914,
            -25.763223
          ],
          [
            28.1934053,
            -25.7634267
          ],
          [
            28.1934974,
            -25.7637157
          ],
          [
            28.1935412,
            -25.7639359
          ],
          [
            28.1935694,
            -25.7641566
          ],
          [
            28.193576,
            -25.7643333
          ],
          [
            28.1935734,
            -25.7645459
          ],
          [
            28.1935519,
            -25.764756
          ],
          [
            28.1935297,
            -25.7649567
          ],
          [
            28.1934567,
            -25.7655387
          ],
          [
            28.1933998,
            -25.7661348
          ]
        ]
      }
    },
    {
      "type": "Feature",
      "properties": {
        "id": "way/64272349",
        "name": "Gautrain",
        "network": "Gautrain"
      },
      "geometry": {
        "type": "LineString",
        "coordinates": [
          [
            28.192087,
            -25.7769135
          ],
          [
            28.1914601,
            -25.7787512
          ],
          [
            28.1908165,
            -25.7803634
          ]
        ]
      }
    },
    {
      "type": "Feature",
      "properties": {
        "id": "way/64272351",
        "name": "Gautrain",
        "network": "Gautrain"
      },
      "geometry": {
        "type": "LineString",
        "coordinates": [
          [
            28.1927988,
            -25.7747228
          ],
          [
            28.1926042,
            -25.7753169
          ],
          [
            28.1923309,
            -25.7761696
          ],
          [
            28.192087,
            -25.7769135
          ]
        ]
      }
    },
    {
      "type": "Feature",
      "properties": {
        "id": "way/64794304",
        "name": "Gautrain",
        "network": "Gautrain"
      },
      "geometry": {
        "type": "LineString",
        "coordinates": [
          [
            28.1835641,
            -25.8345259
          ],
          [
            28.1837431,
            -25.8357269
          ],
          [
            28.1839919,
            -25.8374534
          ],
          [
            28.1841776,
            -25.8387517
          ],
          [
            28.1843778,
            -25.8400514
          ],
          [
            28.1848321,
            -25.8429484
          ],
          [
            28.1849799,
            -25.8436611
          ],
          [
            28.1850976,
            -25.8441205
          ],
          [
            28.1852384,
            -25.8446261
          ],
          [
            28.185419,
            -25.8451567
          ],
          [
            28.1855965,
            -25.8455978
          ],
          [
            28.1857726,
            -25.8460378
          ],
          [
            28.1861462,
            -25.8468041
          ],
          [
            28.1865045,
            -25.8474648
          ],
          [
            28.1869326,
            -25.8481441
          ],
          [
            28.1872858,
            -25.8486506
          ],
          [
            28.1889164,
            -25.8508695
          ],
          [
            28.1891597,
            -25.8511919
          ]
        ]
      }
    },
    {
      "type": "Feature",
      "properties": {
        "id": "way/65502778",
        "name": "Gautrain",
        "network": "Gautrain"
      },
      "geometry": {
        "type": "LineString",
        "coordinates": [
          [
            28.2393416,
            -25.7472716
          ],
          [
            28.2389744,
            -25.7473663
          ],
          [
            28.2386089,
            -25.7474666
          ]
        ]
      }
    },
    {
      "type": "Feature",
      "properties": {
        "id": "way/65502792",
        "name": "Gautrain",
        "network": "Gautrain"
      },
      "geometry": {
        "type": "LineString",
        "coordinates": [
          [
            28.1480967,
            -26.0914601
          ],
          [
            28.1472638,
            -26.0909795
          ]
        ]
      }
    },
    {
      "type": "Feature",
      "properties": {
        "id": "way/65502796",
        "name": "Gautrain",
        "network": "Gautrain"
      },
      "geometry": {
        "type": "LineString",
        "coordinates": [
          [
            28.1783523,
            -26.1024846
          ],
          [
            28.1778156,
            -26.1022694
          ],
          [
            28.1774774,
            -26.1021478
          ],
          [
            28.1771583,
            -26.1020397
          ]
        ]
      }
    },
    {
      "type": "Feature",
      "properties": {
        "id": "way/65502798",
        "name": "Gautrain",
        "network": "Gautrain"
      },
      "geometry": {
        "type": "LineString",
        "coordinates": [
          [
            28.2000005,
            -26.1148011
          ],
          [
            28.1995104,
            -26.1145601
          ],
          [
            28.1991014,
            -26.1143681
          ],
          [
            28.198507,
            -26.1140935
          ],
          [
            28.1977562,
            -26.1137335
          ],
          [
            28.1969809,
            -26.1133683
          ],
          [
            28.1966089,
            -26.1131904
          ],
          [
            28.1962335,
            -26.1130116
          ],
          [
            28.1955159,
            -26.112652
          ],
          [
            28.1941415,
            -26.111945
          ]
        ]
      }
    },
    {
      "type": "Feature",
      "properties": {
        "id": "way/65502803",
        "name": "Gautrain",
        "network": "Gautrain"
      },
      "geometry": {
        "type": "LineString",
        "coordinates": [
          [
            28.1716795,
            -26.1010627
          ],
          [
            28.1710856,
            -26.10098
          ]
        ]
      }
    },
    {
      "type": "Feature",
      "properties": {
        "id": "way/65502804",
        "name": "Gautrain",
        "network": "Gautrain"
      },
      "geometry": {
        "type": "LineString",
        "coordinates": [
          [
            28.1724766,
            -26.1011796
          ],
          [
            28.1716795,
            -26.1010627
          ]
        ]
      }
    },
    {
      "type": "Feature",
      "properties": {
        "id": "way/65502810",
        "name": "Gautrain",
        "network": "Gautrain"
      },
      "geometry": {
        "type": "LineString",
        "coordinates": [
          [
            28.1771583,
            -26.1020397
          ],
          [
            28.1767479,
            -26.1019154
          ],
          [
            28.1763177,
            -26.1017943
          ],
          [
            28.1759311,
            -26.1016986
          ],
          [
            28.1755289,
            -26.101611
          ],
          [
            28.175223,
            -26.1015553
          ],
          [
            28.1748248,
            -26.1014881
          ],
          [
            28.1735674,
            -26.1013066
          ],
          [
            28.1724766,
            -26.1011796
          ]
        ]
      }
    },
    {
      "type": "Feature",
      "properties": {
        "id": "way/65502813",
        "name": "Gautrain",
        "network": "Gautrain"
      },
      "geometry": {
        "type": "LineString",
        "coordinates": [
          [
            28.1933998,
            -25.7661348
          ],
          [
            28.1932616,
            -25.7672984
          ],
          [
            28.1931885,
            -25.7679348
          ],
          [
            28.19311,
            -25.7685997
          ],
          [
            28.1930421,
            -25.7693913
          ],
          [
            28.1930092,
            -25.7698619
          ]
        ]
      }
    },
    {
      "type": "Feature",
      "properties": {
        "id": "way/65502818",
        "name": "Gautrain",
        "network": "Gautrain"
      },
      "geometry": {
        "type": "LineString",
        "coordinates": [
          [
            28.1283462,
            -26.0233146
          ],
          [
            28.1282046,
            -26.0243321
          ],
          [
            28.1280459,
            -26.0252891
          ],
          [
            28.1279523,
            -26.025868
          ],
          [
            28.1277883,
            -26.0265542
          ],
          [
            28.1276972,
            -26.026926
          ],
          [
            28.1275783,
            -26.0273617
          ],
          [
            28.127417,
            -26.0278733
          ],
          [
            28.1272264,
            -26.0283917
          ],
          [
            28.1270841,
            -26.0287476
          ],
          [
            28.1269374,
            -26.0290899
          ]
        ]
      }
    },
    {
      "type": "Feature",
      "properties": {
        "id": "way/65502825",
        "name": "Gautrain",
        "network": "Gautrain"
      },
      "geometry": {
        "type": "LineString",
        "coordinates": [
          [
            28.1606804,
            -26.098113
          ],
          [
            28.1586196,
            -26.0971186
          ]
        ]
      }
    },
    {
      "type": "Feature",
      "properties": {
        "id": "way/65502826",
        "name": "Gautrain",
        "network": "Gautrain"
      },
      "geometry": {
        "type": "LineString",
        "coordinates": [
          [
            28.1941415,
            -26.111945
          ],
          [
            28.192825,
            -26.1112438
          ],
          [
            28.1914322,
            -26.1105537
          ],
          [
            28.1887441,
            -26.109177
          ],
          [
            28.1884657,
            -26.1090339
          ],
          [
            28.1880628,
            -26.1088304
          ],
          [
            28.1874136,
            -26.1084738
          ],
          [
            28.1867324,
            -26.1080995
          ],
          [
            28.1862154,
            -26.1077954
          ],
          [
            28.1858754,
            -26.107584
          ],
          [
            28.1855207,
            -26.1073449
          ],
          [
            28.1847769,
            -26.1068222
          ],
          [
            28.1840166,
            -26.1062509
          ],
          [
            28.1832562,
            -26.1056801
          ],
          [
            28.1824958,
            -26.1051152
          ],
          [
            28.1817274,
            -26.1045336
          ],
          [
            28.1807902,
            -26.1038415
          ],
          [
            28.180515,
            -26.1036508
          ],
          [
            28.1802234,
            -26.1034642
          ]
        ]
      }
    },
    {
      "type": "Feature",
      "properties": {
        "id": "way/65502828",
        "name": "Gautrain",
        "network": "Gautrain"
      },
      "geometry": {
        "type": "LineString",
        "coordinates": [
          [
            28.1710856,
            -26.10098
          ],
          [
            28.1698559,
            -26.1007991
          ],
          [
            28.1689655,
            -26.1006677
          ],
          [
            28.1681581,
            -26.1005496
          ],
          [
            28.1676015,
            -26.1004653
          ],
          [
            28.1669992,
            -26.1003609
          ],
          [
            28.1663328,
            -26.1002353
          ],
          [
            28.1656737,
            -26.1000816
          ],
          [
            28.1651218,
            -26.0999319
          ],
          [
            28.1646043,
            -26.099761
          ],
          [
            28.1639256,
            -26.0995344
          ],
          [
            28.1632841,
            -26.0992987
          ],
          [
            28.1625107,
            -26.0989792
          ],
          [
            28.1619637,
            -26.0987249
          ],
          [
            28.1610825,
            -26.0983015
          ]
        ]
      }
    },
    {
      "type": "Feature",
      "properties": {
        "id": "way/65502829",
        "name": "Gautrain",
        "network": "Gautrain"
      },
      "geometry": {
        "type": "LineString",
        "coordinates": [
          [
            28.1269374,
            -26.0290899
          ],
          [
            28.1266562,
            -26.0297563
          ],
          [
            28.1263339,
            -26.0303732
          ],
          [
            28.12603,
            -26.0309312
          ],
          [
            28.1258932,
            -26.0311887
          ],
          [
            28.125394,
            -26.0321114
          ],
          [
            28.1249678,
            -26.0328954
          ],
          [
            28.1245381,
            -26.0336832
          ],
          [
            28.1242429,
            -26.0342276
          ],
          [
            28.1238644,
            -26.0349328
          ],
          [
            28.1237947,
            -26.0350601
          ],
          [
            28.1236883,
            -26.0352562
          ],
          [
            28.1234822,
            -26.0356324
          ]
        ]
      }
    },
    {
      "type": "Feature",
      "properties": {
        "id": "way/65502833",
        "name": "Gautrain",
        "network": "Gautrain"
      },
      "geometry": {
        "type": "LineString",
        "coordinates": [
          [
            28.1381319,
            -26.0856152
          ],
          [
            28.1372966,
            -26.0851307
          ],
          [
            28.1364812,
            -26.0846501
          ],
          [
            28.1359783,
            -26.0843429
          ],
          [
            28.1354155,
            -26.0840235
          ],
          [
            28.1346399,
            -26.083572
          ],
          [
            28.1339979,
            -26.083237
          ],
          [
            28.1334865,
            -26.082977
          ],
          [
            28.1329518,
            -26.0827316
          ],
          [
            28.1325236,
            -26.0825578
          ],
          [
            28.1319818,
            -26.0823507
          ],
          [
            28.1310435,
            -26.0820163
          ],
          [
            28.130078,
            -26.081719
          ],
          [
            28.129553,
            -26.0815786
          ],
          [
            28.1290032,
            -26.081446
          ],
          [
            28.1281661,
            -26.0812746
          ],
          [
            28.127292,
            -26.0811353
          ],
          [
            28.1265006,
            -26.0810321
          ],
          [
            28.1257979,
            -26.0809666
          ],
          [
            28.1250772,
            -26.08093
          ],
          [
            28.1244985,
            -26.08091
          ],
          [
            28.1240961,
            -26.080904
          ],
          [
            28.1237747,
            -26.0809102
          ],
          [
            28.1231197,
            -26.0809305
          ],
          [
            28.1223715,
            -26.0809738
          ],
          [
            28.1218966,
            -26.0810192
          ],
          [
            28.1214353,
            -26.0810677
          ],
          [
            28.1209378,
            -26.0811341
          ],
          [
            28.1201054,
            -26.0812774
          ],
          [
            28.1193888,
            -26.0814291
          ],
          [
            28.1187171,
            -26.081581
          ],
          [
            28.1180879,
            -26.0817484
          ],
          [
            28.1177605,
            -26.0818422
          ],
          [
            28.117295,
            -26.0819739
          ]
        ]
      }
    },
    {
      "type": "Feature",
      "properties": {
        "id": "way/65502836",
        "name": "Gautrain",
        "network": "Gautrain"
      },
      "geometry": {
        "type": "LineString",
        "coordinates": [
          [
            28.179079,
            -26.102825
          ],
          [
            28.1786487,
            -26.1026157
          ],
          [
            28.1783523,
            -26.1024846
          ]
        ]
      }
    },
    {
      "type": "Feature",
      "properties": {
        "id": "way/65502848",
        "name": "Gautrain",
        "network": "Gautrain"
      },
      "geometry": {
        "type": "LineString",
        "coordinates": [
          [
            28.1610825,
            -26.0983015
          ],
          [
            28.1606804,
            -26.098113
          ]
        ]
      }
    },
    {
      "type": "Feature",
      "properties": {
        "id": "way/65582285",
        "name": "Gautrain",
        "network": "Gautrain"
      },
      "geometry": {
        "type": "LineString",
        "coordinates": [
          [
            28.1876178,
            -25.8697988
          ],
          [
            28.1869802,
            -25.8701081
          ],
          [
            28.1854932,
            -25.8708096
          ],
          [
            28.1839791,
            -25.8715252
          ],
          [
            28.1825213,
            -25.8722263
          ],
          [
            28.1817502,
            -25.8726016
          ],
          [
            28.1810262,
            -25.8729193
          ],
          [
            28.1802092,
            -25.8733014
          ],
          [
            28.1793979,
            -25.873655
          ],
          [
            28.1785449,
            -25.8740411
          ],
          [
            28.1776914,
            -25.8744225
          ],
          [
            28.1768417,
            -25.8748098
          ],
          [
            28.1758915,
            -25.8752609
          ],
          [
            28.1756026,
            -25.8754022
          ],
          [
            28.1753263,
            -25.8755615
          ],
          [
            28.1748121,
            -25.8758579
          ],
          [
            28.174185,
            -25.8762577
          ],
          [
            28.1738377,
            -25.8764798
          ],
          [
            28.1735189,
            -25.8767179
          ],
          [
            28.1729928,
            -25.877094
          ],
          [
            28.1724978,
            -25.877514
          ],
          [
            28.1720796,
            -25.8778815
          ],
          [
            28.1715947,
            -25.8783401
          ],
          [
            28.1712372,
            -25.8787012
          ],
          [
            28.1708685,
            -25.8790986
          ],
          [
            28.1702115,
            -25.8798797
          ],
          [
            28.1699002,
            -25.8802903
          ],
          [
            28.1696458,
            -25.8806664
          ],
          [
            28.1693637,
            -25.8811108
          ],
          [
            28.1691247,
            -25.8815042
          ],
          [
            28.1686676,
            -25.882362
          ],
          [
            28.1684464,
            -25.8828084
          ],
          [
            28.1682408,
            -25.8832596
          ],
          [
            28.1680008,
            -25.88385
          ],
          [
            28.1678021,
            -25.8845066
          ],
          [
            28.1674633,
            -25.8856509
          ],
          [
            28.1671228,
            -25.8868963
          ],
          [
            28.1667919,
            -25.888123
          ],
          [
            28.1664763,
            -25.8893527
          ],
          [
            28.1663355,
            -25.8898691
          ],
          [
            28.1662121,
            -25.8902914
          ],
          [
            28.1659278,
            -25.8913833
          ],
          [
            28.1656294,
            -25.8924659
          ],
          [
            28.1654437,
            -25.8931472
          ],
          [
            28.1652559,
            -25.8938638
          ],
          [
            28.1648697,
            -25.8952416
          ],
          [
            28.1646752,
            -25.895963
          ],
          [
            28.1645049,
            -25.8966567
          ],
          [
            28.1642997,
            -25.8973733
          ],
          [
            28.164113,
            -25.8980358
          ],
          [
            28.1634709,
            -25.9004352
          ],
          [
            28.1632349,
            -25.9013991
          ],
          [
            28.1630149,
            -25.9021447
          ],
          [
            28.1628017,
            -25.9029348
          ],
          [
            28.1625907,
            -25.9037297
          ],
          [
            28.1621972,
            -25.9052331
          ]
        ]
      }
    },
    {
      "type": "Feature",
      "properties": {
        "id": "way/65582290",
        "name": "Gautrain",
        "network": "Gautrain"
      },
      "geometry": {
        "type": "LineString",
        "coordinates": [
          [
            28.1519249,
            -25.9260506
          ],
          [
            28.1506318,
            -25.9280966
          ],
          [
            28.1503066,
            -25.9286555
          ],
          [
            28.1500139,
            -25.9291885
          ],
          [
            28.1497686,
            -25.9297151
          ]
        ]
      }
    },
    {
      "type": "Feature",
      "properties": {
        "id": "way/65582291",
        "name": "Gautrain",
        "network": "Gautrain"
      },
      "geometry": {
        "type": "LineString",
        "coordinates": [
          [
            28.1431219,
            -25.9482067
          ],
          [
            28.1430041,
            -25.9485659
          ]
        ]
      }
    },
    {
      "type": "Feature",
      "properties": {
        "id": "way/65582293",
        "name": "Gautrain",
        "network": "Gautrain"
      },
      "geometry": {
        "type": "LineString",
        "coordinates": [
          [
            28.2196089,
            -25.7601285
          ],
          [
            28.2194853,
            -25.760149
          ]
        ]
      }
    },
    {
      "type": "Feature",
      "properties": {
        "id": "way/65582294",
        "name": "Gautrain",
        "network": "Gautrain"
      },
      "geometry": {
        "type": "LineString",
        "coordinates": [
          [
            28.219971,
            -25.7600375
          ],
          [
            28.2197465,
            -25.7600992
          ],
          [
            28.2196089,
            -25.7601285
          ]
        ]
      }
    },
    {
      "type": "Feature",
      "properties": {
        "id": "way/65582297",
        "name": "Gautrain",
        "network": "Gautrain"
      },
      "geometry": {
        "type": "LineString",
        "coordinates": [
          [
            28.1908165,
            -25.7803634
          ],
          [
            28.1905934,
            -25.78097
          ],
          [
            28.1903587,
            -25.7815683
          ],
          [
            28.1899203,
            -25.7827814
          ]
        ]
      }
    },
    {
      "type": "Feature",
      "properties": {
        "id": "way/65582301",
        "name": "Gautrain",
        "network": "Gautrain"
      },
      "geometry": {
        "type": "LineString",
        "coordinates": [
          [
            28.1350042,
            -25.9949073
          ],
          [
            28.1353009,
            -25.9954905
          ]
        ]
      }
    },
    {
      "type": "Feature",
      "properties": {
        "id": "way/65582304",
        "name": "Gautrain",
        "network": "Gautrain"
      },
      "geometry": {
        "type": "LineString",
        "coordinates": [
          [
            28.1207086,
            -26.0557198
          ],
          [
            28.1205981,
            -26.0561244
          ],
          [
            28.1205163,
            -26.0565145
          ],
          [
            28.1203989,
            -26.0570148
          ],
          [
            28.1202715,
            -26.0574695
          ]
        ]
      }
    },
    {
      "type": "Feature",
      "properties": {
        "id": "way/65582305",
        "name": "Gautrain",
        "network": "Gautrain"
      },
      "geometry": {
        "type": "LineString",
        "coordinates": [
          [
            28.1424474,
            -25.9504168
          ],
          [
            28.142039,
            -25.9521068
          ],
          [
            28.1417611,
            -25.9532081
          ],
          [
            28.1415773,
            -25.9539018
          ],
          [
            28.1413247,
            -25.9549943
          ],
          [
            28.1408369,
            -25.9570711
          ]
        ]
      }
    },
    {
      "type": "Feature",
      "properties": {
        "id": "way/65582308",
        "name": "Gautrain",
        "network": "Gautrain"
      },
      "geometry": {
        "type": "LineString",
        "coordinates": [
          [
            28.1493481,
            -25.9306959
          ],
          [
            28.1491144,
            -25.931368
          ],
          [
            28.1489138,
            -25.9319134
          ]
        ]
      }
    },
    {
      "type": "Feature",
      "properties": {
        "id": "way/65582314",
        "name": "Gautrain",
        "network": "Gautrain"
      },
      "geometry": {
        "type": "LineString",
        "coordinates": [
          [
            28.189253,
            -25.7847062
          ],
          [
            28.1891464,
            -25.7850172
          ],
          [
            28.1890263,
            -25.7853221
          ],
          [
            28.1889251,
            -25.7855739
          ],
          [
            28.1887803,
            -25.7859311
          ],
          [
            28.1883915,
            -25.7866884
          ],
          [
            28.1881969,
            -25.7870686
          ],
          [
            28.1879796,
            -25.7874106
          ],
          [
            28.1877586,
            -25.7877306
          ],
          [
            28.1874794,
            -25.7881231
          ],
          [
            28.1871704,
            -25.7885138
          ],
          [
            28.1865882,
            -25.7891465
          ],
          [
            28.1863059,
            -25.789432
          ],
          [
            28.1858457,
            -25.7898471
          ],
          [
            28.1851324,
            -25.7904475
          ],
          [
            28.1849541,
            -25.7905912
          ],
          [
            28.1847985,
            -25.7907144
          ],
          [
            28.1845263,
            -25.7909112
          ],
          [
            28.1839837,
            -25.7913379
          ],
          [
            28.1834681,
            -25.7917493
          ],
          [
            28.1830202,
            -25.7921349
          ],
          [
            28.1827869,
            -25.7923397
          ],
          [
            28.1823839,
            -25.7927624
          ],
          [
            28.182174,
            -25.7929857
          ],
          [
            28.1819687,
            -25.7932205
          ],
          [
            28.1816542,
            -25.7936187
          ],
          [
            28.1813921,
            -25.7939783
          ],
          [
            28.1811264,
            -25.794379
          ],
          [
            28.1809697,
            -25.7946231
          ],
          [
            28.1807195,
            -25.7950776
          ],
          [
            28.1805029,
            -25.7955069
          ],
          [
            28.1802983,
            -25.7959662
          ],
          [
            28.180106,
            -25.7964536
          ],
          [
            28.1799475,
            -25.7969443
          ],
          [
            28.1798632,
            -25.7972541
          ],
          [
            28.1797949,
            -25.7975413
          ],
          [
            28.1796828,
            -25.7981839
          ],
          [
            28.1796051,
            -25.798952
          ],
          [
            28.179595,
            -25.7991426
          ]
        ]
      }
    },
    {
      "type": "Feature",
      "properties": {
        "id": "way/65582318",
        "name": "Gautrain",
        "network": "Gautrain"
      },
      "geometry": {
        "type": "LineString",
        "coordinates": [
          [
            28.2243939,
            -25.7560812
          ],
          [
            28.2221091,
            -25.7586245
          ],
          [
            28.2217433,
            -25.7590114
          ],
          [
            28.2213746,
            -25.7593485
          ],
          [
            28.2211057,
            -25.7595284
          ],
          [
            28.2208532,
            -25.7596758
          ],
          [
            28.2205214,
            -25.7598453
          ],
          [
            28.2201447,
            -25.7599781
          ]
        ]
      }
    },
    {
      "type": "Feature",
      "properties": {
        "id": "way/65582334",
        "name": "Gautrain",
        "network": "Gautrain"
      },
      "geometry": {
        "type": "LineString",
        "coordinates": [
          [
            28.1430041,
            -25.9485659
          ],
          [
            28.1426969,
            -25.9495162
          ],
          [
            28.1424474,
            -25.9504168
          ]
        ]
      }
    },
    {
      "type": "Feature",
      "properties": {
        "id": "way/65582339",
        "name": "Gautrain",
        "network": "Gautrain"
      },
      "geometry": {
        "type": "LineString",
        "coordinates": [
          [
            28.1408369,
            -25.9570711
          ],
          [
            28.1402242,
            -25.9597461
          ],
          [
            28.1395975,
            -25.9623352
          ],
          [
            28.1393163,
            -25.9633851
          ],
          [
            28.1390387,
            -25.9643823
          ],
          [
            28.138468,
            -25.9664319
          ],
          [
            28.1373972,
            -25.9698923
          ],
          [
            28.1368446,
            -25.9716623
          ],
          [
            28.1363188,
            -25.9733967
          ],
          [
            28.1352071,
            -25.9770081
          ],
          [
            28.1346224,
            -25.9788768
          ],
          [
            28.1343475,
            -25.9797978
          ],
          [
            28.1340741,
            -25.9807153
          ],
          [
            28.1337376,
            -25.9817793
          ]
        ]
      }
    },
    {
      "type": "Feature",
      "properties": {
        "id": "way/65582340",
        "name": "Gautrain",
        "network": "Gautrain"
      },
      "geometry": {
        "type": "LineString",
        "coordinates": [
          [
            28.1353009,
            -25.9954905
          ],
          [
            28.1355845,
            -25.9960444
          ],
          [
            28.1358267,
            -25.9965362
          ],
          [
            28.1363538,
            -25.9975837
          ],
          [
            28.13687,
            -25.9986534
          ],
          [
            28.1370738,
            -25.9991605
          ]
        ]
      }
    },
    {
      "type": "Feature",
      "properties": {
        "id": "way/65582343",
        "name": "Gautrain",
        "network": "Gautrain"
      },
      "geometry": {
        "type": "LineString",
        "coordinates": [
          [
            28.1521644,
            -25.9256758
          ],
          [
            28.1519249,
            -25.9260506
          ]
        ]
      }
    },
    {
      "type": "Feature",
      "properties": {
        "id": "way/65582346",
        "name": "Gautrain",
        "network": "Gautrain"
      },
      "geometry": {
        "type": "LineString",
        "coordinates": [
          [
            28.2247261,
            -25.7557266
          ],
          [
            28.2243939,
            -25.7560812
          ]
        ]
      }
    },
    {
      "type": "Feature",
      "properties": {
        "id": "way/65582348",
        "name": "Gautrain",
        "network": "Gautrain"
      },
      "geometry": {
        "type": "LineString",
        "coordinates": [
          [
            28.1202715,
            -26.0574695
          ],
          [
            28.1200245,
            -26.0581961
          ],
          [
            28.1197898,
            -26.0588676
          ]
        ]
      }
    },
    {
      "type": "Feature",
      "properties": {
        "id": "way/65582352",
        "name": "Gautrain",
        "network": "Gautrain"
      },
      "geometry": {
        "type": "LineString",
        "coordinates": [
          [
            28.2201447,
            -25.7599781
          ],
          [
            28.219971,
            -25.7600375
          ]
        ]
      }
    },
    {
      "type": "Feature",
      "properties": {
        "id": "way/65582369",
        "name": "Gautrain",
        "network": "Gautrain"
      },
      "geometry": {
        "type": "LineString",
        "coordinates": [
          [
            28.2194853,
            -25.760149
          ],
          [
            28.2190387,
            -25.7602152
          ],
          [
            28.2186425,
            -25.7602316
          ],
          [
            28.217996,
            -25.7601665
          ],
          [
            28.2172988,
            -25.7600721
          ],
          [
            28.2163413,
            -25.7599598
          ],
          [
            28.2154304,
            -25.7598309
          ],
          [
            28.2151064,
            -25.7598184
          ]
        ]
      }
    },
    {
      "type": "Feature",
      "properties": {
        "id": "way/65582374",
        "name": "Gautrain",
        "network": "Gautrain"
      },
      "geometry": {
        "type": "LineString",
        "coordinates": [
          [
            28.1497686,
            -25.9297151
          ],
          [
            28.1495771,
            -25.9301511
          ],
          [
            28.1494524,
            -25.9304297
          ],
          [
            28.1493481,
            -25.9306959
          ]
        ]
      }
    },
    {
      "type": "Feature",
      "properties": {
        "id": "way/124122878",
        "name": "Gautrain",
        "network": "Gautrain"
      },
      "geometry": {
        "type": "LineString",
        "coordinates": [
          [
            28.2245477,
            -26.1273018
          ],
          [
            28.2240861,
            -26.1264668
          ],
          [
            28.2238532,
            -26.1260441
          ],
          [
            28.2236395,
            -26.1257404
          ],
          [
            28.2235004,
            -26.125578
          ],
          [
            28.2232929,
            -26.125397
          ],
          [
            28.2230665,
            -26.1252258
          ],
          [
            28.2228501,
            -26.1250976
          ],
          [
            28.2225856,
            -26.1249732
          ],
          [
            28.2222791,
            -26.1248676
          ],
          [
            28.221368,
            -26.1246504
          ],
          [
            28.2204395,
            -26.1244368
          ]
        ]
      }
    },
    {
      "type": "Feature",
      "properties": {
        "id": "way/164079338",
        "name": "Gautrain",
        "network": "Gautrain"
      },
      "geometry": {
        "type": "LineString",
        "coordinates": [
          [
            28.1037181,
            -26.0850712
          ],
          [
            28.1039561,
            -26.0849945
          ],
          [
            28.1041843,
            -26.0849251
          ]
        ]
      }
    },
    {
      "type": "Feature",
      "properties": {
        "id": "way/164079339",
        "name": "Gautrain",
        "network": "Gautrain"
      },
      "geometry": {
        "type": "LineString",
        "coordinates": [
          [
            28.1036182,
            -26.0848197
          ],
          [
            28.1038293,
            -26.0847783
          ],
          [
            28.1040176,
            -26.0847542
          ]
        ]
      }
    },
    {
      "type": "Feature",
      "properties": {
        "id": "way/164079341",
        "name": "Gautrain",
        "network": "Gautrain"
      },
      "geometry": {
        "type": "LineString",
        "coordinates": [
          [
            28.1039002,
            -26.0852035
          ],
          [
            28.1042646,
            -26.0851144
          ]
        ]
      }
    },
    {
      "type": "Feature",
      "properties": {
        "id": "way/164079342",
        "name": "Gautrain",
        "network": "Gautrain"
      },
      "geometry": {
        "type": "LineString",
        "coordinates": [
          [
            28.1040176,
            -26.0847542
          ],
          [
            28.1043188,
            -26.0847169
          ],
          [
            28.104617,
            -26.0846979
          ],
          [
            28.1058595,
            -26.0846023
          ],
          [
            28.1064703,
            -26.084554
          ],
          [
            28.1068499,
            -26.0845092
          ],
          [
            28.107326,
            -26.0844388
          ],
          [
            28.1075147,
            -26.0844068
          ]
        ]
      }
    },
    {
      "type": "Feature",
      "properties": {
        "id": "way/164079348",
        "name": "Gautrain",
        "network": "Gautrain"
      },
      "geometry": {
        "type": "LineString",
        "coordinates": [
          [
            28.1133081,
            -26.0830381
          ],
          [
            28.1145657,
            -26.0827079
          ],
          [
            28.1159046,
            -26.0823699
          ],
          [
            28.117295,
            -26.0819739
          ]
        ]
      }
    },
    {
      "type": "Feature",
      "properties": {
        "id": "way/164079351",
        "name": "Gautrain",
        "network": "Gautrain"
      },
      "geometry": {
        "type": "LineString",
        "coordinates": [
          [
            28.1046112,
            -26.0848133
          ],
          [
            28.1048754,
            -26.084744
          ],
          [
            28.1052724,
            -26.0846513
          ],
          [
            28.1054762,
            -26.0846079
          ],
          [
            28.1056988,
            -26.0845718
          ],
          [
            28.1058986,
            -26.0845352
          ]
        ]
      }
    },
    {
      "type": "Feature",
      "properties": {
        "id": "way/164079353",
        "name": "Gautrain",
        "network": "Gautrain"
      },
      "geometry": {
        "type": "LineString",
        "coordinates": [
          [
            28.1099821,
            -26.0837091
          ],
          [
            28.1111413,
            -26.0834237
          ],
          [
            28.11269,
            -26.0830451
          ],
          [
            28.113225,
            -26.0829161
          ]
        ]
      }
    },
    {
      "type": "Feature",
      "properties": {
        "id": "way/164079355",
        "name": "Gautrain",
        "network": "Gautrain"
      },
      "geometry": {
        "type": "LineString",
        "coordinates": [
          [
            28.1099691,
            -26.0838523
          ],
          [
            28.1106218,
            -26.0836894
          ],
          [
            28.1110414,
            -26.0835886
          ],
          [
            28.1127307,
            -26.0831753
          ],
          [
            28.1133081,
            -26.0830381
          ]
        ]
      }
    },
    {
      "type": "Feature",
      "properties": {
        "id": "way/164079356",
        "name": "Gautrain",
        "network": "Gautrain"
      },
      "geometry": {
        "type": "LineString",
        "coordinates": [
          [
            28.1075923,
            -26.0842022
          ],
          [
            28.1077439,
            -26.0841713
          ],
          [
            28.1092146,
            -26.0838713
          ],
          [
            28.1099821,
            -26.0837091
          ]
        ]
      }
    },
    {
      "type": "Feature",
      "properties": {
        "id": "way/164079358",
        "name": "Gautrain",
        "network": "Gautrain"
      },
      "geometry": {
        "type": "LineString",
        "coordinates": [
          [
            28.1075272,
            -26.0844507
          ],
          [
            28.1081614,
            -26.0842903
          ],
          [
            28.1088177,
            -26.0841261
          ],
          [
            28.1093894,
            -26.0839889
          ],
          [
            28.1099691,
            -26.0838523
          ]
        ]
      }
    },
    {
      "type": "Feature",
      "properties": {
        "id": "way/164079360",
        "name": "Gautrain",
        "network": "Gautrain"
      },
      "geometry": {
        "type": "LineString",
        "coordinates": [
          [
            28.1042646,
            -26.0851144
          ],
          [
            28.1047305,
            -26.085012
          ],
          [
            28.1053233,
            -26.0848981
          ],
          [
            28.1059029,
            -26.0847891
          ],
          [
            28.1065369,
            -26.0846637
          ],
          [
            28.1070971,
            -26.0845467
          ],
          [
            28.1075272,
            -26.0844507
          ]
        ]
      }
    },
    {
      "type": "Feature",
      "properties": {
        "id": "way/164079361",
        "name": "Gautrain",
        "network": "Gautrain"
      },
      "geometry": {
        "type": "LineString",
        "coordinates": [
          [
            28.0998788,
            -26.0869452
          ],
          [
            28.1000337,
            -26.086857
          ],
          [
            28.1006119,
            -26.0865321
          ],
          [
            28.1010693,
            -26.0862743
          ],
          [
            28.1014958,
            -26.0860392
          ],
          [
            28.1018599,
            -26.085848
          ],
          [
            28.1022292,
            -26.0856649
          ],
          [
            28.1026691,
            -26.0854661
          ],
          [
            28.1031011,
            -26.0852916
          ],
          [
            28.1037181,
            -26.0850712
          ]
        ]
      }
    },
    {
      "type": "Feature",
      "properties": {
        "id": "way/164079362",
        "name": "Gautrain",
        "network": "Gautrain"
      },
      "geometry": {
        "type": "LineString",
        "coordinates": [
          [
            28.113225,
            -26.0829161
          ],
          [
            28.1145314,
            -26.0825626
          ],
          [
            28.1158802,
            -26.0821398
          ],
          [
            28.1165903,
            -26.0818819
          ],
          [
            28.1170312,
            -26.0816628
          ],
          [
            28.1173453,
            -26.081482
          ],
          [
            28.1177279,
            -26.0812328
          ],
          [
            28.1179471,
            -26.0810821
          ]
        ]
      }
    },
    {
      "type": "Feature",
      "properties": {
        "id": "way/164079364",
        "name": "Gautrain",
        "network": "Gautrain"
      },
      "geometry": {
        "type": "LineString",
        "coordinates": [
          [
            28.0998891,
            -26.0869596
          ],
          [
            28.1000467,
            -26.0868817
          ],
          [
            28.1006528,
            -26.0865803
          ],
          [
            28.1014061,
            -26.0862044
          ],
          [
            28.1019128,
            -26.0859551
          ],
          [
            28.1023983,
            -26.0857308
          ],
          [
            28.1028908,
            -26.085529
          ],
          [
            28.1033079,
            -26.0853806
          ],
          [
            28.103604,
            -26.0852855
          ],
          [
            28.1039002,
            -26.0852035
          ]
        ]
      }
    },
    {
      "type": "Feature",
      "properties": {
        "id": "way/164079366",
        "name": "Gautrain",
        "network": "Gautrain"
      },
      "geometry": {
        "type": "LineString",
        "coordinates": [
          [
            28.0998479,
            -26.0868821
          ],
          [
            28.1002439,
            -26.0866284
          ],
          [
            28.1005685,
            -26.0864225
          ],
          [
            28.1013817,
            -26.0859097
          ],
          [
            28.1016426,
            -26.085745
          ],
          [
            28.1020504,
            -26.0854849
          ],
          [
            28.1024502,
            -26.0852521
          ],
          [
            28.1026512,
            -26.0851493
          ],
          [
            28.1028609,
            -26.0850563
          ],
          [
            28.10303,
            -26.0849909
          ],
          [
            28.1031905,
            -26.084936
          ],
          [
            28.1034183,
            -26.0848693
          ],
          [
            28.1036182,
            -26.0848197
          ]
        ]
      }
    },
    {
      "type": "Feature",
      "properties": {
        "id": "way/164082082",
        "name": "Gautrain",
        "network": "Gautrain"
      },
      "geometry": {
        "type": "LineString",
        "coordinates": [
          [
            28.1531452,
            -26.0944158
          ],
          [
            28.1526392,
            -26.0941218
          ]
        ]
      }
    },
    {
      "type": "Feature",
      "properties": {
        "id": "way/164082083",
        "name": "Gautrain",
        "network": "Gautrain"
      },
      "geometry": {
        "type": "LineString",
        "coordinates": [
          [
            28.1526392,
            -26.0941218
          ],
          [
            28.1480967,
            -26.0914601
          ]
        ]
      }
    },
    {
      "type": "Feature",
      "properties": {
        "id": "way/164088826",
        "name": "Gautrain",
        "network": "Gautrain"
      },
      "geometry": {
        "type": "LineString",
        "coordinates": [
          [
            28.1230774,
            -26.0363797
          ],
          [
            28.1229159,
            -26.0366768
          ],
          [
            28.1228146,
            -26.0368569
          ],
          [
            28.1226296,
            -26.0372058
          ],
          [
            28.1224358,
            -26.0375564
          ],
          [
            28.1222722,
            -26.0378667
          ],
          [
            28.1220984,
            -26.0381927
          ],
          [
            28.1218216,
            -26.0387096
          ],
          [
            28.1216437,
            -26.0390962
          ],
          [
            28.1213804,
            -26.0396712
          ],
          [
            28.1212259,
            -26.0400951
          ],
          [
            28.1210008,
            -26.0406761
          ],
          [
            28.1208219,
            -26.0412589
          ],
          [
            28.1206897,
            -26.0417316
          ],
          [
            28.1205681,
            -26.0422065
          ],
          [
            28.120459,
            -26.0427197
          ],
          [
            28.120404,
            -26.0429547
          ],
          [
            28.1203531,
            -26.0432621
          ],
          [
            28.1202887,
            -26.0436957
          ],
          [
            28.1202375,
            -26.0441796
          ],
          [
            28.1201895,
            -26.044656
          ],
          [
            28.120171,
            -26.04511
          ],
          [
            28.1201626,
            -26.0458067
          ],
          [
            28.120172,
            -26.0462019
          ],
          [
            28.1201843,
            -26.0465548
          ],
          [
            28.1202283,
            -26.0472068
          ],
          [
            28.1202995,
            -26.0478201
          ],
          [
            28.1203759,
            -26.0485117
          ],
          [
            28.1204461,
            -26.0491824
          ],
          [
            28.12052,
            -26.0498672
          ],
          [
            28.1206055,
            -26.0505523
          ],
          [
            28.1207232,
            -26.0516395
          ],
          [
            28.1208114,
            -26.0524299
          ],
          [
            28.1208668,
            -26.0532539
          ]
        ]
      }
    },
    {
      "type": "Feature",
      "properties": {
        "id": "way/164088828",
        "name": "Gautrain",
        "network": "Gautrain"
      },
      "geometry": {
        "type": "LineString",
        "coordinates": [
          [
            28.1800443,
            -25.8180128
          ],
          [
            28.1800845,
            -25.8194618
          ],
          [
            28.1801355,
            -25.8204182
          ],
          [
            28.1802267,
            -25.8212123
          ],
          [
            28.1802964,
            -25.8216708
          ]
        ]
      }
    },
    {
      "type": "Feature",
      "properties": {
        "id": "way/164088829",
        "name": "Gautrain",
        "network": "Gautrain"
      },
      "geometry": {
        "type": "LineString",
        "coordinates": [
          [
            28.1197898,
            -26.0588676
          ],
          [
            28.1195709,
            -26.0594447
          ]
        ]
      }
    },
    {
      "type": "Feature",
      "properties": {
        "id": "way/164088830",
        "name": "Gautrain",
        "network": "Gautrain"
      },
      "geometry": {
        "type": "LineString",
        "coordinates": [
          [
            28.1234822,
            -26.0356324
          ],
          [
            28.1230774,
            -26.0363797
          ]
        ]
      }
    },
    {
      "type": "Feature",
      "properties": {
        "id": "way/164088832",
        "name": "Gautrain",
        "network": "Gautrain"
      },
      "geometry": {
        "type": "LineString",
        "coordinates": [
          [
            28.1800233,
            -25.8176364
          ],
          [
            28.1800443,
            -25.8180128
          ]
        ]
      }
    },
    {
      "type": "Feature",
      "properties": {
        "id": "way/164088836",
        "name": "Gautrain",
        "network": "Gautrain"
      },
      "geometry": {
        "type": "LineString",
        "coordinates": [
          [
            28.132622,
            -25.9875784
          ],
          [
            28.1327075,
            -25.9884703
          ]
        ]
      }
    },
    {
      "type": "Feature",
      "properties": {
        "id": "way/164088838",
        "name": "Gautrain",
        "network": "Gautrain"
      },
      "geometry": {
        "type": "LineString",
        "coordinates": [
          [
            28.1798844,
            -25.8118035
          ],
          [
            28.1799033,
            -25.8121072
          ]
        ]
      }
    },
    {
      "type": "Feature",
      "properties": {
        "id": "way/164088839",
        "name": "Gautrain",
        "network": "Gautrain"
      },
      "geometry": {
        "type": "LineString",
        "coordinates": [
          [
            28.1893396,
            -25.7844682
          ],
          [
            28.189253,
            -25.7847062
          ]
        ]
      }
    },
    {
      "type": "Feature",
      "properties": {
        "id": "way/164088840",
        "name": "Gautrain",
        "network": "Gautrain"
      },
      "geometry": {
        "type": "LineString",
        "coordinates": [
          [
            28.1930092,
            -25.7698619
          ],
          [
            28.1930015,
            -25.7700986
          ]
        ]
      }
    },
    {
      "type": "Feature",
      "properties": {
        "id": "way/164088847",
        "name": "Gautrain",
        "network": "Gautrain"
      },
      "geometry": {
        "type": "LineString",
        "coordinates": [
          [
            28.1895127,
            -25.7839883
          ],
          [
            28.1894236,
            -25.784235
          ]
        ]
      }
    },
    {
      "type": "Feature",
      "properties": {
        "id": "way/164088849",
        "name": "Gautrain",
        "network": "Gautrain"
      },
      "geometry": {
        "type": "LineString",
        "coordinates": [
          [
            28.1337376,
            -25.9817793
          ],
          [
            28.1335718,
            -25.982328
          ]
        ]
      }
    },
    {
      "type": "Feature",
      "properties": {
        "id": "way/164088851",
        "name": "Gautrain",
        "network": "Gautrain"
      },
      "geometry": {
        "type": "LineString",
        "coordinates": [
          [
            28.1208668,
            -26.0532539
          ],
          [
            28.1208757,
            -26.0536584
          ]
        ]
      }
    },
    {
      "type": "Feature",
      "properties": {
        "id": "way/164088853",
        "name": "Gautrain",
        "network": "Gautrain"
      },
      "geometry": {
        "type": "LineString",
        "coordinates": [
          [
            28.1489138,
            -25.9319134
          ],
          [
            28.1487765,
            -25.9323231
          ]
        ]
      }
    },
    {
      "type": "Feature",
      "properties": {
        "id": "way/164088858",
        "name": "Gautrain",
        "network": "Gautrain"
      },
      "geometry": {
        "type": "LineString",
        "coordinates": [
          [
            28.1899203,
            -25.7827814
          ],
          [
            28.1895127,
            -25.7839883
          ]
        ]
      }
    },
    {
      "type": "Feature",
      "properties": {
        "id": "way/164088859",
        "name": "Gautrain",
        "network": "Gautrain"
      },
      "geometry": {
        "type": "LineString",
        "coordinates": [
          [
            28.1894236,
            -25.784235
          ],
          [
            28.1893396,
            -25.7844682
          ]
        ]
      }
    },
    {
      "type": "Feature",
      "properties": {
        "id": "way/164088861",
        "name": "Gautrain",
        "network": "Gautrain"
      },
      "geometry": {
        "type": "LineString",
        "coordinates": [
          [
            28.1375306,
            -26.0007771
          ],
          [
            28.1376015,
            -26.0014268
          ],
          [
            28.1376386,
            -26.0019761
          ],
          [
            28.1376269,
            -26.0024223
          ],
          [
            28.137601,
            -26.0030199
          ],
          [
            28.1375715,
            -26.003423
          ],
          [
            28.1374696,
            -26.0039938
          ],
          [
            28.1374146,
            -26.0042819
          ],
          [
            28.1373566,
            -26.0045398
          ],
          [
            28.1371806,
            -26.0050993
          ],
          [
            28.136968,
            -26.0056945
          ],
          [
            28.1367611,
            -26.0062099
          ],
          [
            28.1364045,
            -26.0068892
          ],
          [
            28.1357087,
            -26.0081186
          ],
          [
            28.1353775,
            -26.0087247
          ],
          [
            28.1350032,
            -26.009348
          ],
          [
            28.134601,
            -26.0099613
          ],
          [
            28.1341826,
            -26.0105361
          ],
          [
            28.1337507,
            -26.0110979
          ],
          [
            28.133056,
            -26.0119656
          ],
          [
            28.1324659,
            -26.0127045
          ],
          [
            28.1318937,
            -26.0134415
          ],
          [
            28.1314668,
            -26.014017
          ],
          [
            28.1310773,
            -26.0145805
          ],
          [
            28.1309062,
            -26.0148401
          ],
          [
            28.1306943,
            -26.0152041
          ],
          [
            28.1303495,
            -26.015813
          ],
          [
            28.1300104,
            -26.0164828
          ],
          [
            28.1297216,
            -26.017147
          ],
          [
            28.1294578,
            -26.0178411
          ],
          [
            28.1292349,
            -26.0185086
          ],
          [
            28.1289783,
            -26.0194114
          ],
          [
            28.1288677,
            -26.0198755
          ],
          [
            28.1287894,
            -26.0203294
          ],
          [
            28.1287014,
            -26.020836
          ],
          [
            28.128634,
            -26.0213087
          ],
          [
            28.1285298,
            -26.0220038
          ],
          [
            28.1284293,
            -26.0226891
          ],
          [
            28.1283462,
            -26.0233146
          ]
        ]
      }
    },
    {
      "type": "Feature",
      "properties": {
        "id": "way/164088864",
        "name": "Gautrain",
        "network": "Gautrain"
      },
      "geometry": {
        "type": "LineString",
        "coordinates": [
          [
            28.1195709,
            -26.0594447
          ],
          [
            28.119311,
            -26.0601635
          ],
          [
            28.1190807,
            -26.0608399
          ],
          [
            28.1188041,
            -26.0616261
          ],
          [
            28.1185712,
            -26.0624172
          ],
          [
            28.1184956,
            -26.06272
          ],
          [
            28.1184326,
            -26.0630175
          ],
          [
            28.1183364,
            -26.0635719
          ],
          [
            28.1182462,
            -26.064215
          ],
          [
            28.1182025,
            -26.0648415
          ],
          [
            28.1181695,
            -26.0655848
          ],
          [
            28.118193,
            -26.0663543
          ],
          [
            28.1182822,
            -26.0671444
          ],
          [
            28.1183119,
            -26.067499
          ],
          [
            28.118377,
            -26.067839
          ],
          [
            28.1184648,
            -26.068317
          ],
          [
            28.1185794,
            -26.0687731
          ],
          [
            28.1187183,
            -26.0693482
          ],
          [
            28.1188918,
            -26.0699599
          ],
          [
            28.1190978,
            -26.0707215
          ],
          [
            28.1193553,
            -26.0716901
          ],
          [
            28.1195002,
            -26.0721707
          ],
          [
            28.1196425,
            -26.0726616
          ],
          [
            28.1198408,
            -26.0733597
          ],
          [
            28.1200336,
            -26.0740601
          ],
          [
            28.1201963,
            -26.0746733
          ],
          [
            28.120268,
            -26.0750284
          ],
          [
            28.1203242,
            -26.0753655
          ],
          [
            28.1203762,
            -26.0758183
          ],
          [
            28.120392,
            -26.0761315
          ],
          [
            28.1203905,
            -26.0764522
          ],
          [
            28.1203765,
            -26.0767054
          ],
          [
            28.1203364,
            -26.0770682
          ],
          [
            28.1202628,
            -26.0775012
          ],
          [
            28.1201982,
            -26.0777673
          ],
          [
            28.1200073,
            -26.0783501
          ],
          [
            28.1198422,
            -26.0787334
          ],
          [
            28.1196786,
            -26.0790557
          ],
          [
            28.1194438,
            -26.0794507
          ],
          [
            28.1191822,
            -26.0798326
          ],
          [
            28.1189235,
            -26.0801505
          ],
          [
            28.1186315,
            -26.0804751
          ]
        ]
      }
    },
    {
      "type": "Feature",
      "properties": {
        "id": "way/164088867",
        "name": "Gautrain",
        "network": "Gautrain"
      },
      "geometry": {
        "type": "LineString",
        "coordinates": [
          [
            28.1370738,
            -25.9991605
          ],
          [
            28.1372134,
            -25.9995931
          ],
          [
            28.1373425,
            -26.0000155
          ],
          [
            28.1375306,
            -26.0007771
          ]
        ]
      }
    },
    {
      "type": "Feature",
      "properties": {
        "id": "way/164088869",
        "name": "Gautrain",
        "network": "Gautrain"
      },
      "geometry": {
        "type": "LineString",
        "coordinates": [
          [
            28.1799033,
            -25.8121072
          ],
          [
            28.1799343,
            -25.813824
          ],
          [
            28.1799558,
            -25.8147536
          ],
          [
            28.1799713,
            -25.815588
          ],
          [
            28.1800041,
            -25.8165983
          ],
          [
            28.1800233,
            -25.8176364
          ]
        ]
      }
    },
    {
      "type": "Feature",
      "properties": {
        "id": "way/164088871",
        "name": "Gautrain",
        "network": "Gautrain"
      },
      "geometry": {
        "type": "LineString",
        "coordinates": [
          [
            28.1208757,
            -26.0536584
          ],
          [
            28.1208681,
            -26.0541492
          ],
          [
            28.1208374,
            -26.0546764
          ],
          [
            28.1207889,
            -26.0551925
          ],
          [
            28.1207086,
            -26.0557198
          ]
        ]
      }
    },
    {
      "type": "Feature",
      "properties": {
        "id": "way/164088873",
        "name": "Gautrain",
        "network": "Gautrain"
      },
      "geometry": {
        "type": "LineString",
        "coordinates": [
          [
            28.1487765,
            -25.9323231
          ],
          [
            28.148236,
            -25.9338646
          ],
          [
            28.1479731,
            -25.9346304
          ],
          [
            28.1477177,
            -25.9353591
          ],
          [
            28.1470866,
            -25.9372149
          ],
          [
            28.1467541,
            -25.9381267
          ],
          [
            28.1464276,
            -25.9390586
          ],
          [
            28.1456074,
            -25.9413624
          ],
          [
            28.1451876,
            -25.9425225
          ],
          [
            28.1447645,
            -25.9437042
          ],
          [
            28.1439297,
            -25.9459908
          ],
          [
            28.143522,
            -25.9471292
          ],
          [
            28.1431219,
            -25.9482067
          ]
        ]
      }
    },
    {
      "type": "Feature",
      "properties": {
        "id": "way/164088875",
        "name": "Gautrain",
        "network": "Gautrain"
      },
      "geometry": {
        "type": "LineString",
        "coordinates": [
          [
            28.1930015,
            -25.7700986
          ],
          [
            28.1929997,
            -25.7708145
          ],
          [
            28.1930342,
            -25.7718406
          ],
          [
            28.1930476,
            -25.7723829
          ],
          [
            28.1930503,
            -25.7726492
          ],
          [
            28.1930463,
            -25.7728696
          ],
          [
            28.1930389,
            -25.7730755
          ],
          [
            28.1930315,
            -25.7731794
          ],
          [
            28.1930188,
            -25.7733364
          ],
          [
            28.1930007,
            -25.7735598
          ],
          [
            28.1929772,
            -25.7737627
          ],
          [
            28.1929424,
            -25.7740006
          ],
          [
            28.1929028,
            -25.7742367
          ],
          [
            28.1928518,
            -25.7744813
          ],
          [
            28.1927988,
            -25.7747228
          ]
        ]
      }
    },
    {
      "type": "Feature",
      "properties": {
        "id": "way/164088877",
        "name": "Gautrain",
        "network": "Gautrain"
      },
      "geometry": {
        "type": "LineString",
        "coordinates": [
          [
            28.1335718,
            -25.982328
          ],
          [
            28.1332612,
            -25.9832687
          ],
          [
            28.1330083,
            -25.9842208
          ],
          [
            28.1328616,
            -25.9848105
          ],
          [
            28.1327496,
            -25.9853924
          ],
          [
            28.1326765,
            -25.9859269
          ],
          [
            28.1326264,
            -25.9864572
          ],
          [
            28.1326121,
            -25.9870854
          ],
          [
            28.132622,
            -25.9875784
          ]
        ]
      }
    },
    {
      "type": "Feature",
      "properties": {
        "id": "way/164088879",
        "name": "Gautrain",
        "network": "Gautrain"
      },
      "geometry": {
        "type": "LineString",
        "coordinates": [
          [
            28.1327075,
            -25.9884703
          ],
          [
            28.1327331,
            -25.9887429
          ],
          [
            28.1327851,
            -25.9891431
          ],
          [
            28.132853,
            -25.9895137
          ],
          [
            28.1329836,
            -25.9901184
          ],
          [
            28.1331577,
            -25.9907185
          ],
          [
            28.1333953,
            -25.9914119
          ],
          [
            28.1336656,
            -25.9920956
          ],
          [
            28.1339733,
            -25.9928005
          ],
          [
            28.1342901,
            -25.9934903
          ],
          [
            28.1346814,
            -25.9942688
          ],
          [
            28.1350042,
            -25.9949073
          ]
        ]
      }
    },
    {
      "type": "Feature",
      "properties": {
        "id": "way/164090371",
        "name": "Gautrain",
        "network": "Gautrain"
      },
      "geometry": {
        "type": "LineString",
        "coordinates": [
          [
            28.1802234,
            -26.1034642
          ],
          [
            28.179841,
            -26.103231
          ]
        ]
      }
    },
    {
      "type": "Feature",
      "properties": {
        "id": "way/164090375",
        "name": "Gautrain",
        "network": "Gautrain"
      },
      "geometry": {
        "type": "LineString",
        "coordinates": [
          [
            28.179841,
            -26.103231
          ],
          [
            28.1793137,
            -26.1029467
          ],
          [
            28.179079,
            -26.102825
          ]
        ]
      }
    },
    {
      "type": "Feature",
      "properties": {
        "id": "way/165511776",
        "name": "Gautrain",
        "network": "Gautrain"
      },
      "geometry": {
        "type": "LineString",
        "coordinates": [
          [
            28.1802964,
            -25.8216708
          ],
          [
            28.1803865,
            -25.8222349
          ]
        ]
      }
    },
    {
      "type": "Feature",
      "properties": {
        "id": "way/165511778",
        "name": "Gautrain",
        "network": "Gautrain"
      },
      "geometry": {
        "type": "LineString",
        "coordinates": [
          [
            28.1803865,
            -25.8222349
          ],
          [
            28.1805225,
            -25.8228888
          ],
          [
            28.1806864,
            -25.8235301
          ],
          [
            28.1808733,
            -25.8241729
          ],
          [
            28.1810528,
            -25.8247325
          ],
          [
            28.1812459,
            -25.8252685
          ],
          [
            28.181431,
            -25.8258021
          ],
          [
            28.1816139,
            -25.8263083
          ],
          [
            28.1820264,
            -25.8274752
          ],
          [
            28.1824155,
            -25.8285601
          ],
          [
            28.1825951,
            -25.8291072
          ],
          [
            28.1827411,
            -25.8296471
          ],
          [
            28.1828606,
            -25.8301019
          ],
          [
            28.1829593,
            -25.8305584
          ],
          [
            28.1831048,
            -25.8314262
          ],
          [
            28.1833407,
            -25.8329844
          ],
          [
            28.1835641,
            -25.8345259
          ]
        ]
      }
    },
    {
      "type": "Feature",
      "properties": {
        "id": "way/171578132",
        "name": "Gautrain",
        "network": "Gautrain"
      },
      "geometry": {
        "type": "LineString",
        "coordinates": [
          [
            28.0715212,
            -26.1010035
          ],
          [
            28.0782928,
            -26.0983928
          ],
          [
            28.0801714,
            -26.0976864
          ],
          [
            28.08126,
            -26.097266
          ],
          [
            28.0819899,
            -26.0968791
          ],
          [
            28.0824983,
            -26.0965277
          ],
          [
            28.0832553,
            -26.0958623
          ],
          [
            28.0854912,
            -26.0935894
          ],
          [
            28.086415,
            -26.0927614
          ],
          [
            28.0872734,
            -26.0921523
          ],
          [
            28.0879693,
            -26.0917065
          ],
          [
            28.0888501,
            -26.0912213
          ],
          [
            28.0897298,
            -26.090812
          ],
          [
            28.090546,
            -26.0904931
          ],
          [
            28.0913198,
            -26.0902313
          ],
          [
            28.0949834,
            -26.0891343
          ],
          [
            28.0956662,
            -26.0889006
          ],
          [
            28.0961797,
            -26.088708
          ],
          [
            28.0970967,
            -26.0883081
          ],
          [
            28.0979419,
            -26.0879154
          ],
          [
            28.0987586,
            -26.0875044
          ],
          [
            28.0996187,
            -26.0870298
          ]
        ]
      }
    },
    {
      "type": "Feature",
      "properties": {
        "id": "way/194557912",
        "name": "Gautrain",
        "network": "Gautrain"
      },
      "geometry": {
        "type": "LineString",
        "coordinates": [
          [
            28.192979,
            -25.7628311
          ],
          [
            28.1930974,
            -25.7629915
          ],
          [
            28.1931805,
            -25.7631132
          ],
          [
            28.1932601,
            -25.7632453
          ],
          [
            28.1933494,
            -25.7634057
          ],
          [
            28.1933883,
            -25.7635072
          ],
          [
            28.1934496,
            -25.7637013
          ],
          [
            28.1934942,
            -25.7639239
          ],
          [
            28.1935264,
            -25.7641594
          ],
          [
            28.1935264,
            -25.7645229
          ],
          [
            28.1934446,
            -25.7652886
          ],
          [
            28.1933525,
            -25.7661485
          ]
        ]
      }
    },
    {
      "type": "Feature",
      "properties": {
        "id": "way/242293592",
        "name": "Unnamed",
        "network": "Gautrain"
      },
      "geometry": {
        "type": "LineString",
        "coordinates": [
          [
            28.1191736,
            -26.0439903
          ],
          [
            28.1191769,
            -26.0437216
          ],
          [
            28.1191979,
            -26.0434979
          ],
          [
            28.1192795,
            -26.0429866
          ]
        ]
      }
    },
    {
      "type": "Feature",
      "properties": {
        "id": "way/242293593",
        "name": "Unnamed",
        "network": "Gautrain"
      },
      "geometry": {
        "type": "LineString",
        "coordinates": [
          [
            28.1197217,
            -26.0461748
          ],
          [
            28.1196745,
            -26.0459856
          ],
          [
            28.1196329,
            -26.0458061
          ],
          [
            28.11959,
            -26.0456043
          ],
          [
            28.1195719,
            -26.045485
          ],
          [
            28.1195531,
            -26.0453458
          ],
          [
            28.1195451,
            -26.0452296
          ],
          [
            28.1195437,
            -26.0451536
          ],
          [
            28.1195457,
            -26.0448795
          ],
          [
            28.1195457,
            -26.0447422
          ],
          [
            28.1195585,
            -26.0445295
          ],
          [
            28.1195732,
            -26.0442674
          ],
          [
            28.119584,
            -26.04409
          ],
          [
            28.1196146,
            -26.043793
          ],
          [
            28.1196442,
            -26.0435536
          ],
          [
            28.1197088,
            -26.0430858
          ],
          [
            28.1197717,
            -26.0426974
          ],
          [
            28.1198068,
            -26.0424921
          ],
          [
            28.1198602,
            -26.0421678
          ],
          [
            28.1199111,
            -26.041885
          ],
          [
            28.1199802,
            -26.0415563
          ],
          [
            28.119989,
            -26.0415178
          ],
          [
            28.1200516,
            -26.0412495
          ],
          [
            28.120115,
            -26.0410002
          ],
          [
            28.1201765,
            -26.0407832
          ],
          [
            28.1202532,
            -26.0405158
          ],
          [
            28.1203215,
            -26.0403123
          ],
          [
            28.1204134,
            -26.0400917
          ],
          [
            28.1205516,
            -26.0398314
          ],
          [
            28.1207483,
            -26.0395355
          ]
        ]
      }
    },
    {
      "type": "Feature",
      "properties": {
        "id": "way/242293594",
        "name": "Unnamed",
        "network": "Gautrain"
      },
      "geometry": {
        "type": "LineString",
        "coordinates": [
          [
            28.1206025,
            -26.0395856
          ],
          [
            28.1204858,
            -26.0397338
          ],
          [
            28.1203906,
            -26.0398465
          ],
          [
            28.1202579,
            -26.0400043
          ],
          [
            28.1201868,
            -26.0400893
          ],
          [
            28.1200359,
            -26.0402971
          ],
          [
            28.1199688,
            -26.0404056
          ],
          [
            28.1198844,
            -26.040552
          ],
          [
            28.1197999,
            -26.0407394
          ],
          [
            28.1197261,
            -26.0409243
          ],
          [
            28.1196785,
            -26.0410996
          ],
          [
            28.1196383,
            -26.0413051
          ],
          [
            28.1195168,
            -26.0420379
          ],
          [
            28.119357,
            -26.0429968
          ],
          [
            28.1192768,
            -26.0435059
          ],
          [
            28.1192473,
            -26.0436794
          ],
          [
            28.1192192,
            -26.0438632
          ],
          [
            28.1191991,
            -26.0440307
          ],
          [
            28.1191944,
            -26.0443096
          ]
        ]
      }
    },
    {
      "type": "Feature",
      "properties": {
        "id": "way/242293595",
        "name": "Unnamed",
        "network": "Gautrain"
      },
      "geometry": {
        "type": "LineString",
        "coordinates": [
          [
            28.1211696,
            -26.0389175
          ],
          [
            28.1209921,
            -26.0391253
          ],
          [
            28.1208287,
            -26.0393241
          ],
          [
            28.1207621,
            -26.0394049
          ],
          [
            28.120573,
            -26.0396886
          ],
          [
            28.1204201,
            -26.0399194
          ],
          [
            28.1203195,
            -26.0400893
          ],
          [
            28.1202349,
            -26.0403021
          ],
          [
            28.1201644,
            -26.0405265
          ],
          [
            28.1200634,
            -26.0408323
          ],
          [
            28.1199556,
            -26.041245
          ],
          [
            28.1198181,
            -26.0418696
          ],
          [
            28.1196779,
            -26.0426948
          ],
          [
            28.1196114,
            -26.0430593
          ],
          [
            28.119585,
            -26.0432491
          ],
          [
            28.1195464,
            -26.043546
          ],
          [
            28.1195139,
            -26.0438077
          ],
          [
            28.1194884,
            -26.0440763
          ],
          [
            28.1194642,
            -26.0444554
          ],
          [
            28.1194451,
            -26.0450235
          ],
          [
            28.1194498,
            -26.0451826
          ],
          [
            28.1194525,
            -26.0452404
          ],
          [
            28.1194659,
            -26.045338
          ],
          [
            28.1194807,
            -26.0454254
          ],
          [
            28.1194974,
            -26.0454886
          ],
          [
            28.1195569,
            -26.0457411
          ]
        ]
      }
    },
    {
      "type": "Feature",
      "properties": {
        "id": "way/242293596",
        "name": "Unnamed",
        "network": "Gautrain"
      },
      "geometry": {
        "type": "LineString",
        "coordinates": [
          [
            28.1195122,
            -26.0456946
          ],
          [
            28.1194472,
            -26.0454657
          ],
          [
            28.119417,
            -26.045329
          ],
          [
            28.1194022,
            -26.0451916
          ],
          [
            28.1193996,
            -26.045032
          ],
          [
            28.1194036,
            -26.0448084
          ],
          [
            28.1194257,
            -26.0443723
          ],
          [
            28.1194673,
            -26.0438518
          ],
          [
            28.1194961,
            -26.0435421
          ],
          [
            28.1195429,
            -26.0432126
          ],
          [
            28.1196215,
            -26.042692
          ],
          [
            28.1196917,
            -26.0422619
          ],
          [
            28.1197667,
            -26.0418611
          ],
          [
            28.1199093,
            -26.041227
          ],
          [
            28.1200206,
            -26.0408228
          ],
          [
            28.1201177,
            -26.0404653
          ],
          [
            28.1201775,
            -26.0402838
          ],
          [
            28.120286,
            -26.040058
          ],
          [
            28.120396,
            -26.0398784
          ],
          [
            28.1206025,
            -26.0395856
          ],
          [
            28.1208287,
            -26.0393241
          ]
        ]
      }
    },
    {
      "type": "Feature",
      "properties": {
        "id": "way/242293597",
        "name": "Unnamed",
        "network": "Gautrain"
      },
      "geometry": {
        "type": "LineString",
        "coordinates": [
          [
            28.1197429,
            -26.0407261
          ],
          [
            28.1196403,
            -26.0409364
          ],
          [
            28.1195732,
            -26.0410846
          ],
          [
            28.1195182,
            -26.0412256
          ],
          [
            28.119474,
            -26.0413677
          ],
          [
            28.119427,
            -26.0415846
          ],
          [
            28.1193574,
            -26.042017
          ],
          [
            28.1192014,
            -26.0429763
          ],
          [
            28.1191588,
            -26.0432384
          ],
          [
            28.1191447,
            -26.0433878
          ],
          [
            28.1191435,
            -26.0434989
          ],
          [
            28.1191543,
            -26.0436983
          ],
          [
            28.1191736,
            -26.0439903
          ],
          [
            28.1191749,
            -26.0440379
          ],
          [
            28.1191824,
            -26.0441584
          ],
          [
            28.1191944,
            -26.0443096
          ],
          [
            28.1192011,
            -26.0444144
          ],
          [
            28.1192212,
            -26.0446169
          ]
        ]
      }
    },
    {
      "type": "Feature",
      "properties": {
        "id": "way/242668439",
        "name": "Gautrain",
        "network": "Gautrain"
      },
      "geometry": {
        "type": "LineString",
        "coordinates": [
          [
            28.2139669,
            -25.7600594
          ],
          [
            28.2133372,
            -25.7603028
          ],
          [
            28.2127104,
            -25.7605424
          ],
          [
            28.2122282,
            -25.7607234
          ],
          [
            28.2119921,
            -25.7607763
          ],
          [
            28.2118006,
            -25.7608029
          ],
          [
            28.211433,
            -25.7608305
          ],
          [
            28.2109232,
            -25.7608128
          ],
          [
            28.2090738,
            -25.7605734
          ],
          [
            28.2071792,
            -25.7603206
          ],
          [
            28.2052406,
            -25.7600607
          ],
          [
            28.2037584,
            -25.7598535
          ],
          [
            28.2032581,
            -25.7597907
          ],
          [
            28.2029571,
            -25.7597654
          ],
          [
            28.2027532,
            -25.7597551
          ],
          [
            28.2025849,
            -25.7597569
          ],
          [
            28.2024086,
            -25.759769
          ],
          [
            28.2022154,
            -25.7597907
          ],
          [
            28.2020552,
            -25.7598185
          ],
          [
            28.2018835,
            -25.7598559
          ],
          [
            28.2017199,
            -25.7599037
          ],
          [
            28.2015918,
            -25.7599435
          ],
          [
            28.2014242,
            -25.7600075
          ],
          [
            28.2013129,
            -25.7600558
          ],
          [
            28.2011895,
            -25.760115
          ],
          [
            28.201097,
            -25.7601682
          ],
          [
            28.2009602,
            -25.7602473
          ],
          [
            28.2007845,
            -25.7603638
          ],
          [
            28.2005042,
            -25.7605734
          ],
          [
            28.2002291,
            -25.7607885
          ],
          [
            28.1998994,
            -25.7610535
          ]
        ]
      }
    },
    {
      "type": "Feature",
      "properties": {
        "id": "way/242668440",
        "name": "Gautrain",
        "network": "Gautrain"
      },
      "geometry": {
        "type": "LineString",
        "coordinates": [
          [
            28.2151064,
            -25.7598184
          ],
          [
            28.2149009,
            -25.7598197
          ],
          [
            28.2146976,
            -25.7598412
          ],
          [
            28.2143388,
            -25.7599271
          ],
          [
            28.2139669,
            -25.7600594
          ]
        ]
      }
    },
    {
      "type": "Feature",
      "properties": {
        "id": "way/258987060",
        "name": "Unnamed",
        "network": "Gautrain"
      },
      "geometry": {
        "type": "LineString",
        "coordinates": [
          [
            28.1196385,
            -26.0460315
          ],
          [
            28.1195632,
            -26.0457663
          ],
          [
            28.1195569,
            -26.0457411
          ],
          [
            28.1195202,
            -26.0455055
          ],
          [
            28.1195062,
            -26.0453609
          ],
          [
            28.1194954,
            -26.045235
          ],
          [
            28.1194901,
            -26.0451
          ],
          [
            28.1194921,
            -26.044909
          ],
          [
            28.1194974,
            -26.0446681
          ],
          [
            28.1195149,
            -26.0443301
          ],
          [
            28.1195343,
            -26.0440698
          ],
          [
            28.1195578,
            -26.0438144
          ],
          [
            28.1195902,
            -26.0435494
          ],
          [
            28.1196251,
            -26.0433369
          ],
          [
            28.1196597,
            -26.0430727
          ],
          [
            28.119722,
            -26.0426969
          ],
          [
            28.1197557,
            -26.0424974
          ],
          [
            28.1198636,
            -26.0418771
          ],
          [
            28.119997,
            -26.0412641
          ],
          [
            28.1201043,
            -26.0408496
          ],
          [
            28.1202035,
            -26.0405297
          ],
          [
            28.1202565,
            -26.0403592
          ],
          [
            28.1202961,
            -26.0402507
          ],
          [
            28.1203591,
            -26.0401001
          ],
          [
            28.1204316,
            -26.0399537
          ],
          [
            28.120573,
            -26.0396886
          ]
        ]
      }
    },
    {
      "type": "Feature",
      "properties": {
        "id": "way/258987061",
        "name": "Unnamed",
        "network": "Gautrain"
      },
      "geometry": {
        "type": "LineString",
        "coordinates": [
          [
            28.1204544,
            -26.0495865
          ],
          [
            28.1204054,
            -26.0492635
          ],
          [
            28.120326,
            -26.0488807
          ],
          [
            28.1202813,
            -26.0486515
          ],
          [
            28.1202203,
            -26.0483442
          ],
          [
            28.1201921,
            -26.048196
          ],
          [
            28.1201586,
            -26.0479062
          ],
          [
            28.1201202,
            -26.0475143
          ],
          [
            28.120107,
            -26.0474014
          ],
          [
            28.1200784,
            -26.0472598
          ],
          [
            28.1200412,
            -26.0471339
          ],
          [
            28.1199857,
            -26.0469689
          ],
          [
            28.1198714,
            -26.046662
          ],
          [
            28.1198287,
            -26.0465399
          ],
          [
            28.1198112,
            -26.0464956
          ],
          [
            28.1196721,
            -26.0461294
          ],
          [
            28.1196385,
            -26.0460315
          ],
          [
            28.1195122,
            -26.0456946
          ],
          [
            28.1193687,
            -26.0453133
          ],
          [
            28.1193419,
            -26.0452121
          ],
          [
            28.1193164,
            -26.0451103
          ],
          [
            28.1192896,
            -26.0449681
          ],
          [
            28.1192701,
            -26.0448042
          ],
          [
            28.1192554,
            -26.0445928
          ],
          [
            28.11925,
            -26.0444066
          ]
        ]
      }
    },
    {
      "type": "Feature",
      "properties": {
        "id": "way/258987063",
        "name": "Gautrain",
        "network": "Gautrain"
      },
      "geometry": {
        "type": "LineString",
        "coordinates": [
          [
            28.1198112,
            -26.0464956
          ],
          [
            28.1197388,
            -26.0462447
          ],
          [
            28.1197217,
            -26.0461748
          ],
          [
            28.1196899,
            -26.0459832
          ],
          [
            28.1196664,
            -26.0457899
          ],
          [
            28.119651,
            -26.0456284
          ],
          [
            28.1196423,
            -26.0455549
          ],
          [
            28.1196416,
            -26.0454603
          ],
          [
            28.119655,
            -26.0448964
          ],
          [
            28.1196624,
            -26.0447108
          ],
          [
            28.1196651,
            -26.0445476
          ],
          [
            28.1196852,
            -26.0442433
          ],
          [
            28.1197194,
            -26.0438571
          ],
          [
            28.1197556,
            -26.0435625
          ],
          [
            28.1197952,
            -26.0432517
          ],
          [
            28.1198274,
            -26.0430577
          ],
          [
            28.1198924,
            -26.0426727
          ],
          [
            28.1199367,
            -26.0423938
          ],
          [
            28.1200148,
            -26.0419022
          ],
          [
            28.1200621,
            -26.0416232
          ],
          [
            28.120113,
            -26.0413756
          ],
          [
            28.1201385,
            -26.0412491
          ],
          [
            28.1202096,
            -26.0409569
          ],
          [
            28.1202525,
            -26.0407821
          ],
          [
            28.12032,
            -26.0405652
          ],
          [
            28.1203759,
            -26.0403718
          ],
          [
            28.1204094,
            -26.0402658
          ],
          [
            28.1204811,
            -26.0400616
          ],
          [
            28.1205911,
            -26.039829
          ],
          [
            28.1206629,
            -26.0396886
          ],
          [
            28.1207483,
            -26.0395355
          ],
          [
            28.1208652,
            -26.039366
          ],
          [
            28.1210069,
            -26.039141
          ],
          [
            28.1210993,
            -26.0390138
          ],
          [
            28.1211696,
            -26.0389175
          ],
          [
            28.1212419,
            -26.0388229
          ],
          [
            28.1215142,
            -26.0385085
          ],
          [
            28.1217887,
            -26.0381806
          ],
          [
            28.1219979,
            -26.0379288
          ],
          [
            28.1221341,
            -26.0377384
          ],
          [
            28.1222125,
            -26.0376203
          ],
          [
            28.1222816,
            -26.0375106
          ],
          [
            28.1223949,
            -26.0372967
          ],
          [
            28.1224523,
            -26.0371835
          ],
          [
            28.1227273,
            -26.0366749
          ],
          [
            28.1229006,
            -26.0363382
          ]
        ]
      }
    },
    {
      "type": "Feature",
      "properties": {
        "id": "way/258987064",
        "name": "Unnamed",
        "network": "Gautrain"
      },
      "geometry": {
        "type": "LineString",
        "coordinates": [
          [
            28.1199857,
            -26.0469689
          ],
          [
            28.1198881,
            -26.046768
          ],
          [
            28.1198455,
            -26.0466737
          ],
          [
            28.1197623,
            -26.046517
          ],
          [
            28.1195632,
            -26.0461212
          ],
          [
            28.119478,
            -26.0459579
          ],
          [
            28.1194063,
            -26.0457971
          ],
          [
            28.1192862,
            -26.0454615
          ],
          [
            28.1192373,
            -26.0453308
          ],
          [
            28.1191997,
            -26.0451958
          ],
          [
            28.1191555,
            -26.0449868
          ],
          [
            28.1191045,
            -26.0447157
          ],
          [
            28.1189912,
            -26.0440915
          ],
          [
            28.118967,
            -26.04393
          ]
        ]
      }
    },
    {
      "type": "Feature",
      "properties": {
        "id": "way/258987065",
        "name": "Unnamed",
        "network": "Gautrain"
      },
      "geometry": {
        "type": "LineString",
        "coordinates": [
          [
            28.1197623,
            -26.046517
          ],
          [
            28.119657,
            -26.0462585
          ],
          [
            28.1195424,
            -26.0459507
          ],
          [
            28.1194398,
            -26.0456669
          ],
          [
            28.1193224,
            -26.0453518
          ],
          [
            28.1192876,
            -26.0452398
          ],
          [
            28.1192547,
            -26.0451097
          ],
          [
            28.1192172,
            -26.0449024
          ],
          [
            28.1191729,
            -26.0446759
          ],
          [
            28.1190965,
            -26.0442716
          ],
          [
            28.1190374,
            -26.0439349
          ],
          [
            28.1190153,
            -26.0438011
          ],
          [
            28.11901,
            -26.0436704
          ],
          [
            28.1190126,
            -26.0435818
          ],
          [
            28.1190234,
            -26.0434987
          ],
          [
            28.1190341,
            -26.0434065
          ],
          [
            28.119071,
            -26.0431884
          ],
          [
            28.1191085,
            -26.0429641
          ]
        ]
      }
    },
    {
      "type": "Feature",
      "properties": {
        "id": "way/277922785",
        "name": "Gautrain",
        "network": "Gautrain"
      },
      "geometry": {
        "type": "LineString",
        "coordinates": [
          [
            28.2245859,
            -26.1272714
          ],
          [
            28.2246159,
            -26.1273249
          ],
          [
            28.2250209,
            -26.128032
          ],
          [
            28.2252958,
            -26.1285228
          ],
          [
            28.225379,
            -26.1286713
          ],
          [
            28.2255681,
            -26.1290072
          ],
          [
            28.2257545,
            -26.1293456
          ],
          [
            28.226075,
            -26.1299271
          ],
          [
            28.2263003,
            -26.1303233
          ],
          [
            28.2264492,
            -26.1305388
          ],
          [
            28.2265846,
            -26.1307037
          ],
          [
            28.2267831,
            -26.1308976
          ],
          [
            28.2269723,
            -26.1310493
          ],
          [
            28.2270936,
            -26.1311305
          ],
          [
            28.2272183,
            -26.1312046
          ],
          [
            28.2273477,
            -26.131269
          ],
          [
            28.2274644,
            -26.1313214
          ],
          [
            28.2276139,
            -26.1313762
          ],
          [
            28.2278151,
            -26.131437
          ],
          [
            28.2281215,
            -26.1315128
          ],
          [
            28.2292938,
            -26.1317647
          ],
          [
            28.2295116,
            -26.1318115
          ],
          [
            28.2309258,
            -26.1321172
          ],
          [
            28.2312289,
            -26.1321811
          ]
        ]
      }
    },
    {
      "type": "Feature",
      "properties": {
        "id": "way/410897251",
        "name": "Gautrain",
        "network": "Gautrain"
      },
      "geometry": {
        "type": "LineString",
        "coordinates": [
          [
            28.1182854,
            -26.0807981
          ],
          [
            28.1179471,
            -26.0810821
          ]
        ]
      }
    },
    {
      "type": "Feature",
      "properties": {
        "id": "way/410897252",
        "name": "Gautrain",
        "network": "Gautrain"
      },
      "geometry": {
        "type": "LineString",
        "coordinates": [
          [
            28.1186315,
            -26.0804751
          ],
          [
            28.1182854,
            -26.0807981
          ]
        ]
      }
    },
    {
      "type": "Feature",
      "properties": {
        "id": "way/427825937",
        "name": "Gautrain",
        "network": "Gautrain"
      },
      "geometry": {
        "type": "LineString",
        "coordinates": [
          [
            28.1612836,
            -25.9086613
          ],
          [
            28.1609966,
            -25.9096614
          ],
          [
            28.1608517,
            -25.9101813
          ],
          [
            28.1607188,
            -25.9107258
          ],
          [
            28.1604642,
            -25.9114527
          ],
          [
            28.1601735,
            -25.9122335
          ],
          [
            28.1599009,
            -25.9128954
          ],
          [
            28.1596261,
            -25.91353
          ],
          [
            28.1589545,
            -25.9148336
          ],
          [
            28.1585115,
            -25.9156433
          ],
          [
            28.1580666,
            -25.9163745
          ],
          [
            28.1571247,
            -25.9178956
          ],
          [
            28.1562008,
            -25.9194079
          ],
          [
            28.155183,
            -25.921
          ],
          [
            28.1545231,
            -25.9220289
          ],
          [
            28.1536487,
            -25.923375
          ],
          [
            28.1521644,
            -25.9256758
          ]
        ]
      }
    },
    {
      "type": "Feature",
      "properties": {
        "id": "way/427825938",
        "name": "Gautrain",
        "network": "Gautrain"
      },
      "geometry": {
        "type": "LineString",
        "coordinates": [
          [
            28.1621972,
            -25.9052331
          ],
          [
            28.1618884,
            -25.9064026
          ]
        ]
      }
    },
    {
      "type": "Feature",
      "properties": {
        "id": "way/536994744",
        "name": "Gautrain",
        "network": "Gautrain"
      },
      "geometry": {
        "type": "LineString",
        "coordinates": [
          [
            28.1580238,
            -26.0968398
          ],
          [
            28.1569813,
            -26.0963368
          ],
          [
            28.1558571,
            -26.0958023
          ],
          [
            28.155195,
            -26.0954841
          ],
          [
            28.1545389,
            -26.0951648
          ],
          [
            28.1539612,
            -26.094859
          ],
          [
            28.1533853,
            -26.094545
          ],
          [
            28.1531452,
            -26.0944158
          ]
        ]
      }
    },
    {
      "type": "Feature",
      "properties": {
        "id": "way/536994745",
        "name": "Gautrain",
        "network": "Gautrain"
      },
      "geometry": {
        "type": "LineString",
        "coordinates": [
          [
            28.1586196,
            -26.0971186
          ],
          [
            28.1580238,
            -26.0968398
          ]
        ]
      }
    },
    {
      "type": "Feature",
      "properties": {
        "id": "way/537266054",
        "name": "Gautrain",
        "network": "Gautrain"
      },
      "geometry": {
        "type": "LineString",
        "coordinates": [
          [
            28.192814,
            -25.762432
          ],
          [
            28.1930997,
            -25.762764
          ]
        ]
      }
    },
    {
      "type": "Feature",
      "properties": {
        "id": "way/537266055",
        "name": "Gautrain",
        "network": "Gautrain"
      },
      "geometry": {
        "type": "LineString",
        "coordinates": [
          [
            28.1910128,
            -25.7603436
          ],
          [
            28.1912884,
            -25.7606688
          ],
          [
            28.1913605,
            -25.7607437
          ],
          [
            28.1914407,
            -25.7608361
          ],
          [
            28.1915986,
            -25.761007
          ],
          [
            28.1918467,
            -25.7612975
          ]
        ]
      }
    },
    {
      "type": "Feature",
      "properties": {
        "id": "way/537266056",
        "name": "Gautrain",
        "network": "Gautrain"
      },
      "geometry": {
        "type": "LineString",
        "coordinates": [
          [
            28.1918467,
            -25.7612975
          ],
          [
            28.1921189,
            -25.7616478
          ],
          [
            28.1922763,
            -25.7618502
          ]
        ]
      }
    },
    {
      "type": "Feature",
      "properties": {
        "id": "way/537266825",
        "name": "Gautrain",
        "network": "Gautrain"
      },
      "geometry": {
        "type": "LineString",
        "coordinates": [
          [
            28.1922763,
            -25.7618502
          ],
          [
            28.1927432,
            -25.762521
          ]
        ]
      }
    },
    {
      "type": "Feature",
      "properties": {
        "id": "way/537266827",
        "name": "Gautrain",
        "network": "Gautrain"
      },
      "geometry": {
        "type": "LineString",
        "coordinates": [
          [
            28.1930467,
            -25.7627968
          ],
          [
            28.1932142,
            -25.7629726
          ],
          [
            28.1933286,
            -25.7630785
          ],
          [
            28.1934922,
            -25.7632421
          ],
          [
            28.1936169,
            -25.7633501
          ],
          [
            28.1937195,
            -25.7634293
          ],
          [
            28.1938724,
            -25.7635295
          ],
          [
            28.1940199,
            -25.7636195
          ],
          [
            28.1942084,
            -25.7637101
          ],
          [
            28.194374,
            -25.7637837
          ],
          [
            28.1945269,
            -25.7638435
          ],
          [
            28.194669,
            -25.7638852
          ],
          [
            28.1948782,
            -25.7639208
          ],
          [
            28.1950285,
            -25.7639408
          ],
          [
            28.1951686,
            -25.7639492
          ],
          [
            28.1952967,
            -25.7639528
          ],
          [
            28.195467,
            -25.7639486
          ],
          [
            28.1956427,
            -25.7639341
          ],
          [
            28.1958526,
            -25.7639051
          ],
          [
            28.1960202,
            -25.7638677
          ],
          [
            28.1962435,
            -25.7637994
          ],
          [
            28.1964762,
            -25.763708
          ],
          [
            28.1966096,
            -25.7636467
          ],
          [
            28.1967648,
            -25.7635612
          ],
          [
            28.196969,
            -25.7634305
          ]
        ]
      }
    },
    {
      "type": "Feature",
      "properties": {
        "id": "way/537267722",
        "name": "Gautrain",
        "network": "Gautrain"
      },
      "geometry": {
        "type": "LineString",
        "coordinates": [
          [
            28.1999296,
            -25.7610849
          ],
          [
            28.2002575,
            -25.760821
          ],
          [
            28.2005136,
            -25.7606151
          ],
          [
            28.2007932,
            -25.7604115
          ],
          [
            28.2009555,
            -25.7602998
          ],
          [
            28.201054,
            -25.7602394
          ],
          [
            28.2012042,
            -25.7601537
          ],
          [
            28.2013544,
            -25.7600848
          ],
          [
            28.201502,
            -25.7600196
          ],
          [
            28.2016743,
            -25.7599592
          ],
          [
            28.2018258,
            -25.7599145
          ],
          [
            28.2019693,
            -25.7598771
          ],
          [
            28.2021423,
            -25.7598445
          ],
          [
            28.2022744,
            -25.7598251
          ],
          [
            28.2024146,
            -25.7598094
          ],
          [
            28.2025742,
            -25.7598016
          ],
          [
            28.2027532,
            -25.7597992
          ],
          [
            28.2029584,
            -25.7598058
          ],
          [
            28.2032474,
            -25.7598348
          ],
          [
            28.2037644,
            -25.7598976
          ],
          [
            28.2052436,
            -25.7601048
          ],
          [
            28.2071829,
            -25.7603608
          ],
          [
            28.2090792,
            -25.7606096
          ],
          [
            28.2109219,
            -25.7608464
          ],
          [
            28.211453,
            -25.7608633
          ],
          [
            28.2118097,
            -25.7608391
          ],
          [
            28.2120216,
            -25.7608101
          ],
          [
            28.2122469,
            -25.7607522
          ],
          [
            28.2127216,
            -25.7605758
          ],
          [
            28.2133573,
            -25.7603294
          ],
          [
            28.2139769,
            -25.7600999
          ]
        ]
      }
    },
    {
      "type": "Feature",
      "properties": {
        "id": "way/537268862",
        "name": "Gautrain",
        "network": "Gautrain"
      },
      "geometry": {
        "type": "LineString",
        "coordinates": [
          [
            28.1929605,
            -25.7700942
          ],
          [
            28.1929497,
            -25.7708189
          ],
          [
            28.1930101,
            -25.7723914
          ],
          [
            28.1930088,
            -25.7726305
          ],
          [
            28.1930067,
            -25.7728605
          ],
          [
            28.192996,
            -25.7730942
          ],
          [
            28.1929846,
            -25.7733177
          ],
          [
            28.1929685,
            -25.7734898
          ],
          [
            28.192933,
            -25.7737724
          ],
          [
            28.1929155,
            -25.7739275
          ],
          [
            28.1928699,
            -25.7741981
          ],
          [
            28.192825,
            -25.7744215
          ],
          [
            28.1927593,
            -25.7747192
          ]
        ]
      }
    },
    {
      "type": "Feature",
      "properties": {
        "id": "way/537268864",
        "name": "Gautrain",
        "network": "Gautrain"
      },
      "geometry": {
        "type": "LineString",
        "coordinates": [
          [
            28.1926273,
            -25.7623082
          ],
          [
            28.1928096,
            -25.7625421
          ],
          [
            28.1930143,
            -25.7628133
          ]
        ]
      }
    },
    {
      "type": "Feature",
      "properties": {
        "id": "way/537274084",
        "name": "Gautrain",
        "network": "Gautrain"
      },
      "geometry": {
        "type": "LineString",
        "coordinates": [
          [
            28.2318525,
            -25.7498674
          ],
          [
            28.232574,
            -25.7496333
          ],
          [
            28.2339864,
            -25.749175
          ],
          [
            28.2341961,
            -25.749107
          ],
          [
            28.2348465,
            -25.7488775
          ],
          [
            28.2354842,
            -25.7486431
          ],
          [
            28.2359831,
            -25.7484716
          ],
          [
            28.2364806,
            -25.7483049
          ],
          [
            28.2370773,
            -25.7481025
          ]
        ]
      }
    },
    {
      "type": "Feature",
      "properties": {
        "id": "way/537274776",
        "name": "Gautrain",
        "network": "Gautrain"
      },
      "geometry": {
        "type": "LineString",
        "coordinates": [
          [
            28.2247749,
            -25.7557504
          ],
          [
            28.2254139,
            -25.7550245
          ],
          [
            28.2256123,
            -25.7548216
          ],
          [
            28.2264492,
            -25.7538891
          ],
          [
            28.2266074,
            -25.7537224
          ],
          [
            28.2271063,
            -25.7531765
          ],
          [
            28.227337,
            -25.7529228
          ],
          [
            28.2283106,
            -25.7518478
          ],
          [
            28.2286325,
            -25.7515023
          ],
          [
            28.2289624,
            -25.7512052
          ],
          [
            28.2293674,
            -25.7508911
          ],
          [
            28.2297537,
            -25.7506592
          ],
          [
            28.2299763,
            -25.750548
          ],
          [
            28.230207,
            -25.7504466
          ],
          [
            28.2305986,
            -25.7502895
          ],
          [
            28.2318525,
            -25.7498674
          ]
        ]
      }
    },
    {
      "type": "Feature",
      "properties": {
        "id": "way/537276025",
        "name": "Gautrain",
        "network": "Gautrain"
      },
      "geometry": {
        "type": "LineString",
        "coordinates": [
          [
            28.2151329,
            -25.7598487
          ],
          [
            28.215428,
            -25.7598632
          ],
          [
            28.2163346,
            -25.7599936
          ],
          [
            28.2173136,
            -25.7601048
          ],
          [
            28.2180002,
            -25.7601966
          ],
          [
            28.2186574,
            -25.7602642
          ],
          [
            28.2190463,
            -25.7602497
          ],
          [
            28.2194835,
            -25.7601796
          ]
        ]
      }
    },
    {
      "type": "Feature",
      "properties": {
        "id": "way/537276026",
        "name": "Gautrain",
        "network": "Gautrain"
      },
      "geometry": {
        "type": "LineString",
        "coordinates": [
          [
            28.2139769,
            -25.7600999
          ],
          [
            28.2143605,
            -25.7599598
          ],
          [
            28.2147092,
            -25.7598753
          ],
          [
            28.214913,
            -25.7598535
          ],
          [
            28.2151329,
            -25.7598487
          ]
        ]
      }
    },
    {
      "type": "Feature",
      "properties": {
        "id": "way/537276027",
        "name": "Gautrain",
        "network": "Gautrain"
      },
      "geometry": {
        "type": "LineString",
        "coordinates": [
          [
            28.2199877,
            -25.7600661
          ],
          [
            28.2201728,
            -25.7600057
          ]
        ]
      }
    },
    {
      "type": "Feature",
      "properties": {
        "id": "way/537276028",
        "name": "Gautrain",
        "network": "Gautrain"
      },
      "geometry": {
        "type": "LineString",
        "coordinates": [
          [
            28.2196218,
            -25.760153
          ],
          [
            28.2197598,
            -25.7601265
          ],
          [
            28.2199877,
            -25.7600661
          ]
        ]
      }
    },
    {
      "type": "Feature",
      "properties": {
        "id": "way/537276029",
        "name": "Gautrain",
        "network": "Gautrain"
      },
      "geometry": {
        "type": "LineString",
        "coordinates": [
          [
            28.2194835,
            -25.7601796
          ],
          [
            28.2196218,
            -25.760153
          ]
        ]
      }
    },
    {
      "type": "Feature",
      "properties": {
        "id": "way/537276030",
        "name": "Gautrain",
        "network": "Gautrain"
      },
      "geometry": {
        "type": "LineString",
        "coordinates": [
          [
            28.2244409,
            -25.7561044
          ],
          [
            28.2247749,
            -25.7557504
          ]
        ]
      }
    },
    {
      "type": "Feature",
      "properties": {
        "id": "way/537276031",
        "name": "Gautrain",
        "network": "Gautrain"
      },
      "geometry": {
        "type": "LineString",
        "coordinates": [
          [
            28.2201728,
            -25.7600057
          ],
          [
            28.2205617,
            -25.7598704
          ],
          [
            28.2208809,
            -25.7597086
          ],
          [
            28.2211357,
            -25.759554
          ],
          [
            28.2214174,
            -25.7593607
          ],
          [
            28.2217902,
            -25.7590225
          ],
          [
            28.2221523,
            -25.7586481
          ],
          [
            28.2244409,
            -25.7561044
          ]
        ]
      }
    },
    {
      "type": "Feature",
      "properties": {
        "id": "way/539423297",
        "name": "Gautrain",
        "network": "Gautrain"
      },
      "geometry": {
        "type": "LineString",
        "coordinates": [
          [
            28.1929692,
            -25.7698605
          ],
          [
            28.1929605,
            -25.7700942
          ]
        ]
      }
    },
    {
      "type": "Feature",
      "properties": {
        "id": "way/539423298",
        "name": "Gautrain",
        "network": "Gautrain"
      },
      "geometry": {
        "type": "LineString",
        "coordinates": [
          [
            28.1933525,
            -25.7661485
          ],
          [
            28.1933333,
            -25.7663273
          ],
          [
            28.1932206,
            -25.7673098
          ],
          [
            28.1931449,
            -25.7679397
          ],
          [
            28.1930678,
            -25.7685991
          ],
          [
            28.1929953,
            -25.7693926
          ],
          [
            28.1929692,
            -25.7698605
          ]
        ]
      }
    },
    {
      "type": "Feature",
      "properties": {
        "id": "way/539423299",
        "name": "Gautrain",
        "network": "Gautrain"
      },
      "geometry": {
        "type": "LineString",
        "coordinates": [
          [
            28.1920479,
            -25.7769026
          ],
          [
            28.1914088,
            -25.7787461
          ],
          [
            28.1907872,
            -25.7803529
          ]
        ]
      }
    },
    {
      "type": "Feature",
      "properties": {
        "id": "way/539423300",
        "name": "Gautrain",
        "network": "Gautrain"
      },
      "geometry": {
        "type": "LineString",
        "coordinates": [
          [
            28.1927593,
            -25.7747192
          ],
          [
            28.1920479,
            -25.7769026
          ]
        ]
      }
    },
    {
      "type": "Feature",
      "properties": {
        "id": "way/539425914",
        "name": "Gautrain",
        "network": "Gautrain"
      },
      "geometry": {
        "type": "LineString",
        "coordinates": [
          [
            28.1892242,
            -25.7846779
          ],
          [
            28.1891021,
            -25.785022
          ],
          [
            28.1889921,
            -25.7853167
          ],
          [
            28.1888956,
            -25.7855594
          ],
          [
            28.18874,
            -25.7859241
          ],
          [
            28.1883632,
            -25.7866752
          ],
          [
            28.1881633,
            -25.7870532
          ],
          [
            28.1879407,
            -25.7873985
          ],
          [
            28.1877235,
            -25.7877137
          ],
          [
            28.1874418,
            -25.7881086
          ],
          [
            28.1871334,
            -25.7884974
          ],
          [
            28.186554,
            -25.7891301
          ],
          [
            28.186259,
            -25.7894151
          ],
          [
            28.1858164,
            -25.7898172
          ],
          [
            28.1851003,
            -25.7904198
          ],
          [
            28.1849152,
            -25.7905743
          ],
          [
            28.184777,
            -25.7906842
          ],
          [
            28.1845021,
            -25.7908847
          ],
          [
            28.1839523,
            -25.7913158
          ],
          [
            28.1834359,
            -25.7917239
          ],
          [
            28.182984,
            -25.7921091
          ],
          [
            28.1827573,
            -25.7923156
          ],
          [
            28.182347,
            -25.7927406
          ],
          [
            28.1821391,
            -25.792964
          ],
          [
            28.1819299,
            -25.7932067
          ],
          [
            28.1816134,
            -25.7936015
          ],
          [
            28.1813505,
            -25.7939614
          ],
          [
            28.1810796,
            -25.7943635
          ],
          [
            28.1809227,
            -25.7946219
          ],
          [
            28.1806827,
            -25.795065
          ],
          [
            28.1804627,
            -25.7954985
          ],
          [
            28.1802548,
            -25.7959585
          ],
          [
            28.1800604,
            -25.79645
          ],
          [
            28.1799075,
            -25.7969281
          ],
          [
            28.1798163,
            -25.7972541
          ],
          [
            28.1797519,
            -25.7975403
          ],
          [
            28.1796393,
            -25.7981778
          ],
          [
            28.1795561,
            -25.7989554
          ],
          [
            28.1795467,
            -25.7991426
          ]
        ]
      }
    },
    {
      "type": "Feature",
      "properties": {
        "id": "way/539425915",
        "name": "Gautrain",
        "network": "Gautrain"
      },
      "geometry": {
        "type": "LineString",
        "coordinates": [
          [
            28.18931,
            -25.7844315
          ],
          [
            28.1892242,
            -25.7846779
          ]
        ]
      }
    },
    {
      "type": "Feature",
      "properties": {
        "id": "way/539425916",
        "name": "Gautrain",
        "network": "Gautrain"
      },
      "geometry": {
        "type": "LineString",
        "coordinates": [
          [
            28.1893931,
            -25.7842009
          ],
          [
            28.18931,
            -25.7844315
          ]
        ]
      }
    },
    {
      "type": "Feature",
      "properties": {
        "id": "way/539425917",
        "name": "Gautrain",
        "network": "Gautrain"
      },
      "geometry": {
        "type": "LineString",
        "coordinates": [
          [
            28.1894763,
            -25.7839727
          ],
          [
            28.1893931,
            -25.7842009
          ]
        ]
      }
    },
    {
      "type": "Feature",
      "properties": {
        "id": "way/539425918",
        "name": "Gautrain",
        "network": "Gautrain"
      },
      "geometry": {
        "type": "LineString",
        "coordinates": [
          [
            28.1898853,
            -25.7827796
          ],
          [
            28.1894763,
            -25.7839727
          ]
        ]
      }
    },
    {
      "type": "Feature",
      "properties": {
        "id": "way/539425919",
        "name": "Gautrain",
        "network": "Gautrain"
      },
      "geometry": {
        "type": "LineString",
        "coordinates": [
          [
            28.1903212,
            -25.7815683
          ],
          [
            28.1898853,
            -25.7827796
          ]
        ]
      }
    },
    {
      "type": "Feature",
      "properties": {
        "id": "way/539429407",
        "name": "Gautrain",
        "network": "Gautrain"
      },
      "geometry": {
        "type": "LineString",
        "coordinates": [
          [
            28.1795729,
            -25.7994788
          ],
          [
            28.179595,
            -25.7991426
          ]
        ]
      }
    },
    {
      "type": "Feature",
      "properties": {
        "id": "way/539429408",
        "name": "Gautrain",
        "network": "Gautrain"
      },
      "geometry": {
        "type": "LineString",
        "coordinates": [
          [
            28.1795729,
            -25.7994788
          ],
          [
            28.1795655,
            -25.7997125
          ],
          [
            28.1795662,
            -25.8000542
          ],
          [
            28.1796151,
            -25.8018907
          ],
          [
            28.1796362,
            -25.8027178
          ],
          [
            28.1796849,
            -25.8043392
          ],
          [
            28.1797171,
            -25.8054935
          ],
          [
            28.1797293,
            -25.8060574
          ],
          [
            28.1797492,
            -25.8070486
          ],
          [
            28.1797803,
            -25.8080517
          ],
          [
            28.1798002,
            -25.8091904
          ]
        ]
      }
    },
    {
      "type": "Feature",
      "properties": {
        "id": "way/539430416",
        "name": "Gautrain",
        "network": "Gautrain"
      },
      "geometry": {
        "type": "LineString",
        "coordinates": [
          [
            28.1798244,
            -25.8097869
          ],
          [
            28.1798844,
            -25.8118035
          ]
        ]
      }
    },
    {
      "type": "Feature",
      "properties": {
        "id": "way/539430417",
        "name": "Gautrain",
        "network": "Gautrain"
      },
      "geometry": {
        "type": "LineString",
        "coordinates": [
          [
            28.1798002,
            -25.8091904
          ],
          [
            28.1798244,
            -25.8097869
          ]
        ]
      }
    },
    {
      "type": "Feature",
      "properties": {
        "id": "way/539434570",
        "name": "Gautrain",
        "network": "Gautrain"
      },
      "geometry": {
        "type": "LineString",
        "coordinates": [
          [
            28.1800027,
            -25.8180132
          ],
          [
            28.1800416,
            -25.819474
          ],
          [
            28.1800993,
            -25.8204216
          ],
          [
            28.1801824,
            -25.8212232
          ],
          [
            28.1802522,
            -25.8216747
          ]
        ]
      }
    },
    {
      "type": "Feature",
      "properties": {
        "id": "way/539434571",
        "name": "Gautrain",
        "network": "Gautrain"
      },
      "geometry": {
        "type": "LineString",
        "coordinates": [
          [
            28.1799853,
            -25.8176341
          ],
          [
            28.1800027,
            -25.8180132
          ]
        ]
      }
    },
    {
      "type": "Feature",
      "properties": {
        "id": "way/539434572",
        "name": "Gautrain",
        "network": "Gautrain"
      },
      "geometry": {
        "type": "LineString",
        "coordinates": [
          [
            28.1797761,
            -25.8097892
          ],
          [
            28.1798445,
            -25.811803
          ]
        ]
      }
    },
    {
      "type": "Feature",
      "properties": {
        "id": "way/539434573",
        "name": "Gautrain",
        "network": "Gautrain"
      },
      "geometry": {
        "type": "LineString",
        "coordinates": [
          [
            28.1797761,
            -25.8097892
          ],
          [
            28.1797533,
            -25.8091965
          ]
        ]
      }
    },
    {
      "type": "Feature",
      "properties": {
        "id": "way/539434574",
        "name": "Gautrain",
        "network": "Gautrain"
      },
      "geometry": {
        "type": "LineString",
        "coordinates": [
          [
            28.1798552,
            -25.8121097
          ],
          [
            28.1798954,
            -25.813824
          ],
          [
            28.1799115,
            -25.8147609
          ],
          [
            28.1799303,
            -25.8155987
          ],
          [
            28.1799544,
            -25.8166044
          ],
          [
            28.1799853,
            -25.8176341
          ]
        ]
      }
    },
    {
      "type": "Feature",
      "properties": {
        "id": "way/539434575",
        "name": "Gautrain",
        "network": "Gautrain"
      },
      "geometry": {
        "type": "LineString",
        "coordinates": [
          [
            28.1798445,
            -25.811803
          ],
          [
            28.1798552,
            -25.8121097
          ]
        ]
      }
    },
    {
      "type": "Feature",
      "properties": {
        "id": "way/539434576",
        "name": "Gautrain",
        "network": "Gautrain"
      },
      "geometry": {
        "type": "LineString",
        "coordinates": [
          [
            28.1795373,
            -25.799468
          ],
          [
            28.1795253,
            -25.7997064
          ],
          [
            28.1795286,
            -25.8000771
          ],
          [
            28.1795722,
            -25.8018858
          ],
          [
            28.1795937,
            -25.8027201
          ],
          [
            28.1796393,
            -25.8043429
          ],
          [
            28.1796728,
            -25.8055007
          ],
          [
            28.1796862,
            -25.806061
          ],
          [
            28.179709,
            -25.8070534
          ],
          [
            28.1797399,
            -25.8080555
          ],
          [
            28.1797533,
            -25.8091965
          ]
        ]
      }
    },
    {
      "type": "Feature",
      "properties": {
        "id": "way/539434577",
        "name": "Gautrain",
        "network": "Gautrain"
      },
      "geometry": {
        "type": "LineString",
        "coordinates": [
          [
            28.1795467,
            -25.7991426
          ],
          [
            28.1795373,
            -25.799468
          ]
        ]
      }
    },
    {
      "type": "Feature",
      "properties": {
        "id": "way/539437986",
        "name": "Gautrain",
        "network": "Gautrain"
      },
      "geometry": {
        "type": "LineString",
        "coordinates": [
          [
            28.1876001,
            -25.8697683
          ],
          [
            28.1869563,
            -25.8700904
          ],
          [
            28.1854637,
            -25.8707819
          ],
          [
            28.1839563,
            -25.8714963
          ],
          [
            28.1824999,
            -25.8722022
          ],
          [
            28.1817247,
            -25.8725714
          ],
          [
            28.1810085,
            -25.8728876
          ],
          [
            28.1801905,
            -25.8732689
          ],
          [
            28.1793778,
            -25.8736285
          ],
          [
            28.1785221,
            -25.8740158
          ],
          [
            28.1776746,
            -25.8743947
          ],
          [
            28.176823,
            -25.8747796
          ],
          [
            28.17586,
            -25.8752285
          ],
          [
            28.1755744,
            -25.8753769
          ],
          [
            28.1753048,
            -25.8755289
          ],
          [
            28.1747925,
            -25.8758318
          ],
          [
            28.1741568,
            -25.8762312
          ],
          [
            28.1738082,
            -25.8764544
          ],
          [
            28.1734903,
            -25.8766934
          ],
          [
            28.1729579,
            -25.8770795
          ],
          [
            28.1724657,
            -25.8774946
          ],
          [
            28.1720406,
            -25.877865
          ],
          [
            28.1715564,
            -25.8783271
          ],
          [
            28.1712064,
            -25.8786734
          ],
          [
            28.1708296,
            -25.8790837
          ],
          [
            28.1701764,
            -25.8798656
          ],
          [
            28.1698586,
            -25.8802758
          ],
          [
            28.1696092,
            -25.8806487
          ],
          [
            28.1693155,
            -25.8810987
          ],
          [
            28.1690741,
            -25.8815102
          ],
          [
            28.1686154,
            -25.8823524
          ],
          [
            28.1684048,
            -25.8827904
          ],
          [
            28.1682037,
            -25.8832585
          ],
          [
            28.1679636,
            -25.8838497
          ],
          [
            28.1677517,
            -25.8845073
          ],
          [
            28.1674245,
            -25.8856475
          ],
          [
            28.1670812,
            -25.8868938
          ],
          [
            28.1667486,
            -25.8881124
          ],
          [
            28.1664281,
            -25.8893624
          ],
          [
            28.1662872,
            -25.8898752
          ],
          [
            28.1661732,
            -25.8902842
          ],
          [
            28.1658863,
            -25.8913869
          ],
          [
            28.1655818,
            -25.8924703
          ],
          [
            28.1654035,
            -25.8931375
          ],
          [
            28.1652144,
            -25.8938626
          ],
          [
            28.1648254,
            -25.8952392
          ],
          [
            28.164631,
            -25.895963
          ],
          [
            28.164458,
            -25.8966471
          ],
          [
            28.1642608,
            -25.8973721
          ],
          [
            28.1640731,
            -25.8980465
          ],
          [
            28.1634267,
            -25.9004473
          ],
          [
            28.1632,
            -25.9013991
          ],
          [
            28.1629787,
            -25.9021495
          ],
          [
            28.1627709,
            -25.9029361
          ],
          [
            28.1625536,
            -25.9037214
          ],
          [
            28.162154,
            -25.9052221
          ]
        ]
      }
    },
    {
      "type": "Feature",
      "properties": {
        "id": "way/539437987",
        "name": "Gautrain",
        "network": "Gautrain"
      },
      "geometry": {
        "type": "LineString",
        "coordinates": [
          [
            28.1835204,
            -25.8345331
          ],
          [
            28.1836961,
            -25.8356955
          ],
          [
            28.1839429,
            -25.8374723
          ],
          [
            28.1841347,
            -25.8387566
          ],
          [
            28.1843305,
            -25.8400602
          ],
          [
            28.1847905,
            -25.8429569
          ],
          [
            28.1849366,
            -25.8436715
          ],
          [
            28.1850573,
            -25.8441374
          ],
          [
            28.1852049,
            -25.8446395
          ],
          [
            28.1853765,
            -25.8451609
          ],
          [
            28.1855482,
            -25.8456195
          ],
          [
            28.1857212,
            -25.846019
          ],
          [
            28.1861114,
            -25.8468337
          ],
          [
            28.1864735,
            -25.8474951
          ],
          [
            28.1869,
            -25.8481807
          ],
          [
            28.1872541,
            -25.8486827
          ],
          [
            28.1888875,
            -25.8508914
          ],
          [
            28.1891227,
            -25.851213
          ]
        ]
      }
    },
    {
      "type": "Feature",
      "properties": {
        "id": "way/539437988",
        "name": "Gautrain",
        "network": "Gautrain"
      },
      "geometry": {
        "type": "LineString",
        "coordinates": [
          [
            28.1803434,
            -25.8222373
          ],
          [
            28.1804788,
            -25.8229048
          ],
          [
            28.1806451,
            -25.8235374
          ],
          [
            28.1808262,
            -25.8241832
          ],
          [
            28.1810126,
            -25.8247518
          ],
          [
            28.1812017,
            -25.8252866
          ],
          [
            28.1813881,
            -25.8258129
          ],
          [
            28.1815691,
            -25.8263211
          ],
          [
            28.1819849,
            -25.8274824
          ],
          [
            28.1823711,
            -25.8285712
          ],
          [
            28.1825495,
            -25.8291217
          ],
          [
            28.1826983,
            -25.8296577
          ],
          [
            28.1828123,
            -25.8301127
          ],
          [
            28.1829116,
            -25.8305678
          ],
          [
            28.1830645,
            -25.8314357
          ],
          [
            28.1833032,
            -25.8329941
          ],
          [
            28.1835204,
            -25.8345331
          ]
        ]
      }
    },
    {
      "type": "Feature",
      "properties": {
        "id": "way/539437989",
        "name": "Gautrain",
        "network": "Gautrain"
      },
      "geometry": {
        "type": "LineString",
        "coordinates": [
          [
            28.1802522,
            -25.8216747
          ],
          [
            28.1803434,
            -25.8222373
          ]
        ]
      }
    },
    {
      "type": "Feature",
      "properties": {
        "id": "way/539451991",
        "name": "Gautrain",
        "network": "Gautrain"
      },
      "geometry": {
        "type": "LineString",
        "coordinates": [
          [
            28.1614042,
            -25.9082156
          ],
          [
            28.1612836,
            -25.9086613
          ]
        ]
      }
    },
    {
      "type": "Feature",
      "properties": {
        "id": "way/539451992",
        "name": "Gautrain",
        "network": "Gautrain"
      },
      "geometry": {
        "type": "LineString",
        "coordinates": [
          [
            28.1618884,
            -25.9064026
          ],
          [
            28.1616417,
            -25.9073597
          ],
          [
            28.1614042,
            -25.9082156
          ]
        ]
      }
    },
    {
      "type": "Feature",
      "properties": {
        "id": "way/539466737",
        "name": "Gautrain",
        "network": "Gautrain"
      },
      "geometry": {
        "type": "LineString",
        "coordinates": [
          [
            28.1487349,
            -25.9323099
          ],
          [
            28.1482051,
            -25.9338477
          ],
          [
            28.1479315,
            -25.9346207
          ],
          [
            28.1476741,
            -25.9353492
          ],
          [
            28.1470437,
            -25.9372053
          ],
          [
            28.1463839,
            -25.9390493
          ],
          [
            28.1455779,
            -25.9413443
          ],
          [
            28.1451488,
            -25.9425104
          ],
          [
            28.1447223,
            -25.9436947
          ],
          [
            28.1438962,
            -25.9459812
          ],
          [
            28.1434791,
            -25.9471147
          ],
          [
            28.1430915,
            -25.9481952
          ]
        ]
      }
    },
    {
      "type": "Feature",
      "properties": {
        "id": "way/539466738",
        "name": "Gautrain",
        "network": "Gautrain"
      },
      "geometry": {
        "type": "LineString",
        "coordinates": [
          [
            28.1497367,
            -25.9297024
          ],
          [
            28.1493089,
            -25.9306974
          ]
        ]
      }
    },
    {
      "type": "Feature",
      "properties": {
        "id": "way/539466739",
        "name": "Gautrain",
        "network": "Gautrain"
      },
      "geometry": {
        "type": "LineString",
        "coordinates": [
          [
            28.1518851,
            -25.9260346
          ],
          [
            28.150595,
            -25.9280802
          ],
          [
            28.1502543,
            -25.9286579
          ],
          [
            28.1499808,
            -25.9291789
          ],
          [
            28.1497367,
            -25.9297024
          ]
        ]
      }
    },
    {
      "type": "Feature",
      "properties": {
        "id": "way/539466740",
        "name": "Gautrain",
        "network": "Gautrain"
      },
      "geometry": {
        "type": "LineString",
        "coordinates": [
          [
            28.1521265,
            -25.9256643
          ],
          [
            28.1518851,
            -25.9260346
          ]
        ]
      }
    },
    {
      "type": "Feature",
      "properties": {
        "id": "way/539466741",
        "name": "Gautrain",
        "network": "Gautrain"
      },
      "geometry": {
        "type": "LineString",
        "coordinates": [
          [
            28.161246,
            -25.9086614
          ],
          [
            28.1609644,
            -25.9096553
          ],
          [
            28.1608008,
            -25.9102042
          ],
          [
            28.1606613,
            -25.9107229
          ],
          [
            28.1604186,
            -25.911466
          ],
          [
            28.1601356,
            -25.9122235
          ],
          [
            28.1598687,
            -25.9128834
          ],
          [
            28.1595817,
            -25.9135179
          ],
          [
            28.1589138,
            -25.9148315
          ],
          [
            28.158474,
            -25.9156324
          ],
          [
            28.1580207,
            -25.9163706
          ],
          [
            28.1570899,
            -25.917876
          ],
          [
            28.1561632,
            -25.9193922
          ],
          [
            28.1551413,
            -25.9209856
          ],
          [
            28.1544788,
            -25.9220181
          ],
          [
            28.1536084,
            -25.9233569
          ],
          [
            28.1521265,
            -25.9256643
          ]
        ]
      }
    },
    {
      "type": "Feature",
      "properties": {
        "id": "way/539466742",
        "name": "Gautrain",
        "network": "Gautrain"
      },
      "geometry": {
        "type": "LineString",
        "coordinates": [
          [
            28.161364,
            -25.9082174
          ],
          [
            28.161246,
            -25.9086614
          ]
        ]
      }
    },
    {
      "type": "Feature",
      "properties": {
        "id": "way/539466743",
        "name": "Gautrain",
        "network": "Gautrain"
      },
      "geometry": {
        "type": "LineString",
        "coordinates": [
          [
            28.1618361,
            -25.9063959
          ],
          [
            28.1615907,
            -25.9073416
          ],
          [
            28.161364,
            -25.9082174
          ]
        ]
      }
    },
    {
      "type": "Feature",
      "properties": {
        "id": "way/539466744",
        "name": "Gautrain",
        "network": "Gautrain"
      },
      "geometry": {
        "type": "LineString",
        "coordinates": [
          [
            28.162154,
            -25.9052221
          ],
          [
            28.1618361,
            -25.9063959
          ]
        ]
      }
    },
    {
      "type": "Feature",
      "properties": {
        "id": "way/539486448",
        "name": "Gautrain",
        "network": "Gautrain"
      },
      "geometry": {
        "type": "LineString",
        "coordinates": [
          [
            28.1258932,
            -26.0311887
          ],
          [
            28.1256887,
            -26.0315265
          ],
          [
            28.1255921,
            -26.031668
          ],
          [
            28.1254727,
            -26.0318814
          ],
          [
            28.1253534,
            -26.0321013
          ],
          [
            28.1251113,
            -26.0325514
          ],
          [
            28.1249343,
            -26.0328767
          ],
          [
            28.124601,
            -26.0334907
          ],
          [
            28.1244972,
            -26.0336786
          ],
          [
            28.1242973,
            -26.0340475
          ],
          [
            28.1241981,
            -26.0342312
          ],
          [
            28.124139,
            -26.0343439
          ],
          [
            28.1240787,
            -26.0344794
          ],
          [
            28.1240103,
            -26.0346343
          ],
          [
            28.1238644,
            -26.0349328
          ]
        ]
      }
    },
    {
      "type": "Feature",
      "properties": {
        "id": "way/539487973",
        "name": "Gautrain",
        "network": "Gautrain"
      },
      "geometry": {
        "type": "LineString",
        "coordinates": [
          [
            28.1230051,
            -26.0363575
          ],
          [
            28.1233676,
            -26.0356799
          ]
        ]
      }
    },
    {
      "type": "Feature",
      "properties": {
        "id": "way/539487974",
        "name": "Gautrain",
        "network": "Gautrain"
      },
      "geometry": {
        "type": "LineString",
        "coordinates": [
          [
            28.1233676,
            -26.0356799
          ],
          [
            28.1235029,
            -26.035436
          ],
          [
            28.123675,
            -26.0351174
          ],
          [
            28.1237606,
            -26.0349595
          ],
          [
            28.1239754,
            -26.0345597
          ],
          [
            28.124023,
            -26.0344734
          ],
          [
            28.1240592,
            -26.0344113
          ],
          [
            28.1240774,
            -26.0343737
          ],
          [
            28.1242925,
            -26.0339727
          ],
          [
            28.1243979,
            -26.0337836
          ],
          [
            28.1244796,
            -26.0336298
          ],
          [
            28.124656,
            -26.0333063
          ],
          [
            28.1248921,
            -26.0328749
          ],
          [
            28.1251455,
            -26.0323983
          ],
          [
            28.1252474,
            -26.0322158
          ],
          [
            28.1253842,
            -26.0319561
          ],
          [
            28.125645,
            -26.0314855
          ],
          [
            28.1259053,
            -26.0310228
          ],
          [
            28.1262753,
            -26.0303696
          ],
          [
            28.126502,
            -26.0299563
          ],
          [
            28.1267528,
            -26.0294682
          ],
          [
            28.1268923,
            -26.0290874
          ]
        ]
      }
    },
    {
      "type": "Feature",
      "properties": {
        "id": "way/539487975",
        "name": "Gautrain",
        "network": "Gautrain"
      },
      "geometry": {
        "type": "LineString",
        "coordinates": [
          [
            28.1208258,
            -26.0532474
          ],
          [
            28.1207688,
            -26.0524431
          ],
          [
            28.1205958,
            -26.0508642
          ],
          [
            28.1205596,
            -26.0505624
          ],
          [
            28.1204838,
            -26.049872
          ],
          [
            28.1204544,
            -26.0495865
          ],
          [
            28.1204067,
            -26.0491744
          ],
          [
            28.1203397,
            -26.0485286
          ],
          [
            28.1202578,
            -26.0478116
          ],
          [
            28.1201868,
            -26.0472225
          ],
          [
            28.1201372,
            -26.0465586
          ],
          [
            28.1201304,
            -26.0462079
          ],
          [
            28.1201264,
            -26.0458091
          ],
          [
            28.1201278,
            -26.0451151
          ],
          [
            28.1201532,
            -26.0446584
          ],
          [
            28.1201921,
            -26.0441801
          ],
          [
            28.1202471,
            -26.0436933
          ],
          [
            28.1203155,
            -26.0432462
          ],
          [
            28.1204081,
            -26.0427209
          ],
          [
            28.1205207,
            -26.0422076
          ],
          [
            28.1206481,
            -26.0417304
          ],
          [
            28.1207782,
            -26.0412569
          ],
          [
            28.1209606,
            -26.0406773
          ],
          [
            28.1211805,
            -26.0400833
          ],
          [
            28.1213428,
            -26.0396651
          ],
          [
            28.121607,
            -26.0390843
          ],
          [
            28.1217881,
            -26.0386951
          ],
          [
            28.1220529,
            -26.0381818
          ],
          [
            28.1222239,
            -26.0378571
          ],
          [
            28.1223855,
            -26.0375474
          ],
          [
            28.1225719,
            -26.0371913
          ],
          [
            28.1227496,
            -26.0368461
          ],
          [
            28.1228676,
            -26.0366285
          ],
          [
            28.1230051,
            -26.0363575
          ]
        ]
      }
    },
    {
      "type": "Feature",
      "properties": {
        "id": "way/539487977",
        "name": "Gautrain",
        "network": "Gautrain"
      },
      "geometry": {
        "type": "LineString",
        "coordinates": [
          [
            28.1240774,
            -26.0343737
          ],
          [
            28.1244972,
            -26.0336786
          ]
        ]
      }
    },
    {
      "type": "Feature",
      "properties": {
        "id": "way/539490339",
        "name": "Gautrain",
        "network": "Gautrain"
      },
      "geometry": {
        "type": "LineString",
        "coordinates": [
          [
            28.1349644,
            -25.9949173
          ],
          [
            28.1346479,
            -25.994276
          ],
          [
            28.1342657,
            -25.9934997
          ],
          [
            28.1339478,
            -25.9928078
          ],
          [
            28.133634,
            -25.9921002
          ],
          [
            28.1333698,
            -25.9914215
          ],
          [
            28.1331298,
            -25.9907259
          ],
          [
            28.1329581,
            -25.9901196
          ],
          [
            28.1328186,
            -25.989512
          ],
          [
            28.1327529,
            -25.9891444
          ],
          [
            28.1326953,
            -25.9887441
          ],
          [
            28.1326711,
            -25.9884693
          ]
        ]
      }
    },
    {
      "type": "Feature",
      "properties": {
        "id": "way/539490340",
        "name": "Gautrain",
        "network": "Gautrain"
      },
      "geometry": {
        "type": "LineString",
        "coordinates": [
          [
            28.1352527,
            -25.9955067
          ],
          [
            28.1349644,
            -25.9949173
          ]
        ]
      }
    },
    {
      "type": "Feature",
      "properties": {
        "id": "way/539490341",
        "name": "Gautrain",
        "network": "Gautrain"
      },
      "geometry": {
        "type": "LineString",
        "coordinates": [
          [
            28.1370297,
            -25.9991712
          ],
          [
            28.1368138,
            -25.9986625
          ],
          [
            28.1363055,
            -25.9976042
          ],
          [
            28.1357744,
            -25.996553
          ],
          [
            28.1355263,
            -25.996054
          ],
          [
            28.1352527,
            -25.9955067
          ]
        ]
      }
    },
    {
      "type": "Feature",
      "properties": {
        "id": "way/539490342",
        "name": "Gautrain",
        "network": "Gautrain"
      },
      "geometry": {
        "type": "LineString",
        "coordinates": [
          [
            28.1374884,
            -26.0007936
          ],
          [
            28.137306,
            -26.0000222
          ],
          [
            28.1371786,
            -25.9996015
          ],
          [
            28.1370297,
            -25.9991712
          ]
        ]
      }
    },
    {
      "type": "Feature",
      "properties": {
        "id": "way/539490343",
        "name": "Gautrain",
        "network": "Gautrain"
      },
      "geometry": {
        "type": "LineString",
        "coordinates": [
          [
            28.1283045,
            -26.0233174
          ],
          [
            28.1283957,
            -26.0226823
          ],
          [
            28.1284963,
            -26.0220002
          ],
          [
            28.1285968,
            -26.0213036
          ],
          [
            28.1287444,
            -26.0203298
          ],
          [
            28.1288248,
            -26.019873
          ],
          [
            28.1289335,
            -26.0194091
          ],
          [
            28.1291923,
            -26.0185064
          ],
          [
            28.129423,
            -26.0178158
          ],
          [
            28.1296818,
            -26.0171337
          ],
          [
            28.1299822,
            -26.0164648
          ],
          [
            28.1303054,
            -26.0158055
          ],
          [
            28.1306568,
            -26.0151836
          ],
          [
            28.1308754,
            -26.0148196
          ],
          [
            28.1310403,
            -26.0145557
          ],
          [
            28.1314373,
            -26.0140013
          ],
          [
            28.1318571,
            -26.0134264
          ],
          [
            28.1324311,
            -26.012684
          ],
          [
            28.1330185,
            -26.0119476
          ],
          [
            28.1337185,
            -26.0110725
          ],
          [
            28.134149,
            -26.0105205
          ],
          [
            28.1345634,
            -26.0099468
          ],
          [
            28.1349725,
            -26.0093321
          ],
          [
            28.1353413,
            -26.0087138
          ],
          [
            28.1356725,
            -26.0081112
          ],
          [
            28.1363632,
            -26.0068854
          ],
          [
            28.1367239,
            -26.0061959
          ],
          [
            28.1369291,
            -26.0056945
          ],
          [
            28.1371437,
            -26.0050955
          ],
          [
            28.1373167,
            -26.004535
          ],
          [
            28.1374347,
            -26.0039878
          ],
          [
            28.1375206,
            -26.0034141
          ],
          [
            28.1375635,
            -26.0030054
          ],
          [
            28.1375903,
            -26.0024148
          ],
          [
            28.1375957,
            -26.0019809
          ],
          [
            28.1375675,
            -26.0014312
          ],
          [
            28.1374884,
            -26.0007936
          ]
        ]
      }
    },
    {
      "type": "Feature",
      "properties": {
        "id": "way/539490344",
        "name": "Gautrain",
        "network": "Gautrain"
      },
      "geometry": {
        "type": "LineString",
        "coordinates": [
          [
            28.1268923,
            -26.0290874
          ],
          [
            28.1270452,
            -26.028744
          ],
          [
            28.12719,
            -26.0283873
          ],
          [
            28.1273764,
            -26.0278727
          ],
          [
            28.127532,
            -26.027369
          ],
          [
            28.1276581,
            -26.0269159
          ],
          [
            28.1277519,
            -26.0265555
          ],
          [
            28.1279129,
            -26.0258722
          ],
          [
            28.1280014,
            -26.0252854
          ],
          [
            28.1281666,
            -26.0243311
          ],
          [
            28.1283045,
            -26.0233174
          ]
        ]
      }
    },
    {
      "type": "Feature",
      "properties": {
        "id": "way/539493012",
        "name": "Gautrain",
        "network": "Gautrain"
      },
      "geometry": {
        "type": "LineString",
        "coordinates": [
          [
            28.1232572,
            -26.0356766
          ],
          [
            28.1233357,
            -26.0355549
          ],
          [
            28.1234483,
            -26.0353868
          ],
          [
            28.1236448,
            -26.035088
          ],
          [
            28.1237695,
            -26.0349006
          ],
          [
            28.1239754,
            -26.0345597
          ]
        ]
      }
    },
    {
      "type": "Feature",
      "properties": {
        "id": "way/539493013",
        "name": "Gautrain",
        "network": "Gautrain"
      },
      "geometry": {
        "type": "LineString",
        "coordinates": [
          [
            28.1229006,
            -26.0363382
          ],
          [
            28.1230775,
            -26.035999
          ],
          [
            28.1232572,
            -26.0356766
          ]
        ]
      }
    },
    {
      "type": "Feature",
      "properties": {
        "id": "way/539493014",
        "name": "Gautrain",
        "network": "Gautrain"
      },
      "geometry": {
        "type": "LineString",
        "coordinates": [
          [
            28.148881,
            -25.9319035
          ],
          [
            28.1487349,
            -25.9323099
          ]
        ]
      }
    },
    {
      "type": "Feature",
      "properties": {
        "id": "way/539493015",
        "name": "Gautrain",
        "network": "Gautrain"
      },
      "geometry": {
        "type": "LineString",
        "coordinates": [
          [
            28.1493089,
            -25.9306974
          ],
          [
            28.1490701,
            -25.9313704
          ],
          [
            28.148881,
            -25.9319035
          ]
        ]
      }
    },
    {
      "type": "Feature",
      "properties": {
        "id": "way/539493016",
        "name": "Gautrain",
        "network": "Gautrain"
      },
      "geometry": {
        "type": "LineString",
        "coordinates": [
          [
            28.1429681,
            -25.948551
          ],
          [
            28.1430915,
            -25.9481952
          ]
        ]
      }
    },
    {
      "type": "Feature",
      "properties": {
        "id": "way/539493017",
        "name": "Gautrain",
        "network": "Gautrain"
      },
      "geometry": {
        "type": "LineString",
        "coordinates": [
          [
            28.1424102,
            -25.9504093
          ],
          [
            28.1426623,
            -25.9495181
          ],
          [
            28.1429681,
            -25.948551
          ]
        ]
      }
    },
    {
      "type": "Feature",
      "properties": {
        "id": "way/539493018",
        "name": "Gautrain",
        "network": "Gautrain"
      },
      "geometry": {
        "type": "LineString",
        "coordinates": [
          [
            28.1407982,
            -25.957068
          ],
          [
            28.1412837,
            -25.9549915
          ],
          [
            28.1415305,
            -25.9538797
          ],
          [
            28.1417182,
            -25.9531948
          ],
          [
            28.1419998,
            -25.9520951
          ],
          [
            28.1424102,
            -25.9504093
          ]
        ]
      }
    },
    {
      "type": "Feature",
      "properties": {
        "id": "way/539493019",
        "name": "Gautrain",
        "network": "Gautrain"
      },
      "geometry": {
        "type": "LineString",
        "coordinates": [
          [
            28.1336917,
            -25.9817617
          ],
          [
            28.1340229,
            -25.980696
          ],
          [
            28.1342939,
            -25.9797858
          ],
          [
            28.1345648,
            -25.9788647
          ],
          [
            28.1351495,
            -25.9769888
          ],
          [
            28.1362814,
            -25.9733815
          ],
          [
            28.1373569,
            -25.9698779
          ],
          [
            28.1384338,
            -25.9664259
          ],
          [
            28.1390024,
            -25.9643665
          ],
          [
            28.1392774,
            -25.9633754
          ],
          [
            28.139555,
            -25.9623301
          ],
          [
            28.140184,
            -25.959734
          ],
          [
            28.1407982,
            -25.957068
          ]
        ]
      }
    },
    {
      "type": "Feature",
      "properties": {
        "id": "way/539493020",
        "name": "Gautrain",
        "network": "Gautrain"
      },
      "geometry": {
        "type": "LineString",
        "coordinates": [
          [
            28.1335214,
            -25.9823127
          ],
          [
            28.1336917,
            -25.9817617
          ]
        ]
      }
    },
    {
      "type": "Feature",
      "properties": {
        "id": "way/539493021",
        "name": "Gautrain",
        "network": "Gautrain"
      },
      "geometry": {
        "type": "LineString",
        "coordinates": [
          [
            28.1335214,
            -25.9823127
          ],
          [
            28.1332116,
            -25.9832602
          ],
          [
            28.1329608,
            -25.9842102
          ],
          [
            28.1328186,
            -25.9848057
          ],
          [
            28.132714,
            -25.985382
          ],
          [
            28.1326376,
            -25.9859196
          ],
          [
            28.132588,
            -25.9864513
          ],
          [
            28.1325772,
            -25.9870842
          ],
          [
            28.1325866,
            -25.9875772
          ]
        ]
      }
    },
    {
      "type": "Feature",
      "properties": {
        "id": "way/539493022",
        "name": "Gautrain",
        "network": "Gautrain"
      },
      "geometry": {
        "type": "LineString",
        "coordinates": [
          [
            28.1326711,
            -25.9884693
          ],
          [
            28.1325866,
            -25.9875772
          ]
        ]
      }
    },
    {
      "type": "Feature",
      "properties": {
        "id": "way/539515648",
        "name": "Gautrain",
        "network": "Gautrain"
      },
      "geometry": {
        "type": "LineString",
        "coordinates": [
          [
            28.0415578,
            -26.1956577
          ],
          [
            28.041641,
            -26.1955294
          ],
          [
            28.0429643,
            -26.1936065
          ],
          [
            28.0430674,
            -26.1934234
          ],
          [
            28.0431551,
            -26.1932064
          ],
          [
            28.0432503,
            -26.1929152
          ],
          [
            28.0441177,
            -26.1901075
          ],
          [
            28.0442011,
            -26.1898669
          ],
          [
            28.0443042,
            -26.1896216
          ],
          [
            28.0486603,
            -26.1819794
          ],
          [
            28.0497585,
            -26.179949
          ],
          [
            28.0499759,
            -26.1795471
          ],
          [
            28.0501718,
            -26.1790585
          ],
          [
            28.0502978,
            -26.1785988
          ],
          [
            28.0503648,
            -26.1781379
          ],
          [
            28.050381,
            -26.1775685
          ],
          [
            28.0503555,
            -26.1770305
          ],
          [
            28.0502981,
            -26.1764628
          ],
          [
            28.0502321,
            -26.1759642
          ],
          [
            28.0452654,
            -26.1507133
          ],
          [
            28.0442414,
            -26.1455063
          ],
          [
            28.0437103,
            -26.1428615
          ],
          [
            28.0435794,
            -26.1419359
          ],
          [
            28.0435722,
            -26.141885
          ],
          [
            28.043493,
            -26.1412217
          ],
          [
            28.0434556,
            -26.1406113
          ],
          [
            28.0434716,
            -26.1400623
          ],
          [
            28.0435398,
            -26.1395951
          ],
          [
            28.0436995,
            -26.1389307
          ],
          [
            28.0438511,
            -26.138322
          ],
          [
            28.0462718,
            -26.1274841
          ],
          [
            28.0462986,
            -26.1273149
          ],
          [
            28.0465976,
            -26.121374
          ],
          [
            28.0466447,
            -26.1207737
          ],
          [
            28.0466982,
            -26.1202632
          ],
          [
            28.0467653,
            -26.1197375
          ],
          [
            28.0468712,
            -26.1191414
          ],
          [
            28.0470845,
            -26.1183004
          ],
          [
            28.047342,
            -26.1175273
          ],
          [
            28.0476263,
            -26.1169385
          ],
          [
            28.0480354,
            -26.1162256
          ],
          [
            28.048553,
            -26.1155259
          ],
          [
            28.0489567,
            -26.1150611
          ],
          [
            28.0493255,
            -26.1146493
          ],
          [
            28.0498793,
            -26.1140038
          ],
          [
            28.0505432,
            -26.1133482
          ],
          [
            28.0514164,
            -26.112595
          ],
          [
            28.0522906,
            -26.1118049
          ],
          [
            28.053448,
            -26.1108789
          ],
          [
            28.0546001,
            -26.11006
          ],
          [
            28.0572528,
            -26.1080995
          ]
        ]
      }
    },
    {
      "type": "Feature",
      "properties": {
        "id": "way/539515649",
        "name": "Gautrain",
        "network": "Gautrain"
      },
      "geometry": {
        "type": "LineString",
        "coordinates": [
          [
            28.0996531,
            -26.0870727
          ],
          [
            28.0998891,
            -26.0869596
          ]
        ]
      }
    },
    {
      "type": "Feature",
      "properties": {
        "id": "way/539515650",
        "name": "Gautrain",
        "network": "Gautrain"
      },
      "geometry": {
        "type": "LineString",
        "coordinates": [
          [
            28.0996187,
            -26.0870298
          ],
          [
            28.0998479,
            -26.0868821
          ]
        ]
      }
    },
    {
      "type": "Feature",
      "properties": {
        "id": "way/539517703",
        "name": "Gautrain",
        "network": "Gautrain"
      },
      "geometry": {
        "type": "LineString",
        "coordinates": [
          [
            28.1036986,
            -26.0850313
          ],
          [
            28.10394,
            -26.0849548
          ],
          [
            28.1041673,
            -26.0848909
          ]
        ]
      }
    },
    {
      "type": "Feature",
      "properties": {
        "id": "way/539517704",
        "name": "Gautrain",
        "network": "Gautrain"
      },
      "geometry": {
        "type": "LineString",
        "coordinates": [
          [
            28.1058986,
            -26.0845352
          ],
          [
            28.1067355,
            -26.0843713
          ],
          [
            28.1075923,
            -26.0842022
          ]
        ]
      }
    },
    {
      "type": "Feature",
      "properties": {
        "id": "way/539517705",
        "name": "Gautrain",
        "network": "Gautrain"
      },
      "geometry": {
        "type": "LineString",
        "coordinates": [
          [
            28.1041843,
            -26.0849251
          ],
          [
            28.1046112,
            -26.0848133
          ]
        ]
      }
    },
    {
      "type": "Feature",
      "properties": {
        "id": "way/539517706",
        "name": "Gautrain",
        "network": "Gautrain"
      },
      "geometry": {
        "type": "LineString",
        "coordinates": [
          [
            28.1058839,
            -26.0844995
          ],
          [
            28.1067301,
            -26.0843357
          ],
          [
            28.10691,
            -26.0842998
          ],
          [
            28.1075784,
            -26.0841664
          ]
        ]
      }
    },
    {
      "type": "Feature",
      "properties": {
        "id": "way/539517707",
        "name": "Gautrain",
        "network": "Gautrain"
      },
      "geometry": {
        "type": "LineString",
        "coordinates": [
          [
            28.1045991,
            -26.0847765
          ],
          [
            28.1058839,
            -26.0844995
          ]
        ]
      }
    },
    {
      "type": "Feature",
      "properties": {
        "id": "way/539517708",
        "name": "Gautrain",
        "network": "Gautrain"
      },
      "geometry": {
        "type": "LineString",
        "coordinates": [
          [
            28.1041673,
            -26.0848909
          ],
          [
            28.1045991,
            -26.0847765
          ]
        ]
      }
    },
    {
      "type": "Feature",
      "properties": {
        "id": "way/539517709",
        "name": "Gautrain",
        "network": "Gautrain"
      },
      "geometry": {
        "type": "LineString",
        "coordinates": [
          [
            28.1075784,
            -26.0841664
          ],
          [
            28.1091918,
            -26.0838376
          ],
          [
            28.1099837,
            -26.0836678
          ]
        ]
      }
    },
    {
      "type": "Feature",
      "properties": {
        "id": "way/539517710",
        "name": "Gautrain",
        "network": "Gautrain"
      },
      "geometry": {
        "type": "LineString",
        "coordinates": [
          [
            28.099858,
            -26.0868954
          ],
          [
            28.1005705,
            -26.0864923
          ],
          [
            28.1010384,
            -26.0862298
          ],
          [
            28.1014677,
            -26.0859955
          ],
          [
            28.1022012,
            -26.0856221
          ],
          [
            28.1026505,
            -26.0854215
          ],
          [
            28.1030836,
            -26.0852499
          ],
          [
            28.1036986,
            -26.0850313
          ]
        ]
      }
    },
    {
      "type": "Feature",
      "properties": {
        "id": "way/539517711",
        "name": "Gautrain",
        "network": "Gautrain"
      },
      "geometry": {
        "type": "LineString",
        "coordinates": [
          [
            28.1182599,
            -26.0807727
          ],
          [
            28.1186016,
            -26.0804511
          ]
        ]
      }
    },
    {
      "type": "Feature",
      "properties": {
        "id": "way/539517712",
        "name": "Gautrain",
        "network": "Gautrain"
      },
      "geometry": {
        "type": "LineString",
        "coordinates": [
          [
            28.1179203,
            -26.0810539
          ],
          [
            28.1182599,
            -26.0807727
          ]
        ]
      }
    },
    {
      "type": "Feature",
      "properties": {
        "id": "way/539517713",
        "name": "Gautrain",
        "network": "Gautrain"
      },
      "geometry": {
        "type": "LineString",
        "coordinates": [
          [
            28.1132147,
            -26.0828779
          ],
          [
            28.1133577,
            -26.0828399
          ],
          [
            28.1145233,
            -26.0825313
          ],
          [
            28.1158684,
            -26.0821097
          ],
          [
            28.1165618,
            -26.0818556
          ],
          [
            28.1170057,
            -26.0816472
          ],
          [
            28.1173329,
            -26.0814556
          ],
          [
            28.117703,
            -26.0812075
          ],
          [
            28.1179203,
            -26.0810539
          ]
        ]
      }
    },
    {
      "type": "Feature",
      "properties": {
        "id": "way/539517714",
        "name": "Gautrain",
        "network": "Gautrain"
      },
      "geometry": {
        "type": "LineString",
        "coordinates": [
          [
            28.1099837,
            -26.0836678
          ],
          [
            28.1120409,
            -26.0831679
          ],
          [
            28.1132147,
            -26.0828779
          ]
        ]
      }
    },
    {
      "type": "Feature",
      "properties": {
        "id": "way/539517715",
        "name": "Gautrain",
        "network": "Gautrain"
      },
      "geometry": {
        "type": "LineString",
        "coordinates": [
          [
            28.119535,
            -26.0594346
          ],
          [
            28.1197482,
            -26.0588732
          ]
        ]
      }
    },
    {
      "type": "Feature",
      "properties": {
        "id": "way/539517716",
        "name": "Gautrain",
        "network": "Gautrain"
      },
      "geometry": {
        "type": "LineString",
        "coordinates": [
          [
            28.1186016,
            -26.0804511
          ],
          [
            28.11889,
            -26.0801288
          ],
          [
            28.1191474,
            -26.0798133
          ],
          [
            28.119413,
            -26.0794278
          ],
          [
            28.119641,
            -26.0790399
          ],
          [
            28.1198046,
            -26.0787225
          ],
          [
            28.1199641,
            -26.0783461
          ],
          [
            28.120158,
            -26.0777589
          ],
          [
            28.1202123,
            -26.0774987
          ],
          [
            28.1202948,
            -26.0770651
          ],
          [
            28.120337,
            -26.0767013
          ],
          [
            28.1203491,
            -26.0764507
          ],
          [
            28.1203531,
            -26.0761351
          ],
          [
            28.1203366,
            -26.075818
          ],
          [
            28.120282,
            -26.0753702
          ],
          [
            28.1202351,
            -26.0750377
          ],
          [
            28.12016,
            -26.0746872
          ],
          [
            28.119993,
            -26.074068
          ],
          [
            28.1198086,
            -26.0733705
          ],
          [
            28.1196034,
            -26.072667
          ],
          [
            28.1194693,
            -26.0721948
          ],
          [
            28.1193218,
            -26.0717069
          ],
          [
            28.1190656,
            -26.0707336
          ],
          [
            28.1188551,
            -26.0699734
          ],
          [
            28.1186888,
            -26.0693615
          ],
          [
            28.1185412,
            -26.068776
          ],
          [
            28.1184366,
            -26.0683218
          ],
          [
            28.1183428,
            -26.06784
          ],
          [
            28.1182905,
            -26.0675099
          ],
          [
            28.1182462,
            -26.0671449
          ],
          [
            28.118155,
            -26.0663546
          ],
          [
            28.1181268,
            -26.0655908
          ],
          [
            28.1181604,
            -26.0648403
          ],
          [
            28.1182033,
            -26.0642138
          ],
          [
            28.1182891,
            -26.0635813
          ],
          [
            28.1183924,
            -26.0630151
          ],
          [
            28.1184554,
            -26.0627236
          ],
          [
            28.1185332,
            -26.0624115
          ],
          [
            28.1187612,
            -26.0616321
          ],
          [
            28.1190374,
            -26.0608394
          ],
          [
            28.1192748,
            -26.0601587
          ],
          [
            28.119535,
            -26.0594346
          ]
        ]
      }
    },
    {
      "type": "Feature",
      "properties": {
        "id": "way/539517717",
        "name": "Gautrain",
        "network": "Gautrain"
      },
      "geometry": {
        "type": "LineString",
        "coordinates": [
          [
            28.1202324,
            -26.0574624
          ],
          [
            28.1204778,
            -26.056507
          ],
          [
            28.1206729,
            -26.055722
          ]
        ]
      }
    },
    {
      "type": "Feature",
      "properties": {
        "id": "way/539517718",
        "name": "Gautrain",
        "network": "Gautrain"
      },
      "geometry": {
        "type": "LineString",
        "coordinates": [
          [
            28.1197482,
            -26.0588732
          ],
          [
            28.1199843,
            -26.0581985
          ],
          [
            28.1202324,
            -26.0574624
          ]
        ]
      }
    },
    {
      "type": "Feature",
      "properties": {
        "id": "way/539517719",
        "name": "Gautrain",
        "network": "Gautrain"
      },
      "geometry": {
        "type": "LineString",
        "coordinates": [
          [
            28.1208339,
            -26.0536492
          ],
          [
            28.1208258,
            -26.0532474
          ]
        ]
      }
    },
    {
      "type": "Feature",
      "properties": {
        "id": "way/539517720",
        "name": "Gautrain",
        "network": "Gautrain"
      },
      "geometry": {
        "type": "LineString",
        "coordinates": [
          [
            28.1206729,
            -26.055722
          ],
          [
            28.1207319,
            -26.0553407
          ],
          [
            28.1207614,
            -26.0550962
          ],
          [
            28.120801,
            -26.0546757
          ],
          [
            28.1208292,
            -26.0541383
          ],
          [
            28.1208339,
            -26.0536492
          ]
        ]
      }
    },
    {
      "type": "Feature",
      "properties": {
        "id": "way/539590988",
        "name": "Gautrain",
        "network": "Gautrain"
      },
      "geometry": {
        "type": "LineString",
        "coordinates": [
          [
            28.1099514,
            -26.0838208
          ],
          [
            28.1099704,
            -26.0838161
          ],
          [
            28.1122773,
            -26.0832445
          ],
          [
            28.1132984,
            -26.0830023
          ]
        ]
      }
    },
    {
      "type": "Feature",
      "properties": {
        "id": "way/539590989",
        "name": "Gautrain",
        "network": "Gautrain"
      },
      "geometry": {
        "type": "LineString",
        "coordinates": [
          [
            28.1075147,
            -26.0844068
          ],
          [
            28.108153,
            -26.0842583
          ],
          [
            28.1088015,
            -26.0840936
          ],
          [
            28.1093721,
            -26.0839587
          ],
          [
            28.1099514,
            -26.0838208
          ]
        ]
      }
    },
    {
      "type": "Feature",
      "properties": {
        "id": "way/539620195",
        "name": "Gautrain",
        "network": "Gautrain"
      },
      "geometry": {
        "type": "LineString",
        "coordinates": [
          [
            28.1389944,
            -26.0861292
          ],
          [
            28.1381319,
            -26.0856152
          ]
        ]
      }
    },
    {
      "type": "Feature",
      "properties": {
        "id": "way/539620196",
        "name": "Gautrain",
        "network": "Gautrain"
      },
      "geometry": {
        "type": "LineString",
        "coordinates": [
          [
            28.1472638,
            -26.0909795
          ],
          [
            28.1446968,
            -26.0894758
          ],
          [
            28.141489,
            -26.0876017
          ],
          [
            28.1406319,
            -26.0870807
          ],
          [
            28.1397964,
            -26.086605
          ],
          [
            28.1394249,
            -26.0863773
          ],
          [
            28.1389944,
            -26.0861292
          ]
        ]
      }
    },
    {
      "type": "Feature",
      "properties": {
        "id": "way/539640324",
        "name": "Gautrain",
        "network": "Gautrain"
      },
      "geometry": {
        "type": "LineString",
        "coordinates": [
          [
            28.1390239,
            -26.0861003
          ],
          [
            28.1394544,
            -26.086352
          ],
          [
            28.1398299,
            -26.0865797
          ],
          [
            28.1406614,
            -26.087053
          ],
          [
            28.1415011,
            -26.0875667
          ],
          [
            28.1422428,
            -26.0879965
          ],
          [
            28.1439873,
            -26.0890192
          ],
          [
            28.1472865,
            -26.0909531
          ]
        ]
      }
    },
    {
      "type": "Feature",
      "properties": {
        "id": "way/539640327",
        "name": "Gautrain",
        "network": "Gautrain"
      },
      "geometry": {
        "type": "LineString",
        "coordinates": [
          [
            28.1381562,
            -26.085586
          ],
          [
            28.1390239,
            -26.0861003
          ]
        ]
      }
    },
    {
      "type": "Feature",
      "properties": {
        "id": "way/539640329",
        "name": "Gautrain",
        "network": "Gautrain"
      },
      "geometry": {
        "type": "LineString",
        "coordinates": [
          [
            28.1172806,
            -26.0819398
          ],
          [
            28.11775,
            -26.0818097
          ],
          [
            28.1180799,
            -26.0817171
          ],
          [
            28.1187076,
            -26.081546
          ],
          [
            28.1193781,
            -26.0813894
          ],
          [
            28.1200996,
            -26.0812425
          ],
          [
            28.1209311,
            -26.0811016
          ],
          [
            28.1214273,
            -26.0810352
          ],
          [
            28.12189,
            -26.0809858
          ],
          [
            28.1223782,
            -26.0809401
          ],
          [
            28.1231291,
            -26.0808932
          ],
          [
            28.1237756,
            -26.0808727
          ],
          [
            28.1240961,
            -26.0808691
          ],
          [
            28.1245092,
            -26.0808739
          ],
          [
            28.1250832,
            -26.080892
          ],
          [
            28.125806,
            -26.0809317
          ],
          [
            28.1265074,
            -26.0809955
          ],
          [
            28.1273081,
            -26.0811039
          ],
          [
            28.1281838,
            -26.0812461
          ],
          [
            28.1290126,
            -26.0814147
          ],
          [
            28.1295718,
            -26.0815485
          ],
          [
            28.1300962,
            -26.0816881
          ],
          [
            28.1310644,
            -26.0819869
          ],
          [
            28.1320033,
            -26.0823242
          ],
          [
            28.1325491,
            -26.0825301
          ],
          [
            28.1329782,
            -26.0827024
          ],
          [
            28.1335174,
            -26.0829481
          ],
          [
            28.1340256,
            -26.0832083
          ],
          [
            28.134664,
            -26.0835443
          ],
          [
            28.1354472,
            -26.0839972
          ],
          [
            28.1360064,
            -26.08432
          ],
          [
            28.1365134,
            -26.084626
          ],
          [
            28.1373221,
            -26.0851017
          ],
          [
            28.1381562,
            -26.085586
          ]
        ]
      }
    },
    {
      "type": "Feature",
      "properties": {
        "id": "way/539640333",
        "name": "Gautrain",
        "network": "Gautrain"
      },
      "geometry": {
        "type": "LineString",
        "coordinates": [
          [
            28.1132984,
            -26.0830023
          ],
          [
            28.1133889,
            -26.08298
          ],
          [
            28.1145568,
            -26.0826741
          ],
          [
            28.1158932,
            -26.0823289
          ],
          [
            28.1172806,
            -26.0819398
          ]
        ]
      }
    },
    {
      "type": "Feature",
      "properties": {
        "id": "way/539645355",
        "name": "Gautrain",
        "network": "Gautrain"
      },
      "geometry": {
        "type": "LineString",
        "coordinates": [
          [
            28.1611106,
            -26.0982771
          ],
          [
            28.1619823,
            -26.0986974
          ],
          [
            28.1625456,
            -26.0989575
          ],
          [
            28.1632966,
            -26.0992682
          ],
          [
            28.1639457,
            -26.0995079
          ],
          [
            28.1646216,
            -26.0997343
          ],
          [
            28.1651366,
            -26.0998945
          ],
          [
            28.1656824,
            -26.100039
          ],
          [
            28.1663409,
            -26.1001787
          ],
          [
            28.1670155,
            -26.10031
          ],
          [
            28.1676203,
            -26.1004196
          ],
          [
            28.1681782,
            -26.1005075
          ],
          [
            28.1689815,
            -26.1006207
          ],
          [
            28.1698666,
            -26.1007629
          ],
          [
            28.1710951,
            -26.1009416
          ]
        ]
      }
    },
    {
      "type": "Feature",
      "properties": {
        "id": "way/539645356",
        "name": "Gautrain",
        "network": "Gautrain"
      },
      "geometry": {
        "type": "LineString",
        "coordinates": [
          [
            28.1606948,
            -26.0980783
          ],
          [
            28.1611106,
            -26.0982771
          ]
        ]
      }
    },
    {
      "type": "Feature",
      "properties": {
        "id": "way/539645357",
        "name": "Gautrain",
        "network": "Gautrain"
      },
      "geometry": {
        "type": "LineString",
        "coordinates": [
          [
            28.1586362,
            -26.0970907
          ],
          [
            28.1606948,
            -26.0980783
          ]
        ]
      }
    },
    {
      "type": "Feature",
      "properties": {
        "id": "way/539645358",
        "name": "Gautrain",
        "network": "Gautrain"
      },
      "geometry": {
        "type": "LineString",
        "coordinates": [
          [
            28.1580394,
            -26.0968101
          ],
          [
            28.1586362,
            -26.0970907
          ]
        ]
      }
    },
    {
      "type": "Feature",
      "properties": {
        "id": "way/539645359",
        "name": "Gautrain",
        "network": "Gautrain"
      },
      "geometry": {
        "type": "LineString",
        "coordinates": [
          [
            28.153182,
            -26.0943953
          ],
          [
            28.1534033,
            -26.0945158
          ],
          [
            28.153996,
            -26.0948349
          ],
          [
            28.154562,
            -26.0951312
          ],
          [
            28.1552191,
            -26.0954576
          ],
          [
            28.1558816,
            -26.0957731
          ],
          [
            28.1570041,
            -26.0963091
          ],
          [
            28.1580394,
            -26.0968101
          ]
        ]
      }
    },
    {
      "type": "Feature",
      "properties": {
        "id": "way/539645360",
        "name": "Gautrain",
        "network": "Gautrain"
      },
      "geometry": {
        "type": "LineString",
        "coordinates": [
          [
            28.1526697,
            -26.0940942
          ],
          [
            28.153182,
            -26.0943953
          ]
        ]
      }
    },
    {
      "type": "Feature",
      "properties": {
        "id": "way/539645361",
        "name": "Gautrain",
        "network": "Gautrain"
      },
      "geometry": {
        "type": "LineString",
        "coordinates": [
          [
            28.1481072,
            -26.0914276
          ],
          [
            28.1526697,
            -26.0940942
          ]
        ]
      }
    },
    {
      "type": "Feature",
      "properties": {
        "id": "way/539645362",
        "name": "Gautrain",
        "network": "Gautrain"
      },
      "geometry": {
        "type": "LineString",
        "coordinates": [
          [
            28.1472865,
            -26.0909531
          ],
          [
            28.1481072,
            -26.0914276
          ]
        ]
      }
    },
    {
      "type": "Feature",
      "properties": {
        "id": "way/539646025",
        "name": "Gautrain",
        "network": "Gautrain"
      },
      "geometry": {
        "type": "LineString",
        "coordinates": [
          [
            28.1802589,
            -26.1034425
          ],
          [
            28.1805485,
            -26.1036328
          ],
          [
            28.1808114,
            -26.1038146
          ],
          [
            28.1817596,
            -26.1045131
          ],
          [
            28.1825227,
            -26.1050863
          ],
          [
            28.183279,
            -26.105662
          ],
          [
            28.1840408,
            -26.1062316
          ],
          [
            28.1847985,
            -26.1067976
          ],
          [
            28.1855442,
            -26.1073263
          ],
          [
            28.1859022,
            -26.1075624
          ],
          [
            28.1862389,
            -26.1077719
          ],
          [
            28.1867552,
            -26.1080778
          ],
          [
            28.1874244,
            -26.1084463
          ],
          [
            28.1881016,
            -26.1087967
          ],
          [
            28.1884819,
            -26.1089984
          ],
          [
            28.1887689,
            -26.1091459
          ],
          [
            28.191449,
            -26.1105254
          ],
          [
            28.1928465,
            -26.1112197
          ],
          [
            28.1941567,
            -26.1119139
          ]
        ]
      }
    },
    {
      "type": "Feature",
      "properties": {
        "id": "way/539646026",
        "name": "Gautrain",
        "network": "Gautrain"
      },
      "geometry": {
        "type": "LineString",
        "coordinates": [
          [
            28.1798606,
            -26.1032016
          ],
          [
            28.1802589,
            -26.1034425
          ]
        ]
      }
    },
    {
      "type": "Feature",
      "properties": {
        "id": "way/539646027",
        "name": "Gautrain",
        "network": "Gautrain"
      },
      "geometry": {
        "type": "LineString",
        "coordinates": [
          [
            28.1791002,
            -26.1027933
          ],
          [
            28.1793469,
            -26.1029234
          ],
          [
            28.1798606,
            -26.1032016
          ]
        ]
      }
    },
    {
      "type": "Feature",
      "properties": {
        "id": "way/539646028",
        "name": "Gautrain",
        "network": "Gautrain"
      },
      "geometry": {
        "type": "LineString",
        "coordinates": [
          [
            28.1783666,
            -26.1024609
          ],
          [
            28.178675,
            -26.1025886
          ],
          [
            28.1791002,
            -26.1027933
          ]
        ]
      }
    },
    {
      "type": "Feature",
      "properties": {
        "id": "way/539646029",
        "name": "Gautrain",
        "network": "Gautrain"
      },
      "geometry": {
        "type": "LineString",
        "coordinates": [
          [
            28.177173,
            -26.1020153
          ],
          [
            28.1774949,
            -26.1021201
          ],
          [
            28.1778315,
            -26.1022466
          ],
          [
            28.1783666,
            -26.1024609
          ]
        ]
      }
    },
    {
      "type": "Feature",
      "properties": {
        "id": "way/539646030",
        "name": "Gautrain",
        "network": "Gautrain"
      },
      "geometry": {
        "type": "LineString",
        "coordinates": [
          [
            28.1724764,
            -26.1011458
          ],
          [
            28.1735869,
            -26.1012831
          ],
          [
            28.1748301,
            -26.1014638
          ],
          [
            28.1752378,
            -26.1015276
          ],
          [
            28.1759445,
            -26.1016745
          ],
          [
            28.1763294,
            -26.1017685
          ],
          [
            28.176768,
            -26.1018889
          ],
          [
            28.177173,
            -26.1020153
          ]
        ]
      }
    },
    {
      "type": "Feature",
      "properties": {
        "id": "way/539646031",
        "name": "Gautrain",
        "network": "Gautrain"
      },
      "geometry": {
        "type": "LineString",
        "coordinates": [
          [
            28.1716845,
            -26.1010253
          ],
          [
            28.1724764,
            -26.1011458
          ]
        ]
      }
    },
    {
      "type": "Feature",
      "properties": {
        "id": "way/539646032",
        "name": "Gautrain",
        "network": "Gautrain"
      },
      "geometry": {
        "type": "LineString",
        "coordinates": [
          [
            28.1710951,
            -26.1009416
          ],
          [
            28.1716845,
            -26.1010253
          ]
        ]
      }
    },
    {
      "type": "Feature",
      "properties": {
        "id": "way/539649630",
        "name": "Gautrain",
        "network": "Gautrain"
      },
      "geometry": {
        "type": "LineString",
        "coordinates": [
          [
            28.2000133,
            -26.1147684
          ],
          [
            28.2012391,
            -26.1153874
          ],
          [
            28.2015958,
            -26.1155765
          ],
          [
            28.2042807,
            -26.116977
          ],
          [
            28.2068423,
            -26.1183319
          ],
          [
            28.2109357,
            -26.1204627
          ],
          [
            28.2135365,
            -26.1218208
          ],
          [
            28.2155375,
            -26.1228393
          ],
          [
            28.2163794,
            -26.1232488
          ],
          [
            28.2169441,
            -26.1234837
          ],
          [
            28.2173934,
            -26.1236413
          ],
          [
            28.217935,
            -26.1237972
          ],
          [
            28.2185615,
            -26.1239616
          ],
          [
            28.2192217,
            -26.1241205
          ],
          [
            28.2199053,
            -26.1242831
          ],
          [
            28.2204538,
            -26.1244059
          ]
        ]
      }
    },
    {
      "type": "Feature",
      "properties": {
        "id": "way/539649631",
        "name": "Gautrain",
        "network": "Gautrain"
      },
      "geometry": {
        "type": "LineString",
        "coordinates": [
          [
            28.1941567,
            -26.1119139
          ],
          [
            28.1955521,
            -26.1126292
          ],
          [
            28.1962535,
            -26.1129815
          ],
          [
            28.1966317,
            -26.1131627
          ],
          [
            28.1970039,
            -26.1133421
          ],
          [
            28.1977737,
            -26.1137016
          ],
          [
            28.1985341,
            -26.1140622
          ],
          [
            28.1991456,
            -26.1143494
          ],
          [
            28.1995306,
            -26.1145306
          ],
          [
            28.2000133,
            -26.1147684
          ]
        ]
      }
    },
    {
      "type": "Feature",
      "properties": {
        "id": "way/688736651",
        "name": "Gautrain",
        "network": "Gautrain"
      },
      "geometry": {
        "type": "LineString",
        "coordinates": [
          [
            28.1911133,
            -25.7602816
          ],
          [
            28.1914082,
            -25.760667
          ],
          [
            28.1921498,
            -25.761626
          ],
          [
            28.192814,
            -25.762432
          ]
        ]
      }
    },
    {
      "type": "Feature",
      "properties": {
        "id": "way/688736652",
        "name": "Gautrain",
        "network": "Gautrain"
      },
      "geometry": {
        "type": "LineString",
        "coordinates": [
          [
            28.1910128,
            -25.7603436
          ],
          [
            28.191339,
            -25.7607662
          ],
          [
            28.1914081,
            -25.7608584
          ],
          [
            28.1915865,
            -25.7610849
          ],
          [
            28.1919155,
            -25.761479
          ],
          [
            28.192072,
            -25.7616622
          ],
          [
            28.1922201,
            -25.7618481
          ],
          [
            28.1924488,
            -25.7621393
          ],
          [
            28.1927432,
            -25.762521
          ]
        ]
      }
    },
    {
      "type": "Feature",
      "properties": {
        "id": "way/722661547",
        "name": "Gautrain",
        "network": "Gautrain"
      },
      "geometry": {
        "type": "LineString",
        "coordinates": [
          [
            28.2386089,
            -25.7474666
          ],
          [
            28.2382603,
            -25.7475813
          ],
          [
            28.2378752,
            -25.7477324
          ],
          [
            28.2370537,
            -25.7479858
          ]
        ]
      }
    },
    {
      "type": "Feature",
      "properties": {
        "id": "way/722661548",
        "name": "Gautrain",
        "network": "Gautrain"
      },
      "geometry": {
        "type": "LineString",
        "coordinates": [
          [
            28.2386494,
            -25.7475769
          ],
          [
            28.2388933,
            -25.7474913
          ]
        ]
      }
    },
    {
      "type": "Feature",
      "properties": {
        "id": "way/722661549",
        "name": "Gautrain",
        "network": "Gautrain"
      },
      "geometry": {
        "type": "LineString",
        "coordinates": [
          [
            28.2370537,
            -25.7479858
          ],
          [
            28.2365851,
            -25.7481541
          ],
          [
            28.2360314,
            -25.7483653
          ],
          [
            28.2353836,
            -25.748619
          ],
          [
            28.234174,
            -25.7490714
          ],
          [
            28.2335588,
            -25.7492664
          ],
          [
            28.2318397,
            -25.7498266
          ],
          [
            28.2305608,
            -25.7502662
          ],
          [
            28.2301881,
            -25.750413
          ],
          [
            28.2299573,
            -25.7505197
          ],
          [
            28.2297219,
            -25.7506375
          ],
          [
            28.2293456,
            -25.7508648
          ],
          [
            28.2289167,
            -25.7511957
          ],
          [
            28.2286004,
            -25.7514809
          ],
          [
            28.2282724,
            -25.7518302
          ],
          [
            28.2272994,
            -25.7528962
          ],
          [
            28.2264014,
            -25.7538841
          ],
          [
            28.2255587,
            -25.7548071
          ],
          [
            28.2247261,
            -25.7557266
          ]
        ]
      }
    },
    {
      "type": "Feature",
      "properties": {
        "id": "way/722661550",
        "name": "Gautrain",
        "network": "Gautrain"
      },
      "geometry": {
        "type": "LineString",
        "coordinates": [
          [
            28.2370773,
            -25.7481025
          ],
          [
            28.2379177,
            -25.7478258
          ],
          [
            28.2386494,
            -25.7475769
          ]
        ]
      }
    },
    {
      "type": "Feature",
      "properties": {
        "id": "way/744423347",
        "name": "Gautrain",
        "network": "Gautrain"
      },
      "geometry": {
        "type": "LineString",
        "coordinates": [
          [
            28.1891597,
            -25.8511919
          ],
          [
            28.189653,
            -25.8518453
          ],
          [
            28.1901064,
            -25.8524776
          ]
        ]
      }
    },
    {
      "type": "Feature",
      "properties": {
        "id": "way/744423348",
        "name": "Gautrain",
        "network": "Gautrain"
      },
      "geometry": {
        "type": "LineString",
        "coordinates": [
          [
            28.1891227,
            -25.851213
          ],
          [
            28.1896017,
            -25.8518681
          ],
          [
            28.1900641,
            -25.8525005
          ]
        ]
      }
    },
    {
      "type": "Feature",
      "properties": {
        "id": "way/744423349",
        "name": "Gautrain",
        "network": "Gautrain"
      },
      "geometry": {
        "type": "LineString",
        "coordinates": [
          [
            28.1901064,
            -25.8524776
          ],
          [
            28.1902808,
            -25.8527209
          ],
          [
            28.1909367,
            -25.8535996
          ],
          [
            28.1913015,
            -25.8540872
          ],
          [
            28.1916176,
            -25.8545262
          ],
          [
            28.1919399,
            -25.8549948
          ],
          [
            28.1922246,
            -25.8554537
          ],
          [
            28.1925032,
            -25.855953
          ],
          [
            28.192705,
            -25.8563546
          ],
          [
            28.192926,
            -25.8568454
          ],
          [
            28.1931709,
            -25.8575133
          ],
          [
            28.1933475,
            -25.8581381
          ],
          [
            28.193477,
            -25.858717
          ],
          [
            28.1935631,
            -25.8593285
          ],
          [
            28.1936126,
            -25.8598256
          ],
          [
            28.1936297,
            -25.86016
          ],
          [
            28.1936425,
            -25.8604976
          ],
          [
            28.1936191,
            -25.8610563
          ],
          [
            28.1936029,
            -25.8613065
          ],
          [
            28.1935808,
            -25.861523
          ],
          [
            28.1935221,
            -25.8619575
          ],
          [
            28.1934358,
            -25.8624211
          ],
          [
            28.1932582,
            -25.8632134
          ],
          [
            28.1931281,
            -25.8636139
          ],
          [
            28.1929993,
            -25.8639807
          ],
          [
            28.1927773,
            -25.8644804
          ],
          [
            28.1926394,
            -25.864783
          ],
          [
            28.1923933,
            -25.8652549
          ],
          [
            28.1920911,
            -25.8657595
          ],
          [
            28.1918485,
            -25.8661309
          ],
          [
            28.1916489,
            -25.8663967
          ],
          [
            28.1914612,
            -25.8666396
          ],
          [
            28.1909639,
            -25.8672185
          ],
          [
            28.1907487,
            -25.8674654
          ],
          [
            28.1903863,
            -25.8678217
          ],
          [
            28.1897842,
            -25.8683666
          ],
          [
            28.1894846,
            -25.8686116
          ],
          [
            28.1889131,
            -25.8690213
          ],
          [
            28.1884503,
            -25.8693266
          ],
          [
            28.1881611,
            -25.8694996
          ],
          [
            28.1876178,
            -25.8697988
          ]
        ]
      }
    },
    {
      "type": "Feature",
      "properties": {
        "id": "way/744423350",
        "name": "Gautrain",
        "network": "Gautrain"
      },
      "geometry": {
        "type": "LineString",
        "coordinates": [
          [
            28.1900641,
            -25.8525005
          ],
          [
            28.1902501,
            -25.8527548
          ],
          [
            28.1909086,
            -25.8536346
          ],
          [
            28.1912599,
            -25.854115
          ],
          [
            28.1915684,
            -25.8545446
          ],
          [
            28.1921893,
            -25.8554824
          ],
          [
            28.192479,
            -25.8559941
          ],
          [
            28.1926694,
            -25.8563658
          ],
          [
            28.1928813,
            -25.8568582
          ],
          [
            28.1931174,
            -25.8575243
          ],
          [
            28.1933024,
            -25.8581471
          ],
          [
            28.1934339,
            -25.8587288
          ],
          [
            28.1935278,
            -25.8593394
          ],
          [
            28.1935707,
            -25.859839
          ],
          [
            28.1935948,
            -25.8601697
          ],
          [
            28.1935975,
            -25.8605076
          ],
          [
            28.1935814,
            -25.8610603
          ],
          [
            28.1935573,
            -25.8613113
          ],
          [
            28.1935331,
            -25.8615454
          ],
          [
            28.1934768,
            -25.8619654
          ],
          [
            28.1933936,
            -25.8624167
          ],
          [
            28.1932032,
            -25.8632229
          ],
          [
            28.1930852,
            -25.8636235
          ],
          [
            28.1929538,
            -25.8639783
          ],
          [
            28.1927258,
            -25.8644803
          ],
          [
            28.1925863,
            -25.864782
          ],
          [
            28.1923529,
            -25.8652309
          ],
          [
            28.1920525,
            -25.8657329
          ],
          [
            28.1918138,
            -25.866101
          ],
          [
            28.1914356,
            -25.8666042
          ],
          [
            28.1909247,
            -25.867204
          ],
          [
            28.1907195,
            -25.8674417
          ],
          [
            28.1903574,
            -25.8677965
          ],
          [
            28.1897552,
            -25.8683395
          ],
          [
            28.1894521,
            -25.8685833
          ],
          [
            28.1888768,
            -25.8689972
          ],
          [
            28.1884128,
            -25.8693025
          ],
          [
            28.1881312,
            -25.869469
          ],
          [
            28.1876001,
            -25.8697683
          ]
        ]
      }
    },
    {
      "type": "Feature",
      "properties": {
        "id": "way/746239490",
        "name": "Gautrain",
        "network": "Gautrain"
      },
      "geometry": {
        "type": "LineString",
        "coordinates": [
          [
            28.1922763,
            -25.7618502
          ],
          [
            28.1926273,
            -25.7623082
          ]
        ]
      }
    },
    {
      "type": "Feature",
      "properties": {
        "id": "way/746239491",
        "name": "Gautrain",
        "network": "Gautrain"
      },
      "geometry": {
        "type": "LineString",
        "coordinates": [
          [
            28.0996187,
            -26.0870298
          ],
          [
            28.099858,
            -26.0868954
          ]
        ]
      }
    },
    {
      "type": "Feature",
      "properties": {
        "id": "way/746239492",
        "name": "Gautrain",
        "network": "Gautrain"
      },
      "geometry": {
        "type": "LineString",
        "coordinates": [
          [
            28.1910404,
            -25.7601871
          ],
          [
            28.1911133,
            -25.7602816
          ]
        ]
      }
    },
    {
      "type": "Feature",
      "properties": {
        "id": "way/746242594",
        "name": "Gautrain",
        "network": "Gautrain"
      },
      "geometry": {
        "type": "LineString",
        "coordinates": [
          [
            28.2204538,
            -26.1244059
          ],
          [
            28.2213711,
            -26.1246142
          ],
          [
            28.2222978,
            -26.1248394
          ],
          [
            28.2226056,
            -26.1249411
          ],
          [
            28.2228591,
            -26.1250585
          ],
          [
            28.2230951,
            -26.1251976
          ],
          [
            28.2233271,
            -26.1253734
          ],
          [
            28.2235283,
            -26.125554
          ],
          [
            28.2236799,
            -26.125731
          ],
          [
            28.223885,
            -26.1260296
          ],
          [
            28.2241304,
            -26.1264534
          ],
          [
            28.2245859,
            -26.1272714
          ]
        ]
      }
    },
    {
      "type": "Feature",
      "properties": {
        "id": "way/746242595",
        "name": "Gautrain",
        "network": "Gautrain"
      },
      "geometry": {
        "type": "LineString",
        "coordinates": [
          [
            28.0996531,
            -26.0870727
          ],
          [
            28.0998788,
            -26.0869452
          ]
        ]
      }
    },
    {
      "type": "Feature",
      "properties": {
        "id": "way/746242596",
        "name": "Gautrain",
        "network": "Gautrain"
      },
      "geometry": {
        "type": "LineString",
        "coordinates": [
          [
            28.0572528,
            -26.1080995
          ],
          [
            28.0586502,
            -26.1071186
          ],
          [
            28.0594445,
            -26.106604
          ],
          [
            28.0601905,
            -26.1061684
          ],
          [
            28.0617964,
            -26.1052609
          ],
          [
            28.0636927,
            -26.1042349
          ],
          [
            28.0645027,
            -26.1038459
          ],
          [
            28.0651196,
            -26.1035642
          ],
          [
            28.0715356,
            -26.1010399
          ],
          [
            28.0783242,
            -26.0984613
          ],
          [
            28.080203,
            -26.0977519
          ],
          [
            28.0812988,
            -26.0973292
          ],
          [
            28.082031,
            -26.0969318
          ],
          [
            28.0825513,
            -26.0965729
          ],
          [
            28.0833131,
            -26.095908
          ],
          [
            28.0855554,
            -26.0936317
          ],
          [
            28.0864674,
            -26.0928151
          ],
          [
            28.0873069,
            -26.0921985
          ],
          [
            28.0880097,
            -26.0917504
          ],
          [
            28.0888907,
            -26.0912723
          ],
          [
            28.0897517,
            -26.09087
          ],
          [
            28.0905765,
            -26.0905484
          ],
          [
            28.0913457,
            -26.0902843
          ],
          [
            28.0950055,
            -26.089185
          ],
          [
            28.0956921,
            -26.0889513
          ],
          [
            28.0962038,
            -26.0887598
          ],
          [
            28.0971225,
            -26.0883587
          ],
          [
            28.0979714,
            -26.0879636
          ],
          [
            28.0987934,
            -26.0875493
          ],
          [
            28.0996531,
            -26.0870727
          ]
        ]
      }
    },
    {
      "type": "Feature",
      "properties": {
        "id": "way/754502372",
        "name": "Gautrain",
        "network": "Gautrain"
      },
      "geometry": {
        "type": "LineString",
        "coordinates": [
          [
            28.189749,
            -25.7588004
          ],
          [
            28.1903771,
            -25.7595762
          ],
          [
            28.1910128,
            -25.7603436
          ]
        ]
      }
    },
    {
      "type": "Feature",
      "properties": {
        "id": "way/754502373",
        "name": "Gautrain",
        "network": "Gautrain"
      },
      "geometry": {
        "type": "LineString",
        "coordinates": [
          [
            28.1911133,
            -25.7602816
          ],
          [
            28.1914222,
            -25.7607328
          ],
          [
            28.1915342,
            -25.7608917
          ],
          [
            28.1918467,
            -25.7612975
          ]
        ]
      }
    },
    {
      "type": "Feature",
      "properties": {
        "id": "way/818541697",
        "name": "Gautrain",
        "network": "Gautrain"
      },
      "geometry": {
        "type": "LineString",
        "coordinates": [
          [
            28.1907872,
            -25.7803529
          ],
          [
            28.1905518,
            -25.7809645
          ],
          [
            28.1903212,
            -25.7815683
          ]
        ]
      }
    },
    {
      "type": "Feature",
      "properties": {
        "id": "way/833000526",
        "name": "Gautrain",
        "network": "Gautrain"
      },
      "geometry": {
        "type": "LineString",
        "coordinates": [
          [
            28.1446968,
            -26.0894758
          ],
          [
            28.1443535,
            -26.0892566
          ],
          [
            28.1439873,
            -26.0890192
          ]
        ]
      }
    },
    {
      "type": "Feature",
      "properties": {
        "id": "way/833000527",
        "name": "Gautrain",
        "network": "Gautrain"
      },
      "geometry": {
        "type": "LineString",
        "coordinates": [
          [
            28.141489,
            -26.0876017
          ],
          [
            28.1422428,
            -26.0879965
          ]
        ]
      }
    },
    {
      "type": "Feature",
      "properties": {
        "id": "way/833000537",
        "name": "Unnamed",
        "network": "Gautrain"
      },
      "geometry": {
        "type": "LineString",
        "coordinates": [
          [
            28.1192212,
            -26.0446169
          ],
          [
            28.1192527,
            -26.0447813
          ],
          [
            28.1192896,
            -26.0449681
          ]
        ]
      }
    },
    {
      "type": "Feature",
      "properties": {
        "id": "way/833000538",
        "name": "Unnamed",
        "network": "Gautrain"
      },
      "geometry": {
        "type": "LineString",
        "coordinates": [
          [
            28.1193573,
            -26.0435162
          ],
          [
            28.1193292,
            -26.0436999
          ],
          [
            28.1192936,
            -26.0439156
          ],
          [
            28.1192782,
            -26.0440301
          ],
          [
            28.1192615,
            -26.0441464
          ],
          [
            28.119254,
            -26.0442584
          ],
          [
            28.11925,
            -26.0444066
          ]
        ]
      }
    },
    {
      "type": "Feature",
      "properties": {
        "id": "way/833000539",
        "name": "Unnamed",
        "network": "Gautrain"
      },
      "geometry": {
        "type": "LineString",
        "coordinates": [
          [
            28.119071,
            -26.0431884
          ],
          [
            28.1190569,
            -26.0433155
          ],
          [
            28.1190475,
            -26.0434993
          ],
          [
            28.1190488,
            -26.043633
          ],
          [
            28.1190649,
            -26.0437752
          ],
          [
            28.1190844,
            -26.0438945
          ],
          [
            28.119126,
            -26.0441072
          ],
          [
            28.1191675,
            -26.0443247
          ],
          [
            28.1192212,
            -26.0446169
          ]
        ]
      }
    },
    {
      "type": "Feature",
      "properties": {
        "id": "way/833000540",
        "name": "Unnamed",
        "network": "Gautrain"
      },
      "geometry": {
        "type": "LineString",
        "coordinates": [
          [
            28.1201868,
            -26.0400893
          ],
          [
            28.119997,
            -26.0403158
          ],
          [
            28.1199313,
            -26.0404026
          ],
          [
            28.1198549,
            -26.0405128
          ],
          [
            28.1197858,
            -26.0406381
          ],
          [
            28.1197429,
            -26.0407261
          ],
          [
            28.119643,
            -26.0409852
          ],
          [
            28.119598,
            -26.0411358
          ],
          [
            28.1195544,
            -26.0413129
          ],
          [
            28.1195156,
            -26.0415629
          ],
          [
            28.1194385,
            -26.0420277
          ],
          [
            28.1192795,
            -26.0429866
          ]
        ]
      }
    },
    {
      "type": "Feature",
      "properties": {
        "id": "way/833000541",
        "name": "Unnamed",
        "network": "Gautrain"
      },
      "geometry": {
        "type": "LineString",
        "coordinates": [
          [
            28.1193573,
            -26.0435162
          ],
          [
            28.1194396,
            -26.0430076
          ],
          [
            28.1195966,
            -26.0420484
          ],
          [
            28.1196584,
            -26.0416497
          ],
          [
            28.1197093,
            -26.0413629
          ],
          [
            28.119757,
            -26.0410858
          ],
          [
            28.1197898,
            -26.0409496
          ],
          [
            28.1198341,
            -26.0408183
          ],
          [
            28.1198864,
            -26.0406797
          ],
          [
            28.1199393,
            -26.0405586
          ],
          [
            28.1200077,
            -26.0404267
          ],
          [
            28.1200768,
            -26.0403026
          ],
          [
            28.120176,
            -26.0401562
          ],
          [
            28.1202766,
            -26.0400019
          ],
          [
            28.1203363,
            -26.0399194
          ],
          [
            28.1203906,
            -26.0398465
          ]
        ]
      }
    },
    {
      "type": "Feature",
      "properties": {
        "id": "way/833000542",
        "name": "Gautrain",
        "network": "Gautrain"
      },
      "geometry": {
        "type": "LineString",
        "coordinates": [
          [
            28.1207232,
            -26.0516395
          ],
          [
            28.1206689,
            -26.0513064
          ],
          [
            28.1206434,
            -26.0511702
          ],
          [
            28.1205958,
            -26.0508642
          ]
        ]
      }
    },
    {
      "type": "Feature",
      "properties": {
        "id": "way/833000543",
        "name": "Unnamed",
        "network": "Gautrain"
      },
      "geometry": {
        "type": "LineString",
        "coordinates": [
          [
            28.1203712,
            -26.0494901
          ],
          [
            28.1203551,
            -26.0492895
          ],
          [
            28.1203537,
            -26.0491237
          ],
          [
            28.1203497,
            -26.0490506
          ],
          [
            28.120326,
            -26.0488807
          ]
        ]
      }
    },
    {
      "type": "Feature",
      "properties": {
        "id": "way/833000544",
        "name": "Unnamed",
        "network": "Gautrain"
      },
      "geometry": {
        "type": "LineString",
        "coordinates": [
          [
            28.1200774,
            -26.0480261
          ],
          [
            28.1202391,
            -26.0487141
          ],
          [
            28.1202967,
            -26.0490238
          ],
          [
            28.1203269,
            -26.0491792
          ],
          [
            28.1203712,
            -26.0494901
          ],
          [
            28.120392,
            -26.0496611
          ],
          [
            28.1204114,
            -26.0499683
          ]
        ]
      }
    },
    {
      "type": "Feature",
      "properties": {
        "id": "way/833000626",
        "name": "Gautrain",
        "network": "Gautrain"
      },
      "geometry": {
        "type": "LineString",
        "coordinates": [
          [
            28.2109357,
            -26.1204627
          ],
          [
            28.2105558,
            -26.1202872
          ],
          [
            28.2101573,
            -26.120098
          ]
        ]
      }
    },
    {
      "type": "Feature",
      "properties": {
        "id": "way/868619712",
        "name": "Gautrain",
        "network": "Gautrain"
      },
      "geometry": {
        "type": "LineString",
        "coordinates": [
          [
            28.1993783,
            -25.7614708
          ],
          [
            28.1990502,
            -25.7617316
          ],
          [
            28.1985462,
            -25.7621363
          ],
          [
            28.1982699,
            -25.7623567
          ],
          [
            28.1979876,
            -25.762579
          ],
          [
            28.1972704,
            -25.7631572
          ],
          [
            28.1969435,
            -25.7633971
          ]
        ]
      }
    },
    {
      "type": "Feature",
      "properties": {
        "id": "way/868619713",
        "name": "Gautrain",
        "network": "Gautrain"
      },
      "geometry": {
        "type": "LineString",
        "coordinates": [
          [
            28.1998994,
            -25.7610535
          ],
          [
            28.1993783,
            -25.7614708
          ]
        ]
      }
    },
    {
      "type": "Feature",
      "properties": {
        "id": "way/868619714",
        "name": "Gautrain",
        "network": "Gautrain"
      },
      "geometry": {
        "type": "LineString",
        "coordinates": [
          [
            28.1993495,
            -25.7615475
          ],
          [
            28.1999296,
            -25.7610849
          ]
        ]
      }
    },
    {
      "type": "Feature",
      "properties": {
        "id": "way/868619715",
        "name": "Gautrain",
        "network": "Gautrain"
      },
      "geometry": {
        "type": "LineString",
        "coordinates": [
          [
            28.196969,
            -25.7634305
          ],
          [
            28.1970797,
            -25.7633532
          ],
          [
            28.1972963,
            -25.7631898
          ],
          [
            28.1980285,
            -25.7626098
          ],
          [
            28.1983155,
            -25.7623767
          ],
          [
            28.1985924,
            -25.7621538
          ],
          [
            28.1986669,
            -25.7620934
          ],
          [
            28.1990833,
            -25.7617619
          ],
          [
            28.1993495,
            -25.7615475
          ]
        ]
      }
    },
    {
      "type": "Feature",
      "properties": {
        "id": "way/1086092323",
        "name": "Unnamed",
        "network": "Gautrain"
      },
      "geometry": {
        "type": "LineString",
        "coordinates": [
          [
            28.1099704,
            -26.0838161
          ],
          [
            28.1106218,
            -26.0836894
          ]
        ]
      }
    },
    {
      "type": "Feature",
      "properties": {
        "id": "way/1086092324",
        "name": "Unnamed",
        "network": "Gautrain"
      },
      "geometry": {
        "type": "LineString",
        "coordinates": [
          [
            28.1132175,
            -26.082883
          ],
          [
            28.1133577,
            -26.0828399
          ]
        ]
      }
    },
    {
      "type": "Feature",
      "properties": {
        "id": "way/1086092325",
        "name": "Unnamed",
        "network": "Gautrain"
      },
      "geometry": {
        "type": "LineString",
        "coordinates": [
          [
            28.1132985,
            -26.0830068
          ],
          [
            28.1133889,
            -26.08298
          ]
        ]
      }
    },
    {
      "type": "Feature",
      "properties": {
        "id": "way/1086092326",
        "name": "Unnamed",
        "network": "Gautrain"
      },
      "geometry": {
        "type": "LineString",
        "coordinates": [
          [
            28.1127307,
            -26.0831753
          ],
          [
            28.1132985,
            -26.0830068
          ]
        ]
      }
    },
    {
      "type": "Feature",
      "properties": {
        "id": "way/1086092327",
        "name": "Unnamed",
        "network": "Gautrain"
      },
      "geometry": {
        "type": "LineString",
        "coordinates": [
          [
            28.11269,
            -26.0830451
          ],
          [
            28.1132175,
            -26.082883
          ]
        ]
      }
    },
    {
      "type": "Feature",
      "properties": {
        "id": "way/1086094081",
        "name": "Unnamed",
        "network": "Gautrain"
      },
      "geometry": {
        "type": "LineString",
        "coordinates": [
          [
            28.2284047,
            -26.1316118
          ],
          [
            28.2292938,
            -26.1317647
          ]
        ]
      }
    },
    {
      "type": "Feature",
      "properties": {
        "id": "way/1086094082",
        "name": "Unnamed",
        "network": "Gautrain"
      },
      "geometry": {
        "type": "LineString",
        "coordinates": [
          [
            28.2252958,
            -26.1285228
          ],
          [
            28.2256637,
            -26.1292609
          ]
        ]
      }
    },
    {
      "type": "Feature",
      "properties": {
        "id": "way/1086094083",
        "name": "Unnamed",
        "network": "Gautrain"
      },
      "geometry": {
        "type": "LineString",
        "coordinates": [
          [
            28.1075891,
            -26.0841951
          ],
          [
            28.1077439,
            -26.0841713
          ]
        ]
      }
    },
    {
      "type": "Feature",
      "properties": {
        "id": "way/1086094084",
        "name": "Unnamed",
        "network": "Gautrain"
      },
      "geometry": {
        "type": "LineString",
        "coordinates": [
          [
            28.10691,
            -26.0842998
          ],
          [
            28.1075891,
            -26.0841951
          ]
        ]
      }
    },
    {
      "type": "Feature",
      "properties": {
        "id": "way/1133617128",
        "name": "Unnamed",
        "network": "Gautrain"
      },
      "geometry": {
        "type": "LineString",
        "coordinates": [
          [
            28.2318397,
            -25.7498266
          ],
          [
            28.232574,
            -25.7496333
          ]
        ]
      }
    },
    {
      "type": "Feature",
      "properties": {
        "id": "way/1435659590",
        "name": "Gautrain",
        "network": "Gautrain"
      },
      "geometry": {
        "type": "LineString",
        "coordinates": [
          [
            28.1927432,
            -25.762521
          ],
          [
            28.192979,
            -25.7628311
          ]
        ]
      }
    },
    {
      "type": "Feature",
      "properties": {
        "id": "way/1435659591",
        "name": "Gautrain",
        "network": "Gautrain"
      },
      "geometry": {
        "type": "LineString",
        "coordinates": [
          [
            28.1926273,
            -25.7623082
          ],
          [
            28.1928713,
            -25.7625941
          ],
          [
            28.1930467,
            -25.7627968
          ]
        ]
      }
    }
  ]
}