{
  "type": "FeatureCollection",
  "features": [
    {
      "type": "Feature",
      "properties": {
        "id": "node/29272317",
        "name": "Bosmanstraat",
        "network": "PRASA"
      },
      "geometry": {
        "type": "Point",
        "coordinates": [
          28.1850788,
          -25.7568557
        ]
      }
    },
    {
      "type": "Feature",
      "properties": {
        "id": "node/247644567",
        "name": "Barracks",
        "network": "PRASA"
      },
      "geometry": {
        "type": "Point",
        "coordinates": [
          28.179276,
          -25.7556537
        ]
      }
    },
    {
      "type": "Feature",
      "properties": {
        "id": "node/247644569",
        "name": "Atteridgeville",
        "network": "PRASA"
      },
      "geometry": {
        "type": "Point",
        "coordinates": [
          28.0748568,
          -25.7629818
        ]
      }
    },
    {
      "type": "Feature",
      "properties": {
        "id": "node/247644600",
        "name": "Denneboom",
        "network": "PRASA"
      },
      "geometry": {
        "type": "Point",
        "coordinates": [
          28.3368342,
          -25.7191548
        ]
      }
    },
    {
      "type": "Feature",
      "properties": {
        "id": "node/247644616",
        "name": "Eerste Fabrieke",
        "network": "PRASA"
      },
      "geometry": {
        "type": "Point",
        "coordinates": [
          28.3597885,
          -25.722104
        ]
      }
    },
    {
      "type": "Feature",
      "properties": {
        "id": "node/247644640",
        "name": "Elektro",
        "network": "PRASA"
      },
      "geometry": {
        "type": "Point",
        "coordinates": [
          28.1452534,
          -25.7613126
        ]
      }
    },
    {
      "type": "Feature",
      "properties": {
        "id": "node/247644653",
        "name": "Gezina",
        "network": "PRASA"
      },
      "geometry": {
        "type": "Point",
        "coordinates": [
          28.2051659,
          -25.7219929
        ]
      }
    },
    {
      "type": "Feature",
      "properties": {
        "id": "node/247644669",
        "name": "Hercules",
        "network": "PRASA"
      },
      "geometry": {
        "type": "Point",
        "coordinates": [
          28.1673038,
          -25.7242764
        ]
      }
    },
    {
      "type": "Feature",
      "properties": {
        "id": "node/247644688",
        "name": "Kalafong",
        "network": "PRASA"
      },
      "geometry": {
        "type": "Point",
        "coordinates": [
          28.0884472,
          -25.7602464
        ]
      }
    },
    {
      "type": "Feature",
      "properties": {
        "id": "node/247644705",
        "name": "Koedoespoort",
        "network": "PRASA"
      },
      "geometry": {
        "type": "Point",
        "coordinates": [
          28.2789839,
          -25.7263195
        ]
      }
    },
    {
      "type": "Feature",
      "properties": {
        "id": "node/247644714",
        "name": "Mamelodi Gardens",
        "network": "PRASA"
      },
      "geometry": {
        "type": "Point",
        "coordinates": [
          28.385067,
          -25.727054
        ]
      }
    },
    {
      "type": "Feature",
      "properties": {
        "id": "node/247644780",
        "name": "Rebecca",
        "network": "PRASA"
      },
      "geometry": {
        "type": "Point",
        "coordinates": [
          28.1534797,
          -25.7585732
        ]
      }
    },
    {
      "type": "Feature",
      "properties": {
        "id": "node/247644802",
        "name": "Pretoria-Wes",
        "network": "PRASA"
      },
      "geometry": {
        "type": "Point",
        "coordinates": [
          28.1676538,
          -25.7560941
        ]
      }
    },
    {
      "type": "Feature",
      "properties": {
        "id": "node/247644828",
        "name": "Saulsville",
        "network": "PRASA"
      },
      "geometry": {
        "type": "Point",
        "coordinates": [
          28.0616929,
          -25.7640196
        ]
      }
    },
    {
      "type": "Feature",
      "properties": {
        "id": "node/247644831",
        "name": "Sportpark",
        "network": "PRASA"
      },
      "geometry": {
        "type": "Point",
        "coordinates": [
          28.2057381,
          -25.8246364
        ]
      }
    },
    {
      "type": "Feature",
      "properties": {
        "id": "node/247644866",
        "name": "Waltloo",
        "network": "PRASA"
      },
      "geometry": {
        "type": "Point",
        "coordinates": [
          28.3213512,
          -25.7169776
        ]
      }
    },
    {
      "type": "Feature",
      "properties": {
        "id": "node/847234038",
        "name": "Schuttestraat",
        "network": "PRASA"
      },
      "geometry": {
        "type": "Point",
        "coordinates": [
          28.1598043,
          -25.7507244
        ]
      }
    },
    {
      "type": "Feature",
      "properties": {
        "id": "node/847234039",
        "name": "Kopanong",
        "network": "PRASA"
      },
      "geometry": {
        "type": "Point",
        "coordinates": [
          28.0907264,
          -25.5816326
        ]
      }
    },
    {
      "type": "Feature",
      "properties": {
        "id": "node/7057641237",
        "name": "Hartbeesspruit",
        "network": "PRASA"
      },
      "geometry": {
        "type": "Point",
        "coordinates": [
          28.2411526,
          -25.7465851
        ]
      }
    },
    {
      "type": "Feature",
      "properties": {
        "id": "node/7058698266",
        "name": "Irene",
        "network": "PRASA"
      },
      "geometry": {
        "type": "Point",
        "coordinates": [
          28.2244091,
          -25.8753971
        ]
      }
    },
    {
      "type": "Feature",
      "properties": {
        "id": "node/7059609614",
        "name": "Cor Delfos",
        "network": "PRASA"
      },
      "geometry": {
        "type": "Point",
        "coordinates": [
          28.1332076,
          -25.7670013
        ]
      }
    },
    {
      "type": "Feature",
      "properties": {
        "id": "node/7221454185",
        "name": "Mountain View",
        "network": "PRASA"
      },
      "geometry": {
        "type": "Point",
        "coordinates": [
          28.1711548,
          -25.7012375
        ]
      }
    },
    {
      "type": "Feature",
      "properties": {
        "id": "node/7299886432",
        "name": "Belle Ombre",
        "network": "PRASA"
      },
      "geometry": {
        "type": "Point",
        "coordinates": [
          28.1787372,
          -25.7373682
        ]
      }
    },
    {
      "type": "Feature",
      "properties": {
        "id": "node/8820861091",
        "name": "Capital Park",
        "network": "PRASA"
      },
      "geometry": {
        "type": "Point",
        "coordinates": [
          28.1893495,
          -25.7220612
        ]
      }
    },
    {
      "type": "Feature",
      "properties": {
        "id": "node/8821278654",
        "name": "Deerness",
        "network": "PRASA"
      },
      "geometry": {
        "type": "Point",
        "coordinates": [
          28.2154949,
          -25.720601
        ]
      }
    },
    {
      "type": "Feature",
      "properties": {
        "id": "node/8821278656",
        "name": "Villieria",
        "network": "PRASA"
      },
      "geometry": {
        "type": "Point",
        "coordinates": [
          28.2288408,
          -25.7198173
        ]
      }
    },
    {
      "type": "Feature",
      "properties": {
        "id": "node/8821278658",
        "name": "Pierneefsrus",
        "network": "PRASA"
      },
      "geometry": {
        "type": "Point",
        "coordinates": [
          28.2392934,
          -25.7197345
        ]
      }
    },
    {
      "type": "Feature",
      "properties": {
        "id": "node/8821278659",
        "name": "Queenswood",
        "network": "PRASA"
      },
      "geometry": {
        "type": "Point",
        "coordinates": [
          28.2520413,
          -25.7220833
        ]
      }
    },
    {
      "type": "Feature",
      "properties": {
        "id": "node/8821278660",
        "name": "Rissik",
        "network": "PRASA"
      },
      "geometry": {
        "type": "Point",
        "coordinates": [
          28.2323607,
          -25.7496095
        ]
      }
    },
    {
      "type": "Feature",
      "properties": {
        "id": "node/8821278661",
        "name": "Wonderboom",
        "network": "PRASA"
      },
      "geometry": {
        "type": "Point",
        "coordinates": [
          28.1825194,
          -25.6800035
        ]
      }
    },
    {
      "type": "Feature",
      "properties": {
        "id": "node/8821278662",
        "name": "Pretoria-Noord",
        "network": "PRASA"
      },
      "geometry": {
        "type": "Point",
        "coordinates": [
          28.1818756,
          -25.6709843
        ]
      }
    },
    {
      "type": "Feature",
      "properties": {
        "id": "node/8821278663",
        "name": "Wolmerton",
        "network": "PRASA"
      },
      "geometry": {
        "type": "Point",
        "coordinates": [
          28.1663752,
          -25.6569017
        ]
      }
    },
    {
      "type": "Feature",
      "properties": {
        "id": "node/8821278664",
        "name": "Winternest",
        "network": "PRASA"
      },
      "geometry": {
        "type": "Point",
        "coordinates": [
          28.1282182,
          -25.6467802
        ]
      }
    },
    {
      "type": "Feature",
      "properties": {
        "id": "node/8821278665",
        "name": "Rosslyn",
        "network": "PRASA"
      },
      "geometry": {
        "type": "Point",
        "coordinates": [
          28.0945402,
          -25.6377081
        ]
      }
    },
    {
      "type": "Feature",
      "properties": {
        "id": "node/8867390728",
        "name": "Devenish Street",
        "network": "PRASA"
      },
      "geometry": {
        "type": "Point",
        "coordinates": [
          28.2053442,
          -25.7599655
        ]
      }
    },
    {
      "type": "Feature",
      "properties": {
        "id": "node/8867459915",
        "name": "Mears Street",
        "network": "PRASA"
      },
      "geometry": {
        "type": "Point",
        "coordinates": [
          28.1978633,
          -25.7625627
        ]
      }
    },
    {
      "type": "Feature",
      "properties": {
        "id": "node/8870092628",
        "name": "Walker Street",
        "network": "PRASA"
      },
      "geometry": {
        "type": "Point",
        "coordinates": [
          28.2134772,
          -25.7601159
        ]
      }
    },
    {
      "type": "Feature",
      "properties": {
        "id": "node/8870092642",
        "name": "Loftus Versveldpark",
        "network": "PRASA"
      },
      "geometry": {
        "type": "Point",
        "coordinates": [
          28.2253272,
          -25.7549181
        ]
      }
    },
    {
      "type": "Feature",
      "properties": {
        "id": "node/9168944956",
        "name": "Pinedene",
        "network": "PRASA"
      },
      "geometry": {
        "type": "Point",
        "coordinates": [
          28.2288636,
          -25.9137402
        ]
      }
    },
    {
      "type": "Feature",
      "properties": {
        "id": "node/9168944957",
        "name": "Centurion",
        "network": "PRASA"
      },
      "geometry": {
        "type": "Point",
        "coordinates": [
          28.2108816,
          -25.8348708
        ]
      }
    },
    {
      "type": "Feature",
      "properties": {
        "id": "node/9168944958",
        "name": "Kloofsig",
        "network": "PRASA"
      },
      "geometry": {
        "type": "Point",
        "coordinates": [
          28.201164,
          -25.8133893
        ]
      }
    },
    {
      "type": "Feature",
      "properties": {
        "id": "node/9169149812",
        "name": "Lynross",
        "network": "PRASA"
      },
      "geometry": {
        "type": "Point",
        "coordinates": [
          28.0820877,
          -25.6342555
        ]
      }
    },
    {
      "type": "Feature",
      "properties": {
        "id": "node/9169149813",
        "name": "Daspoort",
        "network": "PRASA"
      },
      "geometry": {
        "type": "Point",
        "coordinates": [
          28.1658634,
          -25.7147787
        ]
      }
    },
    {
      "type": "Feature",
      "properties": {
        "id": "node/9169149814",
        "name": "Technikon Rant",
        "network": "PRASA"
      },
      "geometry": {
        "type": "Point",
        "coordinates": [
          28.1671435,
          -25.7327736
        ]
      }
    },
    {
      "type": "Feature",
      "properties": {
        "id": "node/9169149815",
        "name": "Golf",
        "network": "PRASA"
      },
      "geometry": {
        "type": "Point",
        "coordinates": [
          28.1610939,
          -25.7400867
        ]
      }
    },
    {
      "type": "Feature",
      "properties": {
        "id": "node/9169397864",
        "name": "Akasiaboom",
        "network": "PRASA"
      },
      "geometry": {
        "type": "Point",
        "coordinates": [
          28.1072957,
          -25.6238538
        ]
      }
    },
    {
      "type": "Feature",
      "properties": {
        "id": "node/9169620692",
        "name": "Silverton",
        "network": "PRASA"
      },
      "geometry": {
        "type": "Point",
        "coordinates": [
          28.2968589,
          -25.72742
        ]
      }
    },
    {
      "type": "Feature",
      "properties": {
        "id": "node/9169620693",
        "name": "Eersterust",
        "network": "PRASA"
      },
      "geometry": {
        "type": "Point",
        "coordinates": [
          28.3064556,
          -25.7206225
        ]
      }
    },
    {
      "type": "Feature",
      "properties": {
        "id": "way/4251316",
        "name": "Unnamed",
        "network": "PRASA"
      },
      "geometry": {
        "type": "LineString",
        "coordinates": [
          [
            28.1946518,
            -25.7641082
          ],
          [
            28.1948474,
            -25.7641168
          ],
          [
            28.1950256,
            -25.7641187
          ],
          [
            28.1951871,
            -25.7641126
          ],
          [
            28.195317,
            -25.764101
          ],
          [
            28.1954394,
            -25.7640848
          ]
        ]
      }
    },
    {
      "type": "Feature",
      "properties": {
        "id": "way/4251408",
        "name": "Unnamed",
        "network": "PRASA"
      },
      "geometry": {
        "type": "LineString",
        "coordinates": [
          [
            28.1684777,
            -25.7298785
          ],
          [
            28.16846,
            -25.7299534
          ],
          [
            28.1683271,
            -25.7305516
          ],
          [
            28.1682815,
            -25.7307256
          ],
          [
            28.1682171,
            -25.7309116
          ],
          [
            28.1681259,
            -25.7311279
          ],
          [
            28.1680159,
            -25.7313411
          ],
          [
            28.1678783,
            -25.7315681
          ],
          [
            28.1675197,
            -25.7321366
          ],
          [
            28.1671557,
            -25.7327142
          ],
          [
            28.1667901,
            -25.7333049
          ],
          [
            28.1666011,
            -25.733619
          ],
          [
            28.1663412,
            -25.7340186
          ]
        ]
      }
    },
    {
      "type": "Feature",
      "properties": {
        "id": "way/4251729",
        "name": "Unnamed",
        "network": "PRASA"
      },
      "geometry": {
        "type": "LineString",
        "coordinates": [
          [
            28.1998707,
            -25.7609415
          ],
          [
            28.2002596,
            -25.7606318
          ],
          [
            28.2004639,
            -25.7604689
          ],
          [
            28.2006135,
            -25.7603554
          ],
          [
            28.2007791,
            -25.7602322
          ],
          [
            28.2009273,
            -25.7601337
          ],
          [
            28.2010809,
            -25.7600504
          ],
          [
            28.2012156,
            -25.7599816
          ],
          [
            28.2013866,
            -25.7599043
          ],
          [
            28.2015442,
            -25.7598433
          ],
          [
            28.2016877,
            -25.7597931
          ],
          [
            28.2018171,
            -25.7597569
          ],
          [
            28.2019499,
            -25.7597261
          ],
          [
            28.2021591,
            -25.7596844
          ],
          [
            28.2023495,
            -25.7596591
          ],
          [
            28.2025152,
            -25.7596458
          ],
          [
            28.2026667,
            -25.7596397
          ],
          [
            28.2028672,
            -25.7596452
          ],
          [
            28.2031844,
            -25.7596693
          ],
          [
            28.2056161,
            -25.7599851
          ],
          [
            28.2090282,
            -25.7604164
          ],
          [
            28.2099617,
            -25.7605408
          ],
          [
            28.2109025,
            -25.7606868
          ],
          [
            28.2113264,
            -25.7607042
          ],
          [
            28.2116543,
            -25.7606918
          ],
          [
            28.2118856,
            -25.7606559
          ],
          [
            28.2121771,
            -25.7605829
          ],
          [
            28.2124029,
            -25.7605039
          ],
          [
            28.2131955,
            -25.7602061
          ],
          [
            28.2139613,
            -25.7599225
          ]
        ]
      }
    },
    {
      "type": "Feature",
      "properties": {
        "id": "way/4251762",
        "name": "Unnamed",
        "network": "PRASA"
      },
      "geometry": {
        "type": "LineString",
        "coordinates": [
          [
            28.218609,
            -25.7601207
          ],
          [
            28.2189471,
            -25.7601106
          ],
          [
            28.2191442,
            -25.7600951
          ],
          [
            28.2193095,
            -25.7600705
          ],
          [
            28.2194549,
            -25.7600438
          ]
        ]
      }
    },
    {
      "type": "Feature",
      "properties": {
        "id": "way/4258578",
        "name": "Unnamed",
        "network": "PRASA"
      },
      "geometry": {
        "type": "LineString",
        "coordinates": [
          [
            28.3077447,
            -25.7193714
          ],
          [
            28.3080655,
            -25.7190956
          ],
          [
            28.308274,
            -25.7189264
          ],
          [
            28.3084631,
            -25.7187881
          ],
          [
            28.3086247,
            -25.7186757
          ],
          [
            28.3088064,
            -25.7185609
          ],
          [
            28.3089774,
            -25.71846
          ],
          [
            28.3091263,
            -25.718376
          ],
          [
            28.3092818,
            -25.7182927
          ],
          [
            28.309538,
            -25.7181694
          ],
          [
            28.3098411,
            -25.7180371
          ],
          [
            28.3100657,
            -25.7179501
          ],
          [
            28.310238,
            -25.7178921
          ],
          [
            28.3105015,
            -25.7178046
          ],
          [
            28.3107121,
            -25.7177478
          ],
          [
            28.3109757,
            -25.7176849
          ],
          [
            28.3112687,
            -25.7176281
          ],
          [
            28.3114719,
            -25.7175919
          ],
          [
            28.3117206,
            -25.7175605
          ],
          [
            28.3119748,
            -25.7175369
          ],
          [
            28.3128813,
            -25.7174812
          ],
          [
            28.3129625,
            -25.7174771
          ],
          [
            28.3132636,
            -25.7174421
          ],
          [
            28.3137497,
            -25.7173762
          ],
          [
            28.3139164,
            -25.717357
          ],
          [
            28.3141476,
            -25.7173399
          ],
          [
            28.3142699,
            -25.7173344
          ],
          [
            28.3147395,
            -25.7173128
          ],
          [
            28.315682,
            -25.7172556
          ]
        ]
      }
    },
    {
      "type": "Feature",
      "properties": {
        "id": "way/4258777",
        "name": "Unnamed",
        "network": "PRASA"
      },
      "geometry": {
        "type": "LineString",
        "coordinates": [
          [
            28.2937019,
            -25.7275168
          ],
          [
            28.2943587,
            -25.727504
          ],
          [
            28.2948435,
            -25.7274865
          ],
          [
            28.2952943,
            -25.7274614
          ],
          [
            28.2955885,
            -25.7274394
          ],
          [
            28.296985,
            -25.7273444
          ]
        ]
      }
    },
    {
      "type": "Feature",
      "properties": {
        "id": "way/4258874",
        "name": "Unnamed",
        "network": "PRASA"
      },
      "geometry": {
        "type": "LineString",
        "coordinates": [
          [
            28.2686571,
            -25.72976
          ],
          [
            28.2688435,
            -25.7296002
          ],
          [
            28.2689761,
            -25.7294714
          ],
          [
            28.2691835,
            -25.7292673
          ],
          [
            28.2692941,
            -25.729158
          ],
          [
            28.2694215,
            -25.7290197
          ],
          [
            28.2695623,
            -25.7288397
          ],
          [
            28.2696571,
            -25.7287014
          ],
          [
            28.2697528,
            -25.7285104
          ],
          [
            28.2698037,
            -25.7283872
          ],
          [
            28.2698386,
            -25.7282905
          ],
          [
            28.2698755,
            -25.7281649
          ],
          [
            28.2699063,
            -25.7280248
          ],
          [
            28.2699231,
            -25.7279172
          ],
          [
            28.2699312,
            -25.7278314
          ],
          [
            28.2699385,
            -25.7276979
          ],
          [
            28.2699338,
            -25.727553
          ],
          [
            28.2699244,
            -25.7274322
          ],
          [
            28.2699077,
            -25.7273276
          ],
          [
            28.2698775,
            -25.7271905
          ],
          [
            28.2698453,
            -25.7270782
          ],
          [
            28.2698031,
            -25.7269622
          ],
          [
            28.2697246,
            -25.7267852
          ],
          [
            28.2696509,
            -25.7266517
          ],
          [
            28.2695818,
            -25.7265448
          ],
          [
            28.2695168,
            -25.7264505
          ],
          [
            28.2694316,
            -25.7263466
          ],
          [
            28.2693598,
            -25.7262705
          ],
          [
            28.2692908,
            -25.7261986
          ],
          [
            28.2692143,
            -25.7261279
          ],
          [
            28.2691359,
            -25.7260591
          ],
          [
            28.2690682,
            -25.7260077
          ],
          [
            28.268932,
            -25.7259135
          ],
          [
            28.2687979,
            -25.7258313
          ],
          [
            28.2687014,
            -25.7257806
          ],
          [
            28.2685719,
            -25.7257238
          ],
          [
            28.2684579,
            -25.7256785
          ],
          [
            28.2683312,
            -25.7256344
          ],
          [
            28.2682461,
            -25.7256084
          ],
          [
            28.2680945,
            -25.7255698
          ],
          [
            28.267894,
            -25.7255251
          ],
          [
            28.2675923,
            -25.7254656
          ],
          [
            28.2674984,
            -25.7254441
          ],
          [
            28.2673616,
            -25.7254218
          ],
          [
            28.2671061,
            -25.7253867
          ]
        ]
      }
    },
    {
      "type": "Feature",
      "properties": {
        "id": "way/4258875",
        "name": "Unnamed",
        "network": "PRASA"
      },
      "geometry": {
        "type": "LineString",
        "coordinates": [
          [
            28.2654032,
            -25.7252689
          ],
          [
            28.2651454,
            -25.7252363
          ],
          [
            28.2648791,
            -25.7251928
          ]
        ]
      }
    },
    {
      "type": "Feature",
      "properties": {
        "id": "way/4267075",
        "name": "Unnamed",
        "network": "PRASA"
      },
      "geometry": {
        "type": "LineString",
        "coordinates": [
          [
            28.2648791,
            -25.7251928
          ],
          [
            28.2644199,
            -25.7251125
          ],
          [
            28.2640122,
            -25.7250218
          ],
          [
            28.26363,
            -25.7249276
          ],
          [
            28.2628192,
            -25.7247264
          ]
        ]
      }
    },
    {
      "type": "Feature",
      "properties": {
        "id": "way/4303166",
        "name": "Unnamed",
        "network": "PRASA"
      },
      "geometry": {
        "type": "LineString",
        "coordinates": [
          [
            28.0950766,
            -25.5934516
          ],
          [
            28.0951457,
            -25.5935829
          ],
          [
            28.0952932,
            -25.593852
          ],
          [
            28.0954568,
            -25.5941254
          ],
          [
            28.0955996,
            -25.5943576
          ],
          [
            28.0957465,
            -25.5945747
          ],
          [
            28.0959067,
            -25.5948027
          ],
          [
            28.0962045,
            -25.5952024
          ],
          [
            28.0965625,
            -25.595679
          ],
          [
            28.0968797,
            -25.5960987
          ],
          [
            28.0972049,
            -25.5965317
          ],
          [
            28.0974939,
            -25.5969157
          ],
          [
            28.0976837,
            -25.597163
          ],
          [
            28.0978923,
            -25.5974424
          ],
          [
            28.0980565,
            -25.5976589
          ],
          [
            28.0984495,
            -25.5981796
          ],
          [
            28.0988874,
            -25.5987589
          ],
          [
            28.0993829,
            -25.5994072
          ],
          [
            28.1012604,
            -25.6018962
          ],
          [
            28.1017124,
            -25.6024925
          ],
          [
            28.1021516,
            -25.6030724
          ],
          [
            28.102627,
            -25.6037007
          ],
          [
            28.1029368,
            -25.6041143
          ],
          [
            28.103193,
            -25.6044572
          ],
          [
            28.1033472,
            -25.6046688
          ],
          [
            28.1035772,
            -25.605008
          ],
          [
            28.1038092,
            -25.6053751
          ],
          [
            28.1040245,
            -25.6057488
          ],
          [
            28.1042524,
            -25.6061939
          ],
          [
            28.1043342,
            -25.606368
          ],
          [
            28.1044415,
            -25.6066105
          ],
          [
            28.1045542,
            -25.6068838
          ],
          [
            28.1046876,
            -25.6072339
          ],
          [
            28.1047822,
            -25.6075127
          ],
          [
            28.1048908,
            -25.6078809
          ],
          [
            28.1049787,
            -25.6082147
          ],
          [
            28.1050678,
            -25.6086314
          ],
          [
            28.1051067,
            -25.6088436
          ],
          [
            28.1051631,
            -25.6091834
          ],
          [
            28.1052462,
            -25.6097748
          ],
          [
            28.1053347,
            -25.6103825
          ],
          [
            28.105442,
            -25.6111208
          ],
          [
            28.1055513,
            -25.6118785
          ],
          [
            28.1056345,
            -25.6124535
          ],
          [
            28.105733,
            -25.613144
          ],
          [
            28.1058148,
            -25.6137082
          ],
          [
            28.1058973,
            -25.6142971
          ],
          [
            28.1059751,
            -25.614831
          ],
          [
            28.106075,
            -25.6155136
          ],
          [
            28.106187,
            -25.6162894
          ],
          [
            28.1062634,
            -25.6168215
          ],
          [
            28.1063493,
            -25.6174086
          ],
          [
            28.1064317,
            -25.6179751
          ],
          [
            28.1065223,
            -25.6186136
          ],
          [
            28.1066195,
            -25.6192727
          ],
          [
            28.1066812,
            -25.6197358
          ],
          [
            28.1067114,
            -25.6200557
          ],
          [
            28.1067235,
            -25.6201978
          ],
          [
            28.1068307,
            -25.6214523
          ],
          [
            28.1068522,
            -25.6216827
          ],
          [
            28.1068797,
            -25.6219125
          ],
          [
            28.1069458,
            -25.6223736
          ],
          [
            28.1071299,
            -25.6237659
          ],
          [
            28.1073172,
            -25.62495
          ],
          [
            28.1073859,
            -25.625366
          ],
          [
            28.107508,
            -25.6259639
          ],
          [
            28.1076284,
            -25.626553
          ],
          [
            28.1077373,
            -25.6270758
          ],
          [
            28.1077773,
            -25.627313
          ],
          [
            28.1083058,
            -25.6309794
          ],
          [
            28.108436,
            -25.6318501
          ],
          [
            28.1084823,
            -25.6322014
          ],
          [
            28.1085467,
            -25.6325617
          ],
          [
            28.1086043,
            -25.6328398
          ],
          [
            28.1086486,
            -25.6330429
          ],
          [
            28.1087264,
            -25.6333458
          ],
          [
            28.1087954,
            -25.6335955
          ],
          [
            28.1089168,
            -25.633957
          ],
          [
            28.1090603,
            -25.6343518
          ],
          [
            28.1092146,
            -25.6347242
          ],
          [
            28.1093198,
            -25.6349684
          ],
          [
            28.1094847,
            -25.63531
          ],
          [
            28.1097054,
            -25.6357114
          ],
          [
            28.1099367,
            -25.6360971
          ],
          [
            28.1102619,
            -25.6365862
          ],
          [
            28.1105355,
            -25.6369598
          ],
          [
            28.1109244,
            -25.6374392
          ],
          [
            28.1111008,
            -25.6376266
          ],
          [
            28.1113885,
            -25.6379391
          ],
          [
            28.1115333,
            -25.6380897
          ],
          [
            28.1118632,
            -25.6383998
          ],
          [
            28.1120798,
            -25.6385896
          ],
          [
            28.1127195,
            -25.6391125
          ],
          [
            28.1133183,
            -25.6395895
          ],
          [
            28.1142886,
            -25.6403633
          ],
          [
            28.1149799,
            -25.6409128
          ],
          [
            28.1158074,
            -25.6415705
          ],
          [
            28.1164028,
            -25.6420457
          ],
          [
            28.1171814,
            -25.6426623
          ],
          [
            28.117465,
            -25.6428829
          ],
          [
            28.1178271,
            -25.6431471
          ],
          [
            28.1181141,
            -25.6433381
          ],
          [
            28.1184393,
            -25.6435436
          ],
          [
            28.1187759,
            -25.6437431
          ],
          [
            28.1192017,
            -25.6439734
          ],
          [
            28.1195404,
            -25.6441409
          ],
          [
            28.1198119,
            -25.6442594
          ],
          [
            28.1202237,
            -25.644428
          ],
          [
            28.1204704,
            -25.6445181
          ],
          [
            28.1207118,
            -25.6445961
          ],
          [
            28.1210357,
            -25.6446922
          ],
          [
            28.1213857,
            -25.6447913
          ],
          [
            28.1220053,
            -25.6449588
          ]
        ]
      }
    },
    {
      "type": "Feature",
      "properties": {
        "id": "way/4420058",
        "name": "Unnamed",
        "network": "PRASA"
      },
      "geometry": {
        "type": "LineString",
        "coordinates": [
          [
            28.2062309,
            -25.8256536
          ],
          [
            28.2068156,
            -25.8268234
          ]
        ]
      }
    },
    {
      "type": "Feature",
      "properties": {
        "id": "way/4420059",
        "name": "Unnamed",
        "network": "PRASA"
      },
      "geometry": {
        "type": "LineString",
        "coordinates": [
          [
            28.2126881,
            -25.8385266
          ],
          [
            28.2130167,
            -25.8391802
          ],
          [
            28.2132567,
            -25.8396546
          ],
          [
            28.2135129,
            -25.8401471
          ],
          [
            28.2136041,
            -25.8403142
          ],
          [
            28.2137201,
            -25.8405122
          ],
          [
            28.2138696,
            -25.8407506
          ],
          [
            28.2140641,
            -25.8410318
          ],
          [
            28.2142539,
            -25.8412762
          ],
          [
            28.2144195,
            -25.8414754
          ],
          [
            28.2146139,
            -25.8416999
          ],
          [
            28.2147521,
            -25.8418459
          ],
          [
            28.2149492,
            -25.8420457
          ],
          [
            28.2152979,
            -25.84238
          ],
          [
            28.2160489,
            -25.8430746
          ],
          [
            28.2166015,
            -25.8435858
          ],
          [
            28.217038,
            -25.8439931
          ],
          [
            28.2176039,
            -25.8445158
          ],
          [
            28.218308,
            -25.8451693
          ],
          [
            28.2188431,
            -25.845672
          ],
          [
            28.2190892,
            -25.8459122
          ],
          [
            28.2192937,
            -25.8461313
          ],
          [
            28.2195707,
            -25.8464469
          ],
          [
            28.2196947,
            -25.8466026
          ],
          [
            28.2198986,
            -25.8468723
          ],
          [
            28.2200307,
            -25.8470564
          ],
          [
            28.220211,
            -25.8473268
          ],
          [
            28.2203673,
            -25.8475784
          ],
          [
            28.2205047,
            -25.8478222
          ],
          [
            28.2206429,
            -25.8480793
          ],
          [
            28.2207696,
            -25.8483406
          ],
          [
            28.2209118,
            -25.8486689
          ],
          [
            28.2210144,
            -25.8489271
          ],
          [
            28.2215837,
            -25.8503887
          ],
          [
            28.2219411,
            -25.8513054
          ],
          [
            28.2223233,
            -25.8522799
          ],
          [
            28.2224795,
            -25.8526999
          ],
          [
            28.2225452,
            -25.85289
          ],
          [
            28.2226203,
            -25.8531302
          ],
          [
            28.2226834,
            -25.8533522
          ],
          [
            28.2227243,
            -25.8535055
          ],
          [
            28.2227531,
            -25.8536334
          ],
          [
            28.2227766,
            -25.8537439
          ],
          [
            28.2228195,
            -25.853969
          ],
          [
            28.2228591,
            -25.8541898
          ],
          [
            28.2228865,
            -25.8543956
          ],
          [
            28.2229167,
            -25.8546327
          ],
          [
            28.2229362,
            -25.8548524
          ],
          [
            28.222957,
            -25.8552603
          ],
          [
            28.2229549,
            -25.8554437
          ],
          [
            28.2229502,
            -25.8557503
          ],
          [
            28.2229409,
            -25.8559259
          ],
          [
            28.2229214,
            -25.8563634
          ],
          [
            28.2229087,
            -25.8565721
          ]
        ]
      }
    },
    {
      "type": "Feature",
      "properties": {
        "id": "way/4420061",
        "name": "Unnamed",
        "network": "PRASA"
      },
      "geometry": {
        "type": "LineString",
        "coordinates": [
          [
            28.2228825,
            -25.8578991
          ],
          [
            28.222855,
            -25.8584566
          ],
          [
            28.2227786,
            -25.85997
          ],
          [
            28.222735,
            -25.860819
          ],
          [
            28.2226422,
            -25.8626654
          ],
          [
            28.2225888,
            -25.8637189
          ],
          [
            28.2225788,
            -25.8639331
          ],
          [
            28.2225734,
            -25.8642106
          ],
          [
            28.2225707,
            -25.8644665
          ],
          [
            28.2225774,
            -25.8646089
          ],
          [
            28.2225882,
            -25.8648749
          ],
          [
            28.2226098,
            -25.8651779
          ],
          [
            28.2226612,
            -25.86557
          ],
          [
            28.2226988,
            -25.8657939
          ],
          [
            28.2227767,
            -25.8662262
          ]
        ]
      }
    },
    {
      "type": "Feature",
      "properties": {
        "id": "way/4604304",
        "name": "Unnamed",
        "network": "PRASA"
      },
      "geometry": {
        "type": "LineString",
        "coordinates": [
          [
            28.296985,
            -25.7273444
          ],
          [
            28.297395,
            -25.7273005
          ],
          [
            28.2977847,
            -25.7272393
          ],
          [
            28.2980286,
            -25.7271875
          ],
          [
            28.2984056,
            -25.7270837
          ],
          [
            28.2985792,
            -25.7270323
          ],
          [
            28.2988118,
            -25.7269513
          ],
          [
            28.2989761,
            -25.7268873
          ],
          [
            28.2990914,
            -25.726837
          ],
          [
            28.2993174,
            -25.7267423
          ],
          [
            28.2995313,
            -25.726633
          ],
          [
            28.2997325,
            -25.7265248
          ],
          [
            28.2998954,
            -25.7264288
          ],
          [
            28.3000235,
            -25.7263448
          ],
          [
            28.3002792,
            -25.7261701
          ]
        ]
      }
    },
    {
      "type": "Feature",
      "properties": {
        "id": "way/4637880",
        "name": "Unnamed",
        "network": "PRASA"
      },
      "geometry": {
        "type": "LineString",
        "coordinates": [
          [
            28.1432189,
            -25.7633282
          ],
          [
            28.1432665,
            -25.7632276
          ],
          [
            28.1433389,
            -25.763085
          ],
          [
            28.1433953,
            -25.7629963
          ],
          [
            28.1434623,
            -25.7628972
          ],
          [
            28.1435447,
            -25.7627801
          ],
          [
            28.1436092,
            -25.762707
          ],
          [
            28.1436823,
            -25.7626188
          ],
          [
            28.1437372,
            -25.7625584
          ],
          [
            28.1438244,
            -25.7624697
          ],
          [
            28.1439169,
            -25.7623839
          ],
          [
            28.1440296,
            -25.7622812
          ],
          [
            28.1442056,
            -25.7621313
          ],
          [
            28.1447877,
            -25.7616402
          ],
          [
            28.1450036,
            -25.7614578
          ],
          [
            28.1452175,
            -25.7612755
          ],
          [
            28.145484,
            -25.7610601
          ],
          [
            28.1457606,
            -25.7608614
          ],
          [
            28.1459266,
            -25.7607708
          ],
          [
            28.146106,
            -25.7606703
          ],
          [
            28.1463484,
            -25.7605698
          ],
          [
            28.1465267,
            -25.7605003
          ],
          [
            28.146939,
            -25.7603593
          ],
          [
            28.148358,
            -25.7598837
          ],
          [
            28.1496884,
            -25.7594344
          ],
          [
            28.149974,
            -25.7593402
          ],
          [
            28.150188,
            -25.7592726
          ],
          [
            28.1503757,
            -25.7592146
          ],
          [
            28.1506359,
            -25.7591451
          ],
          [
            28.1508096,
            -25.7591023
          ],
          [
            28.1515975,
            -25.7589302
          ],
          [
            28.1520119,
            -25.7588396
          ],
          [
            28.1533965,
            -25.7585346
          ],
          [
            28.1545325,
            -25.758287
          ],
          [
            28.1554042,
            -25.7580979
          ],
          [
            28.1555665,
            -25.7580619
          ],
          [
            28.1565067,
            -25.7578723
          ],
          [
            28.156965,
            -25.7577795
          ],
          [
            28.1575694,
            -25.7576571
          ],
          [
            28.1590076,
            -25.7573656
          ],
          [
            28.1612482,
            -25.7569144
          ],
          [
            28.1626066,
            -25.7566419
          ],
          [
            28.1630906,
            -25.7565449
          ],
          [
            28.1631796,
            -25.7565257
          ],
          [
            28.1632879,
            -25.7565024
          ],
          [
            28.1634052,
            -25.7564818
          ],
          [
            28.1636516,
            -25.7564545
          ]
        ]
      }
    },
    {
      "type": "Feature",
      "properties": {
        "id": "way/4703175",
        "name": "Unnamed",
        "network": "PRASA"
      },
      "geometry": {
        "type": "LineString",
        "coordinates": [
          [
            28.2068156,
            -25.8268234
          ],
          [
            28.2069059,
            -25.8270056
          ],
          [
            28.2074887,
            -25.8281578
          ],
          [
            28.2075229,
            -25.828232
          ],
          [
            28.207895,
            -25.8289714
          ],
          [
            28.208062,
            -25.8293046
          ],
          [
            28.2081812,
            -25.8295374
          ],
          [
            28.2084415,
            -25.8300548
          ],
          [
            28.2087298,
            -25.8306336
          ],
          [
            28.2090148,
            -25.8311991
          ],
          [
            28.2093032,
            -25.8317701
          ],
          [
            28.2096042,
            -25.8323706
          ],
          [
            28.2099617,
            -25.8330852
          ],
          [
            28.2102433,
            -25.8336489
          ],
          [
            28.2104498,
            -25.8340515
          ]
        ]
      }
    },
    {
      "type": "Feature",
      "properties": {
        "id": "way/8407557",
        "name": "Unnamed",
        "network": "PRASA"
      },
      "geometry": {
        "type": "LineString",
        "coordinates": [
          [
            28.1972668,
            -25.8030292
          ],
          [
            28.1973372,
            -25.803278
          ],
          [
            28.1975289,
            -25.8038684
          ],
          [
            28.1976081,
            -25.8041086
          ],
          [
            28.1977764,
            -25.8045439
          ],
          [
            28.1979194,
            -25.8048871
          ],
          [
            28.1980741,
            -25.805214
          ],
          [
            28.1982605,
            -25.8055961
          ],
          [
            28.1986424,
            -25.8063218
          ],
          [
            28.199203,
            -25.8074165
          ],
          [
            28.199322,
            -25.8076483
          ],
          [
            28.1994595,
            -25.8079203
          ],
          [
            28.199588,
            -25.8081985
          ],
          [
            28.1998241,
            -25.8087267
          ],
          [
            28.2000301,
            -25.8092568
          ],
          [
            28.2001689,
            -25.8096697
          ],
          [
            28.2002152,
            -25.8098097
          ],
          [
            28.2003984,
            -25.8104313
          ],
          [
            28.2007248,
            -25.8117426
          ],
          [
            28.201044,
            -25.8129976
          ],
          [
            28.2011258,
            -25.8133176
          ],
          [
            28.201327,
            -25.8141029
          ],
          [
            28.2014778,
            -25.8146806
          ],
          [
            28.2016012,
            -25.8150965
          ],
          [
            28.2017078,
            -25.8154237
          ],
          [
            28.2018386,
            -25.8157882
          ],
          [
            28.2020686,
            -25.8164166
          ],
          [
            28.2023804,
            -25.8172605
          ],
          [
            28.2025051,
            -25.8176009
          ],
          [
            28.2026178,
            -25.8178907
          ],
          [
            28.2027411,
            -25.8182275
          ],
          [
            28.2028773,
            -25.8186042
          ],
          [
            28.203053,
            -25.819081
          ],
          [
            28.2032159,
            -25.8195144
          ],
          [
            28.2033762,
            -25.8199098
          ],
          [
            28.2034425,
            -25.8200601
          ],
          [
            28.2035465,
            -25.8202882
          ],
          [
            28.2038053,
            -25.8208224
          ],
          [
            28.2040688,
            -25.8213463
          ],
          [
            28.2057171,
            -25.8246441
          ],
          [
            28.2062309,
            -25.8256536
          ]
        ]
      }
    },
    {
      "type": "Feature",
      "properties": {
        "id": "way/22979088",
        "name": "Unnamed",
        "network": "PRASA"
      },
      "geometry": {
        "type": "LineString",
        "coordinates": [
          [
            28.1047949,
            -25.7631382
          ],
          [
            28.1057344,
            -25.7642837
          ],
          [
            28.1071801,
            -25.766052
          ],
          [
            28.1080948,
            -25.7671707
          ],
          [
            28.1086258,
            -25.7678147
          ],
          [
            28.1087666,
            -25.7679735
          ],
          [
            28.1089711,
            -25.7681855
          ],
          [
            28.1091247,
            -25.7683256
          ],
          [
            28.1093138,
            -25.7684862
          ],
          [
            28.109472,
            -25.7686082
          ],
          [
            28.1096893,
            -25.7687622
          ],
          [
            28.1098851,
            -25.7688817
          ],
          [
            28.110095,
            -25.7690019
          ],
          [
            28.1102767,
            -25.7690937
          ],
          [
            28.1104933,
            -25.7691933
          ],
          [
            28.110675,
            -25.7692664
          ],
          [
            28.1109144,
            -25.7693539
          ],
          [
            28.1111464,
            -25.7694246
          ],
          [
            28.1113838,
            -25.769482
          ],
          [
            28.1116453,
            -25.7695375
          ],
          [
            28.1118786,
            -25.7695738
          ],
          [
            28.1120644,
            -25.7695961
          ],
          [
            28.112283,
            -25.7696136
          ],
          [
            28.112462,
            -25.7696221
          ],
          [
            28.1126685,
            -25.7696239
          ],
          [
            28.1128556,
            -25.7696196
          ],
          [
            28.1130581,
            -25.7696058
          ],
          [
            28.113264,
            -25.7695864
          ],
          [
            28.1134269,
            -25.7695641
          ],
          [
            28.1136489,
            -25.7695279
          ],
          [
            28.1137934,
            -25.7694958
          ],
          [
            28.1139272,
            -25.7694657
          ],
          [
            28.1141069,
            -25.769418
          ],
          [
            28.1143221,
            -25.7693509
          ],
          [
            28.1145441,
            -25.7692694
          ],
          [
            28.1147231,
            -25.7691988
          ],
          [
            28.1149028,
            -25.769119
          ],
          [
            28.115045,
            -25.7690508
          ],
          [
            28.1153125,
            -25.7689053
          ],
          [
            28.1158188,
            -25.7685955
          ],
          [
            28.1164076,
            -25.7682155
          ],
          [
            28.1166436,
            -25.7680677
          ],
          [
            28.1174556,
            -25.7675562
          ],
          [
            28.118563,
            -25.7668784
          ],
          [
            28.1193794,
            -25.7663648
          ],
          [
            28.120185,
            -25.7658627
          ],
          [
            28.1204221,
            -25.7657132
          ],
          [
            28.1205616,
            -25.7656371
          ],
          [
            28.1207554,
            -25.7655356
          ],
          [
            28.121027,
            -25.7654124
          ],
          [
            28.1212214,
            -25.7653351
          ],
          [
            28.1215172,
            -25.7652446
          ],
          [
            28.1217176,
            -25.7651956
          ],
          [
            28.1218732,
            -25.7651618
          ],
          [
            28.1221287,
            -25.7651226
          ],
          [
            28.1222923,
            -25.7651039
          ],
          [
            28.1224841,
            -25.76509
          ],
          [
            28.1226517,
            -25.7650851
          ],
          [
            28.1228207,
            -25.7650851
          ],
          [
            28.1229374,
            -25.7650894
          ],
          [
            28.1231111,
            -25.7651033
          ],
          [
            28.1232881,
            -25.7651202
          ],
          [
            28.1234624,
            -25.7651456
          ],
          [
            28.1236461,
            -25.7651776
          ],
          [
            28.1238359,
            -25.7652162
          ],
          [
            28.1245716,
            -25.7653618
          ],
          [
            28.1256129,
            -25.7655676
          ],
          [
            28.1263619,
            -25.7657186
          ],
          [
            28.1266046,
            -25.7657705
          ],
          [
            28.1267562,
            -25.765808
          ],
          [
            28.1269359,
            -25.7658617
          ],
          [
            28.1271116,
            -25.7659155
          ],
          [
            28.1274167,
            -25.7660224
          ],
          [
            28.1276809,
            -25.7661256
          ],
          [
            28.1282942,
            -25.7663691
          ]
        ]
      }
    },
    {
      "type": "Feature",
      "properties": {
        "id": "way/22979089",
        "name": "Unnamed",
        "network": "PRASA"
      },
      "geometry": {
        "type": "LineString",
        "coordinates": [
          [
            28.2934105,
            -25.7275258
          ],
          [
            28.2928768,
            -25.7275143
          ],
          [
            28.2925442,
            -25.7274986
          ],
          [
            28.2920886,
            -25.7274648
          ],
          [
            28.2915893,
            -25.7274237
          ],
          [
            28.291077,
            -25.7273814
          ],
          [
            28.2904863,
            -25.7273319
          ],
          [
            28.2895569,
            -25.7272552
          ],
          [
            28.2870342,
            -25.7270456
          ],
          [
            28.2857971,
            -25.7269441
          ],
          [
            28.2850642,
            -25.7268806
          ],
          [
            28.2844909,
            -25.7268329
          ],
          [
            28.2843104,
            -25.7268173
          ],
          [
            28.2834397,
            -25.72675
          ]
        ]
      }
    },
    {
      "type": "Feature",
      "properties": {
        "id": "way/23097858",
        "name": "Unnamed",
        "network": "PRASA"
      },
      "geometry": {
        "type": "LineString",
        "coordinates": [
          [
            28.2552486,
            -26.0313566
          ],
          [
            28.2553634,
            -26.0305395
          ],
          [
            28.2554238,
            -26.0300714
          ],
          [
            28.2554573,
            -26.0297526
          ],
          [
            28.2554834,
            -26.0293761
          ],
          [
            28.2555009,
            -26.0290977
          ],
          [
            28.2555042,
            -26.0289013
          ],
          [
            28.2555096,
            -26.028603
          ],
          [
            28.2555035,
            -26.0283758
          ],
          [
            28.2554962,
            -26.0281041
          ],
          [
            28.2554787,
            -26.0278203
          ],
          [
            28.2554459,
            -26.0273834
          ],
          [
            28.2554157,
            -26.0269984
          ],
          [
            28.2553694,
            -26.0265441
          ],
          [
            28.255357,
            -26.0262985
          ],
          [
            28.2552756,
            -26.0259235
          ],
          [
            28.255228,
            -26.0256547
          ],
          [
            28.2552058,
            -26.0255481
          ],
          [
            28.2551361,
            -26.0252311
          ],
          [
            28.2548911,
            -26.0242767
          ],
          [
            28.2546359,
            -26.0235596
          ],
          [
            28.254487,
            -26.0231685
          ],
          [
            28.2543582,
            -26.0228558
          ],
          [
            28.2541685,
            -26.022428
          ],
          [
            28.253978,
            -26.0220357
          ],
          [
            28.2537474,
            -26.021585
          ],
          [
            28.2535777,
            -26.0212879
          ],
          [
            28.2529601,
            -26.0202539
          ],
          [
            28.2523577,
            -26.0192431
          ],
          [
            28.2509351,
            -26.0168733
          ],
          [
            28.2506588,
            -26.0164093
          ],
          [
            28.2504871,
            -26.0160936
          ],
          [
            28.2503222,
            -26.0157802
          ],
          [
            28.2501814,
            -26.0154958
          ],
          [
            28.2500821,
            -26.015268
          ],
          [
            28.2498469,
            -26.0147265
          ],
          [
            28.2496101,
            -26.0141291
          ],
          [
            28.249429,
            -26.0135915
          ],
          [
            28.2492721,
            -26.0130504
          ],
          [
            28.2491729,
            -26.0126695
          ],
          [
            28.2490857,
            -26.0122899
          ],
          [
            28.2490039,
            -26.0118716
          ],
          [
            28.2489154,
            -26.0113413
          ],
          [
            28.2488631,
            -26.0109942
          ],
          [
            28.2488427,
            -26.0107559
          ],
          [
            28.2487947,
            -26.0102361
          ],
          [
            28.2487732,
            -26.0098287
          ],
          [
            28.2487598,
            -26.009085
          ],
          [
            28.2487444,
            -26.008245
          ],
          [
            28.248735,
            -26.0074639
          ],
          [
            28.2487209,
            -26.0058452
          ],
          [
            28.2487199,
            -26.0056337
          ],
          [
            28.2486995,
            -26.0035804
          ],
          [
            28.2486901,
            -26.0031248
          ],
          [
            28.2486874,
            -26.0027818
          ],
          [
            28.2486713,
            -26.0020207
          ],
          [
            28.2486096,
            -26.0009322
          ],
          [
            28.2485694,
            -26.0005489
          ],
          [
            28.2485446,
            -26.0003772
          ],
          [
            28.2484815,
            -25.999848
          ],
          [
            28.2483843,
            -25.9991513
          ],
          [
            28.2482844,
            -25.9985498
          ],
          [
            28.2481704,
            -25.9980146
          ],
          [
            28.2479806,
            -25.9970714
          ],
          [
            28.2478103,
            -25.9962499
          ],
          [
            28.247703,
            -25.9956713
          ],
          [
            28.2473342,
            -25.9936679
          ],
          [
            28.2472336,
            -25.9931748
          ],
          [
            28.2471143,
            -25.9926077
          ],
          [
            28.2468836,
            -25.9915047
          ],
          [
            28.2467589,
            -25.9908947
          ],
          [
            28.246604,
            -25.9901467
          ],
          [
            28.246498,
            -25.9896476
          ],
          [
            28.2463103,
            -25.9887447
          ],
          [
            28.2456793,
            -25.9857177
          ],
          [
            28.2455897,
            -25.9852737
          ]
        ]
      }
    },
    {
      "type": "Feature",
      "properties": {
        "id": "way/23283270",
        "name": "Unnamed",
        "network": "PRASA"
      },
      "geometry": {
        "type": "LineString",
        "coordinates": [
          [
            28.2230225,
            -26.100793
          ],
          [
            28.2232794,
            -26.1011994
          ]
        ]
      }
    },
    {
      "type": "Feature",
      "properties": {
        "id": "way/23283271",
        "name": "Unnamed",
        "network": "PRASA"
      },
      "geometry": {
        "type": "LineString",
        "coordinates": [
          [
            28.2330093,
            -26.0690421
          ],
          [
            28.2316112,
            -26.0705895
          ],
          [
            28.2309854,
            -26.0712921
          ],
          [
            28.230588,
            -26.0717541
          ],
          [
            28.2302355,
            -26.0722421
          ],
          [
            28.2299647,
            -26.0726033
          ],
          [
            28.2297292,
            -26.0729545
          ],
          [
            28.2294776,
            -26.0733503
          ],
          [
            28.2291763,
            -26.0738699
          ],
          [
            28.2285771,
            -26.0749494
          ],
          [
            28.2278635,
            -26.0762025
          ],
          [
            28.2269127,
            -26.0779025
          ],
          [
            28.226583,
            -26.0784448
          ],
          [
            28.2262277,
            -26.0789791
          ],
          [
            28.2252274,
            -26.0802702
          ],
          [
            28.2239881,
            -26.0817796
          ],
          [
            28.2237125,
            -26.0821582
          ],
          [
            28.2234545,
            -26.0825654
          ],
          [
            28.2232545,
            -26.0829095
          ],
          [
            28.2230652,
            -26.0832678
          ],
          [
            28.2228296,
            -26.0837787
          ],
          [
            28.222671,
            -26.084232
          ],
          [
            28.2225235,
            -26.0847012
          ],
          [
            28.2224463,
            -26.0849892
          ],
          [
            28.2223935,
            -26.0852141
          ],
          [
            28.2223433,
            -26.0854568
          ],
          [
            28.2222392,
            -26.0859323
          ],
          [
            28.2221291,
            -26.0864254
          ],
          [
            28.2217574,
            -26.0881266
          ],
          [
            28.2215354,
            -26.0891331
          ],
          [
            28.2212082,
            -26.0906313
          ],
          [
            28.2211039,
            -26.0912136
          ],
          [
            28.22102,
            -26.0918313
          ],
          [
            28.2209781,
            -26.0922963
          ],
          [
            28.2209589,
            -26.0925792
          ],
          [
            28.2209487,
            -26.0929191
          ],
          [
            28.2209407,
            -26.0934808
          ],
          [
            28.2209566,
            -26.0939672
          ],
          [
            28.2210075,
            -26.0946862
          ],
          [
            28.221079,
            -26.0953063
          ],
          [
            28.2211546,
            -26.0957952
          ],
          [
            28.2211943,
            -26.096017
          ],
          [
            28.2212328,
            -26.0962164
          ],
          [
            28.2213178,
            -26.096597
          ],
          [
            28.221388,
            -26.0968819
          ],
          [
            28.2214934,
            -26.0972665
          ],
          [
            28.2215818,
            -26.0975728
          ],
          [
            28.2217857,
            -26.0981406
          ],
          [
            28.2219319,
            -26.0985476
          ],
          [
            28.2220041,
            -26.0987377
          ],
          [
            28.2221003,
            -26.0989858
          ],
          [
            28.2222185,
            -26.0992544
          ],
          [
            28.2224242,
            -26.0996877
          ],
          [
            28.2225519,
            -26.0999463
          ],
          [
            28.2226802,
            -26.1001965
          ],
          [
            28.2227746,
            -26.100366
          ],
          [
            28.2230225,
            -26.100793
          ]
        ]
      }
    },
    {
      "type": "Feature",
      "properties": {
        "id": "way/24635492",
        "name": "Unnamed",
        "network": "PRASA"
      },
      "geometry": {
        "type": "LineString",
        "coordinates": [
          [
            28.2398783,
            -25.9680518
          ],
          [
            28.2398167,
            -25.9679228
          ],
          [
            28.2396202,
            -25.9675382
          ],
          [
            28.2395035,
            -25.9673254
          ],
          [
            28.2393297,
            -25.9670441
          ],
          [
            28.23924,
            -25.9669233
          ],
          [
            28.2390898,
            -25.9667244
          ],
          [
            28.2389389,
            -25.9665519
          ],
          [
            28.2387753,
            -25.9663831
          ],
          [
            28.2386371,
            -25.9662583
          ],
          [
            28.2385057,
            -25.966142
          ],
          [
            28.2382388,
            -25.9659364
          ],
          [
            28.237862,
            -25.9656597
          ],
          [
            28.2374952,
            -25.9653962
          ],
          [
            28.2372337,
            -25.9652033
          ],
          [
            28.236657,
            -25.9647904
          ],
          [
            28.2360287,
            -25.964337
          ],
          [
            28.2357048,
            -25.9641019
          ],
          [
            28.2350624,
            -25.9636389
          ],
          [
            28.2343336,
            -25.963118
          ],
          [
            28.2340533,
            -25.9629094
          ],
          [
            28.2336207,
            -25.9626013
          ],
          [
            28.233427,
            -25.9624494
          ],
          [
            28.2332043,
            -25.9622589
          ],
          [
            28.2330548,
            -25.962113
          ],
          [
            28.2328811,
            -25.9619231
          ],
          [
            28.2327403,
            -25.9617489
          ],
          [
            28.2326478,
            -25.9616144
          ],
          [
            28.2325412,
            -25.961451
          ],
          [
            28.2323856,
            -25.9611695
          ],
          [
            28.2323132,
            -25.9610188
          ],
          [
            28.232228,
            -25.9608307
          ],
          [
            28.2321616,
            -25.9606637
          ],
          [
            28.2320738,
            -25.9604129
          ],
          [
            28.2320268,
            -25.9602567
          ],
          [
            28.2319846,
            -25.9601018
          ],
          [
            28.231935,
            -25.9598853
          ],
          [
            28.2319028,
            -25.9596858
          ],
          [
            28.231874,
            -25.9594711
          ],
          [
            28.2318619,
            -25.9593156
          ],
          [
            28.2318545,
            -25.9590943
          ],
          [
            28.2318599,
            -25.9588875
          ],
          [
            28.2318679,
            -25.9587483
          ],
          [
            28.2318994,
            -25.9584842
          ],
          [
            28.231937,
            -25.9582485
          ],
          [
            28.2320275,
            -25.9577939
          ],
          [
            28.2321576,
            -25.9571717
          ],
          [
            28.2323018,
            -25.9564681
          ],
          [
            28.2324158,
            -25.955908
          ],
          [
            28.2325257,
            -25.9553756
          ],
          [
            28.2326572,
            -25.9547232
          ],
          [
            28.2327537,
            -25.954268
          ],
          [
            28.2328966,
            -25.9535662
          ],
          [
            28.2329673,
            -25.9531957
          ],
          [
            28.2330813,
            -25.9526458
          ],
          [
            28.2331554,
            -25.9522838
          ],
          [
            28.2332888,
            -25.9516501
          ],
          [
            28.2334558,
            -25.9508163
          ],
          [
            28.2335021,
            -25.9505974
          ],
          [
            28.2335651,
            -25.9502688
          ],
          [
            28.2336261,
            -25.9498835
          ],
          [
            28.233657,
            -25.9496622
          ],
          [
            28.2336791,
            -25.9494735
          ],
          [
            28.2337059,
            -25.9492486
          ],
          [
            28.23373,
            -25.9489911
          ],
          [
            28.2337394,
            -25.9488458
          ],
          [
            28.2337569,
            -25.9485468
          ],
          [
            28.2337676,
            -25.9482549
          ],
          [
            28.2337702,
            -25.9478817
          ],
          [
            28.2337689,
            -25.9473264
          ],
          [
            28.2337763,
            -25.9468181
          ],
          [
            28.2337763,
            -25.9465027
          ],
          [
            28.2337783,
            -25.9459667
          ],
          [
            28.233779,
            -25.9455645
          ],
          [
            28.2337844,
            -25.9431725
          ],
          [
            28.2337877,
            -25.9419768
          ],
          [
            28.2337899,
            -25.9413702
          ]
        ]
      }
    },
    {
      "type": "Feature",
      "properties": {
        "id": "way/31722815",
        "name": "Unnamed",
        "network": "PRASA"
      },
      "geometry": {
        "type": "LineString",
        "coordinates": [
          [
            28.1232136,
            -25.645345
          ],
          [
            28.1227416,
            -25.6452181
          ],
          [
            28.1219597,
            -25.6450101
          ],
          [
            28.1217653,
            -25.6449557
          ],
          [
            28.1209143,
            -25.6447284
          ],
          [
            28.1199085,
            -25.644457
          ],
          [
            28.1187625,
            -25.6441499
          ],
          [
            28.1078392,
            -25.641212
          ],
          [
            28.1067395,
            -25.6409158
          ],
          [
            28.1045421,
            -25.6403264
          ],
          [
            28.1037663,
            -25.640116
          ],
          [
            28.1029858,
            -25.6399063
          ],
          [
            28.1016769,
            -25.6395532
          ],
          [
            28.1010452,
            -25.6393839
          ],
          [
            28.1004491,
            -25.6392244
          ],
          [
            28.0991348,
            -25.6388707
          ],
          [
            28.0988775,
            -25.6388024
          ],
          [
            28.0980485,
            -25.6385799
          ],
          [
            28.0951296,
            -25.6377934
          ],
          [
            28.094567,
            -25.6376441
          ],
          [
            28.0939648,
            -25.6374797
          ],
          [
            28.0910727,
            -25.6367018
          ],
          [
            28.090706,
            -25.6366032
          ],
          [
            28.0906827,
            -25.6365969
          ],
          [
            28.0867233,
            -25.6355319
          ],
          [
            28.0859269,
            -25.6353136
          ],
          [
            28.0855561,
            -25.6352024
          ],
          [
            28.0849399,
            -25.6350047
          ],
          [
            28.0844551,
            -25.6348481
          ],
          [
            28.083991,
            -25.6347066
          ],
          [
            28.0832702,
            -25.6345106
          ],
          [
            28.0824208,
            -25.6342805
          ],
          [
            28.0808938,
            -25.6338705
          ],
          [
            28.0800623,
            -25.633665
          ],
          [
            28.0788781,
            -25.6334075
          ],
          [
            28.0783483,
            -25.6332781
          ],
          [
            28.0770957,
            -25.6329407
          ],
          [
            28.0752705,
            -25.6324498
          ],
          [
            28.0733058,
            -25.6319202
          ],
          [
            28.0716522,
            -25.6314741
          ],
          [
            28.0704734,
            -25.6311561
          ],
          [
            28.0690518,
            -25.6307728
          ],
          [
            28.0670321,
            -25.6302299
          ],
          [
            28.0645376,
            -25.62956
          ]
        ]
      }
    },
    {
      "type": "Feature",
      "properties": {
        "id": "way/31762656",
        "name": "Unnamed",
        "network": "PRASA"
      },
      "geometry": {
        "type": "LineString",
        "coordinates": [
          [
            28.168207,
            -25.7264233
          ],
          [
            28.1681333,
            -25.7262875
          ],
          [
            28.1680806,
            -25.7262016
          ],
          [
            28.1680467,
            -25.7261495
          ],
          [
            28.1679382,
            -25.7259929
          ],
          [
            28.1678999,
            -25.7259274
          ],
          [
            28.1678146,
            -25.7257873
          ],
          [
            28.1677704,
            -25.725717
          ],
          [
            28.1677205,
            -25.7256318
          ],
          [
            28.167674,
            -25.7255506
          ],
          [
            28.1676312,
            -25.7254685
          ],
          [
            28.1674838,
            -25.7251578
          ],
          [
            28.1672361,
            -25.7245854
          ],
          [
            28.166346,
            -25.7225477
          ],
          [
            28.1662155,
            -25.7222545
          ],
          [
            28.1660848,
            -25.7219503
          ],
          [
            28.1660471,
            -25.7218592
          ],
          [
            28.1659741,
            -25.7216606
          ],
          [
            28.1659185,
            -25.7214825
          ],
          [
            28.1658809,
            -25.7213664
          ],
          [
            28.1658467,
            -25.721271
          ],
          [
            28.1658169,
            -25.7212071
          ],
          [
            28.165755,
            -25.7210745
          ]
        ]
      }
    },
    {
      "type": "Feature",
      "properties": {
        "id": "way/31762757",
        "name": "Unnamed",
        "network": "PRASA"
      },
      "geometry": {
        "type": "LineString",
        "coordinates": [
          [
            28.1717862,
            -25.7364852
          ],
          [
            28.172229,
            -25.736525
          ],
          [
            28.1727244,
            -25.7365658
          ],
          [
            28.1736644,
            -25.7366441
          ],
          [
            28.1739765,
            -25.7366742
          ],
          [
            28.1742896,
            -25.7367099
          ],
          [
            28.1745598,
            -25.7367376
          ],
          [
            28.1748911,
            -25.7367751
          ],
          [
            28.1750413,
            -25.736792
          ],
          [
            28.1770483,
            -25.7370113
          ],
          [
            28.178999,
            -25.7372229
          ]
        ]
      }
    },
    {
      "type": "Feature",
      "properties": {
        "id": "way/31762775",
        "name": "Unnamed",
        "network": "PRASA"
      },
      "geometry": {
        "type": "LineString",
        "coordinates": [
          [
            28.1705001,
            -25.7198675
          ],
          [
            28.1707558,
            -25.7197758
          ],
          [
            28.1709214,
            -25.7197335
          ],
          [
            28.1710515,
            -25.7197081
          ],
          [
            28.1711675,
            -25.7196936
          ],
          [
            28.1712949,
            -25.7196882
          ],
          [
            28.171423,
            -25.7196888
          ],
          [
            28.1715826,
            -25.7196991
          ],
          [
            28.1717454,
            -25.7197139
          ],
          [
            28.1725706,
            -25.719818
          ],
          [
            28.1745056,
            -25.7200737
          ],
          [
            28.1764041,
            -25.7203156
          ],
          [
            28.1767955,
            -25.7203684
          ],
          [
            28.177171,
            -25.7204198
          ],
          [
            28.1785114,
            -25.720592
          ],
          [
            28.1785778,
            -25.7205994
          ]
        ]
      }
    },
    {
      "type": "Feature",
      "properties": {
        "id": "way/31762776",
        "name": "Unnamed",
        "network": "PRASA"
      },
      "geometry": {
        "type": "LineString",
        "coordinates": [
          [
            28.1697622,
            -25.7201276
          ],
          [
            28.1705001,
            -25.7198675
          ]
        ]
      }
    },
    {
      "type": "Feature",
      "properties": {
        "id": "way/31762783",
        "name": "Unnamed",
        "network": "PRASA"
      },
      "geometry": {
        "type": "LineString",
        "coordinates": [
          [
            28.187106,
            -25.7216988
          ],
          [
            28.1882197,
            -25.7218485
          ],
          [
            28.1889439,
            -25.7219421
          ],
          [
            28.1895936,
            -25.7220261
          ],
          [
            28.191927,
            -25.7223233
          ],
          [
            28.1929933,
            -25.7224653
          ],
          [
            28.1935552,
            -25.722539
          ],
          [
            28.1940957,
            -25.7225964
          ],
          [
            28.1944189,
            -25.722623
          ],
          [
            28.1947743,
            -25.7226447
          ],
          [
            28.1950201,
            -25.7226583
          ],
          [
            28.1954562,
            -25.7226731
          ],
          [
            28.1962237,
            -25.7226873
          ],
          [
            28.1969696,
            -25.7227025
          ],
          [
            28.1975739,
            -25.7227136
          ],
          [
            28.1980211,
            -25.7227202
          ],
          [
            28.198475,
            -25.7227214
          ],
          [
            28.199204,
            -25.7227082
          ],
          [
            28.1999702,
            -25.7226619
          ],
          [
            28.2015978,
            -25.7224541
          ]
        ]
      }
    },
    {
      "type": "Feature",
      "properties": {
        "id": "way/31762788",
        "name": "Unnamed",
        "network": "PRASA"
      },
      "geometry": {
        "type": "LineString",
        "coordinates": [
          [
            28.1865259,
            -25.7216225
          ],
          [
            28.187106,
            -25.7216988
          ]
        ]
      }
    },
    {
      "type": "Feature",
      "properties": {
        "id": "way/31762971",
        "name": "Unnamed",
        "network": "PRASA"
      },
      "geometry": {
        "type": "LineString",
        "coordinates": [
          [
            28.2625983,
            -25.7246731
          ],
          [
            28.2512033,
            -25.7219132
          ],
          [
            28.2488839,
            -25.7213447
          ],
          [
            28.2447425,
            -25.7203382
          ],
          [
            28.2438487,
            -25.720122
          ],
          [
            28.2431506,
            -25.7199582
          ],
          [
            28.2429086,
            -25.7199087
          ],
          [
            28.2426222,
            -25.7198567
          ],
          [
            28.2424519,
            -25.7198284
          ],
          [
            28.2421871,
            -25.7197939
          ],
          [
            28.2419088,
            -25.7197673
          ],
          [
            28.2416875,
            -25.719751
          ],
          [
            28.2415212,
            -25.7197426
          ],
          [
            28.2412369,
            -25.7197347
          ],
          [
            28.2409029,
            -25.7197359
          ],
          [
            28.2384022,
            -25.7197562
          ],
          [
            28.2278319,
            -25.7198407
          ],
          [
            28.2275221,
            -25.7198398
          ],
          [
            28.2260321,
            -25.7198567
          ],
          [
            28.2235973,
            -25.7198761
          ],
          [
            28.2232493,
            -25.7198797
          ],
          [
            28.2229556,
            -25.7198882
          ],
          [
            28.2225956,
            -25.7199289
          ],
          [
            28.2224239,
            -25.7199516
          ],
          [
            28.2221744,
            -25.7199914
          ],
          [
            28.2216306,
            -25.7200875
          ],
          [
            28.2212558,
            -25.7201504
          ],
          [
            28.2209426,
            -25.7201945
          ],
          [
            28.2207193,
            -25.7202132
          ],
          [
            28.220488,
            -25.7202289
          ],
          [
            28.2202084,
            -25.7202379
          ],
          [
            28.2198355,
            -25.7202404
          ],
          [
            28.2194932,
            -25.7202393
          ],
          [
            28.2186466,
            -25.7202663
          ],
          [
            28.2183979,
            -25.7202784
          ],
          [
            28.2180854,
            -25.720305
          ],
          [
            28.2177622,
            -25.7203292
          ],
          [
            28.216446,
            -25.7204877
          ],
          [
            28.2157096,
            -25.7205914
          ],
          [
            28.2142539,
            -25.7207919
          ],
          [
            28.2137116,
            -25.7208616
          ],
          [
            28.2127585,
            -25.7209931
          ],
          [
            28.211219,
            -25.7211979
          ],
          [
            28.2102889,
            -25.7213284
          ],
          [
            28.2096914,
            -25.7214033
          ],
          [
            28.2083758,
            -25.7215833
          ],
          [
            28.2065891,
            -25.7218123
          ],
          [
            28.2049157,
            -25.7220361
          ]
        ]
      }
    },
    {
      "type": "Feature",
      "properties": {
        "id": "way/31762973",
        "name": "Unnamed",
        "network": "PRASA"
      },
      "geometry": {
        "type": "LineString",
        "coordinates": [
          [
            28.2628192,
            -25.7247264
          ],
          [
            28.2625983,
            -25.7246731
          ]
        ]
      }
    },
    {
      "type": "Feature",
      "properties": {
        "id": "way/31762989",
        "name": "Unnamed",
        "network": "PRASA"
      },
      "geometry": {
        "type": "LineString",
        "coordinates": [
          [
            28.2762531,
            -25.7261862
          ],
          [
            28.2761538,
            -25.726178
          ],
          [
            28.2759285,
            -25.7261588
          ]
        ]
      }
    },
    {
      "type": "Feature",
      "properties": {
        "id": "way/31763008",
        "name": "Unnamed",
        "network": "PRASA"
      },
      "geometry": {
        "type": "LineString",
        "coordinates": [
          [
            28.2937019,
            -25.7275168
          ],
          [
            28.2934105,
            -25.7275258
          ]
        ]
      }
    },
    {
      "type": "Feature",
      "properties": {
        "id": "way/31763028",
        "name": "Unnamed",
        "network": "PRASA"
      },
      "geometry": {
        "type": "LineString",
        "coordinates": [
          [
            28.3007699,
            -25.7257701
          ],
          [
            28.300973,
            -25.7255909
          ],
          [
            28.3014927,
            -25.7251161
          ],
          [
            28.3031101,
            -25.7236415
          ],
          [
            28.3039536,
            -25.7228767
          ],
          [
            28.3044532,
            -25.7224242
          ],
          [
            28.3051506,
            -25.7217512
          ],
          [
            28.3054838,
            -25.7214341
          ],
          [
            28.3058432,
            -25.7210988
          ],
          [
            28.3067013,
            -25.7203339
          ],
          [
            28.3072216,
            -25.7198459
          ],
          [
            28.3077447,
            -25.7193714
          ]
        ]
      }
    },
    {
      "type": "Feature",
      "properties": {
        "id": "way/31763030",
        "name": "Unnamed",
        "network": "PRASA"
      },
      "geometry": {
        "type": "LineString",
        "coordinates": [
          [
            28.3002792,
            -25.7261701
          ],
          [
            28.3005311,
            -25.7259685
          ],
          [
            28.3007699,
            -25.7257701
          ]
        ]
      }
    },
    {
      "type": "Feature",
      "properties": {
        "id": "way/31763077",
        "name": "Unnamed",
        "network": "PRASA"
      },
      "geometry": {
        "type": "LineString",
        "coordinates": [
          [
            28.3565739,
            -25.722622
          ],
          [
            28.3564023,
            -25.7226408
          ]
        ]
      }
    },
    {
      "type": "Feature",
      "properties": {
        "id": "way/32259767",
        "name": "Unnamed",
        "network": "PRASA"
      },
      "geometry": {
        "type": "LineString",
        "coordinates": [
          [
            28.2232297,
            -26.1318288
          ],
          [
            28.2231441,
            -26.132077
          ]
        ]
      }
    },
    {
      "type": "Feature",
      "properties": {
        "id": "way/32259770",
        "name": "Unnamed",
        "network": "PRASA"
      },
      "geometry": {
        "type": "LineString",
        "coordinates": [
          [
            28.2233353,
            -26.1315423
          ],
          [
            28.2232297,
            -26.1318288
          ]
        ]
      }
    },
    {
      "type": "Feature",
      "properties": {
        "id": "way/32259773",
        "name": "Unnamed",
        "network": "PRASA"
      },
      "geometry": {
        "type": "LineString",
        "coordinates": [
          [
            28.2236448,
            -26.1306741
          ],
          [
            28.2233353,
            -26.1315423
          ]
        ]
      }
    },
    {
      "type": "Feature",
      "properties": {
        "id": "way/32259803",
        "name": "Unnamed",
        "network": "PRASA"
      },
      "geometry": {
        "type": "LineString",
        "coordinates": [
          [
            28.2231441,
            -26.132077
          ],
          [
            28.2231401,
            -26.1320924
          ],
          [
            28.2231098,
            -26.1321733
          ],
          [
            28.2228892,
            -26.1328042
          ],
          [
            28.2225794,
            -26.1336831
          ],
          [
            28.2223367,
            -26.1343748
          ],
          [
            28.2220732,
            -26.1351086
          ],
          [
            28.2217255,
            -26.1360871
          ],
          [
            28.2214696,
            -26.1368074
          ],
          [
            28.221406,
            -26.1369935
          ],
          [
            28.2210615,
            -26.1379617
          ],
          [
            28.221017,
            -26.1380819
          ],
          [
            28.2207596,
            -26.1388126
          ],
          [
            28.2204879,
            -26.139582
          ],
          [
            28.2199497,
            -26.1411086
          ],
          [
            28.2179507,
            -26.1467436
          ],
          [
            28.2177991,
            -26.1471322
          ],
          [
            28.2176287,
            -26.1474867
          ],
          [
            28.2175858,
            -26.1475993
          ],
          [
            28.2174978,
            -26.1477773
          ],
          [
            28.2172479,
            -26.1482313
          ],
          [
            28.2169783,
            -26.1486858
          ],
          [
            28.2152658,
            -26.1515236
          ],
          [
            28.2139266,
            -26.1537436
          ],
          [
            28.2134821,
            -26.1544202
          ],
          [
            28.2130856,
            -26.1550292
          ],
          [
            28.2125985,
            -26.1557736
          ],
          [
            28.2120276,
            -26.1566496
          ],
          [
            28.2114483,
            -26.1575379
          ],
          [
            28.2102996,
            -26.159302
          ],
          [
            28.2097119,
            -26.1602031
          ],
          [
            28.2095067,
            -26.1605179
          ],
          [
            28.2083031,
            -26.1623635
          ],
          [
            28.2081042,
            -26.1626688
          ],
          [
            28.2077059,
            -26.1632821
          ],
          [
            28.2075967,
            -26.1634473
          ],
          [
            28.2072674,
            -26.1639526
          ],
          [
            28.2060141,
            -26.1658718
          ],
          [
            28.2058787,
            -26.1660885
          ],
          [
            28.2049987,
            -26.1674358
          ],
          [
            28.2042614,
            -26.1685646
          ],
          [
            28.203933,
            -26.1690863
          ],
          [
            28.203804,
            -26.1692812
          ],
          [
            28.2036408,
            -26.1695377
          ],
          [
            28.2032695,
            -26.1701081
          ],
          [
            28.2029768,
            -26.1705641
          ],
          [
            28.2027827,
            -26.1708718
          ],
          [
            28.2026284,
            -26.1711626
          ],
          [
            28.2024757,
            -26.1714778
          ],
          [
            28.2023492,
            -26.1717914
          ],
          [
            28.2022262,
            -26.1721488
          ],
          [
            28.2021368,
            -26.172474
          ],
          [
            28.2021001,
            -26.1726026
          ],
          [
            28.201919,
            -26.1732327
          ],
          [
            28.2017628,
            -26.1737815
          ],
          [
            28.2009568,
            -26.1766285
          ],
          [
            28.1999711,
            -26.1801133
          ],
          [
            28.1994118,
            -26.1820795
          ],
          [
            28.1992912,
            -26.1825036
          ],
          [
            28.1991322,
            -26.1830891
          ],
          [
            28.1989653,
            -26.1836728
          ],
          [
            28.1986316,
            -26.184864
          ]
        ]
      }
    },
    {
      "type": "Feature",
      "properties": {
        "id": "way/32473263",
        "name": "Unnamed",
        "network": "PRASA"
      },
      "geometry": {
        "type": "LineString",
        "coordinates": [
          [
            28.2280478,
            -26.1119315
          ],
          [
            28.2280697,
            -26.1122069
          ]
        ]
      }
    },
    {
      "type": "Feature",
      "properties": {
        "id": "way/32473264",
        "name": "Unnamed",
        "network": "PRASA"
      },
      "geometry": {
        "type": "LineString",
        "coordinates": [
          [
            28.2232794,
            -26.1011994
          ],
          [
            28.2234447,
            -26.1014641
          ],
          [
            28.2237878,
            -26.1019937
          ],
          [
            28.2241071,
            -26.1024873
          ],
          [
            28.2247464,
            -26.1034712
          ],
          [
            28.2248431,
            -26.1036134
          ],
          [
            28.2251328,
            -26.1040798
          ],
          [
            28.2252751,
            -26.1042746
          ],
          [
            28.2255726,
            -26.104739
          ],
          [
            28.2258698,
            -26.1052128
          ],
          [
            28.2259991,
            -26.1054174
          ],
          [
            28.2261199,
            -26.1056235
          ],
          [
            28.2261951,
            -26.1057589
          ],
          [
            28.2262889,
            -26.1059378
          ],
          [
            28.2263982,
            -26.1061479
          ],
          [
            28.2265268,
            -26.1064287
          ],
          [
            28.2266615,
            -26.1067787
          ],
          [
            28.2268682,
            -26.1073588
          ],
          [
            28.2271522,
            -26.1082566
          ],
          [
            28.2275509,
            -26.1095063
          ],
          [
            28.2276973,
            -26.1099653
          ],
          [
            28.2278596,
            -26.1104846
          ],
          [
            28.2279292,
            -26.1107837
          ],
          [
            28.2279743,
            -26.1110609
          ],
          [
            28.2280045,
            -26.1113819
          ],
          [
            28.2280478,
            -26.1119315
          ]
        ]
      }
    },
    {
      "type": "Feature",
      "properties": {
        "id": "way/32486599",
        "name": "Unnamed",
        "network": "PRASA"
      },
      "geometry": {
        "type": "LineString",
        "coordinates": [
          [
            28.2455897,
            -25.9852737
          ],
          [
            28.2455296,
            -25.9850255
          ]
        ]
      }
    },
    {
      "type": "Feature",
      "properties": {
        "id": "way/32486606",
        "name": "Unnamed",
        "network": "PRASA"
      },
      "geometry": {
        "type": "LineString",
        "coordinates": [
          [
            28.2455296,
            -25.9850255
          ],
          [
            28.2452917,
            -25.9838551
          ],
          [
            28.2450731,
            -25.982822
          ],
          [
            28.2450186,
            -25.9825726
          ],
          [
            28.2449631,
            -25.9822876
          ],
          [
            28.2448639,
            -25.9818172
          ],
          [
            28.2447419,
            -25.9812156
          ],
          [
            28.244593,
            -25.9805055
          ],
          [
            28.2444347,
            -25.9797556
          ],
          [
            28.2441196,
            -25.9782426
          ],
          [
            28.2438487,
            -25.9769623
          ],
          [
            28.2436703,
            -25.976263
          ],
          [
            28.2435416,
            -25.9758447
          ],
          [
            28.2434249,
            -25.9754866
          ],
          [
            28.2432934,
            -25.9751351
          ],
          [
            28.2431741,
            -25.9748175
          ],
          [
            28.2430944,
            -25.974642
          ],
          [
            28.2429958,
            -25.9744063
          ],
          [
            28.242926,
            -25.9742237
          ],
          [
            28.2426417,
            -25.9736498
          ],
          [
            28.2422997,
            -25.9729566
          ]
        ]
      }
    },
    {
      "type": "Feature",
      "properties": {
        "id": "way/41262170",
        "name": "Unnamed",
        "network": "PRASA"
      },
      "geometry": {
        "type": "LineString",
        "coordinates": [
          [
            28.254036,
            -26.03985
          ],
          [
            28.2539673,
            -26.040284
          ],
          [
            28.2538808,
            -26.0408888
          ],
          [
            28.253856,
            -26.0410689
          ],
          [
            28.2537837,
            -26.0415721
          ],
          [
            28.2537635,
            -26.0417106
          ],
          [
            28.2537082,
            -26.0420776
          ],
          [
            28.253573,
            -26.0430125
          ],
          [
            28.253514,
            -26.0434226
          ],
          [
            28.253348,
            -26.0445199
          ],
          [
            28.2532667,
            -26.0449437
          ],
          [
            28.2531689,
            -26.0453662
          ],
          [
            28.2530616,
            -26.0457158
          ],
          [
            28.2529031,
            -26.0461573
          ],
          [
            28.2527759,
            -26.0464582
          ],
          [
            28.252524,
            -26.0469737
          ],
          [
            28.2522028,
            -26.0475314
          ],
          [
            28.2519263,
            -26.0479212
          ],
          [
            28.2514462,
            -26.0485094
          ],
          [
            28.2505882,
            -26.0494632
          ],
          [
            28.250117,
            -26.0499995
          ],
          [
            28.2476487,
            -26.0527552
          ],
          [
            28.2468149,
            -26.0536863
          ],
          [
            28.2442638,
            -26.0565245
          ],
          [
            28.2434048,
            -26.0574946
          ],
          [
            28.2420349,
            -26.0590222
          ],
          [
            28.2388947,
            -26.0625054
          ],
          [
            28.2379199,
            -26.0635817
          ],
          [
            28.2371056,
            -26.0644929
          ],
          [
            28.2366136,
            -26.0650321
          ],
          [
            28.2364235,
            -26.0652409
          ],
          [
            28.2345262,
            -26.06737
          ],
          [
            28.2339222,
            -26.0680324
          ],
          [
            28.2337101,
            -26.0682557
          ],
          [
            28.2332354,
            -26.0687956
          ],
          [
            28.2331665,
            -26.0688672
          ]
        ]
      }
    },
    {
      "type": "Feature",
      "properties": {
        "id": "way/41262172",
        "name": "Unnamed",
        "network": "PRASA"
      },
      "geometry": {
        "type": "LineString",
        "coordinates": [
          [
            28.2331665,
            -26.0688672
          ],
          [
            28.2330093,
            -26.0690421
          ]
        ]
      }
    },
    {
      "type": "Feature",
      "properties": {
        "id": "way/58365742",
        "name": "Unnamed",
        "network": "PRASA"
      },
      "geometry": {
        "type": "LineString",
        "coordinates": [
          [
            28.1925885,
            -25.7817442
          ],
          [
            28.1926004,
            -25.7818763
          ],
          [
            28.1926212,
            -25.782055
          ],
          [
            28.1926527,
            -25.7822977
          ],
          [
            28.1926936,
            -25.7825211
          ],
          [
            28.1927365,
            -25.7827101
          ],
          [
            28.1927989,
            -25.7829625
          ],
          [
            28.1928559,
            -25.7831593
          ],
          [
            28.1929429,
            -25.7834199
          ],
          [
            28.1929558,
            -25.7834546
          ],
          [
            28.1930195,
            -25.7836297
          ],
          [
            28.1932858,
            -25.7842982
          ],
          [
            28.1934656,
            -25.7847456
          ],
          [
            28.1937685,
            -25.7854797
          ],
          [
            28.1939261,
            -25.7858716
          ],
          [
            28.1941795,
            -25.7864917
          ],
          [
            28.1948085,
            -25.7880446
          ],
          [
            28.1952585,
            -25.7891567
          ],
          [
            28.1953771,
            -25.7894652
          ],
          [
            28.1954583,
            -25.7896904
          ],
          [
            28.1955475,
            -25.7899579
          ],
          [
            28.1956011,
            -25.7901511
          ],
          [
            28.1956581,
            -25.790386
          ],
          [
            28.1957037,
            -25.7905979
          ],
          [
            28.1957453,
            -25.7908448
          ],
          [
            28.1957795,
            -25.7911135
          ],
          [
            28.1957949,
            -25.791288
          ],
          [
            28.1958076,
            -25.7915343
          ],
          [
            28.195813,
            -25.7918362
          ],
          [
            28.1958096,
            -25.7920759
          ],
          [
            28.1957989,
            -25.7922359
          ],
          [
            28.1957768,
            -25.7924816
          ],
          [
            28.1957359,
            -25.7927968
          ],
          [
            28.1955468,
            -25.7937984
          ],
          [
            28.19552,
            -25.7939783
          ],
          [
            28.1955012,
            -25.7941075
          ],
          [
            28.1954811,
            -25.7942904
          ],
          [
            28.1954657,
            -25.7944655
          ],
          [
            28.1954543,
            -25.7946943
          ],
          [
            28.1954522,
            -25.7948513
          ],
          [
            28.1954529,
            -25.7950475
          ],
          [
            28.1954616,
            -25.7952172
          ],
          [
            28.1954703,
            -25.7953759
          ],
          [
            28.1954831,
            -25.7955178
          ],
          [
            28.1954985,
            -25.7956597
          ],
          [
            28.1955166,
            -25.7958016
          ],
          [
            28.1955434,
            -25.79597
          ],
          [
            28.1955709,
            -25.7961191
          ],
          [
            28.1956031,
            -25.7962767
          ],
          [
            28.1956527,
            -25.7964947
          ],
          [
            28.1957144,
            -25.7967555
          ],
          [
            28.1958459,
            -25.7972873
          ],
          [
            28.1958589,
            -25.7973318
          ],
          [
            28.1960236,
            -25.7980233
          ],
          [
            28.1961436,
            -25.798502
          ],
          [
            28.1963005,
            -25.7991377
          ],
          [
            28.1964755,
            -25.7998429
          ],
          [
            28.196729,
            -25.800877
          ],
          [
            28.1972668,
            -25.8030292
          ]
        ]
      }
    },
    {
      "type": "Feature",
      "properties": {
        "id": "way/58365777",
        "name": "Unnamed",
        "network": "PRASA"
      },
      "geometry": {
        "type": "LineString",
        "coordinates": [
          [
            28.1925714,
            -25.7812403
          ],
          [
            28.1925742,
            -25.7814603
          ],
          [
            28.1925885,
            -25.7817442
          ]
        ]
      }
    },
    {
      "type": "Feature",
      "properties": {
        "id": "way/61238899",
        "name": "Unnamed",
        "network": "PRASA"
      },
      "geometry": {
        "type": "LineString",
        "coordinates": [
          [
            28.1456437,
            -26.2130534
          ],
          [
            28.1454243,
            -26.2129595
          ],
          [
            28.1451421,
            -26.2128181
          ],
          [
            28.1448859,
            -26.2126737
          ],
          [
            28.144676,
            -26.2125372
          ],
          [
            28.1444695,
            -26.212388
          ],
          [
            28.1443119,
            -26.2122665
          ],
          [
            28.1441871,
            -26.2121654
          ],
          [
            28.1440242,
            -26.21203
          ],
          [
            28.1436226,
            -26.211707
          ],
          [
            28.1431995,
            -26.2113599
          ],
          [
            28.1428897,
            -26.2111078
          ],
          [
            28.1426583,
            -26.2109189
          ],
          [
            28.1424055,
            -26.2107126
          ],
          [
            28.1421689,
            -26.2105206
          ],
          [
            28.1417993,
            -26.2102373
          ],
          [
            28.1415687,
            -26.2100767
          ],
          [
            28.1414587,
            -26.2100081
          ],
          [
            28.1412676,
            -26.2098841
          ],
          [
            28.1410778,
            -26.2097746
          ],
          [
            28.1407151,
            -26.2095785
          ],
          [
            28.1403878,
            -26.2094173
          ],
          [
            28.1397414,
            -26.2091069
          ],
          [
            28.1391634,
            -26.2088337
          ],
          [
            28.1382595,
            -26.2084066
          ],
          [
            28.1380684,
            -26.2083157
          ],
          [
            28.1377881,
            -26.2081858
          ],
          [
            28.1375118,
            -26.2080793
          ],
          [
            28.1372812,
            -26.2080011
          ],
          [
            28.1371002,
            -26.2079514
          ]
        ]
      }
    },
    {
      "type": "Feature",
      "properties": {
        "id": "way/63195368",
        "name": "Unnamed",
        "network": "PRASA"
      },
      "geometry": {
        "type": "LineString",
        "coordinates": [
          [
            28.1662046,
            -25.7342426
          ],
          [
            28.1659292,
            -25.734675
          ]
        ]
      }
    },
    {
      "type": "Feature",
      "properties": {
        "id": "way/63195369",
        "name": "Unnamed",
        "network": "PRASA"
      },
      "geometry": {
        "type": "LineString",
        "coordinates": [
          [
            28.1659292,
            -25.734675
          ],
          [
            28.1657542,
            -25.7349533
          ]
        ]
      }
    },
    {
      "type": "Feature",
      "properties": {
        "id": "way/63195370",
        "name": "Unnamed",
        "network": "PRASA"
      },
      "geometry": {
        "type": "LineString",
        "coordinates": [
          [
            28.1646095,
            -25.7378291
          ],
          [
            28.1644738,
            -25.7377711
          ],
          [
            28.1643044,
            -25.7376841
          ]
        ]
      }
    },
    {
      "type": "Feature",
      "properties": {
        "id": "way/63195372",
        "name": "Unnamed",
        "network": "PRASA"
      },
      "geometry": {
        "type": "LineString",
        "coordinates": [
          [
            28.1643044,
            -25.7376841
          ],
          [
            28.1641804,
            -25.7376087
          ],
          [
            28.1640771,
            -25.7375386
          ],
          [
            28.1640235,
            -25.7375011
          ],
          [
            28.1639303,
            -25.7374341
          ],
          [
            28.1638404,
            -25.7373604
          ],
          [
            28.1637485,
            -25.7372472
          ]
        ]
      }
    },
    {
      "type": "Feature",
      "properties": {
        "id": "way/63195373",
        "name": "Unnamed",
        "network": "PRASA"
      },
      "geometry": {
        "type": "LineString",
        "coordinates": [
          [
            28.1663412,
            -25.7340186
          ],
          [
            28.1662046,
            -25.7342426
          ]
        ]
      }
    },
    {
      "type": "Feature",
      "properties": {
        "id": "way/63195374",
        "name": "Unnamed",
        "network": "PRASA"
      },
      "geometry": {
        "type": "LineString",
        "coordinates": [
          [
            28.1637485,
            -25.7372472
          ],
          [
            28.1636721,
            -25.7371272
          ],
          [
            28.1636113,
            -25.737022
          ],
          [
            28.1635628,
            -25.7369201
          ],
          [
            28.1635248,
            -25.736824
          ]
        ]
      }
    },
    {
      "type": "Feature",
      "properties": {
        "id": "way/63195375",
        "name": "Unnamed",
        "network": "PRASA"
      },
      "geometry": {
        "type": "LineString",
        "coordinates": [
          [
            28.163445,
            -25.7364851
          ],
          [
            28.1634358,
            -25.73623
          ]
        ]
      }
    },
    {
      "type": "Feature",
      "properties": {
        "id": "way/63195376",
        "name": "Unnamed",
        "network": "PRASA"
      },
      "geometry": {
        "type": "LineString",
        "coordinates": [
          [
            28.1635248,
            -25.736824
          ],
          [
            28.1634991,
            -25.7367494
          ],
          [
            28.1634642,
            -25.7365945
          ],
          [
            28.163445,
            -25.7364851
          ]
        ]
      }
    },
    {
      "type": "Feature",
      "properties": {
        "id": "way/63970821",
        "name": "Unnamed",
        "network": "PRASA"
      },
      "geometry": {
        "type": "LineString",
        "coordinates": [
          [
            28.1596012,
            -25.7437208
          ],
          [
            28.1595408,
            -25.7440293
          ],
          [
            28.1594899,
            -25.7443077
          ],
          [
            28.1594302,
            -25.7446864
          ],
          [
            28.1594148,
            -25.7448066
          ],
          [
            28.159396,
            -25.7450513
          ],
          [
            28.1593879,
            -25.7451799
          ],
          [
            28.1593846,
            -25.7453291
          ],
          [
            28.1593792,
            -25.7454583
          ],
          [
            28.1593966,
            -25.7460907
          ],
          [
            28.1594577,
            -25.7467889
          ],
          [
            28.1595937,
            -25.7482676
          ]
        ]
      }
    },
    {
      "type": "Feature",
      "properties": {
        "id": "way/63970827",
        "name": "Unnamed",
        "network": "PRASA"
      },
      "geometry": {
        "type": "LineString",
        "coordinates": [
          [
            28.160035,
            -25.7536527
          ],
          [
            28.1601047,
            -25.7546493
          ]
        ]
      }
    },
    {
      "type": "Feature",
      "properties": {
        "id": "way/63970831",
        "name": "Unnamed",
        "network": "PRASA"
      },
      "geometry": {
        "type": "LineString",
        "coordinates": [
          [
            28.1660178,
            -25.7562024
          ],
          [
            28.1661266,
            -25.7561845
          ],
          [
            28.166756,
            -25.7560995
          ],
          [
            28.167047,
            -25.7560687
          ],
          [
            28.1672589,
            -25.7560518
          ],
          [
            28.1674014,
            -25.7560428
          ],
          [
            28.167739,
            -25.7560289
          ],
          [
            28.1679495,
            -25.7560277
          ],
          [
            28.1681782,
            -25.7560307
          ],
          [
            28.1684907,
            -25.7560476
          ],
          [
            28.1688052,
            -25.7560736
          ],
          [
            28.1691599,
            -25.7561171
          ],
          [
            28.1696051,
            -25.7561853
          ],
          [
            28.1703233,
            -25.7562988
          ],
          [
            28.171445,
            -25.7564756
          ],
          [
            28.1722431,
            -25.756602
          ],
          [
            28.1725824,
            -25.7566437
          ],
          [
            28.1728137,
            -25.7566642
          ],
          [
            28.172982,
            -25.7566715
          ],
          [
            28.1731523,
            -25.7566786
          ],
          [
            28.1733582,
            -25.7566775
          ],
          [
            28.1735044,
            -25.7566769
          ],
          [
            28.1737391,
            -25.7566684
          ],
          [
            28.1738605,
            -25.7566576
          ],
          [
            28.1740985,
            -25.756631
          ],
          [
            28.1743633,
            -25.7565911
          ],
          [
            28.1746117,
            -25.7565427
          ],
          [
            28.1749105,
            -25.756474
          ],
          [
            28.175341,
            -25.7563556
          ],
          [
            28.1762424,
            -25.7561036
          ]
        ]
      }
    },
    {
      "type": "Feature",
      "properties": {
        "id": "way/63970834",
        "name": "Unnamed",
        "network": "PRASA"
      },
      "geometry": {
        "type": "LineString",
        "coordinates": [
          [
            28.1595937,
            -25.7482676
          ],
          [
            28.1596118,
            -25.7485357
          ]
        ]
      }
    },
    {
      "type": "Feature",
      "properties": {
        "id": "way/63970835",
        "name": "Unnamed",
        "network": "PRASA"
      },
      "geometry": {
        "type": "LineString",
        "coordinates": [
          [
            28.1601047,
            -25.7546493
          ],
          [
            28.1601202,
            -25.7548263
          ]
        ]
      }
    },
    {
      "type": "Feature",
      "properties": {
        "id": "way/63970836",
        "name": "Unnamed",
        "network": "PRASA"
      },
      "geometry": {
        "type": "LineString",
        "coordinates": [
          [
            28.1597926,
            -25.7427988
          ],
          [
            28.1596997,
            -25.7432453
          ]
        ]
      }
    },
    {
      "type": "Feature",
      "properties": {
        "id": "way/63970837",
        "name": "Unnamed",
        "network": "PRASA"
      },
      "geometry": {
        "type": "LineString",
        "coordinates": [
          [
            28.1565067,
            -25.7578723
          ],
          [
            28.1567433,
            -25.7578129
          ],
          [
            28.1569149,
            -25.7577585
          ],
          [
            28.1572127,
            -25.7576547
          ],
          [
            28.1574252,
            -25.7575798
          ],
          [
            28.1575318,
            -25.7575478
          ],
          [
            28.1576405,
            -25.7575158
          ],
          [
            28.1578296,
            -25.7574711
          ],
          [
            28.1586099,
            -25.7573041
          ],
          [
            28.1587945,
            -25.7572615
          ],
          [
            28.1589829,
            -25.7572053
          ],
          [
            28.1591278,
            -25.7571534
          ],
          [
            28.1592672,
            -25.7570852
          ],
          [
            28.1593913,
            -25.7570133
          ],
          [
            28.159508,
            -25.7569293
          ],
          [
            28.1595857,
            -25.7568623
          ],
          [
            28.1596535,
            -25.7567953
          ],
          [
            28.159742,
            -25.7566992
          ],
          [
            28.1598017,
            -25.7566189
          ],
          [
            28.1598432,
            -25.7565525
          ],
          [
            28.1599069,
            -25.7564456
          ],
          [
            28.1599431,
            -25.7563671
          ],
          [
            28.1599733,
            -25.756294
          ],
          [
            28.1600317,
            -25.7560814
          ],
          [
            28.1600451,
            -25.7559902
          ],
          [
            28.1600538,
            -25.7558827
          ],
          [
            28.1600518,
            -25.7556726
          ],
          [
            28.160041,
            -25.7555204
          ],
          [
            28.1600006,
            -25.7548725
          ]
        ]
      }
    },
    {
      "type": "Feature",
      "properties": {
        "id": "way/63970838",
        "name": "Unnamed",
        "network": "PRASA"
      },
      "geometry": {
        "type": "LineString",
        "coordinates": [
          [
            28.1596449,
            -25.7435065
          ],
          [
            28.1596012,
            -25.7437208
          ]
        ]
      }
    },
    {
      "type": "Feature",
      "properties": {
        "id": "way/63970839",
        "name": "Unnamed",
        "network": "PRASA"
      },
      "geometry": {
        "type": "LineString",
        "coordinates": [
          [
            28.1596118,
            -25.7485357
          ],
          [
            28.1596226,
            -25.7487259
          ],
          [
            28.1596393,
            -25.7488588
          ],
          [
            28.1596582,
            -25.7489868
          ],
          [
            28.1597443,
            -25.7494411
          ],
          [
            28.1597818,
            -25.7496445
          ],
          [
            28.1597971,
            -25.7497968
          ],
          [
            28.1599453,
            -25.7515202
          ],
          [
            28.1599587,
            -25.7517042
          ],
          [
            28.1599649,
            -25.7519191
          ],
          [
            28.1599668,
            -25.7521273
          ],
          [
            28.1599704,
            -25.7524986
          ],
          [
            28.1599746,
            -25.7527056
          ],
          [
            28.1599945,
            -25.7530564
          ]
        ]
      }
    },
    {
      "type": "Feature",
      "properties": {
        "id": "way/63970840",
        "name": "Unnamed",
        "network": "PRASA"
      },
      "geometry": {
        "type": "LineString",
        "coordinates": [
          [
            28.1596997,
            -25.7432453
          ],
          [
            28.1596449,
            -25.7435065
          ]
        ]
      }
    },
    {
      "type": "Feature",
      "properties": {
        "id": "way/63970842",
        "name": "Unnamed",
        "network": "PRASA"
      },
      "geometry": {
        "type": "LineString",
        "coordinates": [
          [
            28.1599945,
            -25.7530564
          ],
          [
            28.1600105,
            -25.7532403
          ]
        ]
      }
    },
    {
      "type": "Feature",
      "properties": {
        "id": "way/63972446",
        "name": "Unnamed",
        "network": "PRASA"
      },
      "geometry": {
        "type": "LineString",
        "coordinates": [
          [
            28.1674364,
            -25.7372107
          ],
          [
            28.1672743,
            -25.7372795
          ],
          [
            28.1668391,
            -25.7374607
          ],
          [
            28.1662188,
            -25.7377234
          ],
          [
            28.1660277,
            -25.7377953
          ],
          [
            28.1658715,
            -25.7378527
          ]
        ]
      }
    },
    {
      "type": "Feature",
      "properties": {
        "id": "way/64218909",
        "name": "Unnamed",
        "network": "PRASA"
      },
      "geometry": {
        "type": "LineString",
        "coordinates": [
          [
            28.1762424,
            -25.7561036
          ],
          [
            28.1764403,
            -25.7560467
          ]
        ]
      }
    },
    {
      "type": "Feature",
      "properties": {
        "id": "way/64250061",
        "name": "Unnamed",
        "network": "PRASA"
      },
      "geometry": {
        "type": "LineString",
        "coordinates": [
          [
            28.1812734,
            -25.7556156
          ],
          [
            28.1813712,
            -25.7556189
          ],
          [
            28.181535,
            -25.755627
          ],
          [
            28.1816849,
            -25.7556403
          ],
          [
            28.1819233,
            -25.7556712
          ]
        ]
      }
    },
    {
      "type": "Feature",
      "properties": {
        "id": "way/64250067",
        "name": "Unnamed",
        "network": "PRASA"
      },
      "geometry": {
        "type": "LineString",
        "coordinates": [
          [
            28.1827305,
            -25.7558761
          ],
          [
            28.1829854,
            -25.7559823
          ],
          [
            28.1831657,
            -25.7560567
          ],
          [
            28.1841239,
            -25.756445
          ],
          [
            28.1862059,
            -25.7573036
          ],
          [
            28.1866375,
            -25.757484
          ],
          [
            28.1870547,
            -25.7576909
          ],
          [
            28.187179,
            -25.7577513
          ],
          [
            28.1872958,
            -25.757805
          ]
        ]
      }
    },
    {
      "type": "Feature",
      "properties": {
        "id": "way/65582279",
        "name": "Unnamed",
        "network": "PRASA"
      },
      "geometry": {
        "type": "LineString",
        "coordinates": [
          [
            28.2242835,
            -25.7560269
          ],
          [
            28.2246175,
            -25.7556734
          ]
        ]
      }
    },
    {
      "type": "Feature",
      "properties": {
        "id": "way/65582286",
        "name": "Unnamed",
        "network": "PRASA"
      },
      "geometry": {
        "type": "LineString",
        "coordinates": [
          [
            28.2199315,
            -25.7599337
          ],
          [
            28.2201224,
            -25.7598687
          ]
        ]
      }
    },
    {
      "type": "Feature",
      "properties": {
        "id": "way/65582325",
        "name": "Unnamed",
        "network": "PRASA"
      },
      "geometry": {
        "type": "LineString",
        "coordinates": [
          [
            28.2194549,
            -25.7600438
          ],
          [
            28.2195707,
            -25.7600213
          ]
        ]
      }
    },
    {
      "type": "Feature",
      "properties": {
        "id": "way/65582326",
        "name": "Unnamed",
        "network": "PRASA"
      },
      "geometry": {
        "type": "LineString",
        "coordinates": [
          [
            28.2201224,
            -25.7598687
          ],
          [
            28.2203582,
            -25.759783
          ],
          [
            28.2207917,
            -25.7595748
          ],
          [
            28.2209681,
            -25.7594706
          ],
          [
            28.2212074,
            -25.7593164
          ],
          [
            28.2213993,
            -25.7591637
          ],
          [
            28.2217363,
            -25.7588288
          ],
          [
            28.2242835,
            -25.7560269
          ]
        ]
      }
    },
    {
      "type": "Feature",
      "properties": {
        "id": "way/65582333",
        "name": "Unnamed",
        "network": "PRASA"
      },
      "geometry": {
        "type": "LineString",
        "coordinates": [
          [
            28.2195707,
            -25.7600213
          ],
          [
            28.2197795,
            -25.7599713
          ],
          [
            28.2199315,
            -25.7599337
          ]
        ]
      }
    },
    {
      "type": "Feature",
      "properties": {
        "id": "way/65582350",
        "name": "Unnamed",
        "network": "PRASA"
      },
      "geometry": {
        "type": "LineString",
        "coordinates": [
          [
            28.2246175,
            -25.7556734
          ],
          [
            28.225464,
            -25.7547362
          ],
          [
            28.2281519,
            -25.7517832
          ],
          [
            28.2284609,
            -25.7514529
          ],
          [
            28.2288397,
            -25.7511202
          ]
        ]
      }
    },
    {
      "type": "Feature",
      "properties": {
        "id": "way/70586027",
        "name": "Unnamed",
        "network": "PRASA"
      },
      "geometry": {
        "type": "LineString",
        "coordinates": [
          [
            28.0659056,
            -25.7653533
          ],
          [
            28.0660538,
            -25.7653949
          ],
          [
            28.0662918,
            -25.7654565
          ],
          [
            28.0665855,
            -25.7655103
          ],
          [
            28.0667773,
            -25.7655338
          ],
          [
            28.0669697,
            -25.7655519
          ],
          [
            28.0672534,
            -25.7655616
          ],
          [
            28.0674284,
            -25.7655574
          ],
          [
            28.0675907,
            -25.7655477
          ],
          [
            28.0677529,
            -25.7655326
          ],
          [
            28.0679326,
            -25.7655079
          ],
          [
            28.0680849,
            -25.7654807
          ],
          [
            28.0682673,
            -25.7654451
          ],
          [
            28.0684275,
            -25.7654034
          ],
          [
            28.0685931,
            -25.7653551
          ],
          [
            28.0687883,
            -25.7652905
          ],
          [
            28.0689727,
            -25.765221
          ],
          [
            28.0694152,
            -25.7650531
          ],
          [
            28.0699188,
            -25.7648581
          ],
          [
            28.0704761,
            -25.7646473
          ],
          [
            28.0711157,
            -25.7644039
          ],
          [
            28.072947,
            -25.763707
          ],
          [
            28.0757627,
            -25.7626317
          ],
          [
            28.0760363,
            -25.7625282
          ],
          [
            28.0764962,
            -25.7623525
          ],
          [
            28.0772694,
            -25.7620584
          ],
          [
            28.0780392,
            -25.7617631
          ],
          [
            28.0791832,
            -25.7613313
          ],
          [
            28.0795111,
            -25.7612214
          ],
          [
            28.0798712,
            -25.7611109
          ],
          [
            28.0801132,
            -25.7610487
          ],
          [
            28.0803868,
            -25.7609859
          ],
          [
            28.0806684,
            -25.7609333
          ],
          [
            28.0809675,
            -25.7608826
          ],
          [
            28.0813564,
            -25.7608319
          ],
          [
            28.0815898,
            -25.7608017
          ],
          [
            28.0819103,
            -25.7607582
          ],
          [
            28.0825607,
            -25.7606736
          ],
          [
            28.0835646,
            -25.7605468
          ],
          [
            28.0845297,
            -25.7604221
          ],
          [
            28.0851089,
            -25.7603465
          ]
        ]
      }
    },
    {
      "type": "Feature",
      "properties": {
        "id": "way/70586033",
        "name": "Unnamed",
        "network": "PRASA"
      },
      "geometry": {
        "type": "LineString",
        "coordinates": [
          [
            28.0853332,
            -25.7603178
          ],
          [
            28.0851089,
            -25.7603465
          ]
        ]
      }
    },
    {
      "type": "Feature",
      "properties": {
        "id": "way/71069190",
        "name": "Unnamed",
        "network": "PRASA"
      },
      "geometry": {
        "type": "LineString",
        "coordinates": [
          [
            28.1724295,
            -26.2111162
          ],
          [
            28.1724033,
            -26.211112
          ],
          [
            28.1720701,
            -26.2110681
          ],
          [
            28.1719628,
            -26.2110537
          ],
          [
            28.1718159,
            -26.2110308
          ],
          [
            28.1716356,
            -26.2109983
          ],
          [
            28.1713345,
            -26.2109418
          ],
          [
            28.1710489,
            -26.2108788
          ],
          [
            28.170107,
            -26.2106454
          ],
          [
            28.1678646,
            -26.210075
          ]
        ]
      }
    },
    {
      "type": "Feature",
      "properties": {
        "id": "way/71164450",
        "name": "Unnamed",
        "network": "PRASA"
      },
      "geometry": {
        "type": "LineString",
        "coordinates": [
          [
            28.1239318,
            -25.6455397
          ],
          [
            28.1256987,
            -25.6460094
          ],
          [
            28.127929,
            -25.6466102
          ],
          [
            28.1286022,
            -25.6467868
          ],
          [
            28.1313366,
            -25.6475221
          ],
          [
            28.1332763,
            -25.648047
          ],
          [
            28.1368996,
            -25.6490209
          ],
          [
            28.1396746,
            -25.6497648
          ]
        ]
      }
    },
    {
      "type": "Feature",
      "properties": {
        "id": "way/71164453",
        "name": "Unnamed",
        "network": "PRASA"
      },
      "geometry": {
        "type": "LineString",
        "coordinates": [
          [
            28.2750435,
            -25.7260826
          ],
          [
            28.2675923,
            -25.7254656
          ],
          [
            28.2671055,
            -25.7254241
          ],
          [
            28.266975,
            -25.7254127
          ],
          [
            28.266626,
            -25.725384
          ],
          [
            28.2660782,
            -25.7253378
          ],
          [
            28.265645,
            -25.7252958
          ],
          [
            28.2654032,
            -25.7252689
          ]
        ]
      }
    },
    {
      "type": "Feature",
      "properties": {
        "id": "way/71164456",
        "name": "Unnamed",
        "network": "PRASA"
      },
      "geometry": {
        "type": "LineString",
        "coordinates": [
          [
            28.4278482,
            -25.7351619
          ],
          [
            28.4273199,
            -25.7349063
          ],
          [
            28.4265494,
            -25.7345408
          ],
          [
            28.4264682,
            -25.7345021
          ],
          [
            28.4259841,
            -25.7342689
          ],
          [
            28.4254074,
            -25.7339929
          ],
          [
            28.4251352,
            -25.7338691
          ],
          [
            28.4248338,
            -25.733727
          ],
          [
            28.4243939,
            -25.7335095
          ],
          [
            28.4239895,
            -25.7333149
          ],
          [
            28.4239624,
            -25.7333019
          ],
          [
            28.4238745,
            -25.7332596
          ],
          [
            28.4237396,
            -25.7331958
          ],
          [
            28.4236184,
            -25.7331384
          ],
          [
            28.4234719,
            -25.7330692
          ],
          [
            28.4233126,
            -25.7329938
          ],
          [
            28.422695,
            -25.7327008
          ],
          [
            28.4223946,
            -25.7325607
          ],
          [
            28.422166,
            -25.7324592
          ],
          [
            28.4215289,
            -25.7322127
          ],
          [
            28.4211561,
            -25.7320931
          ],
          [
            28.420857,
            -25.7320025
          ],
          [
            28.420507,
            -25.7319155
          ],
          [
            28.4201074,
            -25.731831
          ],
          [
            28.4194288,
            -25.7317283
          ],
          [
            28.4187113,
            -25.7316522
          ],
          [
            28.4169777,
            -25.7314606
          ],
          [
            28.4163664,
            -25.7313955
          ],
          [
            28.4156657,
            -25.7313154
          ],
          [
            28.4153919,
            -25.7312894
          ],
          [
            28.4145949,
            -25.7311943
          ],
          [
            28.4140258,
            -25.73114
          ],
          [
            28.4139383,
            -25.7311308
          ],
          [
            28.4110224,
            -25.7308032
          ],
          [
            28.4100314,
            -25.7307025
          ],
          [
            28.4064408,
            -25.7302993
          ],
          [
            28.4060531,
            -25.7302626
          ],
          [
            28.4053549,
            -25.7301861
          ],
          [
            28.4042829,
            -25.7300684
          ],
          [
            28.4035454,
            -25.7299868
          ],
          [
            28.4030945,
            -25.7299319
          ],
          [
            28.4026323,
            -25.7298889
          ],
          [
            28.402239,
            -25.7298439
          ],
          [
            28.4017932,
            -25.7297942
          ],
          [
            28.4008246,
            -25.7296862
          ],
          [
            28.400687,
            -25.7296811
          ],
          [
            28.3996553,
            -25.729585
          ],
          [
            28.3978678,
            -25.7293785
          ],
          [
            28.3971021,
            -25.7292818
          ],
          [
            28.3950567,
            -25.7290495
          ],
          [
            28.3937678,
            -25.728909
          ],
          [
            28.3915159,
            -25.7286656
          ],
          [
            28.3912668,
            -25.7286372
          ],
          [
            28.3909873,
            -25.7286059
          ],
          [
            28.3907242,
            -25.7285726
          ],
          [
            28.3905591,
            -25.728554
          ],
          [
            28.3903233,
            -25.7285274
          ],
          [
            28.3899795,
            -25.7284965
          ],
          [
            28.3897529,
            -25.728464
          ],
          [
            28.3893042,
            -25.7284212
          ],
          [
            28.389125,
            -25.7284008
          ],
          [
            28.388758,
            -25.7283587
          ],
          [
            28.3884667,
            -25.7283232
          ],
          [
            28.3882501,
            -25.7282881
          ],
          [
            28.3880313,
            -25.7282492
          ],
          [
            28.3876869,
            -25.7281706
          ],
          [
            28.3874749,
            -25.7281196
          ],
          [
            28.3872302,
            -25.7280471
          ],
          [
            28.3869613,
            -25.7279541
          ],
          [
            28.3868191,
            -25.7279039
          ],
          [
            28.3864175,
            -25.7277414
          ],
          [
            28.3860078,
            -25.7275584
          ],
          [
            28.3851971,
            -25.7271851
          ],
          [
            28.3849503,
            -25.7270733
          ],
          [
            28.3838901,
            -25.7265831
          ],
          [
            28.3833008,
            -25.7263158
          ],
          [
            28.382934,
            -25.7261467
          ],
          [
            28.3827348,
            -25.7260597
          ],
          [
            28.3825343,
            -25.7259751
          ],
          [
            28.3823895,
            -25.7259165
          ],
          [
            28.3822252,
            -25.7258555
          ],
          [
            28.3820394,
            -25.7257915
          ],
          [
            28.3818302,
            -25.7257256
          ],
          [
            28.3816452,
            -25.7256694
          ],
          [
            28.3802617,
            -25.7253129
          ],
          [
            28.3795482,
            -25.725135
          ],
          [
            28.3769032,
            -25.7244663
          ],
          [
            28.3754176,
            -25.7240923
          ],
          [
            28.3743229,
            -25.7238113
          ],
          [
            28.3732525,
            -25.7235459
          ],
          [
            28.3716382,
            -25.7231343
          ],
          [
            28.3704713,
            -25.7228454
          ],
          [
            28.3697723,
            -25.7226641
          ],
          [
            28.3690982,
            -25.7224992
          ],
          [
            28.3690143,
            -25.7224777
          ],
          [
            28.3679244,
            -25.7222015
          ],
          [
            28.3664603,
            -25.7218189
          ],
          [
            28.36587,
            -25.7216758
          ],
          [
            28.3655615,
            -25.7216089
          ],
          [
            28.3652403,
            -25.7215588
          ],
          [
            28.3648993,
            -25.7215201
          ],
          [
            28.364686,
            -25.7215076
          ],
          [
            28.3643508,
            -25.7215003
          ],
          [
            28.3640122,
            -25.7215044
          ],
          [
            28.3637107,
            -25.7215316
          ],
          [
            28.3632894,
            -25.7215862
          ]
        ]
      }
    },
    {
      "type": "Feature",
      "properties": {
        "id": "way/71164463",
        "name": "Unnamed",
        "network": "PRASA"
      },
      "geometry": {
        "type": "LineString",
        "coordinates": [
          [
            28.1932667,
            -25.7647743
          ],
          [
            28.1933517,
            -25.7651296
          ],
          [
            28.1934366,
            -25.7655549
          ],
          [
            28.193513,
            -25.7661425
          ],
          [
            28.193515,
            -25.7662639
          ],
          [
            28.193515,
            -25.766369
          ],
          [
            28.193511,
            -25.7665091
          ],
          [
            28.1935036,
            -25.7666486
          ],
          [
            28.1934909,
            -25.7667935
          ],
          [
            28.1934667,
            -25.7670363
          ],
          [
            28.1934278,
            -25.7673932
          ],
          [
            28.193397,
            -25.7676553
          ],
          [
            28.1933246,
            -25.7682893
          ],
          [
            28.1932689,
            -25.7687803
          ],
          [
            28.1932066,
            -25.7693763
          ],
          [
            28.1931885,
            -25.7696317
          ],
          [
            28.193175,
            -25.7699451
          ],
          [
            28.1931657,
            -25.7702006
          ],
          [
            28.1931677,
            -25.7705339
          ],
          [
            28.1931744,
            -25.77086
          ],
          [
            28.1931972,
            -25.7714723
          ],
          [
            28.193228,
            -25.7722984
          ],
          [
            28.1932421,
            -25.7726999
          ],
          [
            28.1932763,
            -25.7736552
          ],
          [
            28.1932977,
            -25.7742543
          ],
          [
            28.1933232,
            -25.7749559
          ],
          [
            28.1933492,
            -25.7756634
          ],
          [
            28.1933608,
            -25.7760343
          ],
          [
            28.1933659,
            -25.7764034
          ],
          [
            28.1933593,
            -25.7766594
          ],
          [
            28.1933387,
            -25.7769443
          ],
          [
            28.1933216,
            -25.7770859
          ],
          [
            28.1932857,
            -25.7773555
          ],
          [
            28.1932582,
            -25.7775167
          ],
          [
            28.1931813,
            -25.7778983
          ],
          [
            28.1930235,
            -25.7785589
          ],
          [
            28.1928699,
            -25.7792177
          ],
          [
            28.1927419,
            -25.7797605
          ],
          [
            28.1926969,
            -25.7799809
          ],
          [
            28.1926581,
            -25.7802031
          ],
          [
            28.1926299,
            -25.7804
          ],
          [
            28.1925997,
            -25.7806318
          ]
        ]
      }
    },
    {
      "type": "Feature",
      "properties": {
        "id": "way/71164465",
        "name": "Unnamed",
        "network": "PRASA"
      },
      "geometry": {
        "type": "LineString",
        "coordinates": [
          [
            28.1651922,
            -25.7188877
          ],
          [
            28.1651909,
            -25.7187246
          ],
          [
            28.1652099,
            -25.7183803
          ],
          [
            28.1652124,
            -25.7182265
          ],
          [
            28.1652492,
            -25.7177338
          ],
          [
            28.1652876,
            -25.7172374
          ],
          [
            28.1653068,
            -25.7169568
          ],
          [
            28.1653209,
            -25.716852
          ],
          [
            28.1653356,
            -25.7167204
          ],
          [
            28.1653586,
            -25.7165846
          ],
          [
            28.1653854,
            -25.7164233
          ],
          [
            28.1654417,
            -25.7161663
          ],
          [
            28.1655678,
            -25.7156149
          ],
          [
            28.1657184,
            -25.7150332
          ],
          [
            28.1659038,
            -25.7144174
          ],
          [
            28.1660512,
            -25.7139206
          ],
          [
            28.1662008,
            -25.7134294
          ],
          [
            28.1664073,
            -25.7127376
          ],
          [
            28.1666453,
            -25.7120054
          ],
          [
            28.1668143,
            -25.7114906
          ],
          [
            28.1670423,
            -25.7107837
          ],
          [
            28.1672695,
            -25.7100273
          ],
          [
            28.1678704,
            -25.708033
          ],
          [
            28.1681567,
            -25.7070765
          ],
          [
            28.168487,
            -25.7059771
          ]
        ]
      }
    },
    {
      "type": "Feature",
      "properties": {
        "id": "way/71400769",
        "name": "Unnamed",
        "network": "PRASA"
      },
      "geometry": {
        "type": "LineString",
        "coordinates": [
          [
            28.1396746,
            -25.6497648
          ],
          [
            28.1407107,
            -25.6500436
          ]
        ]
      }
    },
    {
      "type": "Feature",
      "properties": {
        "id": "way/71400784",
        "name": "Unnamed",
        "network": "PRASA"
      },
      "geometry": {
        "type": "LineString",
        "coordinates": [
          [
            28.151455,
            -25.652929
          ],
          [
            28.1515383,
            -25.6529501
          ],
          [
            28.1575915,
            -25.6545765
          ],
          [
            28.1586503,
            -25.6548588
          ],
          [
            28.1592076,
            -25.6550094
          ],
          [
            28.1614901,
            -25.6556228
          ],
          [
            28.1624282,
            -25.6558725
          ],
          [
            28.1632014,
            -25.656055
          ],
          [
            28.1636366,
            -25.6561495
          ],
          [
            28.1642481,
            -25.6562817
          ],
          [
            28.1646316,
            -25.6563772
          ],
          [
            28.1654236,
            -25.6565845
          ],
          [
            28.1662017,
            -25.6567952
          ],
          [
            28.1676093,
            -25.657168
          ],
          [
            28.1683701,
            -25.6573809
          ],
          [
            28.1692743,
            -25.6576729
          ],
          [
            28.170111,
            -25.6579332
          ],
          [
            28.1728211,
            -25.6586577
          ],
          [
            28.1734145,
            -25.6588215
          ],
          [
            28.1739067,
            -25.6589521
          ]
        ]
      }
    },
    {
      "type": "Feature",
      "properties": {
        "id": "way/71405713",
        "name": "Unnamed",
        "network": "PRASA"
      },
      "geometry": {
        "type": "LineString",
        "coordinates": [
          [
            28.1685651,
            -25.7057251
          ],
          [
            28.1687093,
            -25.7052428
          ],
          [
            28.1688568,
            -25.7047601
          ],
          [
            28.1691407,
            -25.7038448
          ],
          [
            28.169184,
            -25.7037015
          ],
          [
            28.1692404,
            -25.7035589
          ],
          [
            28.1692846,
            -25.7034538
          ],
          [
            28.169333,
            -25.7033533
          ],
          [
            28.1693758,
            -25.703281
          ],
          [
            28.1694281,
            -25.7031964
          ],
          [
            28.1695233,
            -25.7030428
          ],
          [
            28.1696896,
            -25.7028303
          ],
          [
            28.1698177,
            -25.7026714
          ],
          [
            28.1699404,
            -25.7025227
          ],
          [
            28.1701691,
            -25.7022539
          ],
          [
            28.1704299,
            -25.7019469
          ],
          [
            28.1705727,
            -25.7017765
          ],
          [
            28.170697,
            -25.7016408
          ],
          [
            28.1709581,
            -25.7013753
          ],
          [
            28.1712416,
            -25.7011426
          ],
          [
            28.1715485,
            -25.7009328
          ],
          [
            28.1716691,
            -25.7008678
          ],
          [
            28.1718421,
            -25.7007717
          ],
          [
            28.1720387,
            -25.7006735
          ],
          [
            28.1722178,
            -25.7005987
          ],
          [
            28.1723723,
            -25.7005419
          ],
          [
            28.1725334,
            -25.7004905
          ],
          [
            28.1727146,
            -25.7004414
          ],
          [
            28.1729237,
            -25.7003882
          ],
          [
            28.1735896,
            -25.7002467
          ],
          [
            28.1740603,
            -25.7001101
          ],
          [
            28.1743835,
            -25.7000019
          ],
          [
            28.1746832,
            -25.6998865
          ],
          [
            28.1750152,
            -25.6997421
          ],
          [
            28.1753075,
            -25.6995995
          ],
          [
            28.1754805,
            -25.6995143
          ],
          [
            28.1757889,
            -25.6993449
          ],
          [
            28.1762065,
            -25.6990867
          ],
          [
            28.1770496,
            -25.6985681
          ],
          [
            28.1784537,
            -25.6977186
          ],
          [
            28.1789835,
            -25.6973947
          ],
          [
            28.1790522,
            -25.6973533
          ],
          [
            28.1794147,
            -25.6971343
          ],
          [
            28.1799947,
            -25.6967802
          ],
          [
            28.180401,
            -25.6965373
          ],
          [
            28.1810796,
            -25.6961216
          ],
          [
            28.1816851,
            -25.695753
          ],
          [
            28.1823832,
            -25.6953288
          ],
          [
            28.183105,
            -25.694892
          ],
          [
            28.1832018,
            -25.6948208
          ],
          [
            28.1835293,
            -25.6946259
          ],
          [
            28.1837672,
            -25.6944919
          ],
          [
            28.1839764,
            -25.6943638
          ],
          [
            28.1842985,
            -25.694163
          ],
          [
            28.1845856,
            -25.6939684
          ],
          [
            28.1848401,
            -25.6937644
          ],
          [
            28.1852236,
            -25.693426
          ],
          [
            28.1856608,
            -25.6930154
          ],
          [
            28.1858946,
            -25.6927673
          ],
          [
            28.1862563,
            -25.6923843
          ],
          [
            28.1864393,
            -25.6921835
          ],
          [
            28.1865205,
            -25.6920858
          ],
          [
            28.1866077,
            -25.6919686
          ],
          [
            28.1867156,
            -25.691797
          ],
          [
            28.1868041,
            -25.6916387
          ],
          [
            28.1868725,
            -25.6914991
          ],
          [
            28.1869376,
            -25.6913559
          ],
          [
            28.1870288,
            -25.6910906
          ],
          [
            28.1870703,
            -25.6909335
          ],
          [
            28.1871005,
            -25.6907866
          ],
          [
            28.1871273,
            -25.6905619
          ],
          [
            28.1871381,
            -25.6903987
          ],
          [
            28.1871481,
            -25.6901872
          ],
          [
            28.1871284,
            -25.6899749
          ],
          [
            28.1870958,
            -25.6897811
          ],
          [
            28.1870522,
            -25.6895912
          ],
          [
            28.1870033,
            -25.689415
          ],
          [
            28.1869557,
            -25.6892808
          ],
          [
            28.1868571,
            -25.6890518
          ],
          [
            28.1867666,
            -25.6888723
          ],
          [
            28.1866372,
            -25.6886747
          ],
          [
            28.186501,
            -25.688491
          ],
          [
            28.1864031,
            -25.6883714
          ],
          [
            28.1862777,
            -25.6882342
          ],
          [
            28.1860678,
            -25.6880205
          ],
          [
            28.1856293,
            -25.6876432
          ],
          [
            28.1854282,
            -25.6874662
          ],
          [
            28.185227,
            -25.6872799
          ],
          [
            28.1849541,
            -25.6870099
          ],
          [
            28.1847436,
            -25.6867889
          ],
          [
            28.1845055,
            -25.6865017
          ],
          [
            28.1842805,
            -25.686204
          ],
          [
            28.1840971,
            -25.6859488
          ],
          [
            28.1839382,
            -25.6857155
          ],
          [
            28.183735,
            -25.6853892
          ],
          [
            28.1836197,
            -25.6851868
          ],
          [
            28.1835365,
            -25.6850345
          ],
          [
            28.1834621,
            -25.6848877
          ],
          [
            28.1833743,
            -25.6847172
          ],
          [
            28.1832891,
            -25.6845402
          ],
          [
            28.1831691,
            -25.6842706
          ],
          [
            28.1830471,
            -25.6839704
          ],
          [
            28.1828786,
            -25.6834923
          ],
          [
            28.1827949,
            -25.6832065
          ],
          [
            28.1827106,
            -25.6829214
          ],
          [
            28.1826232,
            -25.6825285
          ],
          [
            28.1825441,
            -25.6821574
          ],
          [
            28.1824636,
            -25.6817332
          ],
          [
            28.1824177,
            -25.6813743
          ],
          [
            28.182355,
            -25.68073
          ],
          [
            28.1823309,
            -25.6803553
          ],
          [
            28.1823122,
            -25.6800118
          ],
          [
            28.1822826,
            -25.679467
          ],
          [
            28.1822819,
            -25.6792742
          ],
          [
            28.1822933,
            -25.6788856
          ],
          [
            28.182304,
            -25.6786409
          ],
          [
            28.1822979,
            -25.6783193
          ]
        ]
      }
    },
    {
      "type": "Feature",
      "properties": {
        "id": "way/71405724",
        "name": "Unnamed",
        "network": "PRASA"
      },
      "geometry": {
        "type": "LineString",
        "coordinates": [
          [
            28.168487,
            -25.7059771
          ],
          [
            28.1685651,
            -25.7057251
          ]
        ]
      }
    },
    {
      "type": "Feature",
      "properties": {
        "id": "way/84272851",
        "name": "Unnamed",
        "network": "PRASA"
      },
      "geometry": {
        "type": "LineString",
        "coordinates": [
          [
            28.0640314,
            -25.7647119
          ],
          [
            28.0637886,
            -25.7646129
          ],
          [
            28.0635157,
            -25.7645012
          ],
          [
            28.0633038,
            -25.764419
          ],
          [
            28.0631422,
            -25.7643599
          ],
          [
            28.0629082,
            -25.7642844
          ],
          [
            28.0617508,
            -25.7639172
          ],
          [
            28.0609884,
            -25.7636726
          ],
          [
            28.0608013,
            -25.7636116
          ],
          [
            28.0606169,
            -25.7635645
          ],
          [
            28.0603018,
            -25.7635005
          ],
          [
            28.05999,
            -25.7634438
          ],
          [
            28.0596771,
            -25.7633832
          ],
          [
            28.0593501,
            -25.7633065
          ]
        ]
      }
    },
    {
      "type": "Feature",
      "properties": {
        "id": "way/116822392",
        "name": "Unnamed",
        "network": "PRASA"
      },
      "geometry": {
        "type": "LineString",
        "coordinates": [
          [
            28.1928635,
            -26.2009645
          ],
          [
            28.1930679,
            -26.2007395
          ],
          [
            28.1935617,
            -26.2001785
          ],
          [
            28.193798,
            -26.1999253
          ],
          [
            28.194847,
            -26.1987485
          ],
          [
            28.1954898,
            -26.1980305
          ],
          [
            28.1960524,
            -26.1974021
          ],
          [
            28.1962693,
            -26.1971422
          ],
          [
            28.1964147,
            -26.1969549
          ],
          [
            28.1965638,
            -26.1967573
          ],
          [
            28.1967719,
            -26.1964272
          ],
          [
            28.1969686,
            -26.1960825
          ],
          [
            28.1972564,
            -26.1955804
          ],
          [
            28.1974687,
            -26.1952213
          ],
          [
            28.1976836,
            -26.1947144
          ],
          [
            28.1978479,
            -26.1942636
          ],
          [
            28.1979768,
            -26.1937243
          ],
          [
            28.1980457,
            -26.1933144
          ],
          [
            28.1980918,
            -26.1929237
          ],
          [
            28.198111,
            -26.1926528
          ],
          [
            28.1981183,
            -26.1924313
          ],
          [
            28.1981122,
            -26.1920853
          ],
          [
            28.1980926,
            -26.1917487
          ],
          [
            28.1980662,
            -26.1914726
          ],
          [
            28.198001,
            -26.190947
          ],
          [
            28.197992,
            -26.1908689
          ],
          [
            28.1979227,
            -26.1902681
          ],
          [
            28.1978598,
            -26.1897026
          ],
          [
            28.1978319,
            -26.1892949
          ],
          [
            28.1978253,
            -26.1888988
          ],
          [
            28.1978412,
            -26.1884221
          ],
          [
            28.1978865,
            -26.1879047
          ],
          [
            28.1979358,
            -26.1875559
          ],
          [
            28.1979785,
            -26.1872983
          ],
          [
            28.1980238,
            -26.1870787
          ],
          [
            28.1980942,
            -26.1867778
          ],
          [
            28.1981547,
            -26.1865463
          ],
          [
            28.1983571,
            -26.1858366
          ],
          [
            28.1985823,
            -26.1850333
          ]
        ]
      }
    },
    {
      "type": "Feature",
      "properties": {
        "id": "way/142048123",
        "name": "Unnamed",
        "network": "PRASA"
      },
      "geometry": {
        "type": "LineString",
        "coordinates": [
          [
            28.2280697,
            -26.1122069
          ],
          [
            28.2281326,
            -26.1131639
          ],
          [
            28.2281403,
            -26.1132978
          ],
          [
            28.2281417,
            -26.1135655
          ],
          [
            28.2281387,
            -26.1137058
          ],
          [
            28.2281206,
            -26.1139466
          ],
          [
            28.2281088,
            -26.1140743
          ],
          [
            28.2280894,
            -26.1142066
          ],
          [
            28.2280638,
            -26.1143768
          ],
          [
            28.2280377,
            -26.1145126
          ],
          [
            28.2280002,
            -26.1147038
          ],
          [
            28.2279363,
            -26.1149876
          ],
          [
            28.2277775,
            -26.1156812
          ],
          [
            28.2276313,
            -26.1163258
          ],
          [
            28.2275951,
            -26.1164928
          ],
          [
            28.2271979,
            -26.1182668
          ],
          [
            28.2265984,
            -26.1209012
          ],
          [
            28.226469,
            -26.1214396
          ],
          [
            28.2263801,
            -26.1217572
          ],
          [
            28.2261735,
            -26.1224443
          ],
          [
            28.2260737,
            -26.1226942
          ],
          [
            28.2259704,
            -26.1230079
          ],
          [
            28.2257491,
            -26.1236595
          ],
          [
            28.2256626,
            -26.123914
          ],
          [
            28.2255728,
            -26.124203
          ],
          [
            28.2254016,
            -26.1247777
          ],
          [
            28.22486,
            -26.1265593
          ],
          [
            28.2246137,
            -26.1273697
          ],
          [
            28.224514,
            -26.1276804
          ],
          [
            28.2244557,
            -26.1279044
          ],
          [
            28.2243568,
            -26.1282955
          ],
          [
            28.2242263,
            -26.1288411
          ],
          [
            28.224125,
            -26.1292215
          ],
          [
            28.2240774,
            -26.1293883
          ],
          [
            28.2240251,
            -26.1295677
          ],
          [
            28.2238931,
            -26.1299578
          ],
          [
            28.2237578,
            -26.1303435
          ],
          [
            28.2236448,
            -26.1306741
          ]
        ]
      }
    },
    {
      "type": "Feature",
      "properties": {
        "id": "way/142077104",
        "name": "Unnamed",
        "network": "PRASA"
      },
      "geometry": {
        "type": "LineString",
        "coordinates": [
          [
            28.1821652,
            -25.6753466
          ],
          [
            28.1820797,
            -25.6736963
          ],
          [
            28.1819554,
            -25.6715374
          ],
          [
            28.1819192,
            -25.6709566
          ],
          [
            28.1818443,
            -25.6695633
          ]
        ]
      }
    },
    {
      "type": "Feature",
      "properties": {
        "id": "way/142077105",
        "name": "Unnamed",
        "network": "PRASA"
      },
      "geometry": {
        "type": "LineString",
        "coordinates": [
          [
            28.1822979,
            -25.6783193
          ],
          [
            28.1822742,
            -25.6779566
          ]
        ]
      }
    },
    {
      "type": "Feature",
      "properties": {
        "id": "way/142077127",
        "name": "Unnamed",
        "network": "PRASA"
      },
      "geometry": {
        "type": "LineString",
        "coordinates": [
          [
            28.1674862,
            -25.724345
          ],
          [
            28.1673055,
            -25.7239989
          ],
          [
            28.167234,
            -25.7238567
          ],
          [
            28.1671405,
            -25.7236376
          ],
          [
            28.1670437,
            -25.7234178
          ],
          [
            28.1670134,
            -25.7233475
          ],
          [
            28.1668299,
            -25.7229253
          ],
          [
            28.1667404,
            -25.7227004
          ],
          [
            28.1667016,
            -25.7225722
          ],
          [
            28.1666829,
            -25.7224792
          ],
          [
            28.1666693,
            -25.7223681
          ],
          [
            28.1666671,
            -25.7222768
          ],
          [
            28.1666698,
            -25.7221904
          ],
          [
            28.1666768,
            -25.7221204
          ],
          [
            28.1666916,
            -25.7220086
          ],
          [
            28.1667117,
            -25.7219151
          ],
          [
            28.166764,
            -25.7217519
          ],
          [
            28.1668103,
            -25.721651
          ],
          [
            28.1668666,
            -25.7215483
          ],
          [
            28.1669337,
            -25.7214474
          ],
          [
            28.1670047,
            -25.7213598
          ],
          [
            28.16712,
            -25.7212325
          ],
          [
            28.1672736,
            -25.7211079
          ],
          [
            28.1673876,
            -25.7210354
          ],
          [
            28.1675673,
            -25.7209399
          ],
          [
            28.1676431,
            -25.7209025
          ],
          [
            28.1677423,
            -25.7208626
          ],
          [
            28.1678335,
            -25.7208204
          ],
          [
            28.168026,
            -25.7207382
          ],
          [
            28.1682131,
            -25.720668
          ]
        ]
      }
    },
    {
      "type": "Feature",
      "properties": {
        "id": "way/142079521",
        "name": "Unnamed",
        "network": "PRASA"
      },
      "geometry": {
        "type": "LineString",
        "coordinates": [
          [
            28.16846,
            -25.7299534
          ],
          [
            28.16838,
            -25.7302218
          ],
          [
            28.168256,
            -25.7306035
          ],
          [
            28.1682184,
            -25.7306947
          ],
          [
            28.1681601,
            -25.7308355
          ],
          [
            28.1681125,
            -25.7309358
          ],
          [
            28.1680582,
            -25.7310421
          ],
          [
            28.1679804,
            -25.7311901
          ],
          [
            28.1679308,
            -25.7312626
          ],
          [
            28.167804,
            -25.7314553
          ],
          [
            28.1675693,
            -25.7317814
          ],
          [
            28.1674091,
            -25.7319983
          ],
          [
            28.1671623,
            -25.732336
          ],
          [
            28.1669424,
            -25.7326289
          ],
          [
            28.1667993,
            -25.732816
          ],
          [
            28.1665535,
            -25.7331128
          ],
          [
            28.1664683,
            -25.7331974
          ],
          [
            28.1663603,
            -25.7333031
          ],
          [
            28.1661551,
            -25.7335012
          ],
          [
            28.1659989,
            -25.7336347
          ],
          [
            28.1658581,
            -25.7337537
          ],
          [
            28.1656314,
            -25.7339222
          ],
          [
            28.1653281,
            -25.7341376
          ],
          [
            28.1651024,
            -25.7342992
          ],
          [
            28.1648565,
            -25.7344765
          ],
          [
            28.164572,
            -25.7346748
          ],
          [
            28.1643042,
            -25.7348652
          ],
          [
            28.1640932,
            -25.7350228
          ],
          [
            28.1639114,
            -25.7351724
          ],
          [
            28.1638183,
            -25.7352596
          ],
          [
            28.1637302,
            -25.7353651
          ],
          [
            28.1636466,
            -25.7354915
          ],
          [
            28.1635775,
            -25.7356183
          ],
          [
            28.1635272,
            -25.7357428
          ],
          [
            28.1634848,
            -25.7358748
          ],
          [
            28.1634562,
            -25.7359723
          ],
          [
            28.1634455,
            -25.7360773
          ],
          [
            28.1634374,
            -25.7361777
          ],
          [
            28.1634358,
            -25.73623
          ]
        ]
      }
    },
    {
      "type": "Feature",
      "properties": {
        "id": "way/142079530",
        "name": "Unnamed",
        "network": "PRASA"
      },
      "geometry": {
        "type": "LineString",
        "coordinates": [
          [
            28.1634039,
            -25.7362357
          ],
          [
            28.1634052,
            -25.7361729
          ],
          [
            28.1634119,
            -25.736075
          ],
          [
            28.163424,
            -25.7359735
          ],
          [
            28.1634454,
            -25.7358721
          ],
          [
            28.163487,
            -25.7357307
          ],
          [
            28.1635393,
            -25.7356075
          ],
          [
            28.1636104,
            -25.7354734
          ],
          [
            28.1636922,
            -25.735349
          ],
          [
            28.1637928,
            -25.7352354
          ],
          [
            28.1638692,
            -25.7351605
          ],
          [
            28.1640623,
            -25.735001
          ],
          [
            28.1642809,
            -25.7348391
          ],
          [
            28.1645519,
            -25.7346507
          ],
          [
            28.1648295,
            -25.7344429
          ],
          [
            28.1650728,
            -25.734275
          ],
          [
            28.1653029,
            -25.7341046
          ],
          [
            28.1656006,
            -25.7338993
          ],
          [
            28.1659104,
            -25.7336558
          ],
          [
            28.1660948,
            -25.7335
          ],
          [
            28.1662705,
            -25.7333405
          ],
          [
            28.1663778,
            -25.7332318
          ],
          [
            28.1665139,
            -25.7330911
          ],
          [
            28.1667781,
            -25.7327824
          ],
          [
            28.1671321,
            -25.7323124
          ],
          [
            28.167389,
            -25.731962
          ],
          [
            28.1677638,
            -25.7314492
          ],
          [
            28.167918,
            -25.7312022
          ],
          [
            28.1680005,
            -25.7310433
          ],
          [
            28.1681246,
            -25.7307872
          ],
          [
            28.1681983,
            -25.7305927
          ],
          [
            28.1682614,
            -25.730409
          ],
          [
            28.1683264,
            -25.7302097
          ],
          [
            28.1683867,
            -25.7300181
          ],
          [
            28.1684753,
            -25.7297313
          ],
          [
            28.1685349,
            -25.7295434
          ],
          [
            28.1686033,
            -25.7293018
          ]
        ]
      }
    },
    {
      "type": "Feature",
      "properties": {
        "id": "way/142079546",
        "name": "Unnamed",
        "network": "PRASA"
      },
      "geometry": {
        "type": "LineString",
        "coordinates": [
          [
            28.1829753,
            -25.7559619
          ],
          [
            28.1831637,
            -25.7560216
          ],
          [
            28.1833065,
            -25.7560754
          ],
          [
            28.1837787,
            -25.7562706
          ],
          [
            28.1860252,
            -25.7571883
          ],
          [
            28.1862984,
            -25.7573038
          ],
          [
            28.186571,
            -25.7574146
          ],
          [
            28.1867154,
            -25.7574811
          ],
          [
            28.1868573,
            -25.7575563
          ],
          [
            28.1869608,
            -25.7576131
          ],
          [
            28.1870465,
            -25.7576629
          ]
        ]
      }
    },
    {
      "type": "Feature",
      "properties": {
        "id": "way/142214861",
        "name": "Unnamed",
        "network": "PRASA"
      },
      "geometry": {
        "type": "LineString",
        "coordinates": [
          [
            28.224377,
            -25.8892209
          ],
          [
            28.2244049,
            -25.8895258
          ]
        ]
      }
    },
    {
      "type": "Feature",
      "properties": {
        "id": "way/142214862",
        "name": "Unnamed",
        "network": "PRASA"
      },
      "geometry": {
        "type": "LineString",
        "coordinates": [
          [
            28.2244709,
            -25.8772456
          ],
          [
            28.2244591,
            -25.8774395
          ]
        ]
      }
    },
    {
      "type": "Feature",
      "properties": {
        "id": "way/142214863",
        "name": "Unnamed",
        "network": "PRASA"
      },
      "geometry": {
        "type": "LineString",
        "coordinates": [
          [
            28.2244049,
            -25.8895258
          ],
          [
            28.2244382,
            -25.8898824
          ],
          [
            28.2244778,
            -25.8902992
          ],
          [
            28.2245374,
            -25.8908983
          ],
          [
            28.2245904,
            -25.8914315
          ],
          [
            28.224634,
            -25.8918888
          ],
          [
            28.2246957,
            -25.8925156
          ],
          [
            28.2247628,
            -25.8931779
          ],
          [
            28.2248211,
            -25.8937944
          ],
          [
            28.2248734,
            -25.8943946
          ],
          [
            28.2249324,
            -25.8950178
          ],
          [
            28.2250015,
            -25.8957688
          ],
          [
            28.2250464,
            -25.8962309
          ],
          [
            28.2251101,
            -25.8969179
          ],
          [
            28.2251892,
            -25.8977902
          ],
          [
            28.2252321,
            -25.8982474
          ],
          [
            28.2252878,
            -25.8988126
          ],
          [
            28.225322,
            -25.8991987
          ],
          [
            28.2253475,
            -25.8994858
          ],
          [
            28.2253709,
            -25.8997367
          ],
          [
            28.2253998,
            -25.9000148
          ],
          [
            28.2254172,
            -25.9001571
          ],
          [
            28.2254521,
            -25.9004195
          ],
          [
            28.2255024,
            -25.9007368
          ],
          [
            28.2255518,
            -25.9009922
          ]
        ]
      }
    },
    {
      "type": "Feature",
      "properties": {
        "id": "way/158248397",
        "name": "Unnamed",
        "network": "PRASA"
      },
      "geometry": {
        "type": "LineString",
        "coordinates": [
          [
            28.1817542,
            -25.6686633
          ],
          [
            28.1817572,
            -25.6682856
          ],
          [
            28.1817622,
            -25.6679033
          ],
          [
            28.1817676,
            -25.6673255
          ],
          [
            28.1817703,
            -25.667082
          ],
          [
            28.1817622,
            -25.6669188
          ],
          [
            28.1817193,
            -25.6665187
          ],
          [
            28.1816425,
            -25.6659193
          ],
          [
            28.1815852,
            -25.6655513
          ],
          [
            28.1815396,
            -25.6653261
          ],
          [
            28.1814733,
            -25.6650526
          ],
          [
            28.1814235,
            -25.6648709
          ],
          [
            28.1813731,
            -25.6647139
          ],
          [
            28.181304,
            -25.6645215
          ],
          [
            28.1812335,
            -25.6643504
          ],
          [
            28.1811534,
            -25.6641718
          ],
          [
            28.1810664,
            -25.6639862
          ],
          [
            28.180958,
            -25.6637834
          ],
          [
            28.1808358,
            -25.6635645
          ],
          [
            28.1806941,
            -25.6633315
          ],
          [
            28.1805537,
            -25.6631069
          ],
          [
            28.1804153,
            -25.6628959
          ],
          [
            28.1802507,
            -25.6626615
          ],
          [
            28.1801553,
            -25.6625147
          ],
          [
            28.1801026,
            -25.6624601
          ],
          [
            28.179987,
            -25.6623034
          ],
          [
            28.1799169,
            -25.6622238
          ],
          [
            28.1797719,
            -25.6620591
          ],
          [
            28.17949,
            -25.6617488
          ],
          [
            28.1793315,
            -25.6615922
          ],
          [
            28.1791399,
            -25.661414
          ],
          [
            28.1790169,
            -25.6613
          ],
          [
            28.1787951,
            -25.6611135
          ],
          [
            28.178502,
            -25.6608844
          ],
          [
            28.1782063,
            -25.6606717
          ],
          [
            28.1779777,
            -25.6605193
          ],
          [
            28.1776124,
            -25.6603001
          ],
          [
            28.1773972,
            -25.6601776
          ],
          [
            28.1772295,
            -25.6600844
          ],
          [
            28.1768366,
            -25.6598959
          ],
          [
            28.1765496,
            -25.6597749
          ],
          [
            28.1764434,
            -25.6597329
          ],
          [
            28.1763566,
            -25.6596951
          ]
        ]
      }
    },
    {
      "type": "Feature",
      "properties": {
        "id": "way/164075299",
        "name": "Metro",
        "network": "PRASA"
      },
      "geometry": {
        "type": "LineString",
        "coordinates": [
          [
            28.2288397,
            -25.7511202
          ],
          [
            28.2290305,
            -25.7509624
          ],
          [
            28.2292539,
            -25.7508046
          ],
          [
            28.2297035,
            -25.7505258
          ],
          [
            28.2302048,
            -25.750307
          ],
          [
            28.2307469,
            -25.7501062
          ],
          [
            28.2322806,
            -25.7495694
          ],
          [
            28.2327296,
            -25.7494144
          ],
          [
            28.2334799,
            -25.7491589
          ],
          [
            28.2342202,
            -25.7489113
          ],
          [
            28.2349008,
            -25.7486806
          ],
          [
            28.2352891,
            -25.7485507
          ],
          [
            28.2355539,
            -25.7484547
          ],
          [
            28.2361021,
            -25.7482301
          ],
          [
            28.2365503,
            -25.7480327
          ],
          [
            28.2372521,
            -25.7477472
          ]
        ]
      }
    },
    {
      "type": "Feature",
      "properties": {
        "id": "way/164075300",
        "name": "Metro",
        "network": "PRASA"
      },
      "geometry": {
        "type": "LineString",
        "coordinates": [
          [
            28.2372521,
            -25.7477472
          ],
          [
            28.2375754,
            -25.7476351
          ],
          [
            28.2379386,
            -25.747527
          ],
          [
            28.2382219,
            -25.7474543
          ]
        ]
      }
    },
    {
      "type": "Feature",
      "properties": {
        "id": "way/168195249",
        "name": "Unnamed",
        "network": "PRASA"
      },
      "geometry": {
        "type": "LineString",
        "coordinates": [
          [
            28.1619682,
            -25.7388983
          ],
          [
            28.1623524,
            -25.7384211
          ],
          [
            28.1624919,
            -25.7382368
          ],
          [
            28.1627226,
            -25.7379572
          ],
          [
            28.1628889,
            -25.7377645
          ],
          [
            28.1629982,
            -25.7376425
          ],
          [
            28.1631088,
            -25.7375307
          ],
          [
            28.1633422,
            -25.7373012
          ],
          [
            28.1635433,
            -25.7371297
          ],
          [
            28.1640181,
            -25.7367515
          ],
          [
            28.1643996,
            -25.7364676
          ],
          [
            28.164735,
            -25.7362121
          ],
          [
            28.1659675,
            -25.7352721
          ],
          [
            28.1663402,
            -25.7349932
          ],
          [
            28.1666111,
            -25.7347848
          ],
          [
            28.1667747,
            -25.734664
          ],
          [
            28.1670342,
            -25.7344628
          ],
          [
            28.1672381,
            -25.7342895
          ],
          [
            28.1673554,
            -25.7341892
          ],
          [
            28.1674607,
            -25.7340998
          ],
          [
            28.1675412,
            -25.7340152
          ],
          [
            28.1676364,
            -25.7339162
          ],
          [
            28.1677283,
            -25.733805
          ],
          [
            28.167849,
            -25.7336444
          ],
          [
            28.167963,
            -25.7334859
          ],
          [
            28.1681112,
            -25.7332372
          ],
          [
            28.1681976,
            -25.7330717
          ],
          [
            28.1682587,
            -25.7329423
          ],
          [
            28.1683505,
            -25.7327123
          ],
          [
            28.1684182,
            -25.7325039
          ],
          [
            28.1684518,
            -25.7323758
          ],
          [
            28.1684826,
            -25.7322327
          ],
          [
            28.1684987,
            -25.7321439
          ],
          [
            28.1685175,
            -25.7320284
          ],
          [
            28.1685323,
            -25.7318902
          ],
          [
            28.1685416,
            -25.7317621
          ],
          [
            28.1685524,
            -25.7314909
          ],
          [
            28.1685691,
            -25.7311019
          ],
          [
            28.1685859,
            -25.7308615
          ],
          [
            28.1686174,
            -25.730502
          ],
          [
            28.1686389,
            -25.7303124
          ],
          [
            28.1686677,
            -25.7301197
          ],
          [
            28.1686932,
            -25.7299596
          ],
          [
            28.1687736,
            -25.7295935
          ],
          [
            28.1688581,
            -25.7291477
          ],
          [
            28.1689118,
            -25.7289019
          ],
          [
            28.1689406,
            -25.7287382
          ],
          [
            28.1689554,
            -25.728656
          ],
          [
            28.1689634,
            -25.7285878
          ],
          [
            28.1689735,
            -25.7284675
          ],
          [
            28.1689768,
            -25.7283763
          ],
          [
            28.1689782,
            -25.7282289
          ],
          [
            28.1689735,
            -25.728084
          ],
          [
            28.1689681,
            -25.7279698
          ],
          [
            28.1689487,
            -25.7278387
          ],
          [
            28.1689306,
            -25.7277348
          ],
          [
            28.1689084,
            -25.7276285
          ],
          [
            28.1688917,
            -25.7275536
          ],
          [
            28.1688588,
            -25.72744
          ],
          [
            28.1688159,
            -25.7273029
          ],
          [
            28.1687894,
            -25.7272267
          ],
          [
            28.1687462,
            -25.7271023
          ],
          [
            28.168706,
            -25.7269881
          ]
        ]
      }
    },
    {
      "type": "Feature",
      "properties": {
        "id": "way/168460967",
        "name": "Unnamed",
        "network": "PRASA"
      },
      "geometry": {
        "type": "LineString",
        "coordinates": [
          [
            28.4428257,
            -25.7344785
          ],
          [
            28.4419245,
            -25.7343801
          ],
          [
            28.4415597,
            -25.7343523
          ],
          [
            28.441278,
            -25.734345
          ],
          [
            28.4407791,
            -25.7343438
          ],
          [
            28.4403715,
            -25.7343728
          ],
          [
            28.4400254,
            -25.7344139
          ],
          [
            28.4395601,
            -25.7344767
          ],
          [
            28.4393147,
            -25.7345311
          ],
          [
            28.4388506,
            -25.7346362
          ],
          [
            28.4385113,
            -25.7347401
          ],
          [
            28.4377684,
            -25.7349781
          ],
          [
            28.4368953,
            -25.7352692
          ],
          [
            28.4356897,
            -25.7356751
          ],
          [
            28.4350942,
            -25.7358721
          ],
          [
            28.4346221,
            -25.7360122
          ],
          [
            28.4343177,
            -25.7360919
          ],
          [
            28.4338161,
            -25.7361934
          ],
          [
            28.433454,
            -25.7362466
          ],
          [
            28.4331322,
            -25.7362852
          ],
          [
            28.4328251,
            -25.736307
          ],
          [
            28.4324187,
            -25.7363251
          ],
          [
            28.4319842,
            -25.7363215
          ],
          [
            28.4315282,
            -25.7362901
          ],
          [
            28.4311017,
            -25.7362514
          ],
          [
            28.4307356,
            -25.7361898
          ],
          [
            28.4305834,
            -25.7361638
          ],
          [
            28.4304366,
            -25.7361348
          ],
          [
            28.430113,
            -25.7360578
          ],
          [
            28.4299286,
            -25.7360083
          ],
          [
            28.429649,
            -25.735927
          ],
          [
            28.4294532,
            -25.7358618
          ],
          [
            28.4292135,
            -25.7357718
          ],
          [
            28.4289553,
            -25.7356715
          ],
          [
            28.4287446,
            -25.7355756
          ],
          [
            28.4282948,
            -25.7353707
          ],
          [
            28.4278482,
            -25.7351619
          ]
        ]
      }
    },
    {
      "type": "Feature",
      "properties": {
        "id": "way/196838034",
        "name": "Unnamed",
        "network": "PRASA"
      },
      "geometry": {
        "type": "LineString",
        "coordinates": [
          [
            28.1087974,
            -25.6334443
          ],
          [
            28.1087351,
            -25.633211
          ],
          [
            28.1086405,
            -25.6328216
          ],
          [
            28.1085788,
            -25.6324952
          ],
          [
            28.108544,
            -25.6323041
          ],
          [
            28.1084984,
            -25.6320357
          ],
          [
            28.1083515,
            -25.6310025
          ],
          [
            28.1081061,
            -25.6293024
          ],
          [
            28.1078486,
            -25.6275165
          ],
          [
            28.1078104,
            -25.6272493
          ],
          [
            28.1077873,
            -25.626992
          ],
          [
            28.1077675,
            -25.6267626
          ],
          [
            28.1077498,
            -25.626541
          ]
        ]
      }
    },
    {
      "type": "Feature",
      "properties": {
        "id": "way/196838036",
        "name": "Unnamed",
        "network": "PRASA"
      },
      "geometry": {
        "type": "LineString",
        "coordinates": [
          [
            28.1396115,
            -25.6497871
          ],
          [
            28.1378129,
            -25.6493038
          ],
          [
            28.1360054,
            -25.6488137
          ],
          [
            28.1336302,
            -25.6481767
          ],
          [
            28.1332672,
            -25.6480797
          ],
          [
            28.1330627,
            -25.6480284
          ],
          [
            28.1326004,
            -25.6479256
          ],
          [
            28.1314044,
            -25.647683
          ],
          [
            28.130469,
            -25.6474311
          ],
          [
            28.1295932,
            -25.6471844
          ],
          [
            28.1276193,
            -25.6466532
          ],
          [
            28.1270464,
            -25.646499
          ],
          [
            28.126667,
            -25.6463969
          ],
          [
            28.1261854,
            -25.6462511
          ],
          [
            28.125798,
            -25.6461236
          ],
          [
            28.12523,
            -25.6459471
          ],
          [
            28.1247276,
            -25.6457966
          ],
          [
            28.1239298,
            -25.6455778
          ],
          [
            28.1232733,
            -25.6454003
          ]
        ]
      }
    },
    {
      "type": "Feature",
      "properties": {
        "id": "way/196838038",
        "name": "Unnamed",
        "network": "PRASA"
      },
      "geometry": {
        "type": "LineString",
        "coordinates": [
          [
            28.1077498,
            -25.626541
          ],
          [
            28.1076159,
            -25.6249788
          ],
          [
            28.1075351,
            -25.6244087
          ],
          [
            28.1072458,
            -25.6223669
          ],
          [
            28.1070398,
            -25.6212104
          ],
          [
            28.1068803,
            -25.6204804
          ],
          [
            28.1068186,
            -25.6201802
          ],
          [
            28.1067342,
            -25.6197546
          ],
          [
            28.1066886,
            -25.6194776
          ],
          [
            28.1064887,
            -25.6181003
          ],
          [
            28.1062916,
            -25.6167278
          ],
          [
            28.1060193,
            -25.6148425
          ],
          [
            28.1058101,
            -25.6134107
          ],
          [
            28.1054279,
            -25.6107429
          ],
          [
            28.1051972,
            -25.6091598
          ],
          [
            28.1051168,
            -25.6086797
          ],
          [
            28.1050752,
            -25.6084705
          ],
          [
            28.1049981,
            -25.6081397
          ],
          [
            28.1049243,
            -25.6078646
          ],
          [
            28.1048459,
            -25.6075883
          ],
          [
            28.1047393,
            -25.607269
          ],
          [
            28.1045944,
            -25.606879
          ],
          [
            28.104467,
            -25.6065706
          ],
          [
            28.1043604,
            -25.6063341
          ],
          [
            28.1043118,
            -25.6062335
          ],
          [
            28.1042229,
            -25.6060493
          ],
          [
            28.1041016,
            -25.6058105
          ],
          [
            28.1039494,
            -25.6055359
          ],
          [
            28.1037837,
            -25.6052566
          ],
          [
            28.1036154,
            -25.6049947
          ],
          [
            28.1034283,
            -25.604719
          ],
          [
            28.1032614,
            -25.6044862
          ],
          [
            28.1028429,
            -25.603922
          ],
          [
            28.1022857,
            -25.6031909
          ],
          [
            28.1014495,
            -25.6020837
          ],
          [
            28.1008776,
            -25.6013254
          ],
          [
            28.1003653,
            -25.6006463
          ],
          [
            28.099808,
            -25.5999055
          ],
          [
            28.0992562,
            -25.5991756
          ],
          [
            28.0987519,
            -25.598511
          ],
          [
            28.0982188,
            -25.5978077
          ],
          [
            28.097797,
            -25.5972525
          ],
          [
            28.0973592,
            -25.5966683
          ],
          [
            28.0965941,
            -25.5956517
          ],
          [
            28.0960402,
            -25.5949218
          ],
          [
            28.095829,
            -25.5946207
          ],
          [
            28.0956747,
            -25.5943981
          ],
          [
            28.095493,
            -25.5941078
          ],
          [
            28.0953341,
            -25.5938369
          ],
          [
            28.0951812,
            -25.5935654
          ],
          [
            28.0951075,
            -25.5934232
          ]
        ]
      }
    },
    {
      "type": "Feature",
      "properties": {
        "id": "way/196838710",
        "name": "Unnamed",
        "network": "PRASA"
      },
      "geometry": {
        "type": "LineString",
        "coordinates": [
          [
            28.0766947,
            -25.5418728
          ],
          [
            28.0775906,
            -25.5403009
          ],
          [
            28.0797384,
            -25.5365188
          ],
          [
            28.0818982,
            -25.5327076
          ],
          [
            28.0821497,
            -25.5322241
          ],
          [
            28.0823341,
            -25.5318115
          ],
          [
            28.0825151,
            -25.5313673
          ],
          [
            28.0826848,
            -25.5308954
          ],
          [
            28.082837,
            -25.5303557
          ],
          [
            28.0829624,
            -25.5298178
          ],
          [
            28.083012,
            -25.5295527
          ],
          [
            28.0830536,
            -25.5292895
          ],
          [
            28.0830905,
            -25.5289924
          ],
          [
            28.0831166,
            -25.5287383
          ],
          [
            28.0831327,
            -25.5285434
          ],
          [
            28.0831502,
            -25.5281283
          ],
          [
            28.0831549,
            -25.5277744
          ],
          [
            28.0831448,
            -25.5273968
          ],
          [
            28.0831046,
            -25.5268546
          ],
          [
            28.0830839,
            -25.5266034
          ],
          [
            28.0830159,
            -25.5258665
          ],
          [
            28.082939,
            -25.5250065
          ],
          [
            28.0828384,
            -25.5239021
          ],
          [
            28.0827854,
            -25.5233123
          ],
          [
            28.0827592,
            -25.5229953
          ],
          [
            28.0827351,
            -25.5227272
          ],
          [
            28.0827123,
            -25.5224162
          ],
          [
            28.0826996,
            -25.522188
          ],
          [
            28.0826908,
            -25.5218625
          ],
          [
            28.0826935,
            -25.5215599
          ],
          [
            28.0827036,
            -25.5213161
          ],
          [
            28.082717,
            -25.5210419
          ],
          [
            28.0827351,
            -25.5208247
          ],
          [
            28.0827532,
            -25.520677
          ],
          [
            28.0827921,
            -25.5203763
          ],
          [
            28.0828283,
            -25.5201494
          ],
          [
            28.0828726,
            -25.5199079
          ],
          [
            28.0829202,
            -25.5196828
          ],
          [
            28.0829617,
            -25.5194958
          ],
          [
            28.0830409,
            -25.5191981
          ],
          [
            28.083126,
            -25.5188961
          ],
          [
            28.0831998,
            -25.5186638
          ],
          [
            28.0833057,
            -25.5183685
          ],
          [
            28.0834211,
            -25.5180623
          ],
          [
            28.0834794,
            -25.5179055
          ],
          [
            28.0835592,
            -25.5176986
          ],
          [
            28.083704,
            -25.5173167
          ],
          [
            28.0839662,
            -25.516639
          ],
          [
            28.0841811,
            -25.5160704
          ],
          [
            28.0850934,
            -25.5137039
          ],
          [
            28.0854877,
            -25.5126758
          ],
          [
            28.0859014,
            -25.5115974
          ],
          [
            28.0859906,
            -25.5113674
          ],
          [
            28.0861851,
            -25.5108349
          ],
          [
            28.0862609,
            -25.5106061
          ],
          [
            28.086389,
            -25.5101674
          ],
          [
            28.0864439,
            -25.5099586
          ],
          [
            28.0865975,
            -25.5093249
          ],
          [
            28.0868637,
            -25.5082114
          ],
          [
            28.0877059,
            -25.5047091
          ],
          [
            28.0884455,
            -25.5016189
          ],
          [
            28.0885679,
            -25.5011101
          ],
          [
            28.0888609,
            -25.4998888
          ],
          [
            28.0888747,
            -25.4998323
          ],
          [
            28.0888804,
            -25.4998141
          ]
        ]
      }
    },
    {
      "type": "Feature",
      "properties": {
        "id": "way/196838713",
        "name": "Unnamed",
        "network": "PRASA"
      },
      "geometry": {
        "type": "LineString",
        "coordinates": [
          [
            28.0950766,
            -25.5934516
          ],
          [
            28.0949512,
            -25.5931958
          ],
          [
            28.0947326,
            -25.5927145
          ],
          [
            28.0946528,
            -25.5925185
          ],
          [
            28.094512,
            -25.5921526
          ],
          [
            28.0944288,
            -25.591924
          ],
          [
            28.0940909,
            -25.59098
          ],
          [
            28.0936684,
            -25.5898073
          ],
          [
            28.0933218,
            -25.5888524
          ],
          [
            28.0929744,
            -25.5879216
          ],
          [
            28.0927853,
            -25.5873743
          ],
          [
            28.0914832,
            -25.583785
          ],
          [
            28.0912228,
            -25.5830505
          ],
          [
            28.090454,
            -25.5809589
          ],
          [
            28.0903588,
            -25.5806606
          ],
          [
            28.0898986,
            -25.5793923
          ],
          [
            28.089397,
            -25.5780033
          ],
          [
            28.0891469,
            -25.5773162
          ],
          [
            28.0888204,
            -25.5764065
          ],
          [
            28.0884978,
            -25.5755223
          ],
          [
            28.0878782,
            -25.5738075
          ],
          [
            28.0874551,
            -25.5726432
          ],
          [
            28.0873183,
            -25.5723038
          ],
          [
            28.0871872,
            -25.571995
          ],
          [
            28.0870465,
            -25.5717124
          ],
          [
            28.0869234,
            -25.5714654
          ],
          [
            28.0864909,
            -25.5707263
          ],
          [
            28.0861884,
            -25.5702787
          ],
          [
            28.0858592,
            -25.5698411
          ],
          [
            28.0851008,
            -25.5689879
          ],
          [
            28.0842988,
            -25.5682269
          ],
          [
            28.0834445,
            -25.567498
          ],
          [
            28.0818124,
            -25.5660783
          ],
          [
            28.0796277,
            -25.5642123
          ],
          [
            28.077201,
            -25.5621361
          ],
          [
            28.0755924,
            -25.5607769
          ],
          [
            28.0748098,
            -25.5600268
          ],
          [
            28.0743653,
            -25.559512
          ],
          [
            28.0741614,
            -25.5592646
          ],
          [
            28.0739414,
            -25.5589772
          ],
          [
            28.0736786,
            -25.5586088
          ],
          [
            28.0735331,
            -25.5583899
          ],
          [
            28.0734064,
            -25.5581878
          ],
          [
            28.0731858,
            -25.5578061
          ],
          [
            28.0730798,
            -25.5576131
          ],
          [
            28.0729836,
            -25.5574223
          ],
          [
            28.0728565,
            -25.5571588
          ],
          [
            28.0727271,
            -25.5568739
          ],
          [
            28.072587,
            -25.5565285
          ],
          [
            28.0724898,
            -25.5562719
          ],
          [
            28.0723717,
            -25.5559193
          ],
          [
            28.0722906,
            -25.5556434
          ],
          [
            28.0722409,
            -25.5554659
          ],
          [
            28.0721819,
            -25.5552308
          ],
          [
            28.0721162,
            -25.5549423
          ],
          [
            28.072074,
            -25.5546937
          ],
          [
            28.0720136,
            -25.5543319
          ],
          [
            28.0719727,
            -25.5539828
          ],
          [
            28.0719379,
            -25.5536005
          ],
          [
            28.0719244,
            -25.5532925
          ],
          [
            28.0719171,
            -25.5530482
          ],
          [
            28.0719177,
            -25.552782
          ],
          [
            28.0719345,
            -25.5523948
          ],
          [
            28.0719466,
            -25.5522103
          ],
          [
            28.0719654,
            -25.5519786
          ],
          [
            28.0719895,
            -25.5517457
          ],
          [
            28.072027,
            -25.55148
          ],
          [
            28.0720532,
            -25.5513155
          ],
          [
            28.0721075,
            -25.5510233
          ],
          [
            28.0721947,
            -25.5506071
          ],
          [
            28.0722805,
            -25.5502641
          ],
          [
            28.0723771,
            -25.5499435
          ],
          [
            28.0724777,
            -25.5496325
          ],
          [
            28.0726473,
            -25.5491854
          ],
          [
            28.0727398,
            -25.54897
          ],
          [
            28.0728183,
            -25.5487819
          ],
          [
            28.0729437,
            -25.5485229
          ],
          [
            28.0731153,
            -25.5481853
          ],
          [
            28.0732421,
            -25.5479524
          ],
          [
            28.0735867,
            -25.5473487
          ],
          [
            28.0739966,
            -25.5466274
          ],
          [
            28.0744358,
            -25.5458544
          ],
          [
            28.0749855,
            -25.5448827
          ],
          [
            28.0755421,
            -25.543905
          ],
          [
            28.0766545,
            -25.5419435
          ]
        ]
      }
    },
    {
      "type": "Feature",
      "properties": {
        "id": "way/197895379",
        "name": "Unnamed",
        "network": "PRASA"
      },
      "geometry": {
        "type": "LineString",
        "coordinates": [
          [
            28.255184,
            -26.0320603
          ],
          [
            28.2551349,
            -26.0323844
          ],
          [
            28.2550752,
            -26.032812
          ],
          [
            28.2550463,
            -26.0330186
          ],
          [
            28.2549693,
            -26.0334899
          ],
          [
            28.2548431,
            -26.0343674
          ],
          [
            28.2546754,
            -26.0354971
          ],
          [
            28.2543053,
            -26.0380197
          ],
          [
            28.2541616,
            -26.0390016
          ],
          [
            28.2540613,
            -26.0396512
          ]
        ]
      }
    },
    {
      "type": "Feature",
      "properties": {
        "id": "way/197895380",
        "name": "Unnamed",
        "network": "PRASA"
      },
      "geometry": {
        "type": "LineString",
        "coordinates": [
          [
            28.2540613,
            -26.0396512
          ],
          [
            28.254036,
            -26.03985
          ]
        ]
      }
    },
    {
      "type": "Feature",
      "properties": {
        "id": "way/205893990",
        "name": "Unnamed",
        "network": "PRASA"
      },
      "geometry": {
        "type": "LineString",
        "coordinates": [
          [
            28.0318671,
            -25.6230335
          ],
          [
            28.0324836,
            -25.6230875
          ]
        ]
      }
    },
    {
      "type": "Feature",
      "properties": {
        "id": "way/205894012",
        "name": "Unnamed",
        "network": "PRASA"
      },
      "geometry": {
        "type": "LineString",
        "coordinates": [
          [
            28.0324836,
            -25.6230875
          ],
          [
            28.0378269,
            -25.623551
          ],
          [
            28.0422649,
            -25.6239351
          ],
          [
            28.0428185,
            -25.6239845
          ],
          [
            28.0432704,
            -25.6240316
          ],
          [
            28.0435829,
            -25.6240703
          ],
          [
            28.0439785,
            -25.6241259
          ],
          [
            28.0444838,
            -25.624211
          ],
          [
            28.0446249,
            -25.6242372
          ],
          [
            28.0450568,
            -25.6243194
          ],
          [
            28.0455261,
            -25.6244294
          ],
          [
            28.0458896,
            -25.6245213
          ],
          [
            28.0487917,
            -25.6253025
          ],
          [
            28.0540368,
            -25.6267251
          ],
          [
            28.0557118,
            -25.6271795
          ],
          [
            28.0595889,
            -25.6282267
          ],
          [
            28.0637692,
            -25.629352
          ],
          [
            28.0645376,
            -25.62956
          ]
        ]
      }
    },
    {
      "type": "Feature",
      "properties": {
        "id": "way/242668463",
        "name": "Unnamed",
        "network": "PRASA"
      },
      "geometry": {
        "type": "LineString",
        "coordinates": [
          [
            28.2139613,
            -25.7599225
          ],
          [
            28.2142741,
            -25.7598403
          ],
          [
            28.2146784,
            -25.759752
          ]
        ]
      }
    },
    {
      "type": "Feature",
      "properties": {
        "id": "way/242668464",
        "name": "Unnamed",
        "network": "PRASA"
      },
      "geometry": {
        "type": "LineString",
        "coordinates": [
          [
            28.2146784,
            -25.759752
          ],
          [
            28.2148919,
            -25.7597244
          ],
          [
            28.2151904,
            -25.7597194
          ],
          [
            28.2155318,
            -25.7597428
          ],
          [
            28.2168536,
            -25.7599139
          ],
          [
            28.2181738,
            -25.7600877
          ],
          [
            28.218609,
            -25.7601207
          ]
        ]
      }
    },
    {
      "type": "Feature",
      "properties": {
        "id": "way/244622069",
        "name": "Unnamed",
        "network": "PRASA"
      },
      "geometry": {
        "type": "LineString",
        "coordinates": [
          [
            28.1745905,
            -25.6591716
          ],
          [
            28.174314,
            -25.6590779
          ],
          [
            28.1742205,
            -25.6590475
          ],
          [
            28.173999,
            -25.6589769
          ]
        ]
      }
    },
    {
      "type": "Feature",
      "properties": {
        "id": "way/259134287",
        "name": "Unnamed",
        "network": "PRASA"
      },
      "geometry": {
        "type": "LineString",
        "coordinates": [
          [
            28.1946587,
            -25.7641415
          ],
          [
            28.1944846,
            -25.7641241
          ],
          [
            28.194293,
            -25.7640834
          ],
          [
            28.1941386,
            -25.7640387
          ],
          [
            28.1939584,
            -25.7639754
          ],
          [
            28.1938093,
            -25.7639135
          ],
          [
            28.1936717,
            -25.7638538
          ],
          [
            28.1935393,
            -25.7637862
          ],
          [
            28.1934106,
            -25.7636901
          ],
          [
            28.1932766,
            -25.7635899
          ],
          [
            28.1931813,
            -25.7635005
          ],
          [
            28.1930536,
            -25.7633774
          ],
          [
            28.1929307,
            -25.7632586
          ],
          [
            28.1925789,
            -25.7628797
          ],
          [
            28.1920911,
            -25.7623656
          ],
          [
            28.1919965,
            -25.7622693
          ],
          [
            28.1919037,
            -25.7621722
          ],
          [
            28.1918074,
            -25.7620725
          ],
          [
            28.1917111,
            -25.7619729
          ]
        ]
      }
    },
    {
      "type": "Feature",
      "properties": {
        "id": "way/275977671",
        "name": "Unnamed",
        "network": "PRASA"
      },
      "geometry": {
        "type": "LineString",
        "coordinates": [
          [
            28.1457089,
            -26.2130394
          ],
          [
            28.1456146,
            -26.2130001
          ],
          [
            28.145394,
            -26.2129039
          ],
          [
            28.1451561,
            -26.2127858
          ],
          [
            28.1449146,
            -26.2126451
          ],
          [
            28.1446775,
            -26.2124912
          ],
          [
            28.1444596,
            -26.2123332
          ],
          [
            28.1441878,
            -26.2121148
          ],
          [
            28.1436563,
            -26.2116794
          ],
          [
            28.1434001,
            -26.211463
          ],
          [
            28.1432048,
            -26.2112859
          ],
          [
            28.1429402,
            -26.2110317
          ],
          [
            28.14269,
            -26.2107752
          ],
          [
            28.1421453,
            -26.2102042
          ],
          [
            28.1419381,
            -26.2100051
          ],
          [
            28.1417423,
            -26.209839
          ],
          [
            28.1414788,
            -26.2096411
          ],
          [
            28.141273,
            -26.2095099
          ],
          [
            28.1410959,
            -26.2094077
          ],
          [
            28.1407989,
            -26.2092678
          ],
          [
            28.1406242,
            -26.2091896
          ],
          [
            28.1405179,
            -26.2091418
          ],
          [
            28.139834,
            -26.208847
          ],
          [
            28.1384191,
            -26.2082417
          ],
          [
            28.1381106,
            -26.208113
          ],
          [
            28.1377593,
            -26.2079969
          ],
          [
            28.1375185,
            -26.2079301
          ],
          [
            28.1371924,
            -26.207859
          ],
          [
            28.1370796,
            -26.2078364
          ]
        ]
      }
    },
    {
      "type": "Feature",
      "properties": {
        "id": "way/275977688",
        "name": "Unnamed",
        "network": "PRASA"
      },
      "geometry": {
        "type": "LineString",
        "coordinates": [
          [
            28.1724295,
            -26.2111162
          ],
          [
            28.1727579,
            -26.2111369
          ],
          [
            28.1731222,
            -26.2111421
          ],
          [
            28.1733837,
            -26.2111573
          ]
        ]
      }
    },
    {
      "type": "Feature",
      "properties": {
        "id": "way/329004489",
        "name": "Unnamed",
        "network": "PRASA"
      },
      "geometry": {
        "type": "LineString",
        "coordinates": [
          [
            28.1330641,
            -25.7669582
          ],
          [
            28.1331942,
            -25.7669753
          ],
          [
            28.1335126,
            -25.7670284
          ],
          [
            28.1338687,
            -25.7670858
          ],
          [
            28.1339733,
            -25.7671063
          ],
          [
            28.1342288,
            -25.7671583
          ],
          [
            28.1344575,
            -25.7672229
          ],
          [
            28.1346844,
            -25.7673001
          ],
          [
            28.1351478,
            -25.7674734
          ],
          [
            28.1356873,
            -25.7676842
          ],
          [
            28.1360507,
            -25.7678201
          ],
          [
            28.1362981,
            -25.7679022
          ],
          [
            28.1365382,
            -25.7679638
          ],
          [
            28.1367145,
            -25.7680013
          ],
          [
            28.1368862,
            -25.7680315
          ],
          [
            28.1370599,
            -25.7680502
          ],
          [
            28.1372664,
            -25.7680611
          ],
          [
            28.137491,
            -25.7680653
          ],
          [
            28.1376936,
            -25.7680574
          ],
          [
            28.1378404,
            -25.768046
          ],
          [
            28.1381435,
            -25.7680092
          ],
          [
            28.1385565,
            -25.7679646
          ],
          [
            28.139086,
            -25.7679041
          ],
          [
            28.139981,
            -25.7678036
          ],
          [
            28.1402772,
            -25.7677718
          ],
          [
            28.140538,
            -25.7677313
          ],
          [
            28.1407788,
            -25.7676788
          ],
          [
            28.1409718,
            -25.7676246
          ],
          [
            28.1410859,
            -25.7675888
          ],
          [
            28.1412274,
            -25.7675363
          ],
          [
            28.1413917,
            -25.7674651
          ],
          [
            28.1415512,
            -25.7673841
          ],
          [
            28.1417658,
            -25.7672588
          ],
          [
            28.1419489,
            -25.7671257
          ],
          [
            28.1421203,
            -25.7669809
          ],
          [
            28.1422942,
            -25.7668086
          ],
          [
            28.1424142,
            -25.7666691
          ],
          [
            28.1425155,
            -25.7665326
          ],
          [
            28.1426476,
            -25.7663273
          ],
          [
            28.1427368,
            -25.7661576
          ],
          [
            28.1427944,
            -25.7660242
          ],
          [
            28.1428303,
            -25.7659348
          ],
          [
            28.1428602,
            -25.7658466
          ],
          [
            28.1428826,
            -25.7657739
          ],
          [
            28.1428991,
            -25.7657047
          ],
          [
            28.1429349,
            -25.7655601
          ],
          [
            28.1429577,
            -25.7654076
          ],
          [
            28.1429661,
            -25.7653285
          ],
          [
            28.1429768,
            -25.7651911
          ],
          [
            28.1429825,
            -25.7650368
          ],
          [
            28.1429835,
            -25.764868
          ],
          [
            28.1429852,
            -25.7646769
          ],
          [
            28.1429889,
            -25.7644076
          ],
          [
            28.1429949,
            -25.7642515
          ],
          [
            28.1430087,
            -25.7640911
          ],
          [
            28.1430231,
            -25.7639818
          ],
          [
            28.1430442,
            -25.7638638
          ],
          [
            28.1430811,
            -25.7637095
          ],
          [
            28.1431161,
            -25.7635968
          ]
        ]
      }
    },
    {
      "type": "Feature",
      "properties": {
        "id": "way/329004490",
        "name": "Unnamed",
        "network": "PRASA"
      },
      "geometry": {
        "type": "LineString",
        "coordinates": [
          [
            28.1431161,
            -25.7635968
          ],
          [
            28.14317,
            -25.7634522
          ],
          [
            28.1432189,
            -25.7633282
          ]
        ]
      }
    },
    {
      "type": "Feature",
      "properties": {
        "id": "way/352481802",
        "name": "Unnamed",
        "network": "PRASA"
      },
      "geometry": {
        "type": "LineString",
        "coordinates": [
          [
            28.0151729,
            -25.6215775
          ],
          [
            28.0191661,
            -25.6219252
          ],
          [
            28.0197736,
            -25.6219786
          ],
          [
            28.0203355,
            -25.6220279
          ],
          [
            28.0258334,
            -25.6225074
          ],
          [
            28.0280435,
            -25.6226966
          ],
          [
            28.028875,
            -25.6227692
          ],
          [
            28.0318671,
            -25.6230335
          ]
        ]
      }
    },
    {
      "type": "Feature",
      "properties": {
        "id": "way/421114441",
        "name": "Unnamed",
        "network": "PRASA"
      },
      "geometry": {
        "type": "LineString",
        "coordinates": [
          [
            28.23379,
            -25.9412683
          ],
          [
            28.2337952,
            -25.9392612
          ],
          [
            28.2338018,
            -25.935231
          ],
          [
            28.2338038,
            -25.9347076
          ],
          [
            28.2337984,
            -25.9344012
          ],
          [
            28.2337877,
            -25.9340412
          ],
          [
            28.2337723,
            -25.9337397
          ],
          [
            28.2337455,
            -25.9334123
          ],
          [
            28.2337146,
            -25.9330939
          ],
          [
            28.2336677,
            -25.9327309
          ],
          [
            28.2336275,
            -25.9324649
          ],
          [
            28.2335805,
            -25.9321785
          ],
          [
            28.2335188,
            -25.9318625
          ],
          [
            28.233437,
            -25.9314838
          ],
          [
            28.233315,
            -25.9310068
          ],
          [
            28.2330917,
            -25.9301366
          ],
          [
            28.2326585,
            -25.928483
          ],
          [
            28.2325137,
            -25.9279216
          ],
          [
            28.232226,
            -25.9268137
          ],
          [
            28.2320798,
            -25.9262433
          ],
          [
            28.2319739,
            -25.9258374
          ],
          [
            28.2318579,
            -25.9253863
          ],
          [
            28.2317331,
            -25.9249075
          ],
          [
            28.2316386,
            -25.9245438
          ],
          [
            28.2313637,
            -25.9234794
          ],
          [
            28.2312148,
            -25.9229004
          ],
          [
            28.2310686,
            -25.9223335
          ],
          [
            28.2307615,
            -25.9211891
          ],
          [
            28.2305231,
            -25.9202281
          ]
        ]
      }
    },
    {
      "type": "Feature",
      "properties": {
        "id": "way/421114442",
        "name": "Unnamed",
        "network": "PRASA"
      },
      "geometry": {
        "type": "LineString",
        "coordinates": [
          [
            28.2337899,
            -25.9413702
          ],
          [
            28.23379,
            -25.9412683
          ]
        ]
      }
    },
    {
      "type": "Feature",
      "properties": {
        "id": "way/423006968",
        "name": "Unnamed",
        "network": "PRASA"
      },
      "geometry": {
        "type": "LineString",
        "coordinates": [
          [
            28.1658715,
            -25.7378527
          ],
          [
            28.165668,
            -25.737907
          ]
        ]
      }
    },
    {
      "type": "Feature",
      "properties": {
        "id": "way/423006969",
        "name": "Unnamed",
        "network": "PRASA"
      },
      "geometry": {
        "type": "LineString",
        "coordinates": [
          [
            28.165668,
            -25.737907
          ],
          [
            28.1655107,
            -25.7379342
          ],
          [
            28.1653807,
            -25.7379469
          ],
          [
            28.1652566,
            -25.7379499
          ],
          [
            28.1651473,
            -25.7379481
          ],
          [
            28.1650266,
            -25.7379378
          ],
          [
            28.1648724,
            -25.7379131
          ],
          [
            28.1647114,
            -25.7378617
          ],
          [
            28.1646095,
            -25.7378291
          ]
        ]
      }
    },
    {
      "type": "Feature",
      "properties": {
        "id": "way/423021595",
        "name": "Unnamed",
        "network": "PRASA"
      },
      "geometry": {
        "type": "LineString",
        "coordinates": [
          [
            28.3382337,
            -25.7196296
          ],
          [
            28.3368817,
            -25.719196
          ],
          [
            28.3355262,
            -25.7188165
          ]
        ]
      }
    },
    {
      "type": "Feature",
      "properties": {
        "id": "way/423021596",
        "name": "Unnamed",
        "network": "PRASA"
      },
      "geometry": {
        "type": "LineString",
        "coordinates": [
          [
            28.3580268,
            -25.7224068
          ],
          [
            28.3580373,
            -25.7224662
          ],
          [
            28.3583363,
            -25.7224351
          ],
          [
            28.3589999,
            -25.722339
          ],
          [
            28.3612052,
            -25.7219915
          ],
          [
            28.3616271,
            -25.7219057
          ],
          [
            28.3616184,
            -25.7218595
          ],
          [
            28.3580268,
            -25.7224068
          ]
        ]
      }
    },
    {
      "type": "Feature",
      "properties": {
        "id": "way/427646717",
        "name": "Unnamed",
        "network": "PRASA"
      },
      "geometry": {
        "type": "LineString",
        "coordinates": [
          [
            28.2305231,
            -25.9202281
          ],
          [
            28.2304253,
            -25.9198479
          ]
        ]
      }
    },
    {
      "type": "Feature",
      "properties": {
        "id": "way/427646718",
        "name": "Unnamed",
        "network": "PRASA"
      },
      "geometry": {
        "type": "LineString",
        "coordinates": [
          [
            28.2304253,
            -25.9198479
          ],
          [
            28.2292038,
            -25.915133
          ],
          [
            28.2289973,
            -25.9143538
          ],
          [
            28.228827,
            -25.9136855
          ],
          [
            28.2286976,
            -25.9131988
          ],
          [
            28.228306,
            -25.9116783
          ],
          [
            28.2280639,
            -25.9107579
          ],
          [
            28.2276884,
            -25.9092983
          ],
          [
            28.2273075,
            -25.9078483
          ],
          [
            28.226885,
            -25.9062053
          ],
          [
            28.2264505,
            -25.9045272
          ],
          [
            28.2261863,
            -25.903538
          ],
          [
            28.2258792,
            -25.9023473
          ],
          [
            28.2256586,
            -25.9014878
          ],
          [
            28.2255969,
            -25.9012158
          ],
          [
            28.2255518,
            -25.9009922
          ]
        ]
      }
    },
    {
      "type": "Feature",
      "properties": {
        "id": "way/435221302",
        "name": "Unnamed",
        "network": "PRASA"
      },
      "geometry": {
        "type": "LineString",
        "coordinates": [
          [
            28.0421947,
            -26.1981336
          ],
          [
            28.0438879,
            -26.1979396
          ],
          [
            28.0443728,
            -26.1978887
          ],
          [
            28.0456267,
            -26.1978235
          ]
        ]
      }
    },
    {
      "type": "Feature",
      "properties": {
        "id": "way/435271628",
        "name": "Unnamed",
        "network": "PRASA"
      },
      "geometry": {
        "type": "LineString",
        "coordinates": [
          [
            28.0567012,
            -26.1974974
          ],
          [
            28.0564219,
            -26.1974356
          ]
        ]
      }
    },
    {
      "type": "Feature",
      "properties": {
        "id": "way/435271631",
        "name": "Unnamed",
        "network": "PRASA"
      },
      "geometry": {
        "type": "LineString",
        "coordinates": [
          [
            28.0576278,
            -26.1978539
          ],
          [
            28.057521,
            -26.1977996
          ],
          [
            28.0574223,
            -26.1977543
          ]
        ]
      }
    },
    {
      "type": "Feature",
      "properties": {
        "id": "way/435271636",
        "name": "Unnamed",
        "network": "PRASA"
      },
      "geometry": {
        "type": "LineString",
        "coordinates": [
          [
            28.0567099,
            -26.1974651
          ],
          [
            28.0564378,
            -26.1973995
          ]
        ]
      }
    },
    {
      "type": "Feature",
      "properties": {
        "id": "way/435271639",
        "name": "Unnamed",
        "network": "PRASA"
      },
      "geometry": {
        "type": "LineString",
        "coordinates": [
          [
            28.0576582,
            -26.1978195
          ],
          [
            28.0575364,
            -26.1977611
          ],
          [
            28.0574288,
            -26.1977148
          ]
        ]
      }
    },
    {
      "type": "Feature",
      "properties": {
        "id": "way/435271642",
        "name": "Unnamed",
        "network": "PRASA"
      },
      "geometry": {
        "type": "LineString",
        "coordinates": [
          [
            28.0520523,
            -26.1972594
          ],
          [
            28.0518508,
            -26.1972585
          ],
          [
            28.0511521,
            -26.1972813
          ],
          [
            28.0507135,
            -26.1973078
          ],
          [
            28.0503153,
            -26.1973403
          ],
          [
            28.0496762,
            -26.1974017
          ],
          [
            28.0490768,
            -26.1974582
          ],
          [
            28.0484955,
            -26.1975192
          ],
          [
            28.0483473,
            -26.1975328
          ]
        ]
      }
    },
    {
      "type": "Feature",
      "properties": {
        "id": "way/435271643",
        "name": "Unnamed",
        "network": "PRASA"
      },
      "geometry": {
        "type": "LineString",
        "coordinates": [
          [
            28.0525308,
            -26.1972921
          ],
          [
            28.0520439,
            -26.1972951
          ],
          [
            28.0518504,
            -26.1972992
          ],
          [
            28.0511546,
            -26.1973148
          ],
          [
            28.0507173,
            -26.1973388
          ],
          [
            28.0503221,
            -26.1973712
          ],
          [
            28.0500074,
            -26.1974061
          ],
          [
            28.0496422,
            -26.1974434
          ],
          [
            28.0490855,
            -26.1975011
          ],
          [
            28.0487958,
            -26.1975337
          ],
          [
            28.0485121,
            -26.1975589
          ],
          [
            28.0481667,
            -26.1976
          ],
          [
            28.0471373,
            -26.1977105
          ],
          [
            28.0461862,
            -26.1978108
          ]
        ]
      }
    },
    {
      "type": "Feature",
      "properties": {
        "id": "way/435271651",
        "name": "Unnamed",
        "network": "PRASA"
      },
      "geometry": {
        "type": "LineString",
        "coordinates": [
          [
            28.0574223,
            -26.1977543
          ],
          [
            28.0570931,
            -26.1976247
          ],
          [
            28.0568804,
            -26.1975535
          ],
          [
            28.0567012,
            -26.1974974
          ]
        ]
      }
    },
    {
      "type": "Feature",
      "properties": {
        "id": "way/435271652",
        "name": "Unnamed",
        "network": "PRASA"
      },
      "geometry": {
        "type": "LineString",
        "coordinates": [
          [
            28.0574288,
            -26.1977148
          ],
          [
            28.0571076,
            -26.1975896
          ],
          [
            28.0568944,
            -26.1975192
          ],
          [
            28.0567099,
            -26.1974651
          ]
        ]
      }
    },
    {
      "type": "Feature",
      "properties": {
        "id": "way/435271657",
        "name": "Unnamed",
        "network": "PRASA"
      },
      "geometry": {
        "type": "LineString",
        "coordinates": [
          [
            28.0778051,
            -26.2087138
          ],
          [
            28.077191,
            -26.2089366
          ],
          [
            28.0770629,
            -26.2089835
          ],
          [
            28.0767947,
            -26.2090696
          ],
          [
            28.0765224,
            -26.209152
          ],
          [
            28.0762006,
            -26.2092374
          ],
          [
            28.0758626,
            -26.2093114
          ],
          [
            28.0755166,
            -26.2093704
          ],
          [
            28.0751947,
            -26.2094155
          ],
          [
            28.0748554,
            -26.2094492
          ],
          [
            28.0745711,
            -26.2094636
          ],
          [
            28.0742157,
            -26.2094714
          ],
          [
            28.0739348,
            -26.209466
          ],
          [
            28.0736873,
            -26.2094498
          ],
          [
            28.0735103,
            -26.2094311
          ],
          [
            28.073283,
            -26.2093998
          ],
          [
            28.0730389,
            -26.2093559
          ],
          [
            28.0727948,
            -26.2092984
          ],
          [
            28.0725374,
            -26.209224
          ],
          [
            28.0723462,
            -26.2091646
          ],
          [
            28.0717475,
            -26.2089758
          ],
          [
            28.0713951,
            -26.2088592
          ],
          [
            28.0710934,
            -26.2087535
          ],
          [
            28.0708275,
            -26.2086536
          ],
          [
            28.0705022,
            -26.2085023
          ],
          [
            28.0702273,
            -26.2083832
          ],
          [
            28.0698967,
            -26.2082082
          ],
          [
            28.0685053,
            -26.2074169
          ],
          [
            28.0678757,
            -26.2070547
          ],
          [
            28.0653995,
            -26.2056282
          ],
          [
            28.0650511,
            -26.2054229
          ],
          [
            28.0647659,
            -26.2052493
          ],
          [
            28.0645643,
            -26.2051182
          ],
          [
            28.0643786,
            -26.2049712
          ],
          [
            28.0641768,
            -26.20481
          ],
          [
            28.062627,
            -26.2033577
          ],
          [
            28.0624489,
            -26.2031748
          ],
          [
            28.0623341,
            -26.2030458
          ],
          [
            28.0622009,
            -26.2028973
          ],
          [
            28.0619166,
            -26.202535
          ],
          [
            28.061739,
            -26.2023016
          ],
          [
            28.0615958,
            -26.2021059
          ],
          [
            28.061203,
            -26.2015776
          ],
          [
            28.0609619,
            -26.2012443
          ],
          [
            28.0608382,
            -26.2010826
          ],
          [
            28.0606768,
            -26.2008624
          ],
          [
            28.0604995,
            -26.200628
          ],
          [
            28.0603437,
            -26.2004273
          ],
          [
            28.0602319,
            -26.2002995
          ],
          [
            28.0600869,
            -26.2001449
          ],
          [
            28.0600198,
            -26.20008
          ],
          [
            28.0589386,
            -26.1989297
          ],
          [
            28.0585396,
            -26.1985222
          ],
          [
            28.058441,
            -26.198423
          ],
          [
            28.0583471,
            -26.1983375
          ],
          [
            28.0582573,
            -26.1982635
          ],
          [
            28.0581111,
            -26.198151
          ],
          [
            28.0579104,
            -26.198013
          ],
          [
            28.0576278,
            -26.1978539
          ]
        ]
      }
    },
    {
      "type": "Feature",
      "properties": {
        "id": "way/435299242",
        "name": "Unnamed",
        "network": "PRASA"
      },
      "geometry": {
        "type": "LineString",
        "coordinates": [
          [
            28.1599161,
            -26.2111218
          ],
          [
            28.1597403,
            -26.2113635
          ]
        ]
      }
    },
    {
      "type": "Feature",
      "properties": {
        "id": "way/435299264",
        "name": "Unnamed",
        "network": "PRASA"
      },
      "geometry": {
        "type": "LineString",
        "coordinates": [
          [
            28.1609757,
            -26.2096774
          ],
          [
            28.1607455,
            -26.2099497
          ]
        ]
      }
    },
    {
      "type": "Feature",
      "properties": {
        "id": "way/435299274",
        "name": "Unnamed",
        "network": "PRASA"
      },
      "geometry": {
        "type": "LineString",
        "coordinates": [
          [
            28.1604302,
            -26.2103806
          ],
          [
            28.1602897,
            -26.2105781
          ]
        ]
      }
    },
    {
      "type": "Feature",
      "properties": {
        "id": "way/435299281",
        "name": "Unnamed",
        "network": "PRASA"
      },
      "geometry": {
        "type": "LineString",
        "coordinates": [
          [
            28.1647094,
            -26.2093313
          ],
          [
            28.1643398,
            -26.2092385
          ],
          [
            28.1638787,
            -26.2091249
          ],
          [
            28.1636795,
            -26.2090756
          ],
          [
            28.1634759,
            -26.2090215
          ],
          [
            28.1632449,
            -26.2089723
          ],
          [
            28.1631082,
            -26.2089492
          ],
          [
            28.1630438,
            -26.208942
          ],
          [
            28.1629559,
            -26.2089336
          ],
          [
            28.1628365,
            -26.2089233
          ],
          [
            28.1626143,
            -26.2089243
          ],
          [
            28.1623805,
            -26.208947
          ],
          [
            28.1622316,
            -26.208976
          ],
          [
            28.1620603,
            -26.209017
          ],
          [
            28.1619215,
            -26.2090615
          ],
          [
            28.1617462,
            -26.2091297
          ],
          [
            28.161502,
            -26.2092524
          ],
          [
            28.1612902,
            -26.2093952
          ],
          [
            28.161049,
            -26.2096006
          ],
          [
            28.1610202,
            -26.209627
          ],
          [
            28.1609757,
            -26.2096774
          ]
        ]
      }
    },
    {
      "type": "Feature",
      "properties": {
        "id": "way/435299288",
        "name": "Unnamed",
        "network": "PRASA"
      },
      "geometry": {
        "type": "LineString",
        "coordinates": [
          [
            28.1607455,
            -26.2099497
          ],
          [
            28.1606791,
            -26.2100214
          ],
          [
            28.1604412,
            -26.2103648
          ],
          [
            28.1604302,
            -26.2103806
          ]
        ]
      }
    },
    {
      "type": "Feature",
      "properties": {
        "id": "way/435299298",
        "name": "Unnamed",
        "network": "PRASA"
      },
      "geometry": {
        "type": "LineString",
        "coordinates": [
          [
            28.1602897,
            -26.2105781
          ],
          [
            28.1602731,
            -26.210601
          ],
          [
            28.1601247,
            -26.2108094
          ],
          [
            28.1600367,
            -26.2109422
          ],
          [
            28.1599847,
            -26.2110191
          ],
          [
            28.1599161,
            -26.2111218
          ]
        ]
      }
    },
    {
      "type": "Feature",
      "properties": {
        "id": "way/435304237",
        "name": "Unnamed",
        "network": "PRASA"
      },
      "geometry": {
        "type": "LineString",
        "coordinates": [
          [
            28.1860583,
            -26.2085579
          ],
          [
            28.1859473,
            -26.2086813
          ]
        ]
      }
    },
    {
      "type": "Feature",
      "properties": {
        "id": "way/435304245",
        "name": "Unnamed",
        "network": "PRASA"
      },
      "geometry": {
        "type": "LineString",
        "coordinates": [
          [
            28.1859473,
            -26.2086813
          ],
          [
            28.1859204,
            -26.2087143
          ],
          [
            28.1854189,
            -26.2092732
          ],
          [
            28.1852808,
            -26.2094104
          ],
          [
            28.1851459,
            -26.2095418
          ],
          [
            28.1849843,
            -26.2096892
          ],
          [
            28.1847402,
            -26.2098829
          ],
          [
            28.1845692,
            -26.2100069
          ],
          [
            28.184364,
            -26.2101428
          ],
          [
            28.1841139,
            -26.2102914
          ],
          [
            28.1817696,
            -26.2115325
          ],
          [
            28.1815799,
            -26.2116228
          ],
          [
            28.1813673,
            -26.2117214
          ],
          [
            28.1812045,
            -26.2117813
          ],
          [
            28.1809343,
            -26.2118644
          ],
          [
            28.1807043,
            -26.2119191
          ],
          [
            28.180432,
            -26.2119678
          ],
          [
            28.180139,
            -26.2119973
          ],
          [
            28.1798359,
            -26.2120033
          ],
          [
            28.1794899,
            -26.2119804
          ],
          [
            28.1787454,
            -26.2118797
          ],
          [
            28.1773748,
            -26.2116902
          ],
          [
            28.1768791,
            -26.2116207
          ],
          [
            28.1767233,
            -26.2115988
          ],
          [
            28.1759848,
            -26.2114952
          ],
          [
            28.1745238,
            -26.2112958
          ]
        ]
      }
    },
    {
      "type": "Feature",
      "properties": {
        "id": "way/435382595",
        "name": "Unnamed",
        "network": "PRASA"
      },
      "geometry": {
        "type": "LineString",
        "coordinates": [
          [
            28.1459253,
            -26.2131199
          ],
          [
            28.1457089,
            -26.2130394
          ]
        ]
      }
    },
    {
      "type": "Feature",
      "properties": {
        "id": "way/435382597",
        "name": "Unnamed",
        "network": "PRASA"
      },
      "geometry": {
        "type": "LineString",
        "coordinates": [
          [
            28.1458777,
            -26.2131436
          ],
          [
            28.1456437,
            -26.2130534
          ]
        ]
      }
    },
    {
      "type": "Feature",
      "properties": {
        "id": "way/435382602",
        "name": "Unnamed",
        "network": "PRASA"
      },
      "geometry": {
        "type": "LineString",
        "coordinates": [
          [
            28.1597403,
            -26.2113635
          ],
          [
            28.1596367,
            -26.2115061
          ],
          [
            28.1595354,
            -26.2116556
          ],
          [
            28.1594673,
            -26.2117445
          ],
          [
            28.1593903,
            -26.2118457
          ],
          [
            28.1592356,
            -26.2120295
          ],
          [
            28.1590903,
            -26.2122008
          ],
          [
            28.1589789,
            -26.2123185
          ],
          [
            28.1588575,
            -26.2124397
          ],
          [
            28.1587097,
            -26.2125793
          ],
          [
            28.1586275,
            -26.2126512
          ],
          [
            28.1585112,
            -26.2127484
          ],
          [
            28.1583767,
            -26.2128539
          ],
          [
            28.1582339,
            -26.2129583
          ],
          [
            28.158069,
            -26.2130684
          ],
          [
            28.1579375,
            -26.2131508
          ],
          [
            28.1577813,
            -26.2132408
          ],
          [
            28.1576432,
            -26.2133151
          ],
          [
            28.1574655,
            -26.2134032
          ],
          [
            28.1572978,
            -26.2134781
          ],
          [
            28.1570906,
            -26.2135653
          ],
          [
            28.1568734,
            -26.2136435
          ],
          [
            28.156691,
            -26.2137013
          ],
          [
            28.1565354,
            -26.2137452
          ],
          [
            28.1563725,
            -26.2137843
          ],
          [
            28.1562504,
            -26.2138126
          ],
          [
            28.1560452,
            -26.2138499
          ],
          [
            28.1558608,
            -26.2138769
          ],
          [
            28.1556355,
            -26.2138998
          ],
          [
            28.1555242,
            -26.2139118
          ],
          [
            28.1553646,
            -26.2139178
          ],
          [
            28.1552017,
            -26.2139233
          ],
          [
            28.1549275,
            -26.2139113
          ],
          [
            28.1539665,
            -26.2138559
          ],
          [
            28.1529124,
            -26.2137957
          ],
          [
            28.1525248,
            -26.2137662
          ],
          [
            28.1519978,
            -26.2137524
          ],
          [
            28.1515136,
            -26.213739
          ],
          [
            28.1513715,
            -26.2137332
          ],
          [
            28.1504166,
            -26.2136874
          ],
          [
            28.1500921,
            -26.2136754
          ],
          [
            28.1497648,
            -26.2136574
          ],
          [
            28.1495583,
            -26.2136501
          ],
          [
            28.1493182,
            -26.2136309
          ],
          [
            28.1488602,
            -26.2135954
          ],
          [
            28.1485119,
            -26.2135581
          ]
        ]
      }
    },
    {
      "type": "Feature",
      "properties": {
        "id": "way/537191789",
        "name": "Unnamed",
        "network": "PRASA"
      },
      "geometry": {
        "type": "LineString",
        "coordinates": [
          [
            28.30079,
            -25.7258101
          ],
          [
            28.3005714,
            -25.7259944
          ],
          [
            28.3003111,
            -25.7262101
          ]
        ]
      }
    },
    {
      "type": "Feature",
      "properties": {
        "id": "way/537191790",
        "name": "Unnamed",
        "network": "PRASA"
      },
      "geometry": {
        "type": "LineString",
        "coordinates": [
          [
            28.2937069,
            -25.7275584
          ],
          [
            28.2943547,
            -25.7275421
          ],
          [
            28.2950521,
            -25.7275227
          ],
          [
            28.2955517,
            -25.7275107
          ],
          [
            28.2957186,
            -25.7275063
          ],
          [
            28.2965615,
            -25.7274841
          ],
          [
            28.2968337,
            -25.7274684
          ],
          [
            28.2971066,
            -25.7274479
          ],
          [
            28.2973715,
            -25.7274171
          ],
          [
            28.2977195,
            -25.7273597
          ],
          [
            28.297985,
            -25.7273023
          ],
          [
            28.2982774,
            -25.7272219
          ],
          [
            28.2985631,
            -25.7271343
          ],
          [
            28.2988051,
            -25.7270461
          ],
          [
            28.299188,
            -25.7268836
          ],
          [
            28.2993912,
            -25.7267858
          ],
          [
            28.2996219,
            -25.7266632
          ],
          [
            28.2997835,
            -25.7265707
          ],
          [
            28.2999974,
            -25.7264366
          ],
          [
            28.3003111,
            -25.7262101
          ]
        ]
      }
    },
    {
      "type": "Feature",
      "properties": {
        "id": "way/537191791",
        "name": "Unnamed",
        "network": "PRASA"
      },
      "geometry": {
        "type": "LineString",
        "coordinates": [
          [
            28.2934246,
            -25.7275608
          ],
          [
            28.2937069,
            -25.7275584
          ]
        ]
      }
    },
    {
      "type": "Feature",
      "properties": {
        "id": "way/537191798",
        "name": "Unnamed",
        "network": "PRASA"
      },
      "geometry": {
        "type": "LineString",
        "coordinates": [
          [
            28.2835251,
            -25.7267948
          ],
          [
            28.2821017,
            -25.7266698
          ],
          [
            28.2816437,
            -25.7266323
          ],
          [
            28.2803153,
            -25.7265212
          ],
          [
            28.2776694,
            -25.7263052
          ],
          [
            28.2772536,
            -25.7262675
          ],
          [
            28.2762787,
            -25.7261883
          ]
        ]
      }
    },
    {
      "type": "Feature",
      "properties": {
        "id": "way/537191799",
        "name": "Unnamed",
        "network": "PRASA"
      },
      "geometry": {
        "type": "LineString",
        "coordinates": [
          [
            28.2835251,
            -25.7267948
          ],
          [
            28.2836625,
            -25.7268043
          ],
          [
            28.2840201,
            -25.7268323
          ],
          [
            28.2842555,
            -25.726851
          ],
          [
            28.2846002,
            -25.7268782
          ],
          [
            28.2851403,
            -25.7269261
          ],
          [
            28.285665,
            -25.7269694
          ],
          [
            28.2870423,
            -25.727083
          ],
          [
            28.2874272,
            -25.7271138
          ],
          [
            28.2879871,
            -25.7271609
          ],
          [
            28.2883412,
            -25.7271911
          ],
          [
            28.2890117,
            -25.7272467
          ],
          [
            28.2896883,
            -25.7272999
          ],
          [
            28.2898204,
            -25.7273119
          ],
          [
            28.290088,
            -25.7273367
          ],
          [
            28.2907203,
            -25.7273862
          ],
          [
            28.2911246,
            -25.7274225
          ],
          [
            28.291541,
            -25.7274551
          ],
          [
            28.292107,
            -25.7275022
          ],
          [
            28.2926045,
            -25.7275379
          ],
          [
            28.2928855,
            -25.7275506
          ],
          [
            28.2931631,
            -25.7275602
          ],
          [
            28.2934246,
            -25.7275608
          ]
        ]
      }
    },
    {
      "type": "Feature",
      "properties": {
        "id": "way/537191800",
        "name": "Unnamed",
        "network": "PRASA"
      },
      "geometry": {
        "type": "LineString",
        "coordinates": [
          [
            28.2762818,
            -25.7261529
          ],
          [
            28.2772687,
            -25.7262371
          ],
          [
            28.2797635,
            -25.7264418
          ],
          [
            28.2803227,
            -25.726488
          ],
          [
            28.2834397,
            -25.72675
          ]
        ]
      }
    },
    {
      "type": "Feature",
      "properties": {
        "id": "way/537191802",
        "name": "Unnamed",
        "network": "PRASA"
      },
      "geometry": {
        "type": "LineString",
        "coordinates": [
          [
            28.2759332,
            -25.7261234
          ],
          [
            28.2761548,
            -25.7261419
          ],
          [
            28.2762598,
            -25.7261506
          ]
        ]
      }
    },
    {
      "type": "Feature",
      "properties": {
        "id": "way/537191803",
        "name": "Unnamed",
        "network": "PRASA"
      },
      "geometry": {
        "type": "LineString",
        "coordinates": [
          [
            28.2654046,
            -25.7252314
          ],
          [
            28.2655625,
            -25.7252514
          ],
          [
            28.2658482,
            -25.7252807
          ],
          [
            28.2663269,
            -25.7253227
          ],
          [
            28.2671061,
            -25.7253867
          ],
          [
            28.2743917,
            -25.7259926
          ],
          [
            28.275469,
            -25.7260872
          ]
        ]
      }
    },
    {
      "type": "Feature",
      "properties": {
        "id": "way/537194455",
        "name": "Metro",
        "network": "PRASA"
      },
      "geometry": {
        "type": "LineString",
        "coordinates": [
          [
            28.2754861,
            -25.7261222
          ],
          [
            28.2752747,
            -25.7261146
          ],
          [
            28.2751233,
            -25.7261137
          ],
          [
            28.2749383,
            -25.7261186
          ],
          [
            28.2747652,
            -25.7261255
          ],
          [
            28.274562,
            -25.7261394
          ],
          [
            28.274399,
            -25.7261551
          ],
          [
            28.2742046,
            -25.7261787
          ],
          [
            28.2740356,
            -25.7262034
          ],
          [
            28.2738318,
            -25.7262481
          ],
          [
            28.2736795,
            -25.726285
          ],
          [
            28.273522,
            -25.7263315
          ],
          [
            28.2733758,
            -25.7263841
          ],
          [
            28.2732296,
            -25.7264402
          ],
          [
            28.2731143,
            -25.7264898
          ],
          [
            28.2729627,
            -25.7265653
          ],
          [
            28.2728152,
            -25.7266462
          ],
          [
            28.2726704,
            -25.7267338
          ],
          [
            28.2725181,
            -25.7268335
          ],
          [
            28.2722526,
            -25.7270244
          ],
          [
            28.272036,
            -25.7271881
          ],
          [
            28.2716049,
            -25.727521
          ],
          [
            28.2713306,
            -25.7277269
          ],
          [
            28.2709028,
            -25.7280507
          ],
          [
            28.2699868,
            -25.728749
          ],
          [
            28.2693813,
            -25.7292088
          ],
          [
            28.2686571,
            -25.72976
          ],
          [
            28.2685035,
            -25.7298726
          ],
          [
            28.2679744,
            -25.730275
          ],
          [
            28.2678011,
            -25.7304069
          ],
          [
            28.2657891,
            -25.7319373
          ],
          [
            28.2645553,
            -25.7328845
          ],
          [
            28.2641986,
            -25.7332034
          ],
          [
            28.2636487,
            -25.7337519
          ],
          [
            28.2632866,
            -25.7341916
          ],
          [
            28.2630855,
            -25.7344864
          ],
          [
            28.2629272,
            -25.7347425
          ],
          [
            28.2627824,
            -25.7349986
          ],
          [
            28.2624203,
            -25.7357839
          ],
          [
            28.261908,
            -25.7368929
          ],
          [
            28.2616425,
            -25.7372915
          ],
          [
            28.2613769,
            -25.7376274
          ],
          [
            28.2611114,
            -25.7379306
          ],
          [
            28.26087,
            -25.7381716
          ],
          [
            28.260703,
            -25.7383256
          ],
          [
            28.2605079,
            -25.7384948
          ],
          [
            28.2603329,
            -25.7386355
          ],
          [
            28.260133,
            -25.7387853
          ],
          [
            28.2598434,
            -25.7389816
          ],
          [
            28.2595691,
            -25.7391447
          ],
          [
            28.2593257,
            -25.7392842
          ],
          [
            28.2589951,
            -25.7394521
          ],
          [
            28.2582763,
            -25.7397964
          ],
          [
            28.2569197,
            -25.7404482
          ],
          [
            28.255586,
            -25.7410915
          ],
          [
            28.2548015,
            -25.7414647
          ],
          [
            28.253795,
            -25.7419467
          ],
          [
            28.2533987,
            -25.74214
          ],
          [
            28.2519322,
            -25.7428436
          ],
          [
            28.251609,
            -25.7429989
          ],
          [
            28.2513736,
            -25.743107
          ],
          [
            28.2511637,
            -25.7431994
          ],
          [
            28.2509653,
            -25.7432767
          ],
          [
            28.2506615,
            -25.7433842
          ],
          [
            28.2501546,
            -25.7435515
          ],
          [
            28.2489717,
            -25.7439581
          ],
          [
            28.2474945,
            -25.7444569
          ],
          [
            28.246972,
            -25.744619
          ],
          [
            28.2464323,
            -25.744816
          ],
          [
            28.2436254,
            -25.745767
          ],
          [
            28.2424318,
            -25.7461717
          ],
          [
            28.2412277,
            -25.7465763
          ]
        ]
      }
    },
    {
      "type": "Feature",
      "properties": {
        "id": "way/537194456",
        "name": "Metro",
        "network": "PRASA"
      },
      "geometry": {
        "type": "LineString",
        "coordinates": [
          [
            28.2387563,
            -25.747331
          ],
          [
            28.2391637,
            -25.7472356
          ],
          [
            28.239602,
            -25.7470857
          ],
          [
            28.2410693,
            -25.7465903
          ]
        ]
      }
    },
    {
      "type": "Feature",
      "properties": {
        "id": "way/537194457",
        "name": "Unnamed",
        "network": "PRASA"
      },
      "geometry": {
        "type": "LineString",
        "coordinates": [
          [
            28.2671055,
            -25.7254241
          ],
          [
            28.2673012,
            -25.7254483
          ],
          [
            28.2674441,
            -25.7254749
          ],
          [
            28.267656,
            -25.7255124
          ],
          [
            28.2678545,
            -25.7255498
          ],
          [
            28.2680187,
            -25.7255849
          ],
          [
            28.2681683,
            -25.7256223
          ],
          [
            28.2682883,
            -25.7256567
          ],
          [
            28.2684043,
            -25.725696
          ],
          [
            28.2685109,
            -25.7257365
          ],
          [
            28.2686008,
            -25.7257764
          ],
          [
            28.268702,
            -25.7258235
          ],
          [
            28.2687905,
            -25.72587
          ],
          [
            28.2688911,
            -25.725931
          ],
          [
            28.2689696,
            -25.7259824
          ],
          [
            28.2690454,
            -25.7260385
          ],
          [
            28.2691205,
            -25.7260971
          ],
          [
            28.2692123,
            -25.7261751
          ],
          [
            28.2692827,
            -25.7262415
          ],
          [
            28.2693525,
            -25.7263164
          ],
          [
            28.2694222,
            -25.7263955
          ],
          [
            28.2694946,
            -25.7264856
          ],
          [
            28.2695959,
            -25.7266317
          ],
          [
            28.2696569,
            -25.7267399
          ],
          [
            28.2697246,
            -25.7268722
          ],
          [
            28.2698031,
            -25.7270757
          ],
          [
            28.2698359,
            -25.7271899
          ],
          [
            28.2698641,
            -25.7273258
          ],
          [
            28.2698849,
            -25.7274515
          ],
          [
            28.2698943,
            -25.7275808
          ],
          [
            28.2698976,
            -25.7277137
          ],
          [
            28.2698929,
            -25.7278055
          ],
          [
            28.2698795,
            -25.7279269
          ],
          [
            28.2698601,
            -25.7280507
          ],
          [
            28.2698326,
            -25.7281685
          ],
          [
            28.2697964,
            -25.7282899
          ],
          [
            28.2697602,
            -25.7283932
          ],
          [
            28.2697085,
            -25.7285153
          ],
          [
            28.2696401,
            -25.7286482
          ],
          [
            28.2695825,
            -25.7287376
          ],
          [
            28.2695127,
            -25.7288457
          ],
          [
            28.2694403,
            -25.7289393
          ],
          [
            28.2693645,
            -25.7290281
          ],
          [
            28.2692646,
            -25.7291362
          ],
          [
            28.2691392,
            -25.7292619
          ],
          [
            28.2690232,
            -25.7293749
          ],
          [
            28.268928,
            -25.7294661
          ],
          [
            28.2688073,
            -25.7295814
          ],
          [
            28.2686134,
            -25.729746
          ]
        ]
      }
    },
    {
      "type": "Feature",
      "properties": {
        "id": "way/537197374",
        "name": "Unnamed",
        "network": "PRASA"
      },
      "geometry": {
        "type": "LineString",
        "coordinates": [
          [
            28.2049185,
            -25.7219989
          ],
          [
            28.2063408,
            -25.7218064
          ],
          [
            28.2066176,
            -25.7217712
          ],
          [
            28.2077086,
            -25.7216316
          ],
          [
            28.2083751,
            -25.7215422
          ],
          [
            28.2096827,
            -25.721367
          ],
          [
            28.2102762,
            -25.7212878
          ],
          [
            28.2112055,
            -25.7211629
          ],
          [
            28.2127511,
            -25.7209538
          ],
          [
            28.2137013,
            -25.7208257
          ],
          [
            28.2165304,
            -25.7204433
          ],
          [
            28.2171205,
            -25.7203642
          ],
          [
            28.2177642,
            -25.7202929
          ],
          [
            28.2178916,
            -25.720282
          ],
          [
            28.2182879,
            -25.7202494
          ],
          [
            28.21865,
            -25.7202307
          ],
          [
            28.2190248,
            -25.7202162
          ],
          [
            28.2200313,
            -25.7202029
          ],
          [
            28.2203237,
            -25.7201993
          ],
          [
            28.2205745,
            -25.7201878
          ],
          [
            28.2209386,
            -25.7201588
          ],
          [
            28.2212491,
            -25.7201183
          ],
          [
            28.2216212,
            -25.7200549
          ],
          [
            28.2221731,
            -25.7199558
          ],
          [
            28.222391,
            -25.7199172
          ],
          [
            28.2225975,
            -25.7198882
          ],
          [
            28.2229596,
            -25.7198531
          ],
          [
            28.2232446,
            -25.719844
          ],
          [
            28.2236188,
            -25.7198398
          ],
          [
            28.2297925,
            -25.7197846
          ],
          [
            28.2381202,
            -25.719719
          ],
          [
            28.2389268,
            -25.7197124
          ],
          [
            28.2398314,
            -25.7197039
          ],
          [
            28.2405757,
            -25.7196961
          ],
          [
            28.2410505,
            -25.7196924
          ],
          [
            28.2416801,
            -25.7197136
          ],
          [
            28.241896,
            -25.7197287
          ],
          [
            28.2421696,
            -25.7197577
          ],
          [
            28.2424881,
            -25.7197988
          ],
          [
            28.2428013,
            -25.7198495
          ],
          [
            28.2430447,
            -25.7199002
          ],
          [
            28.243327,
            -25.7199613
          ],
          [
            28.2437213,
            -25.7200537
          ],
          [
            28.2441591,
            -25.7201624
          ],
          [
            28.246034,
            -25.7206191
          ],
          [
            28.2465591,
            -25.720746
          ],
          [
            28.2480249,
            -25.7210904
          ],
          [
            28.2489013,
            -25.7213133
          ],
          [
            28.249724,
            -25.7215144
          ],
          [
            28.2507165,
            -25.7217512
          ],
          [
            28.252012,
            -25.722063
          ],
          [
            28.2530755,
            -25.7223227
          ],
          [
            28.2544702,
            -25.7226695
          ],
          [
            28.2558704,
            -25.7230078
          ],
          [
            28.2575709,
            -25.7234174
          ],
          [
            28.2620434,
            -25.7244927
          ],
          [
            28.2626148,
            -25.7246316
          ]
        ]
      }
    },
    {
      "type": "Feature",
      "properties": {
        "id": "way/537197375",
        "name": "Unnamed",
        "network": "PRASA"
      },
      "geometry": {
        "type": "LineString",
        "coordinates": [
          [
            28.2626148,
            -25.7246316
          ],
          [
            28.262828,
            -25.7246811
          ]
        ]
      }
    },
    {
      "type": "Feature",
      "properties": {
        "id": "way/537197376",
        "name": "Unnamed",
        "network": "PRASA"
      },
      "geometry": {
        "type": "LineString",
        "coordinates": [
          [
            28.2648766,
            -25.7251542
          ],
          [
            28.2651454,
            -25.725197
          ],
          [
            28.2654046,
            -25.7252314
          ]
        ]
      }
    },
    {
      "type": "Feature",
      "properties": {
        "id": "way/537197377",
        "name": "Unnamed",
        "network": "PRASA"
      },
      "geometry": {
        "type": "LineString",
        "coordinates": [
          [
            28.262828,
            -25.7246811
          ],
          [
            28.263628,
            -25.7248896
          ],
          [
            28.264033,
            -25.7249814
          ],
          [
            28.2644172,
            -25.7250678
          ],
          [
            28.2648766,
            -25.7251542
          ]
        ]
      }
    },
    {
      "type": "Feature",
      "properties": {
        "id": "way/537214199",
        "name": "Unnamed",
        "network": "PRASA"
      },
      "geometry": {
        "type": "LineString",
        "coordinates": [
          [
            28.2029477,
            -25.7222708
          ],
          [
            28.2027574,
            -25.7222976
          ],
          [
            28.2025424,
            -25.722328
          ],
          [
            28.2015978,
            -25.7224541
          ]
        ]
      }
    },
    {
      "type": "Feature",
      "properties": {
        "id": "way/537214200",
        "name": "Unnamed",
        "network": "PRASA"
      },
      "geometry": {
        "type": "LineString",
        "coordinates": [
          [
            28.2032568,
            -25.7222254
          ],
          [
            28.2030558,
            -25.7222529
          ],
          [
            28.2029477,
            -25.7222708
          ]
        ]
      }
    },
    {
      "type": "Feature",
      "properties": {
        "id": "way/537214201",
        "name": "Unnamed",
        "network": "PRASA"
      },
      "geometry": {
        "type": "LineString",
        "coordinates": [
          [
            28.2044846,
            -25.7220569
          ],
          [
            28.2032568,
            -25.7222254
          ]
        ]
      }
    },
    {
      "type": "Feature",
      "properties": {
        "id": "way/537214202",
        "name": "Unnamed",
        "network": "PRASA"
      },
      "geometry": {
        "type": "LineString",
        "coordinates": [
          [
            28.2049185,
            -25.7219989
          ],
          [
            28.2044846,
            -25.7220569
          ]
        ]
      }
    },
    {
      "type": "Feature",
      "properties": {
        "id": "way/537220983",
        "name": "Unnamed",
        "network": "PRASA"
      },
      "geometry": {
        "type": "LineString",
        "coordinates": [
          [
            28.2372504,
            -25.7477982
          ],
          [
            28.2365638,
            -25.7480742
          ],
          [
            28.2361239,
            -25.7482789
          ],
          [
            28.2355982,
            -25.7484807
          ],
          [
            28.2353716,
            -25.7485616
          ],
          [
            28.2346286,
            -25.7488128
          ],
          [
            28.2342236,
            -25.7489506
          ],
          [
            28.2335041,
            -25.7491885
          ],
          [
            28.2327256,
            -25.7494531
          ],
          [
            28.232285,
            -25.7495971
          ],
          [
            28.2312622,
            -25.7499569
          ],
          [
            28.2308212,
            -25.750112
          ],
          [
            28.2302141,
            -25.7503379
          ],
          [
            28.2297275,
            -25.7505659
          ],
          [
            28.2290523,
            -25.7509932
          ],
          [
            28.2288605,
            -25.7511399
          ],
          [
            28.2284836,
            -25.7514818
          ],
          [
            28.2281873,
            -25.7518067
          ],
          [
            28.2251885,
            -25.7551053
          ],
          [
            28.2246642,
            -25.7556963
          ]
        ]
      }
    },
    {
      "type": "Feature",
      "properties": {
        "id": "way/537220986",
        "name": "Unnamed",
        "network": "PRASA"
      },
      "geometry": {
        "type": "LineString",
        "coordinates": [
          [
            28.2382299,
            -25.7474866
          ],
          [
            28.2379445,
            -25.7475578
          ],
          [
            28.237571,
            -25.7476762
          ],
          [
            28.2372504,
            -25.7477982
          ]
        ]
      }
    },
    {
      "type": "Feature",
      "properties": {
        "id": "way/537220990",
        "name": "Metro",
        "network": "PRASA"
      },
      "geometry": {
        "type": "LineString",
        "coordinates": [
          [
            28.2382219,
            -25.7474543
          ],
          [
            28.2383469,
            -25.7474222
          ],
          [
            28.2387563,
            -25.747331
          ]
        ]
      }
    },
    {
      "type": "Feature",
      "properties": {
        "id": "way/537232031",
        "name": "Unnamed",
        "network": "PRASA"
      },
      "geometry": {
        "type": "LineString",
        "coordinates": [
          [
            28.2194506,
            -25.7600734
          ],
          [
            28.2193139,
            -25.7601011
          ],
          [
            28.2191489,
            -25.7601229
          ],
          [
            28.2189431,
            -25.7601422
          ],
          [
            28.2186064,
            -25.7601489
          ],
          [
            28.2181719,
            -25.760109
          ],
          [
            28.2168362,
            -25.7599357
          ],
          [
            28.2155272,
            -25.7597666
          ],
          [
            28.2151906,
            -25.7597412
          ],
          [
            28.2148929,
            -25.7597509
          ],
          [
            28.2146837,
            -25.7597786
          ]
        ]
      }
    },
    {
      "type": "Feature",
      "properties": {
        "id": "way/537232032",
        "name": "Unnamed",
        "network": "PRASA"
      },
      "geometry": {
        "type": "LineString",
        "coordinates": [
          [
            28.2246642,
            -25.7556963
          ],
          [
            28.2243334,
            -25.7560515
          ]
        ]
      }
    },
    {
      "type": "Feature",
      "properties": {
        "id": "way/537245626",
        "name": "Unnamed",
        "network": "PRASA"
      },
      "geometry": {
        "type": "LineString",
        "coordinates": [
          [
            28.2139595,
            -25.7599568
          ],
          [
            28.2125755,
            -25.7604707
          ],
          [
            28.212271,
            -25.7605831
          ],
          [
            28.2120618,
            -25.7606435
          ],
          [
            28.2119076,
            -25.7606773
          ],
          [
            28.2116608,
            -25.7607183
          ],
          [
            28.2113282,
            -25.7607353
          ],
          [
            28.2108924,
            -25.7607208
          ],
          [
            28.2099429,
            -25.7605758
          ],
          [
            28.2090175,
            -25.7604623
          ],
          [
            28.2049807,
            -25.7599405
          ],
          [
            28.2031918,
            -25.7597056
          ],
          [
            28.2030234,
            -25.7596869
          ],
          [
            28.2028686,
            -25.7596796
          ],
          [
            28.2026741,
            -25.759676
          ],
          [
            28.2024696,
            -25.7596881
          ],
          [
            28.2023435,
            -25.7596983
          ],
          [
            28.2021779,
            -25.7597195
          ],
          [
            28.2020773,
            -25.759737
          ],
          [
            28.2019211,
            -25.7597714
          ],
          [
            28.2017782,
            -25.7598058
          ],
          [
            28.2016052,
            -25.7598602
          ],
          [
            28.2014852,
            -25.7599043
          ],
          [
            28.2013585,
            -25.7599586
          ],
          [
            28.2012451,
            -25.7600069
          ],
          [
            28.2011144,
            -25.7600728
          ],
          [
            28.2010011,
            -25.7601362
          ],
          [
            28.2009146,
            -25.7601869
          ],
          [
            28.200824,
            -25.7602473
          ],
          [
            28.2007033,
            -25.7603306
          ],
          [
            28.2004968,
            -25.7604888
          ],
          [
            28.2002574,
            -25.7606845
          ],
          [
            28.2000374,
            -25.760859
          ],
          [
            28.1998786,
            -25.7609853
          ]
        ]
      }
    },
    {
      "type": "Feature",
      "properties": {
        "id": "way/537245629",
        "name": "Unnamed",
        "network": "PRASA"
      },
      "geometry": {
        "type": "LineString",
        "coordinates": [
          [
            28.2146837,
            -25.7597786
          ],
          [
            28.2142964,
            -25.759862
          ],
          [
            28.2139595,
            -25.7599568
          ]
        ]
      }
    },
    {
      "type": "Feature",
      "properties": {
        "id": "way/537245631",
        "name": "Unnamed",
        "network": "PRASA"
      },
      "geometry": {
        "type": "LineString",
        "coordinates": [
          [
            28.2195868,
            -25.7600467
          ],
          [
            28.2194506,
            -25.7600734
          ]
        ]
      }
    },
    {
      "type": "Feature",
      "properties": {
        "id": "way/537245634",
        "name": "Unnamed",
        "network": "PRASA"
      },
      "geometry": {
        "type": "LineString",
        "coordinates": [
          [
            28.2199395,
            -25.7599593
          ],
          [
            28.2195868,
            -25.7600467
          ]
        ]
      }
    },
    {
      "type": "Feature",
      "properties": {
        "id": "way/537245636",
        "name": "Unnamed",
        "network": "PRASA"
      },
      "geometry": {
        "type": "LineString",
        "coordinates": [
          [
            28.2201386,
            -25.7598946
          ],
          [
            28.2199395,
            -25.7599593
          ]
        ]
      }
    },
    {
      "type": "Feature",
      "properties": {
        "id": "way/537245639",
        "name": "Unnamed",
        "network": "PRASA"
      },
      "geometry": {
        "type": "LineString",
        "coordinates": [
          [
            28.2243334,
            -25.7560515
          ],
          [
            28.2235444,
            -25.7568979
          ],
          [
            28.22176,
            -25.7588456
          ],
          [
            28.2214221,
            -25.7591868
          ],
          [
            28.2212296,
            -25.7593402
          ],
          [
            28.2209802,
            -25.7594984
          ],
          [
            28.2208058,
            -25.7595975
          ],
          [
            28.2203766,
            -25.7598076
          ],
          [
            28.2201386,
            -25.7598946
          ]
        ]
      }
    },
    {
      "type": "Feature",
      "properties": {
        "id": "way/537261856",
        "name": "Unnamed",
        "network": "PRASA"
      },
      "geometry": {
        "type": "LineString",
        "coordinates": [
          [
            28.1954543,
            -25.7641175
          ],
          [
            28.195261,
            -25.7641472
          ],
          [
            28.195089,
            -25.7641533
          ],
          [
            28.194929,
            -25.7641531
          ],
          [
            28.1947845,
            -25.7641491
          ],
          [
            28.1946587,
            -25.7641415
          ]
        ]
      }
    },
    {
      "type": "Feature",
      "properties": {
        "id": "way/537261857",
        "name": "Unnamed",
        "network": "PRASA"
      },
      "geometry": {
        "type": "LineString",
        "coordinates": [
          [
            28.1959656,
            -25.7639754
          ],
          [
            28.195815,
            -25.7640289
          ],
          [
            28.1956167,
            -25.7640779
          ],
          [
            28.1954543,
            -25.7641175
          ]
        ]
      }
    },
    {
      "type": "Feature",
      "properties": {
        "id": "way/537261858",
        "name": "Unnamed",
        "network": "PRASA"
      },
      "geometry": {
        "type": "LineString",
        "coordinates": [
          [
            28.196898,
            -25.7633646
          ],
          [
            28.1964943,
            -25.7636883
          ],
          [
            28.1961463,
            -25.7638912
          ],
          [
            28.1959656,
            -25.7639754
          ]
        ]
      }
    },
    {
      "type": "Feature",
      "properties": {
        "id": "way/537261859",
        "name": "Unnamed",
        "network": "PRASA"
      },
      "geometry": {
        "type": "LineString",
        "coordinates": [
          [
            28.1994246,
            -25.7613476
          ],
          [
            28.1986266,
            -25.7619902
          ],
          [
            28.1977297,
            -25.7627013
          ],
          [
            28.1972496,
            -25.7630868
          ],
          [
            28.196898,
            -25.7633646
          ]
        ]
      }
    },
    {
      "type": "Feature",
      "properties": {
        "id": "way/537261860",
        "name": "Unnamed",
        "network": "PRASA"
      },
      "geometry": {
        "type": "LineString",
        "coordinates": [
          [
            28.1959547,
            -25.7639371
          ],
          [
            28.1961127,
            -25.7638654
          ],
          [
            28.1964624,
            -25.7636563
          ],
          [
            28.1968713,
            -25.7633422
          ]
        ]
      }
    },
    {
      "type": "Feature",
      "properties": {
        "id": "way/537261861",
        "name": "Unnamed",
        "network": "PRASA"
      },
      "geometry": {
        "type": "LineString",
        "coordinates": [
          [
            28.1954394,
            -25.7640848
          ],
          [
            28.1956017,
            -25.7640399
          ],
          [
            28.1959547,
            -25.7639371
          ]
        ]
      }
    },
    {
      "type": "Feature",
      "properties": {
        "id": "way/537261862",
        "name": "Unnamed",
        "network": "PRASA"
      },
      "geometry": {
        "type": "LineString",
        "coordinates": [
          [
            28.1993956,
            -25.7613254
          ],
          [
            28.1998707,
            -25.7609415
          ]
        ]
      }
    },
    {
      "type": "Feature",
      "properties": {
        "id": "way/537261863",
        "name": "Unnamed",
        "network": "PRASA"
      },
      "geometry": {
        "type": "LineString",
        "coordinates": [
          [
            28.1968713,
            -25.7633422
          ],
          [
            28.1972262,
            -25.7630572
          ],
          [
            28.1979815,
            -25.7624418
          ],
          [
            28.1985992,
            -25.7619593
          ],
          [
            28.199058,
            -25.7615906
          ],
          [
            28.1993956,
            -25.7613254
          ]
        ]
      }
    },
    {
      "type": "Feature",
      "properties": {
        "id": "way/537261864",
        "name": "Unnamed",
        "network": "PRASA"
      },
      "geometry": {
        "type": "LineString",
        "coordinates": [
          [
            28.1998786,
            -25.7609853
          ],
          [
            28.1994246,
            -25.7613476
          ]
        ]
      }
    },
    {
      "type": "Feature",
      "properties": {
        "id": "way/537279972",
        "name": "Unnamed",
        "network": "PRASA"
      },
      "geometry": {
        "type": "LineString",
        "coordinates": [
          [
            28.1922139,
            -25.7626678
          ],
          [
            28.1919556,
            -25.7623632
          ],
          [
            28.1918313,
            -25.7622293
          ],
          [
            28.1917181,
            -25.7621138
          ],
          [
            28.1916267,
            -25.762027
          ],
          [
            28.1912003,
            -25.761632
          ],
          [
            28.1911855,
            -25.761617
          ],
          [
            28.190916,
            -25.7613579
          ],
          [
            28.1905938,
            -25.7610286
          ],
          [
            28.1884983,
            -25.7588249
          ]
        ]
      }
    },
    {
      "type": "Feature",
      "properties": {
        "id": "way/537300911",
        "name": "Unnamed",
        "network": "PRASA"
      },
      "geometry": {
        "type": "LineString",
        "coordinates": [
          [
            28.190682,
            -25.7607509
          ],
          [
            28.1898585,
            -25.7598596
          ],
          [
            28.1887045,
            -25.758684
          ],
          [
            28.1886046,
            -25.7585859
          ],
          [
            28.1885202,
            -25.7585125
          ],
          [
            28.1884171,
            -25.7584326
          ],
          [
            28.1882431,
            -25.7583105
          ]
        ]
      }
    },
    {
      "type": "Feature",
      "properties": {
        "id": "way/537300913",
        "name": "Unnamed",
        "network": "PRASA"
      },
      "geometry": {
        "type": "LineString",
        "coordinates": [
          [
            28.1879641,
            -25.7581553
          ],
          [
            28.1881768,
            -25.7582897
          ],
          [
            28.1882773,
            -25.7583643
          ],
          [
            28.1884085,
            -25.7584691
          ],
          [
            28.1885706,
            -25.7586173
          ],
          [
            28.1887579,
            -25.7588096
          ],
          [
            28.1906458,
            -25.7607823
          ]
        ]
      }
    },
    {
      "type": "Feature",
      "properties": {
        "id": "way/537301843",
        "name": "Unnamed",
        "network": "PRASA"
      },
      "geometry": {
        "type": "LineString",
        "coordinates": [
          [
            28.1910694,
            -25.7609739
          ],
          [
            28.1908924,
            -25.7607146
          ],
          [
            28.1907818,
            -25.7605653
          ]
        ]
      }
    },
    {
      "type": "Feature",
      "properties": {
        "id": "way/537301845",
        "name": "Unnamed",
        "network": "PRASA"
      },
      "geometry": {
        "type": "LineString",
        "coordinates": [
          [
            28.1917111,
            -25.7619729
          ],
          [
            28.191628,
            -25.7618846
          ],
          [
            28.1913621,
            -25.761602
          ],
          [
            28.1906046,
            -25.7608146
          ],
          [
            28.1894765,
            -25.7596324
          ]
        ]
      }
    },
    {
      "type": "Feature",
      "properties": {
        "id": "way/537306094",
        "name": "Unnamed",
        "network": "PRASA"
      },
      "geometry": {
        "type": "LineString",
        "coordinates": [
          [
            28.1869791,
            -25.7577441
          ],
          [
            28.1868138,
            -25.7576861
          ],
          [
            28.1862013,
            -25.7574801
          ],
          [
            28.185866,
            -25.7573666
          ],
          [
            28.1856716,
            -25.7572929
          ],
          [
            28.1841373,
            -25.7566648
          ],
          [
            28.1838772,
            -25.7565585
          ],
          [
            28.1837162,
            -25.7564818
          ],
          [
            28.1836364,
            -25.7564408
          ],
          [
            28.1835023,
            -25.7563659
          ],
          [
            28.1833863,
            -25.7562976
          ],
          [
            28.1832522,
            -25.7562167
          ],
          [
            28.1831282,
            -25.7561448
          ],
          [
            28.1828788,
            -25.7560129
          ]
        ]
      }
    },
    {
      "type": "Feature",
      "properties": {
        "id": "way/537306095",
        "name": "Unnamed",
        "network": "PRASA"
      },
      "geometry": {
        "type": "LineString",
        "coordinates": [
          [
            28.1885876,
            -25.7587557
          ],
          [
            28.1885087,
            -25.7586735
          ],
          [
            28.1884462,
            -25.75862
          ],
          [
            28.1882826,
            -25.7584911
          ],
          [
            28.1880916,
            -25.7583547
          ],
          [
            28.1878971,
            -25.7582254
          ],
          [
            28.1876655,
            -25.7580772
          ]
        ]
      }
    },
    {
      "type": "Feature",
      "properties": {
        "id": "way/537306096",
        "name": "Unnamed",
        "network": "PRASA"
      },
      "geometry": {
        "type": "LineString",
        "coordinates": [
          [
            28.1865693,
            -25.7573458
          ],
          [
            28.1864528,
            -25.7572681
          ],
          [
            28.1863564,
            -25.7572135
          ],
          [
            28.1862606,
            -25.7571696
          ],
          [
            28.1860743,
            -25.757091
          ],
          [
            28.1855428,
            -25.7568714
          ],
          [
            28.1839529,
            -25.7562227
          ],
          [
            28.1837924,
            -25.7561631
          ],
          [
            28.1836922,
            -25.7561316
          ],
          [
            28.1835914,
            -25.7561045
          ],
          [
            28.183477,
            -25.7560755
          ],
          [
            28.1831718,
            -25.7560084
          ],
          [
            28.183087,
            -25.7559902
          ],
          [
            28.1829753,
            -25.7559619
          ]
        ]
      }
    },
    {
      "type": "Feature",
      "properties": {
        "id": "way/537306414",
        "name": "Unnamed",
        "network": "PRASA"
      },
      "geometry": {
        "type": "LineString",
        "coordinates": [
          [
            28.1810407,
            -25.7556133
          ],
          [
            28.1808959,
            -25.7556206
          ],
          [
            28.180456,
            -25.7556442
          ],
          [
            28.1799839,
            -25.7556744
          ],
          [
            28.1795152,
            -25.7557076
          ],
          [
            28.1788199,
            -25.7557577
          ],
          [
            28.178443,
            -25.7557728
          ],
          [
            28.1780018,
            -25.7557915
          ],
          [
            28.1778348,
            -25.755803
          ],
          [
            28.1777027,
            -25.7558151
          ],
          [
            28.1775586,
            -25.7558308
          ],
          [
            28.1774312,
            -25.7558489
          ],
          [
            28.1772709,
            -25.7558767
          ],
          [
            28.1771294,
            -25.7559051
          ],
          [
            28.1769598,
            -25.7559431
          ],
          [
            28.1764166,
            -25.7560929
          ]
        ]
      }
    },
    {
      "type": "Feature",
      "properties": {
        "id": "way/537307119",
        "name": "Unnamed",
        "network": "PRASA"
      },
      "geometry": {
        "type": "LineString",
        "coordinates": [
          [
            28.1882431,
            -25.7583105
          ],
          [
            28.1879641,
            -25.7581553
          ]
        ]
      }
    },
    {
      "type": "Feature",
      "properties": {
        "id": "way/537307122",
        "name": "Unnamed",
        "network": "PRASA"
      },
      "geometry": {
        "type": "LineString",
        "coordinates": [
          [
            28.1869791,
            -25.7577441
          ],
          [
            28.1868296,
            -25.7576812
          ],
          [
            28.1862403,
            -25.7574126
          ],
          [
            28.1857735,
            -25.7572156
          ],
          [
            28.184934,
            -25.7568726
          ],
          [
            28.1839214,
            -25.7564595
          ],
          [
            28.1834359,
            -25.756262
          ],
          [
            28.1831161,
            -25.7561261
          ],
          [
            28.1828788,
            -25.7560129
          ]
        ]
      }
    },
    {
      "type": "Feature",
      "properties": {
        "id": "way/537307854",
        "name": "Unnamed",
        "network": "PRASA"
      },
      "geometry": {
        "type": "LineString",
        "coordinates": [
          [
            28.18153,
            -25.7555922
          ],
          [
            28.1816971,
            -25.7556055
          ],
          [
            28.1819211,
            -25.7556333
          ]
        ]
      }
    },
    {
      "type": "Feature",
      "properties": {
        "id": "way/537307855",
        "name": "Unnamed",
        "network": "PRASA"
      },
      "geometry": {
        "type": "LineString",
        "coordinates": [
          [
            28.1764403,
            -25.7560467
          ],
          [
            28.1769745,
            -25.7558996
          ],
          [
            28.177169,
            -25.7558525
          ],
          [
            28.1773775,
            -25.7558096
          ],
          [
            28.1775223,
            -25.7557819
          ],
          [
            28.1777121,
            -25.7557511
          ],
          [
            28.1779086,
            -25.7557227
          ],
          [
            28.1781567,
            -25.7556858
          ],
          [
            28.1783897,
            -25.7556613
          ],
          [
            28.1802754,
            -25.7555382
          ],
          [
            28.1804223,
            -25.7555346
          ],
          [
            28.1805437,
            -25.7555369
          ],
          [
            28.1806635,
            -25.7555456
          ],
          [
            28.180801,
            -25.7555564
          ],
          [
            28.1809285,
            -25.7555669
          ],
          [
            28.1810461,
            -25.7555717
          ],
          [
            28.1812788,
            -25.7555794
          ]
        ]
      }
    },
    {
      "type": "Feature",
      "properties": {
        "id": "way/537400479",
        "name": "Unnamed",
        "network": "PRASA"
      },
      "geometry": {
        "type": "LineString",
        "coordinates": [
          [
            28.1764166,
            -25.7560929
          ],
          [
            28.1762127,
            -25.7561515
          ]
        ]
      }
    },
    {
      "type": "Feature",
      "properties": {
        "id": "way/537400480",
        "name": "Unnamed",
        "network": "PRASA"
      },
      "geometry": {
        "type": "LineString",
        "coordinates": [
          [
            28.1762127,
            -25.7561515
          ],
          [
            28.1757259,
            -25.7562874
          ],
          [
            28.1753585,
            -25.7563906
          ],
          [
            28.1748495,
            -25.7565259
          ],
          [
            28.1745806,
            -25.7565887
          ],
          [
            28.1743848,
            -25.7566238
          ],
          [
            28.1740811,
            -25.7566696
          ],
          [
            28.1737726,
            -25.7567011
          ],
          [
            28.1735842,
            -25.7567119
          ],
          [
            28.1733589,
            -25.7567161
          ],
          [
            28.173157,
            -25.7567155
          ],
          [
            28.1729934,
            -25.7567125
          ],
          [
            28.1728064,
            -25.756698
          ],
          [
            28.1725616,
            -25.7566775
          ],
          [
            28.1721834,
            -25.756628
          ],
          [
            28.1714297,
            -25.7565084
          ],
          [
            28.1697647,
            -25.7562517
          ],
          [
            28.1692779,
            -25.7562058
          ],
          [
            28.168952,
            -25.7561853
          ],
          [
            28.1687844,
            -25.7561744
          ],
          [
            28.1685658,
            -25.7561636
          ],
          [
            28.1683767,
            -25.7561599
          ],
          [
            28.1681118,
            -25.7561533
          ],
          [
            28.1679086,
            -25.7561521
          ],
          [
            28.1675164,
            -25.7561581
          ],
          [
            28.1670939,
            -25.7561756
          ],
          [
            28.16664,
            -25.7562046
          ],
          [
            28.1663623,
            -25.7562234
          ],
          [
            28.1662658,
            -25.7562282
          ],
          [
            28.1662174,
            -25.7562328
          ]
        ]
      }
    },
    {
      "type": "Feature",
      "properties": {
        "id": "way/537441319",
        "name": "Unnamed",
        "network": "PRASA"
      },
      "geometry": {
        "type": "LineString",
        "coordinates": [
          [
            28.1600839,
            -25.754833
          ],
          [
            28.1600672,
            -25.7546561
          ]
        ]
      }
    },
    {
      "type": "Feature",
      "properties": {
        "id": "way/537441320",
        "name": "Unnamed",
        "network": "PRASA"
      },
      "geometry": {
        "type": "LineString",
        "coordinates": [
          [
            28.1600672,
            -25.7546561
          ],
          [
            28.1600565,
            -25.7544786
          ],
          [
            28.1600252,
            -25.7541138
          ],
          [
            28.1599957,
            -25.7536447
          ]
        ]
      }
    },
    {
      "type": "Feature",
      "properties": {
        "id": "way/537461807",
        "name": "Unnamed",
        "network": "PRASA"
      },
      "geometry": {
        "type": "LineString",
        "coordinates": [
          [
            28.1599659,
            -25.7532439
          ],
          [
            28.1599509,
            -25.7530605
          ]
        ]
      }
    },
    {
      "type": "Feature",
      "properties": {
        "id": "way/537461808",
        "name": "Unnamed",
        "network": "PRASA"
      },
      "geometry": {
        "type": "LineString",
        "coordinates": [
          [
            28.1599509,
            -25.7530605
          ],
          [
            28.1598729,
            -25.752129
          ],
          [
            28.1598057,
            -25.7514576
          ],
          [
            28.1597547,
            -25.7508102
          ],
          [
            28.1596883,
            -25.7500437
          ],
          [
            28.1596636,
            -25.7496351
          ],
          [
            28.159611,
            -25.7489946
          ],
          [
            28.1595722,
            -25.7485428
          ]
        ]
      }
    },
    {
      "type": "Feature",
      "properties": {
        "id": "way/537465594",
        "name": "Unnamed",
        "network": "PRASA"
      },
      "geometry": {
        "type": "LineString",
        "coordinates": [
          [
            28.1636699,
            -25.7564924
          ],
          [
            28.1634032,
            -25.7565217
          ],
          [
            28.1632221,
            -25.7565549
          ],
          [
            28.1630525,
            -25.7565875
          ],
          [
            28.1626169,
            -25.7566761
          ],
          [
            28.1625932,
            -25.7566799
          ],
          [
            28.1623565,
            -25.7567294
          ],
          [
            28.1620561,
            -25.7567922
          ],
          [
            28.1612508,
            -25.7569493
          ],
          [
            28.1590051,
            -25.7574004
          ],
          [
            28.1573455,
            -25.7577405
          ],
          [
            28.1565367,
            -25.7579034
          ],
          [
            28.1561491,
            -25.7579856
          ],
          [
            28.1561324,
            -25.7579886
          ],
          [
            28.1554686,
            -25.7581221
          ],
          [
            28.1551641,
            -25.7581909
          ],
          [
            28.1549516,
            -25.7582453
          ],
          [
            28.1547229,
            -25.7583087
          ],
          [
            28.1543058,
            -25.7584259
          ],
          [
            28.1539907,
            -25.758514
          ],
          [
            28.1535467,
            -25.7586179
          ],
          [
            28.1532953,
            -25.7586771
          ],
          [
            28.1529976,
            -25.7587357
          ],
          [
            28.1527924,
            -25.7587713
          ],
          [
            28.1526228,
            -25.7588021
          ],
          [
            28.15227,
            -25.7588625
          ],
          [
            28.1520105,
            -25.7589036
          ],
          [
            28.1516692,
            -25.7589615
          ],
          [
            28.1514171,
            -25.7590074
          ],
          [
            28.151167,
            -25.759063
          ],
          [
            28.1508458,
            -25.7591361
          ],
          [
            28.1506144,
            -25.7591941
          ],
          [
            28.1503891,
            -25.7592557
          ],
          [
            28.1502081,
            -25.7593088
          ],
          [
            28.1499928,
            -25.7593752
          ],
          [
            28.1469968,
            -25.7603826
          ],
          [
            28.1466743,
            -25.7604961
          ],
          [
            28.1465194,
            -25.7605565
          ],
          [
            28.1464389,
            -25.7605927
          ],
          [
            28.1463551,
            -25.7606296
          ],
          [
            28.1462049,
            -25.7607057
          ],
          [
            28.1461157,
            -25.7607455
          ],
          [
            28.1457891,
            -25.7609714
          ],
          [
            28.1453526,
            -25.7613114
          ],
          [
            28.1449006,
            -25.7616616
          ],
          [
            28.1444913,
            -25.7619781
          ],
          [
            28.1441141,
            -25.7622806
          ],
          [
            28.1438881,
            -25.7624685
          ],
          [
            28.1437406,
            -25.7626176
          ],
          [
            28.1435864,
            -25.7627946
          ],
          [
            28.1434905,
            -25.7629244
          ],
          [
            28.1434228,
            -25.7630259
          ],
          [
            28.1433363,
            -25.7631762
          ],
          [
            28.1432994,
            -25.7632421
          ],
          [
            28.1432498,
            -25.7633472
          ]
        ]
      }
    },
    {
      "type": "Feature",
      "properties": {
        "id": "way/537691938",
        "name": "Unnamed",
        "network": "PRASA"
      },
      "geometry": {
        "type": "LineString",
        "coordinates": [
          [
            28.1662174,
            -25.7562328
          ],
          [
            28.1659506,
            -25.7562632
          ],
          [
            28.1657548,
            -25.756297
          ],
          [
            28.1656298,
            -25.756323
          ],
          [
            28.1655402,
            -25.7563417
          ],
          [
            28.1653988,
            -25.7563653
          ],
          [
            28.1651916,
            -25.7563893
          ]
        ]
      }
    },
    {
      "type": "Feature",
      "properties": {
        "id": "way/537691939",
        "name": "Unnamed",
        "network": "PRASA"
      },
      "geometry": {
        "type": "LineString",
        "coordinates": [
          [
            28.1649944,
            -25.7563632
          ],
          [
            28.165264,
            -25.7563345
          ],
          [
            28.1654625,
            -25.7562994
          ],
          [
            28.1655744,
            -25.7562761
          ],
          [
            28.1656797,
            -25.7562541
          ],
          [
            28.1657964,
            -25.7562336
          ],
          [
            28.1660178,
            -25.7562024
          ]
        ]
      }
    },
    {
      "type": "Feature",
      "properties": {
        "id": "way/537696700",
        "name": "Unnamed",
        "network": "PRASA"
      },
      "geometry": {
        "type": "LineString",
        "coordinates": [
          [
            28.1600384,
            -25.7549151
          ],
          [
            28.1600662,
            -25.7553004
          ],
          [
            28.1600729,
            -25.7553848
          ],
          [
            28.1600927,
            -25.7555952
          ],
          [
            28.1601007,
            -25.7559171
          ],
          [
            28.160082,
            -25.7560923
          ],
          [
            28.1600551,
            -25.7562004
          ],
          [
            28.1600317,
            -25.7562849
          ],
          [
            28.1599981,
            -25.7563761
          ],
          [
            28.1599713,
            -25.7564347
          ],
          [
            28.1598962,
            -25.7565748
          ],
          [
            28.159793,
            -25.7567222
          ],
          [
            28.1596655,
            -25.7568587
          ],
          [
            28.1595998,
            -25.7569221
          ],
          [
            28.1595294,
            -25.7569789
          ],
          [
            28.159449,
            -25.7570399
          ],
          [
            28.1593443,
            -25.7571045
          ],
          [
            28.1591472,
            -25.7571963
          ],
          [
            28.158989,
            -25.757247
          ],
          [
            28.1588012,
            -25.7572953
          ],
          [
            28.1586215,
            -25.7573388
          ],
          [
            28.1575996,
            -25.7575671
          ],
          [
            28.1574319,
            -25.7576154
          ],
          [
            28.1572415,
            -25.7576849
          ],
          [
            28.156965,
            -25.7577795
          ],
          [
            28.1568197,
            -25.7578292
          ],
          [
            28.1565367,
            -25.7579034
          ]
        ]
      }
    },
    {
      "type": "Feature",
      "properties": {
        "id": "way/537736404",
        "name": "Unnamed",
        "network": "PRASA"
      },
      "geometry": {
        "type": "LineString",
        "coordinates": [
          [
            28.1595722,
            -25.7485428
          ],
          [
            28.1595505,
            -25.7482718
          ]
        ]
      }
    },
    {
      "type": "Feature",
      "properties": {
        "id": "way/537736406",
        "name": "Unnamed",
        "network": "PRASA"
      },
      "geometry": {
        "type": "LineString",
        "coordinates": [
          [
            28.1595505,
            -25.7482718
          ],
          [
            28.159512,
            -25.7478688
          ],
          [
            28.1594154,
            -25.746795
          ],
          [
            28.1593591,
            -25.7460835
          ],
          [
            28.1593403,
            -25.7456703
          ],
          [
            28.159335,
            -25.7454094
          ],
          [
            28.159343,
            -25.7450833
          ],
          [
            28.1593806,
            -25.7446725
          ],
          [
            28.159449,
            -25.7442679
          ],
          [
            28.1594959,
            -25.7440154
          ],
          [
            28.1595563,
            -25.7437327
          ]
        ]
      }
    },
    {
      "type": "Feature",
      "properties": {
        "id": "way/537760801",
        "name": "Unnamed",
        "network": "PRASA"
      },
      "geometry": {
        "type": "LineString",
        "coordinates": [
          [
            28.1595563,
            -25.7437327
          ],
          [
            28.1596005,
            -25.7435032
          ]
        ]
      }
    },
    {
      "type": "Feature",
      "properties": {
        "id": "way/537760802",
        "name": "Unnamed",
        "network": "PRASA"
      },
      "geometry": {
        "type": "LineString",
        "coordinates": [
          [
            28.1596005,
            -25.7435032
          ],
          [
            28.1596588,
            -25.7432338
          ]
        ]
      }
    },
    {
      "type": "Feature",
      "properties": {
        "id": "way/537760803",
        "name": "Unnamed",
        "network": "PRASA"
      },
      "geometry": {
        "type": "LineString",
        "coordinates": [
          [
            28.1596588,
            -25.7432338
          ],
          [
            28.1597487,
            -25.7428044
          ]
        ]
      }
    },
    {
      "type": "Feature",
      "properties": {
        "id": "way/537760804",
        "name": "Unnamed",
        "network": "PRASA"
      },
      "geometry": {
        "type": "LineString",
        "coordinates": [
          [
            28.1597487,
            -25.7428044
          ],
          [
            28.1598043,
            -25.7425803
          ],
          [
            28.159866,
            -25.7423375
          ],
          [
            28.1599291,
            -25.7421394
          ],
          [
            28.1600216,
            -25.7418845
          ],
          [
            28.1601088,
            -25.7416622
          ],
          [
            28.1602214,
            -25.7414267
          ],
          [
            28.1602818,
            -25.7412932
          ],
          [
            28.1603468,
            -25.7411699
          ],
          [
            28.1604521,
            -25.7409858
          ],
          [
            28.1605909,
            -25.7407556
          ],
          [
            28.1607766,
            -25.7404916
          ],
          [
            28.1611066,
            -25.7399927
          ],
          [
            28.1613379,
            -25.73964
          ],
          [
            28.1616309,
            -25.7392111
          ],
          [
            28.1621473,
            -25.7384404
          ],
          [
            28.1622518,
            -25.7382901
          ],
          [
            28.1623243,
            -25.7381819
          ],
          [
            28.1625161,
            -25.7379451
          ],
          [
            28.1627105,
            -25.7377301
          ],
          [
            28.1629036,
            -25.737544
          ],
          [
            28.163092,
            -25.7373786
          ],
          [
            28.1632429,
            -25.7372499
          ],
          [
            28.1633467,
            -25.7371614
          ]
        ]
      }
    },
    {
      "type": "Feature",
      "properties": {
        "id": "way/537771501",
        "name": "Unnamed",
        "network": "PRASA"
      },
      "geometry": {
        "type": "LineString",
        "coordinates": [
          [
            28.1657542,
            -25.7349533
          ],
          [
            28.165614,
            -25.7351406
          ],
          [
            28.1655074,
            -25.7352729
          ],
          [
            28.1654244,
            -25.7353662
          ],
          [
            28.1652861,
            -25.7355133
          ],
          [
            28.1651761,
            -25.7356153
          ],
          [
            28.1650393,
            -25.735741
          ],
          [
            28.1647418,
            -25.7359963
          ],
          [
            28.1644204,
            -25.7362653
          ],
          [
            28.1642226,
            -25.736432
          ],
          [
            28.1640426,
            -25.7365743
          ],
          [
            28.1637183,
            -25.736853
          ],
          [
            28.1633467,
            -25.7371614
          ]
        ]
      }
    },
    {
      "type": "Feature",
      "properties": {
        "id": "way/537779548",
        "name": "Unnamed",
        "network": "PRASA"
      },
      "geometry": {
        "type": "LineString",
        "coordinates": [
          [
            28.1619682,
            -25.7388983
          ],
          [
            28.1623028,
            -25.7384029
          ],
          [
            28.1626046,
            -25.7379789
          ],
          [
            28.1626958,
            -25.7378672
          ],
          [
            28.1628265,
            -25.7377131
          ],
          [
            28.1630294,
            -25.7375035
          ],
          [
            28.163133,
            -25.7374015
          ],
          [
            28.1632859,
            -25.7372674
          ],
          [
            28.1634146,
            -25.7371574
          ],
          [
            28.1640845,
            -25.7365975
          ],
          [
            28.1642555,
            -25.7364556
          ],
          [
            28.1644539,
            -25.7362888
          ],
          [
            28.1647852,
            -25.7360097
          ],
          [
            28.1650682,
            -25.7357688
          ],
          [
            28.1652264,
            -25.7356244
          ],
          [
            28.1654692,
            -25.73539
          ],
          [
            28.1657723,
            -25.734995
          ]
        ]
      }
    },
    {
      "type": "Feature",
      "properties": {
        "id": "way/537793369",
        "name": "Unnamed",
        "network": "PRASA"
      },
      "geometry": {
        "type": "LineString",
        "coordinates": [
          [
            28.1663845,
            -25.7340206
          ],
          [
            28.1666319,
            -25.7336299
          ],
          [
            28.1668298,
            -25.7333157
          ],
          [
            28.1670215,
            -25.7330095
          ],
          [
            28.167102,
            -25.7328724
          ],
          [
            28.1671952,
            -25.7327262
          ],
          [
            28.16756,
            -25.7321463
          ],
          [
            28.167737,
            -25.7318663
          ],
          [
            28.167922,
            -25.7315736
          ],
          [
            28.1680387,
            -25.7313791
          ],
          [
            28.1681339,
            -25.7312009
          ],
          [
            28.168203,
            -25.7310548
          ],
          [
            28.168258,
            -25.7309188
          ],
          [
            28.1683062,
            -25.7307805
          ],
          [
            28.1683492,
            -25.7306326
          ],
          [
            28.1683774,
            -25.7305217
          ],
          [
            28.1684008,
            -25.7304217
          ],
          [
            28.1684652,
            -25.7301312
          ],
          [
            28.1686419,
            -25.7293076
          ],
          [
            28.1687019,
            -25.7290245
          ],
          [
            28.1687247,
            -25.728888
          ],
          [
            28.1687408,
            -25.7287641
          ],
          [
            28.1687643,
            -25.728508
          ],
          [
            28.168778,
            -25.7283775
          ],
          [
            28.1687817,
            -25.7282969
          ],
          [
            28.1687857,
            -25.7281359
          ],
          [
            28.1687817,
            -25.7280115
          ],
          [
            28.1687713,
            -25.7278656
          ],
          [
            28.1687512,
            -25.7277414
          ],
          [
            28.1687301,
            -25.7276327
          ],
          [
            28.1687086,
            -25.7275542
          ],
          [
            28.1686694,
            -25.7274161
          ],
          [
            28.1686254,
            -25.7272848
          ],
          [
            28.1685725,
            -25.7271537
          ],
          [
            28.1685023,
            -25.726987
          ]
        ]
      }
    },
    {
      "type": "Feature",
      "properties": {
        "id": "way/537793370",
        "name": "Unnamed",
        "network": "PRASA"
      },
      "geometry": {
        "type": "LineString",
        "coordinates": [
          [
            28.1662396,
            -25.7342611
          ],
          [
            28.1663845,
            -25.7340206
          ]
        ]
      }
    },
    {
      "type": "Feature",
      "properties": {
        "id": "way/537793371",
        "name": "Unnamed",
        "network": "PRASA"
      },
      "geometry": {
        "type": "LineString",
        "coordinates": [
          [
            28.1659962,
            -25.7346549
          ],
          [
            28.1662396,
            -25.7342611
          ]
        ]
      }
    },
    {
      "type": "Feature",
      "properties": {
        "id": "way/537793372",
        "name": "Unnamed",
        "network": "PRASA"
      },
      "geometry": {
        "type": "LineString",
        "coordinates": [
          [
            28.1657723,
            -25.734995
          ],
          [
            28.1659962,
            -25.7346549
          ]
        ]
      }
    },
    {
      "type": "Feature",
      "properties": {
        "id": "way/537794946",
        "name": "Unnamed",
        "network": "PRASA"
      },
      "geometry": {
        "type": "LineString",
        "coordinates": [
          [
            28.170582,
            -25.7363767
          ],
          [
            28.1717862,
            -25.7364852
          ]
        ]
      }
    },
    {
      "type": "Feature",
      "properties": {
        "id": "way/537815299",
        "name": "Unnamed",
        "network": "PRASA"
      },
      "geometry": {
        "type": "LineString",
        "coordinates": [
          [
            28.1686033,
            -25.7293018
          ],
          [
            28.1686255,
            -25.729193
          ],
          [
            28.1686597,
            -25.7290396
          ],
          [
            28.1686778,
            -25.7289375
          ],
          [
            28.1686885,
            -25.728856
          ],
          [
            28.1687046,
            -25.7287243
          ],
          [
            28.1687153,
            -25.7285835
          ],
          [
            28.1687294,
            -25.7284343
          ],
          [
            28.1687401,
            -25.728273
          ],
          [
            28.1687425,
            -25.7281386
          ],
          [
            28.1687398,
            -25.7280245
          ],
          [
            28.1687364,
            -25.7279553
          ],
          [
            28.1687257,
            -25.7278529
          ],
          [
            28.1687066,
            -25.7277309
          ],
          [
            28.1686935,
            -25.7276529
          ],
          [
            28.1686758,
            -25.7275744
          ],
          [
            28.1686365,
            -25.7274418
          ],
          [
            28.1686094,
            -25.7273554
          ],
          [
            28.1685651,
            -25.7272458
          ],
          [
            28.1685363,
            -25.7271715
          ],
          [
            28.1684934,
            -25.7270667
          ],
          [
            28.1684537,
            -25.7269799
          ]
        ]
      }
    },
    {
      "type": "Feature",
      "properties": {
        "id": "way/537824239",
        "name": "Unnamed",
        "network": "PRASA"
      },
      "geometry": {
        "type": "LineString",
        "coordinates": [
          [
            28.1693054,
            -25.7364755
          ],
          [
            28.1695792,
            -25.7364104
          ],
          [
            28.1697384,
            -25.7363829
          ],
          [
            28.1699185,
            -25.7363675
          ],
          [
            28.1702477,
            -25.7363571
          ],
          [
            28.170582,
            -25.7363767
          ]
        ]
      }
    },
    {
      "type": "Feature",
      "properties": {
        "id": "way/537824241",
        "name": "Unnamed",
        "network": "PRASA"
      },
      "geometry": {
        "type": "LineString",
        "coordinates": [
          [
            28.1691334,
            -25.7365456
          ],
          [
            28.1693054,
            -25.7364755
          ]
        ]
      }
    },
    {
      "type": "Feature",
      "properties": {
        "id": "way/537824242",
        "name": "Unnamed",
        "network": "PRASA"
      },
      "geometry": {
        "type": "LineString",
        "coordinates": [
          [
            28.1658923,
            -25.7378841
          ],
          [
            28.1661665,
            -25.7377826
          ],
          [
            28.1664985,
            -25.7376461
          ],
          [
            28.166992,
            -25.7374395
          ],
          [
            28.1672629,
            -25.7373242
          ],
          [
            28.1674165,
            -25.7372607
          ],
          [
            28.1677229,
            -25.7371321
          ],
          [
            28.1680843,
            -25.7369823
          ]
        ]
      }
    },
    {
      "type": "Feature",
      "properties": {
        "id": "way/537824243",
        "name": "Unnamed",
        "network": "PRASA"
      },
      "geometry": {
        "type": "LineString",
        "coordinates": [
          [
            28.1656744,
            -25.7379433
          ],
          [
            28.1658923,
            -25.7378841
          ]
        ]
      }
    },
    {
      "type": "Feature",
      "properties": {
        "id": "way/537824244",
        "name": "Unnamed",
        "network": "PRASA"
      },
      "geometry": {
        "type": "LineString",
        "coordinates": [
          [
            28.1645881,
            -25.7378617
          ],
          [
            28.1647121,
            -25.7379107
          ],
          [
            28.1648261,
            -25.7379403
          ],
          [
            28.1649656,
            -25.7379656
          ],
          [
            28.165103,
            -25.7379807
          ],
          [
            28.1652546,
            -25.737985
          ],
          [
            28.1654303,
            -25.7379807
          ],
          [
            28.1655396,
            -25.7379674
          ],
          [
            28.1656744,
            -25.7379433
          ]
        ]
      }
    },
    {
      "type": "Feature",
      "properties": {
        "id": "way/537824245",
        "name": "Unnamed",
        "network": "PRASA"
      },
      "geometry": {
        "type": "LineString",
        "coordinates": [
          [
            28.164281,
            -25.7377131
          ],
          [
            28.1645881,
            -25.7378617
          ]
        ]
      }
    },
    {
      "type": "Feature",
      "properties": {
        "id": "way/537824246",
        "name": "Unnamed",
        "network": "PRASA"
      },
      "geometry": {
        "type": "LineString",
        "coordinates": [
          [
            28.1637177,
            -25.7372704
          ],
          [
            28.1638022,
            -25.7373731
          ],
          [
            28.1638578,
            -25.7374274
          ],
          [
            28.1639101,
            -25.7374697
          ],
          [
            28.1639946,
            -25.7375289
          ],
          [
            28.1640965,
            -25.7375966
          ],
          [
            28.1641683,
            -25.7376431
          ],
          [
            28.164281,
            -25.7377131
          ]
        ]
      }
    },
    {
      "type": "Feature",
      "properties": {
        "id": "way/537824247",
        "name": "Unnamed",
        "network": "PRASA"
      },
      "geometry": {
        "type": "LineString",
        "coordinates": [
          [
            28.163485,
            -25.7368337
          ],
          [
            28.1635272,
            -25.7369376
          ],
          [
            28.1635802,
            -25.7370475
          ],
          [
            28.1636399,
            -25.7371526
          ],
          [
            28.1637177,
            -25.7372704
          ]
        ]
      }
    },
    {
      "type": "Feature",
      "properties": {
        "id": "way/537824248",
        "name": "Unnamed",
        "network": "PRASA"
      },
      "geometry": {
        "type": "LineString",
        "coordinates": [
          [
            28.1634126,
            -25.7364918
          ],
          [
            28.1634293,
            -25.7365993
          ],
          [
            28.1634596,
            -25.7367425
          ],
          [
            28.163485,
            -25.7368337
          ]
        ]
      }
    },
    {
      "type": "Feature",
      "properties": {
        "id": "way/537824249",
        "name": "Unnamed",
        "network": "PRASA"
      },
      "geometry": {
        "type": "LineString",
        "coordinates": [
          [
            28.1634039,
            -25.7362357
          ],
          [
            28.1634126,
            -25.7364918
          ]
        ]
      }
    },
    {
      "type": "Feature",
      "properties": {
        "id": "way/537841497",
        "name": "Unnamed",
        "network": "PRASA"
      },
      "geometry": {
        "type": "LineString",
        "coordinates": [
          [
            28.1685524,
            -25.705989
          ],
          [
            28.1684545,
            -25.7062935
          ],
          [
            28.1682171,
            -25.7070862
          ],
          [
            28.1679315,
            -25.7080487
          ],
          [
            28.1673333,
            -25.7100551
          ],
          [
            28.1670389,
            -25.7110236
          ],
          [
            28.1668733,
            -25.7115812
          ],
          [
            28.1667177,
            -25.7121093
          ],
          [
            28.1665586,
            -25.7126618
          ],
          [
            28.1658983,
            -25.7148268
          ],
          [
            28.1657522,
            -25.7152938
          ],
          [
            28.1656784,
            -25.7155658
          ],
          [
            28.1655379,
            -25.7160215
          ],
          [
            28.1654691,
            -25.7162764
          ],
          [
            28.1654282,
            -25.7164504
          ],
          [
            28.1653964,
            -25.7166231
          ],
          [
            28.1653686,
            -25.7167842
          ],
          [
            28.1653485,
            -25.7169654
          ],
          [
            28.1653277,
            -25.7172445
          ],
          [
            28.1652906,
            -25.7178287
          ],
          [
            28.1652856,
            -25.7178988
          ],
          [
            28.165262,
            -25.7182298
          ],
          [
            28.1652486,
            -25.7183918
          ],
          [
            28.1652291,
            -25.7187294
          ],
          [
            28.1652304,
            -25.7188575
          ],
          [
            28.1652351,
            -25.7189403
          ],
          [
            28.1652419,
            -25.7190496
          ],
          [
            28.1652573,
            -25.7191777
          ],
          [
            28.1652814,
            -25.7193354
          ],
          [
            28.1653303,
            -25.7195921
          ],
          [
            28.1653813,
            -25.7198374
          ],
          [
            28.165443,
            -25.7200785
          ],
          [
            28.1654791,
            -25.720214
          ],
          [
            28.165553,
            -25.7204446
          ],
          [
            28.1656187,
            -25.7206228
          ],
          [
            28.165665,
            -25.7207382
          ],
          [
            28.1657226,
            -25.7208874
          ],
          [
            28.1658273,
            -25.7211248
          ],
          [
            28.1658625,
            -25.7212071
          ],
          [
            28.1659211,
            -25.721344
          ],
          [
            28.1659667,
            -25.7214468
          ],
          [
            28.1660653,
            -25.7216709
          ],
          [
            28.1666567,
            -25.7230287
          ],
          [
            28.1670839,
            -25.7240154
          ],
          [
            28.16757,
            -25.7251155
          ],
          [
            28.1676803,
            -25.7253311
          ],
          [
            28.1677765,
            -25.7255184
          ],
          [
            28.1678647,
            -25.7256894
          ],
          [
            28.1679646,
            -25.7258745
          ],
          [
            28.1680391,
            -25.7260159
          ],
          [
            28.1681662,
            -25.7262614
          ],
          [
            28.1683144,
            -25.7265532
          ],
          [
            28.168393,
            -25.7267349
          ]
        ]
      }
    },
    {
      "type": "Feature",
      "properties": {
        "id": "way/537841498",
        "name": "Unnamed",
        "network": "PRASA"
      },
      "geometry": {
        "type": "LineString",
        "coordinates": [
          [
            28.1683409,
            -25.7267259
          ],
          [
            28.168207,
            -25.7264233
          ]
        ]
      }
    },
    {
      "type": "Feature",
      "properties": {
        "id": "way/537841499",
        "name": "Unnamed",
        "network": "PRASA"
      },
      "geometry": {
        "type": "LineString",
        "coordinates": [
          [
            28.1684537,
            -25.7269799
          ],
          [
            28.1683409,
            -25.7267259
          ]
        ]
      }
    },
    {
      "type": "Feature",
      "properties": {
        "id": "way/537841501",
        "name": "Unnamed",
        "network": "PRASA"
      },
      "geometry": {
        "type": "LineString",
        "coordinates": [
          [
            28.1680467,
            -25.7261495
          ],
          [
            28.1679231,
            -25.7259398
          ],
          [
            28.1678549,
            -25.7258141
          ],
          [
            28.1677812,
            -25.7256758
          ],
          [
            28.1677212,
            -25.7255544
          ],
          [
            28.167625,
            -25.7253508
          ],
          [
            28.167511,
            -25.7250934
          ],
          [
            28.1663922,
            -25.7225356
          ],
          [
            28.1663483,
            -25.7224453
          ],
          [
            28.1660848,
            -25.7219503
          ]
        ]
      }
    },
    {
      "type": "Feature",
      "properties": {
        "id": "way/537842498",
        "name": "Unnamed",
        "network": "PRASA"
      },
      "geometry": {
        "type": "LineString",
        "coordinates": [
          [
            28.166421,
            -25.7221786
          ],
          [
            28.1661954,
            -25.7216619
          ],
          [
            28.1659895,
            -25.7211894
          ],
          [
            28.1659346,
            -25.7210638
          ],
          [
            28.1658299,
            -25.7208197
          ],
          [
            28.1657514,
            -25.7206379
          ],
          [
            28.1656144,
            -25.72032
          ],
          [
            28.1655386,
            -25.7201203
          ],
          [
            28.1654779,
            -25.7199555
          ],
          [
            28.1654356,
            -25.719811
          ],
          [
            28.1654003,
            -25.7196662
          ],
          [
            28.1653693,
            -25.7195281
          ],
          [
            28.1653438,
            -25.7193786
          ],
          [
            28.1652942,
            -25.7190853
          ],
          [
            28.1652794,
            -25.7189626
          ],
          [
            28.1652734,
            -25.7188497
          ],
          [
            28.1652714,
            -25.7187415
          ],
          [
            28.1652747,
            -25.7186449
          ],
          [
            28.1652847,
            -25.7184853
          ],
          [
            28.1653056,
            -25.7182232
          ],
          [
            28.1653241,
            -25.7179035
          ],
          [
            28.1653286,
            -25.7178257
          ],
          [
            28.1653552,
            -25.7174759
          ],
          [
            28.1653753,
            -25.7171551
          ],
          [
            28.1653907,
            -25.716963
          ],
          [
            28.1653994,
            -25.7168573
          ],
          [
            28.1654115,
            -25.7167654
          ],
          [
            28.1654363,
            -25.7166259
          ],
          [
            28.1654772,
            -25.7164368
          ],
          [
            28.16549,
            -25.716377
          ],
          [
            28.165545,
            -25.7161901
          ],
          [
            28.1656265,
            -25.7158641
          ],
          [
            28.1657131,
            -25.7155715
          ],
          [
            28.1659299,
            -25.7148481
          ],
          [
            28.1662367,
            -25.7138269
          ],
          [
            28.1665865,
            -25.7126796
          ],
          [
            28.1669069,
            -25.711597
          ],
          [
            28.1670771,
            -25.7110255
          ],
          [
            28.1673722,
            -25.7100515
          ],
          [
            28.1679703,
            -25.7080578
          ],
          [
            28.1682627,
            -25.7070922
          ],
          [
            28.168427,
            -25.7065992
          ],
          [
            28.1685028,
            -25.706363
          ],
          [
            28.1686181,
            -25.7059878
          ]
        ]
      }
    },
    {
      "type": "Feature",
      "properties": {
        "id": "way/537842499",
        "name": "Unnamed",
        "network": "PRASA"
      },
      "geometry": {
        "type": "LineString",
        "coordinates": [
          [
            28.1680388,
            -25.7258861
          ],
          [
            28.1677578,
            -25.7252484
          ],
          [
            28.1677004,
            -25.7251227
          ],
          [
            28.167632,
            -25.7249582
          ],
          [
            28.1672036,
            -25.7239843
          ],
          [
            28.1670688,
            -25.7236765
          ],
          [
            28.1669065,
            -25.723295
          ],
          [
            28.1667422,
            -25.7229208
          ],
          [
            28.1666037,
            -25.7226006
          ],
          [
            28.1665259,
            -25.7224227
          ],
          [
            28.16645,
            -25.7222475
          ],
          [
            28.166421,
            -25.7221786
          ]
        ]
      }
    },
    {
      "type": "Feature",
      "properties": {
        "id": "way/537845085",
        "name": "Unnamed",
        "network": "PRASA"
      },
      "geometry": {
        "type": "LineString",
        "coordinates": [
          [
            28.1653237,
            -25.7184884
          ],
          [
            28.1653424,
            -25.7181948
          ],
          [
            28.1653693,
            -25.7178281
          ],
          [
            28.1653914,
            -25.7174916
          ],
          [
            28.1654276,
            -25.7169654
          ],
          [
            28.1654504,
            -25.7167878
          ],
          [
            28.1654765,
            -25.716638
          ],
          [
            28.1655234,
            -25.7164366
          ],
          [
            28.165593,
            -25.7161612
          ],
          [
            28.165692,
            -25.7158242
          ],
          [
            28.1658078,
            -25.7154904
          ],
          [
            28.1660144,
            -25.7149215
          ],
          [
            28.1661001,
            -25.7146679
          ],
          [
            28.1662002,
            -25.7143403
          ],
          [
            28.1664134,
            -25.7135878
          ],
          [
            28.1666548,
            -25.712731
          ],
          [
            28.1668177,
            -25.7121286
          ],
          [
            28.1669719,
            -25.7116042
          ],
          [
            28.1671415,
            -25.7110363
          ],
          [
            28.1674312,
            -25.7100721
          ],
          [
            28.1680293,
            -25.7080704
          ],
          [
            28.1683298,
            -25.7070965
          ],
          [
            28.1684189,
            -25.706818
          ],
          [
            28.1685554,
            -25.7064008
          ],
          [
            28.1686771,
            -25.7060029
          ]
        ]
      }
    },
    {
      "type": "Feature",
      "properties": {
        "id": "way/539023981",
        "name": "Unnamed",
        "network": "PRASA"
      },
      "geometry": {
        "type": "LineString",
        "coordinates": [
          [
            28.1282942,
            -25.7663691
          ],
          [
            28.1285076,
            -25.7664534
          ]
        ]
      }
    },
    {
      "type": "Feature",
      "properties": {
        "id": "way/539023982",
        "name": "Unnamed",
        "network": "PRASA"
      },
      "geometry": {
        "type": "LineString",
        "coordinates": [
          [
            28.1285076,
            -25.7664534
          ],
          [
            28.1287618,
            -25.766549
          ],
          [
            28.1289449,
            -25.7666081
          ],
          [
            28.1291118,
            -25.7666546
          ],
          [
            28.129364,
            -25.766706
          ],
          [
            28.1295215,
            -25.7667313
          ],
          [
            28.1296838,
            -25.7667476
          ],
          [
            28.1299172,
            -25.7667676
          ],
          [
            28.1299474,
            -25.7667688
          ],
          [
            28.1300373,
            -25.7667753
          ],
          [
            28.1303403,
            -25.7667935
          ],
          [
            28.1305193,
            -25.7667984
          ],
          [
            28.1308526,
            -25.7667984
          ],
          [
            28.1312884,
            -25.7667851
          ],
          [
            28.1316184,
            -25.7667857
          ],
          [
            28.1317974,
            -25.7667869
          ],
          [
            28.1319563,
            -25.7667947
          ],
          [
            28.132071,
            -25.7668044
          ],
          [
            28.1321843,
            -25.7668189
          ],
          [
            28.1323188,
            -25.7668398
          ],
          [
            28.1330641,
            -25.7669582
          ]
        ]
      }
    },
    {
      "type": "Feature",
      "properties": {
        "id": "way/539040922",
        "name": "Unnamed",
        "network": "PRASA"
      },
      "geometry": {
        "type": "LineString",
        "coordinates": [
          [
            28.128285,
            -25.7664028
          ],
          [
            28.1276312,
            -25.7661468
          ],
          [
            28.1273127,
            -25.7660236
          ],
          [
            28.1270894,
            -25.7659463
          ],
          [
            28.1269278,
            -25.7658949
          ],
          [
            28.1266254,
            -25.7658128
          ],
          [
            28.1263324,
            -25.765747
          ],
          [
            28.1255961,
            -25.7656009
          ],
          [
            28.1245835,
            -25.7654016
          ],
          [
            28.1238305,
            -25.7652512
          ],
          [
            28.1236394,
            -25.7652126
          ],
          [
            28.1234665,
            -25.7651836
          ],
          [
            28.1232338,
            -25.7651504
          ],
          [
            28.1230889,
            -25.7651365
          ],
          [
            28.1229126,
            -25.7651256
          ],
          [
            28.1227697,
            -25.7651202
          ],
          [
            28.1226309,
            -25.7651214
          ],
          [
            28.1224921,
            -25.7651268
          ],
          [
            28.1223594,
            -25.765134
          ],
          [
            28.1221743,
            -25.765154
          ],
          [
            28.1220321,
            -25.7651721
          ],
          [
            28.1218645,
            -25.7652023
          ],
          [
            28.1217056,
            -25.7652355
          ],
          [
            28.1215158,
            -25.7652832
          ],
          [
            28.1213891,
            -25.7653237
          ],
          [
            28.1212489,
            -25.7653684
          ],
          [
            28.1211182,
            -25.7654143
          ],
          [
            28.120976,
            -25.7654752
          ],
          [
            28.1208546,
            -25.7655308
          ],
          [
            28.1207339,
            -25.765587
          ],
          [
            28.1205837,
            -25.7656679
          ],
          [
            28.1204624,
            -25.7657349
          ],
          [
            28.1202123,
            -25.7658901
          ],
          [
            28.1193915,
            -25.766404
          ],
          [
            28.1185855,
            -25.7669076
          ],
          [
            28.1174844,
            -25.7675979
          ],
          [
            28.1166416,
            -25.7681257
          ],
          [
            28.1163029,
            -25.7683328
          ],
          [
            28.1158999,
            -25.7685907
          ],
          [
            28.115338,
            -25.7689343
          ],
          [
            28.1151536,
            -25.7690369
          ],
          [
            28.1149384,
            -25.7691438
          ],
          [
            28.1147607,
            -25.7692241
          ],
          [
            28.1145743,
            -25.7692972
          ],
          [
            28.1144013,
            -25.7693612
          ],
          [
            28.1142034,
            -25.7694258
          ],
          [
            28.1140606,
            -25.7694663
          ],
          [
            28.1138105,
            -25.7695285
          ],
          [
            28.1135651,
            -25.7695768
          ],
          [
            28.113319,
            -25.7696148
          ],
          [
            28.1131178,
            -25.7696353
          ],
          [
            28.1128248,
            -25.7696553
          ],
          [
            28.1125995,
            -25.7696607
          ],
          [
            28.1123842,
            -25.7696553
          ],
          [
            28.1121656,
            -25.769642
          ],
          [
            28.1119631,
            -25.7696227
          ],
          [
            28.1117774,
            -25.7695949
          ],
          [
            28.1114931,
            -25.7695454
          ],
          [
            28.1112959,
            -25.7694989
          ],
          [
            28.1110223,
            -25.7694258
          ],
          [
            28.1107977,
            -25.7693527
          ],
          [
            28.1105999,
            -25.7692773
          ],
          [
            28.1104396,
            -25.7692102
          ],
          [
            28.1102083,
            -25.7691021
          ],
          [
            28.1100339,
            -25.7690109
          ],
          [
            28.1098113,
            -25.7688847
          ],
          [
            28.1095786,
            -25.7687253
          ],
          [
            28.1093882,
            -25.7685925
          ],
          [
            28.1091649,
            -25.7684131
          ],
          [
            28.1090013,
            -25.7682621
          ],
          [
            28.1088129,
            -25.7680743
          ],
          [
            28.1086318,
            -25.7678775
          ],
          [
            28.108267,
            -25.7674409
          ],
          [
            28.1080692,
            -25.7671945
          ],
          [
            28.1071499,
            -25.7660713
          ],
          [
            28.1057102,
            -25.7643121
          ],
          [
            28.1047688,
            -25.763163
          ]
        ]
      }
    },
    {
      "type": "Feature",
      "properties": {
        "id": "way/539040923",
        "name": "Unnamed",
        "network": "PRASA"
      },
      "geometry": {
        "type": "LineString",
        "coordinates": [
          [
            28.1284828,
            -25.7664819
          ],
          [
            28.128285,
            -25.7664028
          ]
        ]
      }
    },
    {
      "type": "Feature",
      "properties": {
        "id": "way/539040924",
        "name": "Unnamed",
        "network": "PRASA"
      },
      "geometry": {
        "type": "LineString",
        "coordinates": [
          [
            28.1431502,
            -25.7636095
          ],
          [
            28.1431166,
            -25.7637273
          ],
          [
            28.1430915,
            -25.7638357
          ],
          [
            28.1430647,
            -25.763977
          ],
          [
            28.1430446,
            -25.7641111
          ],
          [
            28.1430311,
            -25.7643233
          ],
          [
            28.1430285,
            -25.7644689
          ],
          [
            28.1430285,
            -25.7648732
          ],
          [
            28.1430194,
            -25.7651531
          ],
          [
            28.143005,
            -25.76534
          ],
          [
            28.1429963,
            -25.7654136
          ],
          [
            28.1429678,
            -25.7655942
          ],
          [
            28.1429359,
            -25.765718
          ],
          [
            28.1428917,
            -25.7658678
          ],
          [
            28.1428286,
            -25.7660405
          ],
          [
            28.1427663,
            -25.7661794
          ],
          [
            28.1426758,
            -25.7663503
          ],
          [
            28.142541,
            -25.7665574
          ],
          [
            28.1424317,
            -25.7667029
          ],
          [
            28.1423338,
            -25.7668195
          ],
          [
            28.1421474,
            -25.7670085
          ],
          [
            28.1419683,
            -25.7671571
          ],
          [
            28.1417692,
            -25.767302
          ],
          [
            28.141562,
            -25.7674203
          ],
          [
            28.1414044,
            -25.7675001
          ],
          [
            28.1412394,
            -25.7675761
          ],
          [
            28.1411093,
            -25.7676245
          ],
          [
            28.1409933,
            -25.7676619
          ],
          [
            28.140876,
            -25.7676963
          ],
          [
            28.1407063,
            -25.7677392
          ],
          [
            28.1405246,
            -25.7677742
          ],
          [
            28.1402732,
            -25.7678105
          ],
          [
            28.1399821,
            -25.7678406
          ],
          [
            28.1397562,
            -25.7678672
          ],
          [
            28.1390856,
            -25.7679433
          ],
          [
            28.1388308,
            -25.7679705
          ],
          [
            28.138411,
            -25.7680182
          ],
          [
            28.1380552,
            -25.7680589
          ],
          [
            28.1380134,
            -25.7680617
          ],
          [
            28.1379309,
            -25.7680719
          ],
          [
            28.1375903,
            -25.7680997
          ],
          [
            28.1374528,
            -25.7681033
          ],
          [
            28.1373469,
            -25.7681063
          ],
          [
            28.1371061,
            -25.7680937
          ],
          [
            28.137017,
            -25.7680852
          ],
          [
            28.1368788,
            -25.7680683
          ],
          [
            28.1367273,
            -25.7680411
          ],
          [
            28.1365234,
            -25.7680013
          ],
          [
            28.1363109,
            -25.7679427
          ],
          [
            28.1360916,
            -25.767872
          ],
          [
            28.1359293,
            -25.7678141
          ],
          [
            28.1358036,
            -25.7677652
          ],
          [
            28.1351298,
            -25.7675095
          ],
          [
            28.1346647,
            -25.7673346
          ],
          [
            28.1344689,
            -25.7672724
          ],
          [
            28.1342462,
            -25.7672108
          ],
          [
            28.1339867,
            -25.7671571
          ],
          [
            28.1337876,
            -25.7671257
          ],
          [
            28.1334268,
            -25.767064
          ],
          [
            28.1330667,
            -25.7670085
          ],
          [
            28.1325712,
            -25.7669276
          ],
          [
            28.1324217,
            -25.7669083
          ],
          [
            28.1322882,
            -25.7668914
          ],
          [
            28.1321944,
            -25.7668835
          ],
          [
            28.1319597,
            -25.766869
          ],
          [
            28.1315057,
            -25.7668593
          ],
          [
            28.1311417,
            -25.7668507
          ],
          [
            28.1310484,
            -25.7668472
          ],
          [
            28.1308166,
            -25.766844
          ],
          [
            28.1307493,
            -25.7668412
          ],
          [
            28.1306648,
            -25.7668412
          ],
          [
            28.1302109,
            -25.7668261
          ],
          [
            28.1299105,
            -25.766805
          ],
          [
            28.1296603,
            -25.7667845
          ],
          [
            28.1294337,
            -25.7667519
          ],
          [
            28.1292862,
            -25.7667253
          ],
          [
            28.1291038,
            -25.7666854
          ],
          [
            28.1288657,
            -25.7666226
          ],
          [
            28.1286579,
            -25.766549
          ],
          [
            28.1284828,
            -25.7664819
          ]
        ]
      }
    },
    {
      "type": "Feature",
      "properties": {
        "id": "way/539040925",
        "name": "Unnamed",
        "network": "PRASA"
      },
      "geometry": {
        "type": "LineString",
        "coordinates": [
          [
            28.1432498,
            -25.7633472
          ],
          [
            28.1432015,
            -25.7634691
          ],
          [
            28.1431502,
            -25.7636095
          ]
        ]
      }
    },
    {
      "type": "Feature",
      "properties": {
        "id": "way/539106152",
        "name": "Unnamed",
        "network": "PRASA"
      },
      "geometry": {
        "type": "LineString",
        "coordinates": [
          [
            28.0640314,
            -25.7647119
          ],
          [
            28.0644035,
            -25.7648635
          ],
          [
            28.0646558,
            -25.7649548
          ]
        ]
      }
    },
    {
      "type": "Feature",
      "properties": {
        "id": "way/539106154",
        "name": "Unnamed",
        "network": "PRASA"
      },
      "geometry": {
        "type": "LineString",
        "coordinates": [
          [
            28.0596771,
            -25.7633832
          ],
          [
            28.0599149,
            -25.7634468
          ],
          [
            28.0604151,
            -25.763608
          ],
          [
            28.0627667,
            -25.7643571
          ],
          [
            28.0630135,
            -25.7644335
          ],
          [
            28.0637677,
            -25.7646751
          ],
          [
            28.0641177,
            -25.7647843
          ],
          [
            28.0643264,
            -25.7648544
          ],
          [
            28.0646558,
            -25.7649548
          ],
          [
            28.0646926,
            -25.7649674
          ],
          [
            28.0647848,
            -25.7649986
          ],
          [
            28.0653973,
            -25.7651938
          ],
          [
            28.0659056,
            -25.7653533
          ]
        ]
      }
    },
    {
      "type": "Feature",
      "properties": {
        "id": "way/539106157",
        "name": "Unnamed",
        "network": "PRASA"
      },
      "geometry": {
        "type": "LineString",
        "coordinates": [
          [
            28.0851102,
            -25.7603796
          ],
          [
            28.0845436,
            -25.7604544
          ],
          [
            28.0838884,
            -25.7605396
          ],
          [
            28.0835699,
            -25.7605788
          ],
          [
            28.0830831,
            -25.7606422
          ],
          [
            28.0825654,
            -25.7607111
          ],
          [
            28.0819244,
            -25.7607938
          ],
          [
            28.0815502,
            -25.7608415
          ],
          [
            28.0812572,
            -25.7608808
          ],
          [
            28.0809722,
            -25.760917
          ],
          [
            28.0807871,
            -25.7609478
          ],
          [
            28.0806161,
            -25.7609756
          ],
          [
            28.0804317,
            -25.7610149
          ],
          [
            28.0802514,
            -25.7610535
          ],
          [
            28.0801099,
            -25.7610855
          ],
          [
            28.0799288,
            -25.7611338
          ],
          [
            28.0796975,
            -25.761196
          ],
          [
            28.0795419,
            -25.761248
          ],
          [
            28.079269,
            -25.7613386
          ],
          [
            28.0789404,
            -25.7614575
          ],
          [
            28.0786494,
            -25.7615705
          ],
          [
            28.0780573,
            -25.7617963
          ],
          [
            28.0772889,
            -25.7620898
          ],
          [
            28.0765097,
            -25.7623846
          ],
          [
            28.0760597,
            -25.7625566
          ],
          [
            28.074958,
            -25.7629764
          ],
          [
            28.0737228,
            -25.7634489
          ],
          [
            28.0729759,
            -25.7637354
          ],
          [
            28.0719633,
            -25.7641201
          ],
          [
            28.0709635,
            -25.7645
          ],
          [
            28.0704747,
            -25.7646866
          ],
          [
            28.0699329,
            -25.7648956
          ],
          [
            28.0694421,
            -25.7650809
          ],
          [
            28.0689445,
            -25.7652699
          ],
          [
            28.0686045,
            -25.7653889
          ],
          [
            28.0683953,
            -25.7654475
          ],
          [
            28.0682451,
            -25.7654831
          ],
          [
            28.0680701,
            -25.7655217
          ],
          [
            28.0678562,
            -25.7655562
          ],
          [
            28.0676805,
            -25.7655755
          ],
          [
            28.0675015,
            -25.7655882
          ],
          [
            28.0673271,
            -25.7655966
          ],
          [
            28.0671434,
            -25.7655942
          ],
          [
            28.0669791,
            -25.765587
          ],
          [
            28.0667934,
            -25.7655695
          ],
          [
            28.0665889,
            -25.7655447
          ],
          [
            28.0662831,
            -25.7654885
          ],
          [
            28.0660759,
            -25.7654396
          ],
          [
            28.0659116,
            -25.7653943
          ],
          [
            28.0656796,
            -25.7653225
          ],
          [
            28.0653758,
            -25.7652246
          ],
          [
            28.0645303,
            -25.7649571
          ],
          [
            28.0641527,
            -25.7648351
          ],
          [
            28.0636103,
            -25.7646624
          ],
          [
            28.0632529,
            -25.7645489
          ],
          [
            28.061543,
            -25.7640048
          ],
          [
            28.0605787,
            -25.763695
          ],
          [
            28.0597995,
            -25.7634516
          ],
          [
            28.0593501,
            -25.7633065
          ],
          [
            28.0589712,
            -25.7631889
          ]
        ]
      }
    },
    {
      "type": "Feature",
      "properties": {
        "id": "way/539106160",
        "name": "Unnamed",
        "network": "PRASA"
      },
      "geometry": {
        "type": "LineString",
        "coordinates": [
          [
            28.0853332,
            -25.7603178
          ],
          [
            28.0861281,
            -25.7602171
          ],
          [
            28.0863903,
            -25.7601947
          ],
          [
            28.0866518,
            -25.760173
          ],
          [
            28.0868228,
            -25.7601694
          ],
          [
            28.0870548,
            -25.7601645
          ],
          [
            28.087319,
            -25.7601676
          ],
          [
            28.0875282,
            -25.760176
          ],
          [
            28.0877696,
            -25.7601929
          ],
          [
            28.0882779,
            -25.760231
          ],
          [
            28.088636,
            -25.7602582
          ],
          [
            28.08944,
            -25.7603192
          ],
          [
            28.0907066,
            -25.7604176
          ],
          [
            28.0918305,
            -25.7605003
          ],
          [
            28.0928745,
            -25.7605782
          ],
          [
            28.0932681,
            -25.7606036
          ],
          [
            28.0935793,
            -25.7606181
          ],
          [
            28.0938951,
            -25.7606211
          ],
          [
            28.0942465,
            -25.7606145
          ],
          [
            28.0946374,
            -25.7606
          ],
          [
            28.0948902,
            -25.7605819
          ],
          [
            28.0951859,
            -25.7605541
          ],
          [
            28.0955527,
            -25.7605118
          ],
          [
            28.0960248,
            -25.7604581
          ],
          [
            28.0974487,
            -25.760288
          ],
          [
            28.0985011,
            -25.7601639
          ],
          [
            28.0993266,
            -25.7600643
          ],
          [
            28.0995995,
            -25.7600359
          ],
          [
            28.0997799,
            -25.7600196
          ],
          [
            28.099975,
            -25.7600087
          ],
          [
            28.1001808,
            -25.7600063
          ],
          [
            28.1003626,
            -25.7600124
          ],
          [
            28.1005014,
            -25.7600196
          ],
          [
            28.1006777,
            -25.7600371
          ],
          [
            28.1007843,
            -25.7600516
          ],
          [
            28.1009466,
            -25.7600782
          ],
          [
            28.1010807,
            -25.7601042
          ],
          [
            28.101294,
            -25.7601579
          ],
          [
            28.1015568,
            -25.7602376
          ],
          [
            28.1017962,
            -25.7603258
          ],
          [
            28.1020416,
            -25.7604327
          ],
          [
            28.1022455,
            -25.7605396
          ],
          [
            28.1024996,
            -25.7606906
          ],
          [
            28.102731,
            -25.7608482
          ],
          [
            28.1029288,
            -25.761001
          ],
          [
            28.1031031,
            -25.7611525
          ],
          [
            28.1033257,
            -25.7613657
          ],
          [
            28.1034619,
            -25.7615131
          ],
          [
            28.1036523,
            -25.7617353
          ],
          [
            28.103954,
            -25.7621013
          ],
          [
            28.1045468,
            -25.7628283
          ],
          [
            28.1046675,
            -25.7629782
          ]
        ]
      }
    },
    {
      "type": "Feature",
      "properties": {
        "id": "way/539106162",
        "name": "Unnamed",
        "network": "PRASA"
      },
      "geometry": {
        "type": "LineString",
        "coordinates": [
          [
            28.1046675,
            -25.7629782
          ],
          [
            28.1047949,
            -25.7631382
          ]
        ]
      }
    },
    {
      "type": "Feature",
      "properties": {
        "id": "way/539110843",
        "name": "Unnamed",
        "network": "PRASA"
      },
      "geometry": {
        "type": "LineString",
        "coordinates": [
          [
            28.0636103,
            -25.7646624
          ],
          [
            28.0641177,
            -25.7647843
          ]
        ]
      }
    },
    {
      "type": "Feature",
      "properties": {
        "id": "way/539111040",
        "name": "Unnamed",
        "network": "PRASA"
      },
      "geometry": {
        "type": "LineString",
        "coordinates": [
          [
            28.0653758,
            -25.7652246
          ],
          [
            28.0647848,
            -25.7649986
          ]
        ]
      }
    },
    {
      "type": "Feature",
      "properties": {
        "id": "way/539131809",
        "name": "Unnamed",
        "network": "PRASA"
      },
      "geometry": {
        "type": "LineString",
        "coordinates": [
          [
            28.1047688,
            -25.763163
          ],
          [
            28.1046394,
            -25.7629999
          ]
        ]
      }
    },
    {
      "type": "Feature",
      "properties": {
        "id": "way/539131810",
        "name": "Unnamed",
        "network": "PRASA"
      },
      "geometry": {
        "type": "LineString",
        "coordinates": [
          [
            28.0853429,
            -25.7603506
          ],
          [
            28.0851102,
            -25.7603796
          ]
        ]
      }
    },
    {
      "type": "Feature",
      "properties": {
        "id": "way/539131811",
        "name": "Unnamed",
        "network": "PRASA"
      },
      "geometry": {
        "type": "LineString",
        "coordinates": [
          [
            28.1046394,
            -25.7629999
          ],
          [
            28.104518,
            -25.7628543
          ],
          [
            28.1039192,
            -25.7621182
          ],
          [
            28.1036201,
            -25.7617546
          ],
          [
            28.1034236,
            -25.7615282
          ],
          [
            28.1032714,
            -25.7613633
          ],
          [
            28.1030595,
            -25.7611616
          ],
          [
            28.1028993,
            -25.7610239
          ],
          [
            28.1026954,
            -25.7608669
          ],
          [
            28.1024735,
            -25.7607159
          ],
          [
            28.1022026,
            -25.7605577
          ],
          [
            28.1020255,
            -25.7604695
          ],
          [
            28.1019008,
            -25.7604097
          ],
          [
            28.101768,
            -25.7603548
          ],
          [
            28.101526,
            -25.7602612
          ],
          [
            28.1012779,
            -25.7601887
          ],
          [
            28.1010707,
            -25.7601398
          ],
          [
            28.1009278,
            -25.7601114
          ],
          [
            28.1007099,
            -25.760077
          ],
          [
            28.1005403,
            -25.7600595
          ],
          [
            28.1003813,
            -25.7600474
          ],
          [
            28.1001741,
            -25.7600426
          ],
          [
            28.1000152,
            -25.7600426
          ],
          [
            28.099796,
            -25.7600528
          ],
          [
            28.0996042,
            -25.7600679
          ],
          [
            28.0994479,
            -25.7600848
          ],
          [
            28.0985112,
            -25.7601984
          ],
          [
            28.0974517,
            -25.7603227
          ],
          [
            28.0960449,
            -25.7604919
          ],
          [
            28.0951886,
            -25.7605891
          ],
          [
            28.0949003,
            -25.7606162
          ],
          [
            28.0947038,
            -25.7606308
          ],
          [
            28.0944577,
            -25.7606441
          ],
          [
            28.0942411,
            -25.7606543
          ],
          [
            28.0938998,
            -25.7606585
          ],
          [
            28.0933915,
            -25.7606459
          ],
          [
            28.0929288,
            -25.7606169
          ],
          [
            28.0918231,
            -25.7605347
          ],
          [
            28.0906738,
            -25.760446
          ],
          [
            28.0898242,
            -25.7603826
          ],
          [
            28.0892884,
            -25.7603439
          ],
          [
            28.0886795,
            -25.7602992
          ],
          [
            28.0882638,
            -25.760266
          ],
          [
            28.0877019,
            -25.7602249
          ],
          [
            28.0875262,
            -25.7602147
          ],
          [
            28.0873746,
            -25.7602086
          ],
          [
            28.0871446,
            -25.7602032
          ],
          [
            28.0868872,
            -25.760205
          ],
          [
            28.0866773,
            -25.7602129
          ],
          [
            28.0864748,
            -25.7602219
          ],
          [
            28.0862521,
            -25.7602412
          ],
          [
            28.0860946,
            -25.7602576
          ],
          [
            28.0853429,
            -25.7603506
          ]
        ]
      }
    },
    {
      "type": "Feature",
      "properties": {
        "id": "way/539198801",
        "name": "Unnamed",
        "network": "PRASA"
      },
      "geometry": {
        "type": "LineString",
        "coordinates": [
          [
            28.0629487,
            -25.7641943
          ],
          [
            28.0628113,
            -25.7641416
          ],
          [
            28.0624626,
            -25.764028
          ],
          [
            28.0620321,
            -25.7638918
          ],
          [
            28.0613451,
            -25.7636714
          ],
          [
            28.0610015,
            -25.7635703
          ],
          [
            28.0607541,
            -25.7635081
          ],
          [
            28.0606159,
            -25.763473
          ],
          [
            28.0604828,
            -25.7634447
          ],
          [
            28.0602823,
            -25.7634051
          ],
          [
            28.0600876,
            -25.7633734
          ]
        ]
      }
    },
    {
      "type": "Feature",
      "properties": {
        "id": "way/539198802",
        "name": "Unnamed",
        "network": "PRASA"
      },
      "geometry": {
        "type": "LineString",
        "coordinates": [
          [
            28.0632489,
            -25.7643348
          ],
          [
            28.0630436,
            -25.7642532
          ],
          [
            28.0620164,
            -25.7639248
          ],
          [
            28.061327,
            -25.7637071
          ],
          [
            28.0611316,
            -25.7636473
          ],
          [
            28.0610022,
            -25.7636128
          ],
          [
            28.060802,
            -25.7635612
          ],
          [
            28.0606186,
            -25.7635192
          ],
          [
            28.0604915,
            -25.7634915
          ],
          [
            28.0602592,
            -25.7634555
          ],
          [
            28.0600996,
            -25.7634247
          ]
        ]
      }
    },
    {
      "type": "Feature",
      "properties": {
        "id": "way/542185474",
        "name": "Unnamed",
        "network": "PRASA"
      },
      "geometry": {
        "type": "LineString",
        "coordinates": [
          [
            28.1909913,
            -25.7612722
          ],
          [
            28.1912581,
            -25.7615516
          ],
          [
            28.191563,
            -25.7618982
          ]
        ]
      }
    },
    {
      "type": "Feature",
      "properties": {
        "id": "way/542185480",
        "name": "Unnamed",
        "network": "PRASA"
      },
      "geometry": {
        "type": "LineString",
        "coordinates": [
          [
            28.1920412,
            -25.7624022
          ],
          [
            28.1921632,
            -25.762533
          ],
          [
            28.1922953,
            -25.7626828
          ],
          [
            28.1924328,
            -25.7628441
          ],
          [
            28.1925474,
            -25.7629842
          ],
          [
            28.1926685,
            -25.763145
          ],
          [
            28.1927372,
            -25.7632433
          ],
          [
            28.1928027,
            -25.763349
          ],
          [
            28.1928874,
            -25.7634932
          ],
          [
            28.1929762,
            -25.7636584
          ],
          [
            28.1930327,
            -25.7637866
          ],
          [
            28.1930718,
            -25.7638882
          ],
          [
            28.1931123,
            -25.7640055
          ],
          [
            28.1932347,
            -25.7644855
          ],
          [
            28.1933068,
            -25.7647671
          ]
        ]
      }
    },
    {
      "type": "Feature",
      "properties": {
        "id": "way/542185481",
        "name": "Unnamed",
        "network": "PRASA"
      },
      "geometry": {
        "type": "LineString",
        "coordinates": [
          [
            28.1932667,
            -25.7647743
          ],
          [
            28.1931647,
            -25.7643661
          ],
          [
            28.19307,
            -25.764019
          ],
          [
            28.1930302,
            -25.7638985
          ],
          [
            28.1929906,
            -25.7637917
          ],
          [
            28.1929424,
            -25.7636895
          ],
          [
            28.1929009,
            -25.7636087
          ],
          [
            28.1927873,
            -25.7634071
          ],
          [
            28.1926996,
            -25.7632729
          ],
          [
            28.1926001,
            -25.763138
          ],
          [
            28.1923871,
            -25.7628735
          ],
          [
            28.1922139,
            -25.7626678
          ]
        ]
      }
    },
    {
      "type": "Feature",
      "properties": {
        "id": "way/542185482",
        "name": "Unnamed",
        "network": "PRASA"
      },
      "geometry": {
        "type": "LineString",
        "coordinates": [
          [
            28.1905717,
            -25.7608315
          ],
          [
            28.1909913,
            -25.7612722
          ]
        ]
      }
    },
    {
      "type": "Feature",
      "properties": {
        "id": "way/542185483",
        "name": "Unnamed",
        "network": "PRASA"
      },
      "geometry": {
        "type": "LineString",
        "coordinates": [
          [
            28.1892416,
            -25.7584597
          ],
          [
            28.1906846,
            -25.7602835
          ],
          [
            28.1908419,
            -25.7605169
          ]
        ]
      }
    },
    {
      "type": "Feature",
      "properties": {
        "id": "way/542185485",
        "name": "Unnamed",
        "network": "PRASA"
      },
      "geometry": {
        "type": "LineString",
        "coordinates": [
          [
            28.1819211,
            -25.7556333
          ],
          [
            28.1820298,
            -25.7556543
          ],
          [
            28.1821411,
            -25.7556819
          ],
          [
            28.1823146,
            -25.7557303
          ],
          [
            28.1824891,
            -25.7557897
          ],
          [
            28.1826662,
            -25.7558513
          ],
          [
            28.1827305,
            -25.7558761
          ]
        ]
      }
    },
    {
      "type": "Feature",
      "properties": {
        "id": "way/542185486",
        "name": "Unnamed",
        "network": "PRASA"
      },
      "geometry": {
        "type": "LineString",
        "coordinates": [
          [
            28.188215,
            -25.7585412
          ],
          [
            28.1880755,
            -25.7584023
          ],
          [
            28.1879729,
            -25.7583087
          ],
          [
            28.1878415,
            -25.7582
          ],
          [
            28.1876655,
            -25.7580772
          ]
        ]
      }
    },
    {
      "type": "Feature",
      "properties": {
        "id": "way/542187109",
        "name": "Unnamed",
        "network": "PRASA"
      },
      "geometry": {
        "type": "LineString",
        "coordinates": [
          [
            28.3164266,
            -25.7173104
          ],
          [
            28.315919,
            -25.7173412
          ],
          [
            28.315235,
            -25.7173816
          ],
          [
            28.3143586,
            -25.7174318
          ],
          [
            28.3139536,
            -25.717456
          ],
          [
            28.3138698,
            -25.7174608
          ],
          [
            28.3131221,
            -25.7175036
          ],
          [
            28.312241,
            -25.7175579
          ],
          [
            28.3119754,
            -25.7175762
          ],
          [
            28.3116509,
            -25.717613
          ],
          [
            28.3114383,
            -25.717642
          ],
          [
            28.3109884,
            -25.7177326
          ],
          [
            28.3107443,
            -25.7177949
          ],
          [
            28.310517,
            -25.7178637
          ],
          [
            28.3102803,
            -25.7179447
          ],
          [
            28.3100577,
            -25.7180287
          ],
          [
            28.3098672,
            -25.7181078
          ],
          [
            28.3097257,
            -25.7181652
          ],
          [
            28.3095815,
            -25.7182365
          ],
          [
            28.3093013,
            -25.7183772
          ],
          [
            28.3091236,
            -25.7184763
          ],
          [
            28.3089674,
            -25.7185724
          ],
          [
            28.3088292,
            -25.7186539
          ],
          [
            28.3086468,
            -25.718779
          ],
          [
            28.3083491,
            -25.7189947
          ],
          [
            28.3082478,
            -25.7190792
          ],
          [
            28.3080567,
            -25.7192442
          ],
          [
            28.3078285,
            -25.7194459
          ],
          [
            28.306033,
            -25.7210811
          ],
          [
            28.305923,
            -25.721184
          ],
          [
            28.3052035,
            -25.7218147
          ],
          [
            28.3044733,
            -25.722449
          ],
          [
            28.3031335,
            -25.7236723
          ],
          [
            28.3015249,
            -25.725139
          ],
          [
            28.3010059,
            -25.7256163
          ],
          [
            28.30079,
            -25.7258101
          ]
        ]
      }
    },
    {
      "type": "Feature",
      "properties": {
        "id": "way/542462341",
        "name": "Unnamed",
        "network": "PRASA"
      },
      "geometry": {
        "type": "LineString",
        "coordinates": [
          [
            28.1928635,
            -26.2009645
          ],
          [
            28.1923917,
            -26.2014848
          ]
        ]
      }
    },
    {
      "type": "Feature",
      "properties": {
        "id": "way/542462345",
        "name": "Unnamed",
        "network": "PRASA"
      },
      "geometry": {
        "type": "LineString",
        "coordinates": [
          [
            28.1923917,
            -26.2014848
          ],
          [
            28.1921391,
            -26.2017626
          ]
        ]
      }
    },
    {
      "type": "Feature",
      "properties": {
        "id": "way/542462353",
        "name": "Unnamed",
        "network": "PRASA"
      },
      "geometry": {
        "type": "LineString",
        "coordinates": [
          [
            28.1985823,
            -26.1850333
          ],
          [
            28.1986316,
            -26.184864
          ]
        ]
      }
    },
    {
      "type": "Feature",
      "properties": {
        "id": "way/542466112",
        "name": "Unnamed",
        "network": "PRASA"
      },
      "geometry": {
        "type": "LineString",
        "coordinates": [
          [
            28.1733837,
            -26.2111573
          ],
          [
            28.1734797,
            -26.2111686
          ],
          [
            28.1737604,
            -26.2112032
          ],
          [
            28.17395,
            -26.2112239
          ],
          [
            28.1743173,
            -26.2112682
          ],
          [
            28.1745238,
            -26.2112958
          ]
        ]
      }
    },
    {
      "type": "Feature",
      "properties": {
        "id": "way/542466118",
        "name": "Unnamed",
        "network": "PRASA"
      },
      "geometry": {
        "type": "LineString",
        "coordinates": [
          [
            28.1921391,
            -26.2017626
          ],
          [
            28.191369,
            -26.2026333
          ],
          [
            28.1903605,
            -26.2037577
          ],
          [
            28.1886019,
            -26.2057181
          ],
          [
            28.1881722,
            -26.206203
          ],
          [
            28.1869545,
            -26.2075619
          ],
          [
            28.1860583,
            -26.2085579
          ]
        ]
      }
    },
    {
      "type": "Feature",
      "properties": {
        "id": "way/567948519",
        "name": "Unnamed",
        "network": "PRASA"
      },
      "geometry": {
        "type": "LineString",
        "coordinates": [
          [
            28.1686771,
            -25.7060029
          ],
          [
            28.1687562,
            -25.7057515
          ]
        ]
      }
    },
    {
      "type": "Feature",
      "properties": {
        "id": "way/567949996",
        "name": "Unnamed",
        "network": "PRASA"
      },
      "geometry": {
        "type": "LineString",
        "coordinates": [
          [
            28.1686248,
            -25.7057364
          ],
          [
            28.1685524,
            -25.705989
          ]
        ]
      }
    },
    {
      "type": "Feature",
      "properties": {
        "id": "way/567949997",
        "name": "Unnamed",
        "network": "PRASA"
      },
      "geometry": {
        "type": "LineString",
        "coordinates": [
          [
            28.1823349,
            -25.6783176
          ],
          [
            28.1823537,
            -25.6786306
          ],
          [
            28.1823631,
            -25.6788748
          ],
          [
            28.1823899,
            -25.6793207
          ],
          [
            28.1824274,
            -25.6800073
          ],
          [
            28.1824449,
            -25.6803505
          ],
          [
            28.182465,
            -25.6807312
          ],
          [
            28.1825039,
            -25.6813501
          ],
          [
            28.1825361,
            -25.6816643
          ],
          [
            28.1826004,
            -25.6821308
          ],
          [
            28.1826809,
            -25.6825683
          ],
          [
            28.1827641,
            -25.6829406
          ],
          [
            28.1828331,
            -25.6831944
          ],
          [
            28.1829163,
            -25.683473
          ],
          [
            28.1830048,
            -25.6837286
          ],
          [
            28.1830919,
            -25.683977
          ],
          [
            28.183269,
            -25.6843927
          ],
          [
            28.1833783,
            -25.6846206
          ],
          [
            28.1834373,
            -25.6847529
          ],
          [
            28.1835171,
            -25.684907
          ],
          [
            28.183623,
            -25.6851071
          ],
          [
            28.1837531,
            -25.6853367
          ],
          [
            28.1839281,
            -25.685614
          ],
          [
            28.1841011,
            -25.6858811
          ],
          [
            28.1843063,
            -25.6861718
          ],
          [
            28.1845256,
            -25.6864461
          ],
          [
            28.1847851,
            -25.6867622
          ],
          [
            28.1849849,
            -25.6869858
          ],
          [
            28.1852545,
            -25.6872516
          ],
          [
            28.1856374,
            -25.6875961
          ],
          [
            28.1860833,
            -25.6879901
          ],
          [
            28.1863073,
            -25.6882028
          ],
          [
            28.1865165,
            -25.6884397
          ],
          [
            28.1866626,
            -25.6886342
          ],
          [
            28.1868035,
            -25.688853
          ],
          [
            28.1869014,
            -25.6890439
          ],
          [
            28.1869966,
            -25.6892675
          ],
          [
            28.1870449,
            -25.6894065
          ],
          [
            28.1870837,
            -25.6895769
          ],
          [
            28.1871314,
            -25.6897745
          ],
          [
            28.1871589,
            -25.6899673
          ],
          [
            28.1871763,
            -25.6901969
          ],
          [
            28.187179,
            -25.6904011
          ],
          [
            28.1871676,
            -25.6905739
          ],
          [
            28.1871434,
            -25.6907673
          ],
          [
            28.1871267,
            -25.6908682
          ],
          [
            28.1870844,
            -25.691038
          ],
          [
            28.1870516,
            -25.6911595
          ],
          [
            28.1869744,
            -25.6913739
          ],
          [
            28.1869094,
            -25.6915154
          ],
          [
            28.186837,
            -25.6916652
          ],
          [
            28.1867438,
            -25.6918314
          ],
          [
            28.1866486,
            -25.6919722
          ],
          [
            28.186554,
            -25.6921003
          ],
          [
            28.1864792,
            -25.6922097
          ],
          [
            28.1862952,
            -25.6924085
          ],
          [
            28.1856944,
            -25.6930345
          ],
          [
            28.1852531,
            -25.6934563
          ],
          [
            28.1848696,
            -25.6937886
          ],
          [
            28.1846134,
            -25.693994
          ],
          [
            28.1843251,
            -25.6941886
          ],
          [
            28.1840046,
            -25.6943904
          ],
          [
            28.1837954,
            -25.6945137
          ],
          [
            28.1835566,
            -25.6946539
          ],
          [
            28.1832308,
            -25.6948497
          ],
          [
            28.1831265,
            -25.6949204
          ],
          [
            28.1824053,
            -25.6953596
          ],
          [
            28.1817113,
            -25.6957826
          ],
          [
            28.1810904,
            -25.6961566
          ],
          [
            28.1804191,
            -25.696567
          ],
          [
            28.1800258,
            -25.6968056
          ],
          [
            28.1796688,
            -25.6970216
          ],
          [
            28.179597,
            -25.6970652
          ],
          [
            28.1790576,
            -25.6973959
          ],
          [
            28.1789828,
            -25.6974401
          ],
          [
            28.1784821,
            -25.6977425
          ],
          [
            28.1783806,
            -25.6978043
          ],
          [
            28.1770725,
            -25.6985959
          ],
          [
            28.1765601,
            -25.6989198
          ],
          [
            28.1759378,
            -25.6992956
          ],
          [
            28.1755489,
            -25.699518
          ],
          [
            28.1754228,
            -25.6995808
          ],
          [
            28.1752183,
            -25.6996853
          ],
          [
            28.1750165,
            -25.6997832
          ],
          [
            28.1748133,
            -25.699869
          ],
          [
            28.1746544,
            -25.6999379
          ],
          [
            28.1743788,
            -25.700043
          ],
          [
            28.1742205,
            -25.7000998
          ],
          [
            28.1739805,
            -25.7001754
          ],
          [
            28.1737746,
            -25.7002352
          ],
          [
            28.1735051,
            -25.7003004
          ],
          [
            28.1733187,
            -25.7003427
          ],
          [
            28.1729448,
            -25.7004181
          ],
          [
            28.1727056,
            -25.7004767
          ],
          [
            28.172563,
            -25.700519
          ],
          [
            28.1723941,
            -25.7005706
          ],
          [
            28.172237,
            -25.7006287
          ],
          [
            28.1720889,
            -25.7006862
          ],
          [
            28.1719162,
            -25.7007643
          ],
          [
            28.1717801,
            -25.7008327
          ],
          [
            28.1716374,
            -25.7009111
          ],
          [
            28.1715046,
            -25.7009933
          ],
          [
            28.1713892,
            -25.7010723
          ],
          [
            28.1712657,
            -25.7011614
          ],
          [
            28.1711666,
            -25.7012359
          ],
          [
            28.1709757,
            -25.7013995
          ],
          [
            28.1708649,
            -25.7015063
          ],
          [
            28.1707156,
            -25.7016702
          ],
          [
            28.1704822,
            -25.7019457
          ],
          [
            28.170045,
            -25.7024822
          ],
          [
            28.1697285,
            -25.7028689
          ],
          [
            28.1695729,
            -25.7030864
          ],
          [
            28.1694549,
            -25.7032895
          ],
          [
            28.169353,
            -25.7034731
          ],
          [
            28.1692886,
            -25.7036278
          ],
          [
            28.1692055,
            -25.7038502
          ],
          [
            28.1691297,
            -25.7040785
          ],
          [
            28.1690613,
            -25.7042996
          ],
          [
            28.1689178,
            -25.704771
          ],
          [
            28.1687757,
            -25.7052549
          ],
          [
            28.1686248,
            -25.7057364
          ]
        ]
      }
    },
    {
      "type": "Feature",
      "properties": {
        "id": "way/567951638",
        "name": "Unnamed",
        "network": "PRASA"
      },
      "geometry": {
        "type": "LineString",
        "coordinates": [
          [
            28.1686931,
            -25.7057491
          ],
          [
            28.1688401,
            -25.7052519
          ],
          [
            28.1689265,
            -25.7049667
          ],
          [
            28.1689775,
            -25.704786
          ],
          [
            28.1691438,
            -25.7042465
          ],
          [
            28.1692484,
            -25.7039323
          ],
          [
            28.1693745,
            -25.7036302
          ],
          [
            28.1694818,
            -25.7034103
          ],
          [
            28.1696025,
            -25.7032
          ],
          [
            28.1697158,
            -25.7030176
          ],
          [
            28.1697882,
            -25.7029136
          ],
          [
            28.1699015,
            -25.7027608
          ],
          [
            28.1699672,
            -25.7026822
          ],
          [
            28.1701174,
            -25.7025016
          ],
          [
            28.1702334,
            -25.7023807
          ],
          [
            28.1703669,
            -25.702249
          ],
          [
            28.1704856,
            -25.7021384
          ],
          [
            28.1705989,
            -25.7020424
          ],
          [
            28.1707471,
            -25.7019203
          ],
          [
            28.1708664,
            -25.7018309
          ],
          [
            28.1709992,
            -25.7017403
          ],
          [
            28.1711065,
            -25.7016696
          ],
          [
            28.1712587,
            -25.7015753
          ],
          [
            28.1714257,
            -25.7014811
          ],
          [
            28.1715953,
            -25.701391
          ],
          [
            28.1717214,
            -25.7013288
          ],
          [
            28.1719199,
            -25.7012382
          ],
          [
            28.1722109,
            -25.7011059
          ],
          [
            28.1724349,
            -25.7010037
          ],
          [
            28.1727587,
            -25.7008557
          ],
          [
            28.1731517,
            -25.7006744
          ],
          [
            28.1736466,
            -25.7004642
          ],
          [
            28.1738779,
            -25.7003687
          ],
          [
            28.1742004,
            -25.7002436
          ],
          [
            28.1744961,
            -25.7001246
          ],
          [
            28.1747617,
            -25.7000201
          ],
          [
            28.1749622,
            -25.6999349
          ],
          [
            28.1750682,
            -25.6998823
          ],
          [
            28.1754296,
            -25.699701
          ],
          [
            28.1755831,
            -25.6996134
          ],
          [
            28.1760384,
            -25.6993246
          ],
          [
            28.1762731,
            -25.6991736
          ],
          [
            28.1766728,
            -25.6989234
          ],
          [
            28.1771126,
            -25.6986455
          ],
          [
            28.17747,
            -25.6984273
          ],
          [
            28.177631,
            -25.6983298
          ],
          [
            28.1781647,
            -25.6980068
          ],
          [
            28.1782347,
            -25.6979645
          ],
          [
            28.1790653,
            -25.6974624
          ],
          [
            28.179871,
            -25.6969678
          ],
          [
            28.179944,
            -25.6969243
          ],
          [
            28.1804798,
            -25.6965977
          ],
          [
            28.1811527,
            -25.6961893
          ],
          [
            28.1817542,
            -25.6958255
          ],
          [
            28.1821042,
            -25.6956134
          ],
          [
            28.1825314,
            -25.6953536
          ],
          [
            28.1828509,
            -25.6951587
          ],
          [
            28.1837558,
            -25.6946061
          ],
          [
            28.1840086,
            -25.6944527
          ],
          [
            28.1843083,
            -25.6942575
          ],
          [
            28.1845598,
            -25.6940871
          ],
          [
            28.1846738,
            -25.6940034
          ],
          [
            28.1847864,
            -25.6939179
          ],
          [
            28.1852982,
            -25.693464
          ],
          [
            28.1858017,
            -25.6929765
          ],
          [
            28.1861892,
            -25.692568
          ],
          [
            28.1863207,
            -25.6924266
          ],
          [
            28.1865124,
            -25.69222
          ],
          [
            28.1866714,
            -25.6920103
          ],
          [
            28.186788,
            -25.6918344
          ],
          [
            28.1868631,
            -25.6917033
          ],
          [
            28.1869416,
            -25.6915486
          ],
          [
            28.1870134,
            -25.6913855
          ],
          [
            28.1870951,
            -25.6911455
          ],
          [
            28.1871582,
            -25.6909075
          ],
          [
            28.1871924,
            -25.6906984
          ],
          [
            28.1872105,
            -25.6905697
          ],
          [
            28.1872198,
            -25.6903824
          ],
          [
            28.1872179,
            -25.690154
          ],
          [
            28.1871998,
            -25.6899377
          ],
          [
            28.1871589,
            -25.6896845
          ],
          [
            28.1871065,
            -25.6894875
          ],
          [
            28.1870475,
            -25.6892989
          ],
          [
            28.1869858,
            -25.6891406
          ],
          [
            28.1868779,
            -25.6889219
          ],
          [
            28.1867927,
            -25.688769
          ],
          [
            28.1866881,
            -25.6886125
          ],
          [
            28.1866217,
            -25.6885146
          ],
          [
            28.1865178,
            -25.6883865
          ],
          [
            28.1863421,
            -25.6881865
          ],
          [
            28.1861638,
            -25.6879961
          ],
          [
            28.1858654,
            -25.6877466
          ],
          [
            28.1856152,
            -25.6875254
          ],
          [
            28.1852545,
            -25.6872045
          ],
          [
            28.1850795,
            -25.6870359
          ],
          [
            28.184885,
            -25.6868323
          ],
          [
            28.184761,
            -25.686686
          ],
          [
            28.1846275,
            -25.6865247
          ],
          [
            28.1843727,
            -25.6862044
          ],
          [
            28.1841749,
            -25.6859282
          ],
          [
            28.1839979,
            -25.6856533
          ],
          [
            28.1838477,
            -25.6854152
          ],
          [
            28.1836291,
            -25.6850424
          ],
          [
            28.1834909,
            -25.6847716
          ],
          [
            28.1834225,
            -25.6846345
          ],
          [
            28.1833601,
            -25.6845009
          ],
          [
            28.1833065,
            -25.6843861
          ],
          [
            28.1832214,
            -25.6841927
          ],
          [
            28.1831208,
            -25.6839341
          ],
          [
            28.183035,
            -25.6837069
          ],
          [
            28.1829578,
            -25.6834766
          ],
          [
            28.1829076,
            -25.6833195
          ],
          [
            28.1828304,
            -25.6830325
          ],
          [
            28.1827654,
            -25.6827424
          ],
          [
            28.1826983,
            -25.6824209
          ],
          [
            28.1826313,
            -25.6819979
          ],
          [
            28.1825763,
            -25.6816063
          ],
          [
            28.1825455,
            -25.6813488
          ],
          [
            28.1824972,
            -25.6805705
          ],
          [
            28.1824717,
            -25.6800206
          ],
          [
            28.1824288,
            -25.679319
          ],
          [
            28.1824039,
            -25.6788699
          ],
          [
            28.1823966,
            -25.6786294
          ],
          [
            28.1823765,
            -25.6783188
          ]
        ]
      }
    },
    {
      "type": "Feature",
      "properties": {
        "id": "way/567951639",
        "name": "Unnamed",
        "network": "PRASA"
      },
      "geometry": {
        "type": "LineString",
        "coordinates": [
          [
            28.1686181,
            -25.7059878
          ],
          [
            28.1686931,
            -25.7057491
          ]
        ]
      }
    },
    {
      "type": "Feature",
      "properties": {
        "id": "way/568090954",
        "name": "Unnamed",
        "network": "PRASA"
      },
      "geometry": {
        "type": "LineString",
        "coordinates": [
          [
            28.1822742,
            -25.6779566
          ],
          [
            28.1822169,
            -25.6770183
          ],
          [
            28.1821887,
            -25.6764357
          ],
          [
            28.182163,
            -25.6760129
          ],
          [
            28.1821582,
            -25.6759298
          ]
        ]
      }
    },
    {
      "type": "Feature",
      "properties": {
        "id": "way/568194942",
        "name": "Unnamed",
        "network": "PRASA"
      },
      "geometry": {
        "type": "LineString",
        "coordinates": [
          [
            28.1821407,
            -25.6756356
          ],
          [
            28.1821237,
            -25.6752768
          ],
          [
            28.1821133,
            -25.6751548
          ],
          [
            28.1821006,
            -25.675046
          ],
          [
            28.1820818,
            -25.6749248
          ],
          [
            28.1820399,
            -25.6747233
          ],
          [
            28.182012,
            -25.6746
          ],
          [
            28.1819929,
            -25.6744921
          ],
          [
            28.1819671,
            -25.6743413
          ],
          [
            28.1819523,
            -25.674215
          ],
          [
            28.1819356,
            -25.6739679
          ],
          [
            28.1819205,
            -25.6737083
          ],
          [
            28.1817833,
            -25.6711905
          ],
          [
            28.1817374,
            -25.6703486
          ],
          [
            28.1817395,
            -25.6699939
          ],
          [
            28.1817468,
            -25.6695218
          ],
          [
            28.1817523,
            -25.6689582
          ]
        ]
      }
    },
    {
      "type": "Feature",
      "properties": {
        "id": "way/610079573",
        "name": "Unnamed",
        "network": "PRASA"
      },
      "geometry": {
        "type": "LineString",
        "coordinates": [
          [
            28.0818313,
            -26.2072938
          ],
          [
            28.0811581,
            -26.2075707
          ],
          [
            28.0809285,
            -26.2076676
          ],
          [
            28.0807293,
            -26.2077536
          ],
          [
            28.0805681,
            -26.2078122
          ],
          [
            28.0803537,
            -26.2078914
          ],
          [
            28.0801757,
            -26.2079487
          ],
          [
            28.0799781,
            -26.2080019
          ],
          [
            28.0796216,
            -26.2081056
          ],
          [
            28.0792029,
            -26.2082275
          ]
        ]
      }
    },
    {
      "type": "Feature",
      "properties": {
        "id": "way/610079575",
        "name": "Unnamed",
        "network": "PRASA"
      },
      "geometry": {
        "type": "LineString",
        "coordinates": [
          [
            28.0836687,
            -26.2065652
          ],
          [
            28.0831518,
            -26.2067567
          ],
          [
            28.0829437,
            -26.206828
          ],
          [
            28.0827215,
            -26.2069183
          ],
          [
            28.0824176,
            -26.2070448
          ],
          [
            28.0818313,
            -26.2072938
          ]
        ]
      }
    },
    {
      "type": "Feature",
      "properties": {
        "id": "way/656850799",
        "name": "Unnamed",
        "network": "PRASA"
      },
      "geometry": {
        "type": "LineString",
        "coordinates": [
          [
            28.1785778,
            -25.7205994
          ],
          [
            28.1795132,
            -25.7207206
          ],
          [
            28.1806203,
            -25.7208656
          ],
          [
            28.1811312,
            -25.7209297
          ],
          [
            28.1818706,
            -25.7210271
          ],
          [
            28.1841138,
            -25.7213169
          ],
          [
            28.1854087,
            -25.721486
          ],
          [
            28.1855013,
            -25.7214981
          ],
          [
            28.1859197,
            -25.7215525
          ],
          [
            28.1863824,
            -25.7216038
          ],
          [
            28.1865259,
            -25.7216225
          ]
        ]
      }
    },
    {
      "type": "Feature",
      "properties": {
        "id": "way/656850802",
        "name": "Unnamed",
        "network": "PRASA"
      },
      "geometry": {
        "type": "LineString",
        "coordinates": [
          [
            28.1599957,
            -25.7536447
          ],
          [
            28.1599659,
            -25.7532439
          ]
        ]
      }
    },
    {
      "type": "Feature",
      "properties": {
        "id": "way/660918769",
        "name": "Unnamed",
        "network": "PRASA"
      },
      "geometry": {
        "type": "LineString",
        "coordinates": [
          [
            28.354649,
            -25.7229153
          ],
          [
            28.355083,
            -25.7228472
          ]
        ]
      }
    },
    {
      "type": "Feature",
      "properties": {
        "id": "way/660918770",
        "name": "Unnamed",
        "network": "PRASA"
      },
      "geometry": {
        "type": "LineString",
        "coordinates": [
          [
            28.355083,
            -25.7228472
          ],
          [
            28.3553951,
            -25.7228037
          ],
          [
            28.3564023,
            -25.7226408
          ]
        ]
      }
    },
    {
      "type": "Feature",
      "properties": {
        "id": "way/687811263",
        "name": "Unnamed",
        "network": "PRASA"
      },
      "geometry": {
        "type": "LineString",
        "coordinates": [
          [
            28.1371002,
            -26.2079514
          ],
          [
            28.1369245,
            -26.2079169
          ],
          [
            28.136655,
            -26.2078748
          ],
          [
            28.1363881,
            -26.2078531
          ],
          [
            28.1361928,
            -26.2078368
          ]
        ]
      }
    },
    {
      "type": "Feature",
      "properties": {
        "id": "way/687811265",
        "name": "Unnamed",
        "network": "PRASA"
      },
      "geometry": {
        "type": "LineString",
        "coordinates": [
          [
            28.1370796,
            -26.2078364
          ],
          [
            28.1368825,
            -26.2078096
          ],
          [
            28.1366351,
            -26.2077868
          ],
          [
            28.1363593,
            -26.2077641
          ],
          [
            28.1362101,
            -26.2077537
          ]
        ]
      }
    },
    {
      "type": "Feature",
      "properties": {
        "id": "way/687811271",
        "name": "Unnamed",
        "network": "PRASA"
      },
      "geometry": {
        "type": "LineString",
        "coordinates": [
          [
            28.1362101,
            -26.2077537
          ],
          [
            28.1359779,
            -26.2077461
          ],
          [
            28.1350478,
            -26.2077306
          ],
          [
            28.1347089,
            -26.2077304
          ],
          [
            28.1344937,
            -26.2077394
          ],
          [
            28.1342731,
            -26.2077647
          ],
          [
            28.1340431,
            -26.2077977
          ],
          [
            28.1338017,
            -26.2078477
          ],
          [
            28.1336026,
            -26.2078988
          ],
          [
            28.1333725,
            -26.2079626
          ],
          [
            28.1331593,
            -26.2080234
          ],
          [
            28.1329574,
            -26.2080925
          ],
          [
            28.1327375,
            -26.208167
          ],
          [
            28.1325504,
            -26.2082375
          ],
          [
            28.1323419,
            -26.208326
          ],
          [
            28.1321488,
            -26.2084132
          ],
          [
            28.1319684,
            -26.2084992
          ],
          [
            28.1317592,
            -26.2086069
          ],
          [
            28.1312861,
            -26.2088611
          ],
          [
            28.1304865,
            -26.2092873
          ],
          [
            28.1301462,
            -26.2094525
          ],
          [
            28.1298766,
            -26.2095704
          ],
          [
            28.129591,
            -26.2096751
          ],
          [
            28.1293281,
            -26.2097569
          ],
          [
            28.1291028,
            -26.2098111
          ],
          [
            28.1288812,
            -26.2098529
          ],
          [
            28.1286803,
            -26.2098917
          ],
          [
            28.1283812,
            -26.2099242
          ],
          [
            28.1280755,
            -26.2099459
          ],
          [
            28.1276946,
            -26.2099411
          ],
          [
            28.1272587,
            -26.2099098
          ],
          [
            28.1231182,
            -26.2094747
          ],
          [
            28.1219396,
            -26.2093509
          ],
          [
            28.1212986,
            -26.2092777
          ],
          [
            28.1206565,
            -26.2092095
          ],
          [
            28.1203028,
            -26.2091656
          ],
          [
            28.1200329,
            -26.2091209
          ],
          [
            28.1197544,
            -26.2090658
          ],
          [
            28.1194684,
            -26.2090005
          ],
          [
            28.1191893,
            -26.208929
          ],
          [
            28.1189076,
            -26.208846
          ],
          [
            28.1186569,
            -26.2087635
          ],
          [
            28.1183757,
            -26.2086607
          ],
          [
            28.1180698,
            -26.2085368
          ],
          [
            28.1176925,
            -26.2083678
          ],
          [
            28.1173037,
            -26.208182
          ],
          [
            28.117012,
            -26.2080225
          ],
          [
            28.1167405,
            -26.2078613
          ],
          [
            28.116414,
            -26.2076495
          ],
          [
            28.11619,
            -26.2074901
          ],
          [
            28.1159238,
            -26.2072759
          ],
          [
            28.1156998,
            -26.207075
          ],
          [
            28.1154101,
            -26.2068139
          ],
          [
            28.1151519,
            -26.2065714
          ],
          [
            28.1149796,
            -26.2064192
          ],
          [
            28.1147758,
            -26.2062471
          ],
          [
            28.1144955,
            -26.2060257
          ],
          [
            28.1142594,
            -26.2058537
          ],
          [
            28.1139899,
            -26.2056744
          ],
          [
            28.1136988,
            -26.2054963
          ],
          [
            28.1133863,
            -26.2053206
          ],
          [
            28.1129099,
            -26.2050772
          ],
          [
            28.1124221,
            -26.2048598
          ],
          [
            28.1121539,
            -26.2047491
          ],
          [
            28.1119122,
            -26.2046597
          ],
          [
            28.1116724,
            -26.2045743
          ],
          [
            28.1114012,
            -26.2044828
          ],
          [
            28.1111041,
            -26.2043925
          ],
          [
            28.1108457,
            -26.2043188
          ],
          [
            28.1105429,
            -26.2042423
          ],
          [
            28.1101463,
            -26.204155
          ],
          [
            28.1096076,
            -26.2040394
          ],
          [
            28.1089331,
            -26.203892
          ],
          [
            28.1084591,
            -26.2038027
          ],
          [
            28.1081158,
            -26.2037449
          ],
          [
            28.1077806,
            -26.2036968
          ],
          [
            28.1074372,
            -26.2036583
          ],
          [
            28.107051,
            -26.203627
          ],
          [
            28.1066433,
            -26.2036018
          ],
          [
            28.1062715,
            -26.2035863
          ],
          [
            28.1060046,
            -26.2035887
          ],
          [
            28.1057806,
            -26.2035948
          ],
          [
            28.1054574,
            -26.2036128
          ],
          [
            28.1051221,
            -26.2036369
          ],
          [
            28.1048083,
            -26.2036694
          ],
          [
            28.1045146,
            -26.2037103
          ],
          [
            28.104237,
            -26.203756
          ],
          [
            28.1040063,
            -26.2038005
          ],
          [
            28.1038012,
            -26.2038402
          ],
          [
            28.1034712,
            -26.2039148
          ],
          [
            28.1031789,
            -26.2039894
          ],
          [
            28.1028181,
            -26.2040905
          ],
          [
            28.102467,
            -26.2042022
          ],
          [
            28.1018666,
            -26.2043955
          ],
          [
            28.099819,
            -26.2050573
          ],
          [
            28.0980415,
            -26.2056353
          ],
          [
            28.0957223,
            -26.2063869
          ],
          [
            28.0949572,
            -26.2066294
          ],
          [
            28.094683,
            -26.206713
          ],
          [
            28.0944785,
            -26.2067708
          ],
          [
            28.0942512,
            -26.2068267
          ],
          [
            28.094054,
            -26.2068694
          ],
          [
            28.0939179,
            -26.2068947
          ],
          [
            28.0937355,
            -26.2069212
          ],
          [
            28.0934506,
            -26.2069568
          ],
          [
            28.0932045,
            -26.2069693
          ],
          [
            28.0929355,
            -26.2069759
          ],
          [
            28.0927049,
            -26.2069675
          ],
          [
            28.0925178,
            -26.2069555
          ],
          [
            28.0923206,
            -26.2069368
          ],
          [
            28.0920478,
            -26.2068941
          ],
          [
            28.0917189,
            -26.2068189
          ],
          [
            28.0914577,
            -26.2067555
          ],
          [
            28.0911909,
            -26.2066849
          ],
          [
            28.0896423,
            -26.2062599
          ],
          [
            28.0884428,
            -26.2059333
          ],
          [
            28.0880709,
            -26.2058393
          ],
          [
            28.0878849,
            -26.2057986
          ],
          [
            28.0877072,
            -26.2057697
          ],
          [
            28.0875054,
            -26.2057408
          ],
          [
            28.087329,
            -26.205724
          ],
          [
            28.0871648,
            -26.2057125
          ],
          [
            28.0870273,
            -26.2057071
          ],
          [
            28.0869053,
            -26.2057059
          ],
          [
            28.0867296,
            -26.2057077
          ],
          [
            28.0864473,
            -26.2057227
          ],
          [
            28.0862401,
            -26.2057432
          ],
          [
            28.0860785,
            -26.2057655
          ],
          [
            28.0859014,
            -26.2057931
          ],
          [
            28.0856835,
            -26.2058389
          ],
          [
            28.0855112,
            -26.205881
          ],
          [
            28.0853181,
            -26.2059375
          ],
          [
            28.0851826,
            -26.2059833
          ],
          [
            28.0849231,
            -26.2060693
          ],
          [
            28.0842292,
            -26.2063236
          ],
          [
            28.083938,
            -26.2064291
          ],
          [
            28.0837197,
            -26.2065078
          ]
        ]
      }
    },
    {
      "type": "Feature",
      "properties": {
        "id": "way/687811274",
        "name": "Unnamed",
        "network": "PRASA"
      },
      "geometry": {
        "type": "LineString",
        "coordinates": [
          [
            28.1361928,
            -26.2078368
          ],
          [
            28.1359469,
            -26.2078309
          ],
          [
            28.1355947,
            -26.2078218
          ],
          [
            28.1353238,
            -26.2078206
          ],
          [
            28.135061,
            -26.2078254
          ],
          [
            28.1347659,
            -26.2078471
          ],
          [
            28.1345111,
            -26.2078868
          ],
          [
            28.1341356,
            -26.2079554
          ],
          [
            28.1338258,
            -26.2080107
          ],
          [
            28.1336126,
            -26.2080504
          ],
          [
            28.1334208,
            -26.2080925
          ],
          [
            28.1331727,
            -26.2081563
          ],
          [
            28.1329353,
            -26.2082285
          ],
          [
            28.1327516,
            -26.2082947
          ],
          [
            28.1325223,
            -26.2083885
          ],
          [
            28.1316847,
            -26.2087806
          ],
          [
            28.1313366,
            -26.2089435
          ],
          [
            28.1305092,
            -26.2093391
          ],
          [
            28.1301747,
            -26.2094931
          ],
          [
            28.1298917,
            -26.2096092
          ],
          [
            28.1295966,
            -26.2097175
          ],
          [
            28.1293277,
            -26.2097945
          ],
          [
            28.1291065,
            -26.2098529
          ],
          [
            28.1288892,
            -26.2098956
          ],
          [
            28.1286927,
            -26.2099275
          ],
          [
            28.1283843,
            -26.209966
          ],
          [
            28.1281073,
            -26.209981
          ],
          [
            28.1279115,
            -26.209984
          ],
          [
            28.1276957,
            -26.2099809
          ],
          [
            28.1274462,
            -26.2099672
          ],
          [
            28.1271954,
            -26.2099437
          ],
          [
            28.1234202,
            -26.2095382
          ],
          [
            28.1229421,
            -26.2094967
          ],
          [
            28.1223211,
            -26.209454
          ],
          [
            28.121666,
            -26.2094053
          ],
          [
            28.1206365,
            -26.2093009
          ],
          [
            28.1202791,
            -26.2092551
          ],
          [
            28.120062,
            -26.2092193
          ],
          [
            28.1197854,
            -26.2091699
          ],
          [
            28.1195369,
            -26.2091205
          ],
          [
            28.1193111,
            -26.2090723
          ],
          [
            28.1191024,
            -26.2090137
          ],
          [
            28.1188622,
            -26.2089419
          ],
          [
            28.118619,
            -26.2088665
          ],
          [
            28.1184114,
            -26.2087918
          ],
          [
            28.1182327,
            -26.2087267
          ],
          [
            28.1180209,
            -26.2086405
          ],
          [
            28.1178206,
            -26.208553
          ],
          [
            28.1176125,
            -26.2084594
          ],
          [
            28.1174214,
            -26.2083603
          ],
          [
            28.1172401,
            -26.20826
          ],
          [
            28.1169675,
            -26.2080818
          ],
          [
            28.1167033,
            -26.2079125
          ],
          [
            28.1164596,
            -26.2077423
          ],
          [
            28.1161621,
            -26.2075203
          ],
          [
            28.1158945,
            -26.207302
          ],
          [
            28.1156654,
            -26.2070964
          ],
          [
            28.1155823,
            -26.2070197
          ],
          [
            28.1153832,
            -26.206836
          ],
          [
            28.1151567,
            -26.2066293
          ],
          [
            28.114948,
            -26.2064421
          ],
          [
            28.1147465,
            -26.2062732
          ],
          [
            28.1144692,
            -26.2060543
          ],
          [
            28.1142332,
            -26.2058844
          ],
          [
            28.1139662,
            -26.2057048
          ],
          [
            28.11368,
            -26.2055304
          ],
          [
            28.1133671,
            -26.2053535
          ],
          [
            28.1128845,
            -26.2051121
          ],
          [
            28.1124022,
            -26.2049009
          ],
          [
            28.1121553,
            -26.2048099
          ],
          [
            28.1120355,
            -26.2047716
          ],
          [
            28.1118964,
            -26.204722
          ],
          [
            28.1116499,
            -26.2046476
          ],
          [
            28.1108011,
            -26.2044256
          ],
          [
            28.1101077,
            -26.2042512
          ],
          [
            28.1092487,
            -26.2040382
          ],
          [
            28.1087914,
            -26.2039209
          ],
          [
            28.1084602,
            -26.2038477
          ],
          [
            28.1080983,
            -26.203778
          ],
          [
            28.1077696,
            -26.2037288
          ],
          [
            28.1074275,
            -26.2036916
          ],
          [
            28.1070492,
            -26.203658
          ],
          [
            28.1066401,
            -26.2036377
          ],
          [
            28.1062634,
            -26.2036248
          ],
          [
            28.1059013,
            -26.2036273
          ],
          [
            28.1056358,
            -26.2036357
          ],
          [
            28.1052952,
            -26.2036585
          ],
          [
            28.1050323,
            -26.2036826
          ],
          [
            28.1047426,
            -26.2037163
          ],
          [
            28.1044395,
            -26.2037596
          ],
          [
            28.10406,
            -26.2038258
          ],
          [
            28.103718,
            -26.203898
          ],
          [
            28.1033854,
            -26.203975
          ],
          [
            28.1030515,
            -26.2040616
          ],
          [
            28.102794,
            -26.204135
          ],
          [
            28.1024856,
            -26.2042325
          ],
          [
            28.101878,
            -26.2044328
          ],
          [
            28.1007709,
            -26.2047896
          ],
          [
            28.0998335,
            -26.2050941
          ],
          [
            28.0994996,
            -26.2052096
          ],
          [
            28.0992595,
            -26.2052926
          ],
          [
            28.0984314,
            -26.2055856
          ],
          [
            28.0980743,
            -26.2057174
          ],
          [
            28.0973287,
            -26.2059689
          ]
        ]
      }
    },
    {
      "type": "Feature",
      "properties": {
        "id": "way/688736175",
        "name": "Unnamed",
        "network": "PRASA"
      },
      "geometry": {
        "type": "LineString",
        "coordinates": [
          [
            28.1908419,
            -25.7605169
          ],
          [
            28.1909284,
            -25.7606516
          ],
          [
            28.1910388,
            -25.760846
          ],
          [
            28.1910515,
            -25.7608689
          ],
          [
            28.1911888,
            -25.7611045
          ],
          [
            28.1912941,
            -25.7612802
          ],
          [
            28.1913895,
            -25.7614377
          ],
          [
            28.1914945,
            -25.761589
          ],
          [
            28.1915697,
            -25.7616876
          ],
          [
            28.1916795,
            -25.7618283
          ],
          [
            28.1917843,
            -25.7619551
          ],
          [
            28.1919926,
            -25.7622023
          ]
        ]
      }
    },
    {
      "type": "Feature",
      "properties": {
        "id": "way/688736177",
        "name": "Unnamed",
        "network": "PRASA"
      },
      "geometry": {
        "type": "LineString",
        "coordinates": [
          [
            28.1915391,
            -25.7617346
          ],
          [
            28.1914532,
            -25.7616161
          ],
          [
            28.1913661,
            -25.7614813
          ],
          [
            28.1913221,
            -25.7614052
          ],
          [
            28.1910694,
            -25.7609739
          ],
          [
            28.1908981,
            -25.7606834
          ],
          [
            28.190816,
            -25.76055
          ]
        ]
      }
    },
    {
      "type": "Feature",
      "properties": {
        "id": "way/688736178",
        "name": "Unnamed",
        "network": "PRASA"
      },
      "geometry": {
        "type": "LineString",
        "coordinates": [
          [
            28.1907818,
            -25.7605653
          ],
          [
            28.1896241,
            -25.759198
          ],
          [
            28.189092,
            -25.7585696
          ]
        ]
      }
    },
    {
      "type": "Feature",
      "properties": {
        "id": "way/688736179",
        "name": "Unnamed",
        "network": "PRASA"
      },
      "geometry": {
        "type": "LineString",
        "coordinates": [
          [
            28.1905659,
            -25.7604031
          ],
          [
            28.189017,
            -25.7587903
          ],
          [
            28.1888185,
            -25.75862
          ],
          [
            28.1886468,
            -25.7584947
          ],
          [
            28.1884825,
            -25.7583948
          ],
          [
            28.1883441,
            -25.7583081
          ],
          [
            28.1880098,
            -25.7581173
          ],
          [
            28.1877992,
            -25.7580122
          ],
          [
            28.1874391,
            -25.7578322
          ],
          [
            28.1871184,
            -25.7576548
          ],
          [
            28.1868397,
            -25.7574946
          ],
          [
            28.1865693,
            -25.7573458
          ]
        ]
      }
    },
    {
      "type": "Feature",
      "properties": {
        "id": "way/688736180",
        "name": "Unnamed",
        "network": "PRASA"
      },
      "geometry": {
        "type": "LineString",
        "coordinates": [
          [
            28.1907431,
            -25.7606849
          ],
          [
            28.1906349,
            -25.7605525
          ],
          [
            28.1905257,
            -25.7604295
          ],
          [
            28.1890976,
            -25.7589355
          ],
          [
            28.1889777,
            -25.7588206
          ],
          [
            28.1887969,
            -25.7586608
          ],
          [
            28.1886941,
            -25.7585858
          ],
          [
            28.1885887,
            -25.7585145
          ],
          [
            28.1884642,
            -25.7584362
          ],
          [
            28.1882431,
            -25.7583105
          ]
        ]
      }
    },
    {
      "type": "Feature",
      "properties": {
        "id": "way/715591767",
        "name": "Unnamed",
        "network": "PRASA"
      },
      "geometry": {
        "type": "LineString",
        "coordinates": [
          [
            28.3631679,
            -25.7215661
          ],
          [
            28.3636979,
            -25.721494
          ],
          [
            28.3641084,
            -25.7214658
          ],
          [
            28.3646697,
            -25.7214668
          ],
          [
            28.3651626,
            -25.7215107
          ],
          [
            28.3655302,
            -25.721564
          ],
          [
            28.3660428,
            -25.7216737
          ],
          [
            28.36701,
            -25.7219276
          ],
          [
            28.3685719,
            -25.7223279
          ],
          [
            28.3694714,
            -25.7225555
          ],
          [
            28.3697237,
            -25.7226183
          ],
          [
            28.3698527,
            -25.7226519
          ],
          [
            28.3707766,
            -25.7228856
          ],
          [
            28.3714457,
            -25.7230465
          ],
          [
            28.3731551,
            -25.7234811
          ],
          [
            28.3748019,
            -25.7239022
          ],
          [
            28.3769125,
            -25.7244277
          ],
          [
            28.3780571,
            -25.7247202
          ],
          [
            28.3793385,
            -25.7250441
          ],
          [
            28.3807174,
            -25.725392
          ],
          [
            28.3816351,
            -25.7256308
          ],
          [
            28.3820026,
            -25.725722
          ],
          [
            28.3821742,
            -25.7257709
          ],
          [
            28.3823928,
            -25.7258386
          ],
          [
            28.3825772,
            -25.7258966
          ],
          [
            28.3827965,
            -25.7259757
          ],
          [
            28.383172,
            -25.7261285
          ],
          [
            28.3834484,
            -25.7262487
          ],
          [
            28.385867,
            -25.7273523
          ],
          [
            28.386186,
            -25.7275049
          ],
          [
            28.3865388,
            -25.7276617
          ],
          [
            28.3868527,
            -25.7277874
          ],
          [
            28.3870786,
            -25.727878
          ],
          [
            28.3872789,
            -25.7279463
          ],
          [
            28.3878796,
            -25.7281166
          ],
          [
            28.3883029,
            -25.728218
          ],
          [
            28.3884853,
            -25.7282552
          ],
          [
            28.3886005,
            -25.7282787
          ],
          [
            28.3886925,
            -25.7282974
          ],
          [
            28.3888478,
            -25.7283201
          ],
          [
            28.3890584,
            -25.728351
          ],
          [
            28.3891703,
            -25.7283674
          ],
          [
            28.3893207,
            -25.7283853
          ],
          [
            28.3894869,
            -25.728405
          ],
          [
            28.3895527,
            -25.728412
          ],
          [
            28.390115,
            -25.7284722
          ],
          [
            28.3901607,
            -25.7284771
          ],
          [
            28.3902961,
            -25.7284927
          ],
          [
            28.3909935,
            -25.7285705
          ],
          [
            28.3911597,
            -25.7285883
          ],
          [
            28.3913124,
            -25.7286056
          ],
          [
            28.3915258,
            -25.7286288
          ],
          [
            28.391865,
            -25.7286645
          ],
          [
            28.3933649,
            -25.728827
          ],
          [
            28.3950325,
            -25.7290099
          ],
          [
            28.3962554,
            -25.7291431
          ],
          [
            28.3971182,
            -25.7292386
          ],
          [
            28.3980033,
            -25.7293428
          ],
          [
            28.4001827,
            -25.7295769
          ],
          [
            28.4006852,
            -25.7296348
          ],
          [
            28.4010949,
            -25.7296819
          ],
          [
            28.4016891,
            -25.7297416
          ],
          [
            28.4029466,
            -25.7298861
          ],
          [
            28.4030194,
            -25.7298931
          ],
          [
            28.4035372,
            -25.7299509
          ],
          [
            28.4046413,
            -25.7300659
          ],
          [
            28.4058915,
            -25.7301983
          ],
          [
            28.407462,
            -25.7303737
          ],
          [
            28.4080473,
            -25.7304391
          ],
          [
            28.4093346,
            -25.7305872
          ],
          [
            28.4100068,
            -25.7306615
          ],
          [
            28.4110224,
            -25.730766
          ],
          [
            28.4120521,
            -25.7308802
          ],
          [
            28.4134116,
            -25.7310308
          ],
          [
            28.4144135,
            -25.7311445
          ],
          [
            28.4146727,
            -25.7311717
          ],
          [
            28.4147629,
            -25.731181
          ],
          [
            28.4151437,
            -25.7312238
          ],
          [
            28.4160143,
            -25.7313187
          ],
          [
            28.416369,
            -25.7313556
          ],
          [
            28.4183425,
            -25.7315688
          ],
          [
            28.4194837,
            -25.7316957
          ],
          [
            28.4198445,
            -25.7317476
          ],
          [
            28.420153,
            -25.731802
          ],
          [
            28.4205566,
            -25.731889
          ],
          [
            28.4208906,
            -25.7319735
          ],
          [
            28.421246,
            -25.7320774
          ],
          [
            28.4215705,
            -25.732185
          ],
          [
            28.4217985,
            -25.7322683
          ],
          [
            28.4220949,
            -25.7323867
          ],
          [
            28.4224476,
            -25.732545
          ],
          [
            28.4231262,
            -25.7328621
          ],
          [
            28.4238377,
            -25.733204
          ],
          [
            28.4238884,
            -25.7332283
          ],
          [
            28.4241234,
            -25.7333412
          ],
          [
            28.424217,
            -25.7333861
          ],
          [
            28.4243426,
            -25.7334465
          ]
        ]
      }
    },
    {
      "type": "Feature",
      "properties": {
        "id": "way/715591771",
        "name": "Unnamed",
        "network": "PRASA"
      },
      "geometry": {
        "type": "LineString",
        "coordinates": [
          [
            28.4243426,
            -25.7334465
          ],
          [
            28.4249611,
            -25.7337433
          ],
          [
            28.4259083,
            -25.7341946
          ],
          [
            28.4265628,
            -25.7345102
          ],
          [
            28.4267685,
            -25.7346064
          ],
          [
            28.4281692,
            -25.7352696
          ],
          [
            28.4283082,
            -25.7353357
          ],
          [
            28.4289385,
            -25.7356159
          ],
          [
            28.4292416,
            -25.735738
          ],
          [
            28.4294797,
            -25.7358286
          ],
          [
            28.4298002,
            -25.7359313
          ],
          [
            28.4299873,
            -25.7359838
          ],
          [
            28.4304245,
            -25.7360919
          ],
          [
            28.4307544,
            -25.7361523
          ],
          [
            28.4311312,
            -25.7362115
          ],
          [
            28.4315135,
            -25.736255
          ],
          [
            28.4319788,
            -25.7362816
          ],
          [
            28.4323865,
            -25.736284
          ],
          [
            28.4325743,
            -25.7362828
          ],
          [
            28.4328197,
            -25.7362683
          ],
          [
            28.4331281,
            -25.7362466
          ],
          [
            28.4336029,
            -25.7361886
          ],
          [
            28.4338067,
            -25.7361547
          ],
          [
            28.4340213,
            -25.7361161
          ],
          [
            28.4342869,
            -25.7360605
          ],
          [
            28.4346007,
            -25.7359832
          ],
          [
            28.4350835,
            -25.7358358
          ],
          [
            28.4356736,
            -25.7356365
          ],
          [
            28.4368725,
            -25.7352378
          ],
          [
            28.4377682,
            -25.7349442
          ],
          [
            28.4384912,
            -25.7347063
          ],
          [
            28.4388252,
            -25.7346096
          ],
          [
            28.4393214,
            -25.7344888
          ],
          [
            28.4397237,
            -25.7344187
          ],
          [
            28.4401824,
            -25.7343571
          ],
          [
            28.4406155,
            -25.7343209
          ],
          [
            28.4409347,
            -25.73431
          ],
          [
            28.4413451,
            -25.73431
          ],
          [
            28.4416562,
            -25.7343257
          ],
          [
            28.4418856,
            -25.7343414
          ],
          [
            28.4421967,
            -25.7343692
          ],
          [
            28.4428471,
            -25.7344429
          ],
          [
            28.4431424,
            -25.734473
          ]
        ]
      }
    },
    {
      "type": "Feature",
      "properties": {
        "id": "way/722661551",
        "name": "Unnamed",
        "network": "PRASA"
      },
      "geometry": {
        "type": "LineString",
        "coordinates": [
          [
            28.2412277,
            -25.7465763
          ],
          [
            28.2411161,
            -25.7466142
          ],
          [
            28.2410811,
            -25.7466269
          ]
        ]
      }
    },
    {
      "type": "Feature",
      "properties": {
        "id": "way/722661552",
        "name": "Unnamed",
        "network": "PRASA"
      },
      "geometry": {
        "type": "LineString",
        "coordinates": [
          [
            28.2410811,
            -25.7466269
          ],
          [
            28.2396162,
            -25.7471217
          ],
          [
            28.2391709,
            -25.7472673
          ],
          [
            28.2387578,
            -25.7473712
          ],
          [
            28.2383502,
            -25.747463
          ],
          [
            28.2382299,
            -25.7474866
          ]
        ]
      }
    },
    {
      "type": "Feature",
      "properties": {
        "id": "way/722661553",
        "name": "Metro",
        "network": "PRASA"
      },
      "geometry": {
        "type": "LineString",
        "coordinates": [
          [
            28.2410693,
            -25.7465903
          ],
          [
            28.2411852,
            -25.7465518
          ],
          [
            28.2412128,
            -25.7465424
          ]
        ]
      }
    },
    {
      "type": "Feature",
      "properties": {
        "id": "way/722661554",
        "name": "Metro",
        "network": "PRASA"
      },
      "geometry": {
        "type": "LineString",
        "coordinates": [
          [
            28.2412128,
            -25.7465424
          ],
          [
            28.2413036,
            -25.7465119
          ],
          [
            28.242413,
            -25.7461396
          ],
          [
            28.24362,
            -25.7457325
          ],
          [
            28.2464186,
            -25.7447835
          ],
          [
            28.2474756,
            -25.7444257
          ],
          [
            28.2479344,
            -25.7442703
          ],
          [
            28.2489605,
            -25.7439224
          ],
          [
            28.2501458,
            -25.7435189
          ],
          [
            28.2506434,
            -25.7433534
          ],
          [
            28.2509673,
            -25.7432387
          ],
          [
            28.2511725,
            -25.7431559
          ],
          [
            28.251322,
            -25.7430913
          ],
          [
            28.2514628,
            -25.7430273
          ],
          [
            28.2516787,
            -25.742924
          ],
          [
            28.251896,
            -25.7428195
          ],
          [
            28.2525417,
            -25.7425084
          ],
          [
            28.2534238,
            -25.7420833
          ],
          [
            28.2537648,
            -25.7419207
          ],
          [
            28.2546734,
            -25.7414707
          ],
          [
            28.2555293,
            -25.7410606
          ],
          [
            28.2569065,
            -25.7404174
          ],
          [
            28.2582582,
            -25.739765
          ],
          [
            28.2589938,
            -25.7394111
          ],
          [
            28.2593089,
            -25.7392546
          ],
          [
            28.2595678,
            -25.7391078
          ],
          [
            28.2598165,
            -25.7389556
          ],
          [
            28.2600807,
            -25.738778
          ],
          [
            28.2602511,
            -25.7386494
          ],
          [
            28.260471,
            -25.7384772
          ],
          [
            28.2607272,
            -25.7382531
          ],
          [
            28.260931,
            -25.7380538
          ],
          [
            28.2610832,
            -25.7378998
          ],
          [
            28.2612307,
            -25.7377331
          ],
          [
            28.2613452,
            -25.7375954
          ],
          [
            28.2616112,
            -25.7372771
          ],
          [
            28.2618658,
            -25.7368776
          ],
          [
            28.2620869,
            -25.7364681
          ],
          [
            28.2623773,
            -25.7357573
          ],
          [
            28.2627433,
            -25.7349893
          ],
          [
            28.2628897,
            -25.7347135
          ],
          [
            28.263051,
            -25.7344676
          ],
          [
            28.2632439,
            -25.7341757
          ],
          [
            28.2636272,
            -25.7337253
          ],
          [
            28.2641586,
            -25.7331813
          ],
          [
            28.2645409,
            -25.7328468
          ],
          [
            28.2657876,
            -25.7319021
          ],
          [
            28.266909,
            -25.7310354
          ],
          [
            28.2672728,
            -25.7307602
          ],
          [
            28.2684408,
            -25.7298712
          ],
          [
            28.2686134,
            -25.729746
          ],
          [
            28.2689761,
            -25.7294714
          ],
          [
            28.26938,
            -25.7291634
          ],
          [
            28.271576,
            -25.7274938
          ],
          [
            28.272036,
            -25.7271434
          ],
          [
            28.2723927,
            -25.7268764
          ],
          [
            28.2726134,
            -25.7267236
          ],
          [
            28.2727421,
            -25.726642
          ],
          [
            28.2728494,
            -25.7265816
          ],
          [
            28.2729493,
            -25.7265284
          ],
          [
            28.2730868,
            -25.726459
          ],
          [
            28.2731766,
            -25.7264191
          ],
          [
            28.2732953,
            -25.7263678
          ],
          [
            28.2734616,
            -25.7263098
          ],
          [
            28.2736085,
            -25.7262639
          ],
          [
            28.2737137,
            -25.7262343
          ],
          [
            28.273825,
            -25.7262077
          ],
          [
            28.2739719,
            -25.7261769
          ],
          [
            28.2741342,
            -25.7261491
          ],
          [
            28.2743045,
            -25.7261279
          ],
          [
            28.2745345,
            -25.7261068
          ],
          [
            28.274847,
            -25.7260869
          ],
          [
            28.2750435,
            -25.7260826
          ],
          [
            28.2751544,
            -25.7260783
          ],
          [
            28.2752641,
            -25.7260774
          ],
          [
            28.275469,
            -25.7260872
          ]
        ]
      }
    },
    {
      "type": "Feature",
      "properties": {
        "id": "way/746269524",
        "name": "Unnamed",
        "network": "PRASA"
      },
      "geometry": {
        "type": "LineString",
        "coordinates": [
          [
            28.181812,
            -25.6673541
          ],
          [
            28.1818078,
            -25.6669157
          ],
          [
            28.1817718,
            -25.6666238
          ],
          [
            28.1817049,
            -25.6660827
          ],
          [
            28.1816183,
            -25.665516
          ],
          [
            28.1815683,
            -25.665271
          ],
          [
            28.1815198,
            -25.6650649
          ],
          [
            28.1814166,
            -25.6647131
          ],
          [
            28.1813295,
            -25.6644773
          ],
          [
            28.1812546,
            -25.6642993
          ],
          [
            28.1811889,
            -25.6641482
          ],
          [
            28.1809817,
            -25.6637458
          ],
          [
            28.1807897,
            -25.6634202
          ],
          [
            28.1805974,
            -25.6631009
          ],
          [
            28.1804279,
            -25.6628471
          ],
          [
            28.1802818,
            -25.662639
          ],
          [
            28.1801376,
            -25.6624431
          ],
          [
            28.1800005,
            -25.6622657
          ],
          [
            28.1798616,
            -25.6621009
          ],
          [
            28.1798009,
            -25.6620304
          ],
          [
            28.1796406,
            -25.6618588
          ],
          [
            28.1795256,
            -25.6617338
          ],
          [
            28.1793732,
            -25.6615843
          ],
          [
            28.1792354,
            -25.6614509
          ],
          [
            28.1790383,
            -25.6612676
          ],
          [
            28.1788106,
            -25.6610816
          ],
          [
            28.178564,
            -25.6608778
          ],
          [
            28.178355,
            -25.6607302
          ],
          [
            28.1781146,
            -25.6605596
          ],
          [
            28.1777161,
            -25.6603187
          ],
          [
            28.1774472,
            -25.6601688
          ],
          [
            28.1773406,
            -25.6601108
          ],
          [
            28.1771126,
            -25.6599953
          ],
          [
            28.1767405,
            -25.6598218
          ],
          [
            28.1765537,
            -25.659743
          ]
        ]
      }
    },
    {
      "type": "Feature",
      "properties": {
        "id": "way/754030682",
        "name": "Unnamed",
        "network": "PRASA"
      },
      "geometry": {
        "type": "LineString",
        "coordinates": [
          [
            28.3563982,
            -25.7226067
          ],
          [
            28.3565243,
            -25.7225885
          ]
        ]
      }
    },
    {
      "type": "Feature",
      "properties": {
        "id": "way/754030683",
        "name": "Unnamed",
        "network": "PRASA"
      },
      "geometry": {
        "type": "LineString",
        "coordinates": [
          [
            28.3355195,
            -25.7187692
          ],
          [
            28.3358649,
            -25.7188633
          ],
          [
            28.3362696,
            -25.7189726
          ],
          [
            28.3365975,
            -25.7190623
          ],
          [
            28.3380675,
            -25.7195091
          ],
          [
            28.3391195,
            -25.7198508
          ],
          [
            28.3408541,
            -25.7203898
          ],
          [
            28.3419978,
            -25.7207576
          ],
          [
            28.3433855,
            -25.7211927
          ],
          [
            28.3450278,
            -25.7217215
          ],
          [
            28.3464612,
            -25.7221782
          ],
          [
            28.3478698,
            -25.7226227
          ],
          [
            28.348788,
            -25.7229034
          ],
          [
            28.3492004,
            -25.7230166
          ],
          [
            28.3495889,
            -25.7231037
          ],
          [
            28.3500366,
            -25.7231888
          ],
          [
            28.3504313,
            -25.7232422
          ],
          [
            28.350853,
            -25.723274
          ],
          [
            28.3510618,
            -25.7232805
          ],
          [
            28.3514534,
            -25.7232815
          ],
          [
            28.351818,
            -25.7232693
          ],
          [
            28.3521899,
            -25.7232412
          ],
          [
            28.3526002,
            -25.7231916
          ],
          [
            28.3540835,
            -25.7229605
          ],
          [
            28.3546139,
            -25.7228799
          ]
        ]
      }
    },
    {
      "type": "Feature",
      "properties": {
        "id": "way/754516078",
        "name": "Unnamed",
        "network": "PRASA"
      },
      "geometry": {
        "type": "LineString",
        "coordinates": [
          [
            28.354649,
            -25.7229153
          ],
          [
            28.3534601,
            -25.723106
          ],
          [
            28.3522694,
            -25.7232744
          ],
          [
            28.351723,
            -25.7233205
          ],
          [
            28.3509908,
            -25.7233114
          ],
          [
            28.3506683,
            -25.7232984
          ],
          [
            28.3504611,
            -25.7232772
          ],
          [
            28.3501688,
            -25.7232416
          ],
          [
            28.3497993,
            -25.7231848
          ],
          [
            28.3491173,
            -25.723041
          ],
          [
            28.3486145,
            -25.7228931
          ],
          [
            28.3479051,
            -25.7226713
          ],
          [
            28.3368098,
            -25.7191578
          ],
          [
            28.3358518,
            -25.7188992
          ],
          [
            28.3355179,
            -25.718805
          ]
        ]
      }
    },
    {
      "type": "Feature",
      "properties": {
        "id": "way/754516084",
        "name": "Unnamed",
        "network": "PRASA"
      },
      "geometry": {
        "type": "LineString",
        "coordinates": [
          [
            28.1682131,
            -25.720668
          ],
          [
            28.1687823,
            -25.7204687
          ],
          [
            28.1691264,
            -25.7203485
          ],
          [
            28.1697622,
            -25.7201276
          ]
        ]
      }
    },
    {
      "type": "Feature",
      "properties": {
        "id": "way/754557828",
        "name": "Unnamed",
        "network": "PRASA"
      },
      "geometry": {
        "type": "LineString",
        "coordinates": [
          [
            28.140686,
            -25.6500752
          ],
          [
            28.1396115,
            -25.6497871
          ]
        ]
      }
    },
    {
      "type": "Feature",
      "properties": {
        "id": "way/755590097",
        "name": "Unnamed",
        "network": "PRASA"
      },
      "geometry": {
        "type": "LineString",
        "coordinates": [
          [
            28.0888804,
            -25.4998141
          ],
          [
            28.0893052,
            -25.4980311
          ],
          [
            28.0896503,
            -25.4965781
          ],
          [
            28.0897477,
            -25.4961681
          ],
          [
            28.0899245,
            -25.4954669
          ]
        ]
      }
    },
    {
      "type": "Feature",
      "properties": {
        "id": "way/755745066",
        "name": "Unnamed",
        "network": "PRASA"
      },
      "geometry": {
        "type": "LineString",
        "coordinates": [
          [
            28.2228491,
            -25.8668086
          ],
          [
            28.2226351,
            -25.8656557
          ],
          [
            28.2225882,
            -25.8653281
          ],
          [
            28.2225526,
            -25.8649896
          ],
          [
            28.2225372,
            -25.8646583
          ],
          [
            28.2225291,
            -25.8644628
          ],
          [
            28.2225305,
            -25.864166
          ],
          [
            28.2225459,
            -25.8637599
          ],
          [
            28.222566,
            -25.8633598
          ],
          [
            28.2226042,
            -25.8626267
          ],
          [
            28.2226344,
            -25.8620505
          ],
          [
            28.2226405,
            -25.8619166
          ],
          [
            28.2226561,
            -25.8616403
          ],
          [
            28.2226753,
            -25.8613011
          ],
          [
            28.2227089,
            -25.8605625
          ],
          [
            28.2227451,
            -25.8598704
          ],
          [
            28.2227853,
            -25.8590944
          ],
          [
            28.2228175,
            -25.8584554
          ],
          [
            28.2228423,
            -25.8579691
          ],
          [
            28.2228671,
            -25.8574127
          ],
          [
            28.2229087,
            -25.8565721
          ]
        ]
      }
    },
    {
      "type": "Feature",
      "properties": {
        "id": "way/755745067",
        "name": "Unnamed",
        "network": "PRASA"
      },
      "geometry": {
        "type": "LineString",
        "coordinates": [
          [
            28.2239534,
            -25.8723488
          ],
          [
            28.224041,
            -25.8728238
          ],
          [
            28.2241619,
            -25.8734601
          ],
          [
            28.2242102,
            -25.8737226
          ],
          [
            28.2242478,
            -25.8739537
          ],
          [
            28.224282,
            -25.8741932
          ],
          [
            28.2243544,
            -25.8747838
          ],
          [
            28.2244307,
            -25.875398
          ],
          [
            28.224465,
            -25.8757166
          ],
          [
            28.2244901,
            -25.8760312
          ],
          [
            28.2245048,
            -25.876361
          ],
          [
            28.2245008,
            -25.8766579
          ],
          [
            28.2244707,
            -25.8772122
          ],
          [
            28.2244709,
            -25.8772456
          ]
        ]
      }
    },
    {
      "type": "Feature",
      "properties": {
        "id": "way/755745071",
        "name": "Unnamed",
        "network": "PRASA"
      },
      "geometry": {
        "type": "LineString",
        "coordinates": [
          [
            28.2240975,
            -25.8729111
          ],
          [
            28.2241981,
            -25.873436
          ],
          [
            28.2242303,
            -25.873617
          ],
          [
            28.2242639,
            -25.8738143
          ],
          [
            28.2242873,
            -25.8739615
          ],
          [
            28.2243215,
            -25.8741962
          ],
          [
            28.2244067,
            -25.8748979
          ],
          [
            28.2244657,
            -25.8753775
          ],
          [
            28.2244845,
            -25.8755513
          ],
          [
            28.2245026,
            -25.8756997
          ],
          [
            28.2245428,
            -25.876031
          ],
          [
            28.2245602,
            -25.8762197
          ],
          [
            28.2245636,
            -25.8763543
          ],
          [
            28.2245616,
            -25.87644
          ],
          [
            28.2245576,
            -25.8765383
          ],
          [
            28.2245348,
            -25.8767495
          ],
          [
            28.2245006,
            -25.8769619
          ],
          [
            28.2244707,
            -25.8772122
          ]
        ]
      }
    },
    {
      "type": "Feature",
      "properties": {
        "id": "way/755745072",
        "name": "Unnamed",
        "network": "PRASA"
      },
      "geometry": {
        "type": "LineString",
        "coordinates": [
          [
            28.2239534,
            -25.8723488
          ],
          [
            28.2240975,
            -25.8729111
          ]
        ]
      }
    },
    {
      "type": "Feature",
      "properties": {
        "id": "way/755745073",
        "name": "Unnamed",
        "network": "PRASA"
      },
      "geometry": {
        "type": "LineString",
        "coordinates": [
          [
            28.2230348,
            -25.867561
          ],
          [
            28.2231849,
            -25.8681217
          ],
          [
            28.2232386,
            -25.8684035
          ],
          [
            28.2233579,
            -25.8690135
          ],
          [
            28.2235363,
            -25.8699595
          ],
          [
            28.2239105,
            -25.8719258
          ],
          [
            28.2239903,
            -25.8723464
          ],
          [
            28.2240975,
            -25.8729111
          ]
        ]
      }
    },
    {
      "type": "Feature",
      "properties": {
        "id": "way/755745074",
        "name": "Unnamed",
        "network": "PRASA"
      },
      "geometry": {
        "type": "LineString",
        "coordinates": [
          [
            28.2244335,
            -25.877202
          ],
          [
            28.2244335,
            -25.8770137
          ],
          [
            28.2244295,
            -25.8769184
          ],
          [
            28.2244235,
            -25.8767031
          ],
          [
            28.2244268,
            -25.8764586
          ],
          [
            28.2244214,
            -25.87623
          ],
          [
            28.2244141,
            -25.8760713
          ],
          [
            28.2244027,
            -25.8758982
          ],
          [
            28.2243852,
            -25.8757184
          ],
          [
            28.2243611,
            -25.8754982
          ],
          [
            28.2243282,
            -25.8752249
          ],
          [
            28.2242739,
            -25.8747754
          ],
          [
            28.2242357,
            -25.8744707
          ],
          [
            28.2241995,
            -25.8741896
          ],
          [
            28.2241553,
            -25.8738741
          ],
          [
            28.2240788,
            -25.873439
          ],
          [
            28.2239876,
            -25.8729557
          ],
          [
            28.223887,
            -25.8724326
          ],
          [
            28.2237764,
            -25.8718546
          ],
          [
            28.2234196,
            -25.8699891
          ],
          [
            28.2232372,
            -25.869031
          ],
          [
            28.2231212,
            -25.8684258
          ],
          [
            28.2230589,
            -25.8680867
          ],
          [
            28.2229979,
            -25.8675671
          ]
        ]
      }
    },
    {
      "type": "Feature",
      "properties": {
        "id": "way/755846243",
        "name": "Unnamed",
        "network": "PRASA"
      },
      "geometry": {
        "type": "LineString",
        "coordinates": [
          [
            28.1905717,
            -25.7608315
          ],
          [
            28.1885876,
            -25.7587557
          ]
        ]
      }
    },
    {
      "type": "Feature",
      "properties": {
        "id": "way/755846244",
        "name": "Unnamed",
        "network": "PRASA"
      },
      "geometry": {
        "type": "LineString",
        "coordinates": [
          [
            28.1884983,
            -25.7588249
          ],
          [
            28.1882981,
            -25.7586234
          ],
          [
            28.188215,
            -25.7585412
          ]
        ]
      }
    },
    {
      "type": "Feature",
      "properties": {
        "id": "way/755846245",
        "name": "Unnamed",
        "network": "PRASA"
      },
      "geometry": {
        "type": "LineString",
        "coordinates": [
          [
            28.1877298,
            -25.7580231
          ],
          [
            28.1879641,
            -25.7581553
          ]
        ]
      }
    },
    {
      "type": "Feature",
      "properties": {
        "id": "way/755846248",
        "name": "Unnamed",
        "network": "PRASA"
      },
      "geometry": {
        "type": "LineString",
        "coordinates": [
          [
            28.1601202,
            -25.7548263
          ],
          [
            28.1601376,
            -25.7549708
          ],
          [
            28.1601591,
            -25.7550885
          ],
          [
            28.1601892,
            -25.7552262
          ],
          [
            28.1602167,
            -25.7553174
          ],
          [
            28.1602352,
            -25.7553673
          ],
          [
            28.1602791,
            -25.7554769
          ],
          [
            28.1603408,
            -25.7555965
          ],
          [
            28.1604266,
            -25.7557329
          ],
          [
            28.1605078,
            -25.7558362
          ],
          [
            28.1606385,
            -25.7559769
          ],
          [
            28.1607478,
            -25.7560742
          ],
          [
            28.1608732,
            -25.756166
          ],
          [
            28.1609983,
            -25.7562418
          ],
          [
            28.1611126,
            -25.7563
          ],
          [
            28.1612494,
            -25.7563586
          ],
          [
            28.1613835,
            -25.7564015
          ],
          [
            28.1615257,
            -25.7564353
          ],
          [
            28.1616993,
            -25.7564631
          ],
          [
            28.1618055,
            -25.7564715
          ],
          [
            28.1618683,
            -25.7564764
          ],
          [
            28.1621023,
            -25.7564752
          ],
          [
            28.162394,
            -25.7564559
          ],
          [
            28.1632452,
            -25.7563968
          ],
          [
            28.1637532,
            -25.7563628
          ],
          [
            28.1643561,
            -25.7563224
          ],
          [
            28.1649502,
            -25.7562795
          ],
          [
            28.1655215,
            -25.7562445
          ],
          [
            28.1660178,
            -25.7562024
          ]
        ]
      }
    },
    {
      "type": "Feature",
      "properties": {
        "id": "way/755846249",
        "name": "Unnamed",
        "network": "PRASA"
      },
      "geometry": {
        "type": "LineString",
        "coordinates": [
          [
            28.1636516,
            -25.7564545
          ],
          [
            28.1637305,
            -25.7564486
          ],
          [
            28.1638113,
            -25.7564432
          ],
          [
            28.1639122,
            -25.7564365
          ],
          [
            28.1642898,
            -25.7564133
          ],
          [
            28.1643815,
            -25.7564069
          ],
          [
            28.1649488,
            -25.7563677
          ],
          [
            28.1649944,
            -25.7563632
          ]
        ]
      }
    },
    {
      "type": "Feature",
      "properties": {
        "id": "way/755846250",
        "name": "Unnamed",
        "network": "PRASA"
      },
      "geometry": {
        "type": "LineString",
        "coordinates": [
          [
            28.1636516,
            -25.7564545
          ],
          [
            28.1625187,
            -25.7565283
          ],
          [
            28.1620795,
            -25.7565598
          ],
          [
            28.1619508,
            -25.7565682
          ],
          [
            28.1618026,
            -25.7565664
          ],
          [
            28.1616671,
            -25.7565573
          ],
          [
            28.1615136,
            -25.7565356
          ],
          [
            28.1613808,
            -25.7565054
          ],
          [
            28.161244,
            -25.7564643
          ],
          [
            28.1610817,
            -25.7564033
          ],
          [
            28.1609845,
            -25.7563556
          ],
          [
            28.1608484,
            -25.7562783
          ],
          [
            28.1607297,
            -25.7561992
          ],
          [
            28.1605641,
            -25.7560615
          ],
          [
            28.1604038,
            -25.755893
          ],
          [
            28.160318,
            -25.7557698
          ],
          [
            28.1602603,
            -25.7556756
          ],
          [
            28.1602107,
            -25.7555705
          ],
          [
            28.1601544,
            -25.7554316
          ],
          [
            28.1601155,
            -25.7553362
          ],
          [
            28.1600706,
            -25.755161
          ],
          [
            28.1600384,
            -25.7549151
          ],
          [
            28.1600299,
            -25.7548276
          ]
        ]
      }
    },
    {
      "type": "Feature",
      "properties": {
        "id": "way/755846251",
        "name": "Unnamed",
        "network": "PRASA"
      },
      "geometry": {
        "type": "LineString",
        "coordinates": [
          [
            28.1649857,
            -25.7564038
          ],
          [
            28.1648527,
            -25.7564139
          ],
          [
            28.1642756,
            -25.7564528
          ],
          [
            28.1636699,
            -25.7564924
          ]
        ]
      }
    },
    {
      "type": "Feature",
      "properties": {
        "id": "way/755846252",
        "name": "Unnamed",
        "network": "PRASA"
      },
      "geometry": {
        "type": "LineString",
        "coordinates": [
          [
            28.1636699,
            -25.7564924
          ],
          [
            28.1631796,
            -25.7565257
          ],
          [
            28.1620929,
            -25.7565996
          ],
          [
            28.1618871,
            -25.7566074
          ],
          [
            28.1618019,
            -25.7566117
          ],
          [
            28.1616182,
            -25.7566074
          ],
          [
            28.1614573,
            -25.7565942
          ],
          [
            28.1612849,
            -25.7565615
          ],
          [
            28.1611454,
            -25.7565265
          ],
          [
            28.1610294,
            -25.7564855
          ],
          [
            28.1609295,
            -25.7564408
          ],
          [
            28.1608102,
            -25.7563798
          ],
          [
            28.1606472,
            -25.7562711
          ],
          [
            28.1605252,
            -25.7561672
          ],
          [
            28.1604373,
            -25.7560778
          ],
          [
            28.1603408,
            -25.755963
          ],
          [
            28.1602945,
            -25.7558972
          ],
          [
            28.1602362,
            -25.7558018
          ],
          [
            28.1601767,
            -25.7556711
          ],
          [
            28.1601363,
            -25.7555611
          ],
          [
            28.1601061,
            -25.7554606
          ],
          [
            28.1600662,
            -25.7553004
          ],
          [
            28.1600511,
            -25.7552429
          ],
          [
            28.1600196,
            -25.7550904
          ],
          [
            28.1600006,
            -25.7548725
          ],
          [
            28.1599948,
            -25.754825
          ]
        ]
      }
    },
    {
      "type": "Feature",
      "properties": {
        "id": "way/755846253",
        "name": "Unnamed",
        "network": "PRASA"
      },
      "geometry": {
        "type": "LineString",
        "coordinates": [
          [
            28.1662174,
            -25.7562328
          ],
          [
            28.1657696,
            -25.7562614
          ],
          [
            28.1655744,
            -25.7562761
          ],
          [
            28.1653357,
            -25.756294
          ],
          [
            28.1636981,
            -25.7564031
          ],
          [
            28.1635782,
            -25.7564111
          ],
          [
            28.1632503,
            -25.7564357
          ],
          [
            28.162561,
            -25.7564836
          ],
          [
            28.1621526,
            -25.7565096
          ],
          [
            28.1618777,
            -25.7565126
          ],
          [
            28.1618041,
            -25.756507
          ],
          [
            28.1616457,
            -25.7564951
          ],
          [
            28.1614928,
            -25.7564661
          ],
          [
            28.1613339,
            -25.7564238
          ],
          [
            28.1611374,
            -25.756352
          ],
          [
            28.1609771,
            -25.7562747
          ],
          [
            28.1608826,
            -25.7562191
          ],
          [
            28.1607753,
            -25.7561448
          ],
          [
            28.1606559,
            -25.7560482
          ],
          [
            28.1605708,
            -25.755963
          ],
          [
            28.1604702,
            -25.7558549
          ],
          [
            28.1603763,
            -25.7557317
          ],
          [
            28.1603153,
            -25.7556351
          ],
          [
            28.1602731,
            -25.7555548
          ],
          [
            28.1602342,
            -25.7554739
          ],
          [
            28.1602047,
            -25.7554038
          ],
          [
            28.1601778,
            -25.7553241
          ],
          [
            28.1601638,
            -25.7552815
          ],
          [
            28.1601369,
            -25.7551822
          ],
          [
            28.1601162,
            -25.7550777
          ],
          [
            28.1600927,
            -25.7549508
          ],
          [
            28.1600839,
            -25.754833
          ]
        ]
      }
    },
    {
      "type": "Feature",
      "properties": {
        "id": "way/755846254",
        "name": "Unnamed",
        "network": "PRASA"
      },
      "geometry": {
        "type": "LineString",
        "coordinates": [
          [
            28.1875317,
            -25.7579874
          ],
          [
            28.1873951,
            -25.7579221
          ]
        ]
      }
    },
    {
      "type": "Feature",
      "properties": {
        "id": "way/755846256",
        "name": "Unnamed",
        "network": "PRASA"
      },
      "geometry": {
        "type": "LineString",
        "coordinates": [
          [
            28.1870685,
            -25.7576771
          ],
          [
            28.1870465,
            -25.7576629
          ]
        ]
      }
    },
    {
      "type": "Feature",
      "properties": {
        "id": "way/755846259",
        "name": "Unnamed",
        "network": "PRASA"
      },
      "geometry": {
        "type": "LineString",
        "coordinates": [
          [
            28.1828788,
            -25.7560129
          ],
          [
            28.1827842,
            -25.7559649
          ],
          [
            28.1825908,
            -25.7558746
          ]
        ]
      }
    },
    {
      "type": "Feature",
      "properties": {
        "id": "way/755846260",
        "name": "Unnamed",
        "network": "PRASA"
      },
      "geometry": {
        "type": "LineString",
        "coordinates": [
          [
            28.1872958,
            -25.757805
          ],
          [
            28.1876434,
            -25.7579796
          ],
          [
            28.1877298,
            -25.7580231
          ]
        ]
      }
    },
    {
      "type": "Feature",
      "properties": {
        "id": "way/755846261",
        "name": "Unnamed",
        "network": "PRASA"
      },
      "geometry": {
        "type": "LineString",
        "coordinates": [
          [
            28.1871474,
            -25.7578008
          ],
          [
            28.1870211,
            -25.7577385
          ],
          [
            28.1866502,
            -25.757552
          ],
          [
            28.1864069,
            -25.7574459
          ],
          [
            28.1862217,
            -25.757369
          ],
          [
            28.185178,
            -25.7569318
          ],
          [
            28.1840985,
            -25.7564945
          ],
          [
            28.1828378,
            -25.7559733
          ],
          [
            28.1825908,
            -25.7558746
          ]
        ]
      }
    },
    {
      "type": "Feature",
      "properties": {
        "id": "way/755846262",
        "name": "Unnamed",
        "network": "PRASA"
      },
      "geometry": {
        "type": "LineString",
        "coordinates": [
          [
            28.1825908,
            -25.7558746
          ],
          [
            28.1824657,
            -25.7558254
          ],
          [
            28.1823549,
            -25.7557863
          ],
          [
            28.1822276,
            -25.7557444
          ],
          [
            28.1821228,
            -25.7557152
          ],
          [
            28.1820132,
            -25.7556872
          ],
          [
            28.1819233,
            -25.7556712
          ]
        ]
      }
    },
    {
      "type": "Feature",
      "properties": {
        "id": "way/765045275",
        "name": "Unnamed",
        "network": "PRASA"
      },
      "geometry": {
        "type": "LineString",
        "coordinates": [
          [
            28.0458986,
            -26.1978417
          ],
          [
            28.0456308,
            -26.1978635
          ],
          [
            28.0439141,
            -26.1980824
          ],
          [
            28.0422145,
            -26.1982834
          ]
        ]
      }
    },
    {
      "type": "Feature",
      "properties": {
        "id": "way/767808245",
        "name": "Unnamed",
        "network": "PRASA"
      },
      "geometry": {
        "type": "LineString",
        "coordinates": [
          [
            27.9413009,
            -25.6257426
          ],
          [
            27.9418802,
            -25.6255842
          ],
          [
            27.9420747,
            -25.6255201
          ],
          [
            27.9424623,
            -25.6253557
          ],
          [
            27.942827,
            -25.6252251
          ],
          [
            27.9431556,
            -25.6251308
          ],
          [
            27.9445477,
            -25.6247172
          ],
          [
            27.9451076,
            -25.62456
          ],
          [
            27.9467042,
            -25.6240939
          ],
          [
            27.9478528,
            -25.6237909
          ],
          [
            27.9487031,
            -25.6235703
          ],
          [
            27.9487809,
            -25.6235503
          ],
          [
            27.9496117,
            -25.6233339
          ],
          [
            27.9500421,
            -25.6232202
          ],
          [
            27.9508669,
            -25.6230069
          ],
          [
            27.9529899,
            -25.6223858
          ],
          [
            27.9547837,
            -25.6218617
          ],
          [
            27.9566592,
            -25.6213018
          ],
          [
            27.9604592,
            -25.6201869
          ],
          [
            27.9624689,
            -25.6195901
          ],
          [
            27.9638609,
            -25.6191832
          ],
          [
            27.9681082,
            -25.6179346
          ],
          [
            27.9685092,
            -25.6178216
          ],
          [
            27.9686634,
            -25.6177811
          ],
          [
            27.9689565,
            -25.6177139
          ],
          [
            27.9692347,
            -25.6176668
          ],
          [
            27.9694755,
            -25.6176335
          ],
          [
            27.9696927,
            -25.6176124
          ],
          [
            27.9699697,
            -25.617593
          ],
          [
            27.9702788,
            -25.617587
          ],
          [
            27.9705182,
            -25.6175912
          ],
          [
            27.97106,
            -25.6176263
          ],
          [
            27.9729148,
            -25.6177932
          ],
          [
            27.9738213,
            -25.6178693
          ],
          [
            27.9744959,
            -25.6179371
          ],
          [
            27.9750994,
            -25.6180181
          ],
          [
            27.9757136,
            -25.6181003
          ],
          [
            27.9760804,
            -25.6181487
          ],
          [
            27.9763835,
            -25.6181856
          ],
          [
            27.9771124,
            -25.6182466
          ],
          [
            27.9783945,
            -25.6183615
          ],
          [
            27.9795398,
            -25.6184595
          ],
          [
            27.9823045,
            -25.6187043
          ],
          [
            27.9848814,
            -25.6189274
          ],
          [
            27.9878627,
            -25.6191868
          ],
          [
            27.988601,
            -25.6192533
          ],
          [
            27.9888752,
            -25.6192715
          ],
          [
            27.9890368,
            -25.6192793
          ],
          [
            27.9893091,
            -25.6192902
          ],
          [
            27.9898287,
            -25.6192981
          ],
          [
            27.9901164,
            -25.6193053
          ],
          [
            27.9903518,
            -25.6193174
          ],
          [
            27.9905033,
            -25.6193307
          ],
          [
            27.992228,
            -25.6194692
          ],
          [
            27.9937723,
            -25.6196173
          ],
          [
            27.9941323,
            -25.6196566
          ],
          [
            27.9944951,
            -25.6197068
          ],
          [
            27.9949028,
            -25.6197655
          ],
          [
            27.9952066,
            -25.6198096
          ],
          [
            27.9955915,
            -25.6198592
          ],
          [
            27.9961896,
            -25.6199178
          ],
          [
            27.9968388,
            -25.6199737
          ],
          [
            27.9979008,
            -25.6200653
          ],
          [
            27.9988859,
            -25.6201542
          ],
          [
            28.0000144,
            -25.6202522
          ],
          [
            28.0009894,
            -25.620335
          ],
          [
            28.0015862,
            -25.6203882
          ],
          [
            28.0023205,
            -25.6204529
          ],
          [
            28.0030809,
            -25.6205206
          ],
          [
            28.0041953,
            -25.620618
          ],
          [
            28.0050409,
            -25.6206905
          ],
          [
            28.0063397,
            -25.620803
          ],
          [
            28.0072718,
            -25.6208852
          ],
          [
            28.0082924,
            -25.6209735
          ],
          [
            28.0092037,
            -25.6210539
          ],
          [
            28.0103362,
            -25.6211543
          ],
          [
            28.0112408,
            -25.6212298
          ],
          [
            28.012254,
            -25.6213193
          ],
          [
            28.0131868,
            -25.6214016
          ],
          [
            28.0143978,
            -25.6215092
          ],
          [
            28.0151729,
            -25.6215775
          ]
        ]
      }
    },
    {
      "type": "Feature",
      "properties": {
        "id": "way/767808253",
        "name": "Unnamed",
        "network": "PRASA"
      },
      "geometry": {
        "type": "LineString",
        "coordinates": [
          [
            27.9968354,
            -25.6200088
          ],
          [
            27.9965296,
            -25.619984
          ],
          [
            27.9961715,
            -25.6199547
          ],
          [
            27.995398,
            -25.6198841
          ],
          [
            27.991595,
            -25.6195442
          ],
          [
            27.9904657,
            -25.619454
          ],
          [
            27.9889771,
            -25.6193241
          ],
          [
            27.987862,
            -25.6192225
          ],
          [
            27.9848734,
            -25.6189631
          ],
          [
            27.9822978,
            -25.618737
          ],
          [
            27.9794875,
            -25.6184921
          ],
          [
            27.977105,
            -25.6182847
          ],
          [
            27.9757129,
            -25.6181583
          ],
          [
            27.9738119,
            -25.6179951
          ],
          [
            27.9717312,
            -25.6178101
          ],
          [
            27.9710466,
            -25.6177538
          ],
          [
            27.9705007,
            -25.6177085
          ],
          [
            27.9702419,
            -25.6176958
          ],
          [
            27.9700166,
            -25.6176922
          ],
          [
            27.969853,
            -25.6176934
          ],
          [
            27.9694721,
            -25.6177061
          ],
          [
            27.9689907,
            -25.617769
          ],
          [
            27.9685172,
            -25.6178572
          ],
          [
            27.9681176,
            -25.6179697
          ],
          [
            27.9649251,
            -25.6189063
          ],
          [
            27.963869,
            -25.6192171
          ],
          [
            27.9626586,
            -25.619575
          ],
          [
            27.9604666,
            -25.6202213
          ],
          [
            27.9566833,
            -25.6213314
          ],
          [
            27.9547897,
            -25.6218852
          ],
          [
            27.952998,
            -25.6224155
          ],
          [
            27.9519171,
            -25.6227329
          ],
          [
            27.9508777,
            -25.623037
          ],
          [
            27.9501998,
            -25.6232184
          ],
          [
            27.9498987,
            -25.6232916
          ],
          [
            27.9496171,
            -25.6233678
          ],
          [
            27.9494353,
            -25.6234178
          ],
          [
            27.9494105,
            -25.6234246
          ],
          [
            27.9491557,
            -25.6234881
          ],
          [
            27.9486059,
            -25.6236313
          ],
          [
            27.9467189,
            -25.6241253
          ],
          [
            27.9451177,
            -25.6245969
          ],
          [
            27.9445638,
            -25.6247499
          ],
          [
            27.9431677,
            -25.6251658
          ],
          [
            27.9428472,
            -25.6252686
          ],
          [
            27.9427526,
            -25.6252964
          ],
          [
            27.9425092,
            -25.6253877
          ],
          [
            27.9422557,
            -25.6254851
          ],
          [
            27.9420231,
            -25.6255764
          ],
          [
            27.9417347,
            -25.6256622
          ],
          [
            27.9413056,
            -25.6257795
          ]
        ]
      }
    },
    {
      "type": "Feature",
      "properties": {
        "id": "way/769720819",
        "name": "Unnamed",
        "network": "PRASA"
      },
      "geometry": {
        "type": "LineString",
        "coordinates": [
          [
            28.032451,
            -25.623121
          ],
          [
            28.0338652,
            -25.623242
          ],
          [
            28.0359158,
            -25.623421
          ],
          [
            28.0378161,
            -25.623586
          ],
          [
            28.0398452,
            -25.623762
          ],
          [
            28.0417845,
            -25.6239276
          ],
          [
            28.0426012,
            -25.6240014
          ],
          [
            28.0430344,
            -25.6240437
          ],
          [
            28.0433871,
            -25.6240824
          ],
          [
            28.0439155,
            -25.6241525
          ],
          [
            28.0443755,
            -25.6242275
          ],
          [
            28.0449535,
            -25.6243351
          ],
          [
            28.0454001,
            -25.6244331
          ],
          [
            28.0460425,
            -25.6245927
          ],
          [
            28.0470389,
            -25.6248684
          ],
          [
            28.047743,
            -25.625057
          ],
          [
            28.0493335,
            -25.6254899
          ],
          [
            28.050857,
            -25.6259022
          ],
          [
            28.0540274,
            -25.6267596
          ],
          [
            28.0554845,
            -25.6271531
          ],
          [
            28.0558272,
            -25.6272456
          ],
          [
            28.0576846,
            -25.6277462
          ],
          [
            28.0587924,
            -25.6280497
          ],
          [
            28.0603494,
            -25.6284669
          ],
          [
            28.0615202,
            -25.6287837
          ],
          [
            28.0625381,
            -25.629057
          ],
          [
            28.0648582,
            -25.6296833
          ],
          [
            28.0663387,
            -25.6300836
          ],
          [
            28.0680996,
            -25.6305551
          ],
          [
            28.0687836,
            -25.6307365
          ],
          [
            28.0701824,
            -25.6311174
          ],
          [
            28.0716468,
            -25.6315115
          ],
          [
            28.0729504,
            -25.6318634
          ],
          [
            28.0741641,
            -25.6321862
          ],
          [
            28.0756554,
            -25.6325913
          ],
          [
            28.077079,
            -25.6329728
          ],
          [
            28.0783497,
            -25.6333143
          ],
          [
            28.0797015,
            -25.6336783
          ],
          [
            28.0808844,
            -25.6339975
          ],
          [
            28.0816085,
            -25.6341957
          ],
          [
            28.0822449,
            -25.6343699
          ],
          [
            28.0826271,
            -25.6344654
          ],
          [
            28.083635,
            -25.6347381
          ],
          [
            28.0848058,
            -25.6350543
          ],
          [
            28.0859189,
            -25.6353529
          ],
          [
            28.0872412,
            -25.6357096
          ],
          [
            28.0884334,
            -25.63603
          ],
          [
            28.0896431,
            -25.6363552
          ],
          [
            28.0900495,
            -25.6364665
          ],
          [
            28.0913088,
            -25.6368056
          ],
          [
            28.0919773,
            -25.6369834
          ],
          [
            28.0923984,
            -25.6370976
          ],
          [
            28.0926291,
            -25.6371689
          ],
          [
            28.0930515,
            -25.6373195
          ],
          [
            28.0935471,
            -25.6374972
          ],
          [
            28.0937777,
            -25.637571
          ],
          [
            28.0939615,
            -25.6376223
          ],
          [
            28.0947039,
            -25.6378244
          ],
          [
            28.0966236,
            -25.6383423
          ],
          [
            28.0968851,
            -25.6384016
          ],
          [
            28.0972941,
            -25.6384844
          ],
          [
            28.0978259,
            -25.6385817
          ],
          [
            28.0982798,
            -25.6386803
          ],
          [
            28.0987465,
            -25.6388024
          ],
          [
            28.099287,
            -25.6389481
          ],
          [
            28.099745,
            -25.639072
          ],
          [
            28.0998181,
            -25.6390926
          ],
          [
            28.1003096,
            -25.6392244
          ],
          [
            28.1009889,
            -25.6394087
          ],
          [
            28.1016708,
            -25.6395907
          ],
          [
            28.1026237,
            -25.639847
          ],
          [
            28.1040419,
            -25.6402291
          ],
          [
            28.1067281,
            -25.6409521
          ],
          [
            28.1089269,
            -25.6415409
          ],
          [
            28.1116895,
            -25.642282
          ],
          [
            28.1130038,
            -25.6426363
          ],
          [
            28.1175428,
            -25.6438586
          ],
          [
            28.1179451,
            -25.6439746
          ],
          [
            28.1188081,
            -25.6441959
          ],
          [
            28.1203343,
            -25.6446094
          ],
          [
            28.1217465,
            -25.6449914
          ],
          [
            28.1232733,
            -25.6454003
          ]
        ]
      }
    },
    {
      "type": "Feature",
      "properties": {
        "id": "way/769731090",
        "name": "Unnamed",
        "network": "PRASA"
      },
      "geometry": {
        "type": "LineString",
        "coordinates": [
          [
            28.3565243,
            -25.7225885
          ],
          [
            28.3565299,
            -25.7225879
          ],
          [
            28.3573985,
            -25.7224573
          ],
          [
            28.357954,
            -25.7223685
          ],
          [
            28.3611649,
            -25.7218744
          ]
        ]
      }
    },
    {
      "type": "Feature",
      "properties": {
        "id": "way/769731091",
        "name": "Unnamed",
        "network": "PRASA"
      },
      "geometry": {
        "type": "LineString",
        "coordinates": [
          [
            28.3632894,
            -25.7215862
          ],
          [
            28.3625103,
            -25.7217091
          ],
          [
            28.3617921,
            -25.7218204
          ],
          [
            28.3597766,
            -25.722125
          ],
          [
            28.3583291,
            -25.722344
          ],
          [
            28.3579528,
            -25.7224009
          ],
          [
            28.3574252,
            -25.7224886
          ],
          [
            28.3569326,
            -25.7225664
          ],
          [
            28.3568893,
            -25.722573
          ],
          [
            28.3567375,
            -25.7225976
          ]
        ]
      }
    },
    {
      "type": "Feature",
      "properties": {
        "id": "way/781642106",
        "name": "Unnamed",
        "network": "PRASA"
      },
      "geometry": {
        "type": "LineString",
        "coordinates": [
          [
            28.1485119,
            -26.2135581
          ],
          [
            28.1480925,
            -26.2134895
          ],
          [
            28.1478658,
            -26.213454
          ],
          [
            28.147532,
            -26.2134169
          ]
        ]
      }
    },
    {
      "type": "Feature",
      "properties": {
        "id": "way/781863609",
        "name": "Unnamed",
        "network": "PRASA"
      },
      "geometry": {
        "type": "LineString",
        "coordinates": [
          [
            28.0766545,
            -25.5419435
          ],
          [
            28.0766947,
            -25.5418728
          ]
        ]
      }
    },
    {
      "type": "Feature",
      "properties": {
        "id": "way/781863614",
        "name": "Unnamed",
        "network": "PRASA"
      },
      "geometry": {
        "type": "LineString",
        "coordinates": [
          [
            28.1680843,
            -25.7369823
          ],
          [
            28.1683432,
            -25.7368729
          ],
          [
            28.1687609,
            -25.7367002
          ],
          [
            28.1691334,
            -25.7365456
          ]
        ]
      }
    },
    {
      "type": "Feature",
      "properties": {
        "id": "way/781863616",
        "name": "Unnamed",
        "network": "PRASA"
      },
      "geometry": {
        "type": "LineString",
        "coordinates": [
          [
            28.1680843,
            -25.7369823
          ],
          [
            28.1674364,
            -25.7372107
          ]
        ]
      }
    },
    {
      "type": "Feature",
      "properties": {
        "id": "way/818550539",
        "name": "Unnamed",
        "network": "PRASA"
      },
      "geometry": {
        "type": "LineString",
        "coordinates": [
          [
            28.0458956,
            -26.197793
          ],
          [
            28.0456267,
            -26.1978235
          ]
        ]
      }
    },
    {
      "type": "Feature",
      "properties": {
        "id": "way/819441821",
        "name": "Unnamed",
        "network": "PRASA"
      },
      "geometry": {
        "type": "LineString",
        "coordinates": [
          [
            28.1817542,
            -25.6686633
          ],
          [
            28.1817679,
            -25.6683886
          ],
          [
            28.1817887,
            -25.6682134
          ],
          [
            28.181798,
            -25.6680051
          ]
        ]
      }
    },
    {
      "type": "Feature",
      "properties": {
        "id": "way/835053885",
        "name": "Unnamed",
        "network": "PRASA"
      },
      "geometry": {
        "type": "LineString",
        "coordinates": [
          [
            28.0771753,
            -26.2089011
          ],
          [
            28.0768295,
            -26.2090256
          ],
          [
            28.0765405,
            -26.2091123
          ],
          [
            28.07622,
            -26.2091953
          ],
          [
            28.0758579,
            -26.2092741
          ],
          [
            28.0754931,
            -26.2093391
          ],
          [
            28.0751532,
            -26.2093842
          ],
          [
            28.0748467,
            -26.2094143
          ],
          [
            28.0745027,
            -26.2094305
          ],
          [
            28.0742291,
            -26.2094359
          ],
          [
            28.07391,
            -26.2094287
          ],
          [
            28.0736303,
            -26.2094059
          ],
          [
            28.0733521,
            -26.209371
          ],
          [
            28.0730577,
            -26.2093204
          ],
          [
            28.0728087,
            -26.2092618
          ],
          [
            28.0725499,
            -26.2091909
          ],
          [
            28.0723456,
            -26.2091285
          ],
          [
            28.071764,
            -26.2089408
          ],
          [
            28.0714082,
            -26.2088225
          ],
          [
            28.0711075,
            -26.2087245
          ],
          [
            28.07085,
            -26.2086228
          ],
          [
            28.0705231,
            -26.2084846
          ],
          [
            28.0702137,
            -26.2083367
          ],
          [
            28.0699203,
            -26.2081737
          ],
          [
            28.0694481,
            -26.2079096
          ],
          [
            28.0679624,
            -26.2070538
          ],
          [
            28.0672088,
            -26.206618
          ],
          [
            28.0659564,
            -26.2059035
          ],
          [
            28.0653734,
            -26.2055701
          ],
          [
            28.0650773,
            -26.20539
          ],
          [
            28.0647989,
            -26.205193
          ],
          [
            28.064612,
            -26.2050461
          ],
          [
            28.0644355,
            -26.2048868
          ],
          [
            28.0642664,
            -26.2047315
          ],
          [
            28.0624548,
            -26.2030448
          ],
          [
            28.0622445,
            -26.2028258
          ],
          [
            28.0619619,
            -26.2025034
          ],
          [
            28.0617928,
            -26.202296
          ],
          [
            28.0616273,
            -26.2020805
          ],
          [
            28.0609181,
            -26.2011221
          ],
          [
            28.0608684,
            -26.2010539
          ],
          [
            28.0607145,
            -26.2008402
          ],
          [
            28.0606229,
            -26.2007192
          ],
          [
            28.0605763,
            -26.2006574
          ],
          [
            28.0604417,
            -26.2004827
          ],
          [
            28.0603803,
            -26.2004036
          ],
          [
            28.0602265,
            -26.2002188
          ],
          [
            28.0600811,
            -26.2000493
          ],
          [
            28.0599381,
            -26.1998923
          ],
          [
            28.0597932,
            -26.1997275
          ],
          [
            28.0596283,
            -26.199541
          ],
          [
            28.0590814,
            -26.1989224
          ],
          [
            28.0590555,
            -26.1988899
          ],
          [
            28.0589407,
            -26.1987687
          ],
          [
            28.0588487,
            -26.1986696
          ],
          [
            28.0587293,
            -26.1985589
          ],
          [
            28.0586153,
            -26.1984542
          ],
          [
            28.0584799,
            -26.1983435
          ],
          [
            28.0583739,
            -26.1982599
          ],
          [
            28.0582774,
            -26.1981877
          ],
          [
            28.0581473,
            -26.1981023
          ],
          [
            28.057932,
            -26.1979705
          ],
          [
            28.0576582,
            -26.1978195
          ]
        ]
      }
    },
    {
      "type": "Feature",
      "properties": {
        "id": "way/835057401",
        "name": "Unnamed",
        "network": "PRASA"
      },
      "geometry": {
        "type": "LineString",
        "coordinates": [
          [
            28.1678646,
            -26.210075
          ],
          [
            28.1659264,
            -26.2095993
          ],
          [
            28.1655681,
            -26.2095141
          ],
          [
            28.1653833,
            -26.2094738
          ],
          [
            28.1648932,
            -26.2093781
          ]
        ]
      }
    },
    {
      "type": "Feature",
      "properties": {
        "id": "way/835067151",
        "name": "Unnamed",
        "network": "PRASA"
      },
      "geometry": {
        "type": "LineString",
        "coordinates": [
          [
            28.147532,
            -26.2134169
          ],
          [
            28.1473942,
            -26.2134053
          ],
          [
            28.1472867,
            -26.2133956
          ],
          [
            28.1470385,
            -26.2133702
          ],
          [
            28.1468256,
            -26.213341
          ],
          [
            28.1466365,
            -26.2133034
          ],
          [
            28.1464484,
            -26.2132742
          ],
          [
            28.1462019,
            -26.2132062
          ],
          [
            28.145997,
            -26.2131441
          ],
          [
            28.1459253,
            -26.2131199
          ]
        ]
      }
    },
    {
      "type": "Feature",
      "properties": {
        "id": "way/835067152",
        "name": "Unnamed",
        "network": "PRASA"
      },
      "geometry": {
        "type": "LineString",
        "coordinates": [
          [
            28.1485119,
            -26.2135581
          ],
          [
            28.1475321,
            -26.2134606
          ],
          [
            28.1472822,
            -26.2134358
          ],
          [
            28.1470325,
            -26.2134103
          ],
          [
            28.1468173,
            -26.2133808
          ],
          [
            28.1466269,
            -26.2133429
          ],
          [
            28.1464358,
            -26.2133098
          ],
          [
            28.146187,
            -26.2132483
          ],
          [
            28.1459883,
            -26.2131797
          ],
          [
            28.1458777,
            -26.2131436
          ]
        ]
      }
    },
    {
      "type": "Feature",
      "properties": {
        "id": "way/835082094",
        "name": "Unnamed",
        "network": "PRASA"
      },
      "geometry": {
        "type": "LineString",
        "coordinates": [
          [
            28.0792029,
            -26.2082275
          ],
          [
            28.0788645,
            -26.2083331
          ],
          [
            28.0784888,
            -26.208457
          ],
          [
            28.0778802,
            -26.2086867
          ],
          [
            28.0778051,
            -26.2087138
          ]
        ]
      }
    },
    {
      "type": "Feature",
      "properties": {
        "id": "way/835082095",
        "name": "Unnamed",
        "network": "PRASA"
      },
      "geometry": {
        "type": "LineString",
        "coordinates": [
          [
            28.0837197,
            -26.2065078
          ],
          [
            28.0833098,
            -26.2066576
          ],
          [
            28.0823049,
            -26.2070276
          ],
          [
            28.0819351,
            -26.2071606
          ],
          [
            28.0817797,
            -26.2072185
          ],
          [
            28.0810228,
            -26.2074889
          ],
          [
            28.0804411,
            -26.2077085
          ],
          [
            28.0799816,
            -26.2078678
          ],
          [
            28.0791824,
            -26.2081679
          ],
          [
            28.0781957,
            -26.2085295
          ],
          [
            28.0779615,
            -26.2086151
          ],
          [
            28.0776704,
            -26.2087221
          ],
          [
            28.0771753,
            -26.2089011
          ]
        ]
      }
    },
    {
      "type": "Feature",
      "properties": {
        "id": "way/838003124",
        "name": "Unnamed",
        "network": "PRASA"
      },
      "geometry": {
        "type": "LineString",
        "coordinates": [
          [
            28.224377,
            -25.8892209
          ],
          [
            28.2242592,
            -25.8878675
          ],
          [
            28.2242505,
            -25.8877981
          ],
          [
            28.2241318,
            -25.8864028
          ],
          [
            28.2240479,
            -25.8854502
          ],
          [
            28.223997,
            -25.8848518
          ],
          [
            28.22394,
            -25.8842159
          ],
          [
            28.2239018,
            -25.8837616
          ],
          [
            28.2238816,
            -25.8834552
          ],
          [
            28.223879,
            -25.8832434
          ],
          [
            28.223879,
            -25.883095
          ],
          [
            28.2238884,
            -25.8829038
          ],
          [
            28.2239071,
            -25.882648
          ],
          [
            28.2239165,
            -25.8825358
          ],
          [
            28.2239306,
            -25.8823693
          ],
          [
            28.2239809,
            -25.8819089
          ],
          [
            28.2240205,
            -25.8814963
          ],
          [
            28.2240728,
            -25.8809913
          ],
          [
            28.2241177,
            -25.8805431
          ],
          [
            28.2241787,
            -25.8799301
          ],
          [
            28.2242652,
            -25.8790801
          ],
          [
            28.2243282,
            -25.8784605
          ],
          [
            28.2243792,
            -25.8779591
          ],
          [
            28.2244174,
            -25.8774348
          ]
        ]
      }
    },
    {
      "type": "Feature",
      "properties": {
        "id": "way/838003129",
        "name": "Unnamed",
        "network": "PRASA"
      },
      "geometry": {
        "type": "LineString",
        "coordinates": [
          [
            28.2244369,
            -25.8892146
          ],
          [
            28.2243872,
            -25.8886493
          ],
          [
            28.2243316,
            -25.8880545
          ],
          [
            28.2242364,
            -25.8870091
          ],
          [
            28.2241693,
            -25.8862646
          ],
          [
            28.2241076,
            -25.8856041
          ],
          [
            28.2240627,
            -25.8850973
          ],
          [
            28.2240137,
            -25.8845483
          ],
          [
            28.2239749,
            -25.8841483
          ],
          [
            28.2239521,
            -25.8838594
          ],
          [
            28.223936,
            -25.8836163
          ],
          [
            28.2239252,
            -25.8834582
          ],
          [
            28.2239212,
            -25.8833351
          ],
          [
            28.2239199,
            -25.8831734
          ],
          [
            28.2239232,
            -25.8830335
          ],
          [
            28.2239293,
            -25.8828664
          ],
          [
            28.223944,
            -25.8826902
          ],
          [
            28.2239601,
            -25.8825032
          ],
          [
            28.2240513,
            -25.8815801
          ],
          [
            28.2241465,
            -25.8806499
          ],
          [
            28.2243048,
            -25.8790789
          ],
          [
            28.2244214,
            -25.8778819
          ]
        ]
      }
    },
    {
      "type": "Feature",
      "properties": {
        "id": "way/838146279",
        "name": "Unnamed",
        "network": "PRASA"
      },
      "geometry": {
        "type": "LineString",
        "coordinates": [
          [
            28.2075698,
            -25.8282363
          ],
          [
            28.2072566,
            -25.8276055
          ],
          [
            28.2072178,
            -25.8275337
          ],
          [
            28.2067913,
            -25.8266833
          ],
          [
            28.206462,
            -25.8260236
          ],
          [
            28.2060657,
            -25.8252347
          ],
          [
            28.205241,
            -25.8235953
          ],
          [
            28.2049439,
            -25.8230032
          ],
          [
            28.2044846,
            -25.8220936
          ],
          [
            28.2039683,
            -25.8210602
          ],
          [
            28.2036444,
            -25.8204026
          ],
          [
            28.2033976,
            -25.819853
          ],
          [
            28.2033024,
            -25.8196243
          ],
          [
            28.2031663,
            -25.8192724
          ],
          [
            28.2030302,
            -25.8189054
          ],
          [
            28.2028598,
            -25.8184345
          ],
          [
            28.2024924,
            -25.8174555
          ],
          [
            28.2021725,
            -25.8165766
          ],
          [
            28.202019,
            -25.8161598
          ],
          [
            28.2019164,
            -25.8158764
          ],
          [
            28.2017856,
            -25.8155166
          ],
          [
            28.2016676,
            -25.8151701
          ],
          [
            28.2015791,
            -25.8148701
          ],
          [
            28.201508,
            -25.8146353
          ],
          [
            28.2012726,
            -25.8137407
          ],
          [
            28.2010614,
            -25.8129119
          ],
          [
            28.2008763,
            -25.8121839
          ],
          [
            28.2007516,
            -25.8116817
          ]
        ]
      }
    },
    {
      "type": "Feature",
      "properties": {
        "id": "way/838146280",
        "name": "Unnamed",
        "network": "PRASA"
      },
      "geometry": {
        "type": "LineString",
        "coordinates": [
          [
            28.1925997,
            -25.7806318
          ],
          [
            28.1925856,
            -25.7808136
          ],
          [
            28.1925722,
            -25.7810756
          ],
          [
            28.1925714,
            -25.7812403
          ]
        ]
      }
    },
    {
      "type": "Feature",
      "properties": {
        "id": "way/840261374",
        "name": "Unnamed",
        "network": "PRASA"
      },
      "geometry": {
        "type": "LineString",
        "coordinates": [
          [
            28.2401828,
            -25.9685733
          ],
          [
            28.2398783,
            -25.9680518
          ]
        ]
      }
    },
    {
      "type": "Feature",
      "properties": {
        "id": "way/840261375",
        "name": "Unnamed",
        "network": "PRASA"
      },
      "geometry": {
        "type": "LineString",
        "coordinates": [
          [
            28.2422997,
            -25.9729566
          ],
          [
            28.2421174,
            -25.9725997
          ],
          [
            28.2418732,
            -25.9720994
          ],
          [
            28.241774,
            -25.9718552
          ],
          [
            28.2417384,
            -25.9717605
          ],
          [
            28.2416504,
            -25.9715444
          ],
          [
            28.2412469,
            -25.9707279
          ],
          [
            28.2409318,
            -25.9700919
          ],
          [
            28.2406857,
            -25.9695933
          ],
          [
            28.2403263,
            -25.9688621
          ],
          [
            28.2401828,
            -25.9685733
          ]
        ]
      }
    },
    {
      "type": "Feature",
      "properties": {
        "id": "way/842505818",
        "name": "Unnamed",
        "network": "PRASA"
      },
      "geometry": {
        "type": "LineString",
        "coordinates": [
          [
            28.0894548,
            -25.4975679
          ],
          [
            28.0894306,
            -25.4976758
          ],
          [
            28.0894029,
            -25.4977841
          ],
          [
            28.0893467,
            -25.498039
          ],
          [
            28.088918,
            -25.4998238
          ],
          [
            28.0887623,
            -25.5004695
          ],
          [
            28.0887445,
            -25.5005475
          ],
          [
            28.0884866,
            -25.5016227
          ],
          [
            28.0877455,
            -25.5047212
          ],
          [
            28.0869079,
            -25.5082096
          ],
          [
            28.0866344,
            -25.5093407
          ],
          [
            28.0864882,
            -25.5099501
          ],
          [
            28.0864298,
            -25.5101739
          ],
          [
            28.0862991,
            -25.5106237
          ],
          [
            28.0862314,
            -25.5108345
          ],
          [
            28.0860362,
            -25.5113671
          ],
          [
            28.0842201,
            -25.5160809
          ],
          [
            28.0839991,
            -25.5166632
          ],
          [
            28.0837926,
            -25.5172048
          ],
          [
            28.0835364,
            -25.5178686
          ],
          [
            28.0834586,
            -25.5180713
          ],
          [
            28.0833507,
            -25.5183618
          ],
          [
            28.0832273,
            -25.518708
          ],
          [
            28.0831441,
            -25.5189803
          ],
          [
            28.0830583,
            -25.519284
          ],
          [
            28.0830134,
            -25.5194632
          ],
          [
            28.0829625,
            -25.5196851
          ],
          [
            28.0828846,
            -25.5200731
          ],
          [
            28.0828404,
            -25.5203473
          ],
          [
            28.0828109,
            -25.5205651
          ],
          [
            28.082784,
            -25.5207866
          ],
          [
            28.0827653,
            -25.5209881
          ],
          [
            28.0827465,
            -25.521304
          ],
          [
            28.0827411,
            -25.5215387
          ],
          [
            28.0827364,
            -25.5218582
          ],
          [
            28.0827411,
            -25.5221844
          ],
          [
            28.0827498,
            -25.5224053
          ],
          [
            28.082776,
            -25.5227284
          ],
          [
            28.0828013,
            -25.5230366
          ],
          [
            28.082827,
            -25.523316
          ],
          [
            28.0830543,
            -25.5258084
          ],
          [
            28.0830578,
            -25.5258585
          ],
          [
            28.0831582,
            -25.5269557
          ],
          [
            28.0831877,
            -25.5274059
          ],
          [
            28.0831978,
            -25.5278355
          ],
          [
            28.0831904,
            -25.5281743
          ],
          [
            28.0831797,
            -25.5284248
          ],
          [
            28.0831583,
            -25.5287336
          ],
          [
            28.0831327,
            -25.5289785
          ],
          [
            28.0830932,
            -25.5292943
          ],
          [
            28.0830469,
            -25.5295739
          ],
          [
            28.0830013,
            -25.5298196
          ],
          [
            28.0828759,
            -25.530372
          ],
          [
            28.0827251,
            -25.530899
          ],
          [
            28.0825594,
            -25.5313625
          ],
          [
            28.0823884,
            -25.5317934
          ],
          [
            28.0821919,
            -25.5322223
          ],
          [
            28.0820552,
            -25.5324964
          ],
          [
            28.0819299,
            -25.5327307
          ],
          [
            28.081793,
            -25.5329768
          ],
          [
            28.0797666,
            -25.5365448
          ],
          [
            28.0776326,
            -25.5403073
          ],
          [
            28.0767328,
            -25.5418845
          ]
        ]
      }
    },
    {
      "type": "Feature",
      "properties": {
        "id": "way/842765752",
        "name": "Unnamed",
        "network": "PRASA"
      },
      "geometry": {
        "type": "LineString",
        "coordinates": [
          [
            28.1818443,
            -25.6695633
          ],
          [
            28.1818169,
            -25.6693251
          ],
          [
            28.1817918,
            -25.6691462
          ],
          [
            28.1817736,
            -25.6689776
          ],
          [
            28.1817555,
            -25.6688268
          ]
        ]
      }
    },
    {
      "type": "Feature",
      "properties": {
        "id": "way/842765753",
        "name": "Unnamed",
        "network": "PRASA"
      },
      "geometry": {
        "type": "LineString",
        "coordinates": [
          [
            28.1821582,
            -25.6759298
          ],
          [
            28.1821606,
            -25.6756319
          ],
          [
            28.1821673,
            -25.6755286
          ],
          [
            28.1821652,
            -25.6753466
          ]
        ]
      }
    },
    {
      "type": "Feature",
      "properties": {
        "id": "way/842765764",
        "name": "Unnamed",
        "network": "PRASA"
      },
      "geometry": {
        "type": "LineString",
        "coordinates": [
          [
            28.1765537,
            -25.659743
          ],
          [
            28.176362,
            -25.659666
          ],
          [
            28.1761215,
            -25.6595758
          ],
          [
            28.1758091,
            -25.6594701
          ],
          [
            28.1751754,
            -25.6592893
          ],
          [
            28.173999,
            -25.6589769
          ]
        ]
      }
    },
    {
      "type": "Feature",
      "properties": {
        "id": "way/844043991",
        "name": "Unnamed",
        "network": "PRASA"
      },
      "geometry": {
        "type": "LineString",
        "coordinates": [
          [
            28.1239318,
            -25.6455397
          ],
          [
            28.1236938,
            -25.6454605
          ],
          [
            28.1234235,
            -25.6453644
          ],
          [
            28.1232351,
            -25.6452991
          ],
          [
            28.1229313,
            -25.6451939
          ],
          [
            28.1226068,
            -25.6450899
          ],
          [
            28.1219852,
            -25.6449128
          ],
          [
            28.1210223,
            -25.6446565
          ],
          [
            28.120683,
            -25.6445489
          ],
          [
            28.1204805,
            -25.64448
          ],
          [
            28.1201398,
            -25.6443531
          ],
          [
            28.1196892,
            -25.644162
          ],
          [
            28.1193258,
            -25.6439928
          ],
          [
            28.1189731,
            -25.6438066
          ],
          [
            28.1185171,
            -25.6435491
          ],
          [
            28.1180437,
            -25.643248
          ],
          [
            28.1176467,
            -25.6429736
          ],
          [
            28.1173275,
            -25.6427306
          ],
          [
            28.1170338,
            -25.6424972
          ],
          [
            28.1166047,
            -25.6421526
          ],
          [
            28.1157035,
            -25.6414393
          ],
          [
            28.1146051,
            -25.6405652
          ],
          [
            28.1135577,
            -25.6397309
          ],
          [
            28.1126055,
            -25.6389765
          ],
          [
            28.1122407,
            -25.6386754
          ],
          [
            28.1119578,
            -25.638436
          ],
          [
            28.1118049,
            -25.6382946
          ],
          [
            28.1114978,
            -25.6379996
          ],
          [
            28.1113516,
            -25.637846
          ],
          [
            28.1110807,
            -25.6375546
          ],
          [
            28.1109117,
            -25.6373672
          ],
          [
            28.1106864,
            -25.6370928
          ],
          [
            28.1105188,
            -25.6368739
          ],
          [
            28.1103136,
            -25.6365946
          ],
          [
            28.1101325,
            -25.6363335
          ],
          [
            28.1099474,
            -25.636036
          ],
          [
            28.1097946,
            -25.6357797
          ],
          [
            28.1096511,
            -25.6355331
          ],
          [
            28.1095317,
            -25.635307
          ],
          [
            28.1093949,
            -25.6350252
          ],
          [
            28.1092782,
            -25.6347689
          ],
          [
            28.1092038,
            -25.6346014
          ],
          [
            28.1091307,
            -25.6344171
          ],
          [
            28.1090375,
            -25.6341813
          ],
          [
            28.1089711,
            -25.6339951
          ],
          [
            28.1089242,
            -25.6338554
          ],
          [
            28.1087974,
            -25.6334443
          ]
        ]
      }
    },
    {
      "type": "Feature",
      "properties": {
        "id": "way/844043992",
        "name": "Unnamed",
        "network": "PRASA"
      },
      "geometry": {
        "type": "LineString",
        "coordinates": [
          [
            28.1508297,
            -25.6527985
          ],
          [
            28.1511059,
            -25.6528563
          ],
          [
            28.151455,
            -25.652929
          ]
        ]
      }
    },
    {
      "type": "Feature",
      "properties": {
        "id": "way/852459690",
        "name": "Unnamed",
        "network": "PRASA"
      },
      "geometry": {
        "type": "LineString",
        "coordinates": [
          [
            28.0766894,
            -25.5419608
          ],
          [
            28.075579,
            -25.5439213
          ],
          [
            28.0750227,
            -25.5449008
          ],
          [
            28.0744718,
            -25.5458693
          ],
          [
            28.0736169,
            -25.5473716
          ],
          [
            28.0731222,
            -25.5482579
          ],
          [
            28.0729799,
            -25.5485411
          ],
          [
            28.0728491,
            -25.5488151
          ],
          [
            28.0727305,
            -25.5490856
          ],
          [
            28.0726621,
            -25.5492659
          ],
          [
            28.0725628,
            -25.5495224
          ],
          [
            28.0724998,
            -25.5496942
          ],
          [
            28.072416,
            -25.5499531
          ],
          [
            28.0723415,
            -25.550206
          ],
          [
            28.0722933,
            -25.5503875
          ],
          [
            28.0722443,
            -25.5505805
          ],
          [
            28.072137,
            -25.5510663
          ],
          [
            28.0720666,
            -25.551471
          ],
          [
            28.0720485,
            -25.5516108
          ],
          [
            28.0720042,
            -25.5519677
          ],
          [
            28.0719848,
            -25.5522103
          ],
          [
            28.0719714,
            -25.5524129
          ],
          [
            28.0719593,
            -25.5526815
          ],
          [
            28.0719573,
            -25.5528757
          ],
          [
            28.0719593,
            -25.5531135
          ],
          [
            28.071962,
            -25.5532678
          ],
          [
            28.0719721,
            -25.5535097
          ],
          [
            28.0719848,
            -25.5536955
          ],
          [
            28.072013,
            -25.5539864
          ],
          [
            28.0720445,
            -25.5542671
          ],
          [
            28.0720726,
            -25.5544547
          ],
          [
            28.0721015,
            -25.5546295
          ],
          [
            28.0721712,
            -25.5549961
          ],
          [
            28.0722497,
            -25.5553367
          ],
          [
            28.0722785,
            -25.5554456
          ],
          [
            28.0723335,
            -25.5556392
          ],
          [
            28.0724072,
            -25.5558963
          ],
          [
            28.0725353,
            -25.5562774
          ],
          [
            28.0726205,
            -25.5565085
          ],
          [
            28.072768,
            -25.5568628
          ],
          [
            28.0728914,
            -25.5571407
          ],
          [
            28.0730339,
            -25.5574339
          ],
          [
            28.0731281,
            -25.5576161
          ],
          [
            28.0732186,
            -25.5577873
          ],
          [
            28.0734366,
            -25.5581594
          ],
          [
            28.0735787,
            -25.5583844
          ],
          [
            28.0737162,
            -25.5585925
          ],
          [
            28.0739767,
            -25.5589592
          ],
          [
            28.0741949,
            -25.5592416
          ],
          [
            28.0743981,
            -25.5594933
          ],
          [
            28.0748377,
            -25.5600073
          ],
          [
            28.0756212,
            -25.5607473
          ],
          [
            28.0772245,
            -25.5621051
          ],
          [
            28.0796459,
            -25.5641795
          ],
          [
            28.0818332,
            -25.5660457
          ],
          [
            28.0834778,
            -25.567473
          ],
          [
            28.0843283,
            -25.5682015
          ],
          [
            28.0851398,
            -25.5689671
          ],
          [
            28.085889,
            -25.5698222
          ],
          [
            28.0862206,
            -25.5702545
          ],
          [
            28.0865278,
            -25.5707077
          ],
          [
            28.0869565,
            -25.5714538
          ],
          [
            28.0872216,
            -25.5719781
          ],
          [
            28.0873579,
            -25.5722893
          ],
          [
            28.0874906,
            -25.5726266
          ],
          [
            28.0879171,
            -25.5737976
          ],
          [
            28.0885273,
            -25.5754823
          ],
          [
            28.0891892,
            -25.5773047
          ],
          [
            28.0894433,
            -25.5780148
          ],
          [
            28.0899361,
            -25.5793789
          ],
          [
            28.0902842,
            -25.5803386
          ],
          [
            28.0903988,
            -25.5806585
          ]
        ]
      }
    },
    {
      "type": "Feature",
      "properties": {
        "id": "way/852459691",
        "name": "Unnamed",
        "network": "PRASA"
      },
      "geometry": {
        "type": "LineString",
        "coordinates": [
          [
            28.0767328,
            -25.5418845
          ],
          [
            28.0766894,
            -25.5419608
          ]
        ]
      }
    },
    {
      "type": "Feature",
      "properties": {
        "id": "way/867677562",
        "name": "Unnamed",
        "network": "PRASA"
      },
      "geometry": {
        "type": "LineString",
        "coordinates": [
          [
            28.2228491,
            -25.8668086
          ],
          [
            28.2228161,
            -25.8665463
          ],
          [
            28.2227767,
            -25.8662262
          ]
        ]
      }
    },
    {
      "type": "Feature",
      "properties": {
        "id": "way/867677563",
        "name": "Unnamed",
        "network": "PRASA"
      },
      "geometry": {
        "type": "LineString",
        "coordinates": [
          [
            28.2244328,
            -25.8772535
          ],
          [
            28.2244335,
            -25.877202
          ],
          [
            28.2244596,
            -25.8766602
          ],
          [
            28.2244644,
            -25.8763628
          ],
          [
            28.2244529,
            -25.8760364
          ],
          [
            28.2244315,
            -25.8757437
          ],
          [
            28.2243886,
            -25.8753836
          ],
          [
            28.2243128,
            -25.8747826
          ],
          [
            28.2242411,
            -25.8741914
          ],
          [
            28.2241948,
            -25.8738831
          ],
          [
            28.2241412,
            -25.8735645
          ],
          [
            28.224056,
            -25.8731078
          ],
          [
            28.2239795,
            -25.8727066
          ],
          [
            28.2238253,
            -25.8718981
          ],
          [
            28.2234605,
            -25.8699788
          ],
          [
            28.2232775,
            -25.8690261
          ],
          [
            28.2231595,
            -25.8684216
          ],
          [
            28.2230803,
            -25.867998
          ],
          [
            28.2229979,
            -25.8675671
          ],
          [
            28.2229285,
            -25.867213
          ],
          [
            28.2228624,
            -25.8668806
          ],
          [
            28.2228491,
            -25.8668086
          ]
        ]
      }
    },
    {
      "type": "Feature",
      "properties": {
        "id": "way/867677564",
        "name": "Unnamed",
        "network": "PRASA"
      },
      "geometry": {
        "type": "LineString",
        "coordinates": [
          [
            28.2244174,
            -25.8774348
          ],
          [
            28.2244328,
            -25.8772535
          ]
        ]
      }
    },
    {
      "type": "Feature",
      "properties": {
        "id": "way/867677565",
        "name": "Unnamed",
        "network": "PRASA"
      },
      "geometry": {
        "type": "LineString",
        "coordinates": [
          [
            28.2227767,
            -25.8662262
          ],
          [
            28.2230137,
            -25.8674487
          ],
          [
            28.2230348,
            -25.867561
          ],
          [
            28.2231145,
            -25.8679835
          ],
          [
            28.2231977,
            -25.8684101
          ],
          [
            28.2233157,
            -25.8690201
          ],
          [
            28.2235001,
            -25.8699758
          ],
          [
            28.2238691,
            -25.871906
          ],
          [
            28.2239534,
            -25.8723488
          ]
        ]
      }
    },
    {
      "type": "Feature",
      "properties": {
        "id": "way/867677566",
        "name": "Unnamed",
        "network": "PRASA"
      },
      "geometry": {
        "type": "LineString",
        "coordinates": [
          [
            28.2244591,
            -25.8774395
          ],
          [
            28.2244484,
            -25.8776189
          ],
          [
            28.2244214,
            -25.8778819
          ]
        ]
      }
    },
    {
      "type": "Feature",
      "properties": {
        "id": "way/875341121",
        "name": "Unnamed",
        "network": "PRASA"
      },
      "geometry": {
        "type": "LineString",
        "coordinates": [
          [
            28.1812737,
            -25.7555999
          ],
          [
            28.1812993,
            -25.7555985
          ],
          [
            28.1813721,
            -25.7555945
          ],
          [
            28.18153,
            -25.7555922
          ]
        ]
      }
    },
    {
      "type": "Feature",
      "properties": {
        "id": "way/875341124",
        "name": "Unnamed",
        "network": "PRASA"
      },
      "geometry": {
        "type": "LineString",
        "coordinates": [
          [
            28.1810407,
            -25.7556133
          ],
          [
            28.1812737,
            -25.7555999
          ]
        ]
      }
    },
    {
      "type": "Feature",
      "properties": {
        "id": "way/958662442",
        "name": "Unnamed",
        "network": "PRASA"
      },
      "geometry": {
        "type": "LineString",
        "coordinates": [
          [
            28.275469,
            -25.7260872
          ],
          [
            28.2756598,
            -25.7261023
          ],
          [
            28.2759332,
            -25.7261234
          ]
        ]
      }
    },
    {
      "type": "Feature",
      "properties": {
        "id": "way/988779745",
        "name": "Unnamed",
        "network": "PRASA"
      },
      "geometry": {
        "type": "LineString",
        "coordinates": [
          [
            28.0483473,
            -26.1975328
          ],
          [
            28.0482051,
            -26.1975509
          ],
          [
            28.0475768,
            -26.1976144
          ],
          [
            28.0471288,
            -26.197664
          ],
          [
            28.0468843,
            -26.1976872
          ],
          [
            28.0467525,
            -26.1976997
          ],
          [
            28.0466252,
            -26.1977133
          ],
          [
            28.0462164,
            -26.1977596
          ],
          [
            28.0458956,
            -26.197793
          ]
        ]
      }
    },
    {
      "type": "Feature",
      "properties": {
        "id": "way/988779762",
        "name": "Unnamed",
        "network": "PRASA"
      },
      "geometry": {
        "type": "LineString",
        "coordinates": [
          [
            28.2552273,
            -26.0314765
          ],
          [
            28.2552486,
            -26.0313566
          ]
        ]
      }
    },
    {
      "type": "Feature",
      "properties": {
        "id": "way/988779763",
        "name": "Unnamed",
        "network": "PRASA"
      },
      "geometry": {
        "type": "LineString",
        "coordinates": [
          [
            28.2552273,
            -26.0314765
          ],
          [
            28.255184,
            -26.0320603
          ]
        ]
      }
    },
    {
      "type": "Feature",
      "properties": {
        "id": "way/991898393",
        "name": "Unnamed",
        "network": "PRASA"
      },
      "geometry": {
        "type": "LineString",
        "coordinates": [
          [
            28.1648932,
            -26.2093781
          ],
          [
            28.1647094,
            -26.2093313
          ]
        ]
      }
    },
    {
      "type": "Feature",
      "properties": {
        "id": "way/992136851",
        "name": "Unnamed",
        "network": "PRASA"
      },
      "geometry": {
        "type": "LineString",
        "coordinates": [
          [
            28.0564219,
            -26.1974356
          ],
          [
            28.056204,
            -26.1973923
          ],
          [
            28.055976,
            -26.1973574
          ],
          [
            28.055788,
            -26.1973334
          ],
          [
            28.0555202,
            -26.1973049
          ],
          [
            28.0552258,
            -26.1972932
          ],
          [
            28.0549595,
            -26.1972955
          ],
          [
            28.0535058,
            -26.1973085
          ],
          [
            28.0528145,
            -26.1972964
          ],
          [
            28.0525308,
            -26.1972921
          ]
        ]
      }
    },
    {
      "type": "Feature",
      "properties": {
        "id": "way/992136852",
        "name": "Unnamed",
        "network": "PRASA"
      },
      "geometry": {
        "type": "LineString",
        "coordinates": [
          [
            28.0564378,
            -26.1973995
          ],
          [
            28.0561611,
            -26.197346
          ],
          [
            28.0559024,
            -26.1973009
          ],
          [
            28.055517,
            -26.1972536
          ],
          [
            28.0552238,
            -26.1972309
          ],
          [
            28.0549529,
            -26.197216
          ],
          [
            28.053617,
            -26.1972385
          ],
          [
            28.0533845,
            -26.1972424
          ],
          [
            28.0528124,
            -26.1972476
          ],
          [
            28.0525374,
            -26.1972523
          ],
          [
            28.0520523,
            -26.1972594
          ]
        ]
      }
    },
    {
      "type": "Feature",
      "properties": {
        "id": "way/992398870",
        "name": "Unnamed",
        "network": "PRASA"
      },
      "geometry": {
        "type": "LineString",
        "coordinates": [
          [
            28.1651916,
            -25.7563893
          ],
          [
            28.1649857,
            -25.7564038
          ]
        ]
      }
    },
    {
      "type": "Feature",
      "properties": {
        "id": "way/992411058",
        "name": "Unnamed",
        "network": "PRASA"
      },
      "geometry": {
        "type": "LineString",
        "coordinates": [
          [
            28.1220053,
            -25.6449588
          ],
          [
            28.1224506,
            -25.6450881
          ],
          [
            28.1227262,
            -25.64518
          ],
          [
            28.1230252,
            -25.6452852
          ],
          [
            28.1232136,
            -25.645345
          ]
        ]
      }
    },
    {
      "type": "Feature",
      "properties": {
        "id": "way/992411059",
        "name": "Unnamed",
        "network": "PRASA"
      },
      "geometry": {
        "type": "LineString",
        "coordinates": [
          [
            28.181798,
            -25.6680051
          ],
          [
            28.1817985,
            -25.6679293
          ]
        ]
      }
    },
    {
      "type": "Feature",
      "properties": {
        "id": "way/992411060",
        "name": "Unnamed",
        "network": "PRASA"
      },
      "geometry": {
        "type": "LineString",
        "coordinates": [
          [
            28.1817555,
            -25.6688268
          ],
          [
            28.1817542,
            -25.6686633
          ]
        ]
      }
    },
    {
      "type": "Feature",
      "properties": {
        "id": "way/992411062",
        "name": "Unnamed",
        "network": "PRASA"
      },
      "geometry": {
        "type": "LineString",
        "coordinates": [
          [
            28.1818443,
            -25.6695633
          ],
          [
            28.1818127,
            -25.6689754
          ],
          [
            28.1817971,
            -25.6686963
          ],
          [
            28.1817958,
            -25.668408
          ],
          [
            28.181798,
            -25.6680051
          ]
        ]
      }
    },
    {
      "type": "Feature",
      "properties": {
        "id": "way/992411063",
        "name": "Unnamed",
        "network": "PRASA"
      },
      "geometry": {
        "type": "LineString",
        "coordinates": [
          [
            28.1821582,
            -25.6759298
          ],
          [
            28.1821445,
            -25.6756975
          ],
          [
            28.1821407,
            -25.6756356
          ]
        ]
      }
    },
    {
      "type": "Feature",
      "properties": {
        "id": "way/992411065",
        "name": "Unnamed",
        "network": "PRASA"
      },
      "geometry": {
        "type": "LineString",
        "coordinates": [
          [
            28.1745905,
            -25.6591716
          ],
          [
            28.1755902,
            -25.6594419
          ],
          [
            28.1760322,
            -25.6595768
          ],
          [
            28.1762165,
            -25.659643
          ],
          [
            28.1763566,
            -25.6596951
          ]
        ]
      }
    },
    {
      "type": "Feature",
      "properties": {
        "id": "way/992411066",
        "name": "Unnamed",
        "network": "PRASA"
      },
      "geometry": {
        "type": "LineString",
        "coordinates": [
          [
            28.173999,
            -25.6589769
          ],
          [
            28.1739067,
            -25.6589521
          ]
        ]
      }
    },
    {
      "type": "Feature",
      "properties": {
        "id": "way/992411067",
        "name": "Unnamed",
        "network": "PRASA"
      },
      "geometry": {
        "type": "LineString",
        "coordinates": [
          [
            28.1407107,
            -25.6500436
          ],
          [
            28.1421942,
            -25.6504338
          ],
          [
            28.1497206,
            -25.6524658
          ],
          [
            28.1503253,
            -25.6526252
          ],
          [
            28.1511879,
            -25.6528564
          ],
          [
            28.151455,
            -25.652929
          ]
        ]
      }
    },
    {
      "type": "Feature",
      "properties": {
        "id": "way/992411068",
        "name": "Unnamed",
        "network": "PRASA"
      },
      "geometry": {
        "type": "LineString",
        "coordinates": [
          [
            28.1508297,
            -25.6527985
          ],
          [
            28.150017,
            -25.65258
          ],
          [
            28.1488086,
            -25.652256
          ],
          [
            28.1473012,
            -25.6518492
          ],
          [
            28.1436802,
            -25.6508821
          ],
          [
            28.1410443,
            -25.6501724
          ],
          [
            28.140686,
            -25.6500752
          ]
        ]
      }
    },
    {
      "type": "Feature",
      "properties": {
        "id": "way/992437186",
        "name": "Unnamed",
        "network": "PRASA"
      },
      "geometry": {
        "type": "LineString",
        "coordinates": [
          [
            28.1232136,
            -25.645345
          ],
          [
            28.1232955,
            -25.6453692
          ],
          [
            28.1236535,
            -25.6454617
          ],
          [
            28.1239318,
            -25.6455397
          ]
        ]
      }
    },
    {
      "type": "Feature",
      "properties": {
        "id": "way/992437188",
        "name": "Unnamed",
        "network": "PRASA"
      },
      "geometry": {
        "type": "LineString",
        "coordinates": [
          [
            28.1684777,
            -25.7298785
          ],
          [
            28.1686033,
            -25.7293018
          ]
        ]
      }
    },
    {
      "type": "Feature",
      "properties": {
        "id": "way/992437189",
        "name": "Unnamed",
        "network": "PRASA"
      },
      "geometry": {
        "type": "LineString",
        "coordinates": [
          [
            28.1817523,
            -25.6689582
          ],
          [
            28.1817555,
            -25.6688268
          ]
        ]
      }
    },
    {
      "type": "Feature",
      "properties": {
        "id": "way/992437190",
        "name": "Unnamed",
        "network": "PRASA"
      },
      "geometry": {
        "type": "LineString",
        "coordinates": [
          [
            28.0903988,
            -25.5806585
          ],
          [
            28.0912045,
            -25.5828767
          ],
          [
            28.0912519,
            -25.5830086
          ],
          [
            28.0915187,
            -25.5837754
          ],
          [
            28.0926391,
            -25.5868499
          ],
          [
            28.0944766,
            -25.5919266
          ],
          [
            28.0946448,
            -25.5923776
          ],
          [
            28.0947205,
            -25.5925778
          ],
          [
            28.0948178,
            -25.5928106
          ],
          [
            28.0949378,
            -25.5930779
          ],
          [
            28.0951075,
            -25.5934232
          ]
        ]
      }
    },
    {
      "type": "Feature",
      "properties": {
        "id": "way/992437191",
        "name": "Unnamed",
        "network": "PRASA"
      },
      "geometry": {
        "type": "LineString",
        "coordinates": [
          [
            28.1600105,
            -25.7532403
          ],
          [
            28.160035,
            -25.7536527
          ]
        ]
      }
    },
    {
      "type": "Feature",
      "properties": {
        "id": "way/992437192",
        "name": "Unnamed",
        "network": "PRASA"
      },
      "geometry": {
        "type": "LineString",
        "coordinates": [
          [
            28.1812734,
            -25.7556156
          ],
          [
            28.1810407,
            -25.7556133
          ]
        ]
      }
    },
    {
      "type": "Feature",
      "properties": {
        "id": "way/992437193",
        "name": "Unnamed",
        "network": "PRASA"
      },
      "geometry": {
        "type": "LineString",
        "coordinates": [
          [
            28.1812788,
            -25.7555794
          ],
          [
            28.18153,
            -25.7555922
          ]
        ]
      }
    },
    {
      "type": "Feature",
      "properties": {
        "id": "way/992463444",
        "name": "Unnamed",
        "network": "PRASA"
      },
      "geometry": {
        "type": "LineString",
        "coordinates": [
          [
            28.2759285,
            -25.7261588
          ],
          [
            28.2756571,
            -25.7261378
          ],
          [
            28.2754861,
            -25.7261222
          ]
        ]
      }
    },
    {
      "type": "Feature",
      "properties": {
        "id": "way/992463445",
        "name": "Unnamed",
        "network": "PRASA"
      },
      "geometry": {
        "type": "LineString",
        "coordinates": [
          [
            28.1894765,
            -25.7596324
          ],
          [
            28.1886703,
            -25.7587921
          ],
          [
            28.1885193,
            -25.7586417
          ],
          [
            28.1883042,
            -25.7584379
          ],
          [
            28.188161,
            -25.7583329
          ],
          [
            28.1880604,
            -25.758266
          ],
          [
            28.1879903,
            -25.7582222
          ],
          [
            28.1877818,
            -25.7581063
          ],
          [
            28.1876542,
            -25.7580441
          ],
          [
            28.1875317,
            -25.7579874
          ]
        ]
      }
    },
    {
      "type": "Feature",
      "properties": {
        "id": "way/992473676",
        "name": "Unnamed",
        "network": "PRASA"
      },
      "geometry": {
        "type": "LineString",
        "coordinates": [
          [
            28.1685446,
            -25.7267458
          ],
          [
            28.168493,
            -25.7266281
          ],
          [
            28.168463,
            -25.7265601
          ],
          [
            28.168315,
            -25.7262083
          ],
          [
            28.1681186,
            -25.7257631
          ],
          [
            28.1680287,
            -25.7255553
          ],
          [
            28.1679495,
            -25.7253783
          ],
          [
            28.1678614,
            -25.7251729
          ],
          [
            28.167688,
            -25.7247778
          ],
          [
            28.1676112,
            -25.7246078
          ],
          [
            28.1675435,
            -25.7244616
          ],
          [
            28.1674862,
            -25.724345
          ]
        ]
      }
    },
    {
      "type": "Feature",
      "properties": {
        "id": "way/992473679",
        "name": "Unnamed",
        "network": "PRASA"
      },
      "geometry": {
        "type": "LineString",
        "coordinates": [
          [
            28.3611649,
            -25.7218744
          ],
          [
            28.3617804,
            -25.7217866
          ],
          [
            28.3624234,
            -25.7216841
          ],
          [
            28.3631679,
            -25.7215661
          ]
        ]
      }
    },
    {
      "type": "Feature",
      "properties": {
        "id": "way/1115226042",
        "name": "Unnamed",
        "network": "PRASA"
      },
      "geometry": {
        "type": "LineString",
        "coordinates": [
          [
            28.0972629,
            -26.2059911
          ],
          [
            28.0962547,
            -26.2063312
          ],
          [
            28.0960529,
            -26.2063915
          ],
          [
            28.0958515,
            -26.2064493
          ],
          [
            28.095488,
            -26.2065444
          ],
          [
            28.0951678,
            -26.2066174
          ],
          [
            28.0947004,
            -26.2067491
          ],
          [
            28.0944517,
            -26.2068147
          ],
          [
            28.094174,
            -26.2068797
          ],
          [
            28.0939541,
            -26.2069266
          ],
          [
            28.0937596,
            -26.2069555
          ],
          [
            28.0934711,
            -26.2069897
          ],
          [
            28.0931973,
            -26.2070067
          ],
          [
            28.0929349,
            -26.2070138
          ],
          [
            28.0927632,
            -26.207006
          ],
          [
            28.0925761,
            -26.2069946
          ],
          [
            28.0923615,
            -26.2069741
          ],
          [
            28.0921751,
            -26.2069495
          ],
          [
            28.0920222,
            -26.2069266
          ],
          [
            28.0917062,
            -26.206851
          ],
          [
            28.0914486,
            -26.2067891
          ],
          [
            28.091181,
            -26.2067227
          ],
          [
            28.0896329,
            -26.2062968
          ],
          [
            28.0884368,
            -26.2059688
          ],
          [
            28.0880597,
            -26.2058752
          ],
          [
            28.0878266,
            -26.2058232
          ],
          [
            28.0876341,
            -26.2057955
          ],
          [
            28.0875195,
            -26.2057799
          ],
          [
            28.0873223,
            -26.2057582
          ],
          [
            28.0871621,
            -26.2057498
          ],
          [
            28.0870045,
            -26.2057458
          ],
          [
            28.0868764,
            -26.2057426
          ],
          [
            28.086741,
            -26.2057468
          ],
          [
            28.0864707,
            -26.20576
          ],
          [
            28.0863219,
            -26.2057733
          ],
          [
            28.0861469,
            -26.2057919
          ],
          [
            28.0859812,
            -26.2058172
          ],
          [
            28.0858351,
            -26.2058431
          ],
          [
            28.0856802,
            -26.205878
          ],
          [
            28.085479,
            -26.2059261
          ],
          [
            28.085249,
            -26.2059947
          ],
          [
            28.085084,
            -26.2060476
          ],
          [
            28.0849272,
            -26.2061053
          ],
          [
            28.0841691,
            -26.2063843
          ],
          [
            28.0836687,
            -26.2065652
          ]
        ]
      }
    },
    {
      "type": "Feature",
      "properties": {
        "id": "way/1115226043",
        "name": "Unnamed",
        "network": "PRASA"
      },
      "geometry": {
        "type": "LineString",
        "coordinates": [
          [
            28.0973287,
            -26.2059689
          ],
          [
            28.0972629,
            -26.2059911
          ]
        ]
      }
    },
    {
      "type": "Feature",
      "properties": {
        "id": "way/1131699637",
        "name": "Unnamed",
        "network": "PRASA"
      },
      "geometry": {
        "type": "LineString",
        "coordinates": [
          [
            27.9968354,
            -25.6200088
          ],
          [
            27.9979215,
            -25.6201065
          ],
          [
            28.0112354,
            -25.6212691
          ],
          [
            28.0151708,
            -25.6216108
          ]
        ]
      }
    },
    {
      "type": "Feature",
      "properties": {
        "id": "way/1231569953",
        "name": "Unnamed",
        "network": "PRASA"
      },
      "geometry": {
        "type": "LineString",
        "coordinates": [
          [
            28.0318522,
            -25.6230667
          ],
          [
            28.032451,
            -25.623121
          ]
        ]
      }
    },
    {
      "type": "Feature",
      "properties": {
        "id": "way/1231569954",
        "name": "Unnamed",
        "network": "PRASA"
      },
      "geometry": {
        "type": "LineString",
        "coordinates": [
          [
            28.0151708,
            -25.6216108
          ],
          [
            28.017198,
            -25.6217885
          ],
          [
            28.0187376,
            -25.6219237
          ],
          [
            28.0203335,
            -25.6220618
          ],
          [
            28.0226965,
            -25.6222686
          ],
          [
            28.02583,
            -25.6225425
          ],
          [
            28.0280489,
            -25.6227341
          ],
          [
            28.0304937,
            -25.6229482
          ],
          [
            28.0318522,
            -25.6230667
          ]
        ]
      }
    },
    {
      "type": "Feature",
      "properties": {
        "id": "way/1231569956",
        "name": "Unnamed",
        "network": "PRASA"
      },
      "geometry": {
        "type": "LineString",
        "coordinates": [
          [
            28.1873951,
            -25.7579221
          ],
          [
            28.1876381,
            -25.7580596
          ]
        ]
      }
    },
    {
      "type": "Feature",
      "properties": {
        "id": "way/1237369088",
        "name": "Unnamed",
        "network": "PRASA"
      },
      "geometry": {
        "type": "LineString",
        "coordinates": [
          [
            28.0461862,
            -26.1978108
          ],
          [
            28.0460522,
            -26.1978252
          ],
          [
            28.0458986,
            -26.1978417
          ]
        ]
      }
    },
    {
      "type": "Feature",
      "properties": {
        "id": "way/1272943777",
        "name": "Unnamed",
        "network": "PRASA"
      },
      "geometry": {
        "type": "LineString",
        "coordinates": [
          [
            28.3243716,
            -25.7168026
          ],
          [
            28.3244538,
            -25.7167972
          ],
          [
            28.324964,
            -25.7167636
          ],
          [
            28.325762,
            -25.7167177
          ],
          [
            28.3261442,
            -25.7166978
          ],
          [
            28.3262649,
            -25.7166899
          ],
          [
            28.3267169,
            -25.7166772
          ],
          [
            28.3269717,
            -25.7166803
          ],
          [
            28.3271977,
            -25.7166917
          ],
          [
            28.3273338,
            -25.7167008
          ],
          [
            28.3275557,
            -25.7167201
          ],
          [
            28.3277214,
            -25.7167358
          ],
          [
            28.3279742,
            -25.7167685
          ],
          [
            28.3282826,
            -25.716818
          ],
          [
            28.3285797,
            -25.7168766
          ],
          [
            28.3288546,
            -25.7169412
          ],
          [
            28.3290584,
            -25.716992
          ],
          [
            28.3313175,
            -25.717613
          ],
          [
            28.3342411,
            -25.7184165
          ],
          [
            28.3355195,
            -25.7187692
          ]
        ]
      }
    },
    {
      "type": "Feature",
      "properties": {
        "id": "way/1272943778",
        "name": "Unnamed",
        "network": "PRASA"
      },
      "geometry": {
        "type": "LineString",
        "coordinates": [
          [
            28.3129625,
            -25.7174771
          ],
          [
            28.313226,
            -25.7174614
          ],
          [
            28.313521,
            -25.7174462
          ],
          [
            28.3142976,
            -25.717398
          ],
          [
            28.3153135,
            -25.7173375
          ]
        ]
      }
    },
    {
      "type": "Feature",
      "properties": {
        "id": "way/1272943780",
        "name": "Unnamed",
        "network": "PRASA"
      },
      "geometry": {
        "type": "LineString",
        "coordinates": [
          [
            28.3164266,
            -25.7173104
          ],
          [
            28.3180895,
            -25.7172058
          ],
          [
            28.3187272,
            -25.7171805
          ],
          [
            28.3190203,
            -25.7171726
          ],
          [
            28.3192,
            -25.7171642
          ],
          [
            28.3197036,
            -25.7171515
          ],
          [
            28.3199483,
            -25.7171346
          ],
          [
            28.3201153,
            -25.7171247
          ],
          [
            28.3226884,
            -25.7169717
          ],
          [
            28.3229021,
            -25.7169569
          ],
          [
            28.3231184,
            -25.716941
          ],
          [
            28.323442,
            -25.7169099
          ],
          [
            28.3239384,
            -25.7168675
          ],
          [
            28.3242077,
            -25.7168494
          ],
          [
            28.3244705,
            -25.716834
          ],
          [
            28.3250956,
            -25.7167959
          ],
          [
            28.3254219,
            -25.7167759
          ],
          [
            28.3255011,
            -25.7167711
          ],
          [
            28.3258063,
            -25.7167527
          ],
          [
            28.3262663,
            -25.7167292
          ],
          [
            28.3267169,
            -25.7167165
          ],
          [
            28.326965,
            -25.7167213
          ],
          [
            28.3272023,
            -25.7167304
          ],
          [
            28.3273398,
            -25.7167376
          ],
          [
            28.3275611,
            -25.71676
          ],
          [
            28.3277535,
            -25.7167793
          ],
          [
            28.3279674,
            -25.7168071
          ],
          [
            28.3282726,
            -25.716853
          ],
          [
            28.328581,
            -25.7169147
          ],
          [
            28.3288479,
            -25.7169781
          ],
          [
            28.3290658,
            -25.7170343
          ],
          [
            28.3313229,
            -25.7176523
          ],
          [
            28.3342364,
            -25.7184537
          ],
          [
            28.3355179,
            -25.718805
          ]
        ]
      }
    },
    {
      "type": "Feature",
      "properties": {
        "id": "way/1273259470",
        "name": "Unnamed",
        "network": "PRASA"
      },
      "geometry": {
        "type": "LineString",
        "coordinates": [
          [
            28.3550641,
            -25.7228114
          ],
          [
            28.3560169,
            -25.722671
          ],
          [
            28.3560969,
            -25.7226592
          ]
        ]
      }
    },
    {
      "type": "Feature",
      "properties": {
        "id": "way/1273259471",
        "name": "Unnamed",
        "network": "PRASA"
      },
      "geometry": {
        "type": "LineString",
        "coordinates": [
          [
            28.3546139,
            -25.7228799
          ],
          [
            28.3550641,
            -25.7228114
          ]
        ]
      }
    },
    {
      "type": "Feature",
      "properties": {
        "id": "way/1275529148",
        "name": "Unnamed",
        "network": "PRASA"
      },
      "geometry": {
        "type": "LineString",
        "coordinates": [
          [
            28.0629487,
            -25.7641943
          ],
          [
            28.0632489,
            -25.7643348
          ],
          [
            28.0632609,
            -25.7643405
          ],
          [
            28.0636331,
            -25.7645139
          ],
          [
            28.0640314,
            -25.7647119
          ]
        ]
      }
    },
    {
      "type": "Feature",
      "properties": {
        "id": "way/1287015870",
        "name": "Unnamed",
        "network": "PRASA"
      },
      "geometry": {
        "type": "LineString",
        "coordinates": [
          [
            28.1655972,
            -25.7201739
          ],
          [
            28.1655494,
            -25.720043
          ],
          [
            28.1654956,
            -25.7198844
          ],
          [
            28.1654725,
            -25.7197947
          ],
          [
            28.1654544,
            -25.7197081
          ],
          [
            28.1654272,
            -25.7195753
          ],
          [
            28.1653623,
            -25.719204
          ]
        ]
      }
    },
    {
      "type": "Feature",
      "properties": {
        "id": "way/1287015871",
        "name": "Unnamed",
        "network": "PRASA"
      },
      "geometry": {
        "type": "LineString",
        "coordinates": [
          [
            28.1684982,
            -25.7267416
          ],
          [
            28.1683304,
            -25.7263847
          ],
          [
            28.1682265,
            -25.726189
          ],
          [
            28.1681641,
            -25.7260621
          ],
          [
            28.1680917,
            -25.7259201
          ],
          [
            28.16803,
            -25.7257764
          ],
          [
            28.1679368,
            -25.7255656
          ],
          [
            28.167906,
            -25.7254921
          ],
          [
            28.167243,
            -25.7239684
          ],
          [
            28.1671466,
            -25.7237539
          ],
          [
            28.1670084,
            -25.7234342
          ],
          [
            28.1669303,
            -25.7232527
          ],
          [
            28.166762,
            -25.7228673
          ],
          [
            28.1667166,
            -25.7227646
          ],
          [
            28.1666125,
            -25.7225203
          ],
          [
            28.1664529,
            -25.7221563
          ],
          [
            28.1662316,
            -25.7216485
          ],
          [
            28.1660224,
            -25.7211689
          ],
          [
            28.1658668,
            -25.7208082
          ],
          [
            28.165781,
            -25.7206119
          ],
          [
            28.1656543,
            -25.7203213
          ],
          [
            28.1655972,
            -25.7201739
          ]
        ]
      }
    },
    {
      "type": "Feature",
      "properties": {
        "id": "way/1287015873",
        "name": "Unnamed",
        "network": "PRASA"
      },
      "geometry": {
        "type": "LineString",
        "coordinates": [
          [
            28.165755,
            -25.7210745
          ],
          [
            28.1657106,
            -25.7209686
          ],
          [
            28.1657025,
            -25.720948
          ],
          [
            28.1655771,
            -25.7206663
          ],
          [
            28.1655107,
            -25.7205019
          ],
          [
            28.1654711,
            -25.7203775
          ],
          [
            28.1654303,
            -25.7202361
          ],
          [
            28.165401,
            -25.72011
          ],
          [
            28.1653391,
            -25.719838
          ],
          [
            28.1652908,
            -25.7196018
          ],
          [
            28.1652358,
            -25.719322
          ],
          [
            28.1652017,
            -25.7190532
          ],
          [
            28.1651922,
            -25.7188877
          ]
        ]
      }
    },
    {
      "type": "Feature",
      "properties": {
        "id": "way/1287310922",
        "name": "Unnamed",
        "network": "PRASA"
      },
      "geometry": {
        "type": "LineString",
        "coordinates": [
          [
            28.1653623,
            -25.719204
          ],
          [
            28.1653423,
            -25.7190795
          ],
          [
            28.1653285,
            -25.7189689
          ],
          [
            28.1653187,
            -25.7188523
          ],
          [
            28.1653136,
            -25.7187627
          ],
          [
            28.1653156,
            -25.7186485
          ],
          [
            28.1653237,
            -25.7184884
          ]
        ]
      }
    },
    {
      "type": "Feature",
      "properties": {
        "id": "way/1435620386",
        "name": "Unnamed",
        "network": "PRASA"
      },
      "geometry": {
        "type": "LineString",
        "coordinates": [
          [
            28.1870105,
            -25.7577548
          ],
          [
            28.1872713,
            -25.7578606
          ]
        ]
      }
    },
    {
      "type": "Feature",
      "properties": {
        "id": "way/1435620389",
        "name": "Unnamed",
        "network": "PRASA"
      },
      "geometry": {
        "type": "LineString",
        "coordinates": [
          [
            28.1872958,
            -25.757805
          ],
          [
            28.1870685,
            -25.7576771
          ]
        ]
      }
    },
    {
      "type": "Feature",
      "properties": {
        "id": "way/1435620392",
        "name": "Unnamed",
        "network": "PRASA"
      },
      "geometry": {
        "type": "LineString",
        "coordinates": [
          [
            28.1912748,
            -25.7614397
          ],
          [
            28.1910662,
            -25.7611326
          ],
          [
            28.190922,
            -25.760924
          ],
          [
            28.1907431,
            -25.7606849
          ]
        ]
      }
    },
    {
      "type": "Feature",
      "properties": {
        "id": "way/1435620393",
        "name": "Unnamed",
        "network": "PRASA"
      },
      "geometry": {
        "type": "LineString",
        "coordinates": [
          [
            28.1827305,
            -25.7558761
          ],
          [
            28.1829753,
            -25.7559619
          ]
        ]
      }
    },
    {
      "type": "Feature",
      "properties": {
        "id": "way/1435620394",
        "name": "Unnamed",
        "network": "PRASA"
      },
      "geometry": {
        "type": "LineString",
        "coordinates": [
          [
            28.1870105,
            -25.7577548
          ],
          [
            28.1869791,
            -25.7577441
          ]
        ]
      }
    },
    {
      "type": "Feature",
      "properties": {
        "id": "way/1435620395",
        "name": "Unnamed",
        "network": "PRASA"
      },
      "geometry": {
        "type": "LineString",
        "coordinates": [
          [
            28.1872713,
            -25.7578606
          ],
          [
            28.1871474,
            -25.7578008
          ]
        ]
      }
    },
    {
      "type": "Feature",
      "properties": {
        "id": "way/1435623349",
        "name": "Unnamed",
        "network": "PRASA"
      },
      "geometry": {
        "type": "LineString",
        "coordinates": [
          [
            28.1873951,
            -25.7579221
          ],
          [
            28.1872713,
            -25.7578606
          ]
        ]
      }
    },
    {
      "type": "Feature",
      "properties": {
        "id": "way/1435623350",
        "name": "Unnamed",
        "network": "PRASA"
      },
      "geometry": {
        "type": "LineString",
        "coordinates": [
          [
            28.1876381,
            -25.7580596
          ],
          [
            28.1875317,
            -25.7579874
          ]
        ]
      }
    },
    {
      "type": "Feature",
      "properties": {
        "id": "way/1435651341",
        "name": "Unnamed",
        "network": "PRASA"
      },
      "geometry": {
        "type": "LineString",
        "coordinates": [
          [
            28.1914532,
            -25.7616161
          ],
          [
            28.1912772,
            -25.7613715
          ],
          [
            28.1911258,
            -25.7611435
          ],
          [
            28.1909394,
            -25.7608835
          ],
          [
            28.1908499,
            -25.7607546
          ],
          [
            28.190749,
            -25.760625
          ],
          [
            28.1905659,
            -25.7604031
          ]
        ]
      }
    },
    {
      "type": "Feature",
      "properties": {
        "id": "way/1435651342",
        "name": "Unnamed",
        "network": "PRASA"
      },
      "geometry": {
        "type": "LineString",
        "coordinates": [
          [
            28.1876655,
            -25.7580772
          ],
          [
            28.1876381,
            -25.7580596
          ]
        ]
      }
    },
    {
      "type": "Feature",
      "properties": {
        "id": "way/1435651343",
        "name": "Unnamed",
        "network": "PRASA"
      },
      "geometry": {
        "type": "LineString",
        "coordinates": [
          [
            28.1914429,
            -25.7616307
          ],
          [
            28.1912748,
            -25.7614397
          ]
        ]
      }
    },
    {
      "type": "Feature",
      "properties": {
        "id": "way/1435651344",
        "name": "Unnamed",
        "network": "PRASA"
      },
      "geometry": {
        "type": "LineString",
        "coordinates": [
          [
            28.1919926,
            -25.7622023
          ],
          [
            28.1922313,
            -25.7624571
          ],
          [
            28.1924683,
            -25.7626991
          ],
          [
            28.1927626,
            -25.7630168
          ],
          [
            28.1929409,
            -25.7632017
          ],
          [
            28.1930698,
            -25.763335
          ],
          [
            28.1931851,
            -25.7634463
          ],
          [
            28.1932929,
            -25.7635495
          ],
          [
            28.1934191,
            -25.7636514
          ],
          [
            28.1935441,
            -25.7637432
          ],
          [
            28.1936357,
            -25.763793
          ],
          [
            28.1937407,
            -25.7638407
          ],
          [
            28.19387,
            -25.7638991
          ],
          [
            28.1940426,
            -25.7639669
          ],
          [
            28.1941815,
            -25.7640152
          ],
          [
            28.1943365,
            -25.7640563
          ],
          [
            28.1944999,
            -25.7640913
          ],
          [
            28.1946518,
            -25.7641082
          ]
        ]
      }
    },
    {
      "type": "Feature",
      "properties": {
        "id": "way/1435651345",
        "name": "Unnamed",
        "network": "PRASA"
      },
      "geometry": {
        "type": "LineString",
        "coordinates": [
          [
            28.1906458,
            -25.7607823
          ],
          [
            28.1909706,
            -25.7611211
          ],
          [
            28.1912265,
            -25.7614022
          ],
          [
            28.1914429,
            -25.7616307
          ]
        ]
      }
    },
    {
      "type": "Feature",
      "properties": {
        "id": "way/1435651346",
        "name": "Unnamed",
        "network": "PRASA"
      },
      "geometry": {
        "type": "LineString",
        "coordinates": [
          [
            28.1915391,
            -25.7617346
          ],
          [
            28.1919926,
            -25.7622023
          ]
        ]
      }
    },
    {
      "type": "Feature",
      "properties": {
        "id": "way/1435657891",
        "name": "Unnamed",
        "network": "PRASA"
      },
      "geometry": {
        "type": "LineString",
        "coordinates": [
          [
            28.1597926,
            -25.7427988
          ],
          [
            28.1598707,
            -25.7424758
          ],
          [
            28.1599291,
            -25.7422759
          ],
          [
            28.1599887,
            -25.7420995
          ],
          [
            28.1600417,
            -25.7419691
          ],
          [
            28.1601048,
            -25.7417975
          ],
          [
            28.1601882,
            -25.7416275
          ],
          [
            28.1603153,
            -25.7413928
          ],
          [
            28.1604407,
            -25.7411796
          ],
          [
            28.1605795,
            -25.7409658
          ],
          [
            28.1606586,
            -25.7408486
          ],
          [
            28.1607538,
            -25.7407073
          ],
          [
            28.1610288,
            -25.7402959
          ],
          [
            28.1613121,
            -25.7398752
          ],
          [
            28.161869,
            -25.7390444
          ],
          [
            28.1619682,
            -25.7388983
          ]
        ]
      }
    },
    {
      "type": "Feature",
      "properties": {
        "id": "way/1435680435",
        "name": "Unnamed",
        "network": "PRASA"
      },
      "geometry": {
        "type": "LineString",
        "coordinates": [
          [
            28.1914429,
            -25.7616307
          ],
          [
            28.1915391,
            -25.7617346
          ]
        ]
      }
    },
    {
      "type": "Feature",
      "properties": {
        "id": "way/1435680436",
        "name": "Unnamed",
        "network": "PRASA"
      },
      "geometry": {
        "type": "LineString",
        "coordinates": [
          [
            28.1917111,
            -25.7619729
          ],
          [
            28.1916385,
            -25.7618723
          ],
          [
            28.1915391,
            -25.7617346
          ]
        ]
      }
    },
    {
      "type": "Feature",
      "properties": {
        "id": "way/1435680438",
        "name": "Unnamed",
        "network": "PRASA"
      },
      "geometry": {
        "type": "LineString",
        "coordinates": [
          [
            28.191563,
            -25.7618982
          ],
          [
            28.191577,
            -25.761913
          ],
          [
            28.1916754,
            -25.7620174
          ],
          [
            28.1917613,
            -25.762108
          ],
          [
            28.1918577,
            -25.7622095
          ],
          [
            28.1919456,
            -25.7623019
          ],
          [
            28.1920412,
            -25.7624022
          ]
        ]
      }
    },
    {
      "type": "Feature",
      "properties": {
        "id": "way/1435686715",
        "name": "Unnamed",
        "network": "PRASA"
      },
      "geometry": {
        "type": "LineString",
        "coordinates": [
          [
            28.2762598,
            -25.7261506
          ],
          [
            28.2762818,
            -25.7261529
          ]
        ]
      }
    },
    {
      "type": "Feature",
      "properties": {
        "id": "way/1435686716",
        "name": "Unnamed",
        "network": "PRASA"
      },
      "geometry": {
        "type": "LineString",
        "coordinates": [
          [
            28.2762787,
            -25.7261883
          ],
          [
            28.2762531,
            -25.7261862
          ]
        ]
      }
    },
    {
      "type": "Feature",
      "properties": {
        "id": "way/1495467583",
        "name": "Unnamed",
        "network": "PRASA"
      },
      "geometry": {
        "type": "LineString",
        "coordinates": [
          [
            28.3153135,
            -25.7173375
          ],
          [
            28.3157591,
            -25.7173148
          ],
          [
            28.3180922,
            -25.7171659
          ],
          [
            28.3185267,
            -25.7171479
          ],
          [
            28.3190692,
            -25.7171074
          ],
          [
            28.3197056,
            -25.7170506
          ],
          [
            28.3199577,
            -25.7170306
          ],
          [
            28.3222889,
            -25.716888
          ],
          [
            28.3226795,
            -25.7168663
          ],
          [
            28.3232478,
            -25.7168501
          ],
          [
            28.3236779,
            -25.716841
          ],
          [
            28.3243716,
            -25.7168026
          ]
        ]
      }
    },
    {
      "type": "Feature",
      "properties": {
        "id": "way/1495467584",
        "name": "Unnamed",
        "network": "PRASA"
      },
      "geometry": {
        "type": "LineString",
        "coordinates": [
          [
            28.3560969,
            -25.7226592
          ],
          [
            28.3563982,
            -25.7226067
          ]
        ]
      }
    },
    {
      "type": "Feature",
      "properties": {
        "id": "way/1495467585",
        "name": "Unnamed",
        "network": "PRASA"
      },
      "geometry": {
        "type": "LineString",
        "coordinates": [
          [
            28.3567375,
            -25.7225976
          ],
          [
            28.3565739,
            -25.722622
          ]
        ]
      }
    },
    {
      "type": "Feature",
      "properties": {
        "id": "way/1500200931",
        "name": "Unnamed",
        "network": "PRASA"
      },
      "geometry": {
        "type": "LineString",
        "coordinates": [
          [
            28.1817985,
            -25.6679293
          ],
          [
            28.181812,
            -25.6673541
          ]
        ]
      }
    },
    {
      "type": "Feature",
      "properties": {
        "id": "way/1500200937",
        "name": "Unnamed",
        "network": "PRASA"
      },
      "geometry": {
        "type": "LineString",
        "coordinates": [
          [
            28.2104498,
            -25.8340515
          ],
          [
            28.2109191,
            -25.8349977
          ],
          [
            28.2112989,
            -25.8357529
          ],
          [
            28.2115334,
            -25.8362206
          ],
          [
            28.2117748,
            -25.8366992
          ],
          [
            28.2119834,
            -25.8371192
          ],
          [
            28.2121523,
            -25.8374608
          ],
          [
            28.2123582,
            -25.8378676
          ],
          [
            28.2126284,
            -25.8384077
          ],
          [
            28.2126881,
            -25.8385266
          ]
        ]
      }
    }
  ]
}