{"type":"FeatureCollection","features":[{"type":"Feature","properties":{"id":"799016009","name":"Odinburg Gardens","commuteMinutes":20.76,"nearestJobCenter":"Rosslyn","distanceKm":null,"nearestTransitKm":6.717817494536395},"geometry":{"type":"Polygon","coordinates":[[[28.011271,-25.509634],[28.012362,-25.507732],[28.013361,-25.506374],[28.013949,-25.505445],[28.014999,-25.50367],[28.015196,-25.503269],[28.017424,-25.499727],[28.018476,-25.498407],[28.019342,-25.499617],[28.019838,-25.500622],[28.020189,-25.501686],[28.021128,-25.506588],[28.022253,-25.510565],[28.021807,-25.510754],[28.021643,-25.511129],[28.021692,-25.511929],[28.020838,-25.512356],[28.020124,-25.51239],[28.018545,-25.512709],[28.018126,-25.512861],[28.017515,-25.512554],[28.016581,-25.512264],[28.016085,-25.511951],[28.014238,-25.511065],[28.013609,-25.510874],[28.012827,-25.510311],[28.011271,-25.509634]]]}},{"type":"Feature","properties":{"id":"799016010","name":"Botshabelo","commuteMinutes":20.18,"nearestJobCenter":"Rosslyn","distanceKm":null,"nearestTransitKm":6.487060741239653},"geometry":{"type":"Polygon","coordinates":[[[28.022253,-25.510565],[28.023367,-25.514454],[28.024603,-25.518724],[28.025789,-25.522986],[28.022078,-25.524102],[28.02115,-25.524486],[28.021217,-25.524935],[28.021054,-25.525109],[28.020807,-25.525003],[28.02059,-25.524633],[28.019656,-25.524913],[28.018953,-25.524957],[28.017697,-25.525566],[28.015878,-25.526566],[28.015204,-25.527053],[28.003801,-25.522532],[28.005289,-25.519911],[28.006693,-25.517092],[28.007349,-25.515881],[28.008249,-25.514406],[28.008959,-25.513372],[28.010584,-25.510883],[28.011271,-25.509634],[28.012827,-25.510311],[28.013609,-25.510874],[28.014238,-25.511065],[28.016085,-25.511951],[28.016581,-25.512264],[28.017515,-25.512554],[28.018126,-25.512861],[28.018545,-25.512709],[28.020124,-25.51239],[28.020838,-25.512356],[28.021692,-25.511929],[28.021643,-25.511129],[28.021807,-25.510754],[28.022253,-25.510565]]]}},{"type":"Feature","properties":{"id":"799016011","name":"Mabopane M","commuteMinutes":20.58,"nearestJobCenter":"Rosslyn","distanceKm":null,"nearestTransitKm":3.503846347557797},"geometry":{"type":"Polygon","coordinates":[[[28.038466,-25.517679],[28.03829,-25.518124],[28.038694,-25.518324],[28.039415,-25.518944],[28.040453,-25.518492],[28.041548,-25.518694],[28.042494,-25.519127],[28.043108,-25.519764],[28.043543,-25.520103],[28.044043,-25.520163],[28.044352,-25.520508],[28.045153,-25.521193],[28.045416,-25.521513],[28.046202,-25.521704],[28.046839,-25.521667],[28.047598,-25.521263],[28.047861,-25.521698],[28.048178,-25.521656],[28.048693,-25.522091],[28.048861,-25.522442],[28.049528,-25.522476],[28.050615,-25.521656],[28.050928,-25.521534],[28.051622,-25.521788],[28.052301,-25.521339],[28.052652,-25.52136],[28.052717,-25.521166],[28.053347,-25.521162],[28.054113,-25.52099],[28.055361,-25.520962],[28.05546,-25.521095],[28.055838,-25.520952],[28.056932,-25.521526],[28.05739,-25.521526],[28.058096,-25.521341],[28.058699,-25.521078],[28.059069,-25.520815],[28.05934,-25.520914],[28.060034,-25.520575],[28.060499,-25.520115],[28.061079,-25.520033],[28.060954,-25.520929],[28.060887,-25.521991],[28.060952,-25.523045],[28.061075,-25.523556],[28.061596,-25.524928],[28.062407,-25.526186],[28.062971,-25.52688],[28.063623,-25.527475],[28.065022,-25.528376],[28.063618,-25.529449],[28.060979,-25.530528],[28.060802,-25.530623],[28.059832,-25.529538],[28.058574,-25.528302],[28.05434,-25.52758],[28.049653,-25.52787],[28.048858,-25.529856],[28.04872,-25.529805],[28.047693,-25.531902],[28.047849,-25.532003],[28.047224,-25.534863],[28.046659,-25.534769],[28.038389,-25.533251],[28.03632,-25.532881],[28.024422,-25.530701],[28.024289,-25.530648],[28.02714,-25.528412],[28.027601,-25.528088],[28.027208,-25.527367],[28.026751,-25.526297],[28.025789,-25.522986],[28.024603,-25.518724],[28.023367,-25.514454],[28.025793,-25.513586],[28.026209,-25.513409],[28.027536,-25.51268],[28.029104,-25.512438],[28.030497,-25.512589],[28.033323,-25.512966],[28.033953,-25.513025],[28.033964,-25.513222],[28.034548,-25.514557],[28.035975,-25.517584],[28.036215,-25.51775],[28.037195,-25.517807],[28.037607,-25.517584],[28.038466,-25.517679]]]}},{"type":"Feature","properties":{"id":"799016012","name":"Mabopane Unit C","commuteMinutes":20.02,"nearestJobCenter":"Rosslyn","distanceKm":null,"nearestTransitKm":3.205182567715936},"geometry":{"type":"Polygon","coordinates":[[[28.061079,-25.520033],[28.060499,-25.520115],[28.060034,-25.520575],[28.05934,-25.520914],[28.059069,-25.520815],[28.058699,-25.521078],[28.058096,-25.521341],[28.05739,-25.521526],[28.056932,-25.521526],[28.055838,-25.520952],[28.05546,-25.521095],[28.055361,-25.520962],[28.054113,-25.52099],[28.053347,-25.521162],[28.052717,-25.521166],[28.052652,-25.52136],[28.052301,-25.521339],[28.051622,-25.521788],[28.050928,-25.521534],[28.050615,-25.521656],[28.049528,-25.522476],[28.048861,-25.522442],[28.048693,-25.522091],[28.048178,-25.521656],[28.047861,-25.521698],[28.047598,-25.521263],[28.046839,-25.521667],[28.046202,-25.521704],[28.045416,-25.521513],[28.045153,-25.521193],[28.044352,-25.520508],[28.044043,-25.520163],[28.043543,-25.520103],[28.043108,-25.519764],[28.042494,-25.519127],[28.041548,-25.518694],[28.040453,-25.518492],[28.039415,-25.518944],[28.038694,-25.518324],[28.03829,-25.518124],[28.038466,-25.517679],[28.040117,-25.512575],[28.042479,-25.513176],[28.054914,-25.516287],[28.058153,-25.517111],[28.059565,-25.517439],[28.061384,-25.51775],[28.061079,-25.520033]]]}},{"type":"Feature","properties":{"id":"799016013","name":"Mabopane X","commuteMinutes":21.7,"nearestJobCenter":"Rosslyn","distanceKm":null,"nearestTransitKm":3.4256760463490474},"geometry":{"type":"Polygon","coordinates":[[[28.061384,-25.51775],[28.059565,-25.517439],[28.058153,-25.517111],[28.054914,-25.516287],[28.042479,-25.513176],[28.040117,-25.512575],[28.041464,-25.508261],[28.043788,-25.500556],[28.046077,-25.500377],[28.048388,-25.500723],[28.049694,-25.501497],[28.050104,-25.502173],[28.048555,-25.502764],[28.0492,-25.503677],[28.052065,-25.507959],[28.053484,-25.510126],[28.055014,-25.512358],[28.055819,-25.513334],[28.056791,-25.514174],[28.058241,-25.515064],[28.059267,-25.515488],[28.061716,-25.515682],[28.061384,-25.51775]]]}},{"type":"Feature","properties":{"id":"799016014","name":"Mabopane Unit B","commuteMinutes":19.84,"nearestJobCenter":"Rosslyn","distanceKm":null,"nearestTransitKm":2.095840407186326},"geometry":{"type":"Polygon","coordinates":[[[28.079893,-25.510092],[28.080253,-25.511285],[28.080665,-25.512205],[28.082396,-25.514732],[28.080965,-25.515238],[28.073874,-25.51664],[28.069178,-25.517557],[28.067732,-25.517767],[28.066694,-25.517866],[28.065039,-25.517933],[28.06407,-25.517933],[28.062181,-25.517832],[28.061384,-25.51775],[28.061716,-25.515682],[28.059267,-25.515488],[28.058241,-25.515064],[28.056791,-25.514174],[28.055819,-25.513334],[28.055014,-25.512358],[28.053484,-25.510126],[28.052065,-25.507959],[28.0492,-25.503677],[28.048555,-25.502764],[28.050104,-25.502173],[28.052008,-25.501463],[28.056528,-25.505791],[28.058382,-25.507519],[28.058634,-25.507633],[28.06436,-25.509153],[28.072531,-25.51128],[28.073744,-25.51158],[28.07424,-25.511545],[28.079893,-25.510092]]]}},{"type":"Feature","properties":{"id":"799016015","name":"Mabopane N","commuteMinutes":19.54,"nearestJobCenter":"Rosslyn","distanceKm":null,"nearestTransitKm":0.3230556144739244},"geometry":{"type":"Polygon","coordinates":[[[28.089039,-25.499351],[28.087782,-25.504389],[28.086615,-25.509373],[28.086306,-25.510614],[28.085321,-25.513098],[28.083906,-25.516851],[28.082396,-25.514732],[28.080665,-25.512205],[28.080253,-25.511285],[28.079893,-25.510092],[28.079565,-25.509119],[28.080801,-25.508753],[28.080717,-25.508646],[28.079729,-25.505577],[28.079103,-25.503466],[28.081858,-25.502726],[28.082952,-25.502119],[28.08349,-25.501659],[28.084931,-25.499958],[28.085553,-25.500064],[28.086535,-25.500032],[28.087298,-25.499756],[28.087914,-25.499108],[28.089039,-25.499351]]]}},{"type":"Feature","properties":{"id":"799016016","name":"Mabopane Unit S","commuteMinutes":16.39,"nearestJobCenter":"Rosslyn","distanceKm":null,"nearestTransitKm":0.47697461378117867},"geometry":{"type":"Polygon","coordinates":[[[28.082575,-25.531285],[28.081398,-25.530792],[28.080183,-25.530222],[28.079753,-25.530687],[28.0795,-25.530675],[28.079019,-25.530901],[28.076946,-25.530591],[28.073637,-25.528051],[28.071165,-25.525242],[28.072496,-25.525036],[28.073366,-25.524271],[28.074308,-25.524029],[28.074495,-25.522532],[28.072838,-25.521088],[28.073529,-25.520113],[28.074339,-25.518642],[28.074339,-25.518433],[28.073874,-25.51664],[28.080965,-25.515238],[28.082396,-25.514732],[28.083906,-25.516851],[28.083754,-25.517193],[28.083055,-25.519215],[28.082735,-25.521494],[28.082869,-25.523907],[28.0832,-25.527411],[28.083143,-25.528498],[28.083101,-25.529285],[28.082575,-25.531285]]]}},{"type":"Feature","properties":{"id":"799016017","name":"Mabopane Unit D","commuteMinutes":20.38,"nearestJobCenter":"Rosslyn","distanceKm":null,"nearestTransitKm":1.5303490573385852},"geometry":{"type":"Polygon","coordinates":[[[28.073874,-25.51664],[28.074339,-25.518433],[28.074339,-25.518642],[28.073529,-25.520113],[28.072838,-25.521088],[28.074495,-25.522532],[28.074308,-25.524029],[28.073366,-25.524271],[28.072496,-25.525036],[28.071165,-25.525242],[28.070311,-25.525547],[28.068727,-25.526295],[28.065022,-25.528376],[28.063623,-25.527475],[28.062971,-25.52688],[28.062407,-25.526186],[28.061596,-25.524928],[28.061075,-25.523556],[28.060952,-25.523045],[28.060887,-25.521991],[28.060954,-25.520929],[28.061079,-25.520033],[28.061384,-25.51775],[28.062181,-25.517832],[28.06407,-25.517933],[28.065039,-25.517933],[28.066694,-25.517866],[28.067732,-25.517767],[28.069178,-25.517557],[28.073874,-25.51664]]]}},{"type":"Feature","properties":{"id":"799016018","name":"Itsoseng","commuteMinutes":16.62,"nearestJobCenter":"Rosslyn","distanceKm":null,"nearestTransitKm":1.3934571101300617},"geometry":{"type":"Polygon","coordinates":[[[28.082575,-25.531285],[28.081251,-25.533941],[28.079378,-25.537188],[28.073994,-25.546647],[28.072741,-25.548956],[28.072317,-25.550169],[28.072035,-25.551182],[28.068964,-25.550919],[28.068407,-25.550812],[28.068159,-25.550499],[28.0674,-25.550339],[28.06698,-25.550152],[28.065006,-25.550095],[28.060163,-25.549987],[28.058322,-25.549914],[28.051389,-25.54969],[28.050722,-25.549644],[28.052401,-25.535801],[28.0497,-25.53528],[28.047224,-25.534863],[28.047849,-25.532003],[28.047693,-25.531902],[28.04872,-25.529805],[28.048858,-25.529856],[28.049653,-25.52787],[28.05434,-25.52758],[28.058574,-25.528302],[28.059832,-25.529538],[28.060802,-25.530623],[28.060979,-25.530528],[28.063618,-25.529449],[28.065022,-25.528376],[28.068727,-25.526295],[28.070311,-25.525547],[28.071165,-25.525242],[28.073637,-25.528051],[28.076946,-25.530591],[28.079019,-25.530901],[28.0795,-25.530675],[28.079753,-25.530687],[28.080183,-25.530222],[28.081398,-25.530792],[28.082575,-25.531285]]]}},{"type":"Feature","properties":{"id":"799016019","name":"Midas","commuteMinutes":18.77,"nearestJobCenter":"Rosslyn","distanceKm":null,"nearestTransitKm":5.682463781828211},"geometry":{"type":"Polygon","coordinates":[[[28.024289,-25.530648],[28.015204,-25.527053],[28.015878,-25.526566],[28.017697,-25.525566],[28.018953,-25.524957],[28.019656,-25.524913],[28.02059,-25.524633],[28.020807,-25.525003],[28.021054,-25.525109],[28.021217,-25.524935],[28.02115,-25.524486],[28.022078,-25.524102],[28.025789,-25.522986],[28.026751,-25.526297],[28.027208,-25.527367],[28.027601,-25.528088],[28.02714,-25.528412],[28.024289,-25.530648]]]}},{"type":"Feature","properties":{"id":"799017001","name":"Makanyaneng SP","commuteMinutes":23.78,"nearestJobCenter":"Rosslyn","distanceKm":null,"nearestTransitKm":8.358396971497692},"geometry":{"type":"Polygon","coordinates":[[[28.00043,-25.500176],[28.007509,-25.484091],[28.011746,-25.480611],[28.008398,-25.48694],[28.007868,-25.48749],[28.007433,-25.488918],[28.006254,-25.491262],[28.00506,-25.493431],[28.004068,-25.495506],[28.002535,-25.498546],[28.002325,-25.499441],[28.001646,-25.500933],[28.00043,-25.500176]]]}},{"type":"Feature","properties":{"id":"799047067","name":"Danville Ext 3","commuteMinutes":12.1,"nearestJobCenter":"Pretoria CBD","distanceKm":null,"nearestTransitKm":2.058888691061929},"geometry":{"type":"Polygon","coordinates":[[[28.114814,-25.749225],[28.114801,-25.747984],[28.114664,-25.747796],[28.114402,-25.746367],[28.11521,-25.746242],[28.114785,-25.744127],[28.117691,-25.743723],[28.118349,-25.747212],[28.118507,-25.747765],[28.118944,-25.748569],[28.114814,-25.749225]]]}},{"type":"Feature","properties":{"id":"799047068","name":"Danville Ext 8, 9, 11, 12, 13 & 15","commuteMinutes":13.07,"nearestJobCenter":"Pretoria CBD","distanceKm":null,"nearestTransitKm":1.6763148642703836},"geometry":{"type":"Polygon","coordinates":[[[28.107096,-25.750465],[28.106653,-25.749521],[28.106421,-25.749449],[28.105864,-25.748322],[28.105604,-25.747545],[28.105383,-25.747202],[28.105749,-25.746168],[28.105978,-25.745811],[28.106024,-25.744976],[28.112478,-25.744467],[28.114785,-25.744127],[28.11521,-25.746242],[28.114402,-25.746367],[28.114664,-25.747796],[28.114801,-25.747984],[28.114814,-25.749225],[28.107096,-25.750465]]]}},{"type":"Feature","properties":{"id":"799047069","name":"Lotus Gardens","commuteMinutes":13.9,"nearestJobCenter":"Pretoria CBD","distanceKm":null,"nearestTransitKm":1.4028598028711834},"geometry":{"type":"Polygon","coordinates":[[[28.105383,-25.747202],[28.105604,-25.747545],[28.105864,-25.748322],[28.106421,-25.749449],[28.106653,-25.749521],[28.107096,-25.750465],[28.100981,-25.751411],[28.094194,-25.752419],[28.090094,-25.753101],[28.086412,-25.753761],[28.08141,-25.754979],[28.080562,-25.752129],[28.080818,-25.752059],[28.081988,-25.750946],[28.082107,-25.750478],[28.081927,-25.750112],[28.081668,-25.749193],[28.082629,-25.746208],[28.08154,-25.745858],[28.079798,-25.745381],[28.079033,-25.74507],[28.077989,-25.744383],[28.077514,-25.743954],[28.078332,-25.743118],[28.078666,-25.742688],[28.079141,-25.74187],[28.079404,-25.741626],[28.084093,-25.741093],[28.085001,-25.741014],[28.090326,-25.742422],[28.090689,-25.742573],[28.091665,-25.744394],[28.092009,-25.745672],[28.093523,-25.745451],[28.094896,-25.745117],[28.098276,-25.744186],[28.100512,-25.743608],[28.101244,-25.743727],[28.104155,-25.746037],[28.105238,-25.746979],[28.105383,-25.747202]]]}},{"type":"Feature","properties":{"id":"799047070","name":"Lotus Gardens Ext 2","commuteMinutes":16.08,"nearestJobCenter":"Pretoria CBD","distanceKm":null,"nearestTransitKm":1.4062047913871882},"geometry":{"type":"Polygon","coordinates":[[[28.08141,-25.754979],[28.080645,-25.755165],[28.076159,-25.756632],[28.072405,-25.757812],[28.072454,-25.758074],[28.06674,-25.759567],[28.065841,-25.755782],[28.065935,-25.755745],[28.064043,-25.747414],[28.063868,-25.746559],[28.063778,-25.746582],[28.063058,-25.743381],[28.064779,-25.743208],[28.072821,-25.742321],[28.07688,-25.741913],[28.079404,-25.741626],[28.079141,-25.74187],[28.078666,-25.742688],[28.078332,-25.743118],[28.077514,-25.743954],[28.077989,-25.744383],[28.079033,-25.74507],[28.079798,-25.745381],[28.08154,-25.745858],[28.082629,-25.746208],[28.081668,-25.749193],[28.081927,-25.750112],[28.082107,-25.750478],[28.081988,-25.750946],[28.080818,-25.752059],[28.080562,-25.752129],[28.08141,-25.754979]]]}},{"type":"Feature","properties":{"id":"799047071","name":"Pretoria SP","commuteMinutes":18.59,"nearestJobCenter":"Pretoria CBD","distanceKm":null,"nearestTransitKm":1.4456130280876571},"geometry":{"type":"Polygon","coordinates":[[[28.063058,-25.743381],[28.063778,-25.746582],[28.063868,-25.746559],[28.064043,-25.747414],[28.065935,-25.755745],[28.065841,-25.755782],[28.06674,-25.759567],[28.072454,-25.758074],[28.072405,-25.757812],[28.076159,-25.756632],[28.080645,-25.755165],[28.08141,-25.754979],[28.086412,-25.753761],[28.090094,-25.753101],[28.094194,-25.752419],[28.100981,-25.751411],[28.107096,-25.750465],[28.114814,-25.749225],[28.118944,-25.748569],[28.120375,-25.751101],[28.119699,-25.751316],[28.112539,-25.75316],[28.108511,-25.754173],[28.108755,-25.755796],[28.109156,-25.759203],[28.109996,-25.765715],[28.115972,-25.764242],[28.117134,-25.764114],[28.118033,-25.763801],[28.118105,-25.764001],[28.118425,-25.764063],[28.120867,-25.762974],[28.122381,-25.762573],[28.122313,-25.763117],[28.121885,-25.764019],[28.121992,-25.764439],[28.119928,-25.765341],[28.118341,-25.766117],[28.116636,-25.767685],[28.115984,-25.769457],[28.116018,-25.770956],[28.116201,-25.773209],[28.116018,-25.774353],[28.115881,-25.774695],[28.115389,-25.775919],[28.11463,-25.777537],[28.1093,-25.776143],[28.105443,-25.777406],[28.104251,-25.777967],[28.100254,-25.778528],[28.09962,-25.77555],[28.099144,-25.774151],[28.098898,-25.773237],[28.098562,-25.772314],[28.096308,-25.763973],[28.095358,-25.760538],[28.094118,-25.760626],[28.093317,-25.760616],[28.090532,-25.760427],[28.087622,-25.760206],[28.086897,-25.760189],[28.085577,-25.760286],[28.08042,-25.761],[28.079058,-25.761395],[28.07601,-25.76255],[28.075937,-25.762405],[28.075491,-25.762606],[28.073378,-25.763399],[28.073454,-25.76354],[28.072756,-25.763788],[28.072714,-25.76355],[28.072977,-25.761789],[28.073298,-25.760941],[28.070543,-25.760933],[28.067049,-25.760965],[28.064089,-25.760954],[28.062662,-25.760996],[28.061956,-25.761135],[28.058767,-25.762211],[28.0571,-25.762798],[28.0553,-25.76338],[28.05057,-25.764637],[28.049055,-25.765322],[28.048299,-25.765529],[28.047817,-25.765557],[28.044935,-25.765326],[28.044069,-25.765295],[28.042856,-25.765532],[28.042017,-25.765879],[28.039812,-25.767216],[28.037997,-25.767899],[28.041647,-25.772008],[28.041291,-25.772408],[28.039175,-25.772969],[28.038969,-25.773102],[28.038221,-25.774275],[28.038008,-25.774979],[28.038004,-25.775431],[28.037558,-25.776417],[28.036169,-25.775938],[28.036318,-25.776655],[28.036091,-25.777148],[28.035284,-25.777811],[28.034348,-25.778655],[28.033454,-25.779352],[28.033495,-25.779399],[28.031124,-25.781509],[28.028303,-25.78323],[28.026861,-25.780519],[28.025049,-25.78121],[28.02648,-25.784296],[28.024652,-25.785233],[28.023149,-25.786156],[28.023252,-25.786371],[28.023847,-25.786826],[28.024009,-25.787276],[28.023046,-25.78772],[28.021395,-25.787945],[28.020254,-25.787849],[28.020056,-25.788614],[28.020056,-25.789537],[28.020124,-25.790588],[28.020058,-25.791335],[28.017847,-25.791431],[28.016962,-25.791527],[28.013706,-25.791733],[28.012735,-25.79194],[28.011039,-25.792498],[28.009893,-25.793039],[28.008842,-25.793294],[28.007616,-25.793214],[28.007274,-25.793294],[28.006717,-25.793724],[28.00616,-25.794018],[28.005324,-25.794281],[28.004361,-25.794305],[28.003947,-25.794034],[28.003724,-25.793724],[28.003405,-25.793564],[28.002546,-25.79354],[28.001439,-25.793962],[28.000667,-25.794512],[27.999919,-25.795355],[27.999657,-25.795341],[28.000517,-25.787739],[27.989,-25.787964],[27.979269,-25.788107],[27.977568,-25.788464],[27.969938,-25.790165],[27.962275,-25.79199],[27.96225,-25.791861],[27.96319,-25.78709],[27.959579,-25.786051],[27.954571,-25.78694],[27.9527,-25.77725],[27.952271,-25.774771],[27.95121,-25.769199],[27.949326,-25.759781],[27.949329,-25.75975],[27.952688,-25.759571],[27.955799,-25.75659],[27.957621,-25.75696],[27.960859,-25.7575],[27.964569,-25.75765],[27.96777,-25.75736],[27.97315,-25.756809],[27.97472,-25.755501],[27.97607,-25.754311],[27.979231,-25.75161],[27.97945,-25.751464],[27.982035,-25.751696],[27.982912,-25.751726],[27.984095,-25.751543],[27.985518,-25.751635],[27.987272,-25.751635],[27.989241,-25.751755],[27.990423,-25.751877],[27.994722,-25.750605],[27.998083,-25.749758],[28.00593,-25.747759],[28.011694,-25.746523],[28.013071,-25.746153],[28.014463,-25.745947],[28.015795,-25.745974],[28.019548,-25.745974],[28.021212,-25.746523],[28.022707,-25.746689],[28.029898,-25.744965],[28.037359,-25.743622],[28.042238,-25.74264],[28.043261,-25.742765],[28.044771,-25.74246],[28.046736,-25.742243],[28.049215,-25.741898],[28.052191,-25.741144],[28.057314,-25.739458],[28.05757,-25.739454],[28.058535,-25.743927],[28.063058,-25.743381]]]}},{"type":"Feature","properties":{"id":"799047072","name":"Kwaggasrand","commuteMinutes":13.7,"nearestJobCenter":"Pretoria CBD","distanceKm":null,"nearestTransitKm":0.7261159011526217},"geometry":{"type":"Polygon","coordinates":[[[28.120375,-25.751101],[28.120413,-25.751165],[28.121145,-25.758076],[28.121305,-25.760405],[28.121477,-25.760973],[28.122274,-25.762217],[28.122381,-25.762573],[28.120867,-25.762974],[28.118425,-25.764063],[28.118105,-25.764001],[28.118033,-25.763801],[28.117134,-25.764114],[28.115972,-25.764242],[28.109996,-25.765715],[28.109156,-25.759203],[28.108755,-25.755796],[28.108511,-25.754173],[28.112539,-25.75316],[28.119699,-25.751316],[28.120375,-25.751101]]]}},{"type":"Feature","properties":{"id":"799047073","name":"Pretoria Industrial","commuteMinutes":11.67,"nearestJobCenter":"Pretoria CBD","distanceKm":null,"nearestTransitKm":0.6109969986831858},"geometry":{"type":"Polygon","coordinates":[[[28.133059,-25.759527],[28.132921,-25.761707],[28.132723,-25.76265],[28.136015,-25.763191],[28.13748,-25.763309],[28.13975,-25.763193],[28.139818,-25.763067],[28.14007,-25.761709],[28.140024,-25.761419],[28.141146,-25.761072],[28.142023,-25.760433],[28.142263,-25.760622],[28.142981,-25.760437],[28.143126,-25.760292],[28.144438,-25.75947],[28.144743,-25.759495],[28.145693,-25.76012],[28.146227,-25.76059],[28.14585,-25.760803],[28.146023,-25.763441],[28.146349,-25.766953],[28.146366,-25.767639],[28.146504,-25.769142],[28.147991,-25.769093],[28.150189,-25.768931],[28.150268,-25.769878],[28.150027,-25.770228],[28.149605,-25.770384],[28.1494,-25.770782],[28.14922,-25.771481],[28.149822,-25.771493],[28.151136,-25.771939],[28.15492,-25.773975],[28.155787,-25.774325],[28.156764,-25.774421],[28.157675,-25.774399],[28.160763,-25.774489],[28.161422,-25.774528],[28.164274,-25.77547],[28.165939,-25.776115],[28.166921,-25.776643],[28.166481,-25.777471],[28.165487,-25.778529],[28.164442,-25.778994],[28.163861,-25.779097],[28.163125,-25.777432],[28.162583,-25.777058],[28.162054,-25.777032],[28.159206,-25.777421],[28.158943,-25.776811],[28.157837,-25.777078],[28.155794,-25.777172],[28.152102,-25.77721],[28.151255,-25.777151],[28.150366,-25.777199],[28.150122,-25.777386],[28.150019,-25.778238],[28.149603,-25.778461],[28.149317,-25.778809],[28.148455,-25.779593],[28.147848,-25.779762],[28.147299,-25.779715],[28.145689,-25.780128],[28.142145,-25.780712],[28.14162,-25.780666],[28.140796,-25.780447],[28.139831,-25.780602],[28.139676,-25.779997],[28.13864,-25.78019],[28.138685,-25.780776],[28.137893,-25.780711],[28.135338,-25.780383],[28.134256,-25.780364],[28.133104,-25.780171],[28.126738,-25.778999],[28.125464,-25.778555],[28.122856,-25.777747],[28.121629,-25.777327],[28.120976,-25.776554],[28.11926,-25.774898],[28.117852,-25.774632],[28.117398,-25.774821],[28.116608,-25.774864],[28.115881,-25.774695],[28.116018,-25.774353],[28.116201,-25.773209],[28.116018,-25.770956],[28.115984,-25.769457],[28.116636,-25.767685],[28.118341,-25.766117],[28.119928,-25.765341],[28.121992,-25.764439],[28.121885,-25.764019],[28.122313,-25.763117],[28.122381,-25.762573],[28.123693,-25.761999],[28.13209,-25.759352],[28.132704,-25.759621],[28.133059,-25.759527]]]}},{"type":"Feature","properties":{"id":"799047074","name":"Pretoria West","commuteMinutes":5.13,"nearestJobCenter":"Pretoria CBD","distanceKm":null,"nearestTransitKm":0.018229275463631574},"geometry":{"type":"Polygon","coordinates":[[[28.176977,-25.742779],[28.177103,-25.744421],[28.177382,-25.747206],[28.17827,-25.747133],[28.178549,-25.750082],[28.178778,-25.752996],[28.175882,-25.753176],[28.175287,-25.753147],[28.174803,-25.75293],[28.174128,-25.753601],[28.173822,-25.753788],[28.172892,-25.753874],[28.17308,-25.75637],[28.173164,-25.756711],[28.171736,-25.756523],[28.170126,-25.756136],[28.167036,-25.756186],[28.164885,-25.75632],[28.163179,-25.75651],[28.161596,-25.756855],[28.158159,-25.757502],[28.156821,-25.75781],[28.151067,-25.759042],[28.150206,-25.759244],[28.147523,-25.760122],[28.146227,-25.76059],[28.145693,-25.76012],[28.144743,-25.759495],[28.144438,-25.75947],[28.143126,-25.760292],[28.142981,-25.760437],[28.142263,-25.760622],[28.142023,-25.760433],[28.141146,-25.761072],[28.140203,-25.759087],[28.140165,-25.758915],[28.141359,-25.758326],[28.141859,-25.757746],[28.143217,-25.754189],[28.145018,-25.752348],[28.145266,-25.751801],[28.146231,-25.748857],[28.14662,-25.748106],[28.147776,-25.746387],[28.148031,-25.74613],[28.14773,-25.746017],[28.148317,-25.745066],[28.148539,-25.745104],[28.148287,-25.743446],[28.14926,-25.743454],[28.151972,-25.743881],[28.153341,-25.743973],[28.154455,-25.743956],[28.154402,-25.743591],[28.154165,-25.740822],[28.153967,-25.740071],[28.153764,-25.739618],[28.154727,-25.739231],[28.155801,-25.739083],[28.159136,-25.73884],[28.160578,-25.738779],[28.162169,-25.738598],[28.162497,-25.737753],[28.163355,-25.736433],[28.163614,-25.737064],[28.163988,-25.737514],[28.164625,-25.737865],[28.165567,-25.737944],[28.166338,-25.737692],[28.168684,-25.736702],[28.169733,-25.736351],[28.1712,-25.736413],[28.171623,-25.737202],[28.172457,-25.739075],[28.172674,-25.739843],[28.17314,-25.743027],[28.176977,-25.742779]]]}},{"type":"Feature","properties":{"id":"799047075","name":"Asiatic Bazaar","commuteMinutes":4.44,"nearestJobCenter":"Pretoria CBD","distanceKm":null,"nearestTransitKm":0.09200494458824215},"geometry":{"type":"Polygon","coordinates":[[[28.18495,-25.739346],[28.183928,-25.739403],[28.178947,-25.739821],[28.178702,-25.741057],[28.178303,-25.742686],[28.176977,-25.742779],[28.17314,-25.743027],[28.172674,-25.739843],[28.172457,-25.739075],[28.171623,-25.737202],[28.1712,-25.736413],[28.171541,-25.73646],[28.174669,-25.736713],[28.17713,-25.737139],[28.177225,-25.736946],[28.178461,-25.736938],[28.180941,-25.737206],[28.181021,-25.737444],[28.183222,-25.73765],[28.184851,-25.737883],[28.18495,-25.739346]]]}},{"type":"Feature","properties":{"id":"799047076","name":"Pretoria Central","commuteMinutes":3.4,"nearestJobCenter":"Pretoria CBD","distanceKm":null,"nearestTransitKm":0.04533771629350815},"geometry":{"type":"Polygon","coordinates":[[[28.195963,-25.730873],[28.195311,-25.733274],[28.195108,-25.734335],[28.195124,-25.734652],[28.195795,-25.735819],[28.196043,-25.736029],[28.19668,-25.73708],[28.197363,-25.737724],[28.195162,-25.739902],[28.196318,-25.740788],[28.197378,-25.741405],[28.197542,-25.742563],[28.198182,-25.750084],[28.198519,-25.750071],[28.198378,-25.750288],[28.198145,-25.751154],[28.198149,-25.751669],[28.197783,-25.753027],[28.197191,-25.754936],[28.1966,-25.756226],[28.19607,-25.757187],[28.195917,-25.757919],[28.195982,-25.758905],[28.19591,-25.759289],[28.195261,-25.760218],[28.195066,-25.761072],[28.195031,-25.764128],[28.195028,-25.764235],[28.194281,-25.764082],[28.193316,-25.763588],[28.191145,-25.761976],[28.188608,-25.759075],[28.186995,-25.757957],[28.184763,-25.756882],[28.181494,-25.755701],[28.180979,-25.755636],[28.177412,-25.755873],[28.174547,-25.75659],[28.173164,-25.756711],[28.17308,-25.75637],[28.172892,-25.753874],[28.173822,-25.753788],[28.174128,-25.753601],[28.174803,-25.75293],[28.175287,-25.753147],[28.175882,-25.753176],[28.178778,-25.752996],[28.178549,-25.750082],[28.17827,-25.747133],[28.177382,-25.747206],[28.177103,-25.744421],[28.176977,-25.742779],[28.178303,-25.742686],[28.178702,-25.741057],[28.178947,-25.739821],[28.183928,-25.739403],[28.18495,-25.739346],[28.18738,-25.739206],[28.187246,-25.736805],[28.187143,-25.735863],[28.187174,-25.735117],[28.187521,-25.734121],[28.188093,-25.73336],[28.188898,-25.732801],[28.189241,-25.732313],[28.189444,-25.731825],[28.189306,-25.731073],[28.189932,-25.731152],[28.190767,-25.73114],[28.19401,-25.731213],[28.195963,-25.730873]]]}},{"type":"Feature","properties":{"id":"799047077","name":"Prinshof","commuteMinutes":7.3,"nearestJobCenter":"Pretoria CBD","distanceKm":null,"nearestTransitKm":0.2203651606832671},"geometry":{"type":"Polygon","coordinates":[[[28.206453,-25.729069],[28.207201,-25.730127],[28.208864,-25.734584],[28.209474,-25.736481],[28.209716,-25.736458],[28.210194,-25.7377],[28.210482,-25.738603],[28.208593,-25.738843],[28.20331,-25.739851],[28.200521,-25.740419],[28.200784,-25.741484],[28.199167,-25.741764],[28.198706,-25.741735],[28.197378,-25.741405],[28.196318,-25.740788],[28.195162,-25.739902],[28.197363,-25.737724],[28.19668,-25.73708],[28.196043,-25.736029],[28.195795,-25.735819],[28.195124,-25.734652],[28.195108,-25.734335],[28.195311,-25.733274],[28.195963,-25.730873],[28.196688,-25.730757],[28.196604,-25.730524],[28.197756,-25.730314],[28.197859,-25.730494],[28.199259,-25.730101],[28.200159,-25.730137],[28.201181,-25.730423],[28.203302,-25.730402],[28.203772,-25.730513],[28.204363,-25.730362],[28.204306,-25.729635],[28.204805,-25.72934],[28.206453,-25.729069]]]}},{"type":"Feature","properties":{"id":"799047078","name":"Riviera","commuteMinutes":7.53,"nearestJobCenter":"Pretoria CBD","distanceKm":null,"nearestTransitKm":0.8447864477311275},"geometry":{"type":"Polygon","coordinates":[[[28.21677,-25.729104],[28.216936,-25.729219],[28.217835,-25.73058],[28.217664,-25.73121],[28.219573,-25.731143],[28.219769,-25.733974],[28.221973,-25.737665],[28.221163,-25.737923],[28.219046,-25.738132],[28.216932,-25.738237],[28.216871,-25.738329],[28.215212,-25.738459],[28.215178,-25.738703],[28.213064,-25.738438],[28.212992,-25.737944],[28.211992,-25.738016],[28.210535,-25.737829],[28.210194,-25.7377],[28.209716,-25.736458],[28.209474,-25.736481],[28.208864,-25.734584],[28.207201,-25.730127],[28.206453,-25.729069],[28.206705,-25.729002],[28.210798,-25.728527],[28.210768,-25.72917],[28.212446,-25.72945],[28.213728,-25.729607],[28.213736,-25.72983],[28.214895,-25.729782],[28.215041,-25.729332],[28.21677,-25.729104]]]}},{"type":"Feature","properties":{"id":"799001001","name":"Bosplaas Mathabe SP","commuteMinutes":47.82,"nearestJobCenter":"Rosslyn","distanceKm":null,"nearestTransitKm":18.779845654172288},"geometry":{"type":"Polygon","coordinates":[[[28.20466,-25.372536],[28.204359,-25.375746],[28.199282,-25.375412],[28.19681,-25.375235],[28.192568,-25.374691],[28.188799,-25.374485],[28.185396,-25.374514],[28.184572,-25.374853],[28.182997,-25.375103],[28.182371,-25.375254],[28.18309,-25.376153],[28.183558,-25.377106],[28.183612,-25.377628],[28.183828,-25.378347],[28.183846,-25.378761],[28.18372,-25.3793],[28.183468,-25.379822],[28.183252,-25.380541],[28.183396,-25.38117],[28.183018,-25.381224],[28.183109,-25.381929],[28.182173,-25.38192],[28.182158,-25.382013],[28.181184,-25.382261],[28.180894,-25.382887],[28.18004,-25.379183],[28.17937,-25.376556],[28.179363,-25.376257],[28.178682,-25.373638],[28.177881,-25.369577],[28.17667,-25.36587],[28.17667,-25.340441],[28.17675,-25.32859],[28.201481,-25.323709],[28.211081,-25.33462],[28.211149,-25.33469],[28.219873,-25.344591],[28.21847,-25.345228],[28.218267,-25.345409],[28.217691,-25.34487],[28.216356,-25.347067],[28.217807,-25.347946],[28.216733,-25.349519],[28.216096,-25.351431],[28.215896,-25.352497],[28.215975,-25.353788],[28.214281,-25.353788],[28.214296,-25.354862],[28.214216,-25.356312],[28.210684,-25.356199],[28.208155,-25.356041],[28.208067,-25.356524],[28.207636,-25.356447],[28.207499,-25.356968],[28.207321,-25.356948],[28.205195,-25.356251],[28.204475,-25.357232],[28.203849,-25.358265],[28.2034,-25.359381],[28.203296,-25.360706],[28.20316,-25.361541],[28.202993,-25.363513],[28.202972,-25.365026],[28.202993,-25.366644],[28.203139,-25.368313],[28.203243,-25.368751],[28.204199,-25.369526],[28.204351,-25.369942],[28.204817,-25.370754],[28.20466,-25.372536]]]}},{"type":"Feature","properties":{"id":"799002001","name":"Mashemong SP","commuteMinutes":46.64,"nearestJobCenter":"Rosslyn","distanceKm":null,"nearestTransitKm":19.33778926323097},"geometry":{"type":"Polygon","coordinates":[[[28.219873,-25.344591],[28.228331,-25.354191],[28.228544,-25.354144],[28.228662,-25.35597],[28.228668,-25.357274],[28.228801,-25.358226],[28.229241,-25.360473],[28.229471,-25.361085],[28.22975,-25.362108],[28.229982,-25.364447],[28.230158,-25.365271],[28.230471,-25.365908],[28.2274,-25.367443],[28.224474,-25.368885],[28.218893,-25.371658],[28.217535,-25.37232],[28.215651,-25.373308],[28.212576,-25.375254],[28.212405,-25.375411],[28.212124,-25.375256],[28.210207,-25.374498],[28.209486,-25.374264],[28.209047,-25.374033],[28.207907,-25.372667],[28.207827,-25.372225],[28.207026,-25.372469],[28.206587,-25.372522],[28.20466,-25.372536],[28.204817,-25.370754],[28.204351,-25.369942],[28.204199,-25.369526],[28.203243,-25.368751],[28.203139,-25.368313],[28.202993,-25.366644],[28.202972,-25.365026],[28.202993,-25.363513],[28.20316,-25.361541],[28.203296,-25.360706],[28.2034,-25.359381],[28.203849,-25.358265],[28.204475,-25.357232],[28.205195,-25.356251],[28.207321,-25.356948],[28.207499,-25.356968],[28.207636,-25.356447],[28.208067,-25.356524],[28.208155,-25.356041],[28.210684,-25.356199],[28.214216,-25.356312],[28.214296,-25.354862],[28.214281,-25.353788],[28.215975,-25.353788],[28.215896,-25.352497],[28.216096,-25.351431],[28.216733,-25.349519],[28.217807,-25.347946],[28.216356,-25.347067],[28.217691,-25.34487],[28.218267,-25.345409],[28.21847,-25.345228],[28.219873,-25.344591]]]}},{"type":"Feature","properties":{"id":"799003001","name":"Majaneng SP","commuteMinutes":44.71,"nearestJobCenter":"Menlyn","distanceKm":null,"nearestTransitKm":22.85003175529584},"geometry":{"type":"Polygon","coordinates":[[[28.271688,-25.35723],[28.267653,-25.358265],[28.266397,-25.358494],[28.261786,-25.359583],[28.259139,-25.36023],[28.25443,-25.361347],[28.252187,-25.360814],[28.251359,-25.360906],[28.250758,-25.361105],[28.249663,-25.361604],[28.249489,-25.361599],[28.248791,-25.361957],[28.249024,-25.362815],[28.245139,-25.363801],[28.244545,-25.364285],[28.243921,-25.364048],[28.241074,-25.364745],[28.240889,-25.363345],[28.24062,-25.361833],[28.240248,-25.361905],[28.240094,-25.361279],[28.23944,-25.361497],[28.238176,-25.36206],[28.237064,-25.362639],[28.237412,-25.363771],[28.237722,-25.365567],[28.235998,-25.365999],[28.230648,-25.367272],[28.230646,-25.366022],[28.230471,-25.365908],[28.230158,-25.365271],[28.229982,-25.364447],[28.22975,-25.362108],[28.229471,-25.361085],[28.229241,-25.360473],[28.228801,-25.358226],[28.228668,-25.357274],[28.228662,-25.35597],[28.228544,-25.354144],[28.251711,-25.349257],[28.269503,-25.345494],[28.269703,-25.346205],[28.270252,-25.345948],[28.270969,-25.345995],[28.270644,-25.346309],[28.27077,-25.346691],[28.270388,-25.347376],[28.270346,-25.348301],[28.270556,-25.349609],[28.27111,-25.349671],[28.271099,-25.350063],[28.270817,-25.350351],[28.270367,-25.350571],[28.270409,-25.350921],[28.270242,-25.351245],[28.270503,-25.351512],[28.270289,-25.35171],[28.270048,-25.351496],[28.269745,-25.351501],[28.269703,-25.3517],[28.269996,-25.351841],[28.270179,-25.352244],[28.270828,-25.352552],[28.270796,-25.353138],[28.271167,-25.35398],[28.271241,-25.354314],[28.27175,-25.35419],[28.271528,-25.35375],[28.271994,-25.353823],[28.271962,-25.35341],[28.272255,-25.35341],[28.272658,-25.353697],[28.272945,-25.354785],[28.272726,-25.355193],[28.272459,-25.354869],[28.272009,-25.355031],[28.272114,-25.355454],[28.271675,-25.356003],[28.271512,-25.356375],[28.271688,-25.35723]]]}},{"type":"Feature","properties":{"id":"799004001","name":"Babelegi Industrial","commuteMinutes":41.54,"nearestJobCenter":"Menlyn","distanceKm":null,"nearestTransitKm":23.97805349294776},"geometry":{"type":"Polygon","coordinates":[[[28.283045,-25.368773],[28.279654,-25.368679],[28.279497,-25.373545],[28.276125,-25.37348],[28.275015,-25.373865],[28.274878,-25.373669],[28.274893,-25.372812],[28.275095,-25.372564],[28.275988,-25.372427],[28.276037,-25.372143],[28.275835,-25.371462],[28.2754,-25.371193],[28.274935,-25.37014],[28.27508,-25.369696],[28.274286,-25.369217],[28.274057,-25.368927],[28.273876,-25.36828],[28.274264,-25.367771],[28.274123,-25.367162],[28.273856,-25.366759],[28.273674,-25.366104],[28.273634,-25.365404],[28.273841,-25.364815],[28.274198,-25.364341],[28.274077,-25.363893],[28.273528,-25.364074],[28.27306,-25.363525],[28.273141,-25.363173],[28.27374,-25.362684],[28.273513,-25.361918],[28.273473,-25.361485],[28.274057,-25.361455],[28.274254,-25.361193],[28.274082,-25.360785],[28.274249,-25.360261],[28.273538,-25.359934],[28.273256,-25.359989],[28.27305,-25.360261],[28.272501,-25.359753],[28.271962,-25.358367],[28.271688,-25.35723],[28.271512,-25.356375],[28.271675,-25.356003],[28.272114,-25.355454],[28.272009,-25.355031],[28.272459,-25.354869],[28.272726,-25.355193],[28.272945,-25.354785],[28.272658,-25.353697],[28.272255,-25.35341],[28.271962,-25.35341],[28.271994,-25.353823],[28.271528,-25.35375],[28.27175,-25.35419],[28.271241,-25.354314],[28.271167,-25.35398],[28.270796,-25.353138],[28.270828,-25.352552],[28.270179,-25.352244],[28.269996,-25.351841],[28.269703,-25.3517],[28.269745,-25.351501],[28.270048,-25.351496],[28.270289,-25.35171],[28.270503,-25.351512],[28.270242,-25.351245],[28.270409,-25.350921],[28.270367,-25.350571],[28.270817,-25.350351],[28.271099,-25.350063],[28.27111,-25.349671],[28.270556,-25.349609],[28.270346,-25.348301],[28.270388,-25.347376],[28.27077,-25.346691],[28.270644,-25.346309],[28.270969,-25.345995],[28.270252,-25.345948],[28.269703,-25.346205],[28.269503,-25.345494],[28.28056,-25.34309],[28.282415,-25.342692],[28.282312,-25.343555],[28.282373,-25.348812],[28.282492,-25.351242],[28.282679,-25.354557],[28.2829,-25.358831],[28.28301,-25.3671],[28.283045,-25.368773]]]}},{"type":"Feature","properties":{"id":"799005001","name":"Ramotse SP","commuteMinutes":40.25,"nearestJobCenter":"Menlyn","distanceKm":null,"nearestTransitKm":24.80576091412597},"geometry":{"type":"Polygon","coordinates":[[[28.297773,-25.339399],[28.297773,-25.339639],[28.298067,-25.345219],[28.298293,-25.348615],[28.298622,-25.35468],[28.298847,-25.357816],[28.299142,-25.363638],[28.299255,-25.366128],[28.299468,-25.369275],[28.299797,-25.374701],[28.299841,-25.376923],[28.299787,-25.378116],[28.299547,-25.38162],[28.298088,-25.381505],[28.297731,-25.379393],[28.297632,-25.379248],[28.2949,-25.376969],[28.293724,-25.376013],[28.291394,-25.373994],[28.284979,-25.36875],[28.284708,-25.368584],[28.284166,-25.368608],[28.283045,-25.368773],[28.28301,-25.3671],[28.2829,-25.358831],[28.282679,-25.354557],[28.282492,-25.351242],[28.282373,-25.348812],[28.282312,-25.343555],[28.282415,-25.342692],[28.282642,-25.342644],[28.2834,-25.338079],[28.289505,-25.338291],[28.289627,-25.341152],[28.291599,-25.340719],[28.297773,-25.339399]]]}},{"type":"Feature","properties":{"id":"799006001","name":"Kekana Garden SP","commuteMinutes":36.6,"nearestJobCenter":"Menlyn","distanceKm":null,"nearestTransitKm":25.4643535976814},"geometry":{"type":"Polygon","coordinates":[[[28.303624,-25.382538],[28.302524,-25.383343],[28.301765,-25.384012],[28.300943,-25.385135],[28.300519,-25.386108],[28.300323,-25.387095],[28.299143,-25.387092],[28.299547,-25.38162],[28.299787,-25.378116],[28.299841,-25.376923],[28.299797,-25.374701],[28.299468,-25.369275],[28.299255,-25.366128],[28.300801,-25.365853],[28.303839,-25.365134],[28.304972,-25.364895],[28.30621,-25.364485],[28.307691,-25.364152],[28.31063,-25.363432],[28.31157,-25.363247],[28.311205,-25.364478],[28.312125,-25.366267],[28.312416,-25.366916],[28.312763,-25.369799],[28.315185,-25.370081],[28.315503,-25.369151],[28.316626,-25.369244],[28.316345,-25.370212],[28.319693,-25.37061],[28.319807,-25.370725],[28.31934,-25.371049],[28.315159,-25.374156],[28.313024,-25.375669],[28.310756,-25.377391],[28.309949,-25.377962],[28.309783,-25.37821],[28.308983,-25.378687],[28.308036,-25.379354],[28.303624,-25.382538]]]}},{"type":"Feature","properties":{"id":"799007001","name":"Marokolong SP","commuteMinutes":36.83,"nearestJobCenter":"Menlyn","distanceKm":null,"nearestTransitKm":23.458726184962522},"geometry":{"type":"Polygon","coordinates":[[[28.299547,-25.38162],[28.299143,-25.387092],[28.298716,-25.387058],[28.296305,-25.390331],[28.296133,-25.390503],[28.293364,-25.39422],[28.292585,-25.395119],[28.292051,-25.39562],[28.291155,-25.396282],[28.283846,-25.401978],[28.283102,-25.402058],[28.281042,-25.402042],[28.280359,-25.402166],[28.279799,-25.402456],[28.279474,-25.402807],[28.279173,-25.403782],[28.27891,-25.404228],[28.278067,-25.404966],[28.277964,-25.404194],[28.277567,-25.403296],[28.277895,-25.402536],[28.277685,-25.402277],[28.277086,-25.401907],[28.276888,-25.401512],[28.276865,-25.40106],[28.276651,-25.400482],[28.275976,-25.400414],[28.275629,-25.400864],[28.275152,-25.400414],[28.275209,-25.400063],[28.275461,-25.399584],[28.275167,-25.399008],[28.274744,-25.398684],[28.273787,-25.398642],[28.273691,-25.398291],[28.27376,-25.397194],[28.273752,-25.396013],[28.274931,-25.395428],[28.274931,-25.394871],[28.275133,-25.394398],[28.274874,-25.39395],[28.274401,-25.39225],[28.273928,-25.392344],[28.27239,-25.392504],[28.272272,-25.392107],[28.273428,-25.390966],[28.273447,-25.390829],[28.273054,-25.390387],[28.273371,-25.390011],[28.273527,-25.389576],[28.274084,-25.389532],[28.276152,-25.389172],[28.277067,-25.388973],[28.276228,-25.387821],[28.276491,-25.386284],[28.276205,-25.386034],[28.27561,-25.385944],[28.275297,-25.385365],[28.275862,-25.384413],[28.275663,-25.383839],[28.275854,-25.383064],[28.275839,-25.382692],[28.276014,-25.382013],[28.276594,-25.380972],[28.276144,-25.380369],[28.275698,-25.380447],[28.275126,-25.380392],[28.274767,-25.380192],[28.274675,-25.379946],[28.274801,-25.379623],[28.274305,-25.379061],[28.273581,-25.377918],[28.274469,-25.377222],[28.274618,-25.377251],[28.27458,-25.377741],[28.2749,-25.37797],[28.27548,-25.377964],[28.275728,-25.377462],[28.275583,-25.377056],[28.275694,-25.376671],[28.275068,-25.376392],[28.275187,-25.375692],[28.275381,-25.375162],[28.275015,-25.373865],[28.276125,-25.37348],[28.279497,-25.373545],[28.279654,-25.368679],[28.283045,-25.368773],[28.284166,-25.368608],[28.284708,-25.368584],[28.284979,-25.36875],[28.291394,-25.373994],[28.293724,-25.376013],[28.2949,-25.376969],[28.297632,-25.379248],[28.297731,-25.379393],[28.298088,-25.381505],[28.299547,-25.38162]]]}},{"type":"Feature","properties":{"id":"799008001","name":"Leboneng","commuteMinutes":42.09,"nearestJobCenter":"Menlyn","distanceKm":null,"nearestTransitKm":23.203889396905872},"geometry":{"type":"Polygon","coordinates":[[[28.274057,-25.368927],[28.272856,-25.369762],[28.271456,-25.370815],[28.271116,-25.370756],[28.269255,-25.370831],[28.269243,-25.372097],[28.26697,-25.371895],[28.266096,-25.372236],[28.265806,-25.37187],[28.2633,-25.371881],[28.263098,-25.371843],[28.263048,-25.371515],[28.262197,-25.370653],[28.261877,-25.370192],[28.261793,-25.36936],[28.262823,-25.368213],[28.262975,-25.367674],[28.262612,-25.367129],[28.262112,-25.36608],[28.261666,-25.365638],[28.260518,-25.365584],[28.259292,-25.365584],[28.259307,-25.363642],[28.261631,-25.363657],[28.261685,-25.362411],[28.261641,-25.362098],[28.259871,-25.362495],[28.259139,-25.36023],[28.261786,-25.359583],[28.266397,-25.358494],[28.267653,-25.358265],[28.271688,-25.35723],[28.271962,-25.358367],[28.272501,-25.359753],[28.27305,-25.360261],[28.273256,-25.359989],[28.273538,-25.359934],[28.274249,-25.360261],[28.274082,-25.360785],[28.274254,-25.361193],[28.274057,-25.361455],[28.273473,-25.361485],[28.273513,-25.361918],[28.27374,-25.362684],[28.273141,-25.363173],[28.27306,-25.363525],[28.273528,-25.364074],[28.274077,-25.363893],[28.274198,-25.364341],[28.273841,-25.364815],[28.273634,-25.365404],[28.273674,-25.366104],[28.273856,-25.366759],[28.274123,-25.367162],[28.274264,-25.367771],[28.273876,-25.36828],[28.274057,-25.368927]]]}},{"type":"Feature","properties":{"id":"799008002","name":"Kudube Unit 10","commuteMinutes":44.17,"nearestJobCenter":"Menlyn","distanceKm":null,"nearestTransitKm":22.180439488332993},"geometry":{"type":"Polygon","coordinates":[[[28.259139,-25.36023],[28.259871,-25.362495],[28.261641,-25.362098],[28.261685,-25.362411],[28.261631,-25.363657],[28.259307,-25.363642],[28.259292,-25.365584],[28.260518,-25.365584],[28.261666,-25.365638],[28.262112,-25.36608],[28.262612,-25.367129],[28.262975,-25.367674],[28.262823,-25.368213],[28.261793,-25.36936],[28.261198,-25.369431],[28.254568,-25.369486],[28.254164,-25.370111],[28.253214,-25.369732],[28.252634,-25.369743],[28.250345,-25.369923],[28.249876,-25.366461],[28.249024,-25.362815],[28.248791,-25.361957],[28.249489,-25.361599],[28.249663,-25.361604],[28.250758,-25.361105],[28.251359,-25.360906],[28.252187,-25.360814],[28.25443,-25.361347],[28.259139,-25.36023]]]}},{"type":"Feature","properties":{"id":"799008003","name":"Kudube Unit D","commuteMinutes":44.46,"nearestJobCenter":"Menlyn","distanceKm":null,"nearestTransitKm":20.282900976084882},"geometry":{"type":"Polygon","coordinates":[[[28.249024,-25.362815],[28.249876,-25.366461],[28.250345,-25.369923],[28.251081,-25.376244],[28.25149,-25.37944],[28.249258,-25.379663],[28.248455,-25.379543],[28.246138,-25.378168],[28.243246,-25.376437],[28.243118,-25.376539],[28.241551,-25.375594],[28.241757,-25.375337],[28.241179,-25.375136],[28.239354,-25.373726],[28.238706,-25.373459],[28.237399,-25.37338],[28.235961,-25.373442],[28.234693,-25.373698],[28.233778,-25.374266],[28.233159,-25.374988],[28.232818,-25.375648],[28.232698,-25.376057],[28.232539,-25.38028],[28.232459,-25.383128],[28.232471,-25.383688],[28.231382,-25.383753],[28.230124,-25.38369],[28.230165,-25.383368],[28.230398,-25.375805],[28.230547,-25.373823],[28.230639,-25.371134],[28.2307,-25.367682],[28.230648,-25.367272],[28.235998,-25.365999],[28.237722,-25.365567],[28.237412,-25.363771],[28.237064,-25.362639],[28.238176,-25.36206],[28.23944,-25.361497],[28.240094,-25.361279],[28.240248,-25.361905],[28.24062,-25.361833],[28.240889,-25.363345],[28.241074,-25.364745],[28.243921,-25.364048],[28.244545,-25.364285],[28.245139,-25.363801],[28.249024,-25.362815]]]}},{"type":"Feature","properties":{"id":"799008004","name":"Kudube Unit 2","commuteMinutes":40.54,"nearestJobCenter":"Menlyn","distanceKm":null,"nearestTransitKm":21.664752415718976},"geometry":{"type":"Polygon","coordinates":[[[28.261793,-25.36936],[28.261877,-25.370192],[28.262197,-25.370653],[28.263048,-25.371515],[28.263098,-25.371843],[28.2633,-25.371881],[28.265806,-25.37187],[28.266096,-25.372236],[28.26697,-25.371895],[28.269243,-25.372097],[28.269123,-25.372798],[28.268853,-25.375041],[28.269589,-25.375128],[28.269428,-25.377245],[28.269305,-25.378393],[28.270065,-25.378481],[28.270201,-25.378665],[28.269935,-25.380973],[28.266203,-25.380589],[28.260885,-25.380001],[28.260759,-25.380205],[28.25593,-25.386314],[28.255594,-25.386684],[28.25482,-25.387255],[28.254103,-25.387495],[28.252558,-25.387695],[28.251896,-25.382582],[28.25149,-25.37944],[28.251081,-25.376244],[28.250345,-25.369923],[28.252634,-25.369743],[28.253214,-25.369732],[28.254164,-25.370111],[28.254568,-25.369486],[28.261198,-25.369431],[28.261793,-25.36936]]]}},{"type":"Feature","properties":{"id":"799008005","name":"Temba Unit 2","commuteMinutes":40.49,"nearestJobCenter":"Menlyn","distanceKm":null,"nearestTransitKm":22.7430073788246},"geometry":{"type":"Polygon","coordinates":[[[28.275015,-25.373865],[28.275381,-25.375162],[28.275187,-25.375692],[28.275068,-25.376392],[28.275694,-25.376671],[28.275583,-25.377056],[28.275728,-25.377462],[28.27548,-25.377964],[28.2749,-25.37797],[28.27458,-25.377741],[28.274618,-25.377251],[28.274469,-25.377222],[28.273581,-25.377918],[28.274305,-25.379061],[28.274801,-25.379623],[28.274675,-25.379946],[28.271963,-25.380444],[28.271936,-25.380728],[28.270852,-25.381147],[28.270723,-25.381054],[28.269935,-25.380973],[28.270201,-25.378665],[28.270065,-25.378481],[28.269305,-25.378393],[28.269428,-25.377245],[28.269589,-25.375128],[28.268853,-25.375041],[28.269123,-25.372798],[28.269243,-25.372097],[28.269255,-25.370831],[28.271116,-25.370756],[28.271456,-25.370815],[28.272856,-25.369762],[28.274057,-25.368927],[28.274286,-25.369217],[28.27508,-25.369696],[28.274935,-25.37014],[28.2754,-25.371193],[28.275835,-25.371462],[28.276037,-25.372143],[28.275988,-25.372427],[28.275095,-25.372564],[28.274893,-25.372812],[28.274878,-25.373669],[28.275015,-25.373865]]]}},{"type":"Feature","properties":{"id":"799008006","name":"Temba Unit 1","commuteMinutes":37.32,"nearestJobCenter":"Menlyn","distanceKm":null,"nearestTransitKm":20.894267572721628},"geometry":{"type":"Polygon","coordinates":[[[28.278067,-25.404966],[28.27737,-25.405223],[28.2683,-25.407016],[28.265138,-25.407654],[28.26084,-25.408543],[28.259843,-25.408618],[28.258464,-25.40848],[28.257407,-25.408165],[28.256244,-25.407557],[28.255651,-25.407102],[28.253818,-25.405415],[28.252729,-25.404492],[28.251653,-25.403778],[28.250669,-25.403284],[28.249067,-25.402691],[28.247237,-25.402057],[28.245703,-25.401508],[28.243631,-25.400723],[28.24267,-25.40016],[28.246187,-25.396852],[28.245493,-25.394506],[28.245943,-25.393576],[28.24626,-25.39333],[28.246317,-25.39307],[28.245055,-25.391912],[28.245493,-25.391531],[28.249376,-25.388409],[28.249788,-25.388176],[28.250586,-25.387924],[28.251501,-25.387781],[28.252558,-25.387695],[28.254103,-25.387495],[28.25482,-25.387255],[28.255594,-25.386684],[28.25593,-25.386314],[28.260759,-25.380205],[28.260885,-25.380001],[28.266203,-25.380589],[28.269935,-25.380973],[28.270723,-25.381054],[28.270852,-25.381147],[28.271936,-25.380728],[28.271963,-25.380444],[28.274675,-25.379946],[28.274767,-25.380192],[28.275126,-25.380392],[28.275698,-25.380447],[28.276144,-25.380369],[28.276594,-25.380972],[28.276014,-25.382013],[28.275839,-25.382692],[28.275854,-25.383064],[28.275663,-25.383839],[28.275862,-25.384413],[28.275297,-25.385365],[28.27561,-25.385944],[28.276205,-25.386034],[28.276491,-25.386284],[28.276228,-25.387821],[28.277067,-25.388973],[28.276152,-25.389172],[28.274084,-25.389532],[28.273527,-25.389576],[28.273371,-25.390011],[28.273054,-25.390387],[28.273447,-25.390829],[28.273428,-25.390966],[28.272272,-25.392107],[28.27239,-25.392504],[28.273928,-25.392344],[28.274401,-25.39225],[28.274874,-25.39395],[28.275133,-25.394398],[28.274931,-25.394871],[28.274931,-25.395428],[28.273752,-25.396013],[28.27376,-25.397194],[28.273691,-25.398291],[28.273787,-25.398642],[28.274744,-25.398684],[28.275167,-25.399008],[28.275461,-25.399584],[28.275209,-25.400063],[28.275152,-25.400414],[28.275629,-25.400864],[28.275976,-25.400414],[28.276651,-25.400482],[28.276865,-25.40106],[28.276888,-25.401512],[28.277086,-25.401907],[28.277685,-25.402277],[28.277895,-25.402536],[28.277567,-25.403296],[28.277964,-25.404194],[28.278067,-25.404966]]]}},{"type":"Feature","properties":{"id":"799008007","name":"Kudube Unit 11","commuteMinutes":40.52,"nearestJobCenter":"Menlyn","distanceKm":null,"nearestTransitKm":19.63461925832234},"geometry":{"type":"Polygon","coordinates":[[[28.252558,-25.387695],[28.251501,-25.387781],[28.250586,-25.387924],[28.249788,-25.388176],[28.249376,-25.388409],[28.245493,-25.391531],[28.245055,-25.391912],[28.242183,-25.394316],[28.241034,-25.393183],[28.240456,-25.392347],[28.240143,-25.392037],[28.240426,-25.390228],[28.240111,-25.390161],[28.240441,-25.388303],[28.240727,-25.388321],[28.242208,-25.388436],[28.242385,-25.386915],[28.242694,-25.386683],[28.24245,-25.386215],[28.242626,-25.384183],[28.244807,-25.383996],[28.245521,-25.383968],[28.245624,-25.38518],[28.246899,-25.385021],[28.248765,-25.383766],[28.248832,-25.383485],[28.248749,-25.382918],[28.251896,-25.382582],[28.252558,-25.387695]]]}},{"type":"Feature","properties":{"id":"799008008","name":"Temba Unit 7","commuteMinutes":44.13,"nearestJobCenter":"Menlyn","distanceKm":null,"nearestTransitKm":19.64517526038493},"geometry":{"type":"Polygon","coordinates":[[[28.242626,-25.384183],[28.24245,-25.386215],[28.242694,-25.386683],[28.242385,-25.386915],[28.242208,-25.388436],[28.240727,-25.388321],[28.240755,-25.387793],[28.240507,-25.387739],[28.237902,-25.387537],[28.235353,-25.387304],[28.234358,-25.387423],[28.234265,-25.387239],[28.234156,-25.386875],[28.234694,-25.383673],[28.232471,-25.383688],[28.232459,-25.383128],[28.232539,-25.38028],[28.232698,-25.376057],[28.232818,-25.375648],[28.233159,-25.374988],[28.233778,-25.374266],[28.234693,-25.373698],[28.235961,-25.373442],[28.237399,-25.37338],[28.238706,-25.373459],[28.239354,-25.373726],[28.241179,-25.375136],[28.241757,-25.375337],[28.241551,-25.375594],[28.240684,-25.376408],[28.240042,-25.376715],[28.238776,-25.378396],[28.239723,-25.379197],[28.239124,-25.379843],[28.241928,-25.3818],[28.241322,-25.383171],[28.241053,-25.384279],[28.242626,-25.384183]]]}},{"type":"Feature","properties":{"id":"799008009","name":"Temba Unit D","commuteMinutes":42.95,"nearestJobCenter":"Menlyn","distanceKm":null,"nearestTransitKm":20.064397377780747},"geometry":{"type":"Polygon","coordinates":[[[28.246138,-25.378168],[28.245677,-25.378822],[28.245079,-25.379506],[28.244525,-25.379853],[28.24319,-25.380433],[28.242617,-25.380835],[28.241928,-25.3818],[28.239124,-25.379843],[28.239723,-25.379197],[28.238776,-25.378396],[28.240042,-25.376715],[28.240684,-25.376408],[28.241551,-25.375594],[28.243118,-25.376539],[28.243246,-25.376437],[28.246138,-25.378168]]]}},{"type":"Feature","properties":{"id":"799008010","name":"Temba Unit 6","commuteMinutes":41.9,"nearestJobCenter":"Menlyn","distanceKm":null,"nearestTransitKm":20.09404862810598},"geometry":{"type":"Polygon","coordinates":[[[28.25149,-25.37944],[28.251896,-25.382582],[28.248749,-25.382918],[28.248832,-25.383485],[28.248765,-25.383766],[28.246899,-25.385021],[28.245624,-25.38518],[28.245521,-25.383968],[28.244807,-25.383996],[28.242626,-25.384183],[28.241053,-25.384279],[28.241322,-25.383171],[28.241928,-25.3818],[28.242617,-25.380835],[28.24319,-25.380433],[28.244525,-25.379853],[28.245079,-25.379506],[28.245677,-25.378822],[28.246138,-25.378168],[28.248455,-25.379543],[28.249258,-25.379663],[28.25149,-25.37944]]]}},{"type":"Feature","properties":{"id":"799008011","name":"Sekampaneng SP","commuteMinutes":42.47,"nearestJobCenter":"Menlyn","distanceKm":null,"nearestTransitKm":18.82232114220871},"geometry":{"type":"Polygon","coordinates":[[[28.234265,-25.387239],[28.233372,-25.387153],[28.233426,-25.386778],[28.232728,-25.386712],[28.232685,-25.386865],[28.231875,-25.386753],[28.229978,-25.386654],[28.230036,-25.383879],[28.230124,-25.38369],[28.231382,-25.383753],[28.232471,-25.383688],[28.234694,-25.383673],[28.234156,-25.386875],[28.234265,-25.387239]]]}},{"type":"Feature","properties":{"id":"799008012","name":"Sekampaneng","commuteMinutes":39.3,"nearestJobCenter":"Menlyn","distanceKm":null,"nearestTransitKm":18.667584196181668},"geometry":{"type":"Polygon","coordinates":[[[28.234265,-25.387239],[28.234358,-25.387423],[28.235353,-25.387304],[28.237902,-25.387537],[28.240507,-25.387739],[28.240755,-25.387793],[28.240727,-25.388321],[28.240441,-25.388303],[28.240111,-25.390161],[28.240426,-25.390228],[28.240143,-25.392037],[28.240456,-25.392347],[28.241034,-25.393183],[28.242183,-25.394316],[28.245055,-25.391912],[28.246317,-25.39307],[28.24626,-25.39333],[28.245943,-25.393576],[28.245493,-25.394506],[28.246187,-25.396852],[28.24267,-25.40016],[28.243631,-25.400723],[28.245703,-25.401508],[28.247237,-25.402057],[28.246631,-25.403019],[28.2464,-25.403227],[28.245321,-25.403349],[28.244023,-25.403297],[28.23596,-25.403309],[28.229189,-25.403275],[28.229189,-25.402672],[28.229399,-25.398943],[28.229521,-25.39535],[28.229612,-25.39488],[28.229708,-25.393023],[28.229864,-25.387798],[28.229978,-25.386654],[28.231875,-25.386753],[28.232685,-25.386865],[28.232728,-25.386712],[28.233426,-25.386778],[28.233372,-25.387153],[28.234265,-25.387239]]]}},{"type":"Feature","properties":{"id":"799009001","name":"Suurman SP","commuteMinutes":42.82,"nearestJobCenter":"Rosslyn","distanceKm":null,"nearestTransitKm":18.129843074426475},"geometry":{"type":"Polygon","coordinates":[[[28.230124,-25.38369],[28.230036,-25.383879],[28.229978,-25.386654],[28.229864,-25.387798],[28.229708,-25.393023],[28.229612,-25.39488],[28.229521,-25.39535],[28.229399,-25.398943],[28.229189,-25.402672],[28.229189,-25.403275],[28.213547,-25.413831],[28.213194,-25.414029],[28.210425,-25.413841],[28.20112,-25.41291],[28.201167,-25.412085],[28.202921,-25.392256],[28.203192,-25.388977],[28.203321,-25.386797],[28.203478,-25.384802],[28.20381,-25.382002],[28.204226,-25.377399],[28.204359,-25.375746],[28.20466,-25.372536],[28.206587,-25.372522],[28.207026,-25.372469],[28.207827,-25.372225],[28.207907,-25.372667],[28.209047,-25.374033],[28.209486,-25.374264],[28.210207,-25.374498],[28.212124,-25.375256],[28.212405,-25.375411],[28.212576,-25.375254],[28.215651,-25.373308],[28.217535,-25.37232],[28.218893,-25.371658],[28.224474,-25.368885],[28.2274,-25.367443],[28.230471,-25.365908],[28.230646,-25.366022],[28.230648,-25.367272],[28.2307,-25.367682],[28.230639,-25.371134],[28.230547,-25.373823],[28.230398,-25.375805],[28.230165,-25.383368],[28.230124,-25.38369]]]}},{"type":"Feature","properties":{"id":"799010001","name":"Dilopye SP","commuteMinutes":36.31,"nearestJobCenter":"Rosslyn","distanceKm":null,"nearestTransitKm":15.341036668566067},"geometry":{"type":"Polygon","coordinates":[[[28.20112,-25.41291],[28.187849,-25.411442],[28.187654,-25.41087],[28.187468,-25.409624],[28.187021,-25.407497],[28.186468,-25.405067],[28.186338,-25.404802],[28.186384,-25.404129],[28.186155,-25.402695],[28.186068,-25.40243],[28.185743,-25.400072],[28.185759,-25.399446],[28.186018,-25.398951],[28.186071,-25.398455],[28.186457,-25.398287],[28.186323,-25.397768],[28.18667,-25.397408],[28.186441,-25.397205],[28.186651,-25.396883],[28.18675,-25.396444],[28.186579,-25.396006],[28.186285,-25.395763],[28.186079,-25.395061],[28.186243,-25.394756],[28.186014,-25.394398],[28.186083,-25.394081],[28.185732,-25.393736],[28.18572,-25.393488],[28.185289,-25.392578],[28.185518,-25.392382],[28.185537,-25.391783],[28.183161,-25.391903],[28.183054,-25.390411],[28.182909,-25.38946],[28.182558,-25.387825],[28.182089,-25.385891],[28.181833,-25.384512],[28.182158,-25.382013],[28.182173,-25.38192],[28.183109,-25.381929],[28.183018,-25.381224],[28.183396,-25.38117],[28.183252,-25.380541],[28.183468,-25.379822],[28.18372,-25.3793],[28.183846,-25.378761],[28.183828,-25.378347],[28.183612,-25.377628],[28.183558,-25.377106],[28.18309,-25.376153],[28.182371,-25.375254],[28.182997,-25.375103],[28.184572,-25.374853],[28.185396,-25.374514],[28.188799,-25.374485],[28.192568,-25.374691],[28.19681,-25.375235],[28.199282,-25.375412],[28.204359,-25.375746],[28.204226,-25.377399],[28.20381,-25.382002],[28.203478,-25.384802],[28.203321,-25.386797],[28.203192,-25.388977],[28.202921,-25.392256],[28.201167,-25.412085],[28.20112,-25.41291]]]}},{"type":"Feature","properties":{"id":"799011001","name":"Stinkwater SP","commuteMinutes":35.42,"nearestJobCenter":"Rosslyn","distanceKm":null,"nearestTransitKm":14.417085713923354},"geometry":{"type":"Polygon","coordinates":[[[28.182158,-25.382013],[28.181833,-25.384512],[28.182089,-25.385891],[28.182558,-25.387825],[28.182909,-25.38946],[28.183054,-25.390411],[28.183161,-25.391903],[28.180507,-25.392086],[28.1764,-25.39231],[28.173925,-25.392426],[28.172903,-25.392511],[28.167925,-25.392797],[28.163488,-25.392799],[28.163561,-25.392332],[28.163855,-25.391439],[28.165506,-25.387449],[28.166151,-25.385202],[28.162451,-25.383509],[28.158838,-25.381886],[28.157858,-25.38139],[28.155954,-25.380608],[28.15526,-25.380419],[28.154745,-25.379929],[28.154234,-25.38147],[28.153189,-25.384134],[28.152388,-25.383963],[28.151201,-25.383621],[28.150709,-25.385273],[28.15119,-25.385939],[28.152124,-25.386345],[28.151724,-25.387072],[28.151827,-25.387535],[28.150896,-25.389233],[28.149477,-25.391506],[28.148172,-25.393299],[28.147718,-25.391596],[28.147075,-25.390817],[28.145585,-25.389225],[28.145077,-25.388548],[28.144738,-25.386685],[28.144941,-25.386143],[28.145652,-25.385567],[28.145957,-25.384788],[28.145957,-25.38384],[28.145551,-25.382384],[28.144602,-25.380725],[28.144162,-25.379438],[28.144128,-25.378455],[28.144332,-25.377338],[28.144332,-25.376186],[28.14423,-25.373884],[28.144037,-25.372402],[28.17667,-25.36587],[28.177881,-25.369577],[28.178682,-25.373638],[28.179363,-25.376257],[28.17937,-25.376556],[28.18004,-25.379183],[28.180894,-25.382887],[28.181184,-25.382261],[28.182158,-25.382013]]]}},{"type":"Feature","properties":{"id":"799011002","name":"Stinkwater A","commuteMinutes":33.82,"nearestJobCenter":"Rosslyn","distanceKm":null,"nearestTransitKm":13.554856915964532},"geometry":{"type":"Polygon","coordinates":[[[28.163488,-25.392799],[28.162558,-25.392768],[28.157792,-25.392715],[28.15695,-25.392768],[28.155935,-25.392936],[28.154591,-25.393304],[28.153313,-25.393854],[28.1526,-25.394251],[28.15183,-25.394787],[28.150978,-25.39551],[28.150328,-25.396193],[28.149633,-25.394976],[28.149164,-25.394274],[28.148172,-25.393299],[28.149477,-25.391506],[28.150896,-25.389233],[28.151827,-25.387535],[28.151724,-25.387072],[28.152124,-25.386345],[28.15119,-25.385939],[28.150709,-25.385273],[28.151201,-25.383621],[28.152388,-25.383963],[28.153189,-25.384134],[28.154234,-25.38147],[28.154745,-25.379929],[28.15526,-25.380419],[28.155954,-25.380608],[28.157858,-25.38139],[28.158838,-25.381886],[28.162451,-25.383509],[28.166151,-25.385202],[28.165506,-25.387449],[28.163855,-25.391439],[28.163561,-25.392332],[28.163488,-25.392799]]]}},{"type":"Feature","properties":{"id":"799011003","name":"Stinkwater B","commuteMinutes":35.49,"nearestJobCenter":"Rosslyn","distanceKm":null,"nearestTransitKm":13.650106389272455},"geometry":{"type":"Polygon","coordinates":[[[28.186323,-25.397768],[28.185492,-25.397794],[28.185067,-25.397915],[28.183987,-25.398039],[28.183838,-25.399274],[28.182661,-25.399265],[28.181361,-25.399139],[28.179767,-25.399238],[28.1773,-25.399198],[28.176291,-25.399106],[28.174607,-25.399116],[28.173274,-25.399207],[28.172814,-25.399147],[28.171033,-25.399179],[28.168937,-25.399145],[28.167312,-25.399179],[28.163933,-25.399335],[28.162205,-25.399382],[28.159106,-25.399572],[28.156176,-25.39964],[28.155143,-25.399581],[28.152449,-25.399644],[28.151367,-25.399557],[28.151283,-25.39839],[28.151088,-25.397907],[28.150851,-25.397706],[28.150563,-25.39713],[28.150578,-25.396466],[28.150328,-25.396193],[28.150978,-25.39551],[28.15183,-25.394787],[28.1526,-25.394251],[28.153313,-25.393854],[28.154591,-25.393304],[28.155935,-25.392936],[28.15695,-25.392768],[28.157792,-25.392715],[28.162558,-25.392768],[28.163488,-25.392799],[28.167925,-25.392797],[28.172903,-25.392511],[28.173925,-25.392426],[28.1764,-25.39231],[28.180507,-25.392086],[28.183161,-25.391903],[28.185537,-25.391783],[28.185518,-25.392382],[28.185289,-25.392578],[28.18572,-25.393488],[28.185732,-25.393736],[28.186083,-25.394081],[28.186014,-25.394398],[28.186243,-25.394756],[28.186079,-25.395061],[28.186285,-25.395763],[28.186579,-25.396006],[28.18675,-25.396444],[28.186651,-25.396883],[28.186441,-25.397205],[28.18667,-25.397408],[28.186323,-25.397768]]]}},{"type":"Feature","properties":{"id":"799011004","name":"Stinkwater C","commuteMinutes":35.68,"nearestJobCenter":"Rosslyn","distanceKm":null,"nearestTransitKm":13.015109286501295},"geometry":{"type":"Polygon","coordinates":[[[28.186323,-25.397768],[28.186457,-25.398287],[28.186071,-25.398455],[28.186018,-25.398951],[28.185759,-25.399446],[28.185743,-25.400072],[28.186068,-25.40243],[28.186155,-25.402695],[28.186384,-25.404129],[28.186338,-25.404802],[28.1855,-25.404925],[28.174725,-25.405455],[28.173456,-25.405526],[28.167323,-25.405772],[28.164479,-25.405956],[28.162236,-25.405994],[28.161053,-25.406042],[28.159841,-25.40616],[28.158738,-25.406169],[28.155606,-25.40633],[28.155156,-25.406453],[28.153145,-25.406595],[28.148786,-25.406728],[28.148171,-25.406794],[28.146797,-25.406767],[28.147127,-25.405342],[28.14847,-25.399817],[28.148958,-25.398378],[28.149611,-25.397116],[28.150328,-25.396193],[28.150578,-25.396466],[28.150563,-25.39713],[28.150851,-25.397706],[28.151088,-25.397907],[28.151283,-25.39839],[28.151367,-25.399557],[28.152449,-25.399644],[28.155143,-25.399581],[28.156176,-25.39964],[28.159106,-25.399572],[28.162205,-25.399382],[28.163933,-25.399335],[28.167312,-25.399179],[28.168937,-25.399145],[28.171033,-25.399179],[28.172814,-25.399147],[28.173274,-25.399207],[28.174607,-25.399116],[28.176291,-25.399106],[28.1773,-25.399198],[28.179767,-25.399238],[28.181361,-25.399139],[28.182661,-25.399265],[28.183838,-25.399274],[28.183987,-25.398039],[28.185067,-25.397915],[28.185492,-25.397794],[28.186323,-25.397768]]]}},{"type":"Feature","properties":{"id":"799011005","name":"Stinkwater D","commuteMinutes":34.46,"nearestJobCenter":"Rosslyn","distanceKm":null,"nearestTransitKm":11.996874078748487},"geometry":{"type":"Polygon","coordinates":[[[28.187849,-25.411442],[28.18786,-25.411581],[28.192448,-25.43212],[28.165029,-25.437474],[28.164375,-25.437317],[28.156361,-25.438993],[28.150583,-25.418579],[28.150438,-25.418377],[28.150309,-25.417698],[28.150156,-25.417414],[28.149832,-25.416317],[28.149374,-25.4158],[28.149202,-25.415466],[28.14889,-25.415436],[28.148603,-25.414898],[28.148584,-25.41441],[28.148359,-25.41444],[28.147943,-25.414177],[28.148035,-25.412544],[28.147581,-25.411804],[28.14694,-25.412169],[28.146444,-25.4123],[28.14562,-25.412666],[28.145338,-25.412706],[28.145529,-25.411985],[28.146797,-25.406767],[28.148171,-25.406794],[28.148786,-25.406728],[28.153145,-25.406595],[28.155156,-25.406453],[28.155606,-25.40633],[28.158738,-25.406169],[28.159841,-25.40616],[28.161053,-25.406042],[28.162236,-25.405994],[28.164479,-25.405956],[28.167323,-25.405772],[28.173456,-25.405526],[28.174725,-25.405455],[28.1855,-25.404925],[28.186338,-25.404802],[28.186468,-25.405067],[28.187021,-25.407497],[28.187468,-25.409624],[28.187654,-25.41087],[28.187849,-25.411442]]]}},{"type":"Feature","properties":{"id":"799012001","name":"New Eersterus SP","commuteMinutes":32.01,"nearestJobCenter":"Rosslyn","distanceKm":null,"nearestTransitKm":10.698947845573283},"geometry":{"type":"Polygon","coordinates":[[[28.156361,-25.438993],[28.128431,-25.444658],[28.125875,-25.445087],[28.125517,-25.44416],[28.124662,-25.440159],[28.12319,-25.433708],[28.123018,-25.433229],[28.122545,-25.431353],[28.121702,-25.427315],[28.121325,-25.42576],[28.120996,-25.423923],[28.119921,-25.419172],[28.119207,-25.416336],[28.118715,-25.414017],[28.118311,-25.412405],[28.118097,-25.411114],[28.117842,-25.410339],[28.117598,-25.409019],[28.11688,-25.40645],[28.116838,-25.405817],[28.116507,-25.404463],[28.116407,-25.403374],[28.116304,-25.403238],[28.115268,-25.399195],[28.110729,-25.378901],[28.14345,-25.37252],[28.144037,-25.372402],[28.14423,-25.373884],[28.144332,-25.376186],[28.144332,-25.377338],[28.144128,-25.378455],[28.144162,-25.379438],[28.144602,-25.380725],[28.145551,-25.382384],[28.145957,-25.38384],[28.145957,-25.384788],[28.145652,-25.385567],[28.144941,-25.386143],[28.144738,-25.386685],[28.145077,-25.388548],[28.145585,-25.389225],[28.147075,-25.390817],[28.147718,-25.391596],[28.148172,-25.393299],[28.149164,-25.394274],[28.149633,-25.394976],[28.150328,-25.396193],[28.149611,-25.397116],[28.148958,-25.398378],[28.14847,-25.399817],[28.147127,-25.405342],[28.146797,-25.406767],[28.145529,-25.411985],[28.145338,-25.412706],[28.14562,-25.412666],[28.146444,-25.4123],[28.14694,-25.412169],[28.147581,-25.411804],[28.148035,-25.412544],[28.147943,-25.414177],[28.148359,-25.41444],[28.148584,-25.41441],[28.148603,-25.414898],[28.14889,-25.415436],[28.149202,-25.415466],[28.149374,-25.4158],[28.149832,-25.416317],[28.150156,-25.417414],[28.150309,-25.417698],[28.150438,-25.418377],[28.150583,-25.418579],[28.156361,-25.438993]]]}},{"type":"Feature","properties":{"id":"799013001","name":"Soutpan SP","commuteMinutes":29.04,"nearestJobCenter":"Rosslyn","distanceKm":null,"nearestTransitKm":8.956353670545575},"geometry":{"type":"Polygon","coordinates":[[[28.123018,-25.433229],[28.122396,-25.433538],[28.121996,-25.433834],[28.121389,-25.433975],[28.120832,-25.433975],[28.119806,-25.434122],[28.119547,-25.433969],[28.118856,-25.434042],[28.117075,-25.434362],[28.112883,-25.435032],[28.11114,-25.435349],[28.111016,-25.434168],[28.109726,-25.434256],[28.109197,-25.43419],[28.109267,-25.430688],[28.110618,-25.430627],[28.110391,-25.428668],[28.108319,-25.428813],[28.105027,-25.42918],[28.104147,-25.429339],[28.103067,-25.424641],[28.100817,-25.415163],[28.100592,-25.414068],[28.100443,-25.412634],[28.100203,-25.40658],[28.100138,-25.40569],[28.09985,-25.404218],[28.099496,-25.40304],[28.09896,-25.401784],[28.098076,-25.400265],[28.097383,-25.399317],[28.096231,-25.397942],[28.095315,-25.396706],[28.094706,-25.395737],[28.094196,-25.394782],[28.092364,-25.390973],[28.092082,-25.390345],[28.089648,-25.385247],[28.089203,-25.384358],[28.087543,-25.381353],[28.108021,-25.367006],[28.110729,-25.378901],[28.115268,-25.399195],[28.116304,-25.403238],[28.116407,-25.403374],[28.116507,-25.404463],[28.116838,-25.405817],[28.11688,-25.40645],[28.117598,-25.409019],[28.117842,-25.410339],[28.118097,-25.411114],[28.118311,-25.412405],[28.118715,-25.414017],[28.119207,-25.416336],[28.119921,-25.419172],[28.120996,-25.423923],[28.121325,-25.42576],[28.121702,-25.427315],[28.122545,-25.431353],[28.123018,-25.433229]]]}},{"type":"Feature","properties":{"id":"799014001","name":"Tswaing Nature Reserve","commuteMinutes":43.5,"nearestJobCenter":"Rosslyn","distanceKm":null,"nearestTransitKm":9.301204691659773},"geometry":{"type":"Polygon","coordinates":[[[28.104147,-25.429339],[28.105753,-25.436218],[28.104914,-25.436325],[28.097689,-25.437431],[28.09704,-25.437519],[28.095766,-25.437689],[28.087034,-25.439034],[28.085821,-25.43924],[28.082403,-25.439754],[28.079931,-25.440151],[28.074183,-25.441042],[28.073786,-25.439737],[28.07168,-25.43298],[28.070719,-25.429865],[28.068903,-25.424067],[28.067492,-25.419603],[28.060373,-25.407854],[28.057928,-25.403875],[28.056475,-25.401459],[28.055574,-25.400026],[28.05969,-25.397791],[28.06229,-25.39636],[28.07007,-25.39212],[28.08338,-25.38485],[28.083029,-25.384516],[28.087543,-25.381353],[28.089203,-25.384358],[28.089648,-25.385247],[28.092082,-25.390345],[28.092364,-25.390973],[28.094196,-25.394782],[28.094706,-25.395737],[28.095315,-25.396706],[28.096231,-25.397942],[28.097383,-25.399317],[28.098076,-25.400265],[28.09896,-25.401784],[28.099496,-25.40304],[28.09985,-25.404218],[28.100138,-25.40569],[28.100203,-25.40658],[28.100443,-25.412634],[28.100592,-25.414068],[28.100817,-25.415163],[28.103067,-25.424641],[28.104147,-25.429339]]]}},{"type":"Feature","properties":{"id":"799014002","name":"Soshanguve V Ext 1","commuteMinutes":26.91,"nearestJobCenter":"Rosslyn","distanceKm":null,"nearestTransitKm":7.074549395777631},"geometry":{"type":"Polygon","coordinates":[[[28.123018,-25.433229],[28.12319,-25.433708],[28.124662,-25.440159],[28.125517,-25.44416],[28.125875,-25.445087],[28.124212,-25.445871],[28.124079,-25.445654],[28.123682,-25.44372],[28.123407,-25.442667],[28.12319,-25.441586],[28.122873,-25.440327],[28.122648,-25.439219],[28.122381,-25.438175],[28.121911,-25.436021],[28.121746,-25.435419],[28.114443,-25.436548],[28.111685,-25.436987],[28.106127,-25.437828],[28.105753,-25.436218],[28.104147,-25.429339],[28.105027,-25.42918],[28.108319,-25.428813],[28.110391,-25.428668],[28.110618,-25.430627],[28.109267,-25.430688],[28.109197,-25.43419],[28.109726,-25.434256],[28.111016,-25.434168],[28.11114,-25.435349],[28.112883,-25.435032],[28.117075,-25.434362],[28.118856,-25.434042],[28.119547,-25.433969],[28.119806,-25.434122],[28.120832,-25.433975],[28.121389,-25.433975],[28.121996,-25.433834],[28.122396,-25.433538],[28.123018,-25.433229]]]}},{"type":"Feature","properties":{"id":"799014003","name":"Soshanguve V","commuteMinutes":27.34,"nearestJobCenter":"Rosslyn","distanceKm":null,"nearestTransitKm":6.695836018443509},"geometry":{"type":"Polygon","coordinates":[[[28.117826,-25.448748],[28.11716,-25.446812],[28.116854,-25.445189],[28.116765,-25.443591],[28.11674,-25.441162],[28.116649,-25.440642],[28.116324,-25.439945],[28.115688,-25.439245],[28.114815,-25.43875],[28.114828,-25.43862],[28.114443,-25.436548],[28.121746,-25.435419],[28.121911,-25.436021],[28.122381,-25.438175],[28.122648,-25.439219],[28.122873,-25.440327],[28.12319,-25.441586],[28.123407,-25.442667],[28.123682,-25.44372],[28.124079,-25.445654],[28.124212,-25.445871],[28.123854,-25.446039],[28.121634,-25.447021],[28.117826,-25.448748]]]}},{"type":"Feature","properties":{"id":"799014004","name":"Soshanguve T","commuteMinutes":25.58,"nearestJobCenter":"Rosslyn","distanceKm":null,"nearestTransitKm":6.41123855834084},"geometry":{"type":"Polygon","coordinates":[[[28.108934,-25.452665],[28.108397,-25.451677],[28.107672,-25.45014],[28.107306,-25.449034],[28.107115,-25.448105],[28.107008,-25.447269],[28.106756,-25.443228],[28.106665,-25.44149],[28.106493,-25.439484],[28.106127,-25.437828],[28.111685,-25.436987],[28.114443,-25.436548],[28.114828,-25.43862],[28.114815,-25.43875],[28.115688,-25.439245],[28.116324,-25.439945],[28.116649,-25.440642],[28.11674,-25.441162],[28.116765,-25.443591],[28.116854,-25.445189],[28.11716,-25.446812],[28.117826,-25.448748],[28.115324,-25.449835],[28.112387,-25.45118],[28.108934,-25.452665]]]}},{"type":"Feature","properties":{"id":"799014005","name":"Soshanguve PP 2","commuteMinutes":26.96,"nearestJobCenter":"Rosslyn","distanceKm":null,"nearestTransitKm":5.634706936072123},"geometry":{"type":"Polygon","coordinates":[[[28.108934,-25.452665],[28.104822,-25.454489],[28.104692,-25.454315],[28.104689,-25.453732],[28.104387,-25.453527],[28.104422,-25.453257],[28.104059,-25.452564],[28.10404,-25.452194],[28.103807,-25.451515],[28.103582,-25.451292],[28.102816,-25.45121],[28.102404,-25.451014],[28.102057,-25.450571],[28.102095,-25.450432],[28.101496,-25.449862],[28.100966,-25.449045],[28.100977,-25.448801],[28.100416,-25.448267],[28.100485,-25.44746],[28.100412,-25.446907],[28.100668,-25.445993],[28.100981,-25.445377],[28.101225,-25.44437],[28.100908,-25.44409],[28.100534,-25.443956],[28.10055,-25.443281],[28.100332,-25.442976],[28.100344,-25.442434],[28.10071,-25.441792],[28.100626,-25.441238],[28.100107,-25.440563],[28.099363,-25.440031],[28.099092,-25.440016],[28.098993,-25.439669],[28.098593,-25.439232],[28.09828,-25.438446],[28.097551,-25.438084],[28.09704,-25.437519],[28.097689,-25.437431],[28.104914,-25.436325],[28.105753,-25.436218],[28.106127,-25.437828],[28.106493,-25.439484],[28.106665,-25.44149],[28.106756,-25.443228],[28.107008,-25.447269],[28.107115,-25.448105],[28.107306,-25.449034],[28.107672,-25.45014],[28.108397,-25.451677],[28.108934,-25.452665]]]}},{"type":"Feature","properties":{"id":"799014006","name":"Chris Hani","commuteMinutes":26.43,"nearestJobCenter":"Rosslyn","distanceKm":null,"nearestTransitKm":5.761969859009846},"geometry":{"type":"Polygon","coordinates":[[[28.100981,-25.445377],[28.100168,-25.445368],[28.099772,-25.445742],[28.099218,-25.44595],[28.098719,-25.446384],[28.098299,-25.446934],[28.097712,-25.447296],[28.097046,-25.447987],[28.095947,-25.448787],[28.095728,-25.448846],[28.095149,-25.44931],[28.093901,-25.447756],[28.092749,-25.446732],[28.092176,-25.446327],[28.090673,-25.445524],[28.089411,-25.445084],[28.088678,-25.444895],[28.08777,-25.444746],[28.086889,-25.444668],[28.085188,-25.444721],[28.08415,-25.444881],[28.081866,-25.445452],[28.081503,-25.445679],[28.081408,-25.445332],[28.08198,-25.44491],[28.08251,-25.444805],[28.08275,-25.444517],[28.082693,-25.444307],[28.083372,-25.44367],[28.083715,-25.443193],[28.084002,-25.44313],[28.08436,-25.442816],[28.084738,-25.442221],[28.084753,-25.441626],[28.084982,-25.440933],[28.085424,-25.440807],[28.085733,-25.440155],[28.085653,-25.439798],[28.085821,-25.43924],[28.087034,-25.439034],[28.095766,-25.437689],[28.09704,-25.437519],[28.097551,-25.438084],[28.09828,-25.438446],[28.098593,-25.439232],[28.098993,-25.439669],[28.099092,-25.440016],[28.099363,-25.440031],[28.100107,-25.440563],[28.100626,-25.441238],[28.10071,-25.441792],[28.100344,-25.442434],[28.100332,-25.442976],[28.10055,-25.443281],[28.100534,-25.443956],[28.100908,-25.44409],[28.101225,-25.44437],[28.100981,-25.445377]]]}},{"type":"Feature","properties":{"id":"799014007","name":"Soshanguve PP 1","commuteMinutes":27.31,"nearestJobCenter":"Rosslyn","distanceKm":null,"nearestTransitKm":5.8946708361143765},"geometry":{"type":"Polygon","coordinates":[[[28.075598,-25.446819],[28.074926,-25.444231],[28.074076,-25.441074],[28.074183,-25.441042],[28.079931,-25.440151],[28.082403,-25.439754],[28.085821,-25.43924],[28.085653,-25.439798],[28.085733,-25.440155],[28.085424,-25.440807],[28.084982,-25.440933],[28.084753,-25.441626],[28.084738,-25.442221],[28.08436,-25.442816],[28.084002,-25.44313],[28.083715,-25.443193],[28.083372,-25.44367],[28.082693,-25.444307],[28.08275,-25.444517],[28.08251,-25.444805],[28.08198,-25.44491],[28.081408,-25.445332],[28.08061,-25.44561],[28.079451,-25.445932],[28.076792,-25.446466],[28.075598,-25.446819]]]}},{"type":"Feature","properties":{"id":"799014008","name":"Soshanguve JJ","commuteMinutes":26.18,"nearestJobCenter":"Rosslyn","distanceKm":null,"nearestTransitKm":4.714808419865044},"geometry":{"type":"Polygon","coordinates":[[[28.078764,-25.463676],[28.078688,-25.463474],[28.077738,-25.456163],[28.077356,-25.453751],[28.076433,-25.449703],[28.076181,-25.44916],[28.075598,-25.446819],[28.076792,-25.446466],[28.079451,-25.445932],[28.08061,-25.44561],[28.081408,-25.445332],[28.081503,-25.445679],[28.082716,-25.449369],[28.084024,-25.453297],[28.085226,-25.456997],[28.086309,-25.460096],[28.083284,-25.461405],[28.080538,-25.462769],[28.078764,-25.463676]]]}},{"type":"Feature","properties":{"id":"799014009","name":"Soshanguve HH","commuteMinutes":26.61,"nearestJobCenter":"Rosslyn","distanceKm":null,"nearestTransitKm":4.952126823754104},"geometry":{"type":"Polygon","coordinates":[[[28.086309,-25.460096],[28.085226,-25.456997],[28.084024,-25.453297],[28.082716,-25.449369],[28.081503,-25.445679],[28.081866,-25.445452],[28.08415,-25.444881],[28.085188,-25.444721],[28.086889,-25.444668],[28.08777,-25.444746],[28.088678,-25.444895],[28.089411,-25.445084],[28.090673,-25.445524],[28.092176,-25.446327],[28.092749,-25.446732],[28.093901,-25.447756],[28.095149,-25.44931],[28.097517,-25.452414],[28.098875,-25.454237],[28.100218,-25.456446],[28.097872,-25.457199],[28.093554,-25.45817],[28.09149,-25.458658],[28.090029,-25.458973],[28.088614,-25.459368],[28.086309,-25.460096]]]}},{"type":"Feature","properties":{"id":"799014010","name":"Soshanguve PP3","commuteMinutes":25.95,"nearestJobCenter":"Rosslyn","distanceKm":null,"nearestTransitKm":5.220569135448348},"geometry":{"type":"Polygon","coordinates":[[[28.100981,-25.445377],[28.100668,-25.445993],[28.100412,-25.446907],[28.100485,-25.44746],[28.100416,-25.448267],[28.100977,-25.448801],[28.100966,-25.449045],[28.101496,-25.449862],[28.102095,-25.450432],[28.102057,-25.450571],[28.102404,-25.451014],[28.102816,-25.45121],[28.103582,-25.451292],[28.103807,-25.451515],[28.10404,-25.452194],[28.104059,-25.452564],[28.104422,-25.453257],[28.104387,-25.453527],[28.104689,-25.453732],[28.104692,-25.454315],[28.104822,-25.454489],[28.104643,-25.454569],[28.101667,-25.455856],[28.100218,-25.456446],[28.098875,-25.454237],[28.097517,-25.452414],[28.095149,-25.44931],[28.095728,-25.448846],[28.095947,-25.448787],[28.097046,-25.447987],[28.097712,-25.447296],[28.098299,-25.446934],[28.098719,-25.446384],[28.099218,-25.44595],[28.099772,-25.445742],[28.100168,-25.445368],[28.100981,-25.445377]]]}},{"type":"Feature","properties":{"id":"799014011","name":"Soshanguve GG","commuteMinutes":23.98,"nearestJobCenter":"Rosslyn","distanceKm":null,"nearestTransitKm":3.2566070003907934},"geometry":{"type":"Polygon","coordinates":[[[28.106474,-25.478817],[28.106321,-25.477232],[28.106073,-25.475744],[28.105818,-25.474604],[28.104368,-25.469231],[28.103693,-25.469488],[28.100492,-25.470829],[28.098337,-25.471962],[28.09683,-25.472891],[28.093352,-25.475315],[28.0916,-25.473713],[28.090181,-25.472391],[28.088583,-25.470772],[28.088205,-25.470287],[28.087389,-25.468859],[28.087122,-25.468201],[28.086725,-25.466743],[28.086653,-25.466017],[28.086512,-25.461384],[28.086309,-25.460096],[28.088614,-25.459368],[28.090029,-25.458973],[28.09149,-25.458658],[28.093554,-25.45817],[28.097872,-25.457199],[28.100218,-25.456446],[28.101667,-25.455856],[28.104643,-25.454569],[28.104761,-25.454943],[28.104719,-25.455626],[28.105108,-25.456049],[28.105185,-25.45647],[28.104647,-25.457352],[28.105013,-25.45813],[28.105318,-25.458609],[28.106276,-25.459429],[28.106718,-25.459707],[28.107561,-25.460785],[28.107889,-25.460777],[28.108973,-25.461542],[28.108416,-25.461992],[28.108976,-25.462341],[28.109919,-25.463074],[28.110159,-25.464699],[28.110609,-25.465906],[28.110559,-25.466599],[28.110743,-25.466839],[28.110777,-25.467405],[28.110369,-25.468164],[28.11001,-25.468281],[28.109652,-25.468222],[28.109259,-25.469137],[28.109243,-25.469387],[28.10895,-25.470055],[28.108477,-25.470354],[28.107996,-25.471502],[28.107759,-25.471901],[28.107832,-25.472958],[28.107626,-25.473398],[28.107687,-25.473618],[28.107473,-25.474213],[28.10755,-25.474375],[28.107271,-25.474712],[28.107321,-25.474945],[28.10708,-25.475292],[28.106977,-25.47617],[28.107157,-25.477163],[28.107141,-25.478193],[28.107328,-25.47895],[28.106474,-25.478817]]]}},{"type":"Feature","properties":{"id":"799014012","name":"Soshanguve LL","commuteMinutes":24.17,"nearestJobCenter":"Rosslyn","distanceKm":null,"nearestTransitKm":2.690062751681049},"geometry":{"type":"Polygon","coordinates":[[[28.089602,-25.478537],[28.089285,-25.477671],[28.088755,-25.476522],[28.087778,-25.47497],[28.0874,-25.474508],[28.087297,-25.473902],[28.08713,-25.47373],[28.086255,-25.473241],[28.0854,-25.472861],[28.085319,-25.472443],[28.083235,-25.468882],[28.082696,-25.468385],[28.082451,-25.467055],[28.081656,-25.465176],[28.081522,-25.464607],[28.080999,-25.463701],[28.080778,-25.46312],[28.080538,-25.462769],[28.083284,-25.461405],[28.086309,-25.460096],[28.086512,-25.461384],[28.086653,-25.466017],[28.086725,-25.466743],[28.087122,-25.468201],[28.087389,-25.468859],[28.088205,-25.470287],[28.088583,-25.470772],[28.090181,-25.472391],[28.0916,-25.473713],[28.091182,-25.474463],[28.091383,-25.474966],[28.09068,-25.475776],[28.090504,-25.476091],[28.090114,-25.476399],[28.090057,-25.476795],[28.089693,-25.477536],[28.089914,-25.477875],[28.089842,-25.478399],[28.089602,-25.478537]]]}},{"type":"Feature","properties":{"id":"799014013","name":"Soshanguve NN","commuteMinutes":23.06,"nearestJobCenter":"Rosslyn","distanceKm":null,"nearestTransitKm":2.057674730195745},"geometry":{"type":"Polygon","coordinates":[[[28.084261,-25.486172],[28.084129,-25.486195],[28.083349,-25.486332],[28.081682,-25.483097],[28.081163,-25.481726],[28.080774,-25.478762],[28.08077,-25.478422],[28.079683,-25.470821],[28.078764,-25.463676],[28.080538,-25.462769],[28.080778,-25.46312],[28.080999,-25.463701],[28.081522,-25.464607],[28.081656,-25.465176],[28.082451,-25.467055],[28.082696,-25.468385],[28.083235,-25.468882],[28.085319,-25.472443],[28.0854,-25.472861],[28.086255,-25.473241],[28.08713,-25.47373],[28.087297,-25.473902],[28.0874,-25.474508],[28.087778,-25.47497],[28.088755,-25.476522],[28.089285,-25.477671],[28.089602,-25.478537],[28.089182,-25.478798],[28.088655,-25.479433],[28.088057,-25.479961],[28.087587,-25.480186],[28.087542,-25.480688],[28.087778,-25.480869],[28.087164,-25.481327],[28.086943,-25.482119],[28.086226,-25.482487],[28.086294,-25.482813],[28.085955,-25.482931],[28.085897,-25.483267],[28.085371,-25.483795],[28.084803,-25.484642],[28.084948,-25.484831],[28.084341,-25.485817],[28.084261,-25.486172]]]}},{"type":"Feature","properties":{"id":"799014014","name":"Soshanguve IA","commuteMinutes":21.32,"nearestJobCenter":"Rosslyn","distanceKm":null,"nearestTransitKm":1.7208903785170917},"geometry":{"type":"Polygon","coordinates":[[[28.094927,-25.484922],[28.089788,-25.485462],[28.087786,-25.485744],[28.084967,-25.486048],[28.084261,-25.486172],[28.084341,-25.485817],[28.084948,-25.484831],[28.084803,-25.484642],[28.085371,-25.483795],[28.085897,-25.483267],[28.085955,-25.482931],[28.086294,-25.482813],[28.086226,-25.482487],[28.086943,-25.482119],[28.087164,-25.481327],[28.087778,-25.480869],[28.087542,-25.480688],[28.087587,-25.480186],[28.088057,-25.479961],[28.088655,-25.479433],[28.089182,-25.478798],[28.089602,-25.478537],[28.089842,-25.478399],[28.089914,-25.477875],[28.089693,-25.477536],[28.090057,-25.476795],[28.090114,-25.476399],[28.090504,-25.476091],[28.09068,-25.475776],[28.091383,-25.474966],[28.091182,-25.474463],[28.0916,-25.473713],[28.093352,-25.475315],[28.094641,-25.476557],[28.095346,-25.477547],[28.095697,-25.478327],[28.095957,-25.479441],[28.095976,-25.480179],[28.095846,-25.481083],[28.094927,-25.484922]]]}},{"type":"Feature","properties":{"id":"799014015","name":"Soshanguve FF","commuteMinutes":22.74,"nearestJobCenter":"Rosslyn","distanceKm":null,"nearestTransitKm":2.397281874418286},"geometry":{"type":"Polygon","coordinates":[[[28.094927,-25.484922],[28.095846,-25.481083],[28.095976,-25.480179],[28.095957,-25.479441],[28.095697,-25.478327],[28.095346,-25.477547],[28.094641,-25.476557],[28.093352,-25.475315],[28.09683,-25.472891],[28.098337,-25.471962],[28.100492,-25.470829],[28.103693,-25.469488],[28.104368,-25.469231],[28.105818,-25.474604],[28.106073,-25.475744],[28.106321,-25.477232],[28.106474,-25.478817],[28.106768,-25.482803],[28.106253,-25.482983],[28.103529,-25.483755],[28.100779,-25.484221],[28.094927,-25.484922]]]}},{"type":"Feature","properties":{"id":"799014016","name":"Soshanguve KK","commuteMinutes":25.28,"nearestJobCenter":"Rosslyn","distanceKm":null,"nearestTransitKm":3.529353205335638},"geometry":{"type":"Polygon","coordinates":[[[28.108934,-25.452665],[28.112707,-25.459574],[28.11558,-25.464874],[28.116739,-25.467028],[28.117216,-25.468212],[28.117666,-25.469765],[28.118261,-25.472256],[28.119146,-25.476152],[28.119518,-25.477648],[28.11878,-25.47794],[28.11508,-25.479546],[28.113394,-25.480238],[28.111525,-25.480946],[28.106768,-25.482803],[28.106474,-25.478817],[28.107328,-25.47895],[28.107141,-25.478193],[28.107157,-25.477163],[28.106977,-25.47617],[28.10708,-25.475292],[28.107321,-25.474945],[28.107271,-25.474712],[28.10755,-25.474375],[28.107473,-25.474213],[28.107687,-25.473618],[28.107626,-25.473398],[28.107832,-25.472958],[28.107759,-25.471901],[28.107996,-25.471502],[28.108477,-25.470354],[28.10895,-25.470055],[28.109243,-25.469387],[28.109259,-25.469137],[28.109652,-25.468222],[28.11001,-25.468281],[28.110369,-25.468164],[28.110777,-25.467405],[28.110743,-25.466839],[28.110559,-25.466599],[28.110609,-25.465906],[28.110159,-25.464699],[28.109919,-25.463074],[28.108976,-25.462341],[28.108416,-25.461992],[28.108973,-25.461542],[28.107889,-25.460777],[28.107561,-25.460785],[28.106718,-25.459707],[28.106276,-25.459429],[28.105318,-25.458609],[28.105013,-25.45813],[28.104647,-25.457352],[28.105185,-25.45647],[28.105108,-25.456049],[28.104719,-25.455626],[28.104761,-25.454943],[28.104643,-25.454569],[28.104822,-25.454489],[28.108934,-25.452665]]]}},{"type":"Feature","properties":{"id":"799014017","name":"Soshanguve S","commuteMinutes":24.21,"nearestJobCenter":"Rosslyn","distanceKm":null,"nearestTransitKm":5.0598682099381636},"geometry":{"type":"Polygon","coordinates":[[[28.11558,-25.464874],[28.112707,-25.459574],[28.108934,-25.452665],[28.112387,-25.45118],[28.115324,-25.449835],[28.117826,-25.448748],[28.119074,-25.452135],[28.119905,-25.454073],[28.120871,-25.455841],[28.121275,-25.456518],[28.123777,-25.46039],[28.124159,-25.460951],[28.121267,-25.462265],[28.11558,-25.464874]]]}},{"type":"Feature","properties":{"id":"799014018","name":"Soshanguve W","commuteMinutes":25.88,"nearestJobCenter":"Rosslyn","distanceKm":null,"nearestTransitKm":5.93110917099703},"geometry":{"type":"Polygon","coordinates":[[[28.124159,-25.460951],[28.123777,-25.46039],[28.121275,-25.456518],[28.120871,-25.455841],[28.119905,-25.454073],[28.119074,-25.452135],[28.117826,-25.448748],[28.121634,-25.447021],[28.123854,-25.446039],[28.124245,-25.446876],[28.124742,-25.448135],[28.124959,-25.448843],[28.125273,-25.449108],[28.125368,-25.44949],[28.125865,-25.450633],[28.126818,-25.451967],[28.128152,-25.452845],[28.130106,-25.453683],[28.131093,-25.454452],[28.131556,-25.455391],[28.132291,-25.457188],[28.132284,-25.457256],[28.130819,-25.457973],[28.12892,-25.458717],[28.12678,-25.459745],[28.124159,-25.460951]]]}},{"type":"Feature","properties":{"id":"799014019","name":"Soshanguve X","commuteMinutes":24.97,"nearestJobCenter":"Rosslyn","distanceKm":null,"nearestTransitKm":5.310409744448594},"geometry":{"type":"Polygon","coordinates":[[[28.130655,-25.477623],[28.130602,-25.476185],[28.130262,-25.475079],[28.127817,-25.468147],[28.126848,-25.465269],[28.124159,-25.460951],[28.12678,-25.459745],[28.12892,-25.458717],[28.130819,-25.457973],[28.132284,-25.457256],[28.133123,-25.456924],[28.133631,-25.456581],[28.135389,-25.460787],[28.136889,-25.464321],[28.138208,-25.467165],[28.13936,-25.469852],[28.141123,-25.473886],[28.141108,-25.474186],[28.139406,-25.474791],[28.139132,-25.475054],[28.13603,-25.476324],[28.135397,-25.476664],[28.133234,-25.477497],[28.132139,-25.477694],[28.130655,-25.477623]]]}},{"type":"Feature","properties":{"id":"799014020","name":"Soshanguve R","commuteMinutes":22.31,"nearestJobCenter":"Rosslyn","distanceKm":null,"nearestTransitKm":4.351855056585409},"geometry":{"type":"Polygon","coordinates":[[[28.130655,-25.477623],[28.127378,-25.477251],[28.125509,-25.477091],[28.120214,-25.477568],[28.119528,-25.477688],[28.119518,-25.477648],[28.119146,-25.476152],[28.118261,-25.472256],[28.117666,-25.469765],[28.117216,-25.468212],[28.116739,-25.467028],[28.11558,-25.464874],[28.121267,-25.462265],[28.124159,-25.460951],[28.126848,-25.465269],[28.127817,-25.468147],[28.130262,-25.475079],[28.130602,-25.476185],[28.130655,-25.477623]]]}},{"type":"Feature","properties":{"id":"799014021","name":"Soshanguve Y","commuteMinutes":22.78,"nearestJobCenter":"Rosslyn","distanceKm":null,"nearestTransitKm":4.861239062073306},"geometry":{"type":"Polygon","coordinates":[[[28.140448,-25.490961],[28.139948,-25.491123],[28.139219,-25.491123],[28.138689,-25.490768],[28.136565,-25.490736],[28.135177,-25.4909],[28.134552,-25.490885],[28.134058,-25.490746],[28.133741,-25.490801],[28.133757,-25.49037],[28.133722,-25.487341],[28.133619,-25.486643],[28.133417,-25.485933],[28.132406,-25.483782],[28.13093,-25.480837],[28.130697,-25.479975],[28.130636,-25.479376],[28.130655,-25.477623],[28.132139,-25.477694],[28.133234,-25.477497],[28.135397,-25.476664],[28.13603,-25.476324],[28.139132,-25.475054],[28.139406,-25.474791],[28.141108,-25.474186],[28.141195,-25.475977],[28.141138,-25.477514],[28.141115,-25.479322],[28.140837,-25.485113],[28.140745,-25.486504],[28.140776,-25.488001],[28.140558,-25.490562],[28.140448,-25.490961]]]}},{"type":"Feature","properties":{"id":"799014022","name":"Soshanguve P","commuteMinutes":21.78,"nearestJobCenter":"Rosslyn","distanceKm":null,"nearestTransitKm":3.9063484506367074},"geometry":{"type":"Polygon","coordinates":[[[28.123526,-25.494808],[28.123514,-25.494757],[28.121267,-25.485201],[28.119528,-25.477688],[28.120214,-25.477568],[28.125509,-25.477091],[28.127378,-25.477251],[28.130655,-25.477623],[28.130636,-25.479376],[28.130697,-25.479975],[28.13093,-25.480837],[28.132406,-25.483782],[28.133417,-25.485933],[28.133619,-25.486643],[28.133722,-25.487341],[28.133757,-25.49037],[28.133741,-25.490801],[28.132345,-25.490929],[28.131266,-25.491182],[28.130552,-25.491615],[28.127432,-25.493721],[28.126146,-25.494326],[28.124754,-25.494617],[28.123526,-25.494808]]]}},{"type":"Feature","properties":{"id":"799014023","name":"Soshanguve SS Ext 4","commuteMinutes":20.87,"nearestJobCenter":"Rosslyn","distanceKm":null,"nearestTransitKm":2.9232371445020586},"geometry":{"type":"Polygon","coordinates":[[[28.117689,-25.495607],[28.117125,-25.492687],[28.116503,-25.489353],[28.114225,-25.487059],[28.114279,-25.48369],[28.113623,-25.48299],[28.111731,-25.481258],[28.111525,-25.480946],[28.113394,-25.480238],[28.11508,-25.479546],[28.11878,-25.47794],[28.119518,-25.477648],[28.119528,-25.477688],[28.121267,-25.485201],[28.123514,-25.494757],[28.122932,-25.494867],[28.117689,-25.495607]]]}},{"type":"Feature","properties":{"id":"799014024","name":"Soshanguve DD","commuteMinutes":20.61,"nearestJobCenter":"Rosslyn","distanceKm":null,"nearestTransitKm":2.4231560632938898},"geometry":{"type":"Polygon","coordinates":[[[28.107813,-25.497107],[28.106985,-25.48601],[28.106768,-25.482803],[28.111525,-25.480946],[28.111731,-25.481258],[28.113623,-25.48299],[28.114279,-25.48369],[28.114225,-25.487059],[28.116503,-25.489353],[28.117125,-25.492687],[28.117689,-25.495607],[28.114809,-25.496042],[28.113287,-25.496312],[28.109713,-25.496855],[28.107813,-25.497107]]]}},{"type":"Feature","properties":{"id":"799014025","name":"Soshanguve BB","commuteMinutes":21.35,"nearestJobCenter":"Rosslyn","distanceKm":null,"nearestTransitKm":1.2749174471200007},"geometry":{"type":"Polygon","coordinates":[[[28.092363,-25.495687],[28.09366,-25.490265],[28.094927,-25.484922],[28.100779,-25.484221],[28.103529,-25.483755],[28.106253,-25.482983],[28.106768,-25.482803],[28.106985,-25.48601],[28.107813,-25.497107],[28.107664,-25.497158],[28.104105,-25.497215],[28.103392,-25.497206],[28.101213,-25.497046],[28.09593,-25.496246],[28.092363,-25.495687]]]}},{"type":"Feature","properties":{"id":"799014026","name":"Soshanguve CC","commuteMinutes":19.86,"nearestJobCenter":"Rosslyn","distanceKm":null,"nearestTransitKm":2.7089957516466265},"geometry":{"type":"Polygon","coordinates":[[[28.126867,-25.508953],[28.122089,-25.510255],[28.123453,-25.507332],[28.123205,-25.506603],[28.121016,-25.505571],[28.117323,-25.506008],[28.116705,-25.506777],[28.114599,-25.506163],[28.111753,-25.505274],[28.110588,-25.504977],[28.110527,-25.505051],[28.108199,-25.504356],[28.108278,-25.50362],[28.108149,-25.501764],[28.107813,-25.497107],[28.109713,-25.496855],[28.113287,-25.496312],[28.114809,-25.496042],[28.117689,-25.495607],[28.122932,-25.494867],[28.123514,-25.494757],[28.123526,-25.494808],[28.124746,-25.499971],[28.12541,-25.502874],[28.126204,-25.506092],[28.126867,-25.508953]]]}},{"type":"Feature","properties":{"id":"799014027","name":"Soshanguve MM","commuteMinutes":21.18,"nearestJobCenter":"Rosslyn","distanceKm":null,"nearestTransitKm":4.468768832562429},"geometry":{"type":"Polygon","coordinates":[[[28.140448,-25.490961],[28.140512,-25.493057],[28.140417,-25.495184],[28.140547,-25.495718],[28.140718,-25.495846],[28.140451,-25.496466],[28.140139,-25.496691],[28.140078,-25.497395],[28.139883,-25.49794],[28.139383,-25.498346],[28.139189,-25.498827],[28.139349,-25.499447],[28.13933,-25.500408],[28.1392,-25.501307],[28.139536,-25.501945],[28.132541,-25.505583],[28.132583,-25.50609],[28.130941,-25.506922],[28.128302,-25.508331],[28.126867,-25.508953],[28.126204,-25.506092],[28.12541,-25.502874],[28.124746,-25.499971],[28.123526,-25.494808],[28.124754,-25.494617],[28.126146,-25.494326],[28.127432,-25.493721],[28.130552,-25.491615],[28.131266,-25.491182],[28.132345,-25.490929],[28.133741,-25.490801],[28.134058,-25.490746],[28.134552,-25.490885],[28.135177,-25.4909],[28.136565,-25.490736],[28.138689,-25.490768],[28.139219,-25.491123],[28.139948,-25.491123],[28.140448,-25.490961]]]}},{"type":"Feature","properties":{"id":"799014028","name":"Soshanguve AA","commuteMinutes":20.7,"nearestJobCenter":"Rosslyn","distanceKm":null,"nearestTransitKm":1.2052260455578003},"geometry":{"type":"Polygon","coordinates":[[[28.107813,-25.497107],[28.108149,-25.501764],[28.106413,-25.501642],[28.104536,-25.501627],[28.102922,-25.501898],[28.10298,-25.502377],[28.102427,-25.503237],[28.102083,-25.504078],[28.100588,-25.50293],[28.099886,-25.503151],[28.099264,-25.503601],[28.099504,-25.503897],[28.100024,-25.504283],[28.099811,-25.504513],[28.100752,-25.505264],[28.10203,-25.505253],[28.102602,-25.504955],[28.102959,-25.505164],[28.102503,-25.505808],[28.101156,-25.506439],[28.100946,-25.506643],[28.10063,-25.508793],[28.101152,-25.509785],[28.101969,-25.510405],[28.101669,-25.510763],[28.101369,-25.510775],[28.101381,-25.511094],[28.100943,-25.510988],[28.099977,-25.510366],[28.099059,-25.509684],[28.098298,-25.509477],[28.097636,-25.509519],[28.097734,-25.511017],[28.09897,-25.512131],[28.098783,-25.512331],[28.097921,-25.512932],[28.096907,-25.511852],[28.096338,-25.511347],[28.094603,-25.510103],[28.093493,-25.509634],[28.092512,-25.509443],[28.091002,-25.509542],[28.090639,-25.505596],[28.090563,-25.50424],[28.091444,-25.499174],[28.092363,-25.495687],[28.09593,-25.496246],[28.101213,-25.497046],[28.103392,-25.497206],[28.104105,-25.497215],[28.107664,-25.497158],[28.107813,-25.497107]]]}},{"type":"Feature","properties":{"id":"799014029","name":"Soshanguve NNME1","commuteMinutes":19.75,"nearestJobCenter":"Rosslyn","distanceKm":null,"nearestTransitKm":0.2958806964871506},"geometry":{"type":"Polygon","coordinates":[[[28.092363,-25.495687],[28.091444,-25.499174],[28.090563,-25.50424],[28.090639,-25.505596],[28.091002,-25.509542],[28.09126,-25.512104],[28.09138,-25.513638],[28.091374,-25.515464],[28.09119,-25.516579],[28.090943,-25.517524],[28.090581,-25.518405],[28.090138,-25.519311],[28.089166,-25.520983],[28.087469,-25.520224],[28.086061,-25.519274],[28.084597,-25.517853],[28.083906,-25.516851],[28.085321,-25.513098],[28.086306,-25.510614],[28.086615,-25.509373],[28.087782,-25.504389],[28.089039,-25.499351],[28.090029,-25.495199],[28.091772,-25.495518],[28.092363,-25.495687]]]}},{"type":"Feature","properties":{"id":"799014030","name":"Soshanguve F","commuteMinutes":19.19,"nearestJobCenter":"Rosslyn","distanceKm":null,"nearestTransitKm":1.325050509440372},"geometry":{"type":"Polygon","coordinates":[[[28.108199,-25.504356],[28.107897,-25.505325],[28.10697,-25.507637],[28.105936,-25.512497],[28.105688,-25.513662],[28.105501,-25.514166],[28.105181,-25.514687],[28.104441,-25.515526],[28.102491,-25.517628],[28.102011,-25.51836],[28.101294,-25.519886],[28.100386,-25.523403],[28.094286,-25.522125],[28.090574,-25.521381],[28.089166,-25.520983],[28.090138,-25.519311],[28.090581,-25.518405],[28.090943,-25.517524],[28.09119,-25.516579],[28.091374,-25.515464],[28.09138,-25.513638],[28.09126,-25.512104],[28.091002,-25.509542],[28.092512,-25.509443],[28.093493,-25.509634],[28.094603,-25.510103],[28.096338,-25.511347],[28.096907,-25.511852],[28.097921,-25.512932],[28.098783,-25.512331],[28.09897,-25.512131],[28.097734,-25.511017],[28.097636,-25.509519],[28.098298,-25.509477],[28.099059,-25.509684],[28.099977,-25.510366],[28.100943,-25.510988],[28.101381,-25.511094],[28.101369,-25.510775],[28.101669,-25.510763],[28.101969,-25.510405],[28.101152,-25.509785],[28.10063,-25.508793],[28.100946,-25.506643],[28.101156,-25.506439],[28.102503,-25.505808],[28.102959,-25.505164],[28.102602,-25.504955],[28.10203,-25.505253],[28.100752,-25.505264],[28.099811,-25.504513],[28.100024,-25.504283],[28.099504,-25.503897],[28.099264,-25.503601],[28.099886,-25.503151],[28.100588,-25.50293],[28.102083,-25.504078],[28.102427,-25.503237],[28.10298,-25.502377],[28.102922,-25.501898],[28.104536,-25.501627],[28.106413,-25.501642],[28.108149,-25.501764],[28.108278,-25.50362],[28.108199,-25.504356]]]}},{"type":"Feature","properties":{"id":"799014031","name":"Soshanguve G","commuteMinutes":18.99,"nearestJobCenter":"Rosslyn","distanceKm":null,"nearestTransitKm":2.5466477673735035},"geometry":{"type":"Polygon","coordinates":[[[28.122089,-25.510255],[28.120901,-25.512848],[28.118246,-25.518297],[28.117811,-25.519106],[28.11574,-25.517506],[28.113577,-25.515739],[28.112928,-25.515284],[28.109812,-25.51347],[28.108889,-25.513042],[28.106329,-25.512592],[28.105936,-25.512497],[28.10697,-25.507637],[28.107897,-25.505325],[28.108199,-25.504356],[28.110527,-25.505051],[28.110588,-25.504977],[28.111753,-25.505274],[28.114599,-25.506163],[28.116705,-25.506777],[28.117323,-25.506008],[28.121016,-25.505571],[28.123205,-25.506603],[28.123453,-25.507332],[28.122089,-25.510255]]]}},{"type":"Feature","properties":{"id":"799014032","name":"Soshanguve H","commuteMinutes":16.28,"nearestJobCenter":"Rosslyn","distanceKm":null,"nearestTransitKm":2.5254777353677045},"geometry":{"type":"Polygon","coordinates":[[[28.11408,-25.530313],[28.113126,-25.529672],[28.109148,-25.527002],[28.106054,-25.525009],[28.104784,-25.524458],[28.103804,-25.524151],[28.100386,-25.523403],[28.101294,-25.519886],[28.102011,-25.51836],[28.102491,-25.517628],[28.104441,-25.515526],[28.105181,-25.514687],[28.105501,-25.514166],[28.105688,-25.513662],[28.105936,-25.512497],[28.106329,-25.512592],[28.108889,-25.513042],[28.109812,-25.51347],[28.112928,-25.515284],[28.113577,-25.515739],[28.11574,-25.517506],[28.117811,-25.519106],[28.115915,-25.523344],[28.113758,-25.527949],[28.114694,-25.528648],[28.114186,-25.530149],[28.11408,-25.530313]]]}},{"type":"Feature","properties":{"id":"799014033","name":"Soshanguve H Ext 1","commuteMinutes":14.35,"nearestJobCenter":"Rosslyn","distanceKm":null,"nearestTransitKm":3.2196659386071076},"geometry":{"type":"Polygon","coordinates":[[[28.115591,-25.531301],[28.11408,-25.530313],[28.114186,-25.530149],[28.114694,-25.528648],[28.113758,-25.527949],[28.115915,-25.523344],[28.116968,-25.525612],[28.11751,-25.527075],[28.116869,-25.528688],[28.115938,-25.530489],[28.115591,-25.531301]]]}},{"type":"Feature","properties":{"id":"799014034","name":"Soshanguve L Ext 1","commuteMinutes":17.1,"nearestJobCenter":"Rosslyn","distanceKm":null,"nearestTransitKm":2.8055829271766504},"geometry":{"type":"Polygon","coordinates":[[[28.105658,-25.55267],[28.105192,-25.55254],[28.103075,-25.551439],[28.102828,-25.551348],[28.102942,-25.550822],[28.103961,-25.548665],[28.104076,-25.548569],[28.105283,-25.545988],[28.105333,-25.545721],[28.106349,-25.543564],[28.106977,-25.542026],[28.107807,-25.540598],[28.108252,-25.539483],[28.108929,-25.538086],[28.109362,-25.537097],[28.110404,-25.534906],[28.111063,-25.533603],[28.111181,-25.533277],[28.112122,-25.531246],[28.112659,-25.530176],[28.113126,-25.529672],[28.11408,-25.530313],[28.115591,-25.531301],[28.114271,-25.534195],[28.112577,-25.538347],[28.111101,-25.541595],[28.107866,-25.548483],[28.105986,-25.552761],[28.105658,-25.55267]]]}},{"type":"Feature","properties":{"id":"799014035","name":"Soshanguve L","commuteMinutes":17.19,"nearestJobCenter":"Rosslyn","distanceKm":null,"nearestTransitKm":2.226204348926877},"geometry":{"type":"Polygon","coordinates":[[[28.102828,-25.551348],[28.100958,-25.550608],[28.100817,-25.550945],[28.099321,-25.550304],[28.099096,-25.550655],[28.098619,-25.550507],[28.096582,-25.550051],[28.095785,-25.549931],[28.095179,-25.549582],[28.094993,-25.549825],[28.086306,-25.547977],[28.086634,-25.547419],[28.086199,-25.547346],[28.085146,-25.547579],[28.083914,-25.547335],[28.082415,-25.547115],[28.083986,-25.544998],[28.085443,-25.543118],[28.088625,-25.544563],[28.08972,-25.542856],[28.092173,-25.545004],[28.092463,-25.545139],[28.093927,-25.546503],[28.094938,-25.547281],[28.095163,-25.547062],[28.096033,-25.545801],[28.096334,-25.545271],[28.097605,-25.54225],[28.098181,-25.540239],[28.098459,-25.53953],[28.099649,-25.537193],[28.103415,-25.531387],[28.104635,-25.529459],[28.105158,-25.529013],[28.105902,-25.528692],[28.107283,-25.528496],[28.108015,-25.528198],[28.108633,-25.527634],[28.109148,-25.527002],[28.113126,-25.529672],[28.112659,-25.530176],[28.112122,-25.531246],[28.111181,-25.533277],[28.111063,-25.533603],[28.110404,-25.534906],[28.109362,-25.537097],[28.108929,-25.538086],[28.108252,-25.539483],[28.107807,-25.540598],[28.106977,-25.542026],[28.106349,-25.543564],[28.105333,-25.545721],[28.105283,-25.545988],[28.104076,-25.548569],[28.103961,-25.548665],[28.102942,-25.550822],[28.102828,-25.551348]]]}},{"type":"Feature","properties":{"id":"799014036","name":"Soshanguve K","commuteMinutes":17.93,"nearestJobCenter":"Rosslyn","distanceKm":null,"nearestTransitKm":1.261859660646781},"geometry":{"type":"Polygon","coordinates":[[[28.109148,-25.527002],[28.108633,-25.527634],[28.108015,-25.528198],[28.107283,-25.528496],[28.105902,-25.528692],[28.105158,-25.529013],[28.104635,-25.529459],[28.103415,-25.531387],[28.099649,-25.537193],[28.098459,-25.53953],[28.098181,-25.540239],[28.097605,-25.54225],[28.096334,-25.545271],[28.096033,-25.545801],[28.095163,-25.547062],[28.094938,-25.547281],[28.093927,-25.546503],[28.092463,-25.545139],[28.092173,-25.545004],[28.08972,-25.542856],[28.090499,-25.54155],[28.09098,-25.540998],[28.091688,-25.539851],[28.092962,-25.537898],[28.095463,-25.534007],[28.095472,-25.533841],[28.096505,-25.532216],[28.097325,-25.532192],[28.097687,-25.531956],[28.098313,-25.532164],[28.099192,-25.530719],[28.099838,-25.529821],[28.100539,-25.529163],[28.102028,-25.528336],[28.102307,-25.528044],[28.102422,-25.527036],[28.102717,-25.525953],[28.101681,-25.525819],[28.101354,-25.525673],[28.10005,-25.526051],[28.098951,-25.526138],[28.096033,-25.526965],[28.095101,-25.526765],[28.094726,-25.527526],[28.094362,-25.527935],[28.093743,-25.528367],[28.093368,-25.528521],[28.090517,-25.529395],[28.089939,-25.529722],[28.089121,-25.530584],[28.086116,-25.529016],[28.085211,-25.528758],[28.085306,-25.528405],[28.083143,-25.528498],[28.0832,-25.527411],[28.082869,-25.523907],[28.082735,-25.521494],[28.083055,-25.519215],[28.083754,-25.517193],[28.083906,-25.516851],[28.084597,-25.517853],[28.086061,-25.519274],[28.087469,-25.520224],[28.089166,-25.520983],[28.090574,-25.521381],[28.094286,-25.522125],[28.100386,-25.523403],[28.103804,-25.524151],[28.104784,-25.524458],[28.106054,-25.525009],[28.109148,-25.527002]]]}},{"type":"Feature","properties":{"id":"799014037","name":"Soshanguve M","commuteMinutes":17.78,"nearestJobCenter":"Rosslyn","distanceKm":null,"nearestTransitKm":0.8958332350690656},"geometry":{"type":"Polygon","coordinates":[[[28.08972,-25.542856],[28.088625,-25.544563],[28.085443,-25.543118],[28.083986,-25.544998],[28.082415,-25.547115],[28.081589,-25.546995],[28.077302,-25.546972],[28.075656,-25.546936],[28.073994,-25.546647],[28.079378,-25.537188],[28.081251,-25.533941],[28.082575,-25.531285],[28.083101,-25.529285],[28.083143,-25.528498],[28.085306,-25.528405],[28.085211,-25.528758],[28.086116,-25.529016],[28.089121,-25.530584],[28.089939,-25.529722],[28.090517,-25.529395],[28.093368,-25.528521],[28.093743,-25.528367],[28.094362,-25.527935],[28.094726,-25.527526],[28.095101,-25.526765],[28.096033,-25.526965],[28.098951,-25.526138],[28.10005,-25.526051],[28.101354,-25.525673],[28.101681,-25.525819],[28.102717,-25.525953],[28.102422,-25.527036],[28.102307,-25.528044],[28.102028,-25.528336],[28.100539,-25.529163],[28.099838,-25.529821],[28.099192,-25.530719],[28.098313,-25.532164],[28.097687,-25.531956],[28.097325,-25.532192],[28.096505,-25.532216],[28.095472,-25.533841],[28.095463,-25.534007],[28.092962,-25.537898],[28.091688,-25.539851],[28.09098,-25.540998],[28.090499,-25.54155],[28.08972,-25.542856]]]}},{"type":"Feature","properties":{"id":"799014038","name":"Soshanguve M Ext 1","commuteMinutes":17.1,"nearestJobCenter":"Rosslyn","distanceKm":null,"nearestTransitKm":1.5002349303755245},"geometry":{"type":"Polygon","coordinates":[[[28.082415,-25.547115],[28.083914,-25.547335],[28.085146,-25.547579],[28.086199,-25.547346],[28.086634,-25.547419],[28.086306,-25.547977],[28.094993,-25.549825],[28.095179,-25.549582],[28.095785,-25.549931],[28.096582,-25.550051],[28.098619,-25.550507],[28.099096,-25.550655],[28.099321,-25.550304],[28.100817,-25.550945],[28.100958,-25.550608],[28.102828,-25.551348],[28.103075,-25.551439],[28.105192,-25.55254],[28.105658,-25.55267],[28.104998,-25.554024],[28.104143,-25.555986],[28.098082,-25.554516],[28.095465,-25.553944],[28.09223,-25.553267],[28.090616,-25.552896],[28.083521,-25.551468],[28.082205,-25.55139],[28.077951,-25.551468],[28.077318,-25.55146],[28.075781,-25.551439],[28.07387,-25.551332],[28.072035,-25.551182],[28.072317,-25.550169],[28.072741,-25.548956],[28.073994,-25.546647],[28.075656,-25.546936],[28.077302,-25.546972],[28.081589,-25.546995],[28.082415,-25.547115]]]}},{"type":"Feature","properties":{"id":"799014039","name":"Soshanguve YY","commuteMinutes":15.3,"nearestJobCenter":"Rosslyn","distanceKm":null,"nearestTransitKm":1.4703371808728702},"geometry":{"type":"Polygon","coordinates":[[[28.095465,-25.553944],[28.095636,-25.554283],[28.096796,-25.557487],[28.096773,-25.557495],[28.095251,-25.55798],[28.09432,-25.558084],[28.093672,-25.557716],[28.092817,-25.55711],[28.088709,-25.556139],[28.087915,-25.556013],[28.083532,-25.556072],[28.083521,-25.551468],[28.090616,-25.552896],[28.09223,-25.553267],[28.095465,-25.553944]]]}},{"type":"Feature","properties":{"id":"799014040","name":"Soshanguve WW","commuteMinutes":15.6,"nearestJobCenter":"Rosslyn","distanceKm":null,"nearestTransitKm":0.5812114712841526},"geometry":{"type":"Polygon","coordinates":[[[28.083521,-25.551468],[28.083532,-25.556072],[28.083551,-25.557814],[28.083616,-25.558302],[28.084158,-25.559319],[28.086157,-25.561859],[28.088221,-25.564539],[28.088251,-25.564577],[28.086493,-25.565958],[28.085833,-25.566439],[28.084673,-25.565369],[28.08219,-25.564072],[28.079992,-25.562603],[28.078268,-25.561361],[28.077703,-25.5609],[28.076822,-25.559893],[28.07583,-25.558874],[28.078024,-25.55784],[28.079844,-25.556905],[28.080843,-25.556506],[28.080935,-25.556345],[28.078749,-25.553499],[28.077879,-25.552446],[28.077318,-25.55146],[28.077951,-25.551468],[28.082205,-25.55139],[28.083521,-25.551468]]]}},{"type":"Feature","properties":{"id":"799014041","name":"Soshanguve UU","commuteMinutes":15.3,"nearestJobCenter":"Rosslyn","distanceKm":null,"nearestTransitKm":0.35339888330781283},"geometry":{"type":"Polygon","coordinates":[[[28.084166,-25.568071],[28.078972,-25.563616],[28.075037,-25.560234],[28.07443,-25.559521],[28.073492,-25.558271],[28.072695,-25.55682],[28.07197,-25.554144],[28.071898,-25.552631],[28.072035,-25.551182],[28.07387,-25.551332],[28.075781,-25.551439],[28.077318,-25.55146],[28.077879,-25.552446],[28.078749,-25.553499],[28.080935,-25.556345],[28.080843,-25.556506],[28.079844,-25.556905],[28.078024,-25.55784],[28.07583,-25.558874],[28.076822,-25.559893],[28.077703,-25.5609],[28.078268,-25.561361],[28.079992,-25.562603],[28.08219,-25.564072],[28.084673,-25.565369],[28.085833,-25.566439],[28.085154,-25.56687],[28.08499,-25.56719],[28.084429,-25.567873],[28.084166,-25.568071]]]}},{"type":"Feature","properties":{"id":"799014042","name":"Soshanguve TT","commuteMinutes":11.22,"nearestJobCenter":"Rosslyn","distanceKm":null,"nearestTransitKm":0.5392759233225791},"geometry":{"type":"Polygon","coordinates":[[[28.078972,-25.563616],[28.077444,-25.564825],[28.075121,-25.564138],[28.072007,-25.563508],[28.071739,-25.563347],[28.071142,-25.56341],[28.068548,-25.562918],[28.067406,-25.562694],[28.066614,-25.562614],[28.065802,-25.562431],[28.064989,-25.562344],[28.063051,-25.561964],[28.062876,-25.562283],[28.060385,-25.56076],[28.064211,-25.555731],[28.068159,-25.550499],[28.068407,-25.550812],[28.068964,-25.550919],[28.072035,-25.551182],[28.071898,-25.552631],[28.07197,-25.554144],[28.072695,-25.55682],[28.073492,-25.558271],[28.07443,-25.559521],[28.075037,-25.560234],[28.078972,-25.563616]]]}},{"type":"Feature","properties":{"id":"799014043","name":"Soshanguve South Ext 1","commuteMinutes":12.29,"nearestJobCenter":"Rosslyn","distanceKm":null,"nearestTransitKm":1.6748369686889715},"geometry":{"type":"Polygon","coordinates":[[[28.068159,-25.550499],[28.064211,-25.555731],[28.060385,-25.56076],[28.055872,-25.5667],[28.052004,-25.563513],[28.049982,-25.561621],[28.048697,-25.560787],[28.048808,-25.560545],[28.049509,-25.559561],[28.05019,-25.554041],[28.050341,-25.55163],[28.050341,-25.5499],[28.05069,-25.54991],[28.050722,-25.549644],[28.051389,-25.54969],[28.058322,-25.549914],[28.060163,-25.549987],[28.065006,-25.550095],[28.06698,-25.550152],[28.0674,-25.550339],[28.068159,-25.550499]]]}},{"type":"Feature","properties":{"id":"799014044","name":"Soshanguve South","commuteMinutes":10.95,"nearestJobCenter":"Rosslyn","distanceKm":null,"nearestTransitKm":1.603522261288573},"geometry":{"type":"Polygon","coordinates":[[[28.058527,-25.568834],[28.056433,-25.567097],[28.055872,-25.5667],[28.060385,-25.56076],[28.062876,-25.562283],[28.062212,-25.563255],[28.060625,-25.565706],[28.059278,-25.567747],[28.058527,-25.568834]]]}},{"type":"Feature","properties":{"id":"799014045","name":"Soshanguve South Ext 11","commuteMinutes":12.56,"nearestJobCenter":"Rosslyn","distanceKm":null,"nearestTransitKm":2.775724243703369},"geometry":{"type":"Polygon","coordinates":[[[28.04898,-25.571733],[28.047529,-25.571514],[28.04756,-25.571339],[28.048372,-25.569603],[28.047728,-25.569441],[28.04624,-25.568953],[28.045313,-25.568744],[28.043379,-25.568051],[28.046252,-25.564049],[28.048697,-25.560787],[28.049982,-25.561621],[28.052004,-25.563513],[28.055872,-25.5667],[28.054239,-25.568779],[28.052481,-25.571333],[28.05195,-25.572193],[28.04898,-25.571733]]]}},{"type":"Feature","properties":{"id":"799014046","name":"Soshanguve South Ext 8","commuteMinutes":10.5,"nearestJobCenter":"Rosslyn","distanceKm":null,"nearestTransitKm":2.875927807409814},"geometry":{"type":"Polygon","coordinates":[[[28.064394,-25.572815],[28.064211,-25.573088],[28.06312,-25.574072],[28.066366,-25.577911],[28.068808,-25.580839],[28.070066,-25.582237],[28.070559,-25.582655],[28.069689,-25.583792],[28.066942,-25.586311],[28.065437,-25.584303],[28.065088,-25.584648],[28.063665,-25.586439],[28.061411,-25.585482],[28.060511,-25.585257],[28.059355,-25.584888],[28.059774,-25.582296],[28.059767,-25.581982],[28.059488,-25.580646],[28.057489,-25.580724],[28.055295,-25.580772],[28.053849,-25.582793],[28.053593,-25.582956],[28.053132,-25.583181],[28.0526,-25.582278],[28.050924,-25.582991],[28.04979,-25.583312],[28.04972,-25.582539],[28.048266,-25.582065],[28.048169,-25.582236],[28.04743,-25.581924],[28.04684,-25.583242],[28.045788,-25.58345],[28.044465,-25.583866],[28.043558,-25.58408],[28.041695,-25.584643],[28.041981,-25.583725],[28.042921,-25.581625],[28.043862,-25.579849],[28.046213,-25.57661],[28.047101,-25.574938],[28.047937,-25.573057],[28.04898,-25.571733],[28.05195,-25.572193],[28.052481,-25.571333],[28.054239,-25.568779],[28.055872,-25.5667],[28.056433,-25.567097],[28.058527,-25.568834],[28.060606,-25.570475],[28.062647,-25.571838],[28.064394,-25.572815]]]}},{"type":"Feature","properties":{"id":"799014047","name":"Soshanguve South Ext 2","commuteMinutes":9.53,"nearestJobCenter":"Rosslyn","distanceKm":null,"nearestTransitKm":1.199975875846874},"geometry":{"type":"Polygon","coordinates":[[[28.068548,-25.562918],[28.069563,-25.569674],[28.06991,-25.571444],[28.069986,-25.57271],[28.070177,-25.573816],[28.070143,-25.574772],[28.067793,-25.574207],[28.066046,-25.573587],[28.064394,-25.572815],[28.062647,-25.571838],[28.060606,-25.570475],[28.058527,-25.568834],[28.059278,-25.567747],[28.060625,-25.565706],[28.062212,-25.563255],[28.062876,-25.562283],[28.063051,-25.561964],[28.064989,-25.562344],[28.065802,-25.562431],[28.066614,-25.562614],[28.067406,-25.562694],[28.068548,-25.562918]]]}},{"type":"Feature","properties":{"id":"799014048","name":"Soshanguve South Ext 3","commuteMinutes":8.17,"nearestJobCenter":"Rosslyn","distanceKm":null,"nearestTransitKm":0.7271190838671501},"geometry":{"type":"Polygon","coordinates":[[[28.078972,-25.563616],[28.084166,-25.568071],[28.08539,-25.569189],[28.086508,-25.570673],[28.087061,-25.571732],[28.088793,-25.57621],[28.089342,-25.577742],[28.086229,-25.577221],[28.081495,-25.576519],[28.075029,-25.575535],[28.070143,-25.574772],[28.070177,-25.573816],[28.069986,-25.57271],[28.06991,-25.571444],[28.069563,-25.569674],[28.068548,-25.562918],[28.071142,-25.56341],[28.071739,-25.563347],[28.072007,-25.563508],[28.075121,-25.564138],[28.077444,-25.564825],[28.078972,-25.563616]]]}},{"type":"Feature","properties":{"id":"799014049","name":"Soshanguve VV","commuteMinutes":12.43,"nearestJobCenter":"Rosslyn","distanceKm":null,"nearestTransitKm":0.895022938899246},"geometry":{"type":"Polygon","coordinates":[[[28.102808,-25.574041],[28.103432,-25.57565],[28.104098,-25.577529],[28.104351,-25.577463],[28.104444,-25.577769],[28.104258,-25.577862],[28.104886,-25.579809],[28.106397,-25.579951],[28.106602,-25.581752],[28.106989,-25.58368],[28.106305,-25.584017],[28.105534,-25.584633],[28.106426,-25.585624],[28.106039,-25.585926],[28.103434,-25.586245],[28.103479,-25.586493],[28.102701,-25.586534],[28.102304,-25.58233],[28.10214,-25.580666],[28.102087,-25.579626],[28.097925,-25.579039],[28.093916,-25.578409],[28.089342,-25.577742],[28.088793,-25.57621],[28.087061,-25.571732],[28.086508,-25.570673],[28.08539,-25.569189],[28.084166,-25.568071],[28.084429,-25.567873],[28.08499,-25.56719],[28.085154,-25.56687],[28.085833,-25.566439],[28.086493,-25.565958],[28.088251,-25.564577],[28.089136,-25.565634],[28.089979,-25.566782],[28.090624,-25.567465],[28.091318,-25.568098],[28.092402,-25.569487],[28.094446,-25.572208],[28.096209,-25.574511],[28.097982,-25.573404],[28.098459,-25.574024],[28.0986,-25.574474],[28.100579,-25.573887],[28.101709,-25.573443],[28.101973,-25.574284],[28.102808,-25.574041]]]}},{"type":"Feature","properties":{"id":"799014050","name":"Soshanguve East Ext 5","commuteMinutes":14.35,"nearestJobCenter":"Rosslyn","distanceKm":null,"nearestTransitKm":1.0966881942143711},"geometry":{"type":"Polygon","coordinates":[[[28.098818,-25.563219],[28.091318,-25.568098],[28.090624,-25.567465],[28.089979,-25.566782],[28.089136,-25.565634],[28.088251,-25.564577],[28.088221,-25.564539],[28.088554,-25.564231],[28.09078,-25.562453],[28.092225,-25.560675],[28.094187,-25.558305],[28.09432,-25.558084],[28.095251,-25.55798],[28.096773,-25.557495],[28.098574,-25.562454],[28.098818,-25.563219]]]}},{"type":"Feature","properties":{"id":"799014051","name":"Soshanguve East Ext 3","commuteMinutes":14.5,"nearestJobCenter":"Rosslyn","distanceKm":null,"nearestTransitKm":0.9718573939633317},"geometry":{"type":"Polygon","coordinates":[[[28.088221,-25.564539],[28.086157,-25.561859],[28.084158,-25.559319],[28.083616,-25.558302],[28.083551,-25.557814],[28.083532,-25.556072],[28.087915,-25.556013],[28.088709,-25.556139],[28.092817,-25.55711],[28.093672,-25.557716],[28.09432,-25.558084],[28.094187,-25.558305],[28.092225,-25.560675],[28.09078,-25.562453],[28.088554,-25.564231],[28.088221,-25.564539]]]}},{"type":"Feature","properties":{"id":"799014052","name":"Soshanguve East Ext 4","commuteMinutes":12.11,"nearestJobCenter":"Rosslyn","distanceKm":null,"nearestTransitKm":1.1856409510842763},"geometry":{"type":"Polygon","coordinates":[[[28.102808,-25.574041],[28.101973,-25.574284],[28.101709,-25.573443],[28.100579,-25.573887],[28.0986,-25.574474],[28.098459,-25.574024],[28.097982,-25.573404],[28.096209,-25.574511],[28.094446,-25.572208],[28.092402,-25.569487],[28.091318,-25.568098],[28.098818,-25.563219],[28.099138,-25.564213],[28.099737,-25.565699],[28.100309,-25.56735],[28.101816,-25.571487],[28.102182,-25.572779],[28.102339,-25.572763],[28.102808,-25.574041]]]}},{"type":"Feature","properties":{"id":"799014053","name":"Soshanguve South Ext 4","commuteMinutes":7.56,"nearestJobCenter":"Rosslyn","distanceKm":null,"nearestTransitKm":1.2268946894756825},"geometry":{"type":"Polygon","coordinates":[[[28.07548,-25.589569],[28.07535,-25.589182],[28.074827,-25.587049],[28.073645,-25.587238],[28.073229,-25.585615],[28.072874,-25.584974],[28.072008,-25.583944],[28.070559,-25.582655],[28.070066,-25.582237],[28.068808,-25.580839],[28.066366,-25.577911],[28.06312,-25.574072],[28.064211,-25.573088],[28.064394,-25.572815],[28.066046,-25.573587],[28.067793,-25.574207],[28.070143,-25.574772],[28.075029,-25.575535],[28.081495,-25.576519],[28.086229,-25.577221],[28.089342,-25.577742],[28.090258,-25.580294],[28.089293,-25.580648],[28.08607,-25.581669],[28.086021,-25.58312],[28.086049,-25.584159],[28.086132,-25.58446],[28.084808,-25.58489],[28.083675,-25.584596],[28.083645,-25.584706],[28.081724,-25.585838],[28.080885,-25.586378],[28.080896,-25.586739],[28.080572,-25.586748],[28.080541,-25.586954],[28.080043,-25.586914],[28.079729,-25.587055],[28.07548,-25.589569]]]}},{"type":"Feature","properties":{"id":"799014054","name":"Soshanguve East Ext 8","commuteMinutes":10.66,"nearestJobCenter":"Rosslyn","distanceKm":null,"nearestTransitKm":0.45773772500199705},"geometry":{"type":"Polygon","coordinates":[[[28.102304,-25.58233],[28.098869,-25.584283],[28.097569,-25.585053],[28.094681,-25.586651],[28.094094,-25.587016],[28.092928,-25.587631],[28.091677,-25.584253],[28.090258,-25.580294],[28.089342,-25.577742],[28.093916,-25.578409],[28.097925,-25.579039],[28.102087,-25.579626],[28.10214,-25.580666],[28.102304,-25.58233]]]}},{"type":"Feature","properties":{"id":"799014055","name":"Soshanguve South Ext 5","commuteMinutes":6.77,"nearestJobCenter":"Rosslyn","distanceKm":null,"nearestTransitKm":0.5783277501079939},"geometry":{"type":"Polygon","coordinates":[[[28.092928,-25.587631],[28.093828,-25.590216],[28.094931,-25.593061],[28.095411,-25.593981],[28.096193,-25.595148],[28.096708,-25.59581],[28.096086,-25.595956],[28.095459,-25.595936],[28.094752,-25.596182],[28.093502,-25.596111],[28.09236,-25.595979],[28.091909,-25.594382],[28.091469,-25.593135],[28.091048,-25.593241],[28.090716,-25.593175],[28.0898,-25.593218],[28.089953,-25.593743],[28.089228,-25.59387],[28.089086,-25.593409],[28.088149,-25.593487],[28.087425,-25.592237],[28.086714,-25.591156],[28.085939,-25.591627],[28.082495,-25.593613],[28.081408,-25.594105],[28.078802,-25.59557],[28.078417,-25.595825],[28.077543,-25.594299],[28.07678,-25.592813],[28.075876,-25.590757],[28.075525,-25.58971],[28.07548,-25.589569],[28.079729,-25.587055],[28.080043,-25.586914],[28.080541,-25.586954],[28.080572,-25.586748],[28.080896,-25.586739],[28.080885,-25.586378],[28.081724,-25.585838],[28.083645,-25.584706],[28.083675,-25.584596],[28.084808,-25.58489],[28.086132,-25.58446],[28.086049,-25.584159],[28.086021,-25.58312],[28.08607,-25.581669],[28.089293,-25.580648],[28.090258,-25.580294],[28.091677,-25.584253],[28.092928,-25.587631]]]}},{"type":"Feature","properties":{"id":"799014056","name":"Soshanguve South Ext 9","commuteMinutes":7.34,"nearestJobCenter":"Rosslyn","distanceKm":null,"nearestTransitKm":2.3396647601162623},"geometry":{"type":"Polygon","coordinates":[[[28.07548,-25.589569],[28.075525,-25.58971],[28.072992,-25.591146],[28.071943,-25.5918],[28.070994,-25.592457],[28.07072,-25.59256],[28.07,-25.593066],[28.069964,-25.593428],[28.069395,-25.596455],[28.069227,-25.596518],[28.068472,-25.59635],[28.067156,-25.595676],[28.067102,-25.59466],[28.066957,-25.593761],[28.066479,-25.591603],[28.065837,-25.588883],[28.065748,-25.588257],[28.065958,-25.587442],[28.066267,-25.586937],[28.066942,-25.586311],[28.069689,-25.583792],[28.070559,-25.582655],[28.072008,-25.583944],[28.072874,-25.584974],[28.073229,-25.585615],[28.073645,-25.587238],[28.074827,-25.587049],[28.07535,-25.589182],[28.07548,-25.589569]]]}},{"type":"Feature","properties":{"id":"799014057","name":"Soshanguve South Ext 10","commuteMinutes":9.24,"nearestJobCenter":"Rosslyn","distanceKm":null,"nearestTransitKm":3.0202905735230723},"geometry":{"type":"Polygon","coordinates":[[[28.066942,-25.586311],[28.066267,-25.586937],[28.065958,-25.587442],[28.065748,-25.588257],[28.065837,-25.588883],[28.066479,-25.591603],[28.066957,-25.593761],[28.067102,-25.59466],[28.067156,-25.595676],[28.065794,-25.595699],[28.063818,-25.595453],[28.061907,-25.595396],[28.060617,-25.595406],[28.060373,-25.595291],[28.060171,-25.594944],[28.059469,-25.593327],[28.058306,-25.590883],[28.057131,-25.588791],[28.055628,-25.586298],[28.055243,-25.585476],[28.054827,-25.585041],[28.053593,-25.582956],[28.053849,-25.582793],[28.055295,-25.580772],[28.057489,-25.580724],[28.059488,-25.580646],[28.059767,-25.581982],[28.059774,-25.582296],[28.059355,-25.584888],[28.060511,-25.585257],[28.061411,-25.585482],[28.063665,-25.586439],[28.065088,-25.584648],[28.065437,-25.584303],[28.066942,-25.586311]]]}},{"type":"Feature","properties":{"id":"799014058","name":"Soshanguve Ext 13","commuteMinutes":11.19,"nearestJobCenter":"Rosslyn","distanceKm":null,"nearestTransitKm":4.0267399686804195},"geometry":{"type":"Polygon","coordinates":[[[28.053593,-25.582956],[28.054827,-25.585041],[28.055243,-25.585476],[28.055628,-25.586298],[28.057131,-25.588791],[28.058306,-25.590883],[28.059469,-25.593327],[28.060171,-25.594944],[28.060373,-25.595291],[28.058283,-25.595625],[28.05644,-25.595434],[28.052584,-25.594362],[28.050718,-25.593872],[28.045259,-25.592333],[28.043207,-25.591591],[28.042991,-25.591629],[28.041971,-25.591335],[28.041399,-25.591322],[28.039011,-25.590628],[28.038992,-25.590358],[28.039415,-25.58926],[28.040479,-25.587157],[28.041118,-25.585541],[28.041471,-25.584803],[28.041695,-25.584643],[28.043558,-25.58408],[28.044465,-25.583866],[28.045788,-25.58345],[28.04684,-25.583242],[28.04743,-25.581924],[28.048169,-25.582236],[28.048266,-25.582065],[28.04972,-25.582539],[28.04979,-25.583312],[28.050924,-25.582991],[28.0526,-25.582278],[28.053132,-25.583181],[28.053593,-25.582956]]]}},{"type":"Feature","properties":{"id":"799014059","name":"Klipfontein","commuteMinutes":6.19,"nearestJobCenter":"Rosslyn","distanceKm":null,"nearestTransitKm":2.2244292219299555},"geometry":{"type":"Polygon","coordinates":[[[28.096708,-25.59581],[28.098239,-25.59789],[28.097864,-25.598131],[28.097818,-25.598465],[28.097441,-25.599325],[28.096975,-25.600065],[28.096182,-25.601776],[28.095793,-25.602814],[28.095179,-25.604195],[28.095228,-25.604448],[28.094717,-25.605673],[28.094507,-25.60602],[28.098253,-25.606628],[28.103556,-25.607513],[28.104898,-25.60771],[28.105696,-25.612867],[28.107069,-25.622133],[28.105978,-25.6222],[28.104658,-25.622057],[28.102266,-25.621571],[28.101923,-25.621607],[28.101595,-25.621393],[28.101019,-25.620758],[28.099997,-25.6199],[28.099161,-25.619316],[28.094919,-25.616467],[28.093859,-25.615774],[28.091116,-25.613911],[28.08552,-25.610136],[28.084764,-25.609428],[28.08412,-25.608679],[28.0837,-25.608051],[28.083235,-25.607166],[28.081972,-25.603931],[28.078939,-25.603403],[28.076967,-25.603176],[28.075983,-25.603254],[28.074797,-25.603418],[28.073492,-25.603853],[28.070051,-25.605061],[28.066454,-25.606359],[28.062231,-25.607805],[28.066397,-25.613003],[28.067579,-25.613949],[28.067099,-25.623924],[28.063414,-25.623798],[28.051256,-25.623327],[28.049898,-25.623299],[28.048174,-25.623333],[28.047518,-25.62344],[28.046003,-25.623976],[28.045271,-25.624344],[28.04457,-25.624179],[28.043212,-25.623994],[28.041298,-25.62384],[28.037378,-25.623469],[28.034723,-25.623253],[28.029846,-25.622883],[28.026851,-25.622614],[28.026617,-25.621934],[28.02801,-25.620503],[28.028215,-25.620224],[28.032288,-25.61533],[28.033028,-25.614509],[28.033743,-25.613595],[28.035236,-25.611854],[28.035873,-25.610986],[28.035074,-25.610817],[28.030878,-25.609228],[28.030802,-25.608969],[28.029818,-25.608631],[28.031309,-25.605644],[28.031149,-25.604324],[28.033079,-25.60322],[28.036924,-25.592861],[28.038233,-25.591553],[28.039011,-25.590628],[28.041399,-25.591322],[28.041971,-25.591335],[28.042991,-25.591629],[28.043207,-25.591591],[28.045259,-25.592333],[28.050718,-25.593872],[28.052584,-25.594362],[28.05644,-25.595434],[28.058283,-25.595625],[28.060373,-25.595291],[28.060617,-25.595406],[28.061907,-25.595396],[28.063818,-25.595453],[28.065794,-25.595699],[28.067156,-25.595676],[28.068472,-25.59635],[28.069227,-25.596518],[28.069395,-25.596455],[28.069964,-25.593428],[28.07,-25.593066],[28.07072,-25.59256],[28.070994,-25.592457],[28.071943,-25.5918],[28.072992,-25.591146],[28.075525,-25.58971],[28.075876,-25.590757],[28.07678,-25.592813],[28.077543,-25.594299],[28.078417,-25.595825],[28.078802,-25.59557],[28.081408,-25.594105],[28.082495,-25.593613],[28.085939,-25.591627],[28.086714,-25.591156],[28.087425,-25.592237],[28.088149,-25.593487],[28.089086,-25.593409],[28.089228,-25.59387],[28.089953,-25.593743],[28.0898,-25.593218],[28.090716,-25.593175],[28.091048,-25.593241],[28.091469,-25.593135],[28.091909,-25.594382],[28.09236,-25.595979],[28.093502,-25.596111],[28.094752,-25.596182],[28.095459,-25.595936],[28.096086,-25.595956],[28.096708,-25.59581]]]}},{"type":"Feature","properties":{"id":"799014060","name":"Soshanguve East","commuteMinutes":11.96,"nearestJobCenter":"Rosslyn","distanceKm":null,"nearestTransitKm":0.6048140122799196},"geometry":{"type":"Polygon","coordinates":[[[28.104419,-25.605881],[28.104106,-25.605904],[28.103552,-25.60494],[28.100809,-25.601221],[28.098239,-25.59789],[28.096708,-25.59581],[28.096193,-25.595148],[28.095411,-25.593981],[28.094931,-25.593061],[28.093828,-25.590216],[28.092928,-25.587631],[28.094094,-25.587016],[28.094681,-25.586651],[28.097569,-25.585053],[28.098869,-25.584283],[28.102304,-25.58233],[28.102701,-25.586534],[28.102942,-25.589299],[28.103346,-25.593494],[28.103545,-25.595963],[28.103633,-25.596617],[28.104016,-25.600696],[28.104044,-25.601491],[28.104209,-25.603578],[28.104391,-25.6055],[28.104201,-25.605503],[28.104419,-25.605881]]]}},{"type":"Feature","properties":{"id":"799014061","name":"Soshanguve XX","commuteMinutes":12.55,"nearestJobCenter":"Rosslyn","distanceKm":null,"nearestTransitKm":1.145524627148283},"geometry":{"type":"Polygon","coordinates":[[[28.106397,-25.579951],[28.108263,-25.58013],[28.109755,-25.580114],[28.112253,-25.591219],[28.111322,-25.591349],[28.110659,-25.591679],[28.110022,-25.591679],[28.109182,-25.591812],[28.107836,-25.591944],[28.106802,-25.592606],[28.105478,-25.592869],[28.104532,-25.593464],[28.103628,-25.59342],[28.103346,-25.593494],[28.102942,-25.589299],[28.102701,-25.586534],[28.103479,-25.586493],[28.103434,-25.586245],[28.106039,-25.585926],[28.106426,-25.585624],[28.105534,-25.584633],[28.106305,-25.584017],[28.106989,-25.58368],[28.106602,-25.581752],[28.106397,-25.579951]]]}},{"type":"Feature","properties":{"id":"799014062","name":"Soshanguve A","commuteMinutes":14.45,"nearestJobCenter":"Rosslyn","distanceKm":null,"nearestTransitKm":0.6465950175171802},"geometry":{"type":"Polygon","coordinates":[[[28.112253,-25.591219],[28.113661,-25.598749],[28.113741,-25.600985],[28.113787,-25.605913],[28.109804,-25.605881],[28.104419,-25.605881],[28.104201,-25.605503],[28.104391,-25.6055],[28.104209,-25.603578],[28.104044,-25.601491],[28.104016,-25.600696],[28.103633,-25.596617],[28.103545,-25.595963],[28.103346,-25.593494],[28.103628,-25.59342],[28.104532,-25.593464],[28.105478,-25.592869],[28.106802,-25.592606],[28.107836,-25.591944],[28.109182,-25.591812],[28.110022,-25.591679],[28.110659,-25.591679],[28.111322,-25.591349],[28.112253,-25.591219]]]}},{"type":"Feature","properties":{"id":"799014063","name":"Plastic View","commuteMinutes":8.6,"nearestJobCenter":"Rosslyn","distanceKm":null,"nearestTransitKm":0.2532040290289074},"geometry":{"type":"Polygon","coordinates":[[[28.104898,-25.60771],[28.103556,-25.607513],[28.098253,-25.606628],[28.094507,-25.60602],[28.094717,-25.605673],[28.095228,-25.604448],[28.095179,-25.604195],[28.095793,-25.602814],[28.096182,-25.601776],[28.096975,-25.600065],[28.097441,-25.599325],[28.097818,-25.598465],[28.097864,-25.598131],[28.098239,-25.59789],[28.100809,-25.601221],[28.103552,-25.60494],[28.104106,-25.605904],[28.104406,-25.606424],[28.104898,-25.60771]]]}},{"type":"Feature","properties":{"id":"799015001","name":"Winterveld AH","commuteMinutes":34.21,"nearestJobCenter":"Rosslyn","distanceKm":null,"nearestTransitKm":12.940978879974734},"geometry":{"type":"Polygon","coordinates":[[[28.055574,-25.400026],[28.056475,-25.401459],[28.057928,-25.403875],[28.060373,-25.407854],[28.067492,-25.419603],[28.066713,-25.419802],[28.061468,-25.42141],[28.054598,-25.423574],[28.047827,-25.425684],[28.041697,-25.427584],[28.036329,-25.429228],[28.034872,-25.429724],[28.034384,-25.429941],[28.030062,-25.433517],[28.025309,-25.437311],[28.022905,-25.439297],[28.013342,-25.446974],[28.003691,-25.437059],[28.00016,-25.433439],[27.99259,-25.42547],[27.991657,-25.424517],[27.991199,-25.42474],[27.98778,-25.427019],[27.98617,-25.42811],[27.97876,-25.433069],[27.969721,-25.43911],[27.96442,-25.432409],[27.960409,-25.427311],[27.95817,-25.42635],[27.95298,-25.418209],[27.94931,-25.41247],[27.945641,-25.4067],[27.94825,-25.402149],[27.9527,-25.394461],[27.95277,-25.394279],[27.956659,-25.387501],[27.959419,-25.38266],[27.966169,-25.37096],[27.97076,-25.362949],[27.99905,-25.359591],[28.00041,-25.359421],[28.01128,-25.36932],[28.021191,-25.378929],[28.03076,-25.388201],[28.039171,-25.396332],[28.039419,-25.396589],[28.044729,-25.401739],[28.055531,-25.400049],[28.055574,-25.400026]]]}},{"type":"Feature","properties":{"id":"799015002","name":"Winterveld Ext 1","commuteMinutes":23.8,"nearestJobCenter":"Rosslyn","distanceKm":null,"nearestTransitKm":4.132260546015316},"geometry":{"type":"Polygon","coordinates":[[[28.078764,-25.463676],[28.079683,-25.470821],[28.08077,-25.478422],[28.080774,-25.478762],[28.081163,-25.481726],[28.081682,-25.483097],[28.083349,-25.486332],[28.084129,-25.486195],[28.082827,-25.488608],[28.082496,-25.488933],[28.082465,-25.489754],[28.082746,-25.489953],[28.082478,-25.490692],[28.082563,-25.490931],[28.082983,-25.494139],[28.081068,-25.49453],[28.080332,-25.494967],[28.079645,-25.495058],[28.079184,-25.494991],[28.075529,-25.495745],[28.075216,-25.495024],[28.072771,-25.491213],[28.067507,-25.48278],[28.066916,-25.481911],[28.063845,-25.476999],[28.058256,-25.468098],[28.055143,-25.463179],[28.054686,-25.462364],[28.054129,-25.462557],[28.048105,-25.464842],[28.047533,-25.46512],[28.041624,-25.468218],[28.03834,-25.469896],[28.036596,-25.47086],[28.036406,-25.471003],[28.035949,-25.47059],[28.028111,-25.4624],[28.02808,-25.46236],[28.013342,-25.446974],[28.022905,-25.439297],[28.025309,-25.437311],[28.030062,-25.433517],[28.034384,-25.429941],[28.034872,-25.429724],[28.036329,-25.429228],[28.041697,-25.427584],[28.047827,-25.425684],[28.054598,-25.423574],[28.061468,-25.42141],[28.066713,-25.419802],[28.067492,-25.419603],[28.068903,-25.424067],[28.070719,-25.429865],[28.07168,-25.43298],[28.073786,-25.439737],[28.074183,-25.441042],[28.074076,-25.441074],[28.074926,-25.444231],[28.075598,-25.446819],[28.076181,-25.44916],[28.076433,-25.449703],[28.077356,-25.453751],[28.077738,-25.456163],[28.078688,-25.463474],[28.078764,-25.463676]]]}},{"type":"Feature","properties":{"id":"799015003","name":"Winterveld Ext 3","commuteMinutes":23.04,"nearestJobCenter":"Rosslyn","distanceKm":null,"nearestTransitKm":3.418342451661684},"geometry":{"type":"Polygon","coordinates":[[[28.075529,-25.495745],[28.068472,-25.497189],[28.066407,-25.497644],[28.065969,-25.497636],[28.063829,-25.497051],[28.064024,-25.49637],[28.064067,-25.495783],[28.063935,-25.49452],[28.063112,-25.494622],[28.061274,-25.492961],[28.059114,-25.491058],[28.057342,-25.489461],[28.056395,-25.488572],[28.055496,-25.489002],[28.0553,-25.488011],[28.054909,-25.487337],[28.054494,-25.486937],[28.049334,-25.482336],[28.046705,-25.480017],[28.043283,-25.4769],[28.038698,-25.472813],[28.036596,-25.47086],[28.03834,-25.469896],[28.041624,-25.468218],[28.047533,-25.46512],[28.048105,-25.464842],[28.054129,-25.462557],[28.054686,-25.462364],[28.055143,-25.463179],[28.058256,-25.468098],[28.063845,-25.476999],[28.066916,-25.481911],[28.067507,-25.48278],[28.072771,-25.491213],[28.075216,-25.495024],[28.075529,-25.495745]]]}},{"type":"Feature","properties":{"id":"799015004","name":"Slovo","commuteMinutes":26.68,"nearestJobCenter":"Rosslyn","distanceKm":null,"nearestTransitKm":6.0285396755819765},"geometry":{"type":"Polygon","coordinates":[[[28.036596,-25.47086],[28.038698,-25.472813],[28.043283,-25.4769],[28.046705,-25.480017],[28.049334,-25.482336],[28.048059,-25.486574],[28.047937,-25.486559],[28.043406,-25.48653],[28.038286,-25.486546],[28.027826,-25.486423],[28.022799,-25.486391],[28.022398,-25.486448],[28.021624,-25.485598],[28.02136,-25.485188],[28.021124,-25.484524],[28.021669,-25.484209],[28.022768,-25.484144],[28.02294,-25.48428],[28.023752,-25.484037],[28.024031,-25.48378],[28.025145,-25.483152],[28.026495,-25.482975],[28.026812,-25.482996],[28.027613,-25.482796],[28.027987,-25.482866],[28.028715,-25.482759],[28.029043,-25.482452],[28.029882,-25.482231],[28.030134,-25.482038],[28.031191,-25.481668],[28.032217,-25.48164],[28.032511,-25.481482],[28.032755,-25.480953],[28.033182,-25.480698],[28.033304,-25.480068],[28.033575,-25.479912],[28.034075,-25.479055],[28.03356,-25.47821],[28.03224,-25.476213],[28.030626,-25.473963],[28.0301,-25.472994],[28.035949,-25.47059],[28.036406,-25.471003],[28.036596,-25.47086]]]}},{"type":"Feature","properties":{"id":"799015005","name":"Lebanon","commuteMinutes":24.21,"nearestJobCenter":"Rosslyn","distanceKm":null,"nearestTransitKm":3.812595973644478},"geometry":{"type":"Polygon","coordinates":[[[28.045507,-25.494814],[28.048059,-25.486574],[28.049334,-25.482336],[28.054494,-25.486937],[28.054909,-25.487337],[28.0553,-25.488011],[28.055496,-25.489002],[28.05631,-25.49397],[28.056379,-25.494777],[28.047544,-25.494907],[28.046,-25.494871],[28.045507,-25.494814]]]}},{"type":"Feature","properties":{"id":"799015006","name":"Beirut","commuteMinutes":22.75,"nearestJobCenter":"Rosslyn","distanceKm":null,"nearestTransitKm":3.115205181250409},"geometry":{"type":"Polygon","coordinates":[[[28.056379,-25.494777],[28.05631,-25.49397],[28.055496,-25.489002],[28.056395,-25.488572],[28.057342,-25.489461],[28.059114,-25.491058],[28.061274,-25.492961],[28.063112,-25.494622],[28.060896,-25.494715],[28.056379,-25.494777]]]}},{"type":"Feature","properties":{"id":"799016001","name":"Mabopane SP","commuteMinutes":24.01,"nearestJobCenter":"Rosslyn","distanceKm":null,"nearestTransitKm":6.504989862895819},"geometry":{"type":"Polygon","coordinates":[[[28.048059,-25.486574],[28.045507,-25.494814],[28.043955,-25.494713],[28.040701,-25.494406],[28.037996,-25.494127],[28.032469,-25.493628],[28.02669,-25.493055],[28.025732,-25.493124],[28.025202,-25.493311],[28.022299,-25.494791],[28.022043,-25.493883],[28.021715,-25.49325],[28.02178,-25.493055],[28.021658,-25.492296],[28.021498,-25.492119],[28.02165,-25.491732],[28.021521,-25.491325],[28.021692,-25.490759],[28.021093,-25.490202],[28.020426,-25.490168],[28.019667,-25.489672],[28.019354,-25.489244],[28.018763,-25.488779],[28.018419,-25.488611],[28.017698,-25.488918],[28.017496,-25.489325],[28.016672,-25.489464],[28.016699,-25.489141],[28.015203,-25.490154],[28.01248,-25.492496],[28.007433,-25.488918],[28.007868,-25.48749],[28.008398,-25.48694],[28.011746,-25.480611],[28.01193,-25.480459],[28.0301,-25.472994],[28.030626,-25.473963],[28.03224,-25.476213],[28.03356,-25.47821],[28.034075,-25.479055],[28.033575,-25.479912],[28.033304,-25.480068],[28.033182,-25.480698],[28.032755,-25.480953],[28.032511,-25.481482],[28.032217,-25.48164],[28.031191,-25.481668],[28.030134,-25.482038],[28.029882,-25.482231],[28.029043,-25.482452],[28.028715,-25.482759],[28.027987,-25.482866],[28.027613,-25.482796],[28.026812,-25.482996],[28.026495,-25.482975],[28.025145,-25.483152],[28.024031,-25.48378],[28.023752,-25.484037],[28.02294,-25.48428],[28.022768,-25.484144],[28.021669,-25.484209],[28.021124,-25.484524],[28.02136,-25.485188],[28.021624,-25.485598],[28.022398,-25.486448],[28.022799,-25.486391],[28.027826,-25.486423],[28.038286,-25.486546],[28.043406,-25.48653],[28.047937,-25.486559],[28.048059,-25.486574]]]}},{"type":"Feature","properties":{"id":"799016002","name":"Mabopane R","commuteMinutes":24.6,"nearestJobCenter":"Rosslyn","distanceKm":null,"nearestTransitKm":8.058432499977789},"geometry":{"type":"Polygon","coordinates":[[[28.002535,-25.498546],[28.004068,-25.495506],[28.00506,-25.493431],[28.006254,-25.491262],[28.007433,-25.488918],[28.01248,-25.492496],[28.013399,-25.493147],[28.012506,-25.494402],[28.01243,-25.494427],[28.009134,-25.499695],[28.00839,-25.501081],[28.0077,-25.501163],[28.007063,-25.501093],[28.005972,-25.500425],[28.00463,-25.499848],[28.003942,-25.499269],[28.002535,-25.498546]]]}},{"type":"Feature","properties":{"id":"799016003","name":"Mabopane CV","commuteMinutes":21.52,"nearestJobCenter":"Rosslyn","distanceKm":null,"nearestTransitKm":0.7750100961975768},"geometry":{"type":"Polygon","coordinates":[[[28.087558,-25.494563],[28.087172,-25.494696],[28.084303,-25.494249],[28.082983,-25.494139],[28.082563,-25.490931],[28.082478,-25.490692],[28.082746,-25.489953],[28.082465,-25.489754],[28.082496,-25.488933],[28.082827,-25.488608],[28.084129,-25.486195],[28.084261,-25.486172],[28.084967,-25.486048],[28.087786,-25.485744],[28.089788,-25.485462],[28.089056,-25.488367],[28.088648,-25.490099],[28.087558,-25.494563]]]}},{"type":"Feature","properties":{"id":"799016004","name":"Winterveld","commuteMinutes":19.99,"nearestJobCenter":"Rosslyn","distanceKm":null,"nearestTransitKm":0.46154033431775415},"geometry":{"type":"Polygon","coordinates":[[[28.092363,-25.495687],[28.091772,-25.495518],[28.090029,-25.495199],[28.09018,-25.494406],[28.089242,-25.494176],[28.088859,-25.494836],[28.087558,-25.494563],[28.088648,-25.490099],[28.089056,-25.488367],[28.089788,-25.485462],[28.094927,-25.484922],[28.09366,-25.490265],[28.092363,-25.495687]]]}},{"type":"Feature","properties":{"id":"799016005","name":"Mabopane Unit E","commuteMinutes":19.95,"nearestJobCenter":"Rosslyn","distanceKm":null,"nearestTransitKm":0.5748062019725633},"geometry":{"type":"Polygon","coordinates":[[[28.087558,-25.494563],[28.088859,-25.494836],[28.089242,-25.494176],[28.09018,-25.494406],[28.090029,-25.495199],[28.089039,-25.499351],[28.087914,-25.499108],[28.087298,-25.499756],[28.086535,-25.500032],[28.085553,-25.500064],[28.084931,-25.499958],[28.08349,-25.501659],[28.082952,-25.502119],[28.081858,-25.502726],[28.079103,-25.503466],[28.079729,-25.505577],[28.080717,-25.508646],[28.080801,-25.508753],[28.079565,-25.509119],[28.078527,-25.506042],[28.077112,-25.501461],[28.075529,-25.495745],[28.079184,-25.494991],[28.079645,-25.495058],[28.080332,-25.494967],[28.081068,-25.49453],[28.082983,-25.494139],[28.084303,-25.494249],[28.087172,-25.494696],[28.087558,-25.494563]]]}},{"type":"Feature","properties":{"id":"799016006","name":"Mabopane A","commuteMinutes":21.68,"nearestJobCenter":"Rosslyn","distanceKm":null,"nearestTransitKm":2.4542922225958606},"geometry":{"type":"Polygon","coordinates":[[[28.075529,-25.495745],[28.077112,-25.501461],[28.078527,-25.506042],[28.079565,-25.509119],[28.079893,-25.510092],[28.07424,-25.511545],[28.073744,-25.51158],[28.072531,-25.51128],[28.06436,-25.509153],[28.058634,-25.507633],[28.058382,-25.507519],[28.056528,-25.505791],[28.052008,-25.501463],[28.050104,-25.502173],[28.049694,-25.501497],[28.048388,-25.500723],[28.046077,-25.500377],[28.043788,-25.500556],[28.045507,-25.494814],[28.046,-25.494871],[28.047544,-25.494907],[28.056379,-25.494777],[28.060896,-25.494715],[28.063112,-25.494622],[28.063935,-25.49452],[28.064067,-25.495783],[28.064024,-25.49637],[28.063829,-25.497051],[28.065969,-25.497636],[28.066407,-25.497644],[28.068472,-25.497189],[28.075529,-25.495745]]]}},{"type":"Feature","properties":{"id":"799016007","name":"Mabopane U","commuteMinutes":21.6,"nearestJobCenter":"Rosslyn","distanceKm":null,"nearestTransitKm":5.5961886785538},"geometry":{"type":"Polygon","coordinates":[[[28.045507,-25.494814],[28.043788,-25.500556],[28.041464,-25.508261],[28.040117,-25.512575],[28.038466,-25.517679],[28.037607,-25.517584],[28.037195,-25.517807],[28.036215,-25.51775],[28.035975,-25.517584],[28.034548,-25.514557],[28.033964,-25.513222],[28.033953,-25.513025],[28.033323,-25.512966],[28.030497,-25.512589],[28.030523,-25.511847],[28.030706,-25.511395],[28.031054,-25.511267],[28.031221,-25.510338],[28.030691,-25.5096],[28.030626,-25.508928],[28.030329,-25.508877],[28.030069,-25.508078],[28.030115,-25.507954],[28.029657,-25.507034],[28.029234,-25.506611],[28.029108,-25.506273],[28.029207,-25.506025],[28.028799,-25.505627],[28.028715,-25.505112],[28.029287,-25.50457],[28.029146,-25.504051],[28.028761,-25.503357],[28.028082,-25.503042],[28.027861,-25.502447],[28.028059,-25.501648],[28.027658,-25.501482],[28.026964,-25.500973],[28.026361,-25.500792],[28.026052,-25.500425],[28.025343,-25.500315],[28.024656,-25.499968],[28.024328,-25.499559],[28.024069,-25.499516],[28.024031,-25.498955],[28.023748,-25.498411],[28.02379,-25.498102],[28.023256,-25.498035],[28.023226,-25.497252],[28.023111,-25.496899],[28.022863,-25.496809],[28.022886,-25.496325],[28.022509,-25.496166],[28.022318,-25.49481],[28.022299,-25.494791],[28.025202,-25.493311],[28.025732,-25.493124],[28.02669,-25.493055],[28.032469,-25.493628],[28.037996,-25.494127],[28.040701,-25.494406],[28.043955,-25.494713],[28.045507,-25.494814]]]}},{"type":"Feature","properties":{"id":"799016008","name":"Mabopane U Ext 1","commuteMinutes":21.21,"nearestJobCenter":"Rosslyn","distanceKm":null,"nearestTransitKm":5.897704516666725},"geometry":{"type":"Polygon","coordinates":[[[28.030497,-25.512589],[28.029104,-25.512438],[28.027536,-25.51268],[28.026209,-25.513409],[28.025793,-25.513586],[28.023367,-25.514454],[28.022253,-25.510565],[28.021128,-25.506588],[28.020189,-25.501686],[28.019838,-25.500622],[28.019342,-25.499617],[28.018476,-25.498407],[28.01763,-25.497221],[28.020319,-25.495821],[28.022318,-25.49481],[28.022509,-25.496166],[28.022886,-25.496325],[28.022863,-25.496809],[28.023111,-25.496899],[28.023226,-25.497252],[28.023256,-25.498035],[28.02379,-25.498102],[28.023748,-25.498411],[28.024031,-25.498955],[28.024069,-25.499516],[28.024328,-25.499559],[28.024656,-25.499968],[28.025343,-25.500315],[28.026052,-25.500425],[28.026361,-25.500792],[28.026964,-25.500973],[28.027658,-25.501482],[28.028059,-25.501648],[28.027861,-25.502447],[28.028082,-25.503042],[28.028761,-25.503357],[28.029146,-25.504051],[28.029287,-25.50457],[28.028715,-25.505112],[28.028799,-25.505627],[28.029207,-25.506025],[28.029108,-25.506273],[28.029234,-25.506611],[28.029657,-25.507034],[28.030115,-25.507954],[28.030069,-25.508078],[28.030329,-25.508877],[28.030626,-25.508928],[28.030691,-25.5096],[28.031221,-25.510338],[28.031054,-25.511267],[28.030706,-25.511395],[28.030523,-25.511847],[28.030497,-25.512589]]]}},{"type":"Feature","properties":{"id":"799018001","name":"Tsebe SP","commuteMinutes":22.72,"nearestJobCenter":"Rosslyn","distanceKm":null,"nearestTransitKm":7.487581465622256},"geometry":{"type":"Polygon","coordinates":[[[28.022299,-25.494791],[28.022318,-25.49481],[28.020319,-25.495821],[28.01763,-25.497221],[28.018476,-25.498407],[28.017424,-25.499727],[28.015196,-25.503269],[28.014999,-25.50367],[28.013949,-25.505445],[28.013361,-25.506374],[28.012362,-25.507732],[28.011271,-25.509634],[28.010584,-25.510883],[28.008959,-25.513372],[28.008249,-25.514406],[28.007349,-25.515881],[28.006693,-25.517092],[28.005289,-25.519911],[28.003801,-25.522532],[27.996531,-25.519661],[27.992439,-25.51803],[28.000231,-25.500629],[28.00043,-25.500176],[28.001646,-25.500933],[28.002325,-25.499441],[28.002535,-25.498546],[28.003942,-25.499269],[28.00463,-25.499848],[28.005972,-25.500425],[28.007063,-25.501093],[28.0077,-25.501163],[28.00839,-25.501081],[28.009134,-25.499695],[28.01243,-25.494427],[28.012506,-25.494402],[28.013399,-25.493147],[28.01248,-25.492496],[28.015203,-25.490154],[28.016699,-25.489141],[28.016672,-25.489464],[28.017496,-25.489325],[28.017698,-25.488918],[28.018419,-25.488611],[28.018763,-25.488779],[28.019354,-25.489244],[28.019667,-25.489672],[28.020426,-25.490168],[28.021093,-25.490202],[28.021692,-25.490759],[28.021521,-25.491325],[28.02165,-25.491732],[28.021498,-25.492119],[28.021658,-25.492296],[28.02178,-25.493055],[28.021715,-25.49325],[28.022043,-25.493883],[28.022299,-25.494791]]]}},{"type":"Feature","properties":{"id":"799019001","name":"Mandela Village SP","commuteMinutes":33.9,"nearestJobCenter":"Menlyn","distanceKm":null,"nearestTransitKm":24.326783427523907},"geometry":{"type":"Polygon","coordinates":[[[28.298094,-25.402981],[28.298189,-25.400646],[28.289877,-25.40184],[28.287136,-25.402184],[28.283007,-25.402773],[28.283102,-25.402058],[28.283846,-25.401978],[28.291155,-25.396282],[28.292051,-25.39562],[28.292585,-25.395119],[28.293364,-25.39422],[28.296133,-25.390503],[28.296305,-25.390331],[28.298716,-25.387058],[28.299143,-25.387092],[28.300323,-25.387095],[28.300519,-25.386108],[28.300943,-25.385135],[28.301765,-25.384012],[28.302524,-25.383343],[28.303624,-25.382538],[28.305604,-25.383452],[28.305844,-25.383739],[28.306065,-25.383661],[28.310934,-25.385887],[28.310665,-25.386367],[28.310704,-25.386876],[28.310934,-25.387742],[28.311219,-25.388532],[28.312483,-25.38879],[28.315962,-25.38942],[28.31608,-25.389849],[28.31584,-25.390299],[28.315382,-25.390869],[28.315222,-25.39127],[28.314772,-25.392],[28.314371,-25.392809],[28.314199,-25.39332],[28.312952,-25.39455],[28.312292,-25.39572],[28.311819,-25.397449],[28.311892,-25.3985],[28.312101,-25.399319],[28.312693,-25.400789],[28.312768,-25.401599],[28.310696,-25.401143],[28.309879,-25.401042],[28.308849,-25.401025],[28.307541,-25.401203],[28.299177,-25.402765],[28.298094,-25.402981]]]}},{"type":"Feature","properties":{"id":"799020001","name":"Rens Town","commuteMinutes":32.48,"nearestJobCenter":"Menlyn","distanceKm":null,"nearestTransitKm":22.195867909661708},"geometry":{"type":"Polygon","coordinates":[[[28.298094,-25.402981],[28.297357,-25.413216],[28.296101,-25.41318],[28.290409,-25.412612],[28.289085,-25.412509],[28.288861,-25.414521],[28.288363,-25.41471],[28.285336,-25.416103],[28.28372,-25.416894],[28.281553,-25.417892],[28.281226,-25.417943],[28.280452,-25.418425],[28.280143,-25.418459],[28.279524,-25.418201],[28.274244,-25.416172],[28.271286,-25.414836],[28.271941,-25.413618],[28.273585,-25.412232],[28.275742,-25.41141],[28.277333,-25.409921],[28.277796,-25.407867],[28.27795,-25.405453],[28.278067,-25.404966],[28.27891,-25.404228],[28.279173,-25.403782],[28.279474,-25.402807],[28.279799,-25.402456],[28.280359,-25.402166],[28.281042,-25.402042],[28.283102,-25.402058],[28.283007,-25.402773],[28.287136,-25.402184],[28.289877,-25.40184],[28.298189,-25.400646],[28.298094,-25.402981]]]}},{"type":"Feature","properties":{"id":"799020002","name":"Kanana","commuteMinutes":37.3,"nearestJobCenter":"Menlyn","distanceKm":null,"nearestTransitKm":19.05113742590178},"geometry":{"type":"Polygon","coordinates":[[[28.278067,-25.404966],[28.27795,-25.405453],[28.277796,-25.407867],[28.277333,-25.409921],[28.275742,-25.41141],[28.273585,-25.412232],[28.271941,-25.413618],[28.271286,-25.414836],[28.270503,-25.416289],[28.268911,-25.419524],[28.266581,-25.422743],[28.261038,-25.421398],[28.249109,-25.4186],[28.247225,-25.418129],[28.246272,-25.417936],[28.2465,-25.41705],[28.247041,-25.416164],[28.247238,-25.415605],[28.247595,-25.4152],[28.24794,-25.414135],[28.248298,-25.412768],[28.247339,-25.413028],[28.246696,-25.412981],[28.246595,-25.412689],[28.246619,-25.411856],[28.246452,-25.410304],[28.246083,-25.410345],[28.244858,-25.409917],[28.244043,-25.409744],[28.243531,-25.409441],[28.243763,-25.408763],[28.244136,-25.408109],[28.244933,-25.40707],[28.244186,-25.406776],[28.244786,-25.405455],[28.243914,-25.404198],[28.244023,-25.403297],[28.245321,-25.403349],[28.2464,-25.403227],[28.246631,-25.403019],[28.247237,-25.402057],[28.249067,-25.402691],[28.250669,-25.403284],[28.251653,-25.403778],[28.252729,-25.404492],[28.253818,-25.405415],[28.255651,-25.407102],[28.256244,-25.407557],[28.257407,-25.408165],[28.258464,-25.40848],[28.259843,-25.408618],[28.26084,-25.408543],[28.265138,-25.407654],[28.2683,-25.407016],[28.27737,-25.405223],[28.278067,-25.404966]]]}},{"type":"Feature","properties":{"id":"799021001","name":"Bultfontein AH","commuteMinutes":44.91,"nearestJobCenter":"Menlyn","distanceKm":null,"nearestTransitKm":15.652605422991309},"geometry":{"type":"Polygon","coordinates":[[[28.244023,-25.403297],[28.243914,-25.404198],[28.244786,-25.405455],[28.244186,-25.406776],[28.244933,-25.40707],[28.244136,-25.408109],[28.243763,-25.408763],[28.243531,-25.409441],[28.244043,-25.409744],[28.244858,-25.409917],[28.246083,-25.410345],[28.246452,-25.410304],[28.246619,-25.411856],[28.246595,-25.412689],[28.246696,-25.412981],[28.247339,-25.413028],[28.248298,-25.412768],[28.24794,-25.414135],[28.247595,-25.4152],[28.247238,-25.415605],[28.247041,-25.416164],[28.2465,-25.41705],[28.246272,-25.417936],[28.247225,-25.418129],[28.249109,-25.4186],[28.261038,-25.421398],[28.266581,-25.422743],[28.268911,-25.419524],[28.270503,-25.416289],[28.271286,-25.414836],[28.274244,-25.416172],[28.279524,-25.418201],[28.280143,-25.418459],[28.280452,-25.418425],[28.281226,-25.417943],[28.281553,-25.417892],[28.28372,-25.416894],[28.285336,-25.416103],[28.288363,-25.41471],[28.288861,-25.414521],[28.289085,-25.412509],[28.290409,-25.412612],[28.296101,-25.41318],[28.297357,-25.413216],[28.297025,-25.41801],[28.29722,-25.422154],[28.297561,-25.428686],[28.298,-25.434243],[28.298146,-25.438485],[28.297513,-25.443603],[28.296294,-25.451598],[28.295173,-25.4593],[28.292296,-25.480019],[28.290103,-25.494887],[28.289166,-25.499058],[28.267394,-25.493055],[28.265722,-25.492599],[28.252157,-25.488799],[28.251927,-25.488707],[28.251517,-25.489766],[28.250458,-25.491201],[28.249467,-25.492124],[28.248237,-25.493114],[28.247517,-25.49407],[28.243329,-25.493525],[28.243083,-25.493418],[28.232218,-25.49231],[28.231849,-25.492325],[28.230356,-25.492202],[28.228017,-25.49194],[28.221045,-25.491294],[28.212597,-25.490401],[28.21075,-25.490186],[28.210027,-25.491833],[28.209396,-25.493033],[28.208042,-25.496034],[28.206595,-25.499296],[28.205241,-25.50242],[28.203933,-25.505513],[28.202577,-25.50857],[28.197367,-25.520475],[28.182262,-25.520097],[28.182199,-25.519986],[28.180783,-25.517052],[28.174326,-25.503542],[28.173956,-25.502609],[28.173771,-25.501435],[28.173883,-25.500302],[28.176047,-25.490314],[28.177566,-25.483343],[28.177462,-25.482973],[28.177582,-25.482249],[28.177936,-25.482072],[28.178539,-25.479378],[28.179126,-25.476548],[28.179577,-25.474537],[28.180526,-25.470075],[28.182994,-25.469431],[28.187393,-25.468563],[28.188961,-25.468225],[28.192531,-25.467501],[28.209434,-25.463845],[28.20969,-25.455481],[28.210085,-25.444415],[28.210529,-25.444415],[28.211106,-25.439222],[28.21297,-25.420045],[28.213547,-25.413831],[28.229189,-25.403275],[28.23596,-25.403309],[28.244023,-25.403297]]]}},{"type":"Feature","properties":{"id":"799022001","name":"Vastfontein AH","commuteMinutes":37.21,"nearestJobCenter":"Rosslyn","distanceKm":null,"nearestTransitKm":14.44391314347716},"geometry":{"type":"Polygon","coordinates":[[[28.247517,-25.49407],[28.247212,-25.494549],[28.246905,-25.496155],[28.246563,-25.497248],[28.245709,-25.498068],[28.244992,-25.49841],[28.244513,-25.499025],[28.244001,-25.499503],[28.242908,-25.49981],[28.241678,-25.49981],[28.240653,-25.500459],[28.239867,-25.501553],[28.239218,-25.502304],[28.238466,-25.502475],[28.237681,-25.503397],[28.237817,-25.503944],[28.2385,-25.50473],[28.23833,-25.505345],[28.23874,-25.508112],[28.238842,-25.509069],[28.239286,-25.509923],[28.239389,-25.510367],[28.239081,-25.51105],[28.23915,-25.511528],[28.239833,-25.512622],[28.23973,-25.513168],[28.239355,-25.514056],[28.239252,-25.514842],[28.238876,-25.515355],[28.238398,-25.515628],[28.238091,-25.516243],[28.238091,-25.516892],[28.237715,-25.517609],[28.237681,-25.518532],[28.238466,-25.519318],[28.238466,-25.520069],[28.237988,-25.520684],[28.236485,-25.521231],[28.23546,-25.521333],[28.234435,-25.522051],[28.233615,-25.522836],[28.232898,-25.524203],[28.230677,-25.527688],[28.230335,-25.528508],[28.230404,-25.529567],[28.231314,-25.532726],[28.231142,-25.533663],[28.231176,-25.534365],[28.231295,-25.534704],[28.23208,-25.535295],[28.233274,-25.5355],[28.233866,-25.535931],[28.234331,-25.536118],[28.235254,-25.536903],[28.235518,-25.537411],[28.236971,-25.538189],[28.23831,-25.538841],[28.238722,-25.539255],[28.239866,-25.539898],[28.240465,-25.540575],[28.241076,-25.541786],[28.241591,-25.543013],[28.242266,-25.545322],[28.24275,-25.546143],[28.243002,-25.546852],[28.243231,-25.54788],[28.243338,-25.549282],[28.243608,-25.549812],[28.243753,-25.550726],[28.242583,-25.550111],[28.241808,-25.549133],[28.241067,-25.547213],[28.240561,-25.54637],[28.239685,-25.545427],[28.237967,-25.544517],[28.23645,-25.54418],[28.230453,-25.543338],[28.226611,-25.542765],[28.224893,-25.542596],[28.223039,-25.542563],[28.220108,-25.542563],[28.214379,-25.542495],[28.205652,-25.542462],[28.198104,-25.54236],[28.198138,-25.540372],[28.197978,-25.535998],[28.197661,-25.528839],[28.197533,-25.525202],[28.197356,-25.521469],[28.197367,-25.520475],[28.202577,-25.50857],[28.203933,-25.505513],[28.205241,-25.50242],[28.206595,-25.499296],[28.208042,-25.496034],[28.209396,-25.493033],[28.210027,-25.491833],[28.21075,-25.490186],[28.212597,-25.490401],[28.221045,-25.491294],[28.228017,-25.49194],[28.230356,-25.492202],[28.231849,-25.492325],[28.232218,-25.49231],[28.243083,-25.493418],[28.243329,-25.493525],[28.247517,-25.49407]]]}},{"type":"Feature","properties":{"id":"799023001","name":"Grootvlei SH","commuteMinutes":29.72,"nearestJobCenter":"Menlyn","distanceKm":null,"nearestTransitKm":16.39765574845405},"geometry":{"type":"Polygon","coordinates":[[[28.287023,-25.554655],[28.284493,-25.554876],[28.283748,-25.555468],[28.280619,-25.554591],[28.274402,-25.552666],[28.271374,-25.551711],[28.268771,-25.550954],[28.268136,-25.550535],[28.267305,-25.550483],[28.262025,-25.548836],[28.261209,-25.548653],[28.253197,-25.546231],[28.24818,-25.544627],[28.247515,-25.54818],[28.246717,-25.551519],[28.244249,-25.550896],[28.243753,-25.550726],[28.243608,-25.549812],[28.243338,-25.549282],[28.243231,-25.54788],[28.243002,-25.546852],[28.24275,-25.546143],[28.242266,-25.545322],[28.241591,-25.543013],[28.241076,-25.541786],[28.240465,-25.540575],[28.239866,-25.539898],[28.238722,-25.539255],[28.23831,-25.538841],[28.236971,-25.538189],[28.235518,-25.537411],[28.235254,-25.536903],[28.234331,-25.536118],[28.233866,-25.535931],[28.233274,-25.5355],[28.23208,-25.535295],[28.231295,-25.534704],[28.231176,-25.534365],[28.231142,-25.533663],[28.231314,-25.532726],[28.230404,-25.529567],[28.230335,-25.528508],[28.230677,-25.527688],[28.232898,-25.524203],[28.233615,-25.522836],[28.234435,-25.522051],[28.23546,-25.521333],[28.236485,-25.521231],[28.237988,-25.520684],[28.238466,-25.520069],[28.238466,-25.519318],[28.237681,-25.518532],[28.237715,-25.517609],[28.238091,-25.516892],[28.238091,-25.516243],[28.238398,-25.515628],[28.238876,-25.515355],[28.239252,-25.514842],[28.239355,-25.514056],[28.23973,-25.513168],[28.239833,-25.512622],[28.23915,-25.511528],[28.239081,-25.51105],[28.239389,-25.510367],[28.239286,-25.509923],[28.238842,-25.509069],[28.23874,-25.508112],[28.23833,-25.505345],[28.2385,-25.50473],[28.237817,-25.503944],[28.237681,-25.503397],[28.238466,-25.502475],[28.239218,-25.502304],[28.239867,-25.501553],[28.240653,-25.500459],[28.241678,-25.49981],[28.242908,-25.49981],[28.244001,-25.499503],[28.244513,-25.499025],[28.244992,-25.49841],[28.245709,-25.498068],[28.246563,-25.497248],[28.246905,-25.496155],[28.247212,-25.494549],[28.247517,-25.49407],[28.248237,-25.493114],[28.249467,-25.492124],[28.250458,-25.491201],[28.251517,-25.489766],[28.251927,-25.488707],[28.252157,-25.488799],[28.265722,-25.492599],[28.267394,-25.493055],[28.289166,-25.499058],[28.288065,-25.5032],[28.287647,-25.504948],[28.285899,-25.511217],[28.285505,-25.514182],[28.28513,-25.522128],[28.285395,-25.526837],[28.285646,-25.530309],[28.286068,-25.537864],[28.286318,-25.538287],[28.286445,-25.543266],[28.286539,-25.545894],[28.286856,-25.55115],[28.287023,-25.554655]]]}},{"type":"Feature","properties":{"id":"799024001","name":"Wallmannsthal Army Base","commuteMinutes":30.78,"nearestJobCenter":"Menlyn","distanceKm":null,"nearestTransitKm":19.51651725923115},"geometry":{"type":"Polygon","coordinates":[[[28.321904,-25.52707],[28.321651,-25.527538],[28.321839,-25.528447],[28.322377,-25.528441],[28.322713,-25.528892],[28.322837,-25.529241],[28.323521,-25.530184],[28.323513,-25.531199],[28.323776,-25.531392],[28.323974,-25.532036],[28.323939,-25.532679],[28.324236,-25.533272],[28.324464,-25.534602],[28.324424,-25.534908],[28.323543,-25.536026],[28.323254,-25.536643],[28.32324,-25.53724],[28.323691,-25.538439],[28.323789,-25.539094],[28.323693,-25.539587],[28.323296,-25.540342],[28.323242,-25.541103],[28.323306,-25.541939],[28.323003,-25.5422],[28.322937,-25.542766],[28.323049,-25.543151],[28.323399,-25.543491],[28.323357,-25.543923],[28.322384,-25.544751],[28.321942,-25.545296],[28.322008,-25.546104],[28.322281,-25.547268],[28.322116,-25.548167],[28.322229,-25.548501],[28.322798,-25.548906],[28.32329,-25.549537],[28.323672,-25.549877],[28.324477,-25.550335],[28.325055,-25.550505],[28.323151,-25.551695],[28.321918,-25.55256],[28.31837,-25.555827],[28.313719,-25.560175],[28.312032,-25.561451],[28.311216,-25.561914],[28.302493,-25.565519],[28.294892,-25.568512],[28.291736,-25.569779],[28.287959,-25.571351],[28.287853,-25.56958],[28.287771,-25.567492],[28.287407,-25.561779],[28.287278,-25.559069],[28.287023,-25.554655],[28.286856,-25.55115],[28.286539,-25.545894],[28.286445,-25.543266],[28.286318,-25.538287],[28.286068,-25.537864],[28.285646,-25.530309],[28.285395,-25.526837],[28.28513,-25.522128],[28.285505,-25.514182],[28.291277,-25.51498],[28.293216,-25.515293],[28.29622,-25.515715],[28.300146,-25.516247],[28.303681,-25.516842],[28.310845,-25.517921],[28.310923,-25.519939],[28.314067,-25.51997],[28.314693,-25.521956],[28.316851,-25.528151],[28.318056,-25.5279],[28.320496,-25.527322],[28.321904,-25.52707]]]}},{"type":"Feature","properties":{"id":"799024002","name":"Wallmannsthal SH","commuteMinutes":26.28,"nearestJobCenter":"Menlyn","distanceKm":null,"nearestTransitKm":18.80488602618038},"geometry":{"type":"Polygon","coordinates":[[[28.373883,-25.559685],[28.370361,-25.563674],[28.366264,-25.568112],[28.359507,-25.5753],[28.355788,-25.579308],[28.35205,-25.583387],[28.350772,-25.5845],[28.352565,-25.587003],[28.350618,-25.589046],[28.349516,-25.589976],[28.347134,-25.58973],[28.345522,-25.589917],[28.343536,-25.590081],[28.341666,-25.592371],[28.339727,-25.597348],[28.336759,-25.600549],[28.335381,-25.601157],[28.327202,-25.606367],[28.326058,-25.607466],[28.325871,-25.60812],[28.324025,-25.609896],[28.31636,-25.609241],[28.306994,-25.608312],[28.306196,-25.60575],[28.306229,-25.605539],[28.305959,-25.604497],[28.305418,-25.603025],[28.304487,-25.59995],[28.303002,-25.595179],[28.302699,-25.593892],[28.301425,-25.587676],[28.300693,-25.584541],[28.298083,-25.578601],[28.297532,-25.5769],[28.297144,-25.575399],[28.296476,-25.573428],[28.295713,-25.57087],[28.294892,-25.568512],[28.302493,-25.565519],[28.311216,-25.561914],[28.312032,-25.561451],[28.313719,-25.560175],[28.31837,-25.555827],[28.321918,-25.55256],[28.323151,-25.551695],[28.325055,-25.550505],[28.324477,-25.550335],[28.323672,-25.549877],[28.32329,-25.549537],[28.322798,-25.548906],[28.322229,-25.548501],[28.322116,-25.548167],[28.322281,-25.547268],[28.322008,-25.546104],[28.321942,-25.545296],[28.322384,-25.544751],[28.323357,-25.543923],[28.323399,-25.543491],[28.323049,-25.543151],[28.322937,-25.542766],[28.323003,-25.5422],[28.323306,-25.541939],[28.323242,-25.541103],[28.323296,-25.540342],[28.323693,-25.539587],[28.323789,-25.539094],[28.323691,-25.538439],[28.32324,-25.53724],[28.323254,-25.536643],[28.323543,-25.536026],[28.324424,-25.534908],[28.324464,-25.534602],[28.324236,-25.533272],[28.323939,-25.532679],[28.323974,-25.532036],[28.323776,-25.531392],[28.323513,-25.531199],[28.323521,-25.530184],[28.322837,-25.529241],[28.322713,-25.528892],[28.322377,-25.528441],[28.321839,-25.528447],[28.321651,-25.527538],[28.321904,-25.52707],[28.322889,-25.526931],[28.326737,-25.526164],[28.329021,-25.525664],[28.334167,-25.524709],[28.338984,-25.523724],[28.340189,-25.523521],[28.343067,-25.522911],[28.347462,-25.522019],[28.350497,-25.521378],[28.350716,-25.521972],[28.352389,-25.527337],[28.354016,-25.53289],[28.354908,-25.535737],[28.356034,-25.537113],[28.363637,-25.546797],[28.368356,-25.553144],[28.372063,-25.558031],[28.372961,-25.559042],[28.373883,-25.559685]]]}},{"type":"Feature","properties":{"id":"799025001","name":"Downbern SH","commuteMinutes":40.62,"nearestJobCenter":"Menlyn","distanceKm":null,"nearestTransitKm":26.400715326129355},"geometry":{"type":"Polygon","coordinates":[[[28.401855,-25.570657],[28.392367,-25.567005],[28.384036,-25.563764],[28.379184,-25.561859],[28.375734,-25.560619],[28.373883,-25.559685],[28.372961,-25.559042],[28.372063,-25.558031],[28.368356,-25.553144],[28.363637,-25.546797],[28.356034,-25.537113],[28.354908,-25.535737],[28.354016,-25.53289],[28.352389,-25.527337],[28.350716,-25.521972],[28.350497,-25.521378],[28.349173,-25.516899],[28.357417,-25.517545],[28.357864,-25.505427],[28.357832,-25.505074],[28.357559,-25.504135],[28.357476,-25.501852],[28.357499,-25.500878],[28.357642,-25.499939],[28.35807,-25.498453],[28.358236,-25.497145],[28.358106,-25.496527],[28.358165,-25.494578],[28.358202,-25.49116],[28.358427,-25.485384],[28.358427,-25.484397],[28.358512,-25.483665],[28.359153,-25.484069],[28.360222,-25.484617],[28.361657,-25.485023],[28.362711,-25.485571],[28.364701,-25.486292],[28.365323,-25.486599],[28.368441,-25.487752],[28.370805,-25.488689],[28.371419,-25.488714],[28.372364,-25.488913],[28.373476,-25.489684],[28.374471,-25.490099],[28.375814,-25.490829],[28.376312,-25.489784],[28.377689,-25.484962],[28.377945,-25.482976],[28.378967,-25.478416],[28.380186,-25.473599],[28.381208,-25.469254],[28.383528,-25.460329],[28.384786,-25.455532],[28.385847,-25.45107],[28.385946,-25.449792],[28.385356,-25.445624],[28.387263,-25.442046],[28.387558,-25.441319],[28.390625,-25.441417],[28.390585,-25.439196],[28.390094,-25.43204],[28.38976,-25.42626],[28.395186,-25.42512],[28.40413,-25.423213],[28.414019,-25.421051],[28.418344,-25.419851],[28.420899,-25.41934],[28.423494,-25.41879],[28.425283,-25.4182],[28.428114,-25.417492],[28.431358,-25.416785],[28.436194,-25.41588],[28.440971,-25.414799],[28.445493,-25.413659],[28.449661,-25.412735],[28.454595,-25.411555],[28.455165,-25.411437],[28.455657,-25.414897],[28.456345,-25.420854],[28.457072,-25.426437],[28.457347,-25.428954],[28.457662,-25.43147],[28.458134,-25.43495],[28.458527,-25.438527],[28.45951,-25.446509],[28.441193,-25.442],[28.438181,-25.441289],[28.431226,-25.46155],[28.42701,-25.473707],[28.424381,-25.481428],[28.422848,-25.48548],[28.420603,-25.493037],[28.416167,-25.505632],[28.411951,-25.518392],[28.408775,-25.52781],[28.405051,-25.539146],[28.40412,-25.542103],[28.401855,-25.570657]]]}},{"type":"Feature","properties":{"id":"799026001","name":"Roodeplaat SH","commuteMinutes":21.64,"nearestJobCenter":"Menlyn","distanceKm":null,"nearestTransitKm":12.823515176978628},"geometry":{"type":"Polygon","coordinates":[[[28.399891,-25.607094],[28.398789,-25.606719],[28.397973,-25.606637],[28.396716,-25.606132],[28.396522,-25.606185],[28.395841,-25.607007],[28.394313,-25.606747],[28.394076,-25.606531],[28.393423,-25.606193],[28.392791,-25.606137],[28.392086,-25.606172],[28.39155,-25.606302],[28.391031,-25.606574],[28.390569,-25.606228],[28.389055,-25.605597],[28.388558,-25.605026],[28.387884,-25.604762],[28.38695,-25.604209],[28.385825,-25.60372],[28.385185,-25.603625],[28.384788,-25.603396],[28.38436,-25.603366],[28.383166,-25.603746],[28.382569,-25.603651],[28.382038,-25.603392],[28.381207,-25.603417],[28.380784,-25.603603],[28.380813,-25.603771],[28.381999,-25.60795],[28.383327,-25.612528],[28.384687,-25.617158],[28.385889,-25.621142],[28.374319,-25.619171],[28.374143,-25.620501],[28.372861,-25.620485],[28.372604,-25.620854],[28.372268,-25.621046],[28.371803,-25.621046],[28.371258,-25.620725],[28.369956,-25.621447],[28.369368,-25.621977],[28.368052,-25.622805],[28.367261,-25.622914],[28.36684,-25.622799],[28.366148,-25.622264],[28.3653,-25.620843],[28.363713,-25.618055],[28.363011,-25.617352],[28.362152,-25.61691],[28.361372,-25.616749],[28.355998,-25.615797],[28.355238,-25.615521],[28.354541,-25.614897],[28.354109,-25.615079],[28.349147,-25.617032],[28.347328,-25.617865],[28.346473,-25.618303],[28.344631,-25.619421],[28.335643,-25.625406],[28.332877,-25.62724],[28.338008,-25.631152],[28.341352,-25.633615],[28.339346,-25.63705],[28.329854,-25.629271],[28.327597,-25.630798],[28.322969,-25.633845],[28.322329,-25.634328],[28.321301,-25.633197],[28.318022,-25.627519],[28.31688,-25.625475],[28.315287,-25.622687],[28.310923,-25.615101],[28.308243,-25.610303],[28.307248,-25.608583],[28.306994,-25.608312],[28.31636,-25.609241],[28.324025,-25.609896],[28.325871,-25.60812],[28.326058,-25.607466],[28.327202,-25.606367],[28.335381,-25.601157],[28.336759,-25.600549],[28.339727,-25.597348],[28.341666,-25.592371],[28.343536,-25.590081],[28.345522,-25.589917],[28.347134,-25.58973],[28.349516,-25.589976],[28.350618,-25.589046],[28.352565,-25.587003],[28.350772,-25.5845],[28.35205,-25.583387],[28.355788,-25.579308],[28.359507,-25.5753],[28.366264,-25.568112],[28.370361,-25.563674],[28.373883,-25.559685],[28.375734,-25.560619],[28.379184,-25.561859],[28.384036,-25.563764],[28.392367,-25.567005],[28.401855,-25.570657],[28.404618,-25.571722],[28.406006,-25.57218],[28.410265,-25.573771],[28.41509,-25.575644],[28.418109,-25.57687],[28.418151,-25.577014],[28.417419,-25.57828],[28.415145,-25.582009],[28.412932,-25.585574],[28.410908,-25.588959],[28.409358,-25.591594],[28.408367,-25.592981],[28.407403,-25.594617],[28.406231,-25.596503],[28.405542,-25.597752],[28.404836,-25.598863],[28.4027,-25.602437],[28.401856,-25.60391],[28.399891,-25.607094]]]}},{"type":"Feature","properties":{"id":"799026002","name":"Roodeplaat Dam Nature Reserve","commuteMinutes":27.61,"nearestJobCenter":"Menlyn","distanceKm":null,"nearestTransitKm":9.831366176734088},"geometry":{"type":"Polygon","coordinates":[[[28.374143,-25.620501],[28.374238,-25.622354],[28.376288,-25.622864],[28.378698,-25.622512],[28.380497,-25.623143],[28.378161,-25.624923],[28.37638,-25.626054],[28.37613,-25.626583],[28.37651,-25.626981],[28.377817,-25.627056],[28.378522,-25.627297],[28.380154,-25.627695],[28.380887,-25.627695],[28.381183,-25.627853],[28.380877,-25.628456],[28.380386,-25.629188],[28.379264,-25.629893],[28.379125,-25.63018],[28.379394,-25.630384],[28.380061,-25.630403],[28.380692,-25.630041],[28.381749,-25.629624],[28.38225,-25.629346],[28.383483,-25.629216],[28.384021,-25.629346],[28.384095,-25.629531],[28.383093,-25.630115],[28.382342,-25.630737],[28.382231,-25.631247],[28.383131,-25.63197],[28.383019,-25.632202],[28.382185,-25.632322],[28.381415,-25.63209],[28.380534,-25.632016],[28.379737,-25.632322],[28.379329,-25.632359],[28.378967,-25.632211],[28.378402,-25.632211],[28.378188,-25.632888],[28.378587,-25.633546],[28.378847,-25.63426],[28.378958,-25.634798],[28.379125,-25.634956],[28.380544,-25.635809],[28.381508,-25.636003],[28.382046,-25.636235],[28.382185,-25.636578],[28.383186,-25.636736],[28.383288,-25.636921],[28.383158,-25.637274],[28.383511,-25.638006],[28.383826,-25.638349],[28.384355,-25.63872],[28.384568,-25.639017],[28.384531,-25.639712],[28.384257,-25.640583],[28.385033,-25.642885],[28.384538,-25.643224],[28.381541,-25.645297],[28.377995,-25.647478],[28.376484,-25.643381],[28.374768,-25.639078],[28.37305,-25.640886],[28.370205,-25.64353],[28.366393,-25.6471],[28.364326,-25.649154],[28.360635,-25.652509],[28.358903,-25.654147],[28.354206,-25.658509],[28.353414,-25.659381],[28.35257,-25.655959],[28.347037,-25.654834],[28.347068,-25.653891],[28.346642,-25.653587],[28.345882,-25.653192],[28.345426,-25.652736],[28.344788,-25.65228],[28.344179,-25.651976],[28.343571,-25.651976],[28.342386,-25.652523],[28.341443,-25.652858],[28.340592,-25.652402],[28.340501,-25.651611],[28.341109,-25.650395],[28.341413,-25.648967],[28.34117,-25.646656],[28.341352,-25.645349],[28.341687,-25.643647],[28.341413,-25.64316],[28.337674,-25.64161],[28.335941,-25.640029],[28.334239,-25.637992],[28.331199,-25.634466],[28.327597,-25.630798],[28.329854,-25.629271],[28.339346,-25.63705],[28.341352,-25.633615],[28.338008,-25.631152],[28.332877,-25.62724],[28.335643,-25.625406],[28.344631,-25.619421],[28.346473,-25.618303],[28.347328,-25.617865],[28.349147,-25.617032],[28.354109,-25.615079],[28.354541,-25.614897],[28.355238,-25.615521],[28.355998,-25.615797],[28.361372,-25.616749],[28.362152,-25.61691],[28.363011,-25.617352],[28.363713,-25.618055],[28.3653,-25.620843],[28.366148,-25.622264],[28.36684,-25.622799],[28.367261,-25.622914],[28.368052,-25.622805],[28.369368,-25.621977],[28.369956,-25.621447],[28.371258,-25.620725],[28.371803,-25.621046],[28.372268,-25.621046],[28.372604,-25.620854],[28.372861,-25.620485],[28.374143,-25.620501]]]}},{"type":"Feature","properties":{"id":"799027001","name":"Waterval AH","commuteMinutes":26.35,"nearestJobCenter":"Menlyn","distanceKm":null,"nearestTransitKm":12.902154367776598},"geometry":{"type":"Polygon","coordinates":[[[28.243753,-25.550726],[28.244249,-25.550896],[28.246717,-25.551519],[28.247515,-25.54818],[28.24818,-25.544627],[28.253197,-25.546231],[28.261209,-25.548653],[28.262025,-25.548836],[28.267305,-25.550483],[28.268136,-25.550535],[28.268771,-25.550954],[28.271374,-25.551711],[28.274402,-25.552666],[28.280619,-25.554591],[28.283748,-25.555468],[28.284493,-25.554876],[28.287023,-25.554655],[28.287278,-25.559069],[28.287407,-25.561779],[28.287771,-25.567492],[28.287853,-25.56958],[28.287959,-25.571351],[28.291736,-25.569779],[28.294892,-25.568512],[28.295713,-25.57087],[28.296476,-25.573428],[28.297144,-25.575399],[28.297532,-25.5769],[28.298083,-25.578601],[28.300693,-25.584541],[28.301425,-25.587676],[28.302699,-25.593892],[28.303002,-25.595179],[28.304487,-25.59995],[28.305418,-25.603025],[28.305959,-25.604497],[28.306229,-25.605539],[28.306196,-25.60575],[28.306994,-25.608312],[28.305654,-25.610104],[28.304224,-25.612349],[28.302655,-25.615043],[28.302229,-25.614781],[28.301346,-25.614475],[28.299544,-25.614033],[28.291523,-25.612232],[28.282652,-25.610294],[28.275821,-25.608663],[28.269567,-25.607303],[28.268207,-25.607167],[28.266372,-25.607133],[28.259507,-25.607745],[28.256399,-25.60817],[28.251521,-25.603989],[28.246578,-25.600874],[28.240966,-25.597373],[28.237387,-25.595159],[28.230951,-25.591246],[28.228068,-25.589521],[28.226523,-25.588465],[28.223974,-25.586972],[28.222018,-25.585736],[28.216199,-25.580716],[28.213007,-25.577704],[28.211153,-25.575979],[28.208192,-25.573404],[28.20518,-25.570444],[28.199671,-25.565192],[28.192874,-25.558859],[28.187313,-25.553504],[28.183271,-25.549668],[28.180954,-25.545111],[28.178182,-25.539307],[28.177117,-25.536992],[28.173423,-25.529166],[28.173324,-25.528839],[28.172074,-25.526183],[28.171889,-25.525899],[28.170398,-25.522717],[28.169077,-25.519706],[28.175304,-25.519766],[28.182199,-25.519986],[28.182262,-25.520097],[28.197367,-25.520475],[28.197356,-25.521469],[28.197533,-25.525202],[28.197661,-25.528839],[28.197978,-25.535998],[28.198138,-25.540372],[28.198104,-25.54236],[28.205652,-25.542462],[28.214379,-25.542495],[28.220108,-25.542563],[28.223039,-25.542563],[28.224893,-25.542596],[28.226611,-25.542765],[28.230453,-25.543338],[28.23645,-25.54418],[28.237967,-25.544517],[28.239685,-25.545427],[28.240561,-25.54637],[28.241067,-25.547213],[28.241808,-25.549133],[28.242583,-25.550111],[28.243753,-25.550726]]]}},{"type":"Feature","properties":{"id":"799028001","name":"Haakdoornboom AH","commuteMinutes":18.66,"nearestJobCenter":"Rosslyn","distanceKm":null,"nearestTransitKm":4.272245081920407},"geometry":{"type":"Polygon","coordinates":[[[28.166334,-25.60253],[28.163385,-25.602945],[28.156477,-25.603991],[28.150396,-25.604925],[28.148417,-25.605127],[28.147749,-25.608667],[28.1476,-25.609249],[28.147181,-25.611361],[28.146647,-25.614445],[28.146357,-25.616508],[28.134199,-25.609013],[28.133699,-25.608931],[28.133013,-25.608694],[28.132723,-25.608458],[28.131521,-25.608107],[28.130686,-25.607565],[28.130247,-25.607403],[28.130072,-25.607098],[28.128996,-25.606712],[28.127745,-25.605947],[28.123835,-25.605974],[28.115088,-25.605947],[28.113787,-25.605913],[28.113741,-25.600985],[28.113661,-25.598749],[28.112253,-25.591219],[28.109755,-25.580114],[28.108263,-25.58013],[28.106397,-25.579951],[28.104886,-25.579809],[28.104258,-25.577862],[28.104444,-25.577769],[28.104351,-25.577463],[28.104098,-25.577529],[28.103432,-25.57565],[28.102808,-25.574041],[28.102339,-25.572763],[28.102182,-25.572779],[28.101816,-25.571487],[28.100309,-25.56735],[28.099737,-25.565699],[28.099138,-25.564213],[28.098818,-25.563219],[28.098574,-25.562454],[28.096773,-25.557495],[28.096796,-25.557487],[28.095636,-25.554283],[28.095465,-25.553944],[28.098082,-25.554516],[28.104143,-25.555986],[28.104998,-25.554024],[28.105658,-25.55267],[28.105986,-25.552761],[28.107866,-25.548483],[28.111101,-25.541595],[28.112577,-25.538347],[28.114271,-25.534195],[28.115591,-25.531301],[28.115938,-25.530489],[28.116869,-25.528688],[28.11751,-25.527075],[28.116968,-25.525612],[28.115915,-25.523344],[28.117811,-25.519106],[28.118246,-25.518297],[28.120901,-25.512848],[28.122089,-25.510255],[28.126867,-25.508953],[28.128302,-25.508331],[28.130941,-25.506922],[28.132583,-25.50609],[28.132541,-25.505583],[28.139536,-25.501945],[28.140637,-25.501382],[28.140689,-25.502206],[28.140618,-25.502358],[28.141663,-25.516695],[28.140941,-25.522446],[28.14055,-25.527596],[28.140195,-25.530793],[28.140008,-25.530901],[28.141037,-25.532702],[28.142934,-25.535926],[28.145697,-25.540694],[28.14995,-25.547981],[28.150681,-25.549186],[28.15186,-25.551231],[28.152523,-25.552247],[28.153079,-25.553209],[28.153336,-25.553805],[28.154582,-25.557489],[28.15698,-25.564844],[28.157765,-25.565562],[28.158876,-25.565792],[28.160284,-25.566334],[28.160867,-25.566822],[28.161138,-25.567377],[28.161544,-25.567783],[28.162099,-25.568068],[28.162763,-25.567905],[28.163671,-25.567864],[28.164605,-25.567986],[28.165228,-25.568244],[28.16619,-25.569422],[28.168384,-25.572822],[28.169292,-25.574],[28.170172,-25.575382],[28.170782,-25.577075],[28.171039,-25.577671],[28.171527,-25.579147],[28.17173,-25.579621],[28.172434,-25.579906],[28.172773,-25.580556],[28.173382,-25.582276],[28.17387,-25.582926],[28.173287,-25.588859],[28.172962,-25.592367],[28.172719,-25.594575],[28.172393,-25.597121],[28.172095,-25.60002],[28.172028,-25.601577],[28.166596,-25.602404],[28.166334,-25.60253]]]}},{"type":"Feature","properties":{"id":"799028002","name":"Honingnestkrans SH","commuteMinutes":23,"nearestJobCenter":"Rosslyn","distanceKm":null,"nearestTransitKm":7.848504391299589},"geometry":{"type":"Polygon","coordinates":[[[28.169077,-25.519706],[28.170398,-25.522717],[28.171889,-25.525899],[28.172074,-25.526183],[28.173324,-25.528839],[28.173423,-25.529166],[28.177117,-25.536992],[28.178182,-25.539307],[28.180954,-25.545111],[28.183271,-25.549668],[28.187313,-25.553504],[28.192874,-25.558859],[28.199671,-25.565192],[28.20518,-25.570444],[28.208192,-25.573404],[28.211153,-25.575979],[28.213007,-25.577704],[28.216199,-25.580716],[28.222018,-25.585736],[28.223974,-25.586972],[28.226523,-25.588465],[28.228068,-25.589521],[28.230951,-25.591246],[28.237387,-25.595159],[28.240966,-25.597373],[28.246578,-25.600874],[28.251521,-25.603989],[28.256399,-25.60817],[28.254034,-25.608493],[28.251281,-25.608697],[28.239216,-25.609682],[28.232758,-25.61026],[28.228,-25.610668],[28.222494,-25.611178],[28.21422,-25.612125],[28.213331,-25.612329],[28.212408,-25.612373],[28.201456,-25.614082],[28.197847,-25.614601],[28.19441,-25.615143],[28.193293,-25.615383],[28.191942,-25.615885],[28.190615,-25.616486],[28.186731,-25.61834],[28.185831,-25.618074],[28.18265,-25.619137],[28.181444,-25.619511],[28.180845,-25.619881],[28.177301,-25.621969],[28.176748,-25.622076],[28.173727,-25.621786],[28.166388,-25.62097],[28.157064,-25.619921],[28.157385,-25.617723],[28.15814,-25.612083],[28.160704,-25.612284],[28.161177,-25.612247],[28.161963,-25.612329],[28.164751,-25.612358],[28.166807,-25.612423],[28.168043,-25.612543],[28.168581,-25.612495],[28.17116,-25.61256],[28.169718,-25.610287],[28.168489,-25.608206],[28.16662,-25.603537],[28.166334,-25.60253],[28.166596,-25.602404],[28.172028,-25.601577],[28.172095,-25.60002],[28.172393,-25.597121],[28.172719,-25.594575],[28.172962,-25.592367],[28.173287,-25.588859],[28.17387,-25.582926],[28.173382,-25.582276],[28.172773,-25.580556],[28.172434,-25.579906],[28.17173,-25.579621],[28.171527,-25.579147],[28.171039,-25.577671],[28.170782,-25.577075],[28.170172,-25.575382],[28.169292,-25.574],[28.168384,-25.572822],[28.16619,-25.569422],[28.165228,-25.568244],[28.164605,-25.567986],[28.163671,-25.567864],[28.162763,-25.567905],[28.162099,-25.568068],[28.161544,-25.567783],[28.161138,-25.567377],[28.160867,-25.566822],[28.160284,-25.566334],[28.158876,-25.565792],[28.157765,-25.565562],[28.15698,-25.564844],[28.154582,-25.557489],[28.153336,-25.553805],[28.153079,-25.553209],[28.152523,-25.552247],[28.15186,-25.551231],[28.150681,-25.549186],[28.14995,-25.547981],[28.145697,-25.540694],[28.142934,-25.535926],[28.141037,-25.532702],[28.140008,-25.530901],[28.140195,-25.530793],[28.14055,-25.527596],[28.140941,-25.522446],[28.141663,-25.516695],[28.146081,-25.517447],[28.15608,-25.519138],[28.160555,-25.519876],[28.164617,-25.519848],[28.169077,-25.519706]]]}},{"type":"Feature","properties":{"id":"799029001","name":"Onderstepoort Nature Reserve","commuteMinutes":24.7,"nearestJobCenter":"Rosslyn","distanceKm":null,"nearestTransitKm":2.8239126124648504},"geometry":{"type":"Polygon","coordinates":[[[28.191942,-25.615885],[28.191984,-25.616241],[28.191816,-25.616524],[28.191721,-25.617153],[28.191996,-25.618021],[28.192213,-25.618261],[28.192163,-25.619581],[28.1919,-25.622681],[28.19011,-25.62225],[28.189449,-25.622149],[28.185484,-25.622454],[28.184925,-25.622225],[28.184392,-25.622327],[28.184595,-25.623368],[28.183146,-25.623953],[28.182638,-25.625452],[28.182587,-25.62657],[28.182613,-25.628121],[28.183121,-25.629442],[28.183146,-25.630789],[28.182867,-25.632746],[28.183401,-25.634093],[28.1849,-25.635414],[28.18551,-25.63638],[28.186018,-25.638438],[28.186171,-25.638921],[28.186653,-25.639963],[28.186984,-25.640522],[28.187162,-25.64131],[28.187568,-25.641767],[28.188102,-25.641793],[28.188737,-25.642428],[28.189779,-25.642606],[28.190338,-25.642911],[28.190821,-25.643445],[28.191024,-25.6438],[28.190643,-25.644766],[28.190719,-25.645528],[28.190567,-25.646164],[28.190999,-25.647028],[28.191024,-25.647841],[28.191533,-25.648476],[28.191761,-25.648883],[28.191558,-25.64934],[28.190999,-25.649849],[28.190923,-25.65023],[28.190415,-25.650484],[28.190338,-25.650992],[28.190338,-25.652237],[28.189901,-25.653051],[28.189253,-25.653564],[28.188875,-25.654276],[28.187536,-25.655386],[28.187544,-25.655983],[28.187712,-25.656401],[28.188204,-25.657135],[28.188276,-25.657742],[28.187708,-25.659208],[28.186438,-25.658567],[28.183771,-25.657509],[28.182104,-25.657017],[28.17972,-25.656912],[28.177839,-25.656898],[28.176367,-25.656757],[28.175177,-25.65646],[28.174128,-25.655979],[28.174109,-25.659],[28.174017,-25.658998],[28.167051,-25.657101],[28.157808,-25.654615],[28.153246,-25.653393],[28.152325,-25.65313],[28.150747,-25.653357],[28.148451,-25.653379],[28.147416,-25.653418],[28.140532,-25.653677],[28.141039,-25.650131],[28.143811,-25.631203],[28.133594,-25.63079],[28.118264,-25.630181],[28.115957,-25.630131],[28.114237,-25.629862],[28.112017,-25.629288],[28.111063,-25.629152],[28.107931,-25.628702],[28.107477,-25.624922],[28.107069,-25.622133],[28.105696,-25.612867],[28.104898,-25.60771],[28.104406,-25.606424],[28.104106,-25.605904],[28.104419,-25.605881],[28.109804,-25.605881],[28.113787,-25.605913],[28.115088,-25.605947],[28.123835,-25.605974],[28.127745,-25.605947],[28.128996,-25.606712],[28.130072,-25.607098],[28.130247,-25.607403],[28.130686,-25.607565],[28.131521,-25.608107],[28.132723,-25.608458],[28.133013,-25.608694],[28.133699,-25.608931],[28.134199,-25.609013],[28.146357,-25.616508],[28.146647,-25.614445],[28.147181,-25.611361],[28.1476,-25.609249],[28.147749,-25.608667],[28.148417,-25.605127],[28.150396,-25.604925],[28.156477,-25.603991],[28.163385,-25.602945],[28.166334,-25.60253],[28.16662,-25.603537],[28.168489,-25.608206],[28.169718,-25.610287],[28.17116,-25.61256],[28.168581,-25.612495],[28.168043,-25.612543],[28.166807,-25.612423],[28.164751,-25.612358],[28.161963,-25.612329],[28.161177,-25.612247],[28.160704,-25.612284],[28.15814,-25.612083],[28.157385,-25.617723],[28.157064,-25.619921],[28.166388,-25.62097],[28.173727,-25.621786],[28.176748,-25.622076],[28.177301,-25.621969],[28.180845,-25.619881],[28.181444,-25.619511],[28.18265,-25.619137],[28.185831,-25.618074],[28.186731,-25.61834],[28.190615,-25.616486],[28.191942,-25.615885]]]}},{"type":"Feature","properties":{"id":"799030001","name":"Bon Accord AH","commuteMinutes":19.52,"nearestJobCenter":"Pretoria CBD","distanceKm":null,"nearestTransitKm":3.6169344419782092},"geometry":{"type":"Polygon","coordinates":[[[28.225592,-25.641159],[28.22611,-25.648134],[28.226183,-25.648834],[28.226416,-25.651993],[28.224726,-25.651977],[28.215366,-25.650982],[28.214748,-25.650954],[28.209675,-25.650879],[28.208841,-25.651145],[28.208594,-25.651661],[28.208193,-25.654932],[28.206175,-25.654768],[28.198496,-25.654051],[28.191233,-25.653362],[28.191088,-25.653261],[28.189901,-25.653051],[28.190338,-25.652237],[28.190338,-25.650992],[28.190415,-25.650484],[28.190923,-25.65023],[28.190999,-25.649849],[28.191558,-25.64934],[28.191761,-25.648883],[28.191533,-25.648476],[28.191024,-25.647841],[28.190999,-25.647028],[28.190567,-25.646164],[28.190719,-25.645528],[28.190643,-25.644766],[28.191024,-25.6438],[28.190821,-25.643445],[28.190338,-25.642911],[28.189779,-25.642606],[28.188737,-25.642428],[28.188102,-25.641793],[28.187568,-25.641767],[28.187162,-25.64131],[28.186984,-25.640522],[28.186653,-25.639963],[28.186171,-25.638921],[28.186018,-25.638438],[28.18551,-25.63638],[28.1849,-25.635414],[28.183401,-25.634093],[28.182867,-25.632746],[28.183146,-25.630789],[28.183121,-25.629442],[28.182613,-25.628121],[28.182587,-25.62657],[28.182638,-25.625452],[28.183146,-25.623953],[28.184595,-25.623368],[28.184392,-25.622327],[28.184925,-25.622225],[28.185484,-25.622454],[28.189449,-25.622149],[28.19011,-25.62225],[28.1919,-25.622681],[28.192163,-25.619581],[28.192213,-25.618261],[28.191996,-25.618021],[28.191721,-25.617153],[28.191816,-25.616524],[28.191984,-25.616241],[28.191942,-25.615885],[28.193293,-25.615383],[28.19441,-25.615143],[28.197847,-25.614601],[28.201456,-25.614082],[28.212408,-25.612373],[28.213331,-25.612329],[28.21422,-25.612125],[28.211061,-25.616573],[28.211367,-25.616638],[28.218885,-25.617357],[28.223143,-25.617706],[28.226374,-25.618011],[28.226053,-25.620369],[28.22584,-25.621153],[28.225637,-25.62306],[28.225443,-25.624037],[28.225042,-25.626375],[28.224756,-25.631194],[28.225108,-25.63503],[28.225592,-25.641159]]]}},{"type":"Feature","properties":{"id":"799031001","name":"Tshwane NU","commuteMinutes":45.81,"nearestJobCenter":"Hatfield","distanceKm":null,"nearestTransitKm":14.704707233069776},"geometry":{"type":"MultiPolygon","coordinates":[[[[28.398194,-25.910987],[28.40719,-25.924089],[28.40044,-25.927839],[28.39131,-25.93293],[28.391371,-25.933029],[28.378139,-25.94026],[28.37294,-25.943159],[28.357479,-25.951759],[28.352381,-25.954599],[28.33816,-25.949961],[28.319194,-25.913732],[28.323893,-25.913549],[28.32493,-25.905502],[28.324977,-25.904665],[28.330483,-25.905996],[28.330757,-25.906559],[28.333267,-25.907203],[28.332938,-25.904488],[28.332977,-25.904126],[28.334089,-25.904472],[28.334888,-25.904893],[28.336561,-25.905174],[28.338008,-25.905476],[28.338688,-25.906156],[28.339369,-25.906286],[28.347348,-25.907916],[28.347596,-25.907949],[28.351839,-25.906437],[28.350122,-25.902248],[28.349453,-25.900531],[28.349043,-25.897573],[28.349593,-25.897281],[28.353092,-25.895683],[28.355618,-25.894506],[28.361503,-25.891829],[28.363694,-25.890814],[28.367117,-25.889259],[28.370972,-25.887488],[28.373952,-25.886138],[28.375815,-25.885247],[28.370399,-25.881538],[28.364004,-25.877171],[28.358331,-25.879579],[28.356671,-25.87631],[28.370411,-25.870436],[28.370519,-25.870597],[28.37415,-25.876014],[28.391874,-25.901783],[28.398194,-25.910987]]],[[[27.98398,-25.90283],[27.976681,-25.906269],[27.96686,-25.910919],[27.9629,-25.91049],[27.962339,-25.90724],[27.950159,-25.90617],[27.949961,-25.90711],[27.94978,-25.907499],[27.94927,-25.90794],[27.948759,-25.908001],[27.947599,-25.907551],[27.94734,-25.907249],[27.94685,-25.907669],[27.94656,-25.90852],[27.94663,-25.9097],[27.94676,-25.91004],[27.946711,-25.910561],[27.946739,-25.912161],[27.94688,-25.912991],[27.94709,-25.91333],[27.947359,-25.91411],[27.94709,-25.914591],[27.946671,-25.91494],[27.944811,-25.91539],[27.94314,-25.91585],[27.941641,-25.91609],[27.939754,-25.915165],[27.932119,-25.9163],[27.932011,-25.916149],[27.924709,-25.91724],[27.923802,-25.917366],[27.923787,-25.915594],[27.923951,-25.908031],[27.923914,-25.905698],[27.923805,-25.903183],[27.923623,-25.900468],[27.923386,-25.896222],[27.923185,-25.893618],[27.922506,-25.893814],[27.915728,-25.894857],[27.914915,-25.894947],[27.913424,-25.895206],[27.912806,-25.895473],[27.912138,-25.895456],[27.906931,-25.894377],[27.905844,-25.8948],[27.905447,-25.895027],[27.9041,-25.896032],[27.903643,-25.896194],[27.902132,-25.896309],[27.901716,-25.89625],[27.900793,-25.895651],[27.90048,-25.895138],[27.900353,-25.895563],[27.90098,-25.90526],[27.89846,-25.90539],[27.893799,-25.905682],[27.89225,-25.895945],[27.89167,-25.892349],[27.89035,-25.883949],[27.895741,-25.88327],[27.899469,-25.88278],[27.89921,-25.87788],[27.89892,-25.87306],[27.898491,-25.865419],[27.898199,-25.859739],[27.899281,-25.85129],[27.900019,-25.845011],[27.900539,-25.84083],[27.939529,-25.836781],[27.93602,-25.833481],[27.92992,-25.827841],[27.925831,-25.82411],[27.94013,-25.81967],[27.947567,-25.832715],[27.952007,-25.840614],[27.969443,-25.87154],[27.979554,-25.86744],[27.981135,-25.880171],[27.98398,-25.90283]]],[[[28.274228,-25.65331],[28.275141,-25.644865],[28.27157,-25.644419],[28.261724,-25.643406],[28.255259,-25.643236],[28.250227,-25.643465],[28.24687,-25.64344],[28.245211,-25.643406],[28.238649,-25.642956],[28.23559,-25.642572],[28.225592,-25.641159],[28.225108,-25.63503],[28.224756,-25.631194],[28.225042,-25.626375],[28.225443,-25.624037],[28.225637,-25.62306],[28.22584,-25.621153],[28.226053,-25.620369],[28.226374,-25.618011],[28.223143,-25.617706],[28.218885,-25.617357],[28.211367,-25.616638],[28.211061,-25.616573],[28.21422,-25.612125],[28.222494,-25.611178],[28.228,-25.610668],[28.232758,-25.61026],[28.239216,-25.609682],[28.251281,-25.608697],[28.254034,-25.608493],[28.256399,-25.60817],[28.259507,-25.607745],[28.266372,-25.607133],[28.268207,-25.607167],[28.269567,-25.607303],[28.275821,-25.608663],[28.282652,-25.610294],[28.291523,-25.612232],[28.299544,-25.614033],[28.301346,-25.614475],[28.302229,-25.614781],[28.302655,-25.615043],[28.302156,-25.615902],[28.299452,-25.620202],[28.296683,-25.624534],[28.293067,-25.63017],[28.290493,-25.634145],[28.28919,-25.636555],[28.286356,-25.640855],[28.285816,-25.641395],[28.285171,-25.642405],[28.284523,-25.643726],[28.283285,-25.645751],[28.278297,-25.653761],[28.274646,-25.65334],[28.274228,-25.65331]]],[[[28.213547,-25.413831],[28.21297,-25.420045],[28.211106,-25.439222],[28.210529,-25.444415],[28.210085,-25.444415],[28.20969,-25.455481],[28.209434,-25.463845],[28.192531,-25.467501],[28.188961,-25.468225],[28.187393,-25.468563],[28.182994,-25.469431],[28.180526,-25.470075],[28.179577,-25.474537],[28.179126,-25.476548],[28.178539,-25.479378],[28.177936,-25.482072],[28.177582,-25.482249],[28.177462,-25.482973],[28.177566,-25.483343],[28.176047,-25.490314],[28.173883,-25.500302],[28.173771,-25.501435],[28.173956,-25.502609],[28.174326,-25.503542],[28.180783,-25.517052],[28.182199,-25.519986],[28.175304,-25.519766],[28.169077,-25.519706],[28.164617,-25.519848],[28.160555,-25.519876],[28.15608,-25.519138],[28.146081,-25.517447],[28.141663,-25.516695],[28.140618,-25.502358],[28.140689,-25.502206],[28.140637,-25.501382],[28.139536,-25.501945],[28.1392,-25.501307],[28.13933,-25.500408],[28.139349,-25.499447],[28.139189,-25.498827],[28.139383,-25.498346],[28.139883,-25.49794],[28.140078,-25.497395],[28.140139,-25.496691],[28.140451,-25.496466],[28.140718,-25.495846],[28.140547,-25.495718],[28.140417,-25.495184],[28.140512,-25.493057],[28.140448,-25.490961],[28.140558,-25.490562],[28.140776,-25.488001],[28.140745,-25.486504],[28.140837,-25.485113],[28.141115,-25.479322],[28.141138,-25.477514],[28.141195,-25.475977],[28.141108,-25.474186],[28.141123,-25.473886],[28.13936,-25.469852],[28.138208,-25.467165],[28.136889,-25.464321],[28.135389,-25.460787],[28.133631,-25.456581],[28.133123,-25.456924],[28.132284,-25.457256],[28.132291,-25.457188],[28.131556,-25.455391],[28.131093,-25.454452],[28.130106,-25.453683],[28.128152,-25.452845],[28.126818,-25.451967],[28.125865,-25.450633],[28.125368,-25.44949],[28.125273,-25.449108],[28.124959,-25.448843],[28.124742,-25.448135],[28.124245,-25.446876],[28.123854,-25.446039],[28.124212,-25.445871],[28.125875,-25.445087],[28.128431,-25.444658],[28.156361,-25.438993],[28.164375,-25.437317],[28.165029,-25.437474],[28.192448,-25.43212],[28.18786,-25.411581],[28.187849,-25.411442],[28.20112,-25.41291],[28.210425,-25.413841],[28.213194,-25.414029],[28.213547,-25.413831]]],[[[28.683781,-25.675381],[28.683454,-25.675463],[28.682469,-25.675169],[28.679491,-25.674343],[28.677952,-25.673946],[28.67768,-25.673969],[28.675687,-25.674761],[28.675902,-25.675112],[28.676208,-25.676052],[28.676321,-25.677456],[28.676265,-25.678078],[28.676514,-25.679199],[28.676774,-25.679641],[28.67708,-25.68109],[28.677182,-25.682154],[28.677431,-25.682833],[28.677714,-25.683139],[28.678552,-25.683354],[28.679219,-25.684011],[28.679299,-25.684248],[28.678314,-25.685075],[28.677997,-25.685414],[28.677986,-25.685958],[28.678246,-25.686886],[28.678212,-25.687101],[28.677657,-25.688052],[28.677148,-25.687984],[28.677012,-25.688414],[28.677136,-25.68889],[28.677001,-25.68949],[28.676718,-25.689739],[28.677816,-25.693271],[28.678846,-25.693237],[28.680872,-25.69326],[28.682312,-25.694002],[28.68522,-25.693827],[28.68526,-25.693961],[28.687118,-25.697999],[28.686786,-25.698358],[28.686917,-25.698478],[28.686219,-25.699206],[28.683162,-25.702523],[28.682935,-25.702927],[28.681884,-25.70592],[28.683044,-25.70626],[28.691373,-25.708829],[28.692716,-25.709334],[28.694483,-25.709889],[28.693619,-25.712263],[28.693434,-25.712674],[28.695632,-25.713329],[28.696387,-25.713471],[28.697377,-25.713538],[28.698476,-25.713505],[28.699583,-25.713245],[28.70059,-25.712909],[28.701538,-25.712506],[28.702158,-25.712129],[28.705291,-25.713089],[28.706611,-25.709492],[28.709798,-25.71022],[28.710738,-25.710403],[28.713281,-25.71037],[28.718641,-25.71037],[28.724902,-25.710326],[28.725869,-25.710203],[28.726359,-25.710026],[28.729337,-25.70813],[28.72993,-25.707714],[28.730553,-25.707433],[28.731294,-25.70721],[28.731991,-25.707121],[28.733326,-25.707225],[28.733933,-25.707418],[28.734971,-25.707877],[28.736469,-25.708708],[28.73976,-25.710339],[28.740887,-25.707062],[28.741451,-25.705579],[28.742192,-25.703474],[28.743111,-25.701057],[28.743364,-25.700681],[28.74458,-25.701075],[28.745757,-25.701958],[28.746234,-25.702088],[28.74673,-25.702554],[28.747215,-25.702708],[28.748845,-25.702916],[28.749613,-25.703058],[28.751067,-25.703216],[28.75153,-25.703848],[28.75262,-25.704006],[28.753736,-25.704381],[28.753976,-25.704583],[28.755273,-25.704812],[28.756346,-25.704795],[28.757274,-25.704588],[28.757219,-25.705879],[28.76494,-25.7036],[28.765301,-25.70064],[28.768089,-25.70092],[28.76926,-25.69878],[28.775141,-25.700621],[28.77932,-25.701941],[28.79273,-25.702431],[28.793409,-25.70188],[28.808241,-25.68903],[28.81003,-25.689989],[28.8193,-25.695089],[28.82435,-25.692841],[28.83312,-25.68931],[28.84038,-25.68601],[28.845301,-25.68355],[28.846951,-25.682421],[28.82292,-25.65892],[28.813129,-25.659201],[28.81003,-25.659121],[28.810579,-25.651649],[28.811501,-25.64303],[28.813761,-25.642599],[28.818279,-25.64134],[28.83601,-25.637369],[28.835461,-25.645611],[28.84157,-25.654461],[28.845699,-25.652309],[28.861,-25.656071],[28.869301,-25.658119],[28.871481,-25.643353],[28.87195,-25.64163],[28.871,-25.64105],[28.86965,-25.640369],[28.869061,-25.63998],[28.8629,-25.63555],[28.858379,-25.634809],[28.85804,-25.632481],[28.8542,-25.616199],[28.853661,-25.61418],[28.85244,-25.60844],[28.85009,-25.59692],[28.849051,-25.59256],[28.846239,-25.58066],[28.843109,-25.566441],[28.830811,-25.56904],[28.828461,-25.569349],[28.80854,-25.57325],[28.807659,-25.57143],[28.80555,-25.56562],[28.805401,-25.56501],[28.80484,-25.563379],[28.8036,-25.55991],[28.801081,-25.55308],[28.800011,-25.55022],[28.799879,-25.5497],[28.797054,-25.542046],[28.801451,-25.538521],[28.81106,-25.531139],[28.81337,-25.52923],[28.815861,-25.52734],[28.821859,-25.52244],[28.8249,-25.52022],[28.83036,-25.51647],[28.845449,-25.506069],[28.85084,-25.502501],[28.85178,-25.50181],[28.85664,-25.507191],[28.86418,-25.51759],[28.867559,-25.52187],[28.869881,-25.52475],[28.874081,-25.52706],[28.871361,-25.533661],[28.858225,-25.569065],[28.910089,-25.52446],[28.910601,-25.527821],[28.915159,-25.558001],[28.925171,-25.571501],[28.932261,-25.580879],[28.93821,-25.589149],[28.946541,-25.5998],[28.95047,-25.59823],[28.964661,-25.592291],[28.97543,-25.587931],[28.97971,-25.586121],[28.99931,-25.57795],[29.00078,-25.5772],[29.007759,-25.57416],[29.000681,-25.56262],[28.996349,-25.55648],[28.986931,-25.540199],[28.98815,-25.53953],[28.99324,-25.542521],[29.00672,-25.5376],[29.01058,-25.533199],[29.01902,-25.52779],[29.012939,-25.513729],[29.013729,-25.51318],[29.015779,-25.51387],[29.01829,-25.514681],[29.020041,-25.515209],[29.022989,-25.515909],[29.0268,-25.51849],[29.03227,-25.52072],[29.035959,-25.521259],[29.036699,-25.52112],[29.038151,-25.521259],[29.04221,-25.520981],[29.047421,-25.516951],[29.048149,-25.51753],[29.048309,-25.518221],[29.04862,-25.51885],[29.048491,-25.51955],[29.048189,-25.52022],[29.049601,-25.520941],[29.05052,-25.521749],[29.051229,-25.52206],[29.05265,-25.522921],[29.05295,-25.52367],[29.054159,-25.52449],[29.055531,-25.525221],[29.056089,-25.52566],[29.056431,-25.52632],[29.057489,-25.5263],[29.05817,-25.526661],[29.058741,-25.527229],[29.065081,-25.51861],[29.073799,-25.50647],[29.07873,-25.49959],[29.07736,-25.496229],[29.080009,-25.494631],[29.09137,-25.53059],[29.098419,-25.537729],[29.086889,-25.54862],[29.082951,-25.54954],[29.068411,-25.55228],[29.059019,-25.55542],[29.05788,-25.55579],[29.03429,-25.563391],[29.042,-25.573259],[29.04562,-25.580799],[29.04435,-25.589161],[29.040001,-25.61755],[29.064199,-25.620661],[29.066139,-25.63048],[29.056549,-25.632601],[29.064619,-25.64242],[29.02965,-25.653749],[29.008841,-25.6604],[29.008289,-25.66057],[28.988741,-25.666821],[28.96883,-25.673309],[28.96525,-25.684099],[28.96044,-25.698521],[28.955759,-25.71298],[28.954929,-25.71575],[28.950672,-25.728273],[28.95455,-25.73015],[28.95903,-25.732229],[28.96702,-25.73584],[28.97579,-25.73983],[28.97603,-25.73996],[28.98131,-25.74254],[28.980631,-25.74357],[28.97901,-25.745939],[28.97694,-25.748911],[28.97629,-25.749809],[28.975531,-25.750731],[28.97271,-25.753889],[28.9711,-25.756149],[28.96751,-25.761],[28.965151,-25.76424],[28.9646,-25.765039],[28.963209,-25.766899],[28.9613,-25.769529],[28.959339,-25.77219],[28.957586,-25.774647],[28.957029,-25.775921],[28.95591,-25.778839],[28.95421,-25.78303],[28.952641,-25.786961],[28.95125,-25.790541],[28.949961,-25.793791],[28.94973,-25.794279],[28.948601,-25.79705],[28.947041,-25.801109],[28.94549,-25.804939],[28.94289,-25.811449],[28.94006,-25.81847],[28.938169,-25.823284],[28.938431,-25.823351],[28.94334,-25.824369],[28.944031,-25.82555],[28.947399,-25.83176],[28.950449,-25.837353],[28.94973,-25.84033],[28.94729,-25.85058],[28.94315,-25.867701],[28.942881,-25.86902],[28.94207,-25.87232],[28.94158,-25.87565],[28.94124,-25.87661],[28.94091,-25.87793],[28.938181,-25.888639],[28.91292,-25.880051],[28.886801,-25.871429],[28.88389,-25.878349],[28.884109,-25.87845],[28.88896,-25.880329],[28.887169,-25.888384],[28.884569,-25.901159],[28.88204,-25.913361],[28.879539,-25.925051],[28.879511,-25.925241],[28.881081,-25.94701],[28.88254,-25.96978],[28.883289,-25.971411],[28.885241,-25.971371],[28.88505,-25.9744],[28.86964,-26.002831],[28.86735,-26.00705],[28.86484,-26.00127],[28.843269,-26.00367],[28.83293,-26.00481],[28.822359,-26.003929],[28.798889,-26.004459],[28.793859,-26.00457],[28.773861,-26.01366],[28.772209,-26.00926],[28.762409,-25.983061],[28.757879,-25.98374],[28.75754,-25.99058],[28.748501,-25.990629],[28.734671,-25.99062],[28.71084,-25.990589],[28.68903,-25.98484],[28.681379,-25.98255],[28.676479,-25.98126],[28.67263,-25.98008],[28.65266,-25.974251],[28.648291,-25.973761],[28.63439,-25.97138],[28.632601,-25.97102],[28.632259,-25.970779],[28.631979,-25.970997],[28.5993,-25.99609],[28.59095,-26.00248],[28.586748,-26.016026],[28.58507,-26.02541],[28.578939,-26.059589],[28.564819,-26.05547],[28.5541,-26.05233],[28.53863,-26.04781],[28.530769,-26.061569],[28.52894,-26.06119],[28.515764,-26.058525],[28.500311,-26.064939],[28.495359,-26.067011],[28.492359,-26.068251],[28.485729,-26.071011],[28.4804,-26.073219],[28.47493,-26.0755],[28.46867,-26.078091],[28.459351,-26.068041],[28.44047,-26.047661],[28.44223,-26.0422],[28.449129,-26.0427],[28.45344,-26.035509],[28.454679,-26.03079],[28.455379,-26.03117],[28.46007,-26.023664],[28.46434,-26.02557],[28.46435,-26.020981],[28.46439,-26.011423],[28.45682,-26.01412],[28.44846,-26.01712],[28.445667,-26.018106],[28.446329,-26.013571],[28.447029,-26.008499],[28.448238,-25.999918],[28.451071,-25.99548],[28.44442,-25.99115],[28.44899,-25.988119],[28.45174,-25.98637],[28.4522,-25.985821],[28.454359,-25.98263],[28.455549,-25.98147],[28.459419,-25.97801],[28.46269,-25.97444],[28.463051,-25.973869],[28.46524,-25.969139],[28.468014,-25.963268],[28.46314,-25.96035],[28.45697,-25.956671],[28.44602,-25.964861],[28.444389,-25.963989],[28.42922,-25.956141],[28.419781,-25.95109],[28.417749,-25.95051],[28.41766,-25.94998],[28.417311,-25.9491],[28.41667,-25.94836],[28.41947,-25.94865],[28.41806,-25.94113],[28.41761,-25.93935],[28.427421,-25.932853],[28.427515,-25.932559],[28.427769,-25.932584],[28.428068,-25.932212],[28.428881,-25.931728],[28.429956,-25.931186],[28.431767,-25.930121],[28.433258,-25.929279],[28.434555,-25.928446],[28.435959,-25.927652],[28.439425,-25.925638],[28.439696,-25.925328],[28.439967,-25.925367],[28.442062,-25.92403],[28.443466,-25.923193],[28.445181,-25.922231],[28.448231,-25.921356],[28.44928,-25.920992],[28.450819,-25.920626],[28.450982,-25.920676],[28.451466,-25.92195],[28.451551,-25.922303],[28.452033,-25.922969],[28.456693,-25.921423],[28.457785,-25.922613],[28.458788,-25.923595],[28.465935,-25.931286],[28.468506,-25.934065],[28.473772,-25.939666],[28.480425,-25.93388],[28.48392,-25.931139],[28.485565,-25.929597],[28.487126,-25.928213],[28.491029,-25.924699],[28.492378,-25.92344],[28.493455,-25.922616],[28.494642,-25.921829],[28.495973,-25.921113],[28.497476,-25.920561],[28.501505,-25.919157],[28.507989,-25.916975],[28.510207,-25.916287],[28.513522,-25.915164],[28.514889,-25.914621],[28.515858,-25.914186],[28.520576,-25.911895],[28.524904,-25.909776],[28.527457,-25.908554],[28.526706,-25.907304],[28.525909,-25.905828],[28.525402,-25.90447],[28.525148,-25.903501],[28.52485,-25.901799],[28.524732,-25.900096],[28.524531,-25.898264],[28.524202,-25.894439],[28.523963,-25.890884],[28.524053,-25.884908],[28.524112,-25.883623],[28.524292,-25.876094],[28.524471,-25.871284],[28.524501,-25.868445],[28.524441,-25.865547],[28.522768,-25.85748],[28.521857,-25.853603],[28.521722,-25.853028],[28.520525,-25.847405],[28.520016,-25.8449],[28.519209,-25.841235],[28.518799,-25.839692],[28.518445,-25.837753],[28.518218,-25.834937],[28.51778,-25.827564],[28.517553,-25.822257],[28.517482,-25.82121],[28.517199,-25.819469],[28.51628,-25.817474],[28.514765,-25.814615],[28.514171,-25.812974],[28.513803,-25.811445],[28.513633,-25.809875],[28.513619,-25.808332],[28.513803,-25.806506],[28.514086,-25.805374],[28.514666,-25.803662],[28.515558,-25.801723],[28.516563,-25.799629],[28.517276,-25.797323],[28.518898,-25.791884],[28.520806,-25.791979],[28.524083,-25.791916],[28.5251,-25.789785],[28.5258,-25.788544],[28.527899,-25.787367],[28.529522,-25.786158],[28.531939,-25.784091],[28.534102,-25.781896],[28.536265,-25.779797],[28.542436,-25.775885],[28.540114,-25.77264],[28.536392,-25.766915],[28.534197,-25.763448],[28.532384,-25.762653],[28.531716,-25.758931],[28.529668,-25.750542],[28.535683,-25.752027],[28.537961,-25.748676],[28.539208,-25.746612],[28.546014,-25.748458],[28.540492,-25.740589],[28.545018,-25.739071],[28.549094,-25.737173],[28.547908,-25.73603],[28.545255,-25.734175],[28.5456,-25.733765],[28.543616,-25.732083],[28.542559,-25.73245],[28.540855,-25.731544],[28.540106,-25.731223],[28.538453,-25.732482],[28.5381,-25.732704],[28.537256,-25.731202],[28.535594,-25.728916],[28.53444,-25.732097],[28.529538,-25.725167],[28.538316,-25.722992],[28.545583,-25.721268],[28.553261,-25.719338],[28.56139,-25.717285],[28.564305,-25.716587],[28.572435,-25.714493],[28.57613,-25.713549],[28.577279,-25.698851],[28.57925,-25.684727],[28.567959,-25.682674],[28.558804,-25.680621],[28.55622,-25.680078],[28.555962,-25.675796],[28.555678,-25.668264],[28.555585,-25.667943],[28.556241,-25.667769],[28.557009,-25.667435],[28.558928,-25.666482],[28.55946,-25.66616],[28.556427,-25.662558],[28.556625,-25.6621],[28.557269,-25.661865],[28.558333,-25.661023],[28.559522,-25.6595],[28.559967,-25.658448],[28.559992,-25.657817],[28.556724,-25.654796],[28.554038,-25.652358],[28.55269,-25.651177],[28.549865,-25.650279],[28.550122,-25.649457],[28.550584,-25.648789],[28.551611,-25.647814],[28.552613,-25.646273],[28.553024,-25.645041],[28.55484,-25.641604],[28.558344,-25.642044],[28.562958,-25.642661],[28.564573,-25.642894],[28.570353,-25.643543],[28.57465,-25.644226],[28.5748,-25.644226],[28.575816,-25.641761],[28.578081,-25.635549],[28.58003,-25.630269],[28.581478,-25.626436],[28.586016,-25.624402],[28.591068,-25.622219],[28.592888,-25.621448],[28.599781,-25.618429],[28.60736,-25.614897],[28.608751,-25.614305],[28.609173,-25.614125],[28.609132,-25.61381],[28.608791,-25.613475],[28.608958,-25.6134],[28.608719,-25.612045],[28.608068,-25.611722],[28.607742,-25.610951],[28.607832,-25.609899],[28.60766,-25.609663],[28.606255,-25.609019],[28.605185,-25.608575],[28.604731,-25.608735],[28.604251,-25.607832],[28.60263,-25.608084],[28.602449,-25.605816],[28.602328,-25.60524],[28.602434,-25.604182],[28.602478,-25.602749],[28.603259,-25.602553],[28.602941,-25.601981],[28.602709,-25.600671],[28.602463,-25.600339],[28.612526,-25.600499],[28.618669,-25.588658],[28.603266,-25.575481],[28.598191,-25.571564],[28.577727,-25.571385],[28.565182,-25.571085],[28.554177,-25.571085],[28.549445,-25.570859],[28.537237,-25.570784],[28.530514,-25.570596],[28.530554,-25.574105],[28.530452,-25.583196],[28.530298,-25.592491],[28.530145,-25.602298],[28.530119,-25.605935],[28.530017,-25.613822],[28.530017,-25.621145],[28.529925,-25.624275],[28.530082,-25.626229],[28.529883,-25.627598],[28.529863,-25.630474],[28.529774,-25.633504],[28.527691,-25.632623],[28.524498,-25.631244],[28.521771,-25.630166],[28.518534,-25.62883],[28.515929,-25.627822],[28.513898,-25.626851],[28.513145,-25.626608],[28.512161,-25.626149],[28.509901,-25.625267],[28.508675,-25.624705],[28.505099,-25.629865],[28.501114,-25.635637],[28.45643,-25.618534],[28.451148,-25.613623],[28.448739,-25.611446],[28.445241,-25.608365],[28.442786,-25.606141],[28.439844,-25.603338],[28.434563,-25.598567],[28.43081,-25.595138],[28.426756,-25.589208],[28.42576,-25.587772],[28.419483,-25.578808],[28.418151,-25.577014],[28.418109,-25.57687],[28.41509,-25.575644],[28.410265,-25.573771],[28.406006,-25.57218],[28.404618,-25.571722],[28.401855,-25.570657],[28.40412,-25.542103],[28.405051,-25.539146],[28.408775,-25.52781],[28.411951,-25.518392],[28.416167,-25.505632],[28.420603,-25.493037],[28.422848,-25.48548],[28.424381,-25.481428],[28.42701,-25.473707],[28.431226,-25.46155],[28.438181,-25.441289],[28.441193,-25.442],[28.45951,-25.446509],[28.458527,-25.438527],[28.458134,-25.43495],[28.457662,-25.43147],[28.457347,-25.428954],[28.457072,-25.426437],[28.456345,-25.420854],[28.455657,-25.414897],[28.455165,-25.411437],[28.454595,-25.411555],[28.449661,-25.412735],[28.445493,-25.413659],[28.440971,-25.414799],[28.436194,-25.41588],[28.431358,-25.416785],[28.428114,-25.417492],[28.425283,-25.4182],[28.423494,-25.41879],[28.420899,-25.41934],[28.418344,-25.419851],[28.414019,-25.421051],[28.40413,-25.423213],[28.395186,-25.42512],[28.38976,-25.42626],[28.390094,-25.43204],[28.390585,-25.439196],[28.390625,-25.441417],[28.387558,-25.441319],[28.387263,-25.442046],[28.385356,-25.445624],[28.385946,-25.449792],[28.385847,-25.45107],[28.384786,-25.455532],[28.383528,-25.460329],[28.381208,-25.469254],[28.380186,-25.473599],[28.378967,-25.478416],[28.377945,-25.482976],[28.377689,-25.484962],[28.376312,-25.489784],[28.375814,-25.490829],[28.374471,-25.490099],[28.373476,-25.489684],[28.372364,-25.488913],[28.371419,-25.488714],[28.370805,-25.488689],[28.368441,-25.487752],[28.365323,-25.486599],[28.364701,-25.486292],[28.362711,-25.485571],[28.361657,-25.485023],[28.360222,-25.484617],[28.359153,-25.484069],[28.358512,-25.483665],[28.358427,-25.484397],[28.358427,-25.485384],[28.358202,-25.49116],[28.358165,-25.494578],[28.358106,-25.496527],[28.358236,-25.497145],[28.35807,-25.498453],[28.357642,-25.499939],[28.357499,-25.500878],[28.357476,-25.501852],[28.357559,-25.504135],[28.357832,-25.505074],[28.357864,-25.505427],[28.357417,-25.517545],[28.349173,-25.516899],[28.350497,-25.521378],[28.347462,-25.522019],[28.343067,-25.522911],[28.340189,-25.523521],[28.338984,-25.523724],[28.334167,-25.524709],[28.329021,-25.525664],[28.326737,-25.526164],[28.322889,-25.526931],[28.321904,-25.52707],[28.320496,-25.527322],[28.318056,-25.5279],[28.316851,-25.528151],[28.314693,-25.521956],[28.314067,-25.51997],[28.310923,-25.519939],[28.310845,-25.517921],[28.303681,-25.516842],[28.300146,-25.516247],[28.29622,-25.515715],[28.293216,-25.515293],[28.291277,-25.51498],[28.285505,-25.514182],[28.285899,-25.511217],[28.287647,-25.504948],[28.288065,-25.5032],[28.289166,-25.499058],[28.290103,-25.494887],[28.292296,-25.480019],[28.295173,-25.4593],[28.296294,-25.451598],[28.297513,-25.443603],[28.298146,-25.438485],[28.298,-25.434243],[28.297561,-25.428686],[28.29722,-25.422154],[28.297025,-25.41801],[28.297357,-25.413216],[28.298094,-25.402981],[28.299177,-25.402765],[28.307541,-25.401203],[28.308849,-25.401025],[28.309879,-25.401042],[28.310696,-25.401143],[28.312768,-25.401599],[28.312693,-25.400789],[28.312101,-25.399319],[28.311892,-25.3985],[28.311819,-25.397449],[28.312292,-25.39572],[28.312952,-25.39455],[28.314199,-25.39332],[28.314371,-25.392809],[28.314772,-25.392],[28.315222,-25.39127],[28.315382,-25.390869],[28.31584,-25.390299],[28.31608,-25.389849],[28.315962,-25.38942],[28.312483,-25.38879],[28.311219,-25.388532],[28.310934,-25.387742],[28.310704,-25.386876],[28.310665,-25.386367],[28.310934,-25.385887],[28.306065,-25.383661],[28.305844,-25.383739],[28.305604,-25.383452],[28.303624,-25.382538],[28.308036,-25.379354],[28.308983,-25.378687],[28.309783,-25.37821],[28.309949,-25.377962],[28.310756,-25.377391],[28.313024,-25.375669],[28.315159,-25.374156],[28.31934,-25.371049],[28.319807,-25.370725],[28.319693,-25.37061],[28.316345,-25.370212],[28.316626,-25.369244],[28.315503,-25.369151],[28.315185,-25.370081],[28.312763,-25.369799],[28.312416,-25.366916],[28.312125,-25.366267],[28.311205,-25.364478],[28.31157,-25.363247],[28.31063,-25.363432],[28.307691,-25.364152],[28.30621,-25.364485],[28.304972,-25.364895],[28.303839,-25.365134],[28.300801,-25.365853],[28.299255,-25.366128],[28.299142,-25.363638],[28.298847,-25.357816],[28.298622,-25.35468],[28.298293,-25.348615],[28.298067,-25.345219],[28.297773,-25.339639],[28.297773,-25.339399],[28.298059,-25.33934],[28.29818,-25.320009],[28.298161,-25.310369],[28.3183,-25.305639],[28.324631,-25.304541],[28.324699,-25.304541],[28.32881,-25.303511],[28.333759,-25.30249],[28.335239,-25.30209],[28.335251,-25.3022],[28.377701,-25.292311],[28.379162,-25.292055],[28.37991,-25.299009],[28.380501,-25.304399],[28.381121,-25.31023],[28.381781,-25.316339],[28.382601,-25.32115],[28.387671,-25.321329],[28.391371,-25.321409],[28.39476,-25.321501],[28.41868,-25.322069],[28.433701,-25.32243],[28.437469,-25.31418],[28.439289,-25.310181],[28.467871,-25.309669],[28.50359,-25.30884],[28.502911,-25.29858],[28.502171,-25.28754],[28.501089,-25.27117],[28.50086,-25.267611],[28.50116,-25.26545],[28.505079,-25.262449],[28.513281,-25.256149],[28.53709,-25.25428],[28.55566,-25.252831],[28.564341,-25.25215],[28.56373,-25.249359],[28.59481,-25.24943],[28.602921,-25.25421],[28.603889,-25.25416],[28.604139,-25.25408],[28.604691,-25.25354],[28.604719,-25.25326],[28.604191,-25.25292],[28.603979,-25.252331],[28.604099,-25.252029],[28.604401,-25.25209],[28.617189,-25.265471],[28.631321,-25.280239],[28.632629,-25.27997],[28.636881,-25.27276],[28.63846,-25.27006],[28.64171,-25.264549],[28.64407,-25.26053],[28.652269,-25.24659],[28.659309,-25.234779],[28.66082,-25.239901],[28.664339,-25.251789],[28.670759,-25.24794],[28.671221,-25.24773],[28.67095,-25.24715],[28.670509,-25.2467],[28.66997,-25.24579],[28.669861,-25.24478],[28.670099,-25.24427],[28.670099,-25.243589],[28.66992,-25.242611],[28.669701,-25.242371],[28.66934,-25.242319],[28.66913,-25.242001],[28.66913,-25.241381],[28.669371,-25.24106],[28.670641,-25.24066],[28.6714,-25.23908],[28.671921,-25.238779],[28.672661,-25.238689],[28.67289,-25.23852],[28.67289,-25.2374],[28.673071,-25.236971],[28.673441,-25.236441],[28.674,-25.23587],[28.675091,-25.235291],[28.675541,-25.234961],[28.67576,-25.23436],[28.676041,-25.23251],[28.67594,-25.231159],[28.67594,-25.230471],[28.675631,-25.22702],[28.67609,-25.2264],[28.677059,-25.226311],[28.67732,-25.22613],[28.67742,-25.225809],[28.677441,-25.22506],[28.6777,-25.22414],[28.67837,-25.22262],[28.678711,-25.22201],[28.6793,-25.221371],[28.67984,-25.22057],[28.67988,-25.2199],[28.679331,-25.21924],[28.67918,-25.218479],[28.6789,-25.218109],[28.67758,-25.217779],[28.676991,-25.217409],[28.676809,-25.217051],[28.676809,-25.21607],[28.67708,-25.21553],[28.677691,-25.214701],[28.678391,-25.21352],[28.678909,-25.21286],[28.67906,-25.21196],[28.67878,-25.21102],[28.678551,-25.21076],[28.667641,-25.21207],[28.655331,-25.21353],[28.6476,-25.201429],[28.64193,-25.19257],[28.638109,-25.186581],[28.63814,-25.18622],[28.63796,-25.185671],[28.63797,-25.18503],[28.63822,-25.18441],[28.638109,-25.183889],[28.63163,-25.1745],[28.61587,-25.15163],[28.61791,-25.15111],[28.62709,-25.148821],[28.63343,-25.14723],[28.651569,-25.1429],[28.6598,-25.140779],[28.66831,-25.138525],[28.67495,-25.134979],[28.679939,-25.132231],[28.685699,-25.129271],[28.68914,-25.127411],[28.694031,-25.124649],[28.700159,-25.121241],[28.71011,-25.11606],[28.732981,-25.111759],[28.744589,-25.109612],[28.74505,-25.11083],[28.749701,-25.123409],[28.756861,-25.14312],[28.758329,-25.14728],[28.759159,-25.149719],[28.758989,-25.14958],[28.758459,-25.14953],[28.758089,-25.150061],[28.75742,-25.14986],[28.75872,-25.15214],[28.771891,-25.175659],[28.776501,-25.18372],[28.77541,-25.183769],[28.77883,-25.20039],[28.78392,-25.225479],[28.784559,-25.228661],[28.7791,-25.23082],[28.7747,-25.22805],[28.77092,-25.22563],[28.76742,-25.22337],[28.763849,-25.22109],[28.760929,-25.22562],[28.75799,-25.230101],[28.75094,-25.24095],[28.74972,-25.242809],[28.74464,-25.25106],[28.74435,-25.25145],[28.7358,-25.26392],[28.73243,-25.269171],[28.73959,-25.28853],[28.732941,-25.2827],[28.722931,-25.285879],[28.717951,-25.28723],[28.695629,-25.29446],[28.688351,-25.29793],[28.679211,-25.302999],[28.6689,-25.31076],[28.65769,-25.317289],[28.64126,-25.327641],[28.633181,-25.33149],[28.62258,-25.333651],[28.623199,-25.335939],[28.62606,-25.34631],[28.628799,-25.356359],[28.62908,-25.35742],[28.63398,-25.37553],[28.63406,-25.37603],[28.638941,-25.39398],[28.628321,-25.403561],[28.62711,-25.40464],[28.619789,-25.41139],[28.620211,-25.412451],[28.62048,-25.41386],[28.62406,-25.440411],[28.625086,-25.445959],[28.625259,-25.44763],[28.625811,-25.44908],[28.62619,-25.450399],[28.62813,-25.455469],[28.629471,-25.45937],[28.62941,-25.45985],[28.628531,-25.460251],[28.62784,-25.460421],[28.62085,-25.463221],[28.619329,-25.464491],[28.618851,-25.464951],[28.6154,-25.467859],[28.620991,-25.470659],[28.632059,-25.488411],[28.63368,-25.515141],[28.634001,-25.51989],[28.626089,-25.522909],[28.62575,-25.52305],[28.62603,-25.525591],[28.626671,-25.531151],[28.63014,-25.54273],[28.63022,-25.543119],[28.63484,-25.55855],[28.635,-25.55916],[28.63747,-25.56542],[28.637581,-25.565729],[28.64003,-25.57193],[28.641439,-25.575661],[28.641951,-25.57686],[28.643881,-25.581881],[28.64469,-25.583811],[28.645451,-25.585779],[28.647255,-25.58563],[28.642511,-25.589865],[28.64599,-25.598101],[28.64975,-25.605909],[28.6516,-25.609831],[28.65337,-25.61352],[28.654449,-25.615721],[28.65645,-25.62001],[28.65909,-25.62558],[28.661261,-25.631281],[28.66358,-25.63608],[28.66798,-25.64538],[28.66836,-25.646061],[28.67205,-25.65377],[28.674694,-25.65885],[28.672703,-25.665031],[28.683781,-25.675381]],[[28.710997,-25.720089],[28.710377,-25.720932],[28.709997,-25.721319],[28.709511,-25.72096],[28.709368,-25.720372],[28.708752,-25.720242],[28.707947,-25.720265],[28.707095,-25.72096],[28.706947,-25.721177],[28.706609,-25.722515],[28.707738,-25.72408],[28.708863,-25.725418],[28.709039,-25.725492],[28.710345,-25.72552],[28.712192,-25.725511],[28.711326,-25.727237],[28.711572,-25.727358],[28.711486,-25.727597],[28.71196,-25.728179],[28.712453,-25.728367],[28.71418,-25.729226],[28.715657,-25.729754],[28.715997,-25.729262],[28.716641,-25.729369],[28.717286,-25.72919],[28.717375,-25.729539],[28.717823,-25.729593],[28.719389,-25.729629],[28.719729,-25.729351],[28.719685,-25.72911],[28.719899,-25.728922],[28.721,-25.72868],[28.72211,-25.728519],[28.723148,-25.728832],[28.725517,-25.727762],[28.724943,-25.727107],[28.724573,-25.726808],[28.724046,-25.723809],[28.723697,-25.721943],[28.723442,-25.7217],[28.721845,-25.721909],[28.721595,-25.719136],[28.720511,-25.718946],[28.719382,-25.718867],[28.719155,-25.718955],[28.719085,-25.719515],[28.718349,-25.71946],[28.717022,-25.719221],[28.717053,-25.718663],[28.716321,-25.718446],[28.714423,-25.717983],[28.714142,-25.717807],[28.713928,-25.717548],[28.713497,-25.717372],[28.712937,-25.716626],[28.712854,-25.716145],[28.711169,-25.715349],[28.709914,-25.716386],[28.70946,-25.716242],[28.708928,-25.716335],[28.708747,-25.716649],[28.708738,-25.717214],[28.709567,-25.717362],[28.709294,-25.718737],[28.709423,-25.71902],[28.710997,-25.720089]],[[28.624282,-25.725939],[28.623674,-25.724445],[28.620245,-25.72214],[28.618946,-25.721368],[28.617975,-25.724761],[28.617671,-25.72558],[28.616173,-25.729009],[28.615377,-25.731314],[28.614465,-25.733596],[28.61354,-25.736065],[28.61333,-25.736533],[28.612967,-25.736942],[28.612604,-25.738171],[28.611153,-25.741892],[28.610685,-25.742969],[28.610545,-25.743425],[28.61017,-25.744174],[28.610065,-25.744619],[28.609527,-25.745801],[28.609386,-25.746362],[28.608696,-25.748024],[28.608461,-25.749071],[28.600926,-25.752403],[28.593927,-25.755533],[28.590908,-25.75683],[28.585989,-25.759245],[28.585689,-25.759368],[28.569745,-25.787251],[28.566252,-25.793337],[28.563434,-25.798328],[28.567884,-25.798402],[28.576947,-25.798535],[28.578351,-25.801233],[28.578666,-25.801608],[28.579597,-25.802334],[28.580321,-25.806442],[28.580969,-25.810369],[28.581636,-25.814782],[28.584549,-25.817114],[28.586197,-25.818404],[28.590722,-25.821465],[28.592507,-25.822693],[28.594255,-25.823722],[28.594651,-25.823585],[28.594552,-25.823312],[28.59485,-25.823213],[28.595197,-25.823498],[28.595271,-25.824007],[28.595717,-25.824465],[28.596461,-25.824936],[28.597168,-25.824936],[28.597379,-25.824416],[28.597924,-25.824564],[28.598259,-25.824341],[28.598631,-25.824614],[28.598978,-25.824676],[28.599201,-25.824961],[28.59935,-25.824788],[28.599794,-25.824728],[28.606752,-25.824956],[28.608131,-25.825016],[28.614813,-25.82522],[28.623559,-25.825556],[28.627709,-25.825724],[28.631632,-25.825856],[28.633744,-25.825951],[28.639053,-25.826134],[28.638495,-25.820417],[28.638232,-25.818412],[28.637608,-25.810921],[28.637148,-25.806715],[28.636786,-25.803791],[28.636523,-25.799421],[28.635472,-25.789597],[28.634913,-25.783617],[28.634158,-25.775764],[28.633632,-25.769686],[28.633632,-25.766039],[28.633599,-25.762589],[28.633586,-25.756428],[28.633547,-25.753169],[28.633492,-25.750884],[28.635197,-25.750285],[28.633554,-25.74653],[28.631847,-25.742817],[28.629948,-25.738379],[28.626758,-25.731274],[28.624282,-25.725939]],[[28.737253,-25.786942],[28.735596,-25.786226],[28.73439,-25.785577],[28.733462,-25.784982],[28.732179,-25.784062],[28.730772,-25.783134],[28.729968,-25.782678],[28.728084,-25.7818],[28.725927,-25.781034],[28.724169,-25.78061],[28.723197,-25.780435],[28.723104,-25.780155],[28.723104,-25.779263],[28.723247,-25.7772],[28.723465,-25.776421],[28.723534,-25.775492],[28.723378,-25.77523],[28.723546,-25.77288],[28.723552,-25.771852],[28.724051,-25.771409],[28.724419,-25.770861],[28.723853,-25.769445],[28.722062,-25.769421],[28.721572,-25.768808],[28.718514,-25.768816],[28.716937,-25.768914],[28.716896,-25.768007],[28.716806,-25.767794],[28.714991,-25.766249],[28.711721,-25.766502],[28.709955,-25.768154],[28.708639,-25.769789],[28.710863,-25.770418],[28.709154,-25.772585],[28.708239,-25.773876],[28.709081,-25.773786],[28.710062,-25.77386],[28.711116,-25.774089],[28.71231,-25.77453],[28.715547,-25.775822],[28.716625,-25.776409],[28.717312,-25.776863],[28.718301,-25.777713],[28.71764,-25.778255],[28.717524,-25.778488],[28.716614,-25.7793],[28.716225,-25.780681],[28.715916,-25.78144],[28.715275,-25.783431],[28.715084,-25.783746],[28.714887,-25.784412],[28.715102,-25.784998],[28.715516,-25.785781],[28.715775,-25.78604],[28.715701,-25.787865],[28.715596,-25.788315],[28.715472,-25.789469],[28.715608,-25.79056],[28.715935,-25.790905],[28.715975,-25.791324],[28.718159,-25.79149],[28.719536,-25.791715],[28.721222,-25.792125],[28.722522,-25.79257],[28.722771,-25.792261],[28.72324,-25.792101],[28.72486,-25.792766],[28.725905,-25.793312],[28.728469,-25.794095],[28.729893,-25.794351],[28.730926,-25.794315],[28.733262,-25.797659],[28.732657,-25.797498],[28.731972,-25.797433],[28.730682,-25.797216],[28.729916,-25.796974],[28.729594,-25.79732],[28.72932,-25.798005],[28.729255,-25.798521],[28.729344,-25.799456],[28.729489,-25.800198],[28.729207,-25.800786],[28.728844,-25.801117],[28.728369,-25.80073],[28.727982,-25.800279],[28.72778,-25.800271],[28.72566,-25.80123],[28.724371,-25.801867],[28.723863,-25.80206],[28.723049,-25.802519],[28.723081,-25.80306],[28.723266,-25.803245],[28.723161,-25.804035],[28.722984,-25.804688],[28.722541,-25.8053],[28.721888,-25.805671],[28.720054,-25.80502],[28.719177,-25.804897],[28.71761,-25.804832],[28.717643,-25.802869],[28.716252,-25.802038],[28.714582,-25.80415],[28.714548,-25.80475],[28.707836,-25.804528],[28.7062,-25.80449],[28.702693,-25.804368],[28.703332,-25.806549],[28.699294,-25.807404],[28.699762,-25.808573],[28.70339,-25.809506],[28.706753,-25.810306],[28.712766,-25.811831],[28.716543,-25.81275],[28.719386,-25.813461],[28.722704,-25.81426],[28.723993,-25.814601],[28.728201,-25.815627],[28.728003,-25.81614],[28.723098,-25.8164],[28.720841,-25.816557],[28.720938,-25.817198],[28.72079,-25.817914],[28.721059,-25.818702],[28.721151,-25.819399],[28.721436,-25.820024],[28.722645,-25.820862],[28.722945,-25.821508],[28.723489,-25.822148],[28.723448,-25.822824],[28.725612,-25.823698],[28.726918,-25.824437],[28.726638,-25.824803],[28.727345,-25.825156],[28.728261,-25.825456],[28.729342,-25.826591],[28.729262,-25.827223],[28.729894,-25.82786],[28.730303,-25.827894],[28.731716,-25.827863],[28.731747,-25.828267],[28.733886,-25.828176],[28.739264,-25.827868],[28.739929,-25.827813],[28.73988,-25.827468],[28.740176,-25.827406],[28.740558,-25.82711],[28.741439,-25.828016],[28.741691,-25.828121],[28.745696,-25.829371],[28.746078,-25.828343],[28.747482,-25.82472],[28.747735,-25.823593],[28.747723,-25.8222],[28.749842,-25.821572],[28.750464,-25.821449],[28.751527,-25.821431],[28.755956,-25.822506],[28.756015,-25.821703],[28.755867,-25.821619],[28.755887,-25.820316],[28.755696,-25.819835],[28.754129,-25.817171],[28.75567,-25.816188],[28.754811,-25.814704],[28.755153,-25.814482],[28.754041,-25.81307],[28.752391,-25.814125],[28.752236,-25.813866],[28.751817,-25.813835],[28.75144,-25.814674],[28.750091,-25.814766],[28.749474,-25.81472],[28.749109,-25.814331],[28.748629,-25.814171],[28.749749,-25.811497],[28.751527,-25.807092],[28.756057,-25.808209],[28.760626,-25.809379],[28.765824,-25.810725],[28.76931,-25.811592],[28.774636,-25.813001],[28.774875,-25.813033],[28.778274,-25.813917],[28.777972,-25.815475],[28.778148,-25.815549],[28.781575,-25.816556],[28.783645,-25.81723],[28.786231,-25.817951],[28.787986,-25.818486],[28.789658,-25.818957],[28.792919,-25.820001],[28.796328,-25.820907],[28.800328,-25.822145],[28.805391,-25.823623],[28.80653,-25.823919],[28.808578,-25.827999],[28.812967,-25.82743],[28.81391,-25.824683],[28.8176,-25.825902],[28.818819,-25.823415],[28.81908,-25.823333],[28.822038,-25.823057],[28.825355,-25.822569],[28.82763,-25.822342],[28.827517,-25.816961],[28.827338,-25.809532],[28.82724,-25.80194],[28.827159,-25.793649],[28.827029,-25.786041],[28.826899,-25.781538],[28.820104,-25.779522],[28.817226,-25.778596],[28.8097,-25.776369],[28.808578,-25.776157],[28.806611,-25.775507],[28.805148,-25.775101],[28.800742,-25.773816],[28.799117,-25.773312],[28.797328,-25.772597],[28.796369,-25.772272],[28.793947,-25.771524],[28.792321,-25.770988],[28.789623,-25.770175],[28.78638,-25.769163],[28.785021,-25.768804],[28.784851,-25.765763],[28.784662,-25.764007],[28.78436,-25.759493],[28.781281,-25.759267],[28.774256,-25.758832],[28.768061,-25.758398],[28.762207,-25.757926],[28.756768,-25.757548],[28.750876,-25.757076],[28.745399,-25.756623],[28.741244,-25.756339],[28.735541,-25.755905],[28.733067,-25.755697],[28.737203,-25.762855],[28.739998,-25.767595],[28.741093,-25.769521],[28.741773,-25.771523],[28.743019,-25.775357],[28.744134,-25.778964],[28.744255,-25.779166],[28.74835,-25.782113],[28.750095,-25.783392],[28.750815,-25.784187],[28.751201,-25.78512],[28.751286,-25.785599],[28.75125,-25.786208],[28.750704,-25.788322],[28.749292,-25.788349],[28.743057,-25.788029],[28.741263,-25.787897],[28.739545,-25.787576],[28.737253,-25.786942]],[[28.670987,-25.90592],[28.669441,-25.914309],[28.671504,-25.913658],[28.674542,-25.90986],[28.680729,-25.906061],[28.681923,-25.90541],[28.683768,-25.905627],[28.683659,-25.913007],[28.685721,-25.917131],[28.689846,-25.920713],[28.689737,-25.924186],[28.687892,-25.92907],[28.685613,-25.935582],[28.684527,-25.937861],[28.684115,-25.949072],[28.684082,-25.949374],[28.686564,-25.950146],[28.686972,-25.950758],[28.687312,-25.951506],[28.688264,-25.952322],[28.689147,-25.952866],[28.691269,-25.953298],[28.696149,-25.954293],[28.708725,-25.935259],[28.719193,-25.935803],[28.730817,-25.936619],[28.749987,-25.93825],[28.760183,-25.938862],[28.76198,-25.921763],[28.753446,-25.917358],[28.732521,-25.906134],[28.735792,-25.902694],[28.740699,-25.897335],[28.744083,-25.893782],[28.745098,-25.892485],[28.745437,-25.891526],[28.723158,-25.885209],[28.721535,-25.884725],[28.721494,-25.88456],[28.704602,-25.885491],[28.683059,-25.886689],[28.682534,-25.886815],[28.666891,-25.890997],[28.667451,-25.892079],[28.663033,-25.891752],[28.662864,-25.900832],[28.662757,-25.909397],[28.669636,-25.906314],[28.670987,-25.90592]],[[28.533871,-25.901432],[28.536144,-25.900282],[28.5365,-25.900019],[28.536478,-25.899719],[28.535886,-25.899217],[28.535581,-25.899405],[28.535333,-25.89903],[28.533064,-25.900209],[28.531019,-25.901323],[28.52994,-25.90198],[28.530574,-25.90266],[28.531198,-25.902334],[28.531388,-25.902595],[28.53168,-25.902558],[28.533257,-25.901778],[28.533871,-25.901432]],[[28.903468,-25.600228],[28.904068,-25.599016],[28.901635,-25.598969],[28.896171,-25.598902],[28.895505,-25.601041],[28.893168,-25.600592],[28.89229,-25.601377],[28.891897,-25.601265],[28.890047,-25.601097],[28.887486,-25.600649],[28.885131,-25.600611],[28.884065,-25.600891],[28.882626,-25.601209],[28.881318,-25.601639],[28.880065,-25.601377],[28.87885,-25.60106],[28.878084,-25.600574],[28.87715,-25.600144],[28.87629,-25.599845],[28.876009,-25.600069],[28.875262,-25.600966],[28.874776,-25.602069],[28.874664,-25.603172],[28.875,-25.605172],[28.875149,-25.605508],[28.874682,-25.605976],[28.874271,-25.606835],[28.874738,-25.607807],[28.874701,-25.608798],[28.875892,-25.608958],[28.878265,-25.609218],[28.878407,-25.608019],[28.880655,-25.607751],[28.883383,-25.607389],[28.885607,-25.607034],[28.888454,-25.60671],[28.890969,-25.606387],[28.896103,-25.605804],[28.899462,-25.605378],[28.901007,-25.605094],[28.901599,-25.604061],[28.903468,-25.600228]]]]}},{"type":"Feature","properties":{"id":"799032001","name":"Doornkraal SH","commuteMinutes":53.29,"nearestJobCenter":"Hatfield","distanceKm":null,"nearestTransitKm":18.981624032036127},"geometry":{"type":"Polygon","coordinates":[[[28.602463,-25.600339],[28.601129,-25.600318],[28.601038,-25.599547],[28.601508,-25.598868],[28.60126,-25.597562],[28.600411,-25.596282],[28.600058,-25.594975],[28.599538,-25.593229],[28.598377,-25.593474],[28.597784,-25.593722],[28.593355,-25.59506],[28.593159,-25.595385],[28.593936,-25.596984],[28.596563,-25.602567],[28.598174,-25.606049],[28.597486,-25.606312],[28.597337,-25.606041],[28.596454,-25.606472],[28.596818,-25.607255],[28.598864,-25.606493],[28.599712,-25.607829],[28.600267,-25.608581],[28.600289,-25.6089],[28.601076,-25.609454],[28.602034,-25.610455],[28.60395,-25.612562],[28.607378,-25.613776],[28.608751,-25.614305],[28.60736,-25.614897],[28.599781,-25.618429],[28.592888,-25.621448],[28.591068,-25.622219],[28.586016,-25.624402],[28.581478,-25.626436],[28.58003,-25.630269],[28.578081,-25.635549],[28.575816,-25.641761],[28.5748,-25.644226],[28.57465,-25.644226],[28.570353,-25.643543],[28.564573,-25.642894],[28.562958,-25.642661],[28.558344,-25.642044],[28.55484,-25.641604],[28.551632,-25.641212],[28.547868,-25.640862],[28.546785,-25.640579],[28.540606,-25.637864],[28.538047,-25.636975],[28.533463,-25.635063],[28.532659,-25.634743],[28.529774,-25.633504],[28.529863,-25.630474],[28.529883,-25.627598],[28.530082,-25.626229],[28.529925,-25.624275],[28.530017,-25.621145],[28.530017,-25.613822],[28.530119,-25.605935],[28.530145,-25.602298],[28.530298,-25.592491],[28.530452,-25.583196],[28.530554,-25.574105],[28.530514,-25.570596],[28.537237,-25.570784],[28.549445,-25.570859],[28.554177,-25.571085],[28.565182,-25.571085],[28.577727,-25.571385],[28.598191,-25.571564],[28.603266,-25.575481],[28.618669,-25.588658],[28.612526,-25.600499],[28.602463,-25.600339]]]}},{"type":"Feature","properties":{"id":"799033001","name":"Onverwacht SP","commuteMinutes":60.64,"nearestJobCenter":"Hatfield","distanceKm":null,"nearestTransitKm":21.44399233697553},"geometry":{"type":"Polygon","coordinates":[[[28.608751,-25.614305],[28.607378,-25.613776],[28.60395,-25.612562],[28.602034,-25.610455],[28.601076,-25.609454],[28.600289,-25.6089],[28.600267,-25.608581],[28.599712,-25.607829],[28.598864,-25.606493],[28.596818,-25.607255],[28.596454,-25.606472],[28.597337,-25.606041],[28.597486,-25.606312],[28.598174,-25.606049],[28.596563,-25.602567],[28.593936,-25.596984],[28.593159,-25.595385],[28.593355,-25.59506],[28.597784,-25.593722],[28.598377,-25.593474],[28.599538,-25.593229],[28.600058,-25.594975],[28.600411,-25.596282],[28.60126,-25.597562],[28.601508,-25.598868],[28.601038,-25.599547],[28.601129,-25.600318],[28.602463,-25.600339],[28.602709,-25.600671],[28.602941,-25.601981],[28.603259,-25.602553],[28.602478,-25.602749],[28.602434,-25.604182],[28.602328,-25.60524],[28.602449,-25.605816],[28.60263,-25.608084],[28.604251,-25.607832],[28.604731,-25.608735],[28.605185,-25.608575],[28.606255,-25.609019],[28.60766,-25.609663],[28.607832,-25.609899],[28.607742,-25.610951],[28.608068,-25.611722],[28.608719,-25.612045],[28.608958,-25.6134],[28.608791,-25.613475],[28.609132,-25.61381],[28.609173,-25.614125],[28.608751,-25.614305]]]}},{"type":"Feature","properties":{"id":"799034001","name":"Hebron SP","commuteMinutes":20.07,"nearestJobCenter":"Rosslyn","distanceKm":null,"nearestTransitKm":7.675058589871417},"geometry":{"type":"Polygon","coordinates":[[[28.006586,-25.555954],[28.0049,-25.555683],[28.003229,-25.555326],[28.001703,-25.55508],[27.999613,-25.554945],[27.996809,-25.55444],[27.994925,-25.553947],[27.994014,-25.553663],[27.994235,-25.553057],[27.99514,-25.551158],[27.994862,-25.551032],[27.995035,-25.550632],[27.994795,-25.55045],[27.994803,-25.550042],[27.994336,-25.549495],[27.99399,-25.549229],[27.991535,-25.548383],[27.991333,-25.547962],[27.990457,-25.547431],[27.990093,-25.54734],[27.990573,-25.546323],[27.990768,-25.545709],[28.009687,-25.551722],[28.006586,-25.555954]]]}},{"type":"Feature","properties":{"id":"799035001","name":"Ga-Rankuwa View","commuteMinutes":21.41,"nearestJobCenter":"Rosslyn","distanceKm":null,"nearestTransitKm":7.777154122389216},"geometry":{"type":"Polygon","coordinates":[[[27.994014,-25.553663],[27.989164,-25.552406],[27.988173,-25.552109],[27.985754,-25.551016],[27.98271,-25.550289],[27.980902,-25.550796],[27.980307,-25.550884],[27.978065,-25.55006],[27.981461,-25.542749],[27.990768,-25.545709],[27.990573,-25.546323],[27.990093,-25.54734],[27.990457,-25.547431],[27.991333,-25.547962],[27.991535,-25.548383],[27.99399,-25.549229],[27.994336,-25.549495],[27.994803,-25.550042],[27.994795,-25.55045],[27.995035,-25.550632],[27.994862,-25.551032],[27.99514,-25.551158],[27.994235,-25.553057],[27.994014,-25.553663]]]}},{"type":"Feature","properties":{"id":"799035002","name":"Ga-Rankuwa Industrial","commuteMinutes":21.81,"nearestJobCenter":"Rosslyn","distanceKm":null,"nearestTransitKm":6.960829117907881},"geometry":{"type":"Polygon","coordinates":[[[27.994014,-25.553663],[27.994925,-25.553947],[27.996809,-25.55444],[27.999613,-25.554945],[28.001703,-25.55508],[28.003229,-25.555326],[28.0049,-25.555683],[28.006586,-25.555954],[28.005289,-25.55768],[28.00104,-25.563343],[27.995615,-25.570612],[27.994722,-25.57012],[27.991556,-25.56823],[27.990923,-25.567829],[27.988588,-25.566298],[27.988249,-25.566263],[27.98488,-25.565163],[27.977617,-25.562822],[27.975893,-25.562158],[27.972892,-25.561209],[27.978065,-25.55006],[27.980307,-25.550884],[27.980902,-25.550796],[27.98271,-25.550289],[27.985754,-25.551016],[27.988173,-25.552109],[27.989164,-25.552406],[27.994014,-25.553663]]]}},{"type":"Feature","properties":{"id":"799035003","name":"Ga-Rankuwa Unit 10","commuteMinutes":21.31,"nearestJobCenter":"Rosslyn","distanceKm":null,"nearestTransitKm":5.726045875155819},"geometry":{"type":"Polygon","coordinates":[[[28.01164,-25.552343],[28.011568,-25.553223],[28.011591,-25.553837],[28.012537,-25.555353],[28.013147,-25.555817],[28.01362,-25.556067],[28.013937,-25.557051],[28.014402,-25.557251],[28.014894,-25.557983],[28.015196,-25.557959],[28.015528,-25.55859],[28.016665,-25.558922],[28.017187,-25.558874],[28.017618,-25.559011],[28.018034,-25.558804],[28.018595,-25.558887],[28.018866,-25.559126],[28.019495,-25.559155],[28.019583,-25.560436],[28.019606,-25.561922],[28.020147,-25.563156],[28.020359,-25.564499],[28.020586,-25.565458],[28.020567,-25.567379],[28.020071,-25.56706],[28.01848,-25.566483],[28.017382,-25.566109],[28.013025,-25.564539],[28.011568,-25.56389],[28.010092,-25.563904],[28.009836,-25.563789],[28.009657,-25.563148],[28.008883,-25.561295],[28.008127,-25.559586],[28.007887,-25.559341],[28.005289,-25.55768],[28.006586,-25.555954],[28.009687,-25.551722],[28.01164,-25.552343]]]}},{"type":"Feature","properties":{"id":"799035004","name":"Ga-Rankuwa Unit 8","commuteMinutes":21.03,"nearestJobCenter":"Rosslyn","distanceKm":null,"nearestTransitKm":5.946378961800157},"geometry":{"type":"Polygon","coordinates":[[[28.009836,-25.563789],[28.010092,-25.563904],[28.011568,-25.56389],[28.013025,-25.564539],[28.017382,-25.566109],[28.01848,-25.566483],[28.018148,-25.567291],[28.016172,-25.571789],[28.015375,-25.57151],[28.015646,-25.570833],[28.015486,-25.570807],[28.013376,-25.57004],[28.01301,-25.569403],[28.012278,-25.569567],[28.011885,-25.569399],[28.011271,-25.568777],[28.010916,-25.568556],[28.008345,-25.567312],[28.009329,-25.565639],[28.009718,-25.564884],[28.00984,-25.564342],[28.009836,-25.563789]]]}},{"type":"Feature","properties":{"id":"799035005","name":"Ga-Rankuwa Unit 9","commuteMinutes":20.99,"nearestJobCenter":"Rosslyn","distanceKm":null,"nearestTransitKm":5.196205408644728},"geometry":{"type":"Polygon","coordinates":[[[28.016172,-25.571789],[28.01589,-25.572432],[28.015627,-25.573257],[28.014926,-25.578193],[28.012446,-25.577891],[28.010013,-25.577642],[28.009599,-25.577574],[28.006208,-25.577199],[28.005733,-25.5772],[28.006529,-25.571344],[28.006083,-25.571091],[28.008345,-25.567312],[28.010916,-25.568556],[28.011271,-25.568777],[28.011885,-25.569399],[28.012278,-25.569567],[28.01301,-25.569403],[28.013376,-25.57004],[28.015486,-25.570807],[28.015646,-25.570833],[28.015375,-25.57151],[28.016172,-25.571789]]]}},{"type":"Feature","properties":{"id":"799035006","name":"Ga-Rankuwa Unit 15","commuteMinutes":22.88,"nearestJobCenter":"Rosslyn","distanceKm":null,"nearestTransitKm":4.837605317144935},"geometry":{"type":"Polygon","coordinates":[[[28.009836,-25.563789],[28.00984,-25.564342],[28.009718,-25.564884],[28.009329,-25.565639],[28.008345,-25.567312],[28.006083,-25.571091],[28.006529,-25.571344],[28.005733,-25.5772],[28.00532,-25.580116],[28.004984,-25.581718],[28.00466,-25.584242],[28.004473,-25.585426],[28.004187,-25.586765],[28.003965,-25.588167],[28.000341,-25.587788],[27.994123,-25.587093],[27.991419,-25.586756],[27.99119,-25.586338],[27.989233,-25.586084],[27.988802,-25.586763],[27.988424,-25.587111],[27.987673,-25.586475],[27.988684,-25.584902],[27.989264,-25.582571],[27.989531,-25.581778],[27.990705,-25.579206],[27.991056,-25.578384],[27.99317,-25.573982],[27.994413,-25.572218],[27.995615,-25.570612],[28.00104,-25.563343],[28.005289,-25.55768],[28.007887,-25.559341],[28.008127,-25.559586],[28.008883,-25.561295],[28.009657,-25.563148],[28.009836,-25.563789]]]}},{"type":"Feature","properties":{"id":"799035007","name":"Ga-Rankuwa Unit 17","commuteMinutes":21.33,"nearestJobCenter":"Rosslyn","distanceKm":null,"nearestTransitKm":5.458538839059473},"geometry":{"type":"Polygon","coordinates":[[[27.99317,-25.573982],[27.990999,-25.57266],[27.988859,-25.571329],[27.989244,-25.570593],[27.989752,-25.569963],[27.98982,-25.569441],[27.990274,-25.568497],[27.990923,-25.567829],[27.991556,-25.56823],[27.994722,-25.57012],[27.995615,-25.570612],[27.994413,-25.572218],[27.99317,-25.573982]]]}},{"type":"Feature","properties":{"id":"799035008","name":"Ga-Rankuwa Unit 24","commuteMinutes":23.77,"nearestJobCenter":"Rosslyn","distanceKm":null,"nearestTransitKm":5.703506570981074},"geometry":{"type":"Polygon","coordinates":[[[27.990923,-25.567829],[27.990274,-25.568497],[27.98982,-25.569441],[27.989752,-25.569963],[27.989244,-25.570593],[27.988859,-25.571329],[27.988078,-25.570851],[27.984268,-25.569607],[27.980696,-25.56845],[27.980302,-25.56849],[27.979454,-25.568802],[27.979067,-25.568015],[27.978755,-25.567819],[27.977127,-25.567303],[27.973097,-25.565982],[27.97383,-25.563799],[27.974165,-25.563157],[27.974483,-25.562836],[27.975391,-25.562416],[27.975833,-25.562368],[27.975893,-25.562158],[27.977617,-25.562822],[27.98488,-25.565163],[27.988249,-25.566263],[27.988588,-25.566298],[27.990923,-25.567829]]]}},{"type":"Feature","properties":{"id":"799035009","name":"Ga-Rankuwa Unit 25","commuteMinutes":24.02,"nearestJobCenter":"Rosslyn","distanceKm":null,"nearestTransitKm":5.118166859640135},"geometry":{"type":"Polygon","coordinates":[[[27.984268,-25.569607],[27.983774,-25.570941],[27.983625,-25.571144],[27.981512,-25.572059],[27.981037,-25.572004],[27.980194,-25.574156],[27.980067,-25.574664],[27.976766,-25.573582],[27.975743,-25.576141],[27.973725,-25.58062],[27.973119,-25.582064],[27.973032,-25.583108],[27.970396,-25.581623],[27.968332,-25.580418],[27.968016,-25.580488],[27.967112,-25.580254],[27.965033,-25.580011],[27.964614,-25.580118],[27.96834,-25.570999],[27.972892,-25.561209],[27.975893,-25.562158],[27.975833,-25.562368],[27.975391,-25.562416],[27.974483,-25.562836],[27.974165,-25.563157],[27.97383,-25.563799],[27.973097,-25.565982],[27.977127,-25.567303],[27.978755,-25.567819],[27.979067,-25.568015],[27.979454,-25.568802],[27.980302,-25.56849],[27.980696,-25.56845],[27.984268,-25.569607]]]}},{"type":"Feature","properties":{"id":"799035010","name":"Ga-Rankuwa Unit 23","commuteMinutes":21.4,"nearestJobCenter":"Rosslyn","distanceKm":null,"nearestTransitKm":4.6198817658570155},"geometry":{"type":"Polygon","coordinates":[[[27.99317,-25.573982],[27.991056,-25.578384],[27.990705,-25.579206],[27.989531,-25.581778],[27.989264,-25.582571],[27.988684,-25.584902],[27.987673,-25.586475],[27.986525,-25.585613],[27.986139,-25.58544],[27.985018,-25.58532],[27.978724,-25.585012],[27.977449,-25.584864],[27.976408,-25.584637],[27.975225,-25.584265],[27.974257,-25.583797],[27.973032,-25.583108],[27.973119,-25.582064],[27.973725,-25.58062],[27.975743,-25.576141],[27.976766,-25.573582],[27.980067,-25.574664],[27.980194,-25.574156],[27.981037,-25.572004],[27.981512,-25.572059],[27.983625,-25.571144],[27.983774,-25.570941],[27.984268,-25.569607],[27.988078,-25.570851],[27.988859,-25.571329],[27.990999,-25.57266],[27.99317,-25.573982]]]}},{"type":"Feature","properties":{"id":"799035011","name":"Ga-Rankuwa Unit 16","commuteMinutes":19.36,"nearestJobCenter":"Rosslyn","distanceKm":null,"nearestTransitKm":3.0459951408706605},"geometry":{"type":"Polygon","coordinates":[[[27.987673,-25.586475],[27.986528,-25.587584],[27.980413,-25.593781],[27.972969,-25.601219],[27.97216,-25.59791],[27.972147,-25.597424],[27.974012,-25.59553],[27.973928,-25.593726],[27.973858,-25.593512],[27.972616,-25.591757],[27.972139,-25.590662],[27.97212,-25.589907],[27.972296,-25.589455],[27.972757,-25.588728],[27.973646,-25.58754],[27.974558,-25.586917],[27.975409,-25.586632],[27.975786,-25.586687],[27.976408,-25.584637],[27.977449,-25.584864],[27.978724,-25.585012],[27.985018,-25.58532],[27.986139,-25.58544],[27.986525,-25.585613],[27.987673,-25.586475]]]}},{"type":"Feature","properties":{"id":"799035012","name":"Ga-Rankuwa Unit 4","commuteMinutes":16.81,"nearestJobCenter":"Rosslyn","distanceKm":null,"nearestTransitKm":2.148736484511184},"geometry":{"type":"Polygon","coordinates":[[[27.990191,-25.604717],[27.987036,-25.603521],[27.986635,-25.604494],[27.986315,-25.604568],[27.984686,-25.604685],[27.984598,-25.603903],[27.984381,-25.602871],[27.9834,-25.601868],[27.979239,-25.602882],[27.979102,-25.602933],[27.979358,-25.603667],[27.976202,-25.604455],[27.974699,-25.604235],[27.973918,-25.6051],[27.972969,-25.601219],[27.980413,-25.593781],[27.986528,-25.587584],[27.987673,-25.586475],[27.988424,-25.587111],[27.98884,-25.587465],[27.989176,-25.588131],[27.989359,-25.589928],[27.989676,-25.59561],[27.989786,-25.596516],[27.990469,-25.597998],[27.992113,-25.601214],[27.991913,-25.601248],[27.991571,-25.601772],[27.990671,-25.603561],[27.990191,-25.604717]]]}},{"type":"Feature","properties":{"id":"799035013","name":"Ga-Rankuwa Unit 5","commuteMinutes":16.11,"nearestJobCenter":"Rosslyn","distanceKm":null,"nearestTransitKm":2.4338078218011074},"geometry":{"type":"Polygon","coordinates":[[[28.007231,-25.607777],[28.005243,-25.607141],[28.003397,-25.606699],[28.002005,-25.606329],[28.000692,-25.605913],[27.99354,-25.603209],[27.993054,-25.60285],[27.992781,-25.602508],[27.992113,-25.601214],[27.990469,-25.597998],[27.989786,-25.596516],[27.989676,-25.59561],[27.989359,-25.589928],[27.989176,-25.588131],[27.98884,-25.587465],[27.988424,-25.587111],[27.988802,-25.586763],[27.989233,-25.586084],[27.99119,-25.586338],[27.991419,-25.586756],[27.994123,-25.587093],[28.000341,-25.587788],[28.003965,-25.588167],[28.003942,-25.588335],[28.003222,-25.593626],[28.003286,-25.594543],[28.004557,-25.598709],[28.005037,-25.600304],[28.007051,-25.6068],[28.007231,-25.607777]]]}},{"type":"Feature","properties":{"id":"799035014","name":"Ga-Rankuwa Unit 21","commuteMinutes":20.65,"nearestJobCenter":"Rosslyn","distanceKm":null,"nearestTransitKm":4.435512851899161},"geometry":{"type":"Polygon","coordinates":[[[28.014926,-25.578193],[28.014315,-25.582722],[28.014154,-25.583172],[28.013479,-25.583763],[28.013231,-25.584076],[28.012983,-25.584972],[28.012003,-25.589277],[28.008871,-25.588905],[28.005293,-25.588507],[28.003942,-25.588335],[28.003965,-25.588167],[28.004187,-25.586765],[28.004473,-25.585426],[28.00466,-25.584242],[28.004984,-25.581718],[28.00532,-25.580116],[28.005733,-25.5772],[28.006208,-25.577199],[28.009599,-25.577574],[28.010013,-25.577642],[28.012446,-25.577891],[28.014926,-25.578193]]]}},{"type":"Feature","properties":{"id":"799035015","name":"Ga-Rankuwa Unit 7","commuteMinutes":20.58,"nearestJobCenter":"Rosslyn","distanceKm":null,"nearestTransitKm":5.037844364704661},"geometry":{"type":"Polygon","coordinates":[[[28.013479,-25.583763],[28.014154,-25.583172],[28.014315,-25.582722],[28.014926,-25.578193],[28.015627,-25.573257],[28.01589,-25.572432],[28.016172,-25.571789],[28.018148,-25.567291],[28.01848,-25.566483],[28.020071,-25.56706],[28.020567,-25.567379],[28.021067,-25.56786],[28.025175,-25.572905],[28.02556,-25.573713],[28.025621,-25.574577],[28.024904,-25.577051],[28.023714,-25.58103],[28.022692,-25.584545],[28.022444,-25.584658],[28.021452,-25.584566],[28.018763,-25.584251],[28.018187,-25.584303],[28.015249,-25.584003],[28.013479,-25.583763]]]}},{"type":"Feature","properties":{"id":"799035016","name":"Ga-Rankuwa SP","commuteMinutes":19.13,"nearestJobCenter":"Rosslyn","distanceKm":null,"nearestTransitKm":5.205551284097216},"geometry":{"type":"Polygon","coordinates":[[[28.049509,-25.559561],[28.048808,-25.560545],[28.048697,-25.560787],[28.046252,-25.564049],[28.043379,-25.568051],[28.045313,-25.568744],[28.04624,-25.568953],[28.047728,-25.569441],[28.048372,-25.569603],[28.04756,-25.571339],[28.047529,-25.571514],[28.04898,-25.571733],[28.047937,-25.573057],[28.047101,-25.574938],[28.046213,-25.57661],[28.043862,-25.579849],[28.042921,-25.581625],[28.041981,-25.583725],[28.041695,-25.584643],[28.041471,-25.584803],[28.041118,-25.585541],[28.040479,-25.587157],[28.039415,-25.58926],[28.038992,-25.590358],[28.039011,-25.590628],[28.038233,-25.591553],[28.036924,-25.592861],[28.033079,-25.60322],[28.031149,-25.604324],[28.031309,-25.605644],[28.023611,-25.605473],[28.018267,-25.605444],[28.017046,-25.605242],[28.017067,-25.606912],[28.01662,-25.607142],[28.01577,-25.606827],[28.01187,-25.605874],[28.01241,-25.604127],[28.012658,-25.603509],[28.012416,-25.603236],[28.011548,-25.603399],[28.009903,-25.602992],[28.009342,-25.602992],[28.008556,-25.603164],[28.008211,-25.602065],[28.0075,-25.60189],[28.007179,-25.601151],[28.006829,-25.600011],[28.009016,-25.599461],[28.009031,-25.598833],[28.008573,-25.598172],[28.013863,-25.596758],[28.017382,-25.597023],[28.017603,-25.597015],[28.019041,-25.594988],[28.017326,-25.594003],[28.017717,-25.59017],[28.017688,-25.590037],[28.016993,-25.589888],[28.014673,-25.589579],[28.012003,-25.589277],[28.012983,-25.584972],[28.013231,-25.584076],[28.013479,-25.583763],[28.015249,-25.584003],[28.018187,-25.584303],[28.018763,-25.584251],[28.021452,-25.584566],[28.022444,-25.584658],[28.022692,-25.584545],[28.023714,-25.58103],[28.024904,-25.577051],[28.025621,-25.574577],[28.02556,-25.573713],[28.025175,-25.572905],[28.021067,-25.56786],[28.020567,-25.567379],[28.020586,-25.565458],[28.020359,-25.564499],[28.020147,-25.563156],[28.019606,-25.561922],[28.019583,-25.560436],[28.019495,-25.559155],[28.018866,-25.559126],[28.018595,-25.558887],[28.018034,-25.558804],[28.017618,-25.559011],[28.017187,-25.558874],[28.016665,-25.558922],[28.015528,-25.55859],[28.015196,-25.557959],[28.014894,-25.557983],[28.014402,-25.557251],[28.013937,-25.557051],[28.01362,-25.556067],[28.013147,-25.555817],[28.012537,-25.555353],[28.011591,-25.553837],[28.011568,-25.553223],[28.01164,-25.552343],[28.030649,-25.558359],[28.040079,-25.558969],[28.049509,-25.559561]]]}},{"type":"Feature","properties":{"id":"799035017","name":"Ga-Rankuwa Unit 3","commuteMinutes":16.79,"nearestJobCenter":"Rosslyn","distanceKm":null,"nearestTransitKm":2.94916025431822},"geometry":{"type":"Polygon","coordinates":[[[28.006829,-25.600011],[28.006767,-25.600034],[28.00643,-25.598969],[28.006617,-25.598518],[28.006571,-25.598185],[28.004557,-25.598709],[28.003286,-25.594543],[28.003222,-25.593626],[28.003942,-25.588335],[28.005293,-25.588507],[28.008871,-25.588905],[28.012003,-25.589277],[28.014673,-25.589579],[28.016993,-25.589888],[28.017688,-25.590037],[28.017717,-25.59017],[28.017326,-25.594003],[28.019041,-25.594988],[28.017603,-25.597015],[28.017382,-25.597023],[28.013863,-25.596758],[28.008573,-25.598172],[28.009031,-25.598833],[28.009016,-25.599461],[28.006829,-25.600011]]]}},{"type":"Feature","properties":{"id":"799035018","name":"Ga-Rankuwa Unit 6","commuteMinutes":15.51,"nearestJobCenter":"Rosslyn","distanceKm":null,"nearestTransitKm":1.669590738122939},"geometry":{"type":"Polygon","coordinates":[[[28.006829,-25.600011],[28.007179,-25.601151],[28.0075,-25.60189],[28.008211,-25.602065],[28.008556,-25.603164],[28.009342,-25.602992],[28.009903,-25.602992],[28.011548,-25.603399],[28.012416,-25.603236],[28.012658,-25.603509],[28.01241,-25.604127],[28.01187,-25.605874],[28.01577,-25.606827],[28.01662,-25.607142],[28.017067,-25.606912],[28.018938,-25.607706],[28.020249,-25.608168],[28.023471,-25.608277],[28.023426,-25.609636],[28.023267,-25.609651],[28.020206,-25.60953],[28.019764,-25.609629],[28.016732,-25.610761],[28.012779,-25.612288],[28.01185,-25.611351],[28.010378,-25.610088],[28.008936,-25.608795],[28.007994,-25.608126],[28.007231,-25.607777],[28.007051,-25.6068],[28.005037,-25.600304],[28.004557,-25.598709],[28.006571,-25.598185],[28.006617,-25.598518],[28.00643,-25.598969],[28.006767,-25.600034],[28.006829,-25.600011]]]}},{"type":"Feature","properties":{"id":"799035019","name":"Ga-Rankuwa Unit 2","commuteMinutes":14.36,"nearestJobCenter":"Rosslyn","distanceKm":null,"nearestTransitKm":1.1870434334128548},"geometry":{"type":"Polygon","coordinates":[[[28.006887,-25.620871],[27.998465,-25.620136],[27.998701,-25.611231],[27.998796,-25.607983],[27.994898,-25.606512],[27.990191,-25.604717],[27.990671,-25.603561],[27.991571,-25.601772],[27.991913,-25.601248],[27.992113,-25.601214],[27.992781,-25.602508],[27.993054,-25.60285],[27.99354,-25.603209],[28.000692,-25.605913],[28.002005,-25.606329],[28.003397,-25.606699],[28.005243,-25.607141],[28.007231,-25.607777],[28.007994,-25.608126],[28.008936,-25.608795],[28.010378,-25.610088],[28.01185,-25.611351],[28.012779,-25.612288],[28.013708,-25.614058],[28.0138,-25.614342],[28.010927,-25.615072],[28.007196,-25.616055],[28.007231,-25.61668],[28.006952,-25.6196],[28.007086,-25.61993],[28.006887,-25.620871]]]}},{"type":"Feature","properties":{"id":"799035020","name":"Ga-Rankuwa Unit 1","commuteMinutes":17.08,"nearestJobCenter":"Rosslyn","distanceKm":null,"nearestTransitKm":0.9277809395184647},"geometry":{"type":"Polygon","coordinates":[[[27.990191,-25.604717],[27.994898,-25.606512],[27.998796,-25.607983],[27.998701,-25.611231],[27.998465,-25.620136],[27.993021,-25.619707],[27.983545,-25.618814],[27.977157,-25.61828],[27.977011,-25.617849],[27.976231,-25.614571],[27.973918,-25.6051],[27.974699,-25.604235],[27.976202,-25.604455],[27.979358,-25.603667],[27.979102,-25.602933],[27.979239,-25.602882],[27.9834,-25.601868],[27.984381,-25.602871],[27.984598,-25.603903],[27.984686,-25.604685],[27.986315,-25.604568],[27.986635,-25.604494],[27.987036,-25.603521],[27.990191,-25.604717]]]}},{"type":"Feature","properties":{"id":"799035021","name":"Medunsa","commuteMinutes":12.61,"nearestJobCenter":"Rosslyn","distanceKm":null,"nearestTransitKm":1.0202453775500966},"geometry":{"type":"Polygon","coordinates":[[[28.031309,-25.605644],[28.029818,-25.608631],[28.030802,-25.608969],[28.030878,-25.609228],[28.035074,-25.610817],[28.035873,-25.610986],[28.035236,-25.611854],[28.033743,-25.613595],[28.033028,-25.614509],[28.032288,-25.61533],[28.028215,-25.620224],[28.02801,-25.620503],[28.026617,-25.621934],[28.026851,-25.622614],[28.019472,-25.621944],[28.017981,-25.62184],[28.014692,-25.62154],[28.013296,-25.621445],[28.006887,-25.620871],[28.007086,-25.61993],[28.006952,-25.6196],[28.007231,-25.61668],[28.007196,-25.616055],[28.010927,-25.615072],[28.0138,-25.614342],[28.013708,-25.614058],[28.012779,-25.612288],[28.016732,-25.610761],[28.019764,-25.609629],[28.020206,-25.60953],[28.023267,-25.609651],[28.023426,-25.609636],[28.023471,-25.608277],[28.020249,-25.608168],[28.018938,-25.607706],[28.017067,-25.606912],[28.017046,-25.605242],[28.018267,-25.605444],[28.023611,-25.605473],[28.031309,-25.605644]]]}},{"type":"Feature","properties":{"id":"799036001","name":"GaRankuwa Unit 20","commuteMinutes":21.11,"nearestJobCenter":"Rosslyn","distanceKm":null,"nearestTransitKm":3.1607631212930616},"geometry":{"type":"Polygon","coordinates":[[[27.973032,-25.583108],[27.974257,-25.583797],[27.975225,-25.584265],[27.976408,-25.584637],[27.975786,-25.586687],[27.975409,-25.586632],[27.974558,-25.586917],[27.973646,-25.58754],[27.972757,-25.588728],[27.972296,-25.589455],[27.97212,-25.589907],[27.972139,-25.590662],[27.972616,-25.591757],[27.973858,-25.593512],[27.973928,-25.593726],[27.974012,-25.59553],[27.972147,-25.597424],[27.97216,-25.59791],[27.95763,-25.592621],[27.96456,-25.58025],[27.964614,-25.580118],[27.965033,-25.580011],[27.967112,-25.580254],[27.968016,-25.580488],[27.968332,-25.580418],[27.970396,-25.581623],[27.973032,-25.583108]]]}},{"type":"Feature","properties":{"id":"799037001","name":"Sokhulumi","commuteMinutes":68.89,"nearestJobCenter":"Hatfield","distanceKm":null,"nearestTransitKm":46.621602332668935},"geometry":{"type":"Polygon","coordinates":[[[28.903468,-25.600228],[28.901599,-25.604061],[28.901007,-25.605094],[28.899462,-25.605378],[28.896103,-25.605804],[28.890969,-25.606387],[28.888454,-25.60671],[28.885607,-25.607034],[28.883383,-25.607389],[28.880655,-25.607751],[28.878407,-25.608019],[28.878265,-25.609218],[28.875892,-25.608958],[28.874701,-25.608798],[28.874738,-25.607807],[28.874271,-25.606835],[28.874682,-25.605976],[28.875149,-25.605508],[28.875,-25.605172],[28.874664,-25.603172],[28.874776,-25.602069],[28.875262,-25.600966],[28.876009,-25.600069],[28.87629,-25.599845],[28.87715,-25.600144],[28.878084,-25.600574],[28.87885,-25.60106],[28.880065,-25.601377],[28.881318,-25.601639],[28.882626,-25.601209],[28.884065,-25.600891],[28.885131,-25.600611],[28.887486,-25.600649],[28.890047,-25.601097],[28.891897,-25.601265],[28.89229,-25.601377],[28.893168,-25.600592],[28.895505,-25.601041],[28.896171,-25.598902],[28.901635,-25.598969],[28.904068,-25.599016],[28.903468,-25.600228]]]}},{"type":"Feature","properties":{"id":"799038001","name":"Pebble Rock Village & Burkea Park Golf Estate","commuteMinutes":35.88,"nearestJobCenter":"Menlyn","distanceKm":null,"nearestTransitKm":12.775413183264702},"geometry":{"type":"Polygon","coordinates":[[[28.399891,-25.607094],[28.398127,-25.610024],[28.396315,-25.612961],[28.394738,-25.615584],[28.392914,-25.618549],[28.39127,-25.621269],[28.390736,-25.621507],[28.390812,-25.621705],[28.390588,-25.621943],[28.385889,-25.621142],[28.384687,-25.617158],[28.383327,-25.612528],[28.381999,-25.60795],[28.380813,-25.603771],[28.380784,-25.603603],[28.381207,-25.603417],[28.382038,-25.603392],[28.382569,-25.603651],[28.383166,-25.603746],[28.38436,-25.603366],[28.384788,-25.603396],[28.385185,-25.603625],[28.385825,-25.60372],[28.38695,-25.604209],[28.387884,-25.604762],[28.388558,-25.605026],[28.389055,-25.605597],[28.390569,-25.606228],[28.391031,-25.606574],[28.39155,-25.606302],[28.392086,-25.606172],[28.392791,-25.606137],[28.393423,-25.606193],[28.394076,-25.606531],[28.394313,-25.606747],[28.395841,-25.607007],[28.396522,-25.606185],[28.396716,-25.606132],[28.397973,-25.606637],[28.398789,-25.606719],[28.399891,-25.607094]]]}},{"type":"Feature","properties":{"id":"799039001","name":"Kameelfontein SH","commuteMinutes":31.65,"nearestJobCenter":"Menlyn","distanceKm":null,"nearestTransitKm":12.122385014523072},"geometry":{"type":"Polygon","coordinates":[[[28.45643,-25.618534],[28.455503,-25.619993],[28.452237,-25.624742],[28.450847,-25.626665],[28.44948,-25.628842],[28.446516,-25.633067],[28.44409,-25.636472],[28.439251,-25.63958],[28.43454,-25.642531],[28.434441,-25.642744],[28.434043,-25.642886],[28.427559,-25.646944],[28.423983,-25.649214],[28.423656,-25.649512],[28.420393,-25.651343],[28.417754,-25.652738],[28.415124,-25.650473],[28.40967,-25.64599],[28.406966,-25.643712],[28.404732,-25.641772],[28.402424,-25.639847],[28.400366,-25.638083],[28.399514,-25.63726],[28.397368,-25.635481],[28.395266,-25.633644],[28.393561,-25.632233],[28.389835,-25.629156],[28.387511,-25.627121],[28.388088,-25.626544],[28.389643,-25.623915],[28.389739,-25.62345],[28.390588,-25.621943],[28.390812,-25.621705],[28.390736,-25.621507],[28.39127,-25.621269],[28.392914,-25.618549],[28.394738,-25.615584],[28.396315,-25.612961],[28.398127,-25.610024],[28.399891,-25.607094],[28.401856,-25.60391],[28.4027,-25.602437],[28.404836,-25.598863],[28.405542,-25.597752],[28.406231,-25.596503],[28.407403,-25.594617],[28.408367,-25.592981],[28.409358,-25.591594],[28.410908,-25.588959],[28.412932,-25.585574],[28.415145,-25.582009],[28.417419,-25.57828],[28.418151,-25.577014],[28.419483,-25.578808],[28.42576,-25.587772],[28.426756,-25.589208],[28.43081,-25.595138],[28.434563,-25.598567],[28.439844,-25.603338],[28.442786,-25.606141],[28.445241,-25.608365],[28.448739,-25.611446],[28.451148,-25.613623],[28.45643,-25.618534]]]}},{"type":"Feature","properties":{"id":"799040001","name":"Sable Hills Waterfront Estate SP","commuteMinutes":28.21,"nearestJobCenter":"Menlyn","distanceKm":null,"nearestTransitKm":10.099887305736267},"geometry":{"type":"Polygon","coordinates":[[[28.385889,-25.621142],[28.390588,-25.621943],[28.389739,-25.62345],[28.389643,-25.623915],[28.388088,-25.626544],[28.387511,-25.627121],[28.389835,-25.629156],[28.393561,-25.632233],[28.393017,-25.633614],[28.392517,-25.634555],[28.391562,-25.635951],[28.388134,-25.640062],[28.387354,-25.640947],[28.386671,-25.641592],[28.385487,-25.642574],[28.385033,-25.642885],[28.384257,-25.640583],[28.384531,-25.639712],[28.384568,-25.639017],[28.384355,-25.63872],[28.383826,-25.638349],[28.383511,-25.638006],[28.383158,-25.637274],[28.383288,-25.636921],[28.383186,-25.636736],[28.382185,-25.636578],[28.382046,-25.636235],[28.381508,-25.636003],[28.380544,-25.635809],[28.379125,-25.634956],[28.378958,-25.634798],[28.378847,-25.63426],[28.378587,-25.633546],[28.378188,-25.632888],[28.378402,-25.632211],[28.378967,-25.632211],[28.379329,-25.632359],[28.379737,-25.632322],[28.380534,-25.632016],[28.381415,-25.63209],[28.382185,-25.632322],[28.383019,-25.632202],[28.383131,-25.63197],[28.382231,-25.631247],[28.382342,-25.630737],[28.383093,-25.630115],[28.384095,-25.629531],[28.384021,-25.629346],[28.383483,-25.629216],[28.38225,-25.629346],[28.381749,-25.629624],[28.380692,-25.630041],[28.380061,-25.630403],[28.379394,-25.630384],[28.379125,-25.63018],[28.379264,-25.629893],[28.380386,-25.629188],[28.380877,-25.628456],[28.381183,-25.627853],[28.380887,-25.627695],[28.380154,-25.627695],[28.378522,-25.627297],[28.377817,-25.627056],[28.37651,-25.626981],[28.37613,-25.626583],[28.37638,-25.626054],[28.378161,-25.624923],[28.380497,-25.623143],[28.378698,-25.622512],[28.376288,-25.622864],[28.374238,-25.622354],[28.374143,-25.620501],[28.374319,-25.619171],[28.385889,-25.621142]]]}},{"type":"Feature","properties":{"id":"799041001","name":"Leeufontein Estate","commuteMinutes":26.21,"nearestJobCenter":"Menlyn","distanceKm":null,"nearestTransitKm":7.877882818310318},"geometry":{"type":"Polygon","coordinates":[[[28.377995,-25.647478],[28.381541,-25.645297],[28.384538,-25.643224],[28.387403,-25.6446],[28.388103,-25.644898],[28.389233,-25.645868],[28.390748,-25.647531],[28.390925,-25.64818],[28.391367,-25.649149],[28.391367,-25.649752],[28.391052,-25.650245],[28.390948,-25.650842],[28.391011,-25.652827],[28.390719,-25.654003],[28.390524,-25.654221],[28.390432,-25.654651],[28.390753,-25.655334],[28.391029,-25.655517],[28.39147,-25.656108],[28.39131,-25.656521],[28.3896,-25.657399],[28.389038,-25.657468],[28.388183,-25.657761],[28.387282,-25.658283],[28.386973,-25.65857],[28.386892,-25.658988],[28.386898,-25.659717],[28.385366,-25.659895],[28.38275,-25.660245],[28.38119,-25.656022],[28.379445,-25.651427],[28.379136,-25.650681],[28.37808,-25.647818],[28.377995,-25.647478]]]}},{"type":"Feature","properties":{"id":"799041002","name":"Leeuwfontein SH","commuteMinutes":23,"nearestJobCenter":"Menlyn","distanceKm":null,"nearestTransitKm":5.893311785513971},"geometry":{"type":"Polygon","coordinates":[[[28.417332,-25.68534],[28.41556,-25.686228],[28.414768,-25.686542],[28.412781,-25.687677],[28.410439,-25.688963],[28.410475,-25.689016],[28.409182,-25.68976],[28.406905,-25.69101],[28.406881,-25.690971],[28.405458,-25.691733],[28.405081,-25.692103],[28.404627,-25.691913],[28.404095,-25.692178],[28.403063,-25.692534],[28.403034,-25.692769],[28.401629,-25.693359],[28.40173,-25.694025],[28.400475,-25.694472],[28.399871,-25.694767],[28.399383,-25.694298],[28.395414,-25.69595],[28.395074,-25.695574],[28.394546,-25.695878],[28.394725,-25.696082],[28.394491,-25.696212],[28.393724,-25.696302],[28.394144,-25.697332],[28.39472,-25.697332],[28.394957,-25.697596],[28.394823,-25.698301],[28.395247,-25.698435],[28.394293,-25.700706],[28.393366,-25.701378],[28.392992,-25.701496],[28.391626,-25.700226],[28.390585,-25.699965],[28.390295,-25.699627],[28.389921,-25.699406],[28.389311,-25.699379],[28.389338,-25.699135],[28.388693,-25.698954],[28.388235,-25.69895],[28.387009,-25.696636],[28.383224,-25.692075],[28.38272,-25.69138],[28.381788,-25.690249],[28.380848,-25.689287],[28.37955,-25.688256],[28.37832,-25.687209],[28.375456,-25.684704],[28.374493,-25.68394],[28.37392,-25.683344],[28.371125,-25.680907],[28.369589,-25.679593],[28.368596,-25.678692],[28.366465,-25.676828],[28.364364,-25.675094],[28.364013,-25.674888],[28.36273,-25.673964],[28.363777,-25.6726],[28.364432,-25.671295],[28.364558,-25.670743],[28.364837,-25.670038],[28.364695,-25.669426],[28.363962,-25.669093],[28.362504,-25.668814],[28.361837,-25.668781],[28.359886,-25.668858],[28.359307,-25.669202],[28.358815,-25.669371],[28.358154,-25.669377],[28.356745,-25.669125],[28.3561,-25.668765],[28.355111,-25.668049],[28.354521,-25.667213],[28.354373,-25.666295],[28.354581,-25.666093],[28.354685,-25.665525],[28.354515,-25.665011],[28.354084,-25.664312],[28.353712,-25.664131],[28.352745,-25.664148],[28.351833,-25.663957],[28.351253,-25.663465],[28.350544,-25.662538],[28.351615,-25.661891],[28.354555,-25.66071],[28.354716,-25.660576],[28.354514,-25.66024],[28.353414,-25.659381],[28.354206,-25.658509],[28.358903,-25.654147],[28.360635,-25.652509],[28.364326,-25.649154],[28.366393,-25.6471],[28.370205,-25.64353],[28.37305,-25.640886],[28.374768,-25.639078],[28.376484,-25.643381],[28.377995,-25.647478],[28.37808,-25.647818],[28.379136,-25.650681],[28.379445,-25.651427],[28.38119,-25.656022],[28.38275,-25.660245],[28.385366,-25.659895],[28.386898,-25.659717],[28.386892,-25.658988],[28.386973,-25.65857],[28.387282,-25.658283],[28.388183,-25.657761],[28.389038,-25.657468],[28.3896,-25.657399],[28.39131,-25.656521],[28.39147,-25.656108],[28.391029,-25.655517],[28.390753,-25.655334],[28.390432,-25.654651],[28.390524,-25.654221],[28.390719,-25.654003],[28.391011,-25.652827],[28.390948,-25.650842],[28.391052,-25.650245],[28.391367,-25.649752],[28.391367,-25.649149],[28.390925,-25.64818],[28.390748,-25.647531],[28.389233,-25.645868],[28.388103,-25.644898],[28.387403,-25.6446],[28.384538,-25.643224],[28.385033,-25.642885],[28.385487,-25.642574],[28.386671,-25.641592],[28.387354,-25.640947],[28.388134,-25.640062],[28.391562,-25.635951],[28.392517,-25.634555],[28.393017,-25.633614],[28.393561,-25.632233],[28.395266,-25.633644],[28.397368,-25.635481],[28.399514,-25.63726],[28.400366,-25.638083],[28.402424,-25.639847],[28.404732,-25.641772],[28.406966,-25.643712],[28.40967,-25.64599],[28.415124,-25.650473],[28.417754,-25.652738],[28.420709,-25.65525],[28.42237,-25.656823],[28.427191,-25.660998],[28.424669,-25.662478],[28.424096,-25.662769],[28.422142,-25.663967],[28.419567,-25.665618],[28.419272,-25.665769],[28.416805,-25.667324],[28.416058,-25.667949],[28.415559,-25.66821],[28.41456,-25.668874],[28.413774,-25.669261],[28.413653,-25.669473],[28.412454,-25.670146],[28.411369,-25.670932],[28.403488,-25.675848],[28.407685,-25.678776],[28.408498,-25.679817],[28.409029,-25.680079],[28.410978,-25.680925],[28.41332,-25.681907],[28.414075,-25.682164],[28.415858,-25.682542],[28.417172,-25.682678],[28.41823,-25.682708],[28.418094,-25.683221],[28.417746,-25.684037],[28.417332,-25.68534]]]}},{"type":"Feature","properties":{"id":"799042001","name":"Kameeldrift SH","commuteMinutes":17.55,"nearestJobCenter":"Menlyn","distanceKm":null,"nearestTransitKm":6.762360387260972},"geometry":{"type":"Polygon","coordinates":[[[28.327597,-25.630798],[28.331199,-25.634466],[28.334239,-25.637992],[28.335941,-25.640029],[28.337674,-25.64161],[28.341413,-25.64316],[28.341687,-25.643647],[28.341352,-25.645349],[28.34117,-25.646656],[28.341413,-25.648967],[28.341109,-25.650395],[28.340501,-25.651611],[28.340592,-25.652402],[28.341443,-25.652858],[28.342386,-25.652523],[28.343571,-25.651976],[28.344179,-25.651976],[28.344788,-25.65228],[28.345426,-25.652736],[28.345882,-25.653192],[28.346642,-25.653587],[28.347068,-25.653891],[28.347037,-25.654834],[28.35257,-25.655959],[28.353414,-25.659381],[28.354514,-25.66024],[28.354716,-25.660576],[28.354555,-25.66071],[28.351615,-25.661891],[28.350544,-25.662538],[28.349354,-25.663564],[28.345025,-25.670682],[28.344418,-25.671528],[28.342276,-25.675025],[28.341999,-25.67552],[28.340022,-25.678635],[28.33797,-25.681833],[28.336959,-25.683451],[28.336262,-25.684687],[28.332402,-25.683267],[28.331168,-25.68279],[28.327465,-25.681462],[28.325389,-25.680677],[28.324865,-25.680331],[28.324164,-25.68005],[28.321611,-25.679115],[28.321322,-25.678891],[28.320714,-25.678751],[28.318077,-25.677797],[28.313327,-25.675983],[28.310522,-25.674964],[28.309315,-25.674459],[28.305547,-25.673065],[28.303985,-25.672504],[28.302471,-25.671635],[28.301199,-25.670765],[28.30089,-25.670457],[28.299581,-25.669559],[28.298216,-25.668774],[28.297477,-25.66853],[28.29445,-25.667395],[28.29315,-25.666979],[28.291372,-25.666519],[28.27677,-25.661909],[28.27503,-25.661339],[28.273722,-25.66095],[28.273405,-25.660915],[28.274228,-25.65331],[28.274646,-25.65334],[28.278297,-25.653761],[28.283285,-25.645751],[28.284523,-25.643726],[28.285171,-25.642405],[28.285816,-25.641395],[28.286356,-25.640855],[28.28919,-25.636555],[28.290493,-25.634145],[28.293067,-25.63017],[28.296683,-25.624534],[28.299452,-25.620202],[28.302156,-25.615902],[28.302655,-25.615043],[28.304224,-25.612349],[28.305654,-25.610104],[28.306994,-25.608312],[28.307248,-25.608583],[28.308243,-25.610303],[28.310923,-25.615101],[28.315287,-25.622687],[28.31688,-25.625475],[28.318022,-25.627519],[28.321301,-25.633197],[28.322329,-25.634328],[28.322969,-25.633845],[28.327597,-25.630798]]]}},{"type":"Feature","properties":{"id":"799043001","name":"Derdepoort AH","commuteMinutes":13.39,"nearestJobCenter":"Menlyn","distanceKm":null,"nearestTransitKm":4.652637268984264},"geometry":{"type":"Polygon","coordinates":[[[28.336262,-25.684687],[28.335214,-25.691663],[28.334829,-25.694581],[28.327002,-25.695428],[28.326064,-25.695497],[28.321336,-25.694782],[28.31131,-25.693265],[28.305575,-25.693193],[28.303905,-25.691233],[28.300566,-25.692902],[28.299656,-25.692578],[28.298558,-25.692188],[28.296497,-25.691247],[28.295738,-25.690357],[28.294748,-25.689648],[28.295738,-25.687702],[28.29302,-25.687601],[28.292274,-25.685649],[28.291185,-25.685785],[28.290388,-25.685791],[28.288252,-25.685709],[28.286451,-25.685396],[28.283442,-25.68483],[28.282259,-25.684546],[28.2805,-25.684221],[28.280401,-25.684103],[28.279104,-25.681828],[28.274679,-25.674435],[28.273714,-25.672726],[28.273222,-25.671499],[28.27302,-25.670803],[28.272791,-25.669596],[28.272707,-25.668333],[28.272783,-25.667023],[28.273405,-25.660915],[28.273722,-25.66095],[28.27503,-25.661339],[28.27677,-25.661909],[28.291372,-25.666519],[28.29315,-25.666979],[28.29445,-25.667395],[28.297477,-25.66853],[28.298216,-25.668774],[28.299581,-25.669559],[28.30089,-25.670457],[28.301199,-25.670765],[28.302471,-25.671635],[28.303985,-25.672504],[28.305547,-25.673065],[28.309315,-25.674459],[28.310522,-25.674964],[28.313327,-25.675983],[28.318077,-25.677797],[28.320714,-25.678751],[28.321322,-25.678891],[28.321611,-25.679115],[28.324164,-25.68005],[28.324865,-25.680331],[28.325389,-25.680677],[28.327465,-25.681462],[28.331168,-25.68279],[28.332402,-25.683267],[28.336262,-25.684687]]]}},{"type":"Feature","properties":{"id":"799044001","name":"Baviaanspoort SH","commuteMinutes":23.38,"nearestJobCenter":"Menlyn","distanceKm":null,"nearestTransitKm":3.133321658683769},"geometry":{"type":"Polygon","coordinates":[[[28.388235,-25.69895],[28.387739,-25.699059],[28.386816,-25.699104],[28.386316,-25.698887],[28.385431,-25.698944],[28.38542,-25.699402],[28.383684,-25.699459],[28.382326,-25.699171],[28.382326,-25.698788],[28.382021,-25.698727],[28.382296,-25.697977],[28.381289,-25.697763],[28.380857,-25.698252],[28.380861,-25.698761],[28.380411,-25.69866],[28.380205,-25.698965],[28.379803,-25.699085],[28.379776,-25.699515],[28.380663,-25.699545],[28.381475,-25.699717],[28.381763,-25.700425],[28.382235,-25.700575],[28.382392,-25.701026],[28.383493,-25.701071],[28.383867,-25.701181],[28.383909,-25.7015],[28.384642,-25.701328],[28.385077,-25.701372],[28.385351,-25.701973],[28.384989,-25.70195],[28.382944,-25.702425],[28.38146,-25.702406],[28.380201,-25.702551],[28.380098,-25.702995],[28.379068,-25.70277],[28.379034,-25.702398],[28.378502,-25.70214],[28.378149,-25.701788],[28.377871,-25.701746],[28.376284,-25.701822],[28.375481,-25.701627],[28.375082,-25.701544],[28.373472,-25.70163],[28.370497,-25.7015],[28.370268,-25.701664],[28.369703,-25.701687],[28.369215,-25.70199],[28.368341,-25.701956],[28.367449,-25.701548],[28.366861,-25.701479],[28.366423,-25.701603],[28.366175,-25.702078],[28.365664,-25.702265],[28.365244,-25.702183],[28.364187,-25.702791],[28.363459,-25.702896],[28.362177,-25.702398],[28.361837,-25.70219],[28.360765,-25.701748],[28.360117,-25.701195],[28.359514,-25.700453],[28.357927,-25.699223],[28.357679,-25.699154],[28.357615,-25.69949],[28.357241,-25.699963],[28.356468,-25.700485],[28.355932,-25.700872],[28.354307,-25.701443],[28.353765,-25.701485],[28.352301,-25.701731],[28.351549,-25.701763],[28.350729,-25.701698],[28.350286,-25.701588],[28.349222,-25.701529],[28.347506,-25.70118],[28.346315,-25.700848],[28.345179,-25.700415],[28.345263,-25.70014],[28.344441,-25.69997],[28.344459,-25.699866],[28.343793,-25.699654],[28.343852,-25.699461],[28.34296,-25.699231],[28.34278,-25.699776],[28.342279,-25.699703],[28.341265,-25.700403],[28.339391,-25.700879],[28.33882,-25.701008],[28.336223,-25.701075],[28.334023,-25.700681],[28.334829,-25.694581],[28.335214,-25.691663],[28.336262,-25.684687],[28.336959,-25.683451],[28.33797,-25.681833],[28.340022,-25.678635],[28.341999,-25.67552],[28.342276,-25.675025],[28.344418,-25.671528],[28.345025,-25.670682],[28.349354,-25.663564],[28.350544,-25.662538],[28.351253,-25.663465],[28.351833,-25.663957],[28.352745,-25.664148],[28.353712,-25.664131],[28.354084,-25.664312],[28.354515,-25.665011],[28.354685,-25.665525],[28.354581,-25.666093],[28.354373,-25.666295],[28.354521,-25.667213],[28.355111,-25.668049],[28.3561,-25.668765],[28.356745,-25.669125],[28.358154,-25.669377],[28.358815,-25.669371],[28.359307,-25.669202],[28.359886,-25.668858],[28.361837,-25.668781],[28.362504,-25.668814],[28.363962,-25.669093],[28.364695,-25.669426],[28.364837,-25.670038],[28.364558,-25.670743],[28.364432,-25.671295],[28.363777,-25.6726],[28.36273,-25.673964],[28.364013,-25.674888],[28.364364,-25.675094],[28.366465,-25.676828],[28.368596,-25.678692],[28.369589,-25.679593],[28.371125,-25.680907],[28.37392,-25.683344],[28.374493,-25.68394],[28.375456,-25.684704],[28.37832,-25.687209],[28.37955,-25.688256],[28.380848,-25.689287],[28.381788,-25.690249],[28.38272,-25.69138],[28.383224,-25.692075],[28.387009,-25.696636],[28.388235,-25.69895]]]}},{"type":"Feature","properties":{"id":"799045001","name":"Mahube Valley Ext 1","commuteMinutes":23.35,"nearestJobCenter":"Hatfield","distanceKm":null,"nearestTransitKm":4.497829972544487},"geometry":{"type":"Polygon","coordinates":[[[28.419271,-25.693075],[28.418988,-25.692948],[28.413346,-25.693344],[28.412104,-25.691483],[28.411604,-25.690788],[28.410475,-25.689016],[28.410439,-25.688963],[28.412781,-25.687677],[28.414768,-25.686542],[28.41556,-25.686228],[28.417332,-25.68534],[28.41719,-25.68665],[28.417318,-25.687661],[28.417507,-25.688338],[28.419034,-25.692332],[28.419271,-25.693075]]]}},{"type":"Feature","properties":{"id":"799045002","name":"Mamelodi Ext 17","commuteMinutes":22.74,"nearestJobCenter":"Hatfield","distanceKm":null,"nearestTransitKm":3.9088191613641285},"geometry":{"type":"Polygon","coordinates":[[[28.419271,-25.693075],[28.41979,-25.694559],[28.419954,-25.695715],[28.419886,-25.696493],[28.419607,-25.698165],[28.418454,-25.698091],[28.416202,-25.698011],[28.413797,-25.697851],[28.410929,-25.697704],[28.410971,-25.698285],[28.40736,-25.699087],[28.407385,-25.698341],[28.407279,-25.697762],[28.40708,-25.697512],[28.405935,-25.697453],[28.406015,-25.697124],[28.405661,-25.696451],[28.405725,-25.694347],[28.405623,-25.693239],[28.405855,-25.693285],[28.406432,-25.69309],[28.406853,-25.693097],[28.407701,-25.692917],[28.408018,-25.692989],[28.40801,-25.69264],[28.407778,-25.69224],[28.407206,-25.691883],[28.40716,-25.691538],[28.406905,-25.69101],[28.409182,-25.68976],[28.410475,-25.689016],[28.411604,-25.690788],[28.412104,-25.691483],[28.413346,-25.693344],[28.418988,-25.692948],[28.419271,-25.693075]]]}},{"type":"Feature","properties":{"id":"799045003","name":"Mamelodi Ext 10","commuteMinutes":22.22,"nearestJobCenter":"Hatfield","distanceKm":null,"nearestTransitKm":3.1020288853349722},"geometry":{"type":"Polygon","coordinates":[[[28.40736,-25.699087],[28.406176,-25.699383],[28.407094,-25.70219],[28.40773,-25.70421],[28.408522,-25.70434],[28.408349,-25.704627],[28.40894,-25.705198],[28.408937,-25.705492],[28.407867,-25.705464],[28.407934,-25.706332],[28.408036,-25.706451],[28.408187,-25.708168],[28.408297,-25.708542],[28.409144,-25.710055],[28.408876,-25.710194],[28.404852,-25.705973],[28.404657,-25.705742],[28.401617,-25.702559],[28.400526,-25.701357],[28.398726,-25.699533],[28.398607,-25.699347],[28.395414,-25.69595],[28.399383,-25.694298],[28.399871,-25.694767],[28.400475,-25.694472],[28.40173,-25.694025],[28.401629,-25.693359],[28.403034,-25.692769],[28.403063,-25.692534],[28.404095,-25.692178],[28.404627,-25.691913],[28.405081,-25.692103],[28.405458,-25.691733],[28.406881,-25.690971],[28.406905,-25.69101],[28.40716,-25.691538],[28.407206,-25.691883],[28.407778,-25.69224],[28.40801,-25.69264],[28.408018,-25.692989],[28.407701,-25.692917],[28.406853,-25.693097],[28.406432,-25.69309],[28.405855,-25.693285],[28.405623,-25.693239],[28.405725,-25.694347],[28.405661,-25.696451],[28.406015,-25.697124],[28.405935,-25.697453],[28.40708,-25.697512],[28.407279,-25.697762],[28.407385,-25.698341],[28.40736,-25.699087]]]}},{"type":"Feature","properties":{"id":"799045004","name":"Stanza Bopape","commuteMinutes":22.77,"nearestJobCenter":"Hatfield","distanceKm":null,"nearestTransitKm":2.8722810946083213},"geometry":{"type":"Polygon","coordinates":[[[28.398726,-25.699533],[28.394094,-25.702656],[28.393465,-25.703098],[28.391161,-25.704584],[28.390342,-25.703331],[28.391024,-25.702923],[28.389662,-25.701042],[28.388599,-25.701643],[28.388208,-25.701872],[28.388021,-25.701591],[28.387528,-25.701736],[28.387438,-25.701908],[28.386871,-25.702198],[28.38555,-25.702349],[28.385351,-25.701973],[28.385077,-25.701372],[28.384642,-25.701328],[28.383909,-25.7015],[28.383867,-25.701181],[28.383493,-25.701071],[28.382392,-25.701026],[28.382235,-25.700575],[28.381763,-25.700425],[28.381475,-25.699717],[28.380663,-25.699545],[28.379776,-25.699515],[28.379803,-25.699085],[28.380205,-25.698965],[28.380411,-25.69866],[28.380861,-25.698761],[28.380857,-25.698252],[28.381289,-25.697763],[28.382296,-25.697977],[28.382021,-25.698727],[28.382326,-25.698788],[28.382326,-25.699171],[28.383684,-25.699459],[28.38542,-25.699402],[28.385431,-25.698944],[28.386316,-25.698887],[28.386816,-25.699104],[28.387739,-25.699059],[28.388235,-25.69895],[28.388693,-25.698954],[28.389338,-25.699135],[28.389311,-25.699379],[28.389921,-25.699406],[28.390295,-25.699627],[28.390585,-25.699965],[28.391626,-25.700226],[28.392992,-25.701496],[28.393366,-25.701378],[28.394293,-25.700706],[28.395247,-25.698435],[28.394823,-25.698301],[28.394957,-25.697596],[28.39472,-25.697332],[28.394144,-25.697332],[28.393724,-25.696302],[28.394491,-25.696212],[28.394725,-25.696082],[28.394546,-25.695878],[28.395074,-25.695574],[28.395414,-25.69595],[28.398607,-25.699347],[28.398726,-25.699533]]]}},{"type":"Feature","properties":{"id":"799045005","name":"Eastwood","commuteMinutes":23.3,"nearestJobCenter":"Menlyn","distanceKm":null,"nearestTransitKm":2.4437792957274564},"geometry":{"type":"Polygon","coordinates":[[[28.388599,-25.701643],[28.389301,-25.702618],[28.385585,-25.704791],[28.38523,-25.705021],[28.385013,-25.705111],[28.382148,-25.706806],[28.381688,-25.704555],[28.376048,-25.705477],[28.375609,-25.703253],[28.375805,-25.702654],[28.37554,-25.702592],[28.375481,-25.701627],[28.376284,-25.701822],[28.377871,-25.701746],[28.378149,-25.701788],[28.378502,-25.70214],[28.379034,-25.702398],[28.379068,-25.70277],[28.380098,-25.702995],[28.380201,-25.702551],[28.38146,-25.702406],[28.382944,-25.702425],[28.384989,-25.70195],[28.385351,-25.701973],[28.38555,-25.702349],[28.386871,-25.702198],[28.387438,-25.701908],[28.387528,-25.701736],[28.388021,-25.701591],[28.388208,-25.701872],[28.388599,-25.701643]]]}},{"type":"Feature","properties":{"id":"799045006","name":"Selbourne Site","commuteMinutes":22.03,"nearestJobCenter":"Hatfield","distanceKm":null,"nearestTransitKm":2.5186198041937584},"geometry":{"type":"Polygon","coordinates":[[[28.391161,-25.704584],[28.386758,-25.707135],[28.386602,-25.706859],[28.385347,-25.705085],[28.38523,-25.705021],[28.385585,-25.704791],[28.389301,-25.702618],[28.388599,-25.701643],[28.389662,-25.701042],[28.391024,-25.702923],[28.390342,-25.703331],[28.391161,-25.704584]]]}},{"type":"Feature","properties":{"id":"799045007","name":"Mamelodi S&S","commuteMinutes":21.46,"nearestJobCenter":"Menlyn","distanceKm":null,"nearestTransitKm":2.016026558857928},"geometry":{"type":"Polygon","coordinates":[[[28.375481,-25.701627],[28.37554,-25.702592],[28.375805,-25.702654],[28.375609,-25.703253],[28.376048,-25.705477],[28.381688,-25.704555],[28.382148,-25.706806],[28.385013,-25.705111],[28.38523,-25.705021],[28.385347,-25.705085],[28.386602,-25.706859],[28.386758,-25.707135],[28.378901,-25.711758],[28.377554,-25.709868],[28.378434,-25.708976],[28.378266,-25.708491],[28.37752,-25.708547],[28.374978,-25.708131],[28.373564,-25.707968],[28.37215,-25.707635],[28.369714,-25.707323],[28.36922,-25.707333],[28.368754,-25.70721],[28.368852,-25.706695],[28.369392,-25.706732],[28.369496,-25.706198],[28.368968,-25.706113],[28.368962,-25.705463],[28.369134,-25.704954],[28.368729,-25.704905],[28.368762,-25.7043],[28.369073,-25.70236],[28.369215,-25.70199],[28.369703,-25.701687],[28.370268,-25.701664],[28.370497,-25.7015],[28.373472,-25.70163],[28.375082,-25.701544],[28.375481,-25.701627]]]}},{"type":"Feature","properties":{"id":"799045008","name":"Moretele Park","commuteMinutes":21.53,"nearestJobCenter":"Menlyn","distanceKm":null,"nearestTransitKm":2.1505293265969154},"geometry":{"type":"Polygon","coordinates":[[[28.369215,-25.70199],[28.369073,-25.70236],[28.368762,-25.7043],[28.368068,-25.704263],[28.367558,-25.704457],[28.363765,-25.704105],[28.361085,-25.704135],[28.359813,-25.703804],[28.35704,-25.704005],[28.356922,-25.702695],[28.357411,-25.702673],[28.357569,-25.701776],[28.357738,-25.701578],[28.357363,-25.70138],[28.357609,-25.70092],[28.356468,-25.700485],[28.357241,-25.699963],[28.357615,-25.69949],[28.357679,-25.699154],[28.357927,-25.699223],[28.359514,-25.700453],[28.360117,-25.701195],[28.360765,-25.701748],[28.361837,-25.70219],[28.362177,-25.702398],[28.363459,-25.702896],[28.364187,-25.702791],[28.365244,-25.702183],[28.365664,-25.702265],[28.366175,-25.702078],[28.366423,-25.701603],[28.366861,-25.701479],[28.367449,-25.701548],[28.368341,-25.701956],[28.369215,-25.70199]]]}},{"type":"Feature","properties":{"id":"799045009","name":"Mamelodi LC5","commuteMinutes":20.68,"nearestJobCenter":"Menlyn","distanceKm":null,"nearestTransitKm":2.2490177995321012},"geometry":{"type":"Polygon","coordinates":[[[28.356468,-25.700485],[28.357609,-25.70092],[28.357363,-25.70138],[28.357738,-25.701578],[28.357569,-25.701776],[28.357411,-25.702673],[28.356922,-25.702695],[28.35704,-25.704005],[28.353097,-25.70431],[28.353096,-25.70431],[28.352733,-25.703368],[28.352472,-25.702965],[28.351968,-25.702558],[28.351184,-25.702279],[28.347276,-25.702075],[28.344606,-25.701954],[28.339314,-25.70169],[28.339391,-25.700879],[28.341265,-25.700403],[28.342279,-25.699703],[28.34278,-25.699776],[28.34296,-25.699231],[28.343852,-25.699461],[28.343793,-25.699654],[28.344459,-25.699866],[28.344441,-25.69997],[28.345263,-25.70014],[28.345179,-25.700415],[28.346315,-25.700848],[28.347506,-25.70118],[28.349222,-25.701529],[28.350286,-25.701588],[28.350729,-25.701698],[28.351549,-25.701763],[28.352301,-25.701731],[28.353765,-25.701485],[28.354307,-25.701443],[28.355932,-25.700872],[28.356468,-25.700485]]]}},{"type":"Feature","properties":{"id":"799045010","name":"Mamelodi JB3","commuteMinutes":20.22,"nearestJobCenter":"Menlyn","distanceKm":null,"nearestTransitKm":2.0482516859993996},"geometry":{"type":"Polygon","coordinates":[[[28.344606,-25.701954],[28.347276,-25.702075],[28.351184,-25.702279],[28.351968,-25.702558],[28.352472,-25.702965],[28.352733,-25.703368],[28.353096,-25.70431],[28.352295,-25.704356],[28.346922,-25.704783],[28.344413,-25.704661],[28.344606,-25.701954]]]}},{"type":"Feature","properties":{"id":"799045011","name":"Mamelodi KC4","commuteMinutes":19.57,"nearestJobCenter":"Menlyn","distanceKm":null,"nearestTransitKm":1.6541333728044987},"geometry":{"type":"Polygon","coordinates":[[[28.339391,-25.700879],[28.339314,-25.70169],[28.344606,-25.701954],[28.344413,-25.704661],[28.346922,-25.704783],[28.352295,-25.704356],[28.353096,-25.70431],[28.353097,-25.70431],[28.353563,-25.705552],[28.35178,-25.706026],[28.349843,-25.706409],[28.349578,-25.706932],[28.348025,-25.70744],[28.346813,-25.708011],[28.346106,-25.708075],[28.346125,-25.710969],[28.345779,-25.710973],[28.342155,-25.710989],[28.338535,-25.709537],[28.337217,-25.707386],[28.335668,-25.704703],[28.335676,-25.704326],[28.335933,-25.702989],[28.336223,-25.701075],[28.33882,-25.701008],[28.339391,-25.700879]]]}},{"type":"Feature","properties":{"id":"799045012","name":"Mamelodi FB3","commuteMinutes":15.36,"nearestJobCenter":"Menlyn","distanceKm":null,"nearestTransitKm":0.8178288080418278},"geometry":{"type":"Polygon","coordinates":[[[28.334829,-25.694581],[28.334023,-25.700681],[28.336223,-25.701075],[28.335933,-25.702989],[28.332663,-25.702608],[28.329462,-25.70224],[28.329416,-25.702726],[28.330084,-25.70545],[28.3309,-25.708914],[28.330912,-25.709051],[28.331942,-25.708838],[28.332949,-25.711468],[28.33317,-25.711859],[28.333761,-25.712509],[28.334429,-25.712938],[28.334894,-25.713118],[28.336549,-25.7136],[28.34061,-25.714738],[28.342147,-25.714727],[28.343432,-25.714721],[28.343425,-25.718302],[28.341013,-25.718271],[28.339331,-25.718023],[28.337141,-25.717382],[28.33573,-25.716854],[28.334948,-25.71664],[28.333559,-25.716419],[28.332121,-25.716293],[28.331007,-25.71632],[28.330912,-25.7155],[28.330351,-25.715397],[28.327052,-25.71534],[28.326727,-25.713976],[28.328377,-25.714148],[28.330732,-25.714309],[28.330309,-25.713072],[28.329096,-25.70785],[28.328413,-25.705036],[28.328302,-25.705086],[28.324766,-25.705753],[28.324408,-25.704258],[28.323732,-25.70145],[28.323153,-25.698845],[28.322321,-25.698944],[28.321336,-25.694782],[28.326064,-25.695497],[28.327002,-25.695428],[28.334829,-25.694581]]]}},{"type":"Feature","properties":{"id":"799045013","name":"Mamelodi EB2","commuteMinutes":16.77,"nearestJobCenter":"Menlyn","distanceKm":null,"nearestTransitKm":1.3234545171897272},"geometry":{"type":"Polygon","coordinates":[[[28.332663,-25.702608],[28.331894,-25.708662],[28.331942,-25.708838],[28.330912,-25.709051],[28.3309,-25.708914],[28.330084,-25.70545],[28.329416,-25.702726],[28.329462,-25.70224],[28.332663,-25.702608]]]}},{"type":"Feature","properties":{"id":"799045014","name":"Mamelodi DB1","commuteMinutes":16.78,"nearestJobCenter":"Menlyn","distanceKm":null,"nearestTransitKm":1.2715628756826893},"geometry":{"type":"Polygon","coordinates":[[[28.331942,-25.708838],[28.331894,-25.708662],[28.332663,-25.702608],[28.335933,-25.702989],[28.335676,-25.704326],[28.335668,-25.704703],[28.337217,-25.707386],[28.336427,-25.707774],[28.335748,-25.70802],[28.333433,-25.708702],[28.331942,-25.708838]]]}},{"type":"Feature","properties":{"id":"799045015","name":"Mamelodi CA3","commuteMinutes":15.14,"nearestJobCenter":"Menlyn","distanceKm":null,"nearestTransitKm":0.8309461534297906},"geometry":{"type":"Polygon","coordinates":[[[28.336549,-25.7136],[28.334894,-25.713118],[28.334429,-25.712938],[28.333761,-25.712509],[28.33317,-25.711859],[28.332949,-25.711468],[28.331942,-25.708838],[28.333433,-25.708702],[28.335748,-25.70802],[28.336427,-25.707774],[28.337217,-25.707386],[28.338535,-25.709537],[28.338385,-25.709664],[28.336913,-25.712778],[28.336549,-25.7136]]]}},{"type":"Feature","properties":{"id":"799045016","name":"Mamelodi BA1","commuteMinutes":15.01,"nearestJobCenter":"Menlyn","distanceKm":null,"nearestTransitKm":0.718958093073794},"geometry":{"type":"Polygon","coordinates":[[[28.336549,-25.7136],[28.336913,-25.712778],[28.338385,-25.709664],[28.338535,-25.709537],[28.342155,-25.710989],[28.342147,-25.714727],[28.34061,-25.714738],[28.336549,-25.7136]]]}},{"type":"Feature","properties":{"id":"799045017","name":"Mamelodi AA4","commuteMinutes":16.15,"nearestJobCenter":"Menlyn","distanceKm":null,"nearestTransitKm":0.870793159091458},"geometry":{"type":"Polygon","coordinates":[[[28.342147,-25.714727],[28.342155,-25.710989],[28.345779,-25.710973],[28.345775,-25.712914],[28.345809,-25.714713],[28.343432,-25.714721],[28.342147,-25.714727]]]}},{"type":"Feature","properties":{"id":"799045018","name":"Mamelodi SA5","commuteMinutes":17.23,"nearestJobCenter":"Menlyn","distanceKm":null,"nearestTransitKm":1.1088568579759568},"geometry":{"type":"Polygon","coordinates":[[[28.352043,-25.71089],[28.352094,-25.711075],[28.352137,-25.714684],[28.345809,-25.714713],[28.345775,-25.712914],[28.345779,-25.710973],[28.346125,-25.710969],[28.34807,-25.710984],[28.351561,-25.71096],[28.352043,-25.71089]]]}},{"type":"Feature","properties":{"id":"799045019","name":"Mamelodi RD5","commuteMinutes":18.39,"nearestJobCenter":"Menlyn","distanceKm":null,"nearestTransitKm":1.5215889015955346},"geometry":{"type":"Polygon","coordinates":[[[28.346125,-25.710969],[28.346106,-25.708075],[28.346813,-25.708011],[28.348025,-25.70744],[28.349578,-25.706932],[28.349843,-25.706409],[28.35178,-25.706026],[28.353563,-25.705552],[28.354478,-25.708086],[28.352043,-25.71089],[28.351561,-25.71096],[28.34807,-25.710984],[28.346125,-25.710969]]]}},{"type":"Feature","properties":{"id":"799045020","name":"Mamelodi MD1","commuteMinutes":19.86,"nearestJobCenter":"Menlyn","distanceKm":null,"nearestTransitKm":1.7115053585343192},"geometry":{"type":"Polygon","coordinates":[[[28.361085,-25.704135],[28.362023,-25.7057],[28.361698,-25.7093],[28.361758,-25.709407],[28.360485,-25.710248],[28.359851,-25.709755],[28.356502,-25.708737],[28.354478,-25.708086],[28.353563,-25.705552],[28.353097,-25.70431],[28.35704,-25.704005],[28.359813,-25.703804],[28.361085,-25.704135]]]}},{"type":"Feature","properties":{"id":"799045021","name":"Mamelodi ND6","commuteMinutes":20.17,"nearestJobCenter":"Menlyn","distanceKm":null,"nearestTransitKm":1.5770639067293697},"geometry":{"type":"Polygon","coordinates":[[[28.368762,-25.7043],[28.368729,-25.704905],[28.369134,-25.704954],[28.368962,-25.705463],[28.368968,-25.706113],[28.369496,-25.706198],[28.369392,-25.706732],[28.368852,-25.706695],[28.368754,-25.70721],[28.36817,-25.707263],[28.368319,-25.707941],[28.368402,-25.70896],[28.368292,-25.709131],[28.368677,-25.709639],[28.368525,-25.710472],[28.365479,-25.710479],[28.36509,-25.71041],[28.361758,-25.709407],[28.361698,-25.7093],[28.362023,-25.7057],[28.361085,-25.704135],[28.363765,-25.704105],[28.367558,-25.704457],[28.368068,-25.704263],[28.368762,-25.7043]]]}},{"type":"Feature","properties":{"id":"799045022","name":"Khalambazo","commuteMinutes":20.32,"nearestJobCenter":"Menlyn","distanceKm":null,"nearestTransitKm":1.302438171598178},"geometry":{"type":"Polygon","coordinates":[[[28.378901,-25.711758],[28.376562,-25.71312],[28.37607,-25.713432],[28.374714,-25.714131],[28.373982,-25.713158],[28.373752,-25.712581],[28.373808,-25.711937],[28.373472,-25.711842],[28.369236,-25.713931],[28.368795,-25.714197],[28.368284,-25.713863],[28.367952,-25.713484],[28.367872,-25.713102],[28.367392,-25.712906],[28.367819,-25.71184],[28.368525,-25.710472],[28.368677,-25.709639],[28.368292,-25.709131],[28.368402,-25.70896],[28.368319,-25.707941],[28.36817,-25.707263],[28.368754,-25.70721],[28.36922,-25.707333],[28.369714,-25.707323],[28.37215,-25.707635],[28.373564,-25.707968],[28.374978,-25.708131],[28.37752,-25.708547],[28.378266,-25.708491],[28.378434,-25.708976],[28.377554,-25.709868],[28.378901,-25.711758]]]}},{"type":"Feature","properties":{"id":"799045023","name":"Mamelodi Fourteens","commuteMinutes":21.4,"nearestJobCenter":"Hatfield","distanceKm":null,"nearestTransitKm":1.848034717686866},"geometry":{"type":"Polygon","coordinates":[[[28.391166,-25.71193],[28.385992,-25.712175],[28.384714,-25.712399],[28.383652,-25.71271],[28.382807,-25.713078],[28.381609,-25.713799],[28.381078,-25.714228],[28.380675,-25.714412],[28.380476,-25.714006],[28.378901,-25.711758],[28.386758,-25.707135],[28.391161,-25.704584],[28.393465,-25.703098],[28.39488,-25.705597],[28.395812,-25.707324],[28.393547,-25.708326],[28.393309,-25.708496],[28.39148,-25.709319],[28.391119,-25.711283],[28.391166,-25.71193]]]}},{"type":"Feature","properties":{"id":"799045024","name":"Mamelodi Ext 5","commuteMinutes":19.61,"nearestJobCenter":"Hatfield","distanceKm":null,"nearestTransitKm":1.9299657165924258},"geometry":{"type":"Polygon","coordinates":[[[28.400896,-25.723574],[28.397097,-25.723154],[28.397406,-25.720537],[28.397165,-25.719934],[28.396143,-25.71908],[28.39588,-25.718351],[28.395868,-25.717237],[28.39916,-25.717306],[28.399954,-25.717415],[28.399996,-25.715485],[28.400266,-25.715473],[28.400268,-25.715183],[28.399697,-25.715178],[28.399255,-25.714019],[28.399233,-25.713718],[28.398932,-25.712904],[28.398912,-25.712652],[28.398475,-25.712494],[28.398661,-25.712128],[28.398302,-25.711967],[28.399061,-25.710478],[28.397459,-25.709841],[28.396891,-25.70923],[28.395812,-25.707324],[28.39488,-25.705597],[28.393465,-25.703098],[28.394094,-25.702656],[28.398726,-25.699533],[28.400526,-25.701357],[28.401617,-25.702559],[28.404657,-25.705742],[28.404852,-25.705973],[28.408876,-25.710194],[28.409658,-25.710997],[28.407827,-25.711821],[28.406084,-25.712811],[28.405016,-25.713558],[28.40341,-25.715235],[28.402525,-25.716646],[28.401934,-25.717772],[28.401545,-25.71891],[28.401114,-25.72172],[28.400896,-25.723574]]]}},{"type":"Feature","properties":{"id":"799045025","name":"Mamelodi Ext 7","commuteMinutes":20.52,"nearestJobCenter":"Hatfield","distanceKm":null,"nearestTransitKm":2.585277207334813},"geometry":{"type":"Polygon","coordinates":[[[28.408937,-25.705492],[28.410212,-25.70549],[28.412935,-25.707855],[28.413206,-25.707716],[28.413782,-25.708002],[28.413773,-25.708577],[28.414833,-25.709495],[28.413496,-25.709705],[28.411627,-25.710262],[28.409658,-25.710997],[28.408876,-25.710194],[28.409144,-25.710055],[28.408297,-25.708542],[28.408187,-25.708168],[28.408036,-25.706451],[28.407934,-25.706332],[28.407867,-25.705464],[28.408937,-25.705492]]]}},{"type":"Feature","properties":{"id":"799045026","name":"Mahube Valley Ext 3","commuteMinutes":20.91,"nearestJobCenter":"Hatfield","distanceKm":null,"nearestTransitKm":2.566948585990295},"geometry":{"type":"Polygon","coordinates":[[[28.416899,-25.703499],[28.418627,-25.703465],[28.418512,-25.704876],[28.41857,-25.706118],[28.418768,-25.707422],[28.419085,-25.708965],[28.419684,-25.709459],[28.419809,-25.709948],[28.420214,-25.712471],[28.420504,-25.713575],[28.420763,-25.714166],[28.420696,-25.714281],[28.419813,-25.714355],[28.419622,-25.714165],[28.41979,-25.713778],[28.419054,-25.713194],[28.418415,-25.712572],[28.417472,-25.711765],[28.414833,-25.709495],[28.413773,-25.708577],[28.413782,-25.708002],[28.413206,-25.707716],[28.412935,-25.707855],[28.410212,-25.70549],[28.408937,-25.705492],[28.40894,-25.705198],[28.408349,-25.704627],[28.408522,-25.70434],[28.40773,-25.70421],[28.407094,-25.70219],[28.407499,-25.702065],[28.407923,-25.703396],[28.410879,-25.703453],[28.410879,-25.705145],[28.411036,-25.705229],[28.413069,-25.705254],[28.413122,-25.703939],[28.414358,-25.702845],[28.414728,-25.703201],[28.415228,-25.703482],[28.416899,-25.703499]]]}},{"type":"Feature","properties":{"id":"799045027","name":"Mahube Valley Ext 2","commuteMinutes":21.58,"nearestJobCenter":"Hatfield","distanceKm":null,"nearestTransitKm":3.4247416724928024},"geometry":{"type":"Polygon","coordinates":[[[28.418627,-25.703465],[28.416899,-25.703499],[28.416925,-25.700958],[28.41638,-25.700396],[28.413774,-25.70035],[28.413797,-25.697851],[28.416202,-25.698011],[28.418454,-25.698091],[28.419607,-25.698165],[28.418768,-25.702299],[28.418627,-25.703465]]]}},{"type":"Feature","properties":{"id":"799045028","name":"Mahube Valley","commuteMinutes":21.77,"nearestJobCenter":"Hatfield","distanceKm":null,"nearestTransitKm":3.342142134163969},"geometry":{"type":"Polygon","coordinates":[[[28.413797,-25.697851],[28.413774,-25.70035],[28.41638,-25.700396],[28.416925,-25.700958],[28.416899,-25.703499],[28.415228,-25.703482],[28.414728,-25.703201],[28.414358,-25.702845],[28.413122,-25.703939],[28.413069,-25.705254],[28.411036,-25.705229],[28.410879,-25.705145],[28.410879,-25.703453],[28.407923,-25.703396],[28.407499,-25.702065],[28.407094,-25.70219],[28.406176,-25.699383],[28.40736,-25.699087],[28.410971,-25.698285],[28.410929,-25.697704],[28.413797,-25.697851]]]}},{"type":"Feature","properties":{"id":"799045029","name":"Mamelodi Ext 6","commuteMinutes":21.51,"nearestJobCenter":"Hatfield","distanceKm":null,"nearestTransitKm":1.8160907177199088},"geometry":{"type":"MultiPolygon","coordinates":[[[[28.400896,-25.723574],[28.401114,-25.72172],[28.401545,-25.71891],[28.401934,-25.717772],[28.402525,-25.716646],[28.40341,-25.715235],[28.405016,-25.713558],[28.405664,-25.71427],[28.406676,-25.713357],[28.406649,-25.71328],[28.4073,-25.712917],[28.407888,-25.712719],[28.408063,-25.712899],[28.408536,-25.714073],[28.408682,-25.71402],[28.408892,-25.714376],[28.408681,-25.71445],[28.408989,-25.715095],[28.409397,-25.715368],[28.410124,-25.716791],[28.410422,-25.717472],[28.410847,-25.719156],[28.411119,-25.721443],[28.407938,-25.722681],[28.407049,-25.722849],[28.404402,-25.723883],[28.40394,-25.723911],[28.400896,-25.723574]]],[[[28.44507,-25.73134],[28.444815,-25.731039],[28.44253,-25.728825],[28.441797,-25.728437],[28.441389,-25.728346],[28.442122,-25.727747],[28.442194,-25.727449],[28.440992,-25.725904],[28.440828,-25.725075],[28.44029,-25.724138],[28.440195,-25.723309],[28.439829,-25.722439],[28.439505,-25.720808],[28.43928,-25.719133],[28.438875,-25.718321],[28.43878,-25.717894],[28.438868,-25.717581],[28.439306,-25.716871],[28.43936,-25.716511],[28.43918,-25.715897],[28.43854,-25.714886],[28.438303,-25.714104],[28.437868,-25.713211],[28.437433,-25.711266],[28.437403,-25.710623],[28.437243,-25.710543],[28.435453,-25.71142],[28.433077,-25.712431],[28.430769,-25.713491],[28.430281,-25.713564],[28.429174,-25.714069],[28.427478,-25.714724],[28.427027,-25.71508],[28.423091,-25.716632],[28.422468,-25.716094],[28.42148,-25.715124],[28.420696,-25.714425],[28.420696,-25.714281],[28.420763,-25.714166],[28.420504,-25.713575],[28.420214,-25.712471],[28.419809,-25.709948],[28.419684,-25.709459],[28.419085,-25.708965],[28.418768,-25.707422],[28.41857,-25.706118],[28.418512,-25.704876],[28.418627,-25.703465],[28.418768,-25.702299],[28.419607,-25.698165],[28.419886,-25.696493],[28.419954,-25.695715],[28.41979,-25.694559],[28.419271,-25.693075],[28.419034,-25.692332],[28.417507,-25.688338],[28.417318,-25.687661],[28.41719,-25.68665],[28.417332,-25.68534],[28.417501,-25.68541],[28.420252,-25.68726],[28.421419,-25.688549],[28.425081,-25.69253],[28.42885,-25.69574],[28.4345,-25.700569],[28.437952,-25.703539],[28.443121,-25.70801],[28.443781,-25.715939],[28.44401,-25.71859],[28.444653,-25.726311],[28.444999,-25.726914],[28.444871,-25.72709],[28.445242,-25.727989],[28.445745,-25.728595],[28.445337,-25.728881],[28.446196,-25.729838],[28.446421,-25.729795],[28.446973,-25.730286],[28.44789,-25.730606],[28.447274,-25.731239],[28.447213,-25.731172],[28.446162,-25.732178],[28.44507,-25.73134]]]]}},{"type":"Feature","properties":{"id":"799045030","name":"Mamelodi Ext 22","commuteMinutes":24.93,"nearestJobCenter":"Hatfield","distanceKm":null,"nearestTransitKm":1.4016878119658938},"geometry":{"type":"Polygon","coordinates":[[[28.44507,-25.73134],[28.445196,-25.732969],[28.444723,-25.732836],[28.444429,-25.732588],[28.443861,-25.731897],[28.443293,-25.731802],[28.443178,-25.731644],[28.441862,-25.730751],[28.441191,-25.729872],[28.440374,-25.729094],[28.440573,-25.728844],[28.440233,-25.728695],[28.440313,-25.728422],[28.439764,-25.728033],[28.438848,-25.727667],[28.43778,-25.726845],[28.436331,-25.725971],[28.435179,-25.725273],[28.434549,-25.724623],[28.433931,-25.724306],[28.433527,-25.723915],[28.433569,-25.723743],[28.433226,-25.723171],[28.432905,-25.722988],[28.432062,-25.722008],[28.431479,-25.721537],[28.430937,-25.720741],[28.430532,-25.720568],[28.430438,-25.720364],[28.430772,-25.720225],[28.430365,-25.719725],[28.430056,-25.719194],[28.42956,-25.718634],[28.429464,-25.718296],[28.428991,-25.717424],[28.42906,-25.717024],[28.428377,-25.715725],[28.427965,-25.715063],[28.427679,-25.715147],[28.427478,-25.714724],[28.429174,-25.714069],[28.430281,-25.713564],[28.430769,-25.713491],[28.433077,-25.712431],[28.435453,-25.71142],[28.437243,-25.710543],[28.437403,-25.710623],[28.437433,-25.711266],[28.437868,-25.713211],[28.438303,-25.714104],[28.43854,-25.714886],[28.43918,-25.715897],[28.43936,-25.716511],[28.439306,-25.716871],[28.438868,-25.717581],[28.43878,-25.717894],[28.438875,-25.718321],[28.43928,-25.719133],[28.439505,-25.720808],[28.439829,-25.722439],[28.440195,-25.723309],[28.44029,-25.724138],[28.440828,-25.725075],[28.440992,-25.725904],[28.442194,-25.727449],[28.442122,-25.727747],[28.441389,-25.728346],[28.441797,-25.728437],[28.44253,-25.728825],[28.444815,-25.731039],[28.44507,-25.73134]]]}},{"type":"Feature","properties":{"id":"799045031","name":"Mamelodi Ext 11","commuteMinutes":22.21,"nearestJobCenter":"Hatfield","distanceKm":null,"nearestTransitKm":1.1424233543105984},"geometry":{"type":"Polygon","coordinates":[[[28.427478,-25.714724],[28.427679,-25.715147],[28.427965,-25.715063],[28.428377,-25.715725],[28.42906,-25.717024],[28.428991,-25.717424],[28.429464,-25.718296],[28.42956,-25.718634],[28.430056,-25.719194],[28.430365,-25.719725],[28.430772,-25.720225],[28.430438,-25.720364],[28.430532,-25.720568],[28.430937,-25.720741],[28.431479,-25.721537],[28.432062,-25.722008],[28.432905,-25.722988],[28.433226,-25.723171],[28.433569,-25.723743],[28.433527,-25.723915],[28.433931,-25.724306],[28.434549,-25.724623],[28.435179,-25.725273],[28.436331,-25.725971],[28.435839,-25.726646],[28.433466,-25.725988],[28.432985,-25.725941],[28.431843,-25.725638],[28.431738,-25.725916],[28.431181,-25.726402],[28.430491,-25.727437],[28.430249,-25.728025],[28.42996,-25.728348],[28.429377,-25.728395],[28.428839,-25.728544],[28.428141,-25.728477],[28.428362,-25.729881],[28.428986,-25.729866],[28.429026,-25.730274],[28.427389,-25.730453],[28.42745,-25.730742],[28.427084,-25.730721],[28.426889,-25.729546],[28.426401,-25.729778],[28.425287,-25.730658],[28.42473,-25.729858],[28.424065,-25.729214],[28.423971,-25.728856],[28.423376,-25.728859],[28.42362,-25.728512],[28.423357,-25.728203],[28.422724,-25.727753],[28.422647,-25.727428],[28.421816,-25.72604],[28.421011,-25.724953],[28.420846,-25.724489],[28.420369,-25.723822],[28.420453,-25.723533],[28.421527,-25.723372],[28.421387,-25.722658],[28.421269,-25.721571],[28.421173,-25.721582],[28.420314,-25.717091],[28.420427,-25.716578],[28.420416,-25.715981],[28.42008,-25.71521],[28.419813,-25.714355],[28.420696,-25.714281],[28.420696,-25.714425],[28.42148,-25.715124],[28.422468,-25.716094],[28.423091,-25.716632],[28.427027,-25.71508],[28.427478,-25.714724]]]}},{"type":"Feature","properties":{"id":"799045032","name":"Mamelodi Ext 8","commuteMinutes":21.27,"nearestJobCenter":"Hatfield","distanceKm":null,"nearestTransitKm":1.5666545603730502},"geometry":{"type":"Polygon","coordinates":[[[28.419813,-25.714355],[28.42008,-25.71521],[28.420416,-25.715981],[28.420427,-25.716578],[28.420314,-25.717091],[28.421173,-25.721582],[28.421269,-25.721571],[28.421387,-25.722658],[28.421527,-25.723372],[28.420453,-25.723533],[28.419977,-25.72336],[28.418402,-25.721394],[28.41688,-25.719351],[28.416759,-25.719126],[28.41548,-25.71962],[28.41537,-25.719387],[28.414771,-25.719704],[28.414427,-25.717381],[28.413893,-25.715899],[28.413473,-25.71516],[28.412489,-25.713989],[28.415701,-25.712696],[28.415662,-25.712439],[28.417472,-25.711765],[28.418415,-25.712572],[28.419054,-25.713194],[28.41979,-25.713778],[28.419622,-25.714165],[28.419813,-25.714355]]]}},{"type":"Feature","properties":{"id":"799045033","name":"Mamelodi Ext 20","commuteMinutes":19.25,"nearestJobCenter":"Hatfield","distanceKm":null,"nearestTransitKm":2.1901540597473126},"geometry":{"type":"Polygon","coordinates":[[[28.412489,-25.713989],[28.409658,-25.710997],[28.411627,-25.710262],[28.413496,-25.709705],[28.414833,-25.709495],[28.417472,-25.711765],[28.415662,-25.712439],[28.415701,-25.712696],[28.412489,-25.713989]]]}},{"type":"Feature","properties":{"id":"799045034","name":"Mamelodi SP","commuteMinutes":19.23,"nearestJobCenter":"Hatfield","distanceKm":null,"nearestTransitKm":1.2644215548759385},"geometry":{"type":"Polygon","coordinates":[[[28.412489,-25.713989],[28.413473,-25.71516],[28.413893,-25.715899],[28.414427,-25.717381],[28.414771,-25.719704],[28.415144,-25.7225],[28.41559,-25.726208],[28.416002,-25.729374],[28.415991,-25.730124],[28.41585,-25.731258],[28.413721,-25.73103],[28.408392,-25.7304],[28.400019,-25.729511],[28.400156,-25.728949],[28.400839,-25.723835],[28.400896,-25.723574],[28.40394,-25.723911],[28.404402,-25.723883],[28.407049,-25.722849],[28.407938,-25.722681],[28.411119,-25.721443],[28.410847,-25.719156],[28.410422,-25.717472],[28.410124,-25.716791],[28.409397,-25.715368],[28.408989,-25.715095],[28.408681,-25.71445],[28.408892,-25.714376],[28.408682,-25.71402],[28.408536,-25.714073],[28.408063,-25.712899],[28.407888,-25.712719],[28.4073,-25.712917],[28.406649,-25.71328],[28.406676,-25.713357],[28.405664,-25.71427],[28.405016,-25.713558],[28.406084,-25.712811],[28.407827,-25.711821],[28.409658,-25.710997],[28.412489,-25.713989]]]}},{"type":"Feature","properties":{"id":"799045035","name":"Mamelodi Ext 3","commuteMinutes":19.4,"nearestJobCenter":"Hatfield","distanceKm":null,"nearestTransitKm":0.2916468050886663},"geometry":{"type":"Polygon","coordinates":[[[28.400019,-25.729511],[28.397127,-25.729235],[28.391623,-25.728638],[28.393259,-25.727013],[28.395838,-25.724428],[28.395247,-25.722963],[28.397097,-25.723154],[28.400896,-25.723574],[28.400839,-25.723835],[28.400156,-25.728949],[28.400019,-25.729511]]]}},{"type":"Feature","properties":{"id":"799045036","name":"Mamelodi Ext 4","commuteMinutes":19.16,"nearestJobCenter":"Hatfield","distanceKm":null,"nearestTransitKm":1.4641832476486862},"geometry":{"type":"Polygon","coordinates":[[[28.397097,-25.723154],[28.395247,-25.722963],[28.39448,-25.720987],[28.393881,-25.720487],[28.391603,-25.718693],[28.391794,-25.7185],[28.391689,-25.716981],[28.391509,-25.713648],[28.391428,-25.713629],[28.391339,-25.712288],[28.391397,-25.711908],[28.391166,-25.71193],[28.391119,-25.711283],[28.39148,-25.709319],[28.393309,-25.708496],[28.393547,-25.708326],[28.395812,-25.707324],[28.396891,-25.70923],[28.397459,-25.709841],[28.399061,-25.710478],[28.398302,-25.711967],[28.398661,-25.712128],[28.398475,-25.712494],[28.398912,-25.712652],[28.398932,-25.712904],[28.399233,-25.713718],[28.399255,-25.714019],[28.399697,-25.715178],[28.400268,-25.715183],[28.400266,-25.715473],[28.399996,-25.715485],[28.399954,-25.717415],[28.39916,-25.717306],[28.395868,-25.717237],[28.39588,-25.718351],[28.396143,-25.71908],[28.397165,-25.719934],[28.397406,-25.720537],[28.397097,-25.723154]]]}},{"type":"Feature","properties":{"id":"799045037","name":"Mamelodi Ext 2","commuteMinutes":19.93,"nearestJobCenter":"Hatfield","distanceKm":null,"nearestTransitKm":0.9816874532812266},"geometry":{"type":"Polygon","coordinates":[[[28.395247,-25.722963],[28.395838,-25.724428],[28.393259,-25.727013],[28.39282,-25.726915],[28.391336,-25.726748],[28.390242,-25.726667],[28.390387,-25.726088],[28.39012,-25.726019],[28.39035,-25.72504],[28.389728,-25.724919],[28.390081,-25.723482],[28.390295,-25.723005],[28.390135,-25.722969],[28.39028,-25.722345],[28.385649,-25.721371],[28.384681,-25.721207],[28.384663,-25.720206],[28.384735,-25.719601],[28.384735,-25.717752],[28.384941,-25.717318],[28.386347,-25.714149],[28.386232,-25.713339],[28.385992,-25.712175],[28.391166,-25.71193],[28.391397,-25.711908],[28.391339,-25.712288],[28.391428,-25.713629],[28.391509,-25.713648],[28.391689,-25.716981],[28.391794,-25.7185],[28.391603,-25.718693],[28.393881,-25.720487],[28.39448,-25.720987],[28.395247,-25.722963]]]}},{"type":"Feature","properties":{"id":"799045038","name":"Mamelodi Fifteens","commuteMinutes":21.06,"nearestJobCenter":"Menlyn","distanceKm":null,"nearestTransitKm":1.1384389685254226},"geometry":{"type":"Polygon","coordinates":[[[28.384941,-25.717318],[28.38194,-25.716983],[28.381381,-25.716549],[28.381047,-25.716824],[28.380148,-25.716805],[28.380155,-25.717499],[28.379426,-25.717499],[28.378486,-25.716724],[28.378493,-25.716585],[28.38003,-25.715098],[28.379971,-25.714707],[28.380675,-25.714412],[28.381078,-25.714228],[28.381609,-25.713799],[28.382807,-25.713078],[28.383652,-25.71271],[28.384714,-25.712399],[28.385992,-25.712175],[28.386232,-25.713339],[28.386347,-25.714149],[28.384941,-25.717318]]]}},{"type":"Feature","properties":{"id":"799045039","name":"Khutsong","commuteMinutes":19.99,"nearestJobCenter":"Menlyn","distanceKm":null,"nearestTransitKm":0.8589432013427604},"geometry":{"type":"Polygon","coordinates":[[[28.378486,-25.716724],[28.375996,-25.717315],[28.376198,-25.718089],[28.376075,-25.718875],[28.375958,-25.719075],[28.375047,-25.718274],[28.374365,-25.717777],[28.373205,-25.717243],[28.371912,-25.716578],[28.371275,-25.715904],[28.374714,-25.714131],[28.37607,-25.713432],[28.376562,-25.71312],[28.378901,-25.711758],[28.380476,-25.714006],[28.380675,-25.714412],[28.379971,-25.714707],[28.38003,-25.715098],[28.378493,-25.716585],[28.378486,-25.716724]]]}},{"type":"Feature","properties":{"id":"799045040","name":"White City","commuteMinutes":20.36,"nearestJobCenter":"Menlyn","distanceKm":null,"nearestTransitKm":0.9693375411127445},"geometry":{"type":"Polygon","coordinates":[[[28.374714,-25.714131],[28.371275,-25.715904],[28.371214,-25.715738],[28.370512,-25.715258],[28.368795,-25.714197],[28.369236,-25.713931],[28.373472,-25.711842],[28.373808,-25.711937],[28.373752,-25.712581],[28.373982,-25.713158],[28.374714,-25.714131]]]}},{"type":"Feature","properties":{"id":"799045041","name":"Tsakane","commuteMinutes":18.76,"nearestJobCenter":"Menlyn","distanceKm":null,"nearestTransitKm":0.6357399175394749},"geometry":{"type":"Polygon","coordinates":[[[28.368795,-25.714197],[28.370512,-25.715258],[28.371214,-25.715738],[28.371275,-25.715904],[28.369158,-25.716944],[28.368204,-25.717365],[28.363817,-25.719507],[28.362574,-25.719837],[28.361734,-25.719818],[28.361143,-25.719694],[28.356981,-25.718447],[28.357771,-25.717373],[28.358664,-25.717323],[28.359255,-25.717758],[28.359739,-25.717726],[28.361329,-25.717223],[28.361635,-25.717028],[28.361956,-25.717035],[28.362974,-25.716475],[28.36429,-25.716022],[28.365416,-25.715275],[28.36656,-25.714039],[28.366846,-25.713549],[28.367392,-25.712906],[28.367872,-25.713102],[28.367952,-25.713484],[28.368284,-25.713863],[28.368795,-25.714197]]]}},{"type":"Feature","properties":{"id":"799045042","name":"Mamelodi OD2","commuteMinutes":19.71,"nearestJobCenter":"Menlyn","distanceKm":null,"nearestTransitKm":0.87261989038436},"geometry":{"type":"Polygon","coordinates":[[[28.368525,-25.710472],[28.367819,-25.71184],[28.367392,-25.712906],[28.366846,-25.713549],[28.36656,-25.714039],[28.365416,-25.715275],[28.36429,-25.716022],[28.362974,-25.716475],[28.361956,-25.717035],[28.361635,-25.717028],[28.361329,-25.717223],[28.361222,-25.715847],[28.361302,-25.714613],[28.361424,-25.711408],[28.360485,-25.710248],[28.361758,-25.709407],[28.36509,-25.71041],[28.365479,-25.710479],[28.368525,-25.710472]]]}},{"type":"Feature","properties":{"id":"799045043","name":"Mamelodi QD4","commuteMinutes":18.15,"nearestJobCenter":"Menlyn","distanceKm":null,"nearestTransitKm":1.2178139776017454},"geometry":{"type":"Polygon","coordinates":[[[28.352137,-25.714684],[28.352094,-25.711075],[28.352043,-25.71089],[28.354478,-25.708086],[28.356502,-25.708737],[28.359851,-25.709755],[28.360485,-25.710248],[28.35967,-25.71083],[28.354678,-25.714263],[28.353878,-25.714684],[28.352137,-25.714684]]]}},{"type":"Feature","properties":{"id":"799045044","name":"Mamelodi PD3","commuteMinutes":17.87,"nearestJobCenter":"Menlyn","distanceKm":null,"nearestTransitKm":0.7801869085519053},"geometry":{"type":"Polygon","coordinates":[[[28.356981,-25.718447],[28.356173,-25.718229],[28.355108,-25.718225],[28.355185,-25.717385],[28.355716,-25.716648],[28.355708,-25.715851],[28.355365,-25.715088],[28.354678,-25.714263],[28.35967,-25.71083],[28.360485,-25.710248],[28.361424,-25.711408],[28.361302,-25.714613],[28.361222,-25.715847],[28.361329,-25.717223],[28.359739,-25.717726],[28.359255,-25.717758],[28.358664,-25.717323],[28.357771,-25.717373],[28.356981,-25.718447]]]}},{"type":"Feature","properties":{"id":"799045045","name":"Naledi","commuteMinutes":16.42,"nearestJobCenter":"Menlyn","distanceKm":null,"nearestTransitKm":0.6579104837856363},"geometry":{"type":"Polygon","coordinates":[[[28.355108,-25.718225],[28.354162,-25.718222],[28.350401,-25.718306],[28.348272,-25.718409],[28.343962,-25.718314],[28.343425,-25.718302],[28.343432,-25.714721],[28.345809,-25.714713],[28.352137,-25.714684],[28.353878,-25.714684],[28.354678,-25.714263],[28.355365,-25.715088],[28.355708,-25.715851],[28.355716,-25.716648],[28.355185,-25.717385],[28.355108,-25.718225]]]}},{"type":"Feature","properties":{"id":"799045046","name":"Mamelodi K18","commuteMinutes":15.95,"nearestJobCenter":"Menlyn","distanceKm":null,"nearestTransitKm":0.10447388696865058},"geometry":{"type":"Polygon","coordinates":[[[28.352601,-25.723189],[28.351797,-25.723282],[28.350336,-25.723269],[28.349112,-25.723032],[28.344488,-25.72155],[28.338243,-25.719591],[28.338099,-25.719931],[28.335965,-25.719275],[28.3359,-25.719425],[28.334943,-25.719051],[28.335352,-25.718729],[28.332926,-25.71806],[28.331345,-25.717526],[28.331007,-25.71632],[28.332121,-25.716293],[28.333559,-25.716419],[28.334948,-25.71664],[28.33573,-25.716854],[28.337141,-25.717382],[28.339331,-25.718023],[28.341013,-25.718271],[28.343425,-25.718302],[28.343962,-25.718314],[28.343921,-25.71911],[28.348065,-25.720319],[28.348563,-25.720367],[28.349062,-25.720635],[28.349651,-25.721085],[28.35077,-25.721759],[28.352601,-25.723189]]]}},{"type":"Feature","properties":{"id":"799045047","name":"Moretele View","commuteMinutes":16.62,"nearestJobCenter":"Menlyn","distanceKm":null,"nearestTransitKm":0.35934832586634263},"geometry":{"type":"Polygon","coordinates":[[[28.356981,-25.718447],[28.356817,-25.718779],[28.356493,-25.71904],[28.355925,-25.719248],[28.355223,-25.71932],[28.35391,-25.71916],[28.353743,-25.719839],[28.354059,-25.721275],[28.354364,-25.721947],[28.354662,-25.722393],[28.354803,-25.722871],[28.354803,-25.722872],[28.352601,-25.723189],[28.35077,-25.721759],[28.349651,-25.721085],[28.349062,-25.720635],[28.348563,-25.720367],[28.348065,-25.720319],[28.343921,-25.71911],[28.343962,-25.718314],[28.348272,-25.718409],[28.350401,-25.718306],[28.354162,-25.718222],[28.355108,-25.718225],[28.356173,-25.718229],[28.356981,-25.718447]]]}},{"type":"Feature","properties":{"id":"799045048","name":"Phumulamcashi Buffer Zone","commuteMinutes":20.44,"nearestJobCenter":"Menlyn","distanceKm":null,"nearestTransitKm":0.2065472409607455},"geometry":{"type":"Polygon","coordinates":[[[28.378486,-25.716724],[28.379426,-25.717499],[28.380155,-25.717499],[28.380121,-25.720901],[28.380049,-25.720896],[28.380098,-25.723511],[28.38162,-25.723642],[28.381586,-25.72377],[28.383619,-25.724276],[28.386988,-25.725801],[28.388285,-25.726292],[28.38994,-25.726641],[28.390242,-25.726667],[28.391336,-25.726748],[28.39282,-25.726915],[28.393259,-25.727013],[28.391623,-25.728638],[28.388651,-25.728289],[28.387312,-25.727964],[28.386236,-25.727524],[28.386129,-25.72765],[28.383825,-25.726601],[28.383913,-25.726448],[28.382765,-25.725927],[28.379797,-25.72513],[28.374144,-25.723701],[28.37084,-25.722811],[28.367346,-25.721975],[28.365782,-25.721628],[28.364859,-25.721474],[28.363871,-25.721498],[28.362082,-25.721703],[28.357735,-25.722435],[28.354803,-25.722871],[28.354662,-25.722393],[28.354364,-25.721947],[28.354059,-25.721275],[28.353743,-25.719839],[28.35391,-25.71916],[28.355223,-25.71932],[28.355925,-25.719248],[28.356493,-25.71904],[28.356817,-25.718779],[28.356981,-25.718447],[28.361143,-25.719694],[28.361734,-25.719818],[28.362574,-25.719837],[28.363817,-25.719507],[28.368204,-25.717365],[28.369158,-25.716944],[28.371275,-25.715904],[28.371912,-25.716578],[28.373205,-25.717243],[28.374365,-25.717777],[28.375047,-25.718274],[28.375958,-25.719075],[28.376075,-25.718875],[28.376198,-25.718089],[28.375996,-25.717315],[28.378486,-25.716724]]]}},{"type":"Feature","properties":{"id":"799045049","name":"Mamelodi Sixteens","commuteMinutes":21.42,"nearestJobCenter":"Hatfield","distanceKm":null,"nearestTransitKm":0.7801532579581733},"geometry":{"type":"Polygon","coordinates":[[[28.384941,-25.717318],[28.384735,-25.717752],[28.384735,-25.719601],[28.384663,-25.720206],[28.384681,-25.721207],[28.380121,-25.720901],[28.380155,-25.717499],[28.380148,-25.716805],[28.381047,-25.716824],[28.381381,-25.716549],[28.38194,-25.716983],[28.384941,-25.717318]]]}},{"type":"Feature","properties":{"id":"799045050","name":"Mamelodi Seventeens","commuteMinutes":20.11,"nearestJobCenter":"Hatfield","distanceKm":null,"nearestTransitKm":0.32095461121185026},"geometry":{"type":"Polygon","coordinates":[[[28.390242,-25.726667],[28.38994,-25.726641],[28.388285,-25.726292],[28.386988,-25.725801],[28.383619,-25.724276],[28.381586,-25.72377],[28.38162,-25.723642],[28.380098,-25.723511],[28.380049,-25.720896],[28.380121,-25.720901],[28.384681,-25.721207],[28.385649,-25.721371],[28.39028,-25.722345],[28.390135,-25.722969],[28.390295,-25.723005],[28.390081,-25.723482],[28.389728,-25.724919],[28.39035,-25.72504],[28.39012,-25.726019],[28.390387,-25.726088],[28.390242,-25.726667]]]}},{"type":"Feature","properties":{"id":"799045051","name":"Mamelodi Sun Valley","commuteMinutes":15.91,"nearestJobCenter":"Menlyn","distanceKm":null,"nearestTransitKm":0.6839464019253205},"geometry":{"type":"Polygon","coordinates":[[[28.326727,-25.713976],[28.325792,-25.710061],[28.324766,-25.705753],[28.328302,-25.705086],[28.328413,-25.705036],[28.329096,-25.70785],[28.330309,-25.713072],[28.330732,-25.714309],[28.328377,-25.714148],[28.326727,-25.713976]]]}},{"type":"Feature","properties":{"id":"799045052","name":"Mamelodi Ext 12","commuteMinutes":22.68,"nearestJobCenter":"Hatfield","distanceKm":null,"nearestTransitKm":0.5961049573618211},"geometry":{"type":"Polygon","coordinates":[[[28.420453,-25.723533],[28.420369,-25.723822],[28.420846,-25.724489],[28.421011,-25.724953],[28.421816,-25.72604],[28.422647,-25.727428],[28.422724,-25.727753],[28.423357,-25.728203],[28.42362,-25.728512],[28.423376,-25.728859],[28.422701,-25.729479],[28.42301,-25.730528],[28.422953,-25.73078],[28.423183,-25.731657],[28.423323,-25.731825],[28.422506,-25.731926],[28.421826,-25.731747],[28.421718,-25.73193],[28.423087,-25.732857],[28.422472,-25.732519],[28.420813,-25.731909],[28.419992,-25.73173],[28.41585,-25.731258],[28.415991,-25.730124],[28.416002,-25.729374],[28.41559,-25.726208],[28.415144,-25.7225],[28.414771,-25.719704],[28.41537,-25.719387],[28.41548,-25.71962],[28.416759,-25.719126],[28.41688,-25.719351],[28.418402,-25.721394],[28.419977,-25.72336],[28.420453,-25.723533]]]}},{"type":"Feature","properties":{"id":"799045053","name":"Mamelodi Ext 18","commuteMinutes":24.79,"nearestJobCenter":"Hatfield","distanceKm":null,"nearestTransitKm":0.6809152496843752},"geometry":{"type":"Polygon","coordinates":[[[28.436331,-25.725971],[28.43778,-25.726845],[28.438848,-25.727667],[28.439764,-25.728033],[28.440313,-25.728422],[28.440233,-25.728695],[28.440573,-25.728844],[28.440374,-25.729094],[28.441191,-25.729872],[28.441862,-25.730751],[28.443178,-25.731644],[28.443293,-25.731802],[28.443861,-25.731897],[28.444429,-25.732588],[28.444723,-25.732836],[28.445196,-25.732969],[28.445303,-25.734472],[28.445211,-25.734579],[28.44348,-25.734449],[28.442942,-25.73436],[28.44124,-25.73424],[28.440512,-25.73427],[28.439013,-25.73451],[28.43643,-25.73531],[28.434572,-25.73591],[28.433561,-25.736139],[28.432032,-25.736219],[28.43117,-25.73616],[28.43054,-25.73604],[28.429201,-25.735689],[28.427382,-25.73488],[28.42676,-25.73456],[28.424379,-25.73349],[28.423087,-25.732857],[28.421718,-25.73193],[28.421826,-25.731747],[28.422506,-25.731926],[28.423323,-25.731825],[28.423183,-25.731657],[28.422953,-25.73078],[28.42301,-25.730528],[28.422701,-25.729479],[28.423376,-25.728859],[28.423971,-25.728856],[28.424065,-25.729214],[28.42473,-25.729858],[28.425287,-25.730658],[28.426401,-25.729778],[28.426889,-25.729546],[28.427084,-25.730721],[28.42745,-25.730742],[28.427389,-25.730453],[28.429026,-25.730274],[28.428986,-25.729866],[28.428362,-25.729881],[28.428141,-25.728477],[28.428839,-25.728544],[28.429377,-25.728395],[28.42996,-25.728348],[28.430249,-25.728025],[28.430491,-25.727437],[28.431181,-25.726402],[28.431738,-25.725916],[28.431843,-25.725638],[28.432985,-25.725941],[28.433466,-25.725988],[28.435839,-25.726646],[28.436331,-25.725971]]]}},{"type":"Feature","properties":{"id":"799045054","name":"Mamelodi Ext 14","commuteMinutes":18.57,"nearestJobCenter":"Hatfield","distanceKm":null,"nearestTransitKm":0.49311318271735927},"geometry":{"type":"Polygon","coordinates":[[[28.391623,-25.728638],[28.397127,-25.729235],[28.400019,-25.729511],[28.408392,-25.7304],[28.408922,-25.73138],[28.417082,-25.74855],[28.419494,-25.753512],[28.418515,-25.753742],[28.380766,-25.740345],[28.382093,-25.740068],[28.38413,-25.739874],[28.386217,-25.739958],[28.387289,-25.739874],[28.388216,-25.739738],[28.389063,-25.739481],[28.39065,-25.738817],[28.391466,-25.738306],[28.392443,-25.737526],[28.392138,-25.737036],[28.391649,-25.736578],[28.389803,-25.735615],[28.387636,-25.7344],[28.386427,-25.733628],[28.384922,-25.732922],[28.383993,-25.732264],[28.381337,-25.730782],[28.380899,-25.730671],[28.379845,-25.730058],[28.379225,-25.729597],[28.37718,-25.728506],[28.374854,-25.727577],[28.374018,-25.727379],[28.371641,-25.726973],[28.370619,-25.727026],[28.370591,-25.72748],[28.369158,-25.727394],[28.368444,-25.727516],[28.367571,-25.728338],[28.367284,-25.72865],[28.367323,-25.728994],[28.36603,-25.72908],[28.365774,-25.728704],[28.365751,-25.728325],[28.365503,-25.728027],[28.365065,-25.726561],[28.364805,-25.725992],[28.364187,-25.725943],[28.360415,-25.726093],[28.359446,-25.725983],[28.358423,-25.725061],[28.357821,-25.724503],[28.356749,-25.723967],[28.356337,-25.723883],[28.355669,-25.723442],[28.355211,-25.723246],[28.354803,-25.722872],[28.354803,-25.722871],[28.357735,-25.722435],[28.362082,-25.721703],[28.363871,-25.721498],[28.364859,-25.721474],[28.365782,-25.721628],[28.367346,-25.721975],[28.37084,-25.722811],[28.374144,-25.723701],[28.379797,-25.72513],[28.382765,-25.725927],[28.383913,-25.726448],[28.383825,-25.726601],[28.386129,-25.72765],[28.386236,-25.727524],[28.387312,-25.727964],[28.388651,-25.728289],[28.391623,-25.728638]]]}},{"type":"Feature","properties":{"id":"799046001","name":"Eersterust Ext 6","commuteMinutes":15.25,"nearestJobCenter":"Menlyn","distanceKm":null,"nearestTransitKm":1.5271257862469245},"geometry":{"type":"Polygon","coordinates":[[[28.321336,-25.694782],[28.322321,-25.698944],[28.323153,-25.698845],[28.323732,-25.70145],[28.324408,-25.704258],[28.323591,-25.704393],[28.319124,-25.705284],[28.319273,-25.70606],[28.319773,-25.708101],[28.319056,-25.708246],[28.317636,-25.708097],[28.315939,-25.707684],[28.31568,-25.707172],[28.315058,-25.706758],[28.314417,-25.706629],[28.312983,-25.706814],[28.311846,-25.707186],[28.310888,-25.707012],[28.310293,-25.706831],[28.309015,-25.706308],[28.30839,-25.707317],[28.307859,-25.709522],[28.307207,-25.709223],[28.306967,-25.709219],[28.305994,-25.708792],[28.305258,-25.708397],[28.30514,-25.708086],[28.304701,-25.707878],[28.304331,-25.707373],[28.303904,-25.707018],[28.303324,-25.706738],[28.302603,-25.705729],[28.302126,-25.705154],[28.301607,-25.704866],[28.30057,-25.704475],[28.300322,-25.703766],[28.300104,-25.703753],[28.299498,-25.702778],[28.299246,-25.701994],[28.298861,-25.701872],[28.298872,-25.701572],[28.298658,-25.701523],[28.298098,-25.700991],[28.297365,-25.699837],[28.297201,-25.699484],[28.296892,-25.699457],[28.29685,-25.699055],[28.296366,-25.698719],[28.296778,-25.697672],[28.297258,-25.697714],[28.297609,-25.697554],[28.297548,-25.697258],[28.299071,-25.696929],[28.299656,-25.692578],[28.300566,-25.692902],[28.303905,-25.691233],[28.305575,-25.693193],[28.31131,-25.693265],[28.321336,-25.694782]]]}},{"type":"Feature","properties":{"id":"799046002","name":"Eersterust Ext 4","commuteMinutes":15.43,"nearestJobCenter":"Menlyn","distanceKm":null,"nearestTransitKm":1.036651809707881},"geometry":{"type":"Polygon","coordinates":[[[28.325792,-25.710061],[28.324522,-25.7103],[28.322317,-25.71063],[28.322031,-25.709396],[28.320185,-25.709774],[28.319773,-25.708101],[28.319273,-25.70606],[28.319124,-25.705284],[28.323591,-25.704393],[28.324408,-25.704258],[28.324766,-25.705753],[28.325792,-25.710061]]]}},{"type":"Feature","properties":{"id":"799046003","name":"Eersterust Ext 5","commuteMinutes":15.28,"nearestJobCenter":"Menlyn","distanceKm":null,"nearestTransitKm":0.7382741277316669},"geometry":{"type":"Polygon","coordinates":[[[28.319773,-25.708101],[28.320185,-25.709774],[28.320471,-25.71208],[28.320639,-25.712761],[28.320227,-25.712681],[28.319044,-25.712183],[28.318476,-25.712131],[28.318262,-25.711958],[28.317423,-25.711695],[28.315676,-25.71142],[28.314985,-25.711164],[28.314745,-25.711203],[28.313906,-25.710947],[28.313513,-25.710964],[28.312834,-25.710648],[28.311766,-25.710585],[28.310793,-25.710621],[28.3104,-25.710527],[28.309694,-25.71052],[28.30879,-25.710936],[28.308348,-25.71097],[28.307577,-25.71081],[28.307859,-25.709522],[28.30839,-25.707317],[28.309015,-25.706308],[28.310293,-25.706831],[28.310888,-25.707012],[28.311846,-25.707186],[28.312983,-25.706814],[28.314417,-25.706629],[28.315058,-25.706758],[28.31568,-25.707172],[28.315939,-25.707684],[28.317636,-25.708097],[28.319056,-25.708246],[28.319773,-25.708101]]]}},{"type":"Feature","properties":{"id":"799046004","name":"Eersterust Ext 3","commuteMinutes":14.56,"nearestJobCenter":"Menlyn","distanceKm":null,"nearestTransitKm":0.5068996052788924},"geometry":{"type":"Polygon","coordinates":[[[28.325792,-25.710061],[28.326727,-25.713976],[28.327052,-25.71534],[28.322104,-25.715261],[28.321955,-25.715292],[28.321569,-25.713705],[28.320868,-25.713774],[28.320639,-25.712761],[28.320471,-25.71208],[28.320185,-25.709774],[28.322031,-25.709396],[28.322317,-25.71063],[28.324522,-25.7103],[28.325792,-25.710061]]]}},{"type":"Feature","properties":{"id":"799046005","name":"Eersterust Ext 2","commuteMinutes":14.56,"nearestJobCenter":"Menlyn","distanceKm":null,"nearestTransitKm":0.4560288673227049},"geometry":{"type":"Polygon","coordinates":[[[28.320639,-25.712761],[28.320868,-25.713774],[28.321569,-25.713705],[28.321955,-25.715292],[28.322104,-25.715261],[28.327052,-25.71534],[28.330351,-25.715397],[28.330912,-25.7155],[28.331007,-25.71632],[28.329195,-25.716387],[28.325922,-25.716455],[28.323843,-25.71644],[28.322466,-25.716297],[28.321417,-25.71631],[28.320364,-25.716471],[28.319269,-25.716713],[28.31702,-25.716862],[28.313406,-25.717083],[28.312521,-25.717163],[28.310575,-25.717478],[28.307421,-25.717937],[28.306814,-25.718002],[28.304338,-25.717926],[28.302378,-25.717651],[28.300741,-25.717327],[28.298502,-25.716707],[28.298857,-25.715658],[28.298883,-25.714756],[28.298964,-25.714655],[28.299402,-25.714987],[28.29944,-25.714828],[28.301638,-25.714909],[28.307177,-25.715],[28.307432,-25.711451],[28.307577,-25.71081],[28.308348,-25.71097],[28.30879,-25.710936],[28.309694,-25.71052],[28.3104,-25.710527],[28.310793,-25.710621],[28.311766,-25.710585],[28.312834,-25.710648],[28.313513,-25.710964],[28.313906,-25.710947],[28.314745,-25.711203],[28.314985,-25.711164],[28.315676,-25.71142],[28.317423,-25.711695],[28.318262,-25.711958],[28.318476,-25.712131],[28.319044,-25.712183],[28.320227,-25.712681],[28.320639,-25.712761]]]}},{"type":"Feature","properties":{"id":"799047001","name":"Wildebeesthoek SH","commuteMinutes":37.37,"nearestJobCenter":"Rosslyn","distanceKm":null,"nearestTransitKm":3.621416847413192},"geometry":{"type":"Polygon","coordinates":[[[28.083992,-25.655814],[28.083357,-25.657064],[28.072489,-25.657875],[28.068064,-25.658012],[28.063562,-25.657824],[28.058302,-25.657093],[28.054365,-25.656363],[28.047754,-25.655376],[28.045362,-25.655209],[28.045137,-25.646986],[28.038115,-25.646803],[28.037825,-25.650414],[28.037352,-25.654932],[28.037245,-25.656548],[28.036524,-25.66453],[28.036364,-25.66618],[28.034369,-25.665949],[28.033509,-25.665949],[28.032797,-25.666023],[28.028144,-25.666775],[28.023498,-25.667574],[28.022517,-25.667836],[28.021194,-25.668299],[28.019731,-25.668628],[28.016776,-25.668843],[28.015238,-25.668924],[28.01219,-25.66883],[28.010055,-25.668803],[28.008497,-25.668702],[28.00528,-25.668245],[28.001064,-25.668064],[27.998405,-25.667903],[27.997391,-25.667735],[27.995121,-25.667292],[27.993489,-25.667238],[27.992334,-25.667339],[27.989293,-25.668051],[27.985707,-25.668917],[27.98421,-25.669246],[27.981839,-25.669656],[27.977018,-25.670529],[27.973761,-25.671072],[27.972741,-25.671328],[27.969565,-25.672476],[27.967772,-25.672932],[27.966147,-25.67312],[27.964905,-25.673147],[27.963965,-25.673094],[27.962508,-25.672879],[27.960936,-25.672456],[27.958801,-25.671677],[27.95772,-25.671401],[27.956995,-25.671334],[27.952717,-25.671207],[27.95191,-25.67115],[27.952089,-25.67071],[27.95228,-25.669849],[27.952221,-25.669531],[27.95266,-25.6677],[27.95278,-25.666941],[27.952709,-25.666349],[27.95208,-25.665091],[27.95188,-25.66424],[27.952021,-25.66313],[27.95223,-25.66255],[27.952259,-25.66037],[27.95232,-25.659809],[27.952787,-25.659666],[27.95265,-25.65873],[27.952681,-25.6579],[27.953131,-25.655701],[27.952999,-25.655041],[27.95229,-25.653851],[27.952339,-25.65333],[27.952579,-25.65296],[27.95315,-25.65238],[27.9534,-25.65169],[27.95384,-25.65114],[27.953871,-25.650684],[27.954081,-25.6502],[27.954889,-25.64975],[27.955311,-25.649441],[27.95612,-25.648451],[27.95657,-25.648161],[27.95694,-25.647751],[27.95727,-25.64761],[27.95727,-25.64699],[27.957439,-25.64669],[27.957081,-25.64542],[27.956779,-25.64509],[27.956779,-25.644621],[27.95698,-25.64423],[27.957081,-25.64366],[27.95755,-25.643431],[27.95845,-25.643391],[27.959311,-25.643591],[27.960341,-25.64447],[27.961531,-25.644751],[27.96225,-25.64517],[27.96382,-25.645121],[27.96443,-25.64534],[27.96517,-25.645414],[27.96563,-25.641741],[27.965361,-25.63909],[27.964861,-25.63484],[27.976191,-25.63336],[27.98056,-25.632799],[27.97868,-25.62484],[27.978251,-25.62315],[27.977157,-25.61828],[27.983545,-25.618814],[27.993021,-25.619707],[27.998465,-25.620136],[28.006887,-25.620871],[28.013296,-25.621445],[28.014692,-25.62154],[28.017981,-25.62184],[28.019472,-25.621944],[28.026851,-25.622614],[28.029846,-25.622883],[28.034723,-25.623253],[28.037378,-25.623469],[28.041298,-25.62384],[28.043212,-25.623994],[28.04457,-25.624179],[28.045271,-25.624344],[28.046476,-25.624683],[28.056513,-25.627409],[28.058821,-25.627975],[28.063677,-25.629347],[28.066977,-25.630219],[28.073316,-25.631926],[28.073312,-25.6328],[28.073177,-25.634147],[28.073466,-25.637079],[28.07355,-25.638721],[28.073723,-25.640954],[28.073858,-25.64223],[28.076334,-25.643144],[28.078118,-25.643935],[28.077265,-25.644391],[28.076323,-25.649935],[28.078031,-25.650128],[28.079416,-25.650383],[28.080774,-25.650545],[28.081298,-25.65073],[28.07969,-25.654009],[28.083992,-25.655814]]]}},{"type":"Feature","properties":{"id":"799047002","name":"Partyshoek AH","commuteMinutes":13.67,"nearestJobCenter":"Rosslyn","distanceKm":null,"nearestTransitKm":3.968482699364683},"geometry":{"type":"Polygon","coordinates":[[[28.045362,-25.655209],[28.045443,-25.658688],[28.045591,-25.660303],[28.045824,-25.661417],[28.046736,-25.664242],[28.044088,-25.665855],[28.042738,-25.66643],[28.04125,-25.66667],[28.04077,-25.666681],[28.036364,-25.66618],[28.036524,-25.66453],[28.037245,-25.656548],[28.037352,-25.654932],[28.037825,-25.650414],[28.038115,-25.646803],[28.045137,-25.646986],[28.045362,-25.655209]]]}},{"type":"Feature","properties":{"id":"799047003","name":"Fundus AH","commuteMinutes":14.51,"nearestJobCenter":"Rosslyn","distanceKm":null,"nearestTransitKm":4.333512408906423},"geometry":{"type":"Polygon","coordinates":[[[28.083357,-25.657064],[28.082265,-25.659196],[28.079523,-25.664583],[28.078222,-25.667065],[28.076155,-25.671391],[28.075678,-25.672176],[28.074831,-25.673855],[28.073999,-25.676308],[28.073572,-25.677814],[28.068979,-25.678656],[28.067324,-25.678715],[28.06666,-25.679596],[28.066122,-25.680025],[28.062601,-25.679916],[28.061411,-25.679743],[28.056036,-25.677216],[28.053751,-25.676092],[28.051905,-25.675219],[28.05076,-25.674328],[28.05015,-25.673586],[28.049696,-25.672806],[28.049379,-25.67197],[28.048006,-25.667896],[28.046736,-25.664242],[28.045824,-25.661417],[28.045591,-25.660303],[28.045443,-25.658688],[28.045362,-25.655209],[28.047754,-25.655376],[28.054365,-25.656363],[28.058302,-25.657093],[28.063562,-25.657824],[28.068064,-25.658012],[28.072489,-25.657875],[28.083357,-25.657064]]]}},{"type":"Feature","properties":{"id":"799047004","name":"Hornsoord AH","commuteMinutes":23.77,"nearestJobCenter":"Pretoria CBD","distanceKm":null,"nearestTransitKm":6.923719349848349},"geometry":{"type":"Polygon","coordinates":[[[28.090233,-25.678923],[28.090138,-25.68013],[28.089927,-25.681607],[28.089805,-25.683151],[28.089638,-25.684751],[28.089649,-25.685451],[28.090283,-25.686373],[28.090272,-25.686851],[28.089894,-25.688962],[28.089872,-25.690095],[28.089749,-25.690606],[28.089683,-25.692084],[28.089572,-25.692839],[28.089694,-25.693462],[28.089249,-25.693562],[28.087194,-25.69335],[28.084706,-25.692984],[28.082461,-25.692762],[28.082116,-25.692782],[28.08184,-25.695482],[28.081384,-25.699714],[28.081279,-25.699849],[28.080917,-25.702927],[28.08029,-25.709343],[28.077316,-25.71857],[28.071787,-25.719204],[28.071112,-25.709843],[28.058475,-25.710666],[28.051149,-25.711094],[28.048512,-25.711313],[28.046322,-25.711431],[28.045983,-25.709434],[28.042585,-25.709672],[28.042746,-25.711649],[28.042625,-25.711694],[28.040708,-25.711821],[28.040698,-25.71222],[28.039159,-25.712249],[28.039005,-25.708217],[28.038685,-25.701016],[28.038451,-25.696017],[28.037901,-25.693946],[28.037658,-25.692509],[28.037038,-25.688002],[28.036625,-25.683322],[28.048249,-25.683018],[28.058629,-25.682548],[28.064844,-25.682178],[28.066122,-25.680025],[28.06666,-25.679596],[28.067324,-25.678715],[28.068979,-25.678656],[28.073572,-25.677814],[28.073446,-25.678413],[28.076361,-25.678532],[28.079042,-25.678532],[28.081999,-25.67857],[28.085649,-25.67857],[28.089888,-25.678843],[28.090233,-25.678923]]]}},{"type":"Feature","properties":{"id":"799047005","name":"Magaliesberg Protected Natural Environment","commuteMinutes":15.72,"nearestJobCenter":"Pretoria CBD","distanceKm":null,"nearestTransitKm":1.6999462919871131},"geometry":{"type":"Polygon","coordinates":[[[28.119585,-25.683622],[28.121636,-25.683594],[28.121718,-25.684516],[28.122292,-25.68507],[28.123173,-25.685049],[28.125058,-25.684353],[28.126042,-25.684168],[28.128091,-25.684291],[28.129115,-25.684291],[28.129422,-25.683799],[28.13057,-25.683943],[28.130508,-25.684475],[28.131246,-25.684803],[28.132736,-25.68533],[28.133269,-25.685294],[28.134549,-25.684932],[28.135877,-25.68466],[28.137618,-25.684762],[28.137762,-25.686217],[28.138167,-25.686233],[28.139197,-25.685663],[28.140727,-25.685572],[28.14076,-25.685844],[28.141842,-25.685792],[28.143729,-25.685643],[28.14474,-25.685598],[28.145616,-25.685695],[28.145544,-25.68718],[28.146653,-25.687167],[28.147262,-25.687044],[28.14828,-25.687167],[28.148654,-25.687126],[28.148592,-25.687883],[28.150167,-25.687727],[28.151964,-25.688207],[28.154989,-25.689453],[28.157522,-25.68977],[28.159473,-25.689828],[28.1621,-25.689871],[28.16209,-25.689977],[28.16411,-25.690111],[28.16422,-25.689366],[28.165877,-25.689115],[28.167139,-25.689134],[28.168679,-25.68901],[28.170763,-25.688771],[28.172933,-25.689029],[28.177283,-25.689354],[28.179597,-25.689326],[28.18148,-25.689115],[28.184826,-25.688934],[28.186613,-25.687973],[28.187063,-25.687798],[28.18788,-25.68716],[28.1915,-25.685955],[28.192175,-25.685633],[28.192442,-25.686064],[28.192923,-25.687405],[28.193247,-25.687788],[28.19433,-25.688354],[28.196886,-25.689413],[28.197416,-25.688608],[28.198463,-25.689448],[28.199299,-25.6895],[28.201304,-25.68932],[28.202203,-25.689384],[28.205378,-25.689513],[28.206895,-25.689538],[28.208771,-25.689615],[28.211951,-25.690042],[28.213964,-25.690116],[28.215297,-25.69029],[28.216945,-25.68977],[28.21715,-25.689466],[28.218538,-25.689973],[28.220086,-25.690442],[28.221548,-25.690425],[28.222632,-25.690199],[28.225204,-25.689719],[28.225206,-25.690025],[28.226492,-25.690649],[28.227433,-25.690696],[28.228613,-25.690584],[28.230102,-25.690649],[28.231727,-25.690766],[28.234634,-25.690565],[28.2358,-25.691],[28.236324,-25.691356],[28.236512,-25.691337],[28.237513,-25.690195],[28.238117,-25.690086],[28.238827,-25.690515],[28.239671,-25.690515],[28.240707,-25.690175],[28.241358,-25.68982],[28.242495,-25.68968],[28.243418,-25.689768],[28.244963,-25.689613],[28.245296,-25.689629],[28.245265,-25.690068],[28.246197,-25.690124],[28.246207,-25.68964],[28.246637,-25.689631],[28.24886,-25.689682],[28.252525,-25.689928],[28.252444,-25.690646],[28.253871,-25.690688],[28.253698,-25.692045],[28.255092,-25.692071],[28.255365,-25.690031],[28.255968,-25.690135],[28.256819,-25.690009],[28.258125,-25.689699],[28.258714,-25.689664],[28.259673,-25.689842],[28.260431,-25.690168],[28.261012,-25.69022],[28.261704,-25.69017],[28.262154,-25.690258],[28.262477,-25.690042],[28.262805,-25.690066],[28.26277,-25.69037],[28.263487,-25.690439],[28.264947,-25.69074],[28.26659,-25.690912],[28.266565,-25.69114],[28.267978,-25.691282],[28.26797,-25.691408],[28.269081,-25.691802],[28.271083,-25.692183],[28.272062,-25.692198],[28.273046,-25.692047],[28.273066,-25.692652],[28.274614,-25.692842],[28.276281,-25.692963],[28.276579,-25.692461],[28.278692,-25.692751],[28.280401,-25.69313],[28.282276,-25.694347],[28.281892,-25.695355],[28.280995,-25.69686],[28.280467,-25.697196],[28.278946,-25.697901],[28.278418,-25.697765],[28.27805,-25.697829],[28.275937,-25.697941],[28.275024,-25.697845],[28.274904,-25.697188],[28.272423,-25.696844],[28.269575,-25.696518],[28.269007,-25.69636],[28.267295,-25.696001],[28.265694,-25.69585],[28.264245,-25.695643],[28.262561,-25.695353],[28.262037,-25.695008],[28.262078,-25.694635],[28.261885,-25.694511],[28.261071,-25.694428],[28.260795,-25.695753],[28.258697,-25.695698],[28.254349,-25.695311],[28.254363,-25.694897],[28.252528,-25.69487],[28.251755,-25.694815],[28.2517,-25.695022],[28.251051,-25.694966],[28.25112,-25.69418],[28.25072,-25.69418],[28.250582,-25.695104],[28.250278,-25.694925],[28.248856,-25.69487],[28.247821,-25.694732],[28.245171,-25.694552],[28.243501,-25.694331],[28.241896,-25.694225],[28.241766,-25.694164],[28.239927,-25.694025],[28.239435,-25.694145],[28.23884,-25.694899],[28.237543,-25.69516],[28.235876,-25.695423],[28.234564,-25.695728],[28.234394,-25.69571],[28.229756,-25.69633],[28.229564,-25.69519],[28.228585,-25.695197],[28.227781,-25.695289],[28.227352,-25.695144],[28.22674,-25.695335],[28.226196,-25.695672],[28.224566,-25.695871],[28.224467,-25.69558],[28.223364,-25.695481],[28.223219,-25.695205],[28.221191,-25.695205],[28.221114,-25.694815],[28.219905,-25.694907],[28.218104,-25.694993],[28.218081,-25.695316],[28.213556,-25.695913],[28.206961,-25.696827],[28.205946,-25.696917],[28.204351,-25.697159],[28.202211,-25.697428],[28.202033,-25.695945],[28.201006,-25.693991],[28.200663,-25.693254],[28.199594,-25.693274],[28.199083,-25.692963],[28.198549,-25.693098],[28.198503,-25.694023],[28.198999,-25.6968],[28.196264,-25.697176],[28.188646,-25.698179],[28.188135,-25.698183],[28.187301,-25.698289],[28.186543,-25.697263],[28.186384,-25.696956],[28.185865,-25.696533],[28.184797,-25.697386],[28.184168,-25.697691],[28.182718,-25.697723],[28.180712,-25.697872],[28.181189,-25.696842],[28.180794,-25.695521],[28.179913,-25.694123],[28.17847,-25.694001],[28.171557,-25.693302],[28.160405,-25.692148],[28.1596,-25.692087],[28.159433,-25.693515],[28.149801,-25.692492],[28.149591,-25.694708],[28.148523,-25.6948],[28.147841,-25.693995],[28.14662,-25.694099],[28.144774,-25.693256],[28.143297,-25.69301],[28.138667,-25.691514],[28.135626,-25.690514],[28.133691,-25.689862],[28.133192,-25.691084],[28.131297,-25.690463],[28.131048,-25.691135],[28.130747,-25.691039],[28.130536,-25.691577],[28.129221,-25.691158],[28.129001,-25.691205],[28.12879,-25.691732],[28.126925,-25.691153],[28.126728,-25.691682],[28.125284,-25.691189],[28.122862,-25.690597],[28.123069,-25.692046],[28.122538,-25.692042],[28.121132,-25.691655],[28.116774,-25.691219],[28.107004,-25.690674],[28.107222,-25.686897],[28.105116,-25.687115],[28.102646,-25.687151],[28.095329,-25.686979],[28.090272,-25.686851],[28.090283,-25.686373],[28.089649,-25.685451],[28.089638,-25.684751],[28.089805,-25.683151],[28.089927,-25.681607],[28.090138,-25.68013],[28.090233,-25.678923],[28.092569,-25.679464],[28.100149,-25.681097],[28.101042,-25.683233],[28.104387,-25.683273],[28.107962,-25.683544],[28.116434,-25.684011],[28.117601,-25.683933],[28.119585,-25.683622]]]}},{"type":"Feature","properties":{"id":"799047006","name":"Annlin","commuteMinutes":15.97,"nearestJobCenter":"Pretoria CBD","distanceKm":null,"nearestTransitKm":2.159243767961877},"geometry":{"type":"Polygon","coordinates":[[[28.226206,-25.665728],[28.226313,-25.666502],[28.226179,-25.667957],[28.226282,-25.668564],[28.226068,-25.673346],[28.226,-25.673748],[28.226091,-25.674433],[28.225996,-25.67449],[28.224707,-25.674225],[28.22455,-25.674271],[28.216269,-25.672575],[28.216116,-25.672478],[28.214514,-25.672155],[28.21242,-25.673233],[28.212072,-25.673355],[28.211473,-25.673323],[28.211222,-25.673992],[28.205465,-25.676956],[28.202879,-25.678223],[28.202114,-25.678067],[28.201841,-25.678621],[28.20125,-25.679792],[28.200602,-25.681232],[28.197416,-25.688608],[28.196886,-25.689413],[28.19433,-25.688354],[28.193247,-25.687788],[28.192923,-25.687405],[28.192442,-25.686064],[28.192175,-25.685633],[28.1915,-25.685955],[28.18788,-25.68716],[28.187063,-25.687798],[28.186613,-25.687973],[28.185072,-25.68685],[28.183542,-25.684978],[28.182779,-25.683153],[28.182394,-25.680412],[28.182055,-25.67338],[28.181826,-25.669167],[28.181807,-25.666761],[28.182074,-25.665461],[28.182497,-25.663076],[28.183001,-25.660444],[28.183493,-25.658262],[28.183771,-25.657509],[28.186438,-25.658567],[28.187708,-25.659208],[28.188276,-25.657742],[28.188204,-25.657135],[28.187712,-25.656401],[28.187544,-25.655983],[28.187536,-25.655386],[28.188875,-25.654276],[28.189253,-25.653564],[28.189901,-25.653051],[28.191088,-25.653261],[28.191233,-25.653362],[28.198496,-25.654051],[28.206175,-25.654768],[28.208193,-25.654932],[28.211595,-25.655289],[28.213688,-25.657535],[28.212036,-25.65873],[28.211033,-25.65958],[28.211482,-25.660134],[28.210825,-25.660607],[28.210472,-25.661201],[28.210191,-25.663896],[28.214699,-25.664345],[28.216023,-25.664698],[28.217394,-25.66485],[28.225592,-25.665693],[28.226206,-25.665728]]]}},{"type":"Feature","properties":{"id":"799047007","name":"Bon Accord AH","commuteMinutes":22.96,"nearestJobCenter":"Menlyn","distanceKm":null,"nearestTransitKm":4.3185870060347895},"geometry":{"type":"Polygon","coordinates":[[[28.226416,-25.651993],[28.226439,-25.652348],[28.234221,-25.652658],[28.234228,-25.652529],[28.24011,-25.652782],[28.242895,-25.652891],[28.242796,-25.655642],[28.24267,-25.655638],[28.242563,-25.657934],[28.240778,-25.657742],[28.235357,-25.657234],[28.232672,-25.656973],[28.232664,-25.657032],[28.230677,-25.656893],[28.226664,-25.656521],[28.226492,-25.659742],[28.226366,-25.662603],[28.226206,-25.665728],[28.225592,-25.665693],[28.217394,-25.66485],[28.216023,-25.664698],[28.214699,-25.664345],[28.210191,-25.663896],[28.210472,-25.661201],[28.210825,-25.660607],[28.211482,-25.660134],[28.211033,-25.65958],[28.212036,-25.65873],[28.213688,-25.657535],[28.211595,-25.655289],[28.208193,-25.654932],[28.208594,-25.651661],[28.208841,-25.651145],[28.209675,-25.650879],[28.214748,-25.650954],[28.215366,-25.650982],[28.224726,-25.651977],[28.226416,-25.651993]]]}},{"type":"Feature","properties":{"id":"799047008","name":"Doornpoort","commuteMinutes":18.25,"nearestJobCenter":"Menlyn","distanceKm":null,"nearestTransitKm":6.523729851057302},"geometry":{"type":"Polygon","coordinates":[[[28.274228,-25.65331],[28.273405,-25.660915],[28.273092,-25.660894],[28.265944,-25.660221],[28.26549,-25.6602],[28.261992,-25.659864],[28.261793,-25.659805],[28.256081,-25.659277],[28.251146,-25.658831],[28.244757,-25.658232],[28.242605,-25.658016],[28.242563,-25.657934],[28.24267,-25.655638],[28.242796,-25.655642],[28.242895,-25.652891],[28.24011,-25.652782],[28.234228,-25.652529],[28.234221,-25.652658],[28.226439,-25.652348],[28.226416,-25.651993],[28.226183,-25.648834],[28.22611,-25.648134],[28.225592,-25.641159],[28.23559,-25.642572],[28.238649,-25.642956],[28.245211,-25.643406],[28.24687,-25.64344],[28.250227,-25.643465],[28.255259,-25.643236],[28.261724,-25.643406],[28.27157,-25.644419],[28.275141,-25.644865],[28.274228,-25.65331]]]}},{"type":"Feature","properties":{"id":"799047009","name":"Montana","commuteMinutes":15.44,"nearestJobCenter":"Menlyn","distanceKm":null,"nearestTransitKm":5.6336480437964145},"geometry":{"type":"Polygon","coordinates":[[[28.242563,-25.657934],[28.242605,-25.658016],[28.244757,-25.658232],[28.251146,-25.658831],[28.256081,-25.659277],[28.256127,-25.659932],[28.255738,-25.66351],[28.254434,-25.674472],[28.253919,-25.679224],[28.250635,-25.679085],[28.248053,-25.678995],[28.24288,-25.678818],[28.24156,-25.678795],[28.239275,-25.678928],[28.237421,-25.679258],[28.235415,-25.67993],[28.232607,-25.681274],[28.23255,-25.681337],[28.232508,-25.680971],[28.232695,-25.680075],[28.232798,-25.679195],[28.232885,-25.679106],[28.233702,-25.671782],[28.234617,-25.663662],[28.235037,-25.660128],[28.235357,-25.657234],[28.240778,-25.657742],[28.242563,-25.657934]]]}},{"type":"Feature","properties":{"id":"799047010","name":"Montana Tuine","commuteMinutes":16.34,"nearestJobCenter":"Menlyn","distanceKm":null,"nearestTransitKm":5.902923131107394},"geometry":{"type":"MultiPolygon","coordinates":[[[[28.271381,-25.682524],[28.268755,-25.682024],[28.264924,-25.681241],[28.265504,-25.679287],[28.268088,-25.679312],[28.269015,-25.678999],[28.269891,-25.678161],[28.270192,-25.677695],[28.270269,-25.676742],[28.271972,-25.676926],[28.271639,-25.679911],[28.271381,-25.682524]]],[[[28.273222,-25.671499],[28.272505,-25.671547],[28.272184,-25.670952],[28.269771,-25.666892],[28.267682,-25.667843],[28.266689,-25.668229],[28.265179,-25.668464],[28.264676,-25.66847],[28.263283,-25.668291],[28.26318,-25.669112],[28.262938,-25.669477],[28.2638,-25.669532],[28.263711,-25.670456],[28.261725,-25.670311],[28.261739,-25.670153],[28.261236,-25.670111],[28.260911,-25.672848],[28.259174,-25.672662],[28.258871,-25.675255],[28.261422,-25.675517],[28.263069,-25.677723],[28.261656,-25.680599],[28.254141,-25.679234],[28.253919,-25.679224],[28.254434,-25.674472],[28.255738,-25.66351],[28.256127,-25.659932],[28.256081,-25.659277],[28.261793,-25.659805],[28.261992,-25.659864],[28.26549,-25.6602],[28.265944,-25.660221],[28.273092,-25.660894],[28.273405,-25.660915],[28.272783,-25.667023],[28.272707,-25.668333],[28.272791,-25.669596],[28.27302,-25.670803],[28.273222,-25.671499]]]]}},{"type":"Feature","properties":{"id":"799047011","name":"Zambezi Courty Estate","commuteMinutes":14.05,"nearestJobCenter":"Menlyn","distanceKm":null,"nearestTransitKm":5.529115239476638},"geometry":{"type":"Polygon","coordinates":[[[28.272505,-25.671547],[28.27257,-25.671907],[28.271972,-25.676926],[28.270269,-25.676742],[28.270192,-25.677695],[28.269891,-25.678161],[28.269015,-25.678999],[28.268088,-25.679312],[28.265504,-25.679287],[28.264924,-25.681241],[28.261656,-25.680599],[28.263069,-25.677723],[28.261422,-25.675517],[28.258871,-25.675255],[28.259174,-25.672662],[28.260911,-25.672848],[28.261236,-25.670111],[28.261739,-25.670153],[28.261725,-25.670311],[28.263711,-25.670456],[28.2638,-25.669532],[28.262938,-25.669477],[28.26318,-25.669112],[28.263283,-25.668291],[28.264676,-25.66847],[28.265179,-25.668464],[28.266689,-25.668229],[28.267682,-25.667843],[28.269771,-25.666892],[28.272184,-25.670952],[28.272505,-25.671547]]]}},{"type":"Feature","properties":{"id":"799047012","name":"Montana AH","commuteMinutes":14.04,"nearestJobCenter":"Menlyn","distanceKm":null,"nearestTransitKm":4.308217137032982},"geometry":{"type":"Polygon","coordinates":[[[28.253919,-25.679224],[28.254141,-25.679234],[28.261656,-25.680599],[28.264924,-25.681241],[28.268755,-25.682024],[28.271381,-25.682524],[28.270915,-25.686132],[28.266167,-25.68566],[28.264633,-25.685477],[28.261278,-25.685147],[28.259737,-25.68502],[28.257838,-25.684929],[28.255438,-25.684688],[28.255154,-25.684559],[28.253191,-25.684353],[28.253428,-25.682804],[28.253919,-25.679224]]]}},{"type":"Feature","properties":{"id":"799047013","name":"Montana Park","commuteMinutes":13.63,"nearestJobCenter":"Menlyn","distanceKm":null,"nearestTransitKm":4.102244439536152},"geometry":{"type":"Polygon","coordinates":[[[28.273222,-25.671499],[28.273714,-25.672726],[28.274679,-25.674435],[28.279104,-25.681828],[28.280401,-25.684103],[28.2805,-25.684221],[28.281958,-25.68672],[28.282103,-25.687092],[28.280928,-25.687101],[28.280409,-25.691738],[28.280352,-25.691996],[28.280497,-25.692709],[28.280401,-25.69313],[28.278692,-25.692751],[28.276579,-25.692461],[28.276281,-25.692963],[28.274614,-25.692842],[28.273066,-25.692652],[28.273046,-25.692047],[28.272062,-25.692198],[28.271083,-25.692183],[28.269081,-25.691802],[28.26797,-25.691408],[28.267978,-25.691282],[28.266565,-25.69114],[28.26659,-25.690912],[28.264947,-25.69074],[28.263487,-25.690439],[28.26277,-25.69037],[28.262805,-25.690066],[28.262477,-25.690042],[28.262154,-25.690258],[28.261704,-25.69017],[28.261012,-25.69022],[28.260431,-25.690168],[28.259673,-25.689842],[28.258714,-25.689664],[28.258125,-25.689699],[28.256819,-25.690009],[28.255968,-25.690135],[28.255365,-25.690031],[28.255092,-25.692071],[28.253698,-25.692045],[28.253871,-25.690688],[28.252444,-25.690646],[28.252525,-25.689928],[28.24886,-25.689682],[28.246637,-25.689631],[28.246641,-25.689201],[28.246997,-25.689227],[28.247248,-25.687103],[28.247145,-25.687048],[28.247427,-25.684828],[28.248053,-25.678995],[28.250635,-25.679085],[28.253919,-25.679224],[28.253428,-25.682804],[28.253191,-25.684353],[28.255154,-25.684559],[28.255438,-25.684688],[28.257838,-25.684929],[28.259737,-25.68502],[28.261278,-25.685147],[28.264633,-25.685477],[28.266167,-25.68566],[28.270915,-25.686132],[28.271381,-25.682524],[28.271639,-25.679911],[28.271972,-25.676926],[28.27257,-25.671907],[28.272505,-25.671547],[28.273222,-25.671499]]]}},{"type":"Feature","properties":{"id":"799047014","name":"Magalieskruin","commuteMinutes":16.6,"nearestJobCenter":"Menlyn","distanceKm":null,"nearestTransitKm":3.6095915461573056},"geometry":{"type":"Polygon","coordinates":[[[28.248053,-25.678995],[28.247427,-25.684828],[28.247145,-25.687048],[28.247248,-25.687103],[28.246997,-25.689227],[28.246641,-25.689201],[28.246637,-25.689631],[28.246207,-25.68964],[28.246197,-25.690124],[28.245265,-25.690068],[28.245296,-25.689629],[28.244963,-25.689613],[28.243418,-25.689768],[28.242495,-25.68968],[28.241358,-25.68982],[28.240707,-25.690175],[28.239671,-25.690515],[28.238827,-25.690515],[28.238117,-25.690086],[28.237513,-25.690195],[28.236512,-25.691337],[28.236324,-25.691356],[28.2358,-25.691],[28.234634,-25.690565],[28.231727,-25.690766],[28.230102,-25.690649],[28.228613,-25.690584],[28.227433,-25.690696],[28.226492,-25.690649],[28.225206,-25.690025],[28.225204,-25.689719],[28.225203,-25.688337],[28.225443,-25.682331],[28.225504,-25.681959],[28.228376,-25.682434],[28.229715,-25.682478],[28.230772,-25.682219],[28.23255,-25.681337],[28.232607,-25.681274],[28.235415,-25.67993],[28.237421,-25.679258],[28.239275,-25.678928],[28.24156,-25.678795],[28.24288,-25.678818],[28.248053,-25.678995]]]}},{"type":"Feature","properties":{"id":"799047015","name":"Sinoville","commuteMinutes":17.44,"nearestJobCenter":"Pretoria CBD","distanceKm":null,"nearestTransitKm":3.4715648457054433},"geometry":{"type":"Polygon","coordinates":[[[28.235357,-25.657234],[28.235037,-25.660128],[28.234617,-25.663662],[28.233702,-25.671782],[28.232885,-25.679106],[28.232798,-25.679195],[28.232695,-25.680075],[28.232508,-25.680971],[28.23255,-25.681337],[28.230772,-25.682219],[28.229715,-25.682478],[28.228376,-25.682434],[28.225504,-25.681959],[28.225443,-25.682331],[28.225203,-25.688337],[28.225204,-25.689719],[28.222632,-25.690199],[28.221548,-25.690425],[28.220086,-25.690442],[28.218538,-25.689973],[28.21715,-25.689466],[28.217314,-25.688793],[28.217669,-25.688028],[28.217772,-25.688002],[28.220114,-25.682938],[28.217493,-25.682312],[28.2129,-25.681246],[28.20664,-25.679806],[28.205523,-25.679451],[28.205397,-25.679291],[28.205046,-25.679426],[28.203264,-25.679016],[28.203028,-25.679098],[28.20299,-25.678854],[28.201841,-25.678621],[28.202114,-25.678067],[28.202879,-25.678223],[28.205465,-25.676956],[28.211222,-25.673992],[28.211473,-25.673323],[28.212072,-25.673355],[28.21242,-25.673233],[28.214514,-25.672155],[28.216116,-25.672478],[28.216269,-25.672575],[28.22455,-25.674271],[28.224707,-25.674225],[28.225996,-25.67449],[28.226091,-25.674433],[28.226,-25.673748],[28.226068,-25.673346],[28.226282,-25.668564],[28.226179,-25.667957],[28.226313,-25.666502],[28.226206,-25.665728],[28.226366,-25.662603],[28.226492,-25.659742],[28.226664,-25.656521],[28.230677,-25.656893],[28.232664,-25.657032],[28.232672,-25.656973],[28.235357,-25.657234]]]}},{"type":"Feature","properties":{"id":"799047016","name":"Wonderboom","commuteMinutes":15.56,"nearestJobCenter":"Pretoria CBD","distanceKm":null,"nearestTransitKm":2.3651839895976154},"geometry":{"type":"Polygon","coordinates":[[[28.21715,-25.689466],[28.216945,-25.68977],[28.215297,-25.69029],[28.213964,-25.690116],[28.211951,-25.690042],[28.208771,-25.689615],[28.206895,-25.689538],[28.205378,-25.689513],[28.202203,-25.689384],[28.201304,-25.68932],[28.199299,-25.6895],[28.198463,-25.689448],[28.197416,-25.688608],[28.200602,-25.681232],[28.20125,-25.679792],[28.201841,-25.678621],[28.20299,-25.678854],[28.203028,-25.679098],[28.203264,-25.679016],[28.205046,-25.679426],[28.205397,-25.679291],[28.205523,-25.679451],[28.20664,-25.679806],[28.2129,-25.681246],[28.217493,-25.682312],[28.220114,-25.682938],[28.217772,-25.688002],[28.217669,-25.688028],[28.217314,-25.688793],[28.21715,-25.689466]]]}},{"type":"Feature","properties":{"id":"799047017","name":"Wolmer","commuteMinutes":14.87,"nearestJobCenter":"Rosslyn","distanceKm":null,"nearestTransitKm":0.7617096056550238},"geometry":{"type":"Polygon","coordinates":[[[28.165922,-25.669775],[28.15653,-25.669085],[28.156988,-25.663832],[28.1574,-25.65929],[28.15732,-25.659271],[28.157705,-25.655146],[28.157808,-25.654615],[28.167051,-25.657101],[28.165922,-25.669775]]]}},{"type":"Feature","properties":{"id":"799047018","name":"Dorandia","commuteMinutes":14.71,"nearestJobCenter":"Rosslyn","distanceKm":null,"nearestTransitKm":1.546182177807106},"geometry":{"type":"Polygon","coordinates":[[[28.162592,-25.679546],[28.161135,-25.679443],[28.159601,-25.679425],[28.158518,-25.679264],[28.158598,-25.678604],[28.158915,-25.67502],[28.156179,-25.674622],[28.151484,-25.673885],[28.151823,-25.670132],[28.151781,-25.669703],[28.152296,-25.663664],[28.152483,-25.662563],[28.152468,-25.662207],[28.152891,-25.657465],[28.153173,-25.654465],[28.153246,-25.653393],[28.157808,-25.654615],[28.157705,-25.655146],[28.15732,-25.659271],[28.1574,-25.65929],[28.156988,-25.663832],[28.15653,-25.669085],[28.165922,-25.669775],[28.165642,-25.672919],[28.164843,-25.673815],[28.165178,-25.674166],[28.16522,-25.675493],[28.165121,-25.676842],[28.162909,-25.676056],[28.162592,-25.679546]]]}},{"type":"Feature","properties":{"id":"799047019","name":"Pretoria North","commuteMinutes":14.9,"nearestJobCenter":"Pretoria CBD","distanceKm":null,"nearestTransitKm":0.9939162603198558},"geometry":{"type":"Polygon","coordinates":[[[28.186613,-25.687973],[28.184826,-25.688934],[28.18148,-25.689115],[28.179597,-25.689326],[28.177283,-25.689354],[28.172933,-25.689029],[28.170763,-25.688771],[28.168679,-25.68901],[28.167139,-25.689134],[28.165877,-25.689115],[28.16422,-25.689366],[28.164209,-25.689075],[28.16437,-25.687227],[28.164278,-25.687206],[28.164427,-25.685354],[28.164557,-25.684978],[28.165026,-25.679716],[28.162592,-25.679546],[28.162909,-25.676056],[28.165121,-25.676842],[28.16522,-25.675493],[28.165178,-25.674166],[28.164843,-25.673815],[28.165642,-25.672919],[28.165922,-25.669775],[28.167051,-25.657101],[28.174017,-25.658998],[28.174109,-25.659],[28.174128,-25.655979],[28.175177,-25.65646],[28.176367,-25.656757],[28.177839,-25.656898],[28.17972,-25.656912],[28.182104,-25.657017],[28.183771,-25.657509],[28.183493,-25.658262],[28.183001,-25.660444],[28.182497,-25.663076],[28.182074,-25.665461],[28.181807,-25.666761],[28.181826,-25.669167],[28.182055,-25.67338],[28.182394,-25.680412],[28.182779,-25.683153],[28.183542,-25.684978],[28.185072,-25.68685],[28.186613,-25.687973]]]}},{"type":"Feature","properties":{"id":"799047020","name":"Lady Selborne","commuteMinutes":15.22,"nearestJobCenter":"Pretoria CBD","distanceKm":null,"nearestTransitKm":4.030891565931172},"geometry":{"type":"Polygon","coordinates":[[[28.135626,-25.690514],[28.135393,-25.691175],[28.134546,-25.693247],[28.133982,-25.694794],[28.133688,-25.695798],[28.134325,-25.695959],[28.134104,-25.696819],[28.134008,-25.697462],[28.133898,-25.699038],[28.134111,-25.701545],[28.13407,-25.70177],[28.13479,-25.70297],[28.134743,-25.703352],[28.130602,-25.702791],[28.122187,-25.701769],[28.122599,-25.699833],[28.122801,-25.698172],[28.122862,-25.696934],[28.122862,-25.695925],[28.122797,-25.694317],[28.12269,-25.693033],[28.122538,-25.692042],[28.123069,-25.692046],[28.122862,-25.690597],[28.125284,-25.691189],[28.126728,-25.691682],[28.126925,-25.691153],[28.12879,-25.691732],[28.129001,-25.691205],[28.129221,-25.691158],[28.130536,-25.691577],[28.130747,-25.691039],[28.131048,-25.691135],[28.131297,-25.690463],[28.133192,-25.691084],[28.133691,-25.689862],[28.135626,-25.690514]]]}},{"type":"Feature","properties":{"id":"799047021","name":"Suiderberg","commuteMinutes":13.22,"nearestJobCenter":"Pretoria CBD","distanceKm":null,"nearestTransitKm":2.9010012472686237},"geometry":{"type":"Polygon","coordinates":[[[28.149591,-25.694708],[28.149279,-25.698242],[28.148947,-25.6982],[28.148825,-25.699629],[28.148123,-25.699574],[28.148138,-25.700365],[28.147718,-25.702181],[28.147345,-25.704134],[28.142992,-25.704264],[28.138056,-25.703798],[28.134743,-25.703352],[28.13479,-25.70297],[28.13407,-25.70177],[28.134111,-25.701545],[28.133898,-25.699038],[28.134008,-25.697462],[28.134104,-25.696819],[28.134325,-25.695959],[28.133688,-25.695798],[28.133982,-25.694794],[28.134546,-25.693247],[28.135393,-25.691175],[28.135626,-25.690514],[28.138667,-25.691514],[28.143297,-25.69301],[28.144774,-25.693256],[28.14662,-25.694099],[28.147841,-25.693995],[28.148523,-25.6948],[28.149591,-25.694708]]]}},{"type":"Feature","properties":{"id":"799047022","name":"Mountain View","commuteMinutes":12.16,"nearestJobCenter":"Pretoria CBD","distanceKm":null,"nearestTransitKm":0.6255731605075329},"geometry":{"type":"Polygon","coordinates":[[[28.180712,-25.697872],[28.180609,-25.698286],[28.179556,-25.699636],[28.179449,-25.700098],[28.179167,-25.700584],[28.178549,-25.700809],[28.177546,-25.700703],[28.17552,-25.701105],[28.174738,-25.70101],[28.174002,-25.701199],[28.1738,-25.700907],[28.173407,-25.70113],[28.172636,-25.701748],[28.172121,-25.702505],[28.171793,-25.703705],[28.172132,-25.706219],[28.168615,-25.705889],[28.166521,-25.712839],[28.165419,-25.712074],[28.163744,-25.711641],[28.163176,-25.711555],[28.161379,-25.711393],[28.160841,-25.712238],[28.159338,-25.71147],[28.158205,-25.711733],[28.157343,-25.711872],[28.157347,-25.711703],[28.157393,-25.710104],[28.157572,-25.70916],[28.158506,-25.706238],[28.15872,-25.704773],[28.154882,-25.704205],[28.152571,-25.703957],[28.151738,-25.703985],[28.147345,-25.704134],[28.147718,-25.702181],[28.148138,-25.700365],[28.148123,-25.699574],[28.148825,-25.699629],[28.148947,-25.6982],[28.149279,-25.698242],[28.149591,-25.694708],[28.149801,-25.692492],[28.159433,-25.693515],[28.1596,-25.692087],[28.160405,-25.692148],[28.171557,-25.693302],[28.17847,-25.694001],[28.179913,-25.694123],[28.180794,-25.695521],[28.181189,-25.696842],[28.180712,-25.697872]]]}},{"type":"Feature","properties":{"id":"799047023","name":"Park Town Estate","commuteMinutes":10.84,"nearestJobCenter":"Pretoria CBD","distanceKm":null,"nearestTransitKm":0.41163436215638577},"geometry":{"type":"Polygon","coordinates":[[[28.181433,-25.707174],[28.18078,-25.707109],[28.175685,-25.706611],[28.172132,-25.706219],[28.171793,-25.703705],[28.172121,-25.702505],[28.172636,-25.701748],[28.173407,-25.70113],[28.1738,-25.700907],[28.174002,-25.701199],[28.174738,-25.70101],[28.17552,-25.701105],[28.177546,-25.700703],[28.178549,-25.700809],[28.179167,-25.700584],[28.179449,-25.700098],[28.179556,-25.699636],[28.180609,-25.698286],[28.180712,-25.697872],[28.182718,-25.697723],[28.184168,-25.697691],[28.184797,-25.697386],[28.184816,-25.698236],[28.184534,-25.700516],[28.183973,-25.700329],[28.182753,-25.703737],[28.182581,-25.704975],[28.182291,-25.705048],[28.181665,-25.706816],[28.181494,-25.706776],[28.181433,-25.707174]]]}},{"type":"Feature","properties":{"id":"799047024","name":"Mayville","commuteMinutes":9.85,"nearestJobCenter":"Pretoria CBD","distanceKm":null,"nearestTransitKm":0.2452944456509002},"geometry":{"type":"Polygon","coordinates":[[[28.188135,-25.698183],[28.188101,-25.698881],[28.188314,-25.699295],[28.188833,-25.699419],[28.189043,-25.699732],[28.189028,-25.700476],[28.188913,-25.70096],[28.189592,-25.701056],[28.19021,-25.702332],[28.190222,-25.702604],[28.1905,-25.702696],[28.191031,-25.703817],[28.191305,-25.704031],[28.196779,-25.707705],[28.197153,-25.707867],[28.197733,-25.707767],[28.197783,-25.708101],[28.199373,-25.708727],[28.199385,-25.708961],[28.20101,-25.709103],[28.201067,-25.709555],[28.201685,-25.709486],[28.2017,-25.709623],[28.202211,-25.709835],[28.202177,-25.710075],[28.202719,-25.710022],[28.202868,-25.710899],[28.201357,-25.711466],[28.200587,-25.711431],[28.20064,-25.71176],[28.198648,-25.71249],[28.198595,-25.711935],[28.198381,-25.71191],[28.198469,-25.711166],[28.198454,-25.709427],[28.198526,-25.708878],[28.185835,-25.707596],[28.181433,-25.707174],[28.181494,-25.706776],[28.181665,-25.706816],[28.182291,-25.705048],[28.182581,-25.704975],[28.182753,-25.703737],[28.183973,-25.700329],[28.184534,-25.700516],[28.184816,-25.698236],[28.184797,-25.697386],[28.185865,-25.696533],[28.186384,-25.696956],[28.186543,-25.697263],[28.187301,-25.698289],[28.188135,-25.698183]]]}},{"type":"Feature","properties":{"id":"799047025","name":"Wonderboom South","commuteMinutes":10.61,"nearestJobCenter":"Pretoria CBD","distanceKm":null,"nearestTransitKm":0.7393163334328685},"geometry":{"type":"Polygon","coordinates":[[[28.218081,-25.695316],[28.217737,-25.696281],[28.217329,-25.696404],[28.217493,-25.696875],[28.216063,-25.700689],[28.216108,-25.700987],[28.215651,-25.701038],[28.216052,-25.703524],[28.214999,-25.703541],[28.214752,-25.704198],[28.214552,-25.70434],[28.214592,-25.704622],[28.213724,-25.706938],[28.21316,-25.70723],[28.212141,-25.707603],[28.210207,-25.708302],[28.210123,-25.708271],[28.203142,-25.710833],[28.202868,-25.710899],[28.202719,-25.710022],[28.202177,-25.710075],[28.202211,-25.709835],[28.2017,-25.709623],[28.201685,-25.709486],[28.201067,-25.709555],[28.20101,-25.709103],[28.199385,-25.708961],[28.199373,-25.708727],[28.197783,-25.708101],[28.197733,-25.707767],[28.197153,-25.707867],[28.196779,-25.707705],[28.191305,-25.704031],[28.191031,-25.703817],[28.1905,-25.702696],[28.190222,-25.702604],[28.19021,-25.702332],[28.189592,-25.701056],[28.188913,-25.70096],[28.189028,-25.700476],[28.189043,-25.699732],[28.188833,-25.699419],[28.188314,-25.699295],[28.188101,-25.698881],[28.188135,-25.698183],[28.188646,-25.698179],[28.196264,-25.697176],[28.198999,-25.6968],[28.198503,-25.694023],[28.198549,-25.693098],[28.199083,-25.692963],[28.199594,-25.693274],[28.200663,-25.693254],[28.201006,-25.693991],[28.202033,-25.695945],[28.202211,-25.697428],[28.204351,-25.697159],[28.205946,-25.696917],[28.206961,-25.696827],[28.213556,-25.695913],[28.218081,-25.695316]]]}},{"type":"Feature","properties":{"id":"799047026","name":"Rietfontein","commuteMinutes":11.4,"nearestJobCenter":"Pretoria CBD","distanceKm":null,"nearestTransitKm":0.809644251507779},"geometry":{"type":"Polygon","coordinates":[[[28.234564,-25.695728],[28.234961,-25.698109],[28.236006,-25.697922],[28.236006,-25.698334],[28.235678,-25.698843],[28.234747,-25.699894],[28.231627,-25.703646],[28.229013,-25.70673],[28.227278,-25.708517],[28.225691,-25.710661],[28.224363,-25.712032],[28.22246,-25.714294],[28.221647,-25.715382],[28.219793,-25.717627],[28.216146,-25.721941],[28.215273,-25.722933],[28.214613,-25.723783],[28.214518,-25.72431],[28.214716,-25.725477],[28.216444,-25.728374],[28.21677,-25.729104],[28.215041,-25.729332],[28.214895,-25.729782],[28.213736,-25.72983],[28.213728,-25.729607],[28.212446,-25.72945],[28.210768,-25.72917],[28.210798,-25.728527],[28.211725,-25.728439],[28.210871,-25.72439],[28.209963,-25.718447],[28.210154,-25.717491],[28.210058,-25.716841],[28.210363,-25.716803],[28.210642,-25.715151],[28.211052,-25.713328],[28.210855,-25.712305],[28.211287,-25.712252],[28.21158,-25.710886],[28.212328,-25.710814],[28.212029,-25.708847],[28.212248,-25.708084],[28.212141,-25.707603],[28.21316,-25.70723],[28.213724,-25.706938],[28.214592,-25.704622],[28.214552,-25.70434],[28.214752,-25.704198],[28.214999,-25.703541],[28.216052,-25.703524],[28.215651,-25.701038],[28.216108,-25.700987],[28.216063,-25.700689],[28.217493,-25.696875],[28.217329,-25.696404],[28.217737,-25.696281],[28.218081,-25.695316],[28.218104,-25.694993],[28.219905,-25.694907],[28.221114,-25.694815],[28.221191,-25.695205],[28.223219,-25.695205],[28.223364,-25.695481],[28.224467,-25.69558],[28.224566,-25.695871],[28.226196,-25.695672],[28.22674,-25.695335],[28.227352,-25.695144],[28.227781,-25.695289],[28.228585,-25.695197],[28.229564,-25.69519],[28.229756,-25.69633],[28.234394,-25.69571],[28.234564,-25.695728]]]}},{"type":"Feature","properties":{"id":"799047027","name":"Villieria","commuteMinutes":8.85,"nearestJobCenter":"Hatfield","distanceKm":null,"nearestTransitKm":0.672450864688281},"geometry":{"type":"Polygon","coordinates":[[[28.242029,-25.706887],[28.242075,-25.71224],[28.242103,-25.712527],[28.242116,-25.715943],[28.242173,-25.716594],[28.242171,-25.717802],[28.242319,-25.717804],[28.242346,-25.718441],[28.242376,-25.719797],[28.242311,-25.721546],[28.24235,-25.723581],[28.242498,-25.723961],[28.242205,-25.723953],[28.242208,-25.727041],[28.240435,-25.726776],[28.23559,-25.726292],[28.234632,-25.726154],[28.233057,-25.726038],[28.231424,-25.725861],[28.22962,-25.725777],[28.229345,-25.725668],[28.22883,-25.725691],[28.226068,-25.726068],[28.22547,-25.726084],[28.224009,-25.726294],[28.221495,-25.726431],[28.221453,-25.726496],[28.219233,-25.726635],[28.217546,-25.727324],[28.218271,-25.72452],[28.218424,-25.723768],[28.21842,-25.722166],[28.215364,-25.722952],[28.215273,-25.722933],[28.216146,-25.721941],[28.219793,-25.717627],[28.221647,-25.715382],[28.22246,-25.714294],[28.224363,-25.712032],[28.225691,-25.710661],[28.227278,-25.708517],[28.229013,-25.70673],[28.231627,-25.703646],[28.234747,-25.699894],[28.235678,-25.698843],[28.236006,-25.698334],[28.236006,-25.697922],[28.234961,-25.698109],[28.234564,-25.695728],[28.235876,-25.695423],[28.237543,-25.69516],[28.23884,-25.694899],[28.239435,-25.694145],[28.239927,-25.694025],[28.241766,-25.694164],[28.241896,-25.694225],[28.242029,-25.706887]]]}},{"type":"Feature","properties":{"id":"799047028","name":"Waverley","commuteMinutes":11.04,"nearestJobCenter":"Hatfield","distanceKm":null,"nearestTransitKm":2.2805822178351693},"geometry":{"type":"Polygon","coordinates":[[[28.269575,-25.696518],[28.268885,-25.702446],[28.268679,-25.704084],[28.268583,-25.705164],[28.267257,-25.70669],[28.267121,-25.707192],[28.266251,-25.709071],[28.266012,-25.710165],[28.265802,-25.710844],[28.265741,-25.711428],[28.264271,-25.711374],[28.261602,-25.711203],[28.261003,-25.711222],[28.259764,-25.711494],[28.259455,-25.708714],[28.254511,-25.708153],[28.242861,-25.706861],[28.242842,-25.706976],[28.242029,-25.706887],[28.241896,-25.694225],[28.243501,-25.694331],[28.245171,-25.694552],[28.247821,-25.694732],[28.248856,-25.69487],[28.250278,-25.694925],[28.250582,-25.695104],[28.25072,-25.69418],[28.25112,-25.69418],[28.251051,-25.694966],[28.2517,-25.695022],[28.251755,-25.694815],[28.252528,-25.69487],[28.254363,-25.694897],[28.254349,-25.695311],[28.258697,-25.695698],[28.260795,-25.695753],[28.261071,-25.694428],[28.261885,-25.694511],[28.262078,-25.694635],[28.262037,-25.695008],[28.262561,-25.695353],[28.264245,-25.695643],[28.265694,-25.69585],[28.267295,-25.696001],[28.269007,-25.69636],[28.269575,-25.696518]]]}},{"type":"Feature","properties":{"id":"799047029","name":"East Lynne","commuteMinutes":9.43,"nearestJobCenter":"Menlyn","distanceKm":null,"nearestTransitKm":2.221008106349406},"geometry":{"type":"Polygon","coordinates":[[[28.283457,-25.700695],[28.279974,-25.702093],[28.280727,-25.702149],[28.282339,-25.702148],[28.2824,-25.702071],[28.284105,-25.702049],[28.28409,-25.701889],[28.284872,-25.701878],[28.285219,-25.702143],[28.285276,-25.711288],[28.285273,-25.713104],[28.286051,-25.713274],[28.285799,-25.714828],[28.285234,-25.714676],[28.283846,-25.71451],[28.282949,-25.714321],[28.282846,-25.714125],[28.283182,-25.712715],[28.280638,-25.712255],[28.27667,-25.711512],[28.27434,-25.711092],[28.273611,-25.71101],[28.272699,-25.711018],[28.26932,-25.711424],[28.267273,-25.711586],[28.267271,-25.711519],[28.265741,-25.711428],[28.265802,-25.710844],[28.266012,-25.710165],[28.266251,-25.709071],[28.267121,-25.707192],[28.267257,-25.70669],[28.268583,-25.705164],[28.268679,-25.704084],[28.268885,-25.702446],[28.269575,-25.696518],[28.272423,-25.696844],[28.274904,-25.697188],[28.275024,-25.697845],[28.275937,-25.697941],[28.27805,-25.697829],[28.278418,-25.697765],[28.278946,-25.697901],[28.280467,-25.697196],[28.280995,-25.69686],[28.281892,-25.695355],[28.282276,-25.694347],[28.282607,-25.693272],[28.283483,-25.693366],[28.283388,-25.700508],[28.283457,-25.700695]]]}},{"type":"Feature","properties":{"id":"799047030","name":"Derdepoort","commuteMinutes":16.34,"nearestJobCenter":"Menlyn","distanceKm":null,"nearestTransitKm":1.91590493059256},"geometry":{"type":"Polygon","coordinates":[[[28.299656,-25.692578],[28.299071,-25.696929],[28.297548,-25.697258],[28.297609,-25.697554],[28.297258,-25.697714],[28.296778,-25.697672],[28.296366,-25.698719],[28.29685,-25.699055],[28.296892,-25.699457],[28.297201,-25.699484],[28.297365,-25.699837],[28.298098,-25.700991],[28.298658,-25.701523],[28.298872,-25.701572],[28.298861,-25.701872],[28.299246,-25.701994],[28.299498,-25.702778],[28.300104,-25.703753],[28.300322,-25.703766],[28.30057,-25.704475],[28.301607,-25.704866],[28.302126,-25.705154],[28.302603,-25.705729],[28.303324,-25.706738],[28.303904,-25.707018],[28.304331,-25.707373],[28.304701,-25.707878],[28.30514,-25.708086],[28.305258,-25.708397],[28.305994,-25.708792],[28.306967,-25.709219],[28.307207,-25.709223],[28.307859,-25.709522],[28.307577,-25.71081],[28.307432,-25.711451],[28.307177,-25.715],[28.301638,-25.714909],[28.29944,-25.714828],[28.299402,-25.714987],[28.298964,-25.714655],[28.298964,-25.714109],[28.298559,-25.713816],[28.297915,-25.713703],[28.297388,-25.71372],[28.296663,-25.713535],[28.296232,-25.713663],[28.295248,-25.713539],[28.295134,-25.713673],[28.294687,-25.713528],[28.294504,-25.713314],[28.293848,-25.71312],[28.294291,-25.711882],[28.294226,-25.711823],[28.294931,-25.709581],[28.294859,-25.709372],[28.294851,-25.706696],[28.294334,-25.706696],[28.294302,-25.70384],[28.292277,-25.702923],[28.29067,-25.702104],[28.288408,-25.70212],[28.288095,-25.700451],[28.287767,-25.698973],[28.283457,-25.700695],[28.283388,-25.700508],[28.283483,-25.693366],[28.282607,-25.693272],[28.282276,-25.694347],[28.280401,-25.69313],[28.280497,-25.692709],[28.280352,-25.691996],[28.280409,-25.691738],[28.280928,-25.687101],[28.282103,-25.687092],[28.281958,-25.68672],[28.2805,-25.684221],[28.282259,-25.684546],[28.283442,-25.68483],[28.286451,-25.685396],[28.288252,-25.685709],[28.290388,-25.685791],[28.291185,-25.685785],[28.292274,-25.685649],[28.29302,-25.687601],[28.295738,-25.687702],[28.294748,-25.689648],[28.295738,-25.690357],[28.296497,-25.691247],[28.298558,-25.692188],[28.299656,-25.692578]]]}},{"type":"Feature","properties":{"id":"799047031","name":"Ekklesia","commuteMinutes":10.58,"nearestJobCenter":"Menlyn","distanceKm":null,"nearestTransitKm":2.7996216781711865},"geometry":{"type":"Polygon","coordinates":[[[28.288408,-25.70212],[28.285219,-25.702143],[28.284872,-25.701878],[28.28409,-25.701889],[28.284105,-25.702049],[28.2824,-25.702071],[28.282339,-25.702148],[28.280727,-25.702149],[28.279974,-25.702093],[28.283457,-25.700695],[28.287767,-25.698973],[28.288095,-25.700451],[28.288408,-25.70212]]]}},{"type":"Feature","properties":{"id":"799047032","name":"Jan Niemand Park","commuteMinutes":11.04,"nearestJobCenter":"Menlyn","distanceKm":null,"nearestTransitKm":1.771529400206691},"geometry":{"type":"Polygon","coordinates":[[[28.298964,-25.714655],[28.298883,-25.714756],[28.298857,-25.715658],[28.298502,-25.716707],[28.292631,-25.715086],[28.291555,-25.714764],[28.28771,-25.713686],[28.286051,-25.713274],[28.285273,-25.713104],[28.285276,-25.711288],[28.285219,-25.702143],[28.288408,-25.70212],[28.29067,-25.702104],[28.292277,-25.702923],[28.294302,-25.70384],[28.294334,-25.706696],[28.294851,-25.706696],[28.294859,-25.709372],[28.294931,-25.709581],[28.294226,-25.711823],[28.294291,-25.711882],[28.293848,-25.71312],[28.294504,-25.713314],[28.294687,-25.713528],[28.295134,-25.713673],[28.295248,-25.713539],[28.296232,-25.713663],[28.296663,-25.713535],[28.297388,-25.71372],[28.297915,-25.713703],[28.298559,-25.713816],[28.298964,-25.714109],[28.298964,-25.714655]]]}},{"type":"Feature","properties":{"id":"799047033","name":"Silvertondale","commuteMinutes":12.03,"nearestJobCenter":"Menlyn","distanceKm":null,"nearestTransitKm":0.5648621752967167},"geometry":{"type":"Polygon","coordinates":[[[28.307421,-25.717937],[28.308146,-25.719051],[28.30718,-25.720013],[28.305559,-25.721439],[28.302893,-25.723877],[28.300592,-25.725941],[28.300287,-25.725746],[28.299589,-25.724756],[28.299257,-25.7244],[28.299162,-25.7239],[28.298685,-25.723354],[28.298552,-25.722792],[28.297968,-25.721796],[28.297281,-25.721373],[28.2974,-25.720736],[28.29793,-25.720592],[28.297987,-25.72027],[28.298873,-25.719088],[28.298936,-25.718871],[28.296137,-25.719648],[28.293526,-25.720327],[28.293275,-25.720361],[28.292616,-25.7183],[28.292253,-25.716961],[28.291555,-25.714764],[28.292631,-25.715086],[28.298502,-25.716707],[28.300741,-25.717327],[28.302378,-25.717651],[28.304338,-25.717926],[28.306814,-25.718002],[28.307421,-25.717937]]]}},{"type":"Feature","properties":{"id":"799047034","name":"Waltloo","commuteMinutes":13.1,"nearestJobCenter":"Menlyn","distanceKm":null,"nearestTransitKm":0.8425964973976426},"geometry":{"type":"Polygon","coordinates":[[[28.332675,-25.719669],[28.332426,-25.72049],[28.331919,-25.721109],[28.332388,-25.721689],[28.332479,-25.722149],[28.332258,-25.726217],[28.332102,-25.728653],[28.330969,-25.728533],[28.330294,-25.728691],[28.324127,-25.729558],[28.319551,-25.730206],[28.318953,-25.730131],[28.317995,-25.730991],[28.317221,-25.730377],[28.317004,-25.730539],[28.316346,-25.730558],[28.314572,-25.730503],[28.314481,-25.730366],[28.313411,-25.730512],[28.311597,-25.730444],[28.309692,-25.730217],[28.30961,-25.728958],[28.30925,-25.728559],[28.309335,-25.728113],[28.308876,-25.727654],[28.308306,-25.727884],[28.307297,-25.727772],[28.305168,-25.727294],[28.304434,-25.726947],[28.303824,-25.72694],[28.302874,-25.726763],[28.301184,-25.726305],[28.300592,-25.725941],[28.302893,-25.723877],[28.305559,-25.721439],[28.30718,-25.720013],[28.308146,-25.719051],[28.307421,-25.717937],[28.310575,-25.717478],[28.312521,-25.717163],[28.313406,-25.717083],[28.31702,-25.716862],[28.317148,-25.718761],[28.317777,-25.718761],[28.321998,-25.718974],[28.324035,-25.719053],[28.327945,-25.719249],[28.331703,-25.719419],[28.332675,-25.719669]]]}},{"type":"Feature","properties":{"id":"799047035","name":"Despatch","commuteMinutes":15.43,"nearestJobCenter":"Menlyn","distanceKm":null,"nearestTransitKm":0.08885888644130764},"geometry":{"type":"Polygon","coordinates":[[[28.331007,-25.71632],[28.331345,-25.717526],[28.332926,-25.71806],[28.332675,-25.719669],[28.331703,-25.719419],[28.327945,-25.719249],[28.324035,-25.719053],[28.321998,-25.718974],[28.317777,-25.718761],[28.317148,-25.718761],[28.31702,-25.716862],[28.319269,-25.716713],[28.320364,-25.716471],[28.321417,-25.71631],[28.322466,-25.716297],[28.323843,-25.71644],[28.325922,-25.716455],[28.329195,-25.716387],[28.331007,-25.71632]]]}},{"type":"Feature","properties":{"id":"799047036","name":"Samcor Park","commuteMinutes":13.29,"nearestJobCenter":"Menlyn","distanceKm":null,"nearestTransitKm":0.8021462057513389},"geometry":{"type":"Polygon","coordinates":[[[28.344488,-25.72155],[28.344143,-25.722141],[28.345148,-25.72404],[28.345169,-25.724146],[28.343831,-25.727716],[28.343656,-25.728086],[28.342736,-25.730492],[28.342567,-25.730666],[28.339352,-25.729895],[28.336404,-25.729096],[28.335178,-25.728857],[28.334502,-25.731739],[28.333399,-25.736556],[28.333152,-25.737495],[28.333292,-25.737709],[28.33299,-25.738927],[28.329523,-25.737736],[28.329874,-25.736588],[28.331896,-25.730513],[28.332041,-25.729534],[28.332102,-25.728653],[28.332258,-25.726217],[28.332479,-25.722149],[28.332388,-25.721689],[28.331919,-25.721109],[28.332426,-25.72049],[28.332675,-25.719669],[28.332926,-25.71806],[28.335352,-25.718729],[28.334943,-25.719051],[28.3359,-25.719425],[28.335965,-25.719275],[28.338099,-25.719931],[28.338243,-25.719591],[28.344488,-25.72155]]]}},{"type":"Feature","properties":{"id":"799047037","name":"Silverton Ext 7","commuteMinutes":13.62,"nearestJobCenter":"Menlyn","distanceKm":null,"nearestTransitKm":1.627600135461496},"geometry":{"type":"Polygon","coordinates":[[[28.329523,-25.737736],[28.326799,-25.73712],[28.32596,-25.736885],[28.323713,-25.736357],[28.322444,-25.736101],[28.322596,-25.735318],[28.323005,-25.733839],[28.324127,-25.729558],[28.330294,-25.728691],[28.330969,-25.728533],[28.332102,-25.728653],[28.332041,-25.729534],[28.331896,-25.730513],[28.329874,-25.736588],[28.329523,-25.737736]]]}},{"type":"Feature","properties":{"id":"799047038","name":"Silverton Ext 5","commuteMinutes":12.04,"nearestJobCenter":"Menlyn","distanceKm":null,"nearestTransitKm":1.7623938356685565},"geometry":{"type":"Polygon","coordinates":[[[28.324127,-25.729558],[28.323005,-25.733839],[28.322596,-25.735318],[28.322444,-25.736101],[28.319468,-25.735502],[28.316694,-25.734922],[28.314341,-25.73448],[28.313963,-25.734383],[28.317995,-25.730991],[28.318953,-25.730131],[28.319551,-25.730206],[28.324127,-25.729558]]]}},{"type":"Feature","properties":{"id":"799047039","name":"Silverton","commuteMinutes":10.22,"nearestJobCenter":"Hatfield","distanceKm":null,"nearestTransitKm":0.5744318678265685},"geometry":{"type":"Polygon","coordinates":[[[28.317995,-25.730991],[28.313963,-25.734383],[28.313265,-25.734947],[28.312803,-25.735529],[28.312471,-25.736311],[28.31188,-25.736174],[28.311575,-25.737034],[28.310823,-25.737661],[28.310705,-25.737593],[28.309797,-25.738514],[28.307261,-25.737858],[28.307051,-25.738485],[28.306501,-25.738422],[28.306063,-25.739065],[28.304567,-25.738932],[28.303507,-25.738783],[28.302526,-25.738791],[28.302263,-25.738625],[28.300997,-25.73844],[28.300898,-25.73818],[28.300505,-25.738171],[28.300371,-25.739384],[28.300427,-25.739522],[28.300245,-25.741304],[28.300081,-25.741953],[28.296541,-25.741587],[28.295645,-25.741425],[28.296331,-25.740824],[28.296026,-25.740686],[28.29611,-25.739855],[28.29257,-25.739328],[28.288763,-25.738455],[28.286673,-25.737986],[28.286547,-25.738083],[28.286253,-25.739599],[28.285543,-25.739376],[28.282946,-25.738811],[28.283072,-25.737593],[28.282354,-25.737492],[28.282896,-25.732824],[28.283751,-25.7327],[28.284056,-25.730076],[28.284327,-25.728048],[28.292061,-25.727816],[28.292165,-25.72707],[28.292624,-25.726606],[28.292746,-25.726187],[28.292953,-25.720401],[28.293275,-25.720361],[28.293526,-25.720327],[28.296137,-25.719648],[28.298936,-25.718871],[28.298873,-25.719088],[28.297987,-25.72027],[28.29793,-25.720592],[28.2974,-25.720736],[28.297281,-25.721373],[28.297968,-25.721796],[28.298552,-25.722792],[28.298685,-25.723354],[28.299162,-25.7239],[28.299257,-25.7244],[28.299589,-25.724756],[28.300287,-25.725746],[28.300592,-25.725941],[28.301184,-25.726305],[28.302874,-25.726763],[28.303824,-25.72694],[28.304434,-25.726947],[28.305168,-25.727294],[28.307297,-25.727772],[28.308306,-25.727884],[28.308876,-25.727654],[28.309335,-25.728113],[28.30925,-25.728559],[28.30961,-25.728958],[28.309692,-25.730217],[28.311597,-25.730444],[28.313411,-25.730512],[28.314481,-25.730366],[28.314572,-25.730503],[28.316346,-25.730558],[28.317004,-25.730539],[28.317221,-25.730377],[28.317995,-25.730991]]]}},{"type":"Feature","properties":{"id":"799047040","name":"Koedoespoort","commuteMinutes":11.46,"nearestJobCenter":"Hatfield","distanceKm":null,"nearestTransitKm":0.41870143467993737},"geometry":{"type":"Polygon","coordinates":[[[28.282846,-25.714125],[28.282949,-25.714321],[28.283846,-25.71451],[28.285234,-25.714676],[28.285799,-25.714828],[28.286051,-25.713274],[28.28771,-25.713686],[28.291555,-25.714764],[28.292253,-25.716961],[28.292616,-25.7183],[28.293275,-25.720361],[28.292953,-25.720401],[28.292746,-25.726187],[28.292624,-25.726606],[28.292165,-25.72707],[28.292061,-25.727816],[28.284327,-25.728048],[28.284056,-25.730076],[28.283751,-25.7327],[28.282896,-25.732824],[28.282354,-25.737492],[28.283072,-25.737593],[28.282946,-25.738811],[28.28282,-25.739437],[28.28263,-25.741206],[28.276394,-25.740719],[28.270453,-25.740257],[28.264826,-25.740162],[28.264692,-25.739487],[28.264631,-25.738323],[28.265047,-25.738409],[28.267042,-25.738457],[28.267973,-25.738558],[28.269258,-25.737864],[28.270231,-25.737141],[28.27247,-25.73567],[28.272959,-25.735481],[28.275137,-25.734949],[28.275808,-25.728708],[28.27593,-25.727865],[28.276102,-25.726118],[28.274904,-25.72603],[28.27371,-25.725945],[28.266684,-25.725357],[28.266588,-25.724991],[28.266764,-25.721144],[28.26713,-25.712736],[28.267237,-25.71257],[28.267273,-25.711586],[28.26932,-25.711424],[28.269457,-25.712219],[28.269617,-25.712492],[28.271593,-25.7152],[28.273272,-25.714214],[28.2735,-25.714499],[28.275305,-25.714855],[28.275011,-25.716148],[28.277276,-25.716384],[28.279604,-25.715984],[28.280127,-25.713631],[28.282846,-25.714125]]]}},{"type":"Feature","properties":{"id":"799047041","name":"Lindopark","commuteMinutes":9.24,"nearestJobCenter":"Menlyn","distanceKm":null,"nearestTransitKm":1.3878131457992933},"geometry":{"type":"Polygon","coordinates":[[[28.282846,-25.714125],[28.280127,-25.713631],[28.279604,-25.715984],[28.277276,-25.716384],[28.275011,-25.716148],[28.275305,-25.714855],[28.2735,-25.714499],[28.273272,-25.714214],[28.271593,-25.7152],[28.269617,-25.712492],[28.269457,-25.712219],[28.26932,-25.711424],[28.272699,-25.711018],[28.273611,-25.71101],[28.27434,-25.711092],[28.27667,-25.711512],[28.280638,-25.712255],[28.283182,-25.712715],[28.282846,-25.714125]]]}},{"type":"Feature","properties":{"id":"799047042","name":"Kameeldrift SH","commuteMinutes":33.81,"nearestJobCenter":"Pretoria CBD","distanceKm":null,"nearestTransitKm":8.020600370888149},"geometry":{"type":"Polygon","coordinates":[[[28.066122,-25.680025],[28.064844,-25.682178],[28.058629,-25.682548],[28.048249,-25.683018],[28.036625,-25.683322],[28.037038,-25.688002],[28.037658,-25.692509],[28.037901,-25.693946],[28.038451,-25.696017],[28.038685,-25.701016],[28.039005,-25.708217],[28.039159,-25.712249],[28.036663,-25.712746],[28.035479,-25.712473],[28.034928,-25.712483],[28.034362,-25.712706],[28.033416,-25.712377],[28.032925,-25.711922],[28.03198,-25.712008],[28.030731,-25.711902],[28.030366,-25.711922],[28.029694,-25.712316],[28.028945,-25.712524],[28.028384,-25.713014],[28.028106,-25.713141],[28.027469,-25.713207],[28.026887,-25.71305],[28.026184,-25.713378],[28.025198,-25.713293],[28.024889,-25.713434],[28.024465,-25.713965],[28.02406,-25.714087],[28.023681,-25.716479],[28.025992,-25.719574],[28.026211,-25.719815],[28.024264,-25.720048],[28.015719,-25.720993],[28.013174,-25.721321],[28.012594,-25.721461],[28.011443,-25.721892],[28.010572,-25.722098],[28.010694,-25.722799],[28.010133,-25.723829],[28.010226,-25.72411],[28.007452,-25.729575],[28.007011,-25.730333],[28.0066,-25.730795],[28.006076,-25.73121],[28.005489,-25.73153],[28.004879,-25.731749],[28.004115,-25.731885],[27.995167,-25.732566],[27.993541,-25.732827],[27.991073,-25.733442],[27.989248,-25.733863],[27.988667,-25.734043],[27.985748,-25.734778],[27.977042,-25.737019],[27.972075,-25.738289],[27.970461,-25.73546],[27.965071,-25.725559],[27.96446,-25.724489],[27.955589,-25.70841],[27.95122,-25.70059],[27.948191,-25.69521],[27.95162,-25.69451],[27.952684,-25.69438],[27.957491,-25.693689],[27.957069,-25.690821],[27.954821,-25.679489],[27.954121,-25.675489],[27.953751,-25.67384],[27.953819,-25.672939],[27.953251,-25.67235],[27.952299,-25.671921],[27.95207,-25.67173],[27.95191,-25.67115],[27.952717,-25.671207],[27.956995,-25.671334],[27.95772,-25.671401],[27.958801,-25.671677],[27.960936,-25.672456],[27.962508,-25.672879],[27.963965,-25.673094],[27.964905,-25.673147],[27.966147,-25.67312],[27.967772,-25.672932],[27.969565,-25.672476],[27.972741,-25.671328],[27.973761,-25.671072],[27.977018,-25.670529],[27.981839,-25.669656],[27.98421,-25.669246],[27.985707,-25.668917],[27.989293,-25.668051],[27.992334,-25.667339],[27.993489,-25.667238],[27.995121,-25.667292],[27.997391,-25.667735],[27.998405,-25.667903],[28.001064,-25.668064],[28.00528,-25.668245],[28.008497,-25.668702],[28.010055,-25.668803],[28.01219,-25.66883],[28.015238,-25.668924],[28.016776,-25.668843],[28.019731,-25.668628],[28.021194,-25.668299],[28.022517,-25.667836],[28.023498,-25.667574],[28.028144,-25.666775],[28.032797,-25.666023],[28.033509,-25.665949],[28.034369,-25.665949],[28.036364,-25.66618],[28.04077,-25.666681],[28.04125,-25.66667],[28.042738,-25.66643],[28.044088,-25.665855],[28.046736,-25.664242],[28.048006,-25.667896],[28.049379,-25.67197],[28.049696,-25.672806],[28.05015,-25.673586],[28.05076,-25.674328],[28.051905,-25.675219],[28.053751,-25.676092],[28.056036,-25.677216],[28.061411,-25.679743],[28.062601,-25.679916],[28.066122,-25.680025]]]}},{"type":"Feature","properties":{"id":"799047043","name":"Magaliesmoot AH","commuteMinutes":25.55,"nearestJobCenter":"Pretoria CBD","distanceKm":null,"nearestTransitKm":5.960896760529459},"geometry":{"type":"Polygon","coordinates":[[[28.051149,-25.711094],[28.048875,-25.714379],[28.047055,-25.717235],[28.046028,-25.718793],[28.044865,-25.720487],[28.042166,-25.720479],[28.038385,-25.720497],[28.036776,-25.720413],[28.036252,-25.720319],[28.035419,-25.720048],[28.0338,-25.720029],[28.030758,-25.719767],[28.028278,-25.719636],[28.026211,-25.719815],[28.025992,-25.719574],[28.023681,-25.716479],[28.02406,-25.714087],[28.024465,-25.713965],[28.024889,-25.713434],[28.025198,-25.713293],[28.026184,-25.713378],[28.026887,-25.71305],[28.027469,-25.713207],[28.028106,-25.713141],[28.028384,-25.713014],[28.028945,-25.712524],[28.029694,-25.712316],[28.030366,-25.711922],[28.030731,-25.711902],[28.03198,-25.712008],[28.032925,-25.711922],[28.033416,-25.712377],[28.034362,-25.712706],[28.034928,-25.712483],[28.035479,-25.712473],[28.036663,-25.712746],[28.039159,-25.712249],[28.040698,-25.71222],[28.040708,-25.711821],[28.042625,-25.711694],[28.042746,-25.711649],[28.042585,-25.709672],[28.045983,-25.709434],[28.046322,-25.711431],[28.048512,-25.711313],[28.051149,-25.711094]]]}},{"type":"Feature","properties":{"id":"799047044","name":"Swacina Park AH","commuteMinutes":22.01,"nearestJobCenter":"Pretoria CBD","distanceKm":null,"nearestTransitKm":5.111008513085155},"geometry":{"type":"Polygon","coordinates":[[[28.071787,-25.719204],[28.069389,-25.719463],[28.064699,-25.720009],[28.060237,-25.720488],[28.050766,-25.720469],[28.048315,-25.720488],[28.044865,-25.720487],[28.046028,-25.718793],[28.047055,-25.717235],[28.048875,-25.714379],[28.051149,-25.711094],[28.058475,-25.710666],[28.071112,-25.709843],[28.071787,-25.719204]]]}},{"type":"Feature","properties":{"id":"799047045","name":"Krauseville SH","commuteMinutes":22.7,"nearestJobCenter":"Pretoria CBD","distanceKm":null,"nearestTransitKm":3.5017394810337366},"geometry":{"type":"Polygon","coordinates":[[[28.119097,-25.719578],[28.123114,-25.719757],[28.123114,-25.71933],[28.125383,-25.719429],[28.125368,-25.719915],[28.126734,-25.719921],[28.129816,-25.720041],[28.129717,-25.721128],[28.129595,-25.723152],[28.128725,-25.723055],[28.127153,-25.723021],[28.127325,-25.724663],[28.127211,-25.724661],[28.127245,-25.725283],[28.127413,-25.725983],[28.127394,-25.726744],[28.127588,-25.730768],[28.121508,-25.730944],[28.116442,-25.73106],[28.116259,-25.732216],[28.116308,-25.733229],[28.117079,-25.734724],[28.117147,-25.735495],[28.107771,-25.736181],[28.106359,-25.736311],[28.105848,-25.73649],[28.105152,-25.736503],[28.105545,-25.739609],[28.105615,-25.741215],[28.105871,-25.7428],[28.106024,-25.744976],[28.105978,-25.745811],[28.105749,-25.746168],[28.105383,-25.747202],[28.105238,-25.746979],[28.104155,-25.746037],[28.101244,-25.743727],[28.100512,-25.743608],[28.098276,-25.744186],[28.094896,-25.745117],[28.093523,-25.745451],[28.092009,-25.745672],[28.091665,-25.744394],[28.090689,-25.742573],[28.090326,-25.742422],[28.085001,-25.741014],[28.084093,-25.741093],[28.079404,-25.741626],[28.07688,-25.741913],[28.072821,-25.742321],[28.064779,-25.743208],[28.063058,-25.743381],[28.058535,-25.743927],[28.05757,-25.739454],[28.057314,-25.739458],[28.052191,-25.741144],[28.049215,-25.741898],[28.046736,-25.742243],[28.044771,-25.74246],[28.043261,-25.742765],[28.042238,-25.74264],[28.037359,-25.743622],[28.029898,-25.744965],[28.022707,-25.746689],[28.021212,-25.746523],[28.019548,-25.745974],[28.015795,-25.745974],[28.014463,-25.745947],[28.013071,-25.746153],[28.011694,-25.746523],[28.00593,-25.747759],[27.998083,-25.749758],[27.994722,-25.750605],[27.990423,-25.751877],[27.989241,-25.751755],[27.987272,-25.751635],[27.985518,-25.751635],[27.984095,-25.751543],[27.982912,-25.751726],[27.982035,-25.751696],[27.97945,-25.751464],[27.979469,-25.75145],[27.97506,-25.743641],[27.97341,-25.74066],[27.972075,-25.738289],[27.977042,-25.737019],[27.985748,-25.734778],[27.988667,-25.734043],[27.989248,-25.733863],[27.991073,-25.733442],[27.993541,-25.732827],[27.995167,-25.732566],[28.004115,-25.731885],[28.004879,-25.731749],[28.005489,-25.73153],[28.006076,-25.73121],[28.0066,-25.730795],[28.007011,-25.730333],[28.007452,-25.729575],[28.010226,-25.72411],[28.010133,-25.723829],[28.010694,-25.722799],[28.010572,-25.722098],[28.011443,-25.721892],[28.012594,-25.721461],[28.013174,-25.721321],[28.015719,-25.720993],[28.024264,-25.720048],[28.026211,-25.719815],[28.028278,-25.719636],[28.030758,-25.719767],[28.0338,-25.720029],[28.035419,-25.720048],[28.036252,-25.720319],[28.036776,-25.720413],[28.038385,-25.720497],[28.042166,-25.720479],[28.044865,-25.720487],[28.048315,-25.720488],[28.050766,-25.720469],[28.060237,-25.720488],[28.064699,-25.720009],[28.069389,-25.719463],[28.071787,-25.719204],[28.077316,-25.71857],[28.078863,-25.718389],[28.082215,-25.717862],[28.085078,-25.717372],[28.089136,-25.716705],[28.089457,-25.718283],[28.090322,-25.721846],[28.09157,-25.721762],[28.093527,-25.721802],[28.100248,-25.722109],[28.100683,-25.722181],[28.100851,-25.722622],[28.10087,-25.723652],[28.100996,-25.724455],[28.101744,-25.724367],[28.102545,-25.72436],[28.102686,-25.724516],[28.102594,-25.725066],[28.102543,-25.726161],[28.107454,-25.72628],[28.10795,-25.726027],[28.108324,-25.726],[28.108965,-25.726173],[28.109781,-25.726294],[28.110369,-25.726227],[28.110662,-25.726],[28.111002,-25.725964],[28.111269,-25.726135],[28.112375,-25.725843],[28.112772,-25.72653],[28.11751,-25.72678],[28.118086,-25.723722],[28.119097,-25.719578]]]}},{"type":"Feature","properties":{"id":"799047046","name":"Leoka Villa AH","commuteMinutes":19.17,"nearestJobCenter":"Rosslyn","distanceKm":null,"nearestTransitKm":6.502857175925022},"geometry":{"type":"Polygon","coordinates":[[[28.095329,-25.686979],[28.094889,-25.692242],[28.094535,-25.698287],[28.094171,-25.704745],[28.089495,-25.70509],[28.089273,-25.705165],[28.093762,-25.70814],[28.097546,-25.710373],[28.09841,-25.71469],[28.098522,-25.715155],[28.09564,-25.715643],[28.089136,-25.716705],[28.085078,-25.717372],[28.082215,-25.717862],[28.078863,-25.718389],[28.077316,-25.71857],[28.08029,-25.709343],[28.080917,-25.702927],[28.081279,-25.699849],[28.081384,-25.699714],[28.08184,-25.695482],[28.082116,-25.692782],[28.082461,-25.692762],[28.084706,-25.692984],[28.087194,-25.69335],[28.089249,-25.693562],[28.089694,-25.693462],[28.089572,-25.692839],[28.089683,-25.692084],[28.089749,-25.690606],[28.089872,-25.690095],[28.089894,-25.688962],[28.090272,-25.686851],[28.095329,-25.686979]]]}},{"type":"Feature","properties":{"id":"799047047","name":"Andeon AH","commuteMinutes":17.57,"nearestJobCenter":"Pretoria CBD","distanceKm":null,"nearestTransitKm":5.692496013458878},"geometry":{"type":"Polygon","coordinates":[[[28.122538,-25.692042],[28.12269,-25.693033],[28.122797,-25.694317],[28.122862,-25.695925],[28.122862,-25.696934],[28.122801,-25.698172],[28.122599,-25.699833],[28.122187,-25.701769],[28.122,-25.702557],[28.121733,-25.702999],[28.121725,-25.70359],[28.122435,-25.703581],[28.122065,-25.704807],[28.121706,-25.706457],[28.121458,-25.708044],[28.120478,-25.712833],[28.116522,-25.712646],[28.115473,-25.712549],[28.11523,-25.712701],[28.11426,-25.712601],[28.113343,-25.71261],[28.112582,-25.712432],[28.108051,-25.712193],[28.105157,-25.712057],[28.105234,-25.710667],[28.100969,-25.710476],[28.100885,-25.711124],[28.100466,-25.712111],[28.097546,-25.710373],[28.093762,-25.70814],[28.089273,-25.705165],[28.089495,-25.70509],[28.094171,-25.704745],[28.094535,-25.698287],[28.094889,-25.692242],[28.095329,-25.686979],[28.102646,-25.687151],[28.105116,-25.687115],[28.107222,-25.686897],[28.107004,-25.690674],[28.116774,-25.691219],[28.121132,-25.691655],[28.122538,-25.692042]]]}},{"type":"Feature","properties":{"id":"799047048","name":"Booysens","commuteMinutes":14.5,"nearestJobCenter":"Pretoria CBD","distanceKm":null,"nearestTransitKm":3.9689059849553074},"geometry":{"type":"Polygon","coordinates":[[[28.130602,-25.702791],[28.130331,-25.704346],[28.129946,-25.704796],[28.131571,-25.706434],[28.129793,-25.712334],[28.129477,-25.713337],[28.129385,-25.713861],[28.129152,-25.71446],[28.128534,-25.7164],[28.128321,-25.718397],[28.128283,-25.719131],[28.128683,-25.719158],[28.128702,-25.718925],[28.129877,-25.718575],[28.129816,-25.720041],[28.126734,-25.719921],[28.125368,-25.719915],[28.125383,-25.719429],[28.123114,-25.71933],[28.123114,-25.719757],[28.119097,-25.719578],[28.119608,-25.717138],[28.119905,-25.715862],[28.12089,-25.715824],[28.122877,-25.715912],[28.123358,-25.712173],[28.121984,-25.712536],[28.120478,-25.712833],[28.121458,-25.708044],[28.121706,-25.706457],[28.122065,-25.704807],[28.122435,-25.703581],[28.121725,-25.70359],[28.121733,-25.702999],[28.122,-25.702557],[28.122187,-25.701769],[28.130602,-25.702791]]]}},{"type":"Feature","properties":{"id":"799047049","name":"Claremont","commuteMinutes":11.64,"nearestJobCenter":"Pretoria CBD","distanceKm":null,"nearestTransitKm":3.168658464154475},"geometry":{"type":"Polygon","coordinates":[[[28.140707,-25.717896],[28.14031,-25.72035],[28.138659,-25.730291],[28.138551,-25.73074],[28.138014,-25.730664],[28.13727,-25.73037],[28.135146,-25.730588],[28.134871,-25.730347],[28.127588,-25.730768],[28.127394,-25.726744],[28.127413,-25.725983],[28.127245,-25.725283],[28.127211,-25.724661],[28.127325,-25.724663],[28.127153,-25.723021],[28.128725,-25.723055],[28.129595,-25.723152],[28.129717,-25.721128],[28.129816,-25.720041],[28.129877,-25.718575],[28.128702,-25.718925],[28.128683,-25.719158],[28.128283,-25.719131],[28.128321,-25.718397],[28.128534,-25.7164],[28.129152,-25.71446],[28.129385,-25.713861],[28.129477,-25.713337],[28.129793,-25.712334],[28.131571,-25.706434],[28.129946,-25.704796],[28.130331,-25.704346],[28.130602,-25.702791],[28.134743,-25.703352],[28.138056,-25.703798],[28.142992,-25.704264],[28.142855,-25.705029],[28.142725,-25.706352],[28.141546,-25.71331],[28.140978,-25.716801],[28.140707,-25.717896]]]}},{"type":"Feature","properties":{"id":"799047050","name":"Daspoort","commuteMinutes":11.04,"nearestJobCenter":"Pretoria CBD","distanceKm":null,"nearestTransitKm":1.375306613503266},"geometry":{"type":"Polygon","coordinates":[[[28.157347,-25.711703],[28.157343,-25.711872],[28.158205,-25.711733],[28.159338,-25.71147],[28.160841,-25.712238],[28.161379,-25.711393],[28.163176,-25.711555],[28.163744,-25.711641],[28.165419,-25.712074],[28.166521,-25.712839],[28.165457,-25.716267],[28.165209,-25.716246],[28.163984,-25.715712],[28.162058,-25.714693],[28.157354,-25.712305],[28.156301,-25.714197],[28.154257,-25.71747],[28.152887,-25.71961],[28.151918,-25.719183],[28.150896,-25.718853],[28.147383,-25.717951],[28.146814,-25.717903],[28.143953,-25.717928],[28.140707,-25.717896],[28.140978,-25.716801],[28.141546,-25.71331],[28.142725,-25.706352],[28.142855,-25.705029],[28.142992,-25.704264],[28.147345,-25.704134],[28.151738,-25.703985],[28.151273,-25.705386],[28.150281,-25.708594],[28.152414,-25.709195],[28.154836,-25.709936],[28.154736,-25.710216],[28.155302,-25.710661],[28.155928,-25.711347],[28.157347,-25.711703]]]}},{"type":"Feature","properties":{"id":"799047051","name":"Daspoort Estate","commuteMinutes":11.09,"nearestJobCenter":"Pretoria CBD","distanceKm":null,"nearestTransitKm":1.3205839566967041},"geometry":{"type":"Polygon","coordinates":[[[28.157347,-25.711703],[28.155928,-25.711347],[28.155302,-25.710661],[28.154736,-25.710216],[28.154836,-25.709936],[28.152414,-25.709195],[28.150281,-25.708594],[28.151273,-25.705386],[28.151738,-25.703985],[28.152571,-25.703957],[28.154882,-25.704205],[28.15872,-25.704773],[28.158506,-25.706238],[28.157572,-25.70916],[28.157393,-25.710104],[28.157347,-25.711703]]]}},{"type":"Feature","properties":{"id":"799047052","name":"Les Marais","commuteMinutes":8.5,"nearestJobCenter":"Pretoria CBD","distanceKm":null,"nearestTransitKm":0.11761279583795137},"geometry":{"type":"Polygon","coordinates":[[[28.198469,-25.711166],[28.194857,-25.710802],[28.186647,-25.709993],[28.181585,-25.70948],[28.181513,-25.710102],[28.181105,-25.710051],[28.181056,-25.710544],[28.180376,-25.710514],[28.179495,-25.710436],[28.179689,-25.708862],[28.180586,-25.708944],[28.18078,-25.707109],[28.181433,-25.707174],[28.185835,-25.707596],[28.198526,-25.708878],[28.198454,-25.709427],[28.198469,-25.711166]]]}},{"type":"Feature","properties":{"id":"799047053","name":"Eloffsdal","commuteMinutes":8.23,"nearestJobCenter":"Pretoria CBD","distanceKm":null,"nearestTransitKm":0.25653433107173773},"geometry":{"type":"Polygon","coordinates":[[[28.198469,-25.711166],[28.198381,-25.71191],[28.198595,-25.711935],[28.198648,-25.71249],[28.19874,-25.714449],[28.198164,-25.714466],[28.198019,-25.714275],[28.195471,-25.714016],[28.195494,-25.714759],[28.193301,-25.714837],[28.193296,-25.713505],[28.186106,-25.712809],[28.185652,-25.715551],[28.184877,-25.715282],[28.184538,-25.714476],[28.18445,-25.714066],[28.183607,-25.713976],[28.183447,-25.715311],[28.182772,-25.715406],[28.179663,-25.71558],[28.179747,-25.714661],[28.179876,-25.714602],[28.180376,-25.710514],[28.181056,-25.710544],[28.181105,-25.710051],[28.181513,-25.710102],[28.181585,-25.70948],[28.186647,-25.709993],[28.194857,-25.710802],[28.198469,-25.711166]]]}},{"type":"Feature","properties":{"id":"799047054","name":"Roseville","commuteMinutes":6.99,"nearestJobCenter":"Pretoria CBD","distanceKm":null,"nearestTransitKm":0.05873081548496531},"geometry":{"type":"Polygon","coordinates":[[[28.180376,-25.710514],[28.179876,-25.714602],[28.179747,-25.714661],[28.179663,-25.71558],[28.182772,-25.715406],[28.183447,-25.715311],[28.183607,-25.713976],[28.18445,-25.714066],[28.184538,-25.714476],[28.184877,-25.715282],[28.185652,-25.715551],[28.186106,-25.712809],[28.193296,-25.713505],[28.193301,-25.714837],[28.195494,-25.714759],[28.195471,-25.714016],[28.198019,-25.714275],[28.198164,-25.714466],[28.19874,-25.714449],[28.199671,-25.715553],[28.202517,-25.718618],[28.202616,-25.718891],[28.203154,-25.722252],[28.200232,-25.722631],[28.198786,-25.722725],[28.197401,-25.722734],[28.194109,-25.722641],[28.191862,-25.722328],[28.190863,-25.722336],[28.188635,-25.72205],[28.186808,-25.721668],[28.181528,-25.72098],[28.179075,-25.720675],[28.172586,-25.71978],[28.171099,-25.719692],[28.170027,-25.720032],[28.169813,-25.719517],[28.169439,-25.717979],[28.169416,-25.717052],[28.165457,-25.716267],[28.166521,-25.712839],[28.168615,-25.705889],[28.172132,-25.706219],[28.175685,-25.706611],[28.18078,-25.707109],[28.180586,-25.708944],[28.179689,-25.708862],[28.179495,-25.710436],[28.180376,-25.710514]]]}},{"type":"Feature","properties":{"id":"799047055","name":"Gezina","commuteMinutes":8.82,"nearestJobCenter":"Pretoria CBD","distanceKm":null,"nearestTransitKm":0.3815541562622162},"geometry":{"type":"Polygon","coordinates":[[[28.210798,-25.728527],[28.206705,-25.729002],[28.206453,-25.729069],[28.204805,-25.72934],[28.204306,-25.729635],[28.204214,-25.72897],[28.203314,-25.723354],[28.203154,-25.722252],[28.202616,-25.718891],[28.202517,-25.718618],[28.199671,-25.715553],[28.19874,-25.714449],[28.198648,-25.71249],[28.20064,-25.71176],[28.200587,-25.711431],[28.201357,-25.711466],[28.202868,-25.710899],[28.203142,-25.710833],[28.210123,-25.708271],[28.210207,-25.708302],[28.212141,-25.707603],[28.212248,-25.708084],[28.212029,-25.708847],[28.212328,-25.710814],[28.21158,-25.710886],[28.211287,-25.712252],[28.210855,-25.712305],[28.211052,-25.713328],[28.210642,-25.715151],[28.210363,-25.716803],[28.210058,-25.716841],[28.210154,-25.717491],[28.209963,-25.718447],[28.210871,-25.72439],[28.211725,-25.728439],[28.210798,-25.728527]]]}},{"type":"Feature","properties":{"id":"799047056","name":"Capital Park","commuteMinutes":5.81,"nearestJobCenter":"Pretoria CBD","distanceKm":null,"nearestTransitKm":0.29452807967318534},"geometry":{"type":"Polygon","coordinates":[[[28.203154,-25.722252],[28.203314,-25.723354],[28.204214,-25.72897],[28.204306,-25.729635],[28.204363,-25.730362],[28.203772,-25.730513],[28.203302,-25.730402],[28.201181,-25.730423],[28.200159,-25.730137],[28.199259,-25.730101],[28.197859,-25.730494],[28.197756,-25.730314],[28.196604,-25.730524],[28.196688,-25.730757],[28.195963,-25.730873],[28.19401,-25.731213],[28.190767,-25.73114],[28.189932,-25.731152],[28.189306,-25.731073],[28.18833,-25.731161],[28.186136,-25.731131],[28.185465,-25.731199],[28.184523,-25.731106],[28.182772,-25.73105],[28.180918,-25.731052],[28.177961,-25.730774],[28.177816,-25.730909],[28.172979,-25.730816],[28.171526,-25.730762],[28.170038,-25.730131],[28.169279,-25.729965],[28.16901,-25.730093],[28.1691,-25.729386],[28.169374,-25.728435],[28.169683,-25.727882],[28.170178,-25.727309],[28.171342,-25.726352],[28.171858,-25.725811],[28.172255,-25.724897],[28.172247,-25.724195],[28.171972,-25.72336],[28.17066,-25.721579],[28.170027,-25.720032],[28.171099,-25.719692],[28.172586,-25.71978],[28.179075,-25.720675],[28.181528,-25.72098],[28.186808,-25.721668],[28.188635,-25.72205],[28.190863,-25.722336],[28.191862,-25.722328],[28.194109,-25.722641],[28.197401,-25.722734],[28.198786,-25.722725],[28.200232,-25.722631],[28.203154,-25.722252]]]}},{"type":"Feature","properties":{"id":"799047057","name":"Hermanstad","commuteMinutes":8.57,"nearestJobCenter":"Pretoria CBD","distanceKm":null,"nearestTransitKm":0.12369191090456877},"geometry":{"type":"Polygon","coordinates":[[[28.170178,-25.727309],[28.169538,-25.727045],[28.168242,-25.726799],[28.165422,-25.72637],[28.164589,-25.726165],[28.163262,-25.72554],[28.161958,-25.724739],[28.156454,-25.721603],[28.152887,-25.71961],[28.154257,-25.71747],[28.156301,-25.714197],[28.157354,-25.712305],[28.162058,-25.714693],[28.163984,-25.715712],[28.165209,-25.716246],[28.165457,-25.716267],[28.169416,-25.717052],[28.169439,-25.717979],[28.169813,-25.719517],[28.170027,-25.720032],[28.17066,-25.721579],[28.171972,-25.72336],[28.172247,-25.724195],[28.172255,-25.724897],[28.171858,-25.725811],[28.171342,-25.726352],[28.170178,-25.727309]]]}},{"type":"Feature","properties":{"id":"799047058","name":"Pretoria Gardens","commuteMinutes":11.4,"nearestJobCenter":"Pretoria CBD","distanceKm":null,"nearestTransitKm":1.5374060342320182},"geometry":{"type":"Polygon","coordinates":[[[28.152887,-25.71961],[28.156454,-25.721603],[28.161958,-25.724739],[28.163262,-25.72554],[28.164589,-25.726165],[28.165422,-25.72637],[28.168242,-25.726799],[28.169538,-25.727045],[28.170178,-25.727309],[28.169683,-25.727882],[28.169374,-25.728435],[28.1691,-25.729386],[28.16901,-25.730093],[28.168175,-25.730488],[28.167624,-25.730749],[28.165747,-25.730364],[28.164934,-25.73027],[28.163195,-25.730186],[28.161261,-25.730274],[28.159521,-25.730597],[28.153017,-25.730488],[28.149271,-25.730377],[28.148706,-25.730379],[28.146943,-25.731081],[28.146661,-25.731237],[28.146051,-25.730883],[28.145987,-25.730325],[28.143732,-25.730348],[28.143251,-25.730409],[28.143052,-25.731114],[28.142427,-25.731108],[28.140785,-25.730951],[28.140815,-25.730571],[28.140288,-25.730224],[28.139598,-25.730551],[28.139569,-25.730943],[28.139179,-25.731166],[28.138794,-25.731085],[28.138827,-25.730769],[28.138551,-25.73074],[28.138659,-25.730291],[28.14031,-25.72035],[28.140707,-25.717896],[28.143953,-25.717928],[28.146814,-25.717903],[28.147383,-25.717951],[28.150896,-25.718853],[28.151918,-25.719183],[28.152887,-25.71961]]]}},{"type":"Feature","properties":{"id":"799047059","name":"Technikon Rant","commuteMinutes":6.53,"nearestJobCenter":"Pretoria CBD","distanceKm":null,"nearestTransitKm":0.4534961829324733},"geometry":{"type":"Polygon","coordinates":[[[28.189306,-25.731073],[28.189444,-25.731825],[28.189241,-25.732313],[28.188898,-25.732801],[28.188093,-25.73336],[28.187521,-25.734121],[28.187174,-25.735117],[28.187143,-25.735863],[28.187246,-25.736805],[28.18738,-25.739206],[28.18495,-25.739346],[28.184851,-25.737883],[28.183222,-25.73765],[28.181021,-25.737444],[28.180941,-25.737206],[28.178461,-25.736938],[28.177225,-25.736946],[28.17713,-25.737139],[28.174669,-25.736713],[28.171541,-25.73646],[28.1712,-25.736413],[28.169733,-25.736351],[28.168684,-25.736702],[28.166338,-25.737692],[28.165567,-25.737944],[28.164625,-25.737865],[28.163988,-25.737514],[28.163614,-25.737064],[28.163355,-25.736433],[28.163523,-25.73572],[28.163938,-25.735137],[28.16606,-25.733556],[28.166641,-25.732991],[28.167821,-25.731394],[28.168099,-25.730927],[28.168175,-25.730488],[28.16901,-25.730093],[28.169279,-25.729965],[28.170038,-25.730131],[28.171526,-25.730762],[28.172979,-25.730816],[28.177816,-25.730909],[28.177961,-25.730774],[28.180918,-25.731052],[28.182772,-25.73105],[28.184523,-25.731106],[28.185465,-25.731199],[28.186136,-25.731131],[28.18833,-25.731161],[28.189306,-25.731073]]]}},{"type":"Feature","properties":{"id":"799047060","name":"Philip Nel Park","commuteMinutes":8.24,"nearestJobCenter":"Pretoria CBD","distanceKm":null,"nearestTransitKm":1.4996344035086844},"geometry":{"type":"Polygon","coordinates":[[[28.168175,-25.730488],[28.168099,-25.730927],[28.167821,-25.731394],[28.166641,-25.732991],[28.16606,-25.733556],[28.163938,-25.735137],[28.163523,-25.73572],[28.163355,-25.736433],[28.162497,-25.737753],[28.162169,-25.738598],[28.160578,-25.738779],[28.159136,-25.73884],[28.155801,-25.739083],[28.154727,-25.739231],[28.153764,-25.739618],[28.153967,-25.740071],[28.154165,-25.740822],[28.154402,-25.743591],[28.154455,-25.743956],[28.153341,-25.743973],[28.151972,-25.743881],[28.14926,-25.743454],[28.148287,-25.743446],[28.148539,-25.745104],[28.148317,-25.745066],[28.14773,-25.746017],[28.148031,-25.74613],[28.147776,-25.746387],[28.14662,-25.748106],[28.146231,-25.748857],[28.145525,-25.748562],[28.144621,-25.748371],[28.143366,-25.74802],[28.142195,-25.74791],[28.140932,-25.747976],[28.139956,-25.748161],[28.139093,-25.748167],[28.137887,-25.748251],[28.137388,-25.747247],[28.136822,-25.747727],[28.135962,-25.748038],[28.135467,-25.74898],[28.135518,-25.750014],[28.132978,-25.750189],[28.132795,-25.747911],[28.132837,-25.746353],[28.133078,-25.745682],[28.133448,-25.745213],[28.13439,-25.744389],[28.134829,-25.743584],[28.136747,-25.737556],[28.136831,-25.736856],[28.136742,-25.736343],[28.135923,-25.734768],[28.135633,-25.733856],[28.135035,-25.73259],[28.134718,-25.731243],[28.13517,-25.731195],[28.135261,-25.730785],[28.135146,-25.730588],[28.13727,-25.73037],[28.138014,-25.730664],[28.138551,-25.73074],[28.138827,-25.730769],[28.138794,-25.731085],[28.139179,-25.731166],[28.139569,-25.730943],[28.139598,-25.730551],[28.140288,-25.730224],[28.140815,-25.730571],[28.140785,-25.730951],[28.142427,-25.731108],[28.143052,-25.731114],[28.143251,-25.730409],[28.143732,-25.730348],[28.145987,-25.730325],[28.146051,-25.730883],[28.146661,-25.731237],[28.146943,-25.731081],[28.148706,-25.730379],[28.149271,-25.730377],[28.153017,-25.730488],[28.159521,-25.730597],[28.161261,-25.730274],[28.163195,-25.730186],[28.164934,-25.73027],[28.165747,-25.730364],[28.167624,-25.730749],[28.168175,-25.730488]]]}},{"type":"Feature","properties":{"id":"799047061","name":"Danville Ext 5","commuteMinutes":11.1,"nearestJobCenter":"Pretoria CBD","distanceKm":null,"nearestTransitKm":3.4008310914787323},"geometry":{"type":"Polygon","coordinates":[[[28.136742,-25.736343],[28.136431,-25.73623],[28.131841,-25.735017],[28.131181,-25.735044],[28.129803,-25.735725],[28.129438,-25.73512],[28.128637,-25.735177],[28.122558,-25.735715],[28.119744,-25.735978],[28.117129,-25.73614],[28.117147,-25.735495],[28.117079,-25.734724],[28.116308,-25.733229],[28.116259,-25.732216],[28.116442,-25.73106],[28.121508,-25.730944],[28.127588,-25.730768],[28.134871,-25.730347],[28.135146,-25.730588],[28.135261,-25.730785],[28.13517,-25.731195],[28.134718,-25.731243],[28.135035,-25.73259],[28.135633,-25.733856],[28.135923,-25.734768],[28.136742,-25.736343]]]}},{"type":"Feature","properties":{"id":"799047062","name":"Danville Ext 1","commuteMinutes":12.44,"nearestJobCenter":"Pretoria CBD","distanceKm":null,"nearestTransitKm":2.974328254610695},"geometry":{"type":"Polygon","coordinates":[[[28.117857,-25.743628],[28.117331,-25.740793],[28.117292,-25.738497],[28.117129,-25.73614],[28.119744,-25.735978],[28.122558,-25.735715],[28.128637,-25.735177],[28.129438,-25.73512],[28.129803,-25.735725],[28.127782,-25.736741],[28.124122,-25.737065],[28.124282,-25.737948],[28.12524,-25.742488],[28.121459,-25.742942],[28.117857,-25.743628]]]}},{"type":"Feature","properties":{"id":"799047063","name":"Elandspoort","commuteMinutes":14.29,"nearestJobCenter":"Pretoria CBD","distanceKm":null,"nearestTransitKm":2.3120337322289615},"geometry":{"type":"Polygon","coordinates":[[[28.106024,-25.744976],[28.105871,-25.7428],[28.105615,-25.741215],[28.105545,-25.739609],[28.105152,-25.736503],[28.105848,-25.73649],[28.106359,-25.736311],[28.107771,-25.736181],[28.117147,-25.735495],[28.117129,-25.73614],[28.117292,-25.738497],[28.117331,-25.740793],[28.117857,-25.743628],[28.117691,-25.743723],[28.114785,-25.744127],[28.112478,-25.744467],[28.106024,-25.744976]]]}},{"type":"Feature","properties":{"id":"799047064","name":"Danville Ext 2","commuteMinutes":11.92,"nearestJobCenter":"Pretoria CBD","distanceKm":null,"nearestTransitKm":2.256425212518222},"geometry":{"type":"Polygon","coordinates":[[[28.118944,-25.748569],[28.118507,-25.747765],[28.118349,-25.747212],[28.117691,-25.743723],[28.117857,-25.743628],[28.121459,-25.742942],[28.12524,-25.742488],[28.126032,-25.746263],[28.126198,-25.74749],[28.120726,-25.748356],[28.118944,-25.748569]]]}},{"type":"Feature","properties":{"id":"799047065","name":"Danville","commuteMinutes":10.81,"nearestJobCenter":"Pretoria CBD","distanceKm":null,"nearestTransitKm":2.803248395588608},"geometry":{"type":"Polygon","coordinates":[[[28.126198,-25.74749],[28.126032,-25.746263],[28.12524,-25.742488],[28.124282,-25.737948],[28.124122,-25.737065],[28.127782,-25.736741],[28.129803,-25.735725],[28.131181,-25.735044],[28.131841,-25.735017],[28.136431,-25.73623],[28.136742,-25.736343],[28.136831,-25.736856],[28.136747,-25.737556],[28.134829,-25.743584],[28.13439,-25.744389],[28.133448,-25.745213],[28.133078,-25.745682],[28.132837,-25.746353],[28.126198,-25.74749]]]}},{"type":"Feature","properties":{"id":"799047066","name":"West Park","commuteMinutes":10.62,"nearestJobCenter":"Pretoria CBD","distanceKm":null,"nearestTransitKm":1.1501254148356483},"geometry":{"type":"Polygon","coordinates":[[[28.133059,-25.759527],[28.132704,-25.759621],[28.13209,-25.759352],[28.123693,-25.761999],[28.122381,-25.762573],[28.122274,-25.762217],[28.121477,-25.760973],[28.121305,-25.760405],[28.121145,-25.758076],[28.120413,-25.751165],[28.120375,-25.751101],[28.118944,-25.748569],[28.120726,-25.748356],[28.126198,-25.74749],[28.132837,-25.746353],[28.132795,-25.747911],[28.132978,-25.750189],[28.133154,-25.752415],[28.133554,-25.754761],[28.133554,-25.755405],[28.133268,-25.757986],[28.133059,-25.759527]]]}},{"type":"Feature","properties":{"id":"799047079","name":"Rietondale","commuteMinutes":7.26,"nearestJobCenter":"Hatfield","distanceKm":null,"nearestTransitKm":0.6909615833310421},"geometry":{"type":"Polygon","coordinates":[[[28.242208,-25.727041],[28.242239,-25.728586],[28.242815,-25.728582],[28.245795,-25.728431],[28.245857,-25.729602],[28.244836,-25.729652],[28.244776,-25.732025],[28.244699,-25.732098],[28.243494,-25.732113],[28.243528,-25.732525],[28.242373,-25.732594],[28.242411,-25.734392],[28.242145,-25.734716],[28.242256,-25.736676],[28.24132,-25.736763],[28.240812,-25.736902],[28.24029,-25.736897],[28.240221,-25.737719],[28.237055,-25.738312],[28.237047,-25.738121],[28.236284,-25.738277],[28.236258,-25.737892],[28.235697,-25.737951],[28.233034,-25.737604],[28.232546,-25.737598],[28.231501,-25.737379],[28.230238,-25.737404],[28.229082,-25.737251],[28.229166,-25.736588],[28.228621,-25.736576],[28.226622,-25.736876],[28.224123,-25.737186],[28.222731,-25.737726],[28.222605,-25.737555],[28.221973,-25.737665],[28.219769,-25.733974],[28.219573,-25.731143],[28.217664,-25.73121],[28.217835,-25.73058],[28.216936,-25.729219],[28.21677,-25.729104],[28.216444,-25.728374],[28.214716,-25.725477],[28.214518,-25.72431],[28.214613,-25.723783],[28.215273,-25.722933],[28.215364,-25.722952],[28.21842,-25.722166],[28.218424,-25.723768],[28.218271,-25.72452],[28.217546,-25.727324],[28.219233,-25.726635],[28.221453,-25.726496],[28.221495,-25.726431],[28.224009,-25.726294],[28.22547,-25.726084],[28.226068,-25.726068],[28.22883,-25.725691],[28.229345,-25.725668],[28.22962,-25.725777],[28.231424,-25.725861],[28.233057,-25.726038],[28.234632,-25.726154],[28.23559,-25.726292],[28.240435,-25.726776],[28.242208,-25.727041]]]}},{"type":"Feature","properties":{"id":"799047080","name":"Queenswood","commuteMinutes":4.81,"nearestJobCenter":"Hatfield","distanceKm":null,"nearestTransitKm":0.030299360290875668},"geometry":{"type":"Polygon","coordinates":[[[28.258225,-25.723587],[28.258623,-25.729774],[28.25881,-25.733368],[28.258921,-25.734301],[28.259481,-25.735798],[28.256742,-25.736238],[28.256121,-25.736382],[28.253851,-25.736738],[28.247484,-25.737055],[28.247614,-25.736429],[28.246336,-25.736563],[28.246218,-25.737122],[28.243795,-25.737223],[28.243776,-25.736938],[28.242365,-25.736965],[28.242256,-25.736676],[28.242145,-25.734716],[28.242411,-25.734392],[28.242373,-25.732594],[28.243528,-25.732525],[28.243494,-25.732113],[28.244699,-25.732098],[28.244776,-25.732025],[28.244836,-25.729652],[28.245857,-25.729602],[28.245795,-25.728431],[28.242815,-25.728582],[28.242239,-25.728586],[28.242208,-25.727041],[28.242205,-25.723953],[28.242498,-25.723961],[28.24235,-25.723581],[28.242311,-25.721546],[28.242376,-25.719797],[28.243853,-25.720106],[28.247816,-25.721052],[28.250406,-25.721706],[28.253031,-25.722315],[28.253835,-25.722526],[28.258225,-25.723587]]]}},{"type":"Feature","properties":{"id":"799047081","name":"Queenswood Ext 2","commuteMinutes":8.62,"nearestJobCenter":"Hatfield","distanceKm":null,"nearestTransitKm":0.5083654914483154},"geometry":{"type":"Polygon","coordinates":[[[28.258225,-25.723587],[28.253835,-25.722526],[28.253031,-25.722315],[28.252722,-25.721634],[28.251726,-25.718491],[28.254339,-25.717447],[28.252787,-25.7143],[28.257395,-25.71245],[28.257597,-25.714245],[28.257856,-25.717939],[28.258225,-25.723587]]]}},{"type":"Feature","properties":{"id":"799047082","name":"Moregloed","commuteMinutes":8.1,"nearestJobCenter":"Hatfield","distanceKm":null,"nearestTransitKm":0.9587325593484257},"geometry":{"type":"Polygon","coordinates":[[[28.259764,-25.711494],[28.257395,-25.71245],[28.252787,-25.7143],[28.246969,-25.716656],[28.242693,-25.718355],[28.242346,-25.718441],[28.242319,-25.717804],[28.242171,-25.717802],[28.242173,-25.716594],[28.242116,-25.715943],[28.242103,-25.712527],[28.242075,-25.71224],[28.242029,-25.706887],[28.242842,-25.706976],[28.242861,-25.706861],[28.254511,-25.708153],[28.259455,-25.708714],[28.259764,-25.711494]]]}},{"type":"Feature","properties":{"id":"799047083","name":"Koedoespoort Industrial","commuteMinutes":8.71,"nearestJobCenter":"Hatfield","distanceKm":null,"nearestTransitKm":0.36950805230074835},"geometry":{"type":"Polygon","coordinates":[[[28.253031,-25.722315],[28.250406,-25.721706],[28.247816,-25.721052],[28.243853,-25.720106],[28.242376,-25.719797],[28.242346,-25.718441],[28.242693,-25.718355],[28.246969,-25.716656],[28.252787,-25.7143],[28.254339,-25.717447],[28.251726,-25.718491],[28.252722,-25.721634],[28.253031,-25.722315]]]}},{"type":"Feature","properties":{"id":"799047084","name":"Kirkney","commuteMinutes":15.55,"nearestJobCenter":"Pretoria CBD","distanceKm":null,"nearestTransitKm":4.812066950458308},"geometry":{"type":"Polygon","coordinates":[[[28.120478,-25.712833],[28.121984,-25.712536],[28.123358,-25.712173],[28.122877,-25.715912],[28.12089,-25.715824],[28.119905,-25.715862],[28.119608,-25.717138],[28.119097,-25.719578],[28.118086,-25.723722],[28.11751,-25.72678],[28.112772,-25.72653],[28.112375,-25.725843],[28.111269,-25.726135],[28.111002,-25.725964],[28.110662,-25.726],[28.110369,-25.726227],[28.109781,-25.726294],[28.108965,-25.726173],[28.108324,-25.726],[28.10795,-25.726027],[28.107454,-25.72628],[28.102543,-25.726161],[28.102594,-25.725066],[28.102686,-25.724516],[28.102545,-25.72436],[28.101744,-25.724367],[28.100996,-25.724455],[28.10087,-25.723652],[28.100851,-25.722622],[28.100683,-25.722181],[28.100248,-25.722109],[28.093527,-25.721802],[28.09157,-25.721762],[28.090322,-25.721846],[28.089457,-25.718283],[28.089136,-25.716705],[28.09564,-25.715643],[28.098522,-25.715155],[28.09841,-25.71469],[28.097546,-25.710373],[28.100466,-25.712111],[28.100885,-25.711124],[28.100969,-25.710476],[28.105234,-25.710667],[28.105157,-25.712057],[28.108051,-25.712193],[28.112582,-25.712432],[28.113343,-25.71261],[28.11426,-25.712601],[28.11523,-25.712701],[28.115473,-25.712549],[28.116522,-25.712646],[28.120478,-25.712833]]]}},{"type":"Feature","properties":{"id":"799047085","name":"Kilner Park","commuteMinutes":9.21,"nearestJobCenter":"Hatfield","distanceKm":null,"nearestTransitKm":0.1468539137043144},"geometry":{"type":"Polygon","coordinates":[[[28.265741,-25.711428],[28.267271,-25.711519],[28.267273,-25.711586],[28.267237,-25.71257],[28.26713,-25.712736],[28.266764,-25.721144],[28.266588,-25.724991],[28.266684,-25.725357],[28.27371,-25.725945],[28.274904,-25.72603],[28.273306,-25.72636],[28.272043,-25.727154],[28.270971,-25.727983],[28.268946,-25.729483],[28.268,-25.730234],[28.264861,-25.7326],[28.2647,-25.737104],[28.264063,-25.736963],[28.263563,-25.736462],[28.263037,-25.736155],[28.26251,-25.735502],[28.261187,-25.735535],[28.259481,-25.735798],[28.258921,-25.734301],[28.25881,-25.733368],[28.258623,-25.729774],[28.258225,-25.723587],[28.257856,-25.717939],[28.257597,-25.714245],[28.257395,-25.71245],[28.259764,-25.711494],[28.261003,-25.711222],[28.261602,-25.711203],[28.264271,-25.711374],[28.265741,-25.711428]]]}},{"type":"Feature","properties":{"id":"799047086","name":"Weavind Park","commuteMinutes":8.53,"nearestJobCenter":"Hatfield","distanceKm":null,"nearestTransitKm":0.41777881567628705},"geometry":{"type":"Polygon","coordinates":[[[28.264631,-25.738323],[28.2647,-25.737104],[28.264861,-25.7326],[28.268,-25.730234],[28.268946,-25.729483],[28.270971,-25.727983],[28.272043,-25.727154],[28.273306,-25.72636],[28.274904,-25.72603],[28.276102,-25.726118],[28.27593,-25.727865],[28.275808,-25.728708],[28.275137,-25.734949],[28.272959,-25.735481],[28.27247,-25.73567],[28.270231,-25.737141],[28.269258,-25.737864],[28.267973,-25.738558],[28.267042,-25.738457],[28.265047,-25.738409],[28.264631,-25.738323]]]}},{"type":"Feature","properties":{"id":"799047087","name":"Colbyn","commuteMinutes":4.72,"nearestJobCenter":"Hatfield","distanceKm":null,"nearestTransitKm":0.31491995513361},"geometry":{"type":"Polygon","coordinates":[[[28.2647,-25.737104],[28.264631,-25.738323],[28.264692,-25.739487],[28.264826,-25.740162],[28.26487,-25.740391],[28.260499,-25.740937],[28.257695,-25.741469],[28.255992,-25.741581],[28.254024,-25.741783],[28.252965,-25.742331],[28.25102,-25.743248],[28.248434,-25.744096],[28.24698,-25.744651],[28.246931,-25.743902],[28.246725,-25.742403],[28.24444,-25.742556],[28.241621,-25.742779],[28.237425,-25.743048],[28.23728,-25.739321],[28.237093,-25.739283],[28.237055,-25.738312],[28.240221,-25.737719],[28.24029,-25.736897],[28.240812,-25.736902],[28.24132,-25.736763],[28.242256,-25.736676],[28.242365,-25.736965],[28.243776,-25.736938],[28.243795,-25.737223],[28.246218,-25.737122],[28.246336,-25.736563],[28.247614,-25.736429],[28.247484,-25.737055],[28.253851,-25.736738],[28.256121,-25.736382],[28.256742,-25.736238],[28.259481,-25.735798],[28.261187,-25.735535],[28.26251,-25.735502],[28.263037,-25.736155],[28.263563,-25.736462],[28.264063,-25.736963],[28.2647,-25.737104]]]}},{"type":"Feature","properties":{"id":"799047088","name":"Eastwood","commuteMinutes":5.8,"nearestJobCenter":"Hatfield","distanceKm":null,"nearestTransitKm":0.4314962825210505},"geometry":{"type":"Polygon","coordinates":[[[28.237055,-25.738312],[28.237093,-25.739283],[28.23728,-25.739321],[28.237425,-25.743048],[28.229219,-25.743605],[28.221415,-25.744162],[28.21731,-25.744438],[28.217268,-25.743402],[28.217066,-25.741426],[28.216871,-25.738329],[28.216932,-25.738237],[28.219046,-25.738132],[28.221163,-25.737923],[28.221973,-25.737665],[28.222605,-25.737555],[28.222731,-25.737726],[28.224123,-25.737186],[28.226622,-25.736876],[28.228621,-25.736576],[28.229166,-25.736588],[28.229082,-25.737251],[28.230238,-25.737404],[28.231501,-25.737379],[28.232546,-25.737598],[28.233034,-25.737604],[28.235697,-25.737951],[28.236258,-25.737892],[28.236284,-25.738277],[28.237047,-25.738121],[28.237055,-25.738312]]]}},{"type":"Feature","properties":{"id":"799047089","name":"Arcadia","commuteMinutes":5.05,"nearestJobCenter":"Hatfield","distanceKm":null,"nearestTransitKm":0.07970354836854743},"geometry":{"type":"Polygon","coordinates":[[[28.216871,-25.738329],[28.217066,-25.741426],[28.217268,-25.743402],[28.21731,-25.744438],[28.221415,-25.744162],[28.229219,-25.743605],[28.22935,-25.744269],[28.229731,-25.744239],[28.229799,-25.745056],[28.229658,-25.745071],[28.22975,-25.745871],[28.230028,-25.745844],[28.230104,-25.746542],[28.230421,-25.74729],[28.230425,-25.747974],[28.230658,-25.747953],[28.231207,-25.749369],[28.226484,-25.749712],[28.222471,-25.749987],[28.21911,-25.750225],[28.218172,-25.750141],[28.215017,-25.749781],[28.210825,-25.749323],[28.205717,-25.748734],[28.204123,-25.748531],[28.204134,-25.748322],[28.201914,-25.74835],[28.199396,-25.748587],[28.198774,-25.749545],[28.198519,-25.750071],[28.198182,-25.750084],[28.197542,-25.742563],[28.197378,-25.741405],[28.198706,-25.741735],[28.199167,-25.741764],[28.200784,-25.741484],[28.200521,-25.740419],[28.20331,-25.739851],[28.208593,-25.738843],[28.210482,-25.738603],[28.210194,-25.7377],[28.210535,-25.737829],[28.211992,-25.738016],[28.212992,-25.737944],[28.213064,-25.738438],[28.215178,-25.738703],[28.215212,-25.738459],[28.216871,-25.738329]]]}},{"type":"Feature","properties":{"id":"799047090","name":"Hatfield","commuteMinutes":3.08,"nearestJobCenter":"Hatfield","distanceKm":null,"nearestTransitKm":0.009818514546443509},"geometry":{"type":"Polygon","coordinates":[[[28.24698,-25.744651],[28.247099,-25.74526],[28.246965,-25.7453],[28.247114,-25.746931],[28.247271,-25.746925],[28.24679,-25.747755],[28.246319,-25.748747],[28.245906,-25.749445],[28.245821,-25.750065],[28.246172,-25.7542],[28.244459,-25.75419],[28.235468,-25.75416],[28.235453,-25.754734],[28.234915,-25.754675],[28.23189,-25.753925],[28.231588,-25.753819],[28.231989,-25.751945],[28.231691,-25.750835],[28.230852,-25.750902],[28.229841,-25.751118],[28.229219,-25.750929],[28.230467,-25.750214],[28.231408,-25.749887],[28.231207,-25.749369],[28.230658,-25.747953],[28.230425,-25.747974],[28.230421,-25.74729],[28.230104,-25.746542],[28.230028,-25.745844],[28.22975,-25.745871],[28.229658,-25.745071],[28.229799,-25.745056],[28.229731,-25.744239],[28.22935,-25.744269],[28.229219,-25.743605],[28.237425,-25.743048],[28.241621,-25.742779],[28.24444,-25.742556],[28.246725,-25.742403],[28.246931,-25.743902],[28.24698,-25.744651]]]}},{"type":"Feature","properties":{"id":"799047091","name":"University of Pretoria","commuteMinutes":5.9,"nearestJobCenter":"Waterkloof/Brooklyn","distanceKm":null,"nearestTransitKm":0.9975021160876122},"geometry":{"type":"Polygon","coordinates":[[[28.273829,-25.751642],[28.274591,-25.753696],[28.274683,-25.754267],[28.273386,-25.75425],[28.269932,-25.75426],[28.262178,-25.754225],[28.258107,-25.754227],[28.251631,-25.754204],[28.250734,-25.756319],[28.249754,-25.760557],[28.249529,-25.761292],[28.248259,-25.760942],[28.244429,-25.759775],[28.244246,-25.759521],[28.244281,-25.757854],[28.24441,-25.756214],[28.244459,-25.75419],[28.246172,-25.7542],[28.245821,-25.750065],[28.245906,-25.749445],[28.246319,-25.748747],[28.24679,-25.747755],[28.247271,-25.746925],[28.247114,-25.746931],[28.246965,-25.7453],[28.247099,-25.74526],[28.24698,-25.744651],[28.248434,-25.744096],[28.25102,-25.743248],[28.252965,-25.742331],[28.254024,-25.741783],[28.255992,-25.741581],[28.257695,-25.741469],[28.260499,-25.740937],[28.26487,-25.740391],[28.264986,-25.740986],[28.265535,-25.742374],[28.266237,-25.74358],[28.267263,-25.744766],[28.271269,-25.748617],[28.272627,-25.750174],[28.27352,-25.751678],[28.273829,-25.751642]]]}},{"type":"Feature","properties":{"id":"799047092","name":"Persequor","commuteMinutes":8.61,"nearestJobCenter":"Menlyn","distanceKm":null,"nearestTransitKm":0.25038155112004906},"geometry":{"type":"Polygon","coordinates":[[[28.276394,-25.740719],[28.276094,-25.744452],[28.275976,-25.745043],[28.275682,-25.745823],[28.27511,-25.746981],[28.274313,-25.748474],[28.273996,-25.74943],[28.273874,-25.750641],[28.27405,-25.751616],[28.273829,-25.751642],[28.27352,-25.751678],[28.272627,-25.750174],[28.271269,-25.748617],[28.267263,-25.744766],[28.266237,-25.74358],[28.265535,-25.742374],[28.264986,-25.740986],[28.26487,-25.740391],[28.264826,-25.740162],[28.270453,-25.740257],[28.276394,-25.740719]]]}},{"type":"Feature","properties":{"id":"799047093","name":"Scientia","commuteMinutes":8.91,"nearestJobCenter":"Menlyn","distanceKm":null,"nearestTransitKm":0.6300386345377539},"geometry":{"type":"Polygon","coordinates":[[[28.275255,-25.758488],[28.275217,-25.757906],[28.274996,-25.756226],[28.274683,-25.754267],[28.274591,-25.753696],[28.273829,-25.751642],[28.27405,-25.751616],[28.273874,-25.750641],[28.273996,-25.74943],[28.274313,-25.748474],[28.27511,-25.746981],[28.275682,-25.745823],[28.275976,-25.745043],[28.276094,-25.744452],[28.276394,-25.740719],[28.28263,-25.741206],[28.282465,-25.742552],[28.282412,-25.743584],[28.281959,-25.747362],[28.282136,-25.747526],[28.287207,-25.748686],[28.287683,-25.748781],[28.287046,-25.75004],[28.286867,-25.750179],[28.285993,-25.751878],[28.286165,-25.752008],[28.287126,-25.752279],[28.286344,-25.753295],[28.285709,-25.753299],[28.284555,-25.757439],[28.286299,-25.756855],[28.286386,-25.756958],[28.285093,-25.759537],[28.284311,-25.759603],[28.284365,-25.760265],[28.282736,-25.760408],[28.282724,-25.760288],[28.278322,-25.759724],[28.278128,-25.759733],[28.275805,-25.758518],[28.275255,-25.758488]]]}},{"type":"Feature","properties":{"id":"799047094","name":"Brummeria","commuteMinutes":9.14,"nearestJobCenter":"Hatfield","distanceKm":null,"nearestTransitKm":1.2273575899872837},"geometry":{"type":"Polygon","coordinates":[[[28.289316,-25.745792],[28.288233,-25.747732],[28.287683,-25.748781],[28.287207,-25.748686],[28.282136,-25.747526],[28.281959,-25.747362],[28.282412,-25.743584],[28.282465,-25.742552],[28.28263,-25.741206],[28.28282,-25.739437],[28.282946,-25.738811],[28.285543,-25.739376],[28.286253,-25.739599],[28.286547,-25.738083],[28.286673,-25.737986],[28.288763,-25.738455],[28.288095,-25.74065],[28.288179,-25.740664],[28.287889,-25.741678],[28.287657,-25.742275],[28.286608,-25.741964],[28.286232,-25.743379],[28.285742,-25.744997],[28.289316,-25.745792]]]}},{"type":"Feature","properties":{"id":"799047095","name":"Lydiana","commuteMinutes":8.83,"nearestJobCenter":"Menlyn","distanceKm":null,"nearestTransitKm":1.6183778697026951},"geometry":{"type":"Polygon","coordinates":[[[28.289316,-25.745792],[28.285742,-25.744997],[28.286232,-25.743379],[28.286608,-25.741964],[28.287657,-25.742275],[28.287889,-25.741678],[28.288179,-25.740664],[28.288095,-25.74065],[28.288763,-25.738455],[28.29257,-25.739328],[28.29188,-25.740499],[28.291891,-25.740683],[28.2904,-25.743513],[28.290087,-25.744423],[28.289316,-25.745792]]]}},{"type":"Feature","properties":{"id":"799047096","name":"Val De Grace","commuteMinutes":8.39,"nearestJobCenter":"Menlyn","distanceKm":null,"nearestTransitKm":2.015161346187106},"geometry":{"type":"Polygon","coordinates":[[[28.300081,-25.741953],[28.300049,-25.742587],[28.299871,-25.743965],[28.300825,-25.744596],[28.301004,-25.744648],[28.302141,-25.745358],[28.302134,-25.745959],[28.300607,-25.745869],[28.300013,-25.745781],[28.299963,-25.745989],[28.300344,-25.746241],[28.300077,-25.746721],[28.299212,-25.747252],[28.298292,-25.747637],[28.297281,-25.748251],[28.29685,-25.748323],[28.296274,-25.748631],[28.296209,-25.749071],[28.296705,-25.749912],[28.296574,-25.750464],[28.296488,-25.750883],[28.296549,-25.751297],[28.296438,-25.751553],[28.292318,-25.750916],[28.28713,-25.750135],[28.287046,-25.75004],[28.287683,-25.748781],[28.288233,-25.747732],[28.289316,-25.745792],[28.290087,-25.744423],[28.2904,-25.743513],[28.291891,-25.740683],[28.29188,-25.740499],[28.29257,-25.739328],[28.29611,-25.739855],[28.296026,-25.740686],[28.296331,-25.740824],[28.295645,-25.741425],[28.296541,-25.741587],[28.300081,-25.741953]]]}},{"type":"Feature","properties":{"id":"799047097","name":"Meyerspark","commuteMinutes":10.64,"nearestJobCenter":"Menlyn","distanceKm":null,"nearestTransitKm":2.1298407634837373},"geometry":{"type":"Polygon","coordinates":[[[28.322444,-25.736101],[28.323713,-25.736357],[28.32596,-25.736885],[28.326799,-25.73712],[28.329523,-25.737736],[28.329081,-25.739],[28.327646,-25.743294],[28.327562,-25.743773],[28.327616,-25.744364],[28.327221,-25.744342],[28.324209,-25.743302],[28.323395,-25.742999],[28.323328,-25.744873],[28.323236,-25.745783],[28.321478,-25.745758],[28.319487,-25.746386],[28.319067,-25.746468],[28.319368,-25.744518],[28.309097,-25.744366],[28.308234,-25.744369],[28.307909,-25.746338],[28.305746,-25.746197],[28.305564,-25.746352],[28.304783,-25.7464],[28.302932,-25.746052],[28.302824,-25.746145],[28.302134,-25.745959],[28.302141,-25.745358],[28.301004,-25.744648],[28.300825,-25.744596],[28.299871,-25.743965],[28.300049,-25.742587],[28.300081,-25.741953],[28.300245,-25.741304],[28.300427,-25.739522],[28.300371,-25.739384],[28.300505,-25.738171],[28.300898,-25.73818],[28.300997,-25.73844],[28.302263,-25.738625],[28.302526,-25.738791],[28.303507,-25.738783],[28.304567,-25.738932],[28.306063,-25.739065],[28.306501,-25.738422],[28.307051,-25.738485],[28.307261,-25.737858],[28.309797,-25.738514],[28.310705,-25.737593],[28.310823,-25.737661],[28.311575,-25.737034],[28.31188,-25.736174],[28.312471,-25.736311],[28.312803,-25.735529],[28.313265,-25.734947],[28.313963,-25.734383],[28.314341,-25.73448],[28.316694,-25.734922],[28.319468,-25.735502],[28.322444,-25.736101]]]}},{"type":"Feature","properties":{"id":"799047098","name":"Willow Park Manor","commuteMinutes":13.43,"nearestJobCenter":"Menlyn","distanceKm":null,"nearestTransitKm":2.7432501319394107},"geometry":{"type":"Polygon","coordinates":[[[28.336126,-25.752939],[28.335352,-25.752598],[28.333555,-25.752012],[28.332018,-25.751881],[28.330458,-25.751965],[28.325426,-25.752296],[28.3267,-25.749863],[28.328005,-25.747246],[28.328211,-25.746609],[28.328238,-25.746218],[28.3281,-25.745541],[28.327616,-25.744364],[28.327562,-25.743773],[28.327646,-25.743294],[28.329081,-25.739],[28.329523,-25.737736],[28.33299,-25.738927],[28.336195,-25.740034],[28.340315,-25.741436],[28.340086,-25.741728],[28.339888,-25.742344],[28.339388,-25.742949],[28.339628,-25.743334],[28.339281,-25.743921],[28.339071,-25.743902],[28.339071,-25.74431],[28.339243,-25.744669],[28.338549,-25.745052],[28.338228,-25.745884],[28.337778,-25.746328],[28.33721,-25.747286],[28.336145,-25.748714],[28.335737,-25.74913],[28.334862,-25.750652],[28.336823,-25.751511],[28.336126,-25.752939]]]}},{"type":"Feature","properties":{"id":"799047099","name":"La Montagne","commuteMinutes":11.09,"nearestJobCenter":"Menlyn","distanceKm":null,"nearestTransitKm":2.9412410896200947},"geometry":{"type":"Polygon","coordinates":[[[28.327616,-25.744364],[28.3281,-25.745541],[28.328238,-25.746218],[28.328211,-25.746609],[28.328005,-25.747246],[28.3267,-25.749863],[28.325426,-25.752296],[28.324724,-25.752319],[28.313353,-25.753059],[28.313055,-25.75168],[28.313292,-25.751484],[28.314795,-25.749838],[28.315691,-25.74896],[28.315619,-25.748198],[28.314919,-25.747741],[28.314756,-25.747744],[28.313944,-25.747168],[28.31403,-25.746701],[28.312918,-25.74667],[28.311186,-25.746552],[28.310019,-25.746384],[28.308603,-25.746288],[28.307909,-25.746338],[28.308234,-25.744369],[28.309097,-25.744366],[28.319368,-25.744518],[28.319067,-25.746468],[28.319487,-25.746386],[28.321478,-25.745758],[28.323236,-25.745783],[28.323328,-25.744873],[28.323395,-25.742999],[28.324209,-25.743302],[28.327221,-25.744342],[28.327616,-25.744364]]]}},{"type":"Feature","properties":{"id":"799047100","name":"Murrayfield","commuteMinutes":9.06,"nearestJobCenter":"Menlyn","distanceKm":null,"nearestTransitKm":2.531458493668913},"geometry":{"type":"Polygon","coordinates":[[[28.302134,-25.745959],[28.302824,-25.746145],[28.302932,-25.746052],[28.304783,-25.7464],[28.305564,-25.746352],[28.305746,-25.746197],[28.307909,-25.746338],[28.308603,-25.746288],[28.310019,-25.746384],[28.311186,-25.746552],[28.312918,-25.74667],[28.31403,-25.746701],[28.313944,-25.747168],[28.314756,-25.747744],[28.314919,-25.747741],[28.315619,-25.748198],[28.315691,-25.74896],[28.314795,-25.749838],[28.313292,-25.751484],[28.313055,-25.75168],[28.313353,-25.753059],[28.311875,-25.753167],[28.309827,-25.7534],[28.308561,-25.753483],[28.307202,-25.753514],[28.30605,-25.7534],[28.304534,-25.75311],[28.301348,-25.75257],[28.299719,-25.752228],[28.298702,-25.751875],[28.29727,-25.751034],[28.296574,-25.750464],[28.296705,-25.749912],[28.296209,-25.749071],[28.296274,-25.748631],[28.29685,-25.748323],[28.297281,-25.748251],[28.298292,-25.747637],[28.299212,-25.747252],[28.300077,-25.746721],[28.300344,-25.746241],[28.299963,-25.745989],[28.300013,-25.745781],[28.300607,-25.745869],[28.302134,-25.745959]]]}},{"type":"Feature","properties":{"id":"799047101","name":"Murrayfield Ext1","commuteMinutes":8.56,"nearestJobCenter":"Menlyn","distanceKm":null,"nearestTransitKm":1.6995212252851435},"geometry":{"type":"Polygon","coordinates":[[[28.311875,-25.753167],[28.310701,-25.754444],[28.310362,-25.754694],[28.308691,-25.756535],[28.308996,-25.756762],[28.308775,-25.757034],[28.308986,-25.757436],[28.308641,-25.757849],[28.307634,-25.757116],[28.30757,-25.757221],[28.306345,-25.757874],[28.306372,-25.757942],[28.304926,-25.758724],[28.301271,-25.758833],[28.30154,-25.760766],[28.299662,-25.761499],[28.299334,-25.758897],[28.297646,-25.758954],[28.296045,-25.757629],[28.296087,-25.757578],[28.2946,-25.75634],[28.294451,-25.756306],[28.293024,-25.75515],[28.293406,-25.754694],[28.29344,-25.754099],[28.293894,-25.753504],[28.293901,-25.753265],[28.29434,-25.752693],[28.29495,-25.752562],[28.295626,-25.752083],[28.296091,-25.75198],[28.296438,-25.751553],[28.296549,-25.751297],[28.296488,-25.750883],[28.296574,-25.750464],[28.29727,-25.751034],[28.298702,-25.751875],[28.299719,-25.752228],[28.301348,-25.75257],[28.304534,-25.75311],[28.30605,-25.7534],[28.307202,-25.753514],[28.308561,-25.753483],[28.309827,-25.7534],[28.311875,-25.753167]]]}},{"type":"Feature","properties":{"id":"799047102","name":"Lynnwood Manor","commuteMinutes":5.44,"nearestJobCenter":"Menlyn","distanceKm":null,"nearestTransitKm":0.9710852650181503},"geometry":{"type":"Polygon","coordinates":[[[28.296438,-25.751553],[28.296091,-25.75198],[28.295626,-25.752083],[28.29495,-25.752562],[28.29434,-25.752693],[28.293901,-25.753265],[28.293894,-25.753504],[28.29344,-25.754099],[28.293406,-25.754694],[28.293024,-25.75515],[28.292391,-25.755743],[28.291967,-25.756701],[28.291742,-25.75819],[28.291674,-25.759377],[28.291235,-25.760019],[28.290514,-25.760643],[28.28919,-25.761387],[28.288492,-25.76162],[28.28826,-25.761829],[28.288103,-25.762243],[28.28758,-25.762751],[28.287867,-25.762991],[28.287786,-25.763494],[28.287493,-25.763962],[28.287085,-25.764189],[28.286898,-25.764446],[28.286036,-25.765219],[28.285624,-25.765854],[28.285753,-25.766476],[28.286394,-25.766861],[28.286875,-25.766891],[28.2871,-25.767069],[28.287237,-25.767633],[28.287062,-25.767723],[28.287142,-25.768345],[28.287012,-25.768526],[28.285723,-25.768467],[28.284777,-25.768265],[28.283815,-25.767937],[28.281912,-25.767183],[28.281042,-25.766899],[28.280317,-25.766739],[28.277468,-25.766428],[28.275434,-25.766134],[28.275667,-25.764214],[28.275755,-25.763132],[28.275667,-25.761641],[28.275255,-25.758488],[28.275805,-25.758518],[28.278128,-25.759733],[28.278322,-25.759724],[28.282724,-25.760288],[28.282736,-25.760408],[28.284365,-25.760265],[28.284311,-25.759603],[28.285093,-25.759537],[28.286386,-25.756958],[28.286299,-25.756855],[28.284555,-25.757439],[28.285709,-25.753299],[28.286344,-25.753295],[28.287126,-25.752279],[28.286165,-25.752008],[28.285993,-25.751878],[28.286867,-25.750179],[28.287046,-25.75004],[28.28713,-25.750135],[28.292318,-25.750916],[28.296438,-25.751553]]]}},{"type":"Feature","properties":{"id":"799047103","name":"Lynnwood","commuteMinutes":5.15,"nearestJobCenter":"Menlyn","distanceKm":null,"nearestTransitKm":0.13553321674763585},"geometry":{"type":"Polygon","coordinates":[[[28.269932,-25.75426],[28.273386,-25.75425],[28.274683,-25.754267],[28.274996,-25.756226],[28.275217,-25.757906],[28.275255,-25.758488],[28.275667,-25.761641],[28.275755,-25.763132],[28.275667,-25.764214],[28.275434,-25.766134],[28.274981,-25.766056],[28.274439,-25.768324],[28.272379,-25.776455],[28.271719,-25.776398],[28.270224,-25.776392],[28.268209,-25.77191],[28.267973,-25.771996],[28.267155,-25.771429],[28.267541,-25.771035],[28.266623,-25.77029],[28.266343,-25.769973],[28.265379,-25.769114],[28.262068,-25.766321],[28.259588,-25.765753],[28.259912,-25.764563],[28.259684,-25.762877],[28.257154,-25.762749],[28.256552,-25.762644],[28.253923,-25.761965],[28.252932,-25.761744],[28.250826,-25.761557],[28.249529,-25.761292],[28.249754,-25.760557],[28.250734,-25.756319],[28.251631,-25.754204],[28.258107,-25.754227],[28.258134,-25.754807],[28.258711,-25.755445],[28.25865,-25.755934],[28.258766,-25.756376],[28.25969,-25.757103],[28.25935,-25.757395],[28.259982,-25.758414],[28.260362,-25.758794],[28.260912,-25.759127],[28.262183,-25.759555],[28.262686,-25.759657],[28.263942,-25.759691],[28.26543,-25.759385],[28.265376,-25.758496],[28.26577,-25.757694],[28.266802,-25.757212],[28.267774,-25.756994],[28.268806,-25.756953],[28.269234,-25.757042],[28.269932,-25.754449],[28.269932,-25.75426]]]}},{"type":"Feature","properties":{"id":"799047104","name":"Strubenkop Security Village","commuteMinutes":6.98,"nearestJobCenter":"Menlyn","distanceKm":null,"nearestTransitKm":0.6579853526662605},"geometry":{"type":"Polygon","coordinates":[[[28.269932,-25.75426],[28.269932,-25.754449],[28.269234,-25.757042],[28.268806,-25.756953],[28.267774,-25.756994],[28.266802,-25.757212],[28.26577,-25.757694],[28.265376,-25.758496],[28.26543,-25.759385],[28.263942,-25.759691],[28.262686,-25.759657],[28.262183,-25.759555],[28.260912,-25.759127],[28.260362,-25.758794],[28.259982,-25.758414],[28.25935,-25.757395],[28.25969,-25.757103],[28.258766,-25.756376],[28.25865,-25.755934],[28.258711,-25.755445],[28.258134,-25.754807],[28.258107,-25.754227],[28.262178,-25.754225],[28.269932,-25.75426]]]}},{"type":"Feature","properties":{"id":"799047105","name":"Willow Glen AH","commuteMinutes":13.55,"nearestJobCenter":"Menlyn","distanceKm":null,"nearestTransitKm":2.6579750963575233},"geometry":{"type":"Polygon","coordinates":[[[28.341864,-25.755442],[28.336126,-25.752939],[28.336823,-25.751511],[28.334862,-25.750652],[28.335737,-25.74913],[28.336145,-25.748714],[28.33721,-25.747286],[28.337778,-25.746328],[28.338228,-25.745884],[28.338549,-25.745052],[28.339243,-25.744669],[28.339071,-25.74431],[28.339071,-25.743902],[28.339281,-25.743921],[28.339628,-25.743334],[28.339388,-25.742949],[28.339888,-25.742344],[28.340086,-25.741728],[28.340315,-25.741436],[28.343561,-25.742556],[28.343706,-25.743383],[28.345026,-25.744326],[28.346334,-25.745209],[28.346388,-25.745422],[28.346033,-25.746218],[28.344973,-25.748423],[28.344339,-25.749985],[28.344072,-25.750526],[28.343107,-25.753107],[28.341864,-25.755442]]]}},{"type":"Feature","properties":{"id":"799047106","name":"Equestria","commuteMinutes":9.67,"nearestJobCenter":"Menlyn","distanceKm":null,"nearestTransitKm":4.19616175094514},"geometry":{"type":"Polygon","coordinates":[[[28.344237,-25.778489],[28.3426,-25.777611],[28.338045,-25.774931],[28.337149,-25.774353],[28.335337,-25.773033],[28.330969,-25.769817],[28.330069,-25.769428],[28.327314,-25.768742],[28.325384,-25.767948],[28.324701,-25.76771],[28.32247,-25.76733],[28.321077,-25.767056],[28.321344,-25.766331],[28.321875,-25.765924],[28.322424,-25.765263],[28.322695,-25.764627],[28.322794,-25.764057],[28.32303,-25.76207],[28.323759,-25.756392],[28.323912,-25.755659],[28.324202,-25.754847],[28.325426,-25.752296],[28.330458,-25.751965],[28.332018,-25.751881],[28.333555,-25.752012],[28.335352,-25.752598],[28.336126,-25.752939],[28.341864,-25.755442],[28.343325,-25.756109],[28.352457,-25.757933],[28.362022,-25.759909],[28.362021,-25.75991],[28.354841,-25.76948],[28.354358,-25.770113],[28.351288,-25.774197],[28.350129,-25.775142],[28.349433,-25.775517],[28.347754,-25.776287],[28.345851,-25.777288],[28.344237,-25.778489]]]}},{"type":"Feature","properties":{"id":"799047107","name":"Savannah Country Estate","commuteMinutes":15.65,"nearestJobCenter":"Hatfield","distanceKm":null,"nearestTransitKm":3.6729953941632503},"geometry":{"type":"Polygon","coordinates":[[[28.3732,-25.762126],[28.367369,-25.761006],[28.365238,-25.76057],[28.362021,-25.75991],[28.362022,-25.759909],[28.368551,-25.751188],[28.373909,-25.753275],[28.375234,-25.753839],[28.375175,-25.754109],[28.3732,-25.762126]]]}},{"type":"Feature","properties":{"id":"799047108","name":"Willow Acres Estate","commuteMinutes":13.23,"nearestJobCenter":"Menlyn","distanceKm":null,"nearestTransitKm":4.7762037999084805},"geometry":{"type":"Polygon","coordinates":[[[28.354358,-25.770113],[28.354841,-25.76948],[28.362021,-25.75991],[28.365238,-25.76057],[28.36496,-25.761137],[28.367844,-25.762552],[28.3706,-25.763929],[28.37023,-25.764493],[28.364211,-25.767702],[28.361231,-25.769312],[28.354358,-25.770113]]]}},{"type":"Feature","properties":{"id":"799047109","name":"Silver Lakes Golf Estate","commuteMinutes":14.84,"nearestJobCenter":"Menlyn","distanceKm":null,"nearestTransitKm":5.37963140898385},"geometry":{"type":"Polygon","coordinates":[[[28.380611,-25.777964],[28.379181,-25.779862],[28.376218,-25.78233],[28.375527,-25.782865],[28.373709,-25.778897],[28.373701,-25.778837],[28.3728,-25.776894],[28.367913,-25.779172],[28.364986,-25.780517],[28.362595,-25.781645],[28.360187,-25.782778],[28.360571,-25.777804],[28.360725,-25.77612],[28.361247,-25.769352],[28.361231,-25.769312],[28.364211,-25.767702],[28.37023,-25.764493],[28.3706,-25.763929],[28.367844,-25.762552],[28.36496,-25.761137],[28.365238,-25.76057],[28.367369,-25.761006],[28.3732,-25.762126],[28.386925,-25.764891],[28.386989,-25.765082],[28.386958,-25.766035],[28.38582,-25.76911],[28.385025,-25.771154],[28.380732,-25.773151],[28.378854,-25.774047],[28.377128,-25.774809],[28.378481,-25.776303],[28.380611,-25.777964]]]}},{"type":"Feature","properties":{"id":"799047110","name":"The Ridge","commuteMinutes":17.67,"nearestJobCenter":"Menlyn","distanceKm":null,"nearestTransitKm":5.355666847855218},"geometry":{"type":"Polygon","coordinates":[[[28.385728,-25.780905],[28.383169,-25.779772],[28.381991,-25.779028],[28.380611,-25.777964],[28.378481,-25.776303],[28.377128,-25.774809],[28.378854,-25.774047],[28.380732,-25.773151],[28.385025,-25.771154],[28.384519,-25.772532],[28.384109,-25.773239],[28.385431,-25.773526],[28.387819,-25.774408],[28.386866,-25.777492],[28.386876,-25.778281],[28.386681,-25.778579],[28.386579,-25.779368],[28.386323,-25.780054],[28.385728,-25.780905]]]}},{"type":"Feature","properties":{"id":"799047111","name":"The Meadows","commuteMinutes":27.65,"nearestJobCenter":"Menlyn","distanceKm":null,"nearestTransitKm":6.159411335773492},"geometry":{"type":"Polygon","coordinates":[[[28.385728,-25.780905],[28.387224,-25.78153],[28.388393,-25.782118],[28.387972,-25.78558],[28.386787,-25.785416],[28.386194,-25.785198],[28.386662,-25.783506],[28.385836,-25.783311],[28.384822,-25.783178],[28.384159,-25.784098],[28.383138,-25.785143],[28.381913,-25.785993],[28.380666,-25.786757],[28.379699,-25.787911],[28.379473,-25.787833],[28.378662,-25.787163],[28.378412,-25.786445],[28.378397,-25.786063],[28.378724,-25.785291],[28.379317,-25.784519],[28.376218,-25.78233],[28.379181,-25.779862],[28.380611,-25.777964],[28.381991,-25.779028],[28.383169,-25.779772],[28.385728,-25.780905]]]}},{"type":"Feature","properties":{"id":"799047112","name":"Shere SH","commuteMinutes":12.7,"nearestJobCenter":"Menlyn","distanceKm":null,"nearestTransitKm":7.149663670669378},"geometry":{"type":"Polygon","coordinates":[[[28.366405,-25.78714],[28.367928,-25.786277],[28.367039,-25.785566],[28.365821,-25.782444],[28.370237,-25.780464],[28.371644,-25.779884],[28.371846,-25.779746],[28.373701,-25.778837],[28.373709,-25.778897],[28.375527,-25.782865],[28.376218,-25.78233],[28.379317,-25.784519],[28.378724,-25.785291],[28.378397,-25.786063],[28.378412,-25.786445],[28.378662,-25.787163],[28.379473,-25.787833],[28.379699,-25.787911],[28.381045,-25.78847],[28.381222,-25.788675],[28.380831,-25.790044],[28.380822,-25.790407],[28.381753,-25.791161],[28.382619,-25.791943],[28.382936,-25.792968],[28.385038,-25.795876],[28.380513,-25.797818],[28.375724,-25.799915],[28.374311,-25.800513],[28.372655,-25.800204],[28.370353,-25.79958],[28.367864,-25.79907],[28.367032,-25.799741],[28.365824,-25.800627],[28.368592,-25.802949],[28.366949,-25.803701],[28.362154,-25.805766],[28.362041,-25.80598],[28.361093,-25.806477],[28.36001,-25.806804],[28.353613,-25.809613],[28.352952,-25.80908],[28.351527,-25.807814],[28.350842,-25.807229],[28.348964,-25.805727],[28.347981,-25.80552],[28.346335,-25.803525],[28.34379,-25.801419],[28.343643,-25.801246],[28.343296,-25.799699],[28.343083,-25.798486],[28.34295,-25.798273],[28.341657,-25.797473],[28.34107,-25.797007],[28.340111,-25.795967],[28.341577,-25.794767],[28.340377,-25.794701],[28.339537,-25.794408],[28.339271,-25.794954],[28.339071,-25.795087],[28.337574,-25.792176],[28.338129,-25.7918],[28.346842,-25.780132],[28.345819,-25.779457],[28.344237,-25.778489],[28.345851,-25.777288],[28.347754,-25.776287],[28.349433,-25.775517],[28.349712,-25.77597],[28.350427,-25.776466],[28.350509,-25.776637],[28.34972,-25.777784],[28.348719,-25.778955],[28.352548,-25.780719],[28.35155,-25.785218],[28.352527,-25.786344],[28.355656,-25.789842],[28.35779,-25.792122],[28.360039,-25.794713],[28.361204,-25.795947],[28.361532,-25.796375],[28.362746,-25.794519],[28.364787,-25.791463],[28.3673,-25.787537],[28.366405,-25.78714]]]}},{"type":"Feature","properties":{"id":"799047113","name":"Six Fountains Residential Estate","commuteMinutes":13.08,"nearestJobCenter":"Menlyn","distanceKm":null,"nearestTransitKm":5.836615615150838},"geometry":{"type":"Polygon","coordinates":[[[28.360187,-25.782778],[28.358651,-25.783473],[28.355632,-25.782151],[28.352548,-25.780719],[28.348719,-25.778955],[28.34972,-25.777784],[28.350509,-25.776637],[28.350427,-25.776466],[28.349712,-25.77597],[28.349433,-25.775517],[28.350129,-25.775142],[28.351288,-25.774197],[28.354358,-25.770113],[28.361231,-25.769312],[28.361247,-25.769352],[28.360725,-25.77612],[28.360571,-25.777804],[28.360187,-25.782778]]]}},{"type":"Feature","properties":{"id":"799047114","name":"Silver Lakes","commuteMinutes":12.91,"nearestJobCenter":"Menlyn","distanceKm":null,"nearestTransitKm":6.433062409579521},"geometry":{"type":"Polygon","coordinates":[[[28.358651,-25.783473],[28.355211,-25.785059],[28.352527,-25.786344],[28.35155,-25.785218],[28.352548,-25.780719],[28.355632,-25.782151],[28.358651,-25.783473]]]}},{"type":"Feature","properties":{"id":"799047115","name":"Lombardy Estate","commuteMinutes":13.68,"nearestJobCenter":"Menlyn","distanceKm":null,"nearestTransitKm":6.91975364490863},"geometry":{"type":"Polygon","coordinates":[[[28.366405,-25.78714],[28.3673,-25.787537],[28.364787,-25.791463],[28.362746,-25.794519],[28.361532,-25.796375],[28.361204,-25.795947],[28.360039,-25.794713],[28.35779,-25.792122],[28.355656,-25.789842],[28.352527,-25.786344],[28.355211,-25.785059],[28.358651,-25.783473],[28.360187,-25.782778],[28.362595,-25.781645],[28.362577,-25.785364],[28.366405,-25.78714]]]}},{"type":"Feature","properties":{"id":"799047116","name":"Newmark Estate","commuteMinutes":14.15,"nearestJobCenter":"Menlyn","distanceKm":null,"nearestTransitKm":6.579405104739014},"geometry":{"type":"Polygon","coordinates":[[[28.365821,-25.782444],[28.367039,-25.785566],[28.367928,-25.786277],[28.366405,-25.78714],[28.362577,-25.785364],[28.362595,-25.781645],[28.364986,-25.780517],[28.365821,-25.782444]]]}},{"type":"Feature","properties":{"id":"799047117","name":"Silver Stream Estate","commuteMinutes":14.26,"nearestJobCenter":"Menlyn","distanceKm":null,"nearestTransitKm":5.9753685229890285},"geometry":{"type":"Polygon","coordinates":[[[28.373701,-25.778837],[28.371846,-25.779746],[28.371644,-25.779884],[28.370237,-25.780464],[28.365821,-25.782444],[28.364986,-25.780517],[28.367913,-25.779172],[28.3728,-25.776894],[28.373701,-25.778837]]]}},{"type":"Feature","properties":{"id":"799047118","name":"Trevenna","commuteMinutes":4.85,"nearestJobCenter":"Pretoria CBD","distanceKm":null,"nearestTransitKm":0.1681374186815341},"geometry":{"type":"Polygon","coordinates":[[[28.198149,-25.751669],[28.198145,-25.751154],[28.198378,-25.750288],[28.198519,-25.750071],[28.198774,-25.749545],[28.199396,-25.748587],[28.201914,-25.74835],[28.204134,-25.748322],[28.204123,-25.748531],[28.204192,-25.750107],[28.204096,-25.750444],[28.202809,-25.752993],[28.202044,-25.752689],[28.200499,-25.752239],[28.199049,-25.751661],[28.198149,-25.751669]]]}},{"type":"Feature","properties":{"id":"799047119","name":"Sunnyside","commuteMinutes":4.72,"nearestJobCenter":"Hatfield","distanceKm":null,"nearestTransitKm":0.18740625766369326},"geometry":{"type":"Polygon","coordinates":[[[28.222471,-25.749987],[28.222147,-25.750677],[28.221869,-25.752348],[28.221689,-25.753847],[28.220659,-25.753761],[28.218985,-25.754913],[28.217585,-25.755926],[28.218256,-25.757265],[28.219179,-25.758196],[28.219503,-25.758638],[28.220263,-25.760429],[28.219706,-25.760836],[28.219057,-25.760525],[28.21884,-25.760155],[28.217707,-25.760061],[28.215456,-25.75975],[28.21414,-25.759819],[28.207548,-25.758966],[28.207003,-25.758833],[28.20624,-25.758875],[28.202765,-25.758413],[28.200819,-25.758183],[28.19903,-25.757919],[28.197462,-25.75758],[28.19607,-25.757187],[28.1966,-25.756226],[28.197191,-25.754936],[28.197783,-25.753027],[28.198149,-25.751669],[28.199049,-25.751661],[28.200499,-25.752239],[28.202044,-25.752689],[28.202809,-25.752993],[28.204096,-25.750444],[28.204192,-25.750107],[28.204123,-25.748531],[28.205717,-25.748734],[28.210825,-25.749323],[28.215017,-25.749781],[28.218172,-25.750141],[28.21911,-25.750225],[28.222471,-25.749987]]]}},{"type":"Feature","properties":{"id":"799047120","name":"Loftus Stadium","commuteMinutes":2.53,"nearestJobCenter":"Hatfield","distanceKm":null,"nearestTransitKm":0.028869240609651778},"geometry":{"type":"Polygon","coordinates":[[[28.231043,-25.75662],[28.230967,-25.75799],[28.230661,-25.759476],[28.230104,-25.761625],[28.226683,-25.761459],[28.226446,-25.761757],[28.22508,-25.762096],[28.222218,-25.761614],[28.221586,-25.761477],[28.221476,-25.760769],[28.220579,-25.760656],[28.220263,-25.760429],[28.219503,-25.758638],[28.219179,-25.758196],[28.218256,-25.757265],[28.217585,-25.755926],[28.218985,-25.754913],[28.220659,-25.753761],[28.221689,-25.753847],[28.221869,-25.752348],[28.222147,-25.750677],[28.222471,-25.749987],[28.226484,-25.749712],[28.231207,-25.749369],[28.231408,-25.749887],[28.230467,-25.750214],[28.229219,-25.750929],[28.228251,-25.751682],[28.224474,-25.755861],[28.225248,-25.755976],[28.229013,-25.756407],[28.231043,-25.75662]]]}},{"type":"Feature","properties":{"id":"799047121","name":"Hillcrest","commuteMinutes":2.36,"nearestJobCenter":"Waterkloof/Brooklyn","distanceKm":null,"nearestTransitKm":0.3126062683252565},"geometry":{"type":"Polygon","coordinates":[[[28.244459,-25.75419],[28.24441,-25.756214],[28.244281,-25.757854],[28.244246,-25.759521],[28.244429,-25.759775],[28.232,-25.756807],[28.231043,-25.75662],[28.229013,-25.756407],[28.225248,-25.755976],[28.224474,-25.755861],[28.228251,-25.751682],[28.229219,-25.750929],[28.229841,-25.751118],[28.230852,-25.750902],[28.231691,-25.750835],[28.231989,-25.751945],[28.231588,-25.753819],[28.23189,-25.753925],[28.234915,-25.754675],[28.235453,-25.754734],[28.235468,-25.75416],[28.244459,-25.75419]]]}},{"type":"Feature","properties":{"id":"799047122","name":"Brooklyn","commuteMinutes":1.13,"nearestJobCenter":"Waterkloof/Brooklyn","distanceKm":null,"nearestTransitKm":0.6365668307963352},"geometry":{"type":"Polygon","coordinates":[[[28.254389,-25.774876],[28.253889,-25.775055],[28.252504,-25.774021],[28.251261,-25.772684],[28.250704,-25.772745],[28.250685,-25.772596],[28.25017,-25.772648],[28.250051,-25.771883],[28.249647,-25.77177],[28.249849,-25.771088],[28.247755,-25.770536],[28.247934,-25.76984],[28.246061,-25.769374],[28.245273,-25.770354],[28.244745,-25.772106],[28.243938,-25.771909],[28.243677,-25.772648],[28.243399,-25.772583],[28.242579,-25.773626],[28.24266,-25.77408],[28.2425,-25.77434],[28.24213,-25.77439],[28.241545,-25.774306],[28.241323,-25.774696],[28.241388,-25.775198],[28.241148,-25.775249],[28.238073,-25.775618],[28.23715,-25.77397],[28.236563,-25.772825],[28.235899,-25.771654],[28.235041,-25.770245],[28.234277,-25.768856],[28.232775,-25.766184],[28.231833,-25.764437],[28.23166,-25.76427],[28.23101,-25.76312],[28.230506,-25.762953],[28.230505,-25.762402],[28.230104,-25.761625],[28.230661,-25.759476],[28.230967,-25.75799],[28.231043,-25.75662],[28.232,-25.756807],[28.244429,-25.759775],[28.245169,-25.760836],[28.24848,-25.765816],[28.249044,-25.766685],[28.25168,-25.770613],[28.254164,-25.774399],[28.254389,-25.774876]]]}},{"type":"Feature","properties":{"id":"799047123","name":"Bailey's Muckleneuk","commuteMinutes":1.96,"nearestJobCenter":"Waterkloof/Brooklyn","distanceKm":null,"nearestTransitKm":0.07007975311269235},"geometry":{"type":"Polygon","coordinates":[[[28.230104,-25.761625],[28.230505,-25.762402],[28.230506,-25.762953],[28.23101,-25.76312],[28.23166,-25.76427],[28.231833,-25.764437],[28.232775,-25.766184],[28.234277,-25.768856],[28.233867,-25.769002],[28.226604,-25.767128],[28.226381,-25.767264],[28.222219,-25.768064],[28.221632,-25.766752],[28.220969,-25.765083],[28.220148,-25.763119],[28.219997,-25.762849],[28.219032,-25.761712],[28.2189,-25.761452],[28.219706,-25.760836],[28.220263,-25.760429],[28.220579,-25.760656],[28.221476,-25.760769],[28.221586,-25.761477],[28.222218,-25.761614],[28.22508,-25.762096],[28.226446,-25.761757],[28.226683,-25.761459],[28.230104,-25.761625]]]}},{"type":"Feature","properties":{"id":"799047124","name":"Muckleneuk","commuteMinutes":5.08,"nearestJobCenter":"Waterkloof/Brooklyn","distanceKm":null,"nearestTransitKm":0.15901218498406844},"geometry":{"type":"Polygon","coordinates":[[[28.219706,-25.760836],[28.2189,-25.761452],[28.219032,-25.761712],[28.219997,-25.762849],[28.220148,-25.763119],[28.21887,-25.763247],[28.216444,-25.763573],[28.216425,-25.763634],[28.214766,-25.763779],[28.212992,-25.763988],[28.212461,-25.764156],[28.211184,-25.764177],[28.208581,-25.764481],[28.206877,-25.764675],[28.206182,-25.764904],[28.205568,-25.765392],[28.205259,-25.765425],[28.20484,-25.765095],[28.204456,-25.765122],[28.203991,-25.765111],[28.203297,-25.765246],[28.202223,-25.765257],[28.198784,-25.76566],[28.198532,-25.765576],[28.197268,-25.765676],[28.197542,-25.763842],[28.196927,-25.76335],[28.19649,-25.763685],[28.195853,-25.764004],[28.195031,-25.764128],[28.195066,-25.761072],[28.195261,-25.760218],[28.19591,-25.759289],[28.195982,-25.758905],[28.195917,-25.757919],[28.19607,-25.757187],[28.197462,-25.75758],[28.19903,-25.757919],[28.200819,-25.758183],[28.202765,-25.758413],[28.20624,-25.758875],[28.207003,-25.758833],[28.207548,-25.758966],[28.21414,-25.759819],[28.215456,-25.75975],[28.217707,-25.760061],[28.21884,-25.760155],[28.219057,-25.760525],[28.219706,-25.760836]]]}},{"type":"Feature","properties":{"id":"799047125","name":"Lukasrand","commuteMinutes":4.66,"nearestJobCenter":"Waterkloof/Brooklyn","distanceKm":null,"nearestTransitKm":0.511839645081781},"geometry":{"type":"Polygon","coordinates":[[[28.220969,-25.765083],[28.218122,-25.765741],[28.217775,-25.765797],[28.216326,-25.766876],[28.216288,-25.768433],[28.214453,-25.769098],[28.214342,-25.769083],[28.214747,-25.766374],[28.213989,-25.766384],[28.211804,-25.766535],[28.209619,-25.766758],[28.209105,-25.766561],[28.208893,-25.766274],[28.208724,-25.765756],[28.208581,-25.764481],[28.211184,-25.764177],[28.212461,-25.764156],[28.212992,-25.763988],[28.214766,-25.763779],[28.216425,-25.763634],[28.216444,-25.763573],[28.21887,-25.763247],[28.220148,-25.763119],[28.220969,-25.765083]]]}},{"type":"Feature","properties":{"id":"799047126","name":"Groenkloof","commuteMinutes":3.59,"nearestJobCenter":"Waterkloof/Brooklyn","distanceKm":null,"nearestTransitKm":0.10276139670988771},"geometry":{"type":"Polygon","coordinates":[[[28.208581,-25.764481],[28.208724,-25.765756],[28.208893,-25.766274],[28.209105,-25.766561],[28.209619,-25.766758],[28.211804,-25.766535],[28.213989,-25.766384],[28.214747,-25.766374],[28.214342,-25.769083],[28.214453,-25.769098],[28.216288,-25.768433],[28.216326,-25.766876],[28.217775,-25.765797],[28.218122,-25.765741],[28.220969,-25.765083],[28.221632,-25.766752],[28.222219,-25.768064],[28.223593,-25.771339],[28.22447,-25.773573],[28.224813,-25.774315],[28.226027,-25.777149],[28.226994,-25.77952],[28.227641,-25.781022],[28.227831,-25.781281],[28.228106,-25.781916],[28.226461,-25.781874],[28.225019,-25.781412],[28.223238,-25.781197],[28.222143,-25.780966],[28.221231,-25.780245],[28.219477,-25.780519],[28.218561,-25.779352],[28.216898,-25.77873],[28.216368,-25.778601],[28.215055,-25.778482],[28.21192,-25.777128],[28.211123,-25.776382],[28.210684,-25.776072],[28.208592,-25.773849],[28.207932,-25.773245],[28.206938,-25.772448],[28.206659,-25.772055],[28.203863,-25.772902],[28.202456,-25.773268],[28.20006,-25.77355],[28.198492,-25.773487],[28.198473,-25.773049],[28.198412,-25.771606],[28.19816,-25.770802],[28.197622,-25.769836],[28.198421,-25.769511],[28.205859,-25.767746],[28.206063,-25.767033],[28.2055,-25.76683],[28.204887,-25.76621],[28.204456,-25.765122],[28.20484,-25.765095],[28.205259,-25.765425],[28.205568,-25.765392],[28.206182,-25.764904],[28.206877,-25.764675],[28.208581,-25.764481]]]}},{"type":"Feature","properties":{"id":"799047127","name":"Salvokop","commuteMinutes":10.94,"nearestJobCenter":"Pretoria CBD","distanceKm":null,"nearestTransitKm":0.8579948612055276},"geometry":{"type":"Polygon","coordinates":[[[28.195028,-25.764235],[28.195097,-25.766006],[28.195509,-25.767221],[28.197031,-25.769316],[28.197622,-25.769836],[28.19816,-25.770802],[28.198412,-25.771606],[28.198473,-25.773049],[28.197893,-25.773413],[28.196597,-25.773502],[28.195769,-25.773759],[28.193371,-25.773902],[28.192409,-25.773806],[28.192113,-25.773663],[28.191372,-25.772762],[28.189889,-25.77165],[28.187426,-25.770511],[28.185599,-25.769372],[28.18491,-25.768684],[28.183693,-25.768438],[28.1833,-25.768496],[28.1828,-25.76893],[28.181817,-25.769463],[28.180015,-25.770332],[28.175884,-25.771561],[28.173658,-25.771973],[28.172801,-25.770938],[28.172016,-25.770223],[28.171191,-25.769644],[28.170339,-25.769231],[28.168635,-25.767863],[28.169165,-25.765117],[28.168661,-25.764669],[28.167877,-25.762916],[28.167877,-25.76244],[28.167663,-25.761852],[28.167704,-25.760258],[28.16751,-25.760097],[28.167369,-25.759586],[28.166933,-25.758725],[28.166536,-25.758223],[28.165561,-25.756823],[28.165334,-25.756615],[28.164923,-25.756535],[28.164885,-25.75632],[28.167036,-25.756186],[28.170126,-25.756136],[28.171736,-25.756523],[28.173164,-25.756711],[28.174547,-25.75659],[28.177412,-25.755873],[28.180979,-25.755636],[28.181494,-25.755701],[28.184763,-25.756882],[28.186995,-25.757957],[28.188608,-25.759075],[28.191145,-25.761976],[28.193316,-25.763588],[28.194281,-25.764082],[28.195028,-25.764235]]]}},{"type":"Feature","properties":{"id":"799047128","name":"Weskoppies","commuteMinutes":9.18,"nearestJobCenter":"Pretoria CBD","distanceKm":null,"nearestTransitKm":1.0414329341383377},"geometry":{"type":"Polygon","coordinates":[[[28.173658,-25.771973],[28.17242,-25.77269],[28.171158,-25.773287],[28.16953,-25.77455],[28.16887,-25.77544],[28.1683,-25.77654],[28.168115,-25.777277],[28.166921,-25.776643],[28.165939,-25.776115],[28.164274,-25.77547],[28.161422,-25.774528],[28.160763,-25.774489],[28.157675,-25.774399],[28.156764,-25.774421],[28.155787,-25.774325],[28.15492,-25.773975],[28.151136,-25.771939],[28.149822,-25.771493],[28.14922,-25.771481],[28.1494,-25.770782],[28.149605,-25.770384],[28.150027,-25.770228],[28.150268,-25.769878],[28.150189,-25.768931],[28.147991,-25.769093],[28.146504,-25.769142],[28.146366,-25.767639],[28.146349,-25.766953],[28.146023,-25.763441],[28.14585,-25.760803],[28.146227,-25.76059],[28.147523,-25.760122],[28.150206,-25.759244],[28.151067,-25.759042],[28.156821,-25.75781],[28.158159,-25.757502],[28.161596,-25.756855],[28.163179,-25.75651],[28.164885,-25.75632],[28.164923,-25.756535],[28.165334,-25.756615],[28.165561,-25.756823],[28.166536,-25.758223],[28.166933,-25.758725],[28.167369,-25.759586],[28.16751,-25.760097],[28.167704,-25.760258],[28.167663,-25.761852],[28.167877,-25.76244],[28.167877,-25.762916],[28.168661,-25.764669],[28.169165,-25.765117],[28.168635,-25.767863],[28.170339,-25.769231],[28.171191,-25.769644],[28.172016,-25.770223],[28.172801,-25.770938],[28.173658,-25.771973]]]}},{"type":"Feature","properties":{"id":"799047129","name":"Voortrekker Monument","commuteMinutes":13.74,"nearestJobCenter":"Waterkloof/Brooklyn","distanceKm":null,"nearestTransitKm":0.9511295560111773},"geometry":{"type":"Polygon","coordinates":[[[28.193371,-25.773902],[28.193432,-25.777166],[28.192693,-25.7802],[28.192558,-25.781454],[28.191312,-25.781504],[28.190682,-25.781832],[28.18872,-25.78302],[28.18753,-25.78331],[28.181119,-25.783271],[28.177345,-25.782572],[28.17292,-25.78083],[28.170263,-25.779136],[28.168115,-25.777277],[28.1683,-25.77654],[28.16887,-25.77544],[28.16953,-25.77455],[28.171158,-25.773287],[28.17242,-25.77269],[28.173658,-25.771973],[28.175884,-25.771561],[28.180015,-25.770332],[28.181817,-25.769463],[28.1828,-25.76893],[28.1833,-25.768496],[28.183693,-25.768438],[28.18491,-25.768684],[28.185599,-25.769372],[28.187426,-25.770511],[28.189889,-25.77165],[28.191372,-25.772762],[28.192113,-25.773663],[28.192409,-25.773806],[28.193371,-25.773902]]]}},{"type":"Feature","properties":{"id":"799047130","name":"Thaba Tshwane","commuteMinutes":14.61,"nearestJobCenter":"Waterkloof/Brooklyn","distanceKm":null,"nearestTransitKm":2.2610562560296428},"geometry":{"type":"Polygon","coordinates":[[[28.166921,-25.776643],[28.168115,-25.777277],[28.170263,-25.779136],[28.17292,-25.78083],[28.177345,-25.782572],[28.181119,-25.783271],[28.18753,-25.78331],[28.18872,-25.78302],[28.190682,-25.781832],[28.191312,-25.781504],[28.191022,-25.782877],[28.190794,-25.784312],[28.190298,-25.78588],[28.189601,-25.787784],[28.188247,-25.789218],[28.18472,-25.791822],[28.184087,-25.792341],[28.183226,-25.793189],[28.182339,-25.79424],[28.181884,-25.794937],[28.181327,-25.795937],[28.180896,-25.796988],[28.180605,-25.797975],[28.180397,-25.799496],[28.179378,-25.799233],[28.179102,-25.798896],[28.177381,-25.796226],[28.176992,-25.795672],[28.176409,-25.795478],[28.175369,-25.796039],[28.174397,-25.79541],[28.173215,-25.795006],[28.172587,-25.794924],[28.171682,-25.794932],[28.171106,-25.795006],[28.165466,-25.79657],[28.165009,-25.796585],[28.162973,-25.796349],[28.15975,-25.795902],[28.159109,-25.795858],[28.158354,-25.795828],[28.158125,-25.796318],[28.156225,-25.796696],[28.153154,-25.797268],[28.133875,-25.80097],[28.130911,-25.801556],[28.130503,-25.801498],[28.130091,-25.801151],[28.129477,-25.801702],[28.128992,-25.801441],[28.127916,-25.801216],[28.126757,-25.801064],[28.124193,-25.800993],[28.12285,-25.800673],[28.122316,-25.800404],[28.121172,-25.799337],[28.120489,-25.799452],[28.120386,-25.799677],[28.119429,-25.799067],[28.118887,-25.798326],[28.118631,-25.798126],[28.116835,-25.797386],[28.117506,-25.796926],[28.11762,-25.796638],[28.116308,-25.794821],[28.115721,-25.794079],[28.113985,-25.79167],[28.113249,-25.79073],[28.111704,-25.788563],[28.11014,-25.786457],[28.110815,-25.785702],[28.111124,-25.785461],[28.112036,-25.784983],[28.11223,-25.784803],[28.113064,-25.78441],[28.113769,-25.783805],[28.114076,-25.783327],[28.11433,-25.782568],[28.114334,-25.781947],[28.113977,-25.781088],[28.114237,-25.780556],[28.114443,-25.780441],[28.114248,-25.779751],[28.114233,-25.778849],[28.114313,-25.778265],[28.11463,-25.777537],[28.115389,-25.775919],[28.115881,-25.774695],[28.116608,-25.774864],[28.117398,-25.774821],[28.117852,-25.774632],[28.11926,-25.774898],[28.120976,-25.776554],[28.121629,-25.777327],[28.122856,-25.777747],[28.125464,-25.778555],[28.126738,-25.778999],[28.133104,-25.780171],[28.134256,-25.780364],[28.135338,-25.780383],[28.137893,-25.780711],[28.138685,-25.780776],[28.13864,-25.78019],[28.139676,-25.779997],[28.139831,-25.780602],[28.140796,-25.780447],[28.14162,-25.780666],[28.142145,-25.780712],[28.145689,-25.780128],[28.147299,-25.779715],[28.147848,-25.779762],[28.148455,-25.779593],[28.149317,-25.778809],[28.149603,-25.778461],[28.150019,-25.778238],[28.150122,-25.777386],[28.150366,-25.777199],[28.151255,-25.777151],[28.152102,-25.77721],[28.155794,-25.777172],[28.157837,-25.777078],[28.158943,-25.776811],[28.159206,-25.777421],[28.162054,-25.777032],[28.162583,-25.777058],[28.163125,-25.777432],[28.163861,-25.779097],[28.164442,-25.778994],[28.165487,-25.778529],[28.166481,-25.777471],[28.166921,-25.776643]]]}},{"type":"Feature","properties":{"id":"799047131","name":"Proclamation Hill","commuteMinutes":8.72,"nearestJobCenter":"Pretoria CBD","distanceKm":null,"nearestTransitKm":1.0816874769940277},"geometry":{"type":"Polygon","coordinates":[[[28.146231,-25.748857],[28.145266,-25.751801],[28.145018,-25.752348],[28.143217,-25.754189],[28.141859,-25.757746],[28.141359,-25.758326],[28.140165,-25.758915],[28.140203,-25.759087],[28.141146,-25.761072],[28.140024,-25.761419],[28.14007,-25.761709],[28.139818,-25.763067],[28.13975,-25.763193],[28.13748,-25.763309],[28.136015,-25.763191],[28.132723,-25.76265],[28.132921,-25.761707],[28.133059,-25.759527],[28.133268,-25.757986],[28.133554,-25.755405],[28.133554,-25.754761],[28.133154,-25.752415],[28.132978,-25.750189],[28.135518,-25.750014],[28.135467,-25.74898],[28.135962,-25.748038],[28.136822,-25.747727],[28.137388,-25.747247],[28.137887,-25.748251],[28.139093,-25.748167],[28.139956,-25.748161],[28.140932,-25.747976],[28.142195,-25.74791],[28.143366,-25.74802],[28.144621,-25.748371],[28.145525,-25.748562],[28.146231,-25.748857]]]}},{"type":"Feature","properties":{"id":"799047132","name":"Die Wilgers","commuteMinutes":8.98,"nearestJobCenter":"Menlyn","distanceKm":null,"nearestTransitKm":2.427533448160335},"geometry":{"type":"Polygon","coordinates":[[[28.321077,-25.767056],[28.32094,-25.767628],[28.3211,-25.767698],[28.320875,-25.769079],[28.320765,-25.769325],[28.318827,-25.770153],[28.317587,-25.769543],[28.317421,-25.769121],[28.318109,-25.76635],[28.317915,-25.766279],[28.314498,-25.765695],[28.313223,-25.765571],[28.311524,-25.765642],[28.309244,-25.765951],[28.305113,-25.766563],[28.30237,-25.766928],[28.30154,-25.760766],[28.301271,-25.758833],[28.304926,-25.758724],[28.306372,-25.757942],[28.306345,-25.757874],[28.30757,-25.757221],[28.307634,-25.757116],[28.308641,-25.757849],[28.308986,-25.757436],[28.308775,-25.757034],[28.308996,-25.756762],[28.308691,-25.756535],[28.310362,-25.754694],[28.310701,-25.754444],[28.311875,-25.753167],[28.313353,-25.753059],[28.324724,-25.752319],[28.325426,-25.752296],[28.324202,-25.754847],[28.323912,-25.755659],[28.323759,-25.756392],[28.32303,-25.76207],[28.322794,-25.764057],[28.322695,-25.764627],[28.322424,-25.765263],[28.321875,-25.765924],[28.321344,-25.766331],[28.321077,-25.767056]]]}},{"type":"Feature","properties":{"id":"799047133","name":"Lynnwood Ridge","commuteMinutes":5.04,"nearestJobCenter":"Menlyn","distanceKm":null,"nearestTransitKm":0.7234818263776356},"geometry":{"type":"Polygon","coordinates":[[[28.30154,-25.760766],[28.30237,-25.766928],[28.305113,-25.766563],[28.309244,-25.765951],[28.311524,-25.765642],[28.313223,-25.765571],[28.314498,-25.765695],[28.317915,-25.766279],[28.318109,-25.76635],[28.317421,-25.769121],[28.316809,-25.769224],[28.316431,-25.769108],[28.316195,-25.768822],[28.315413,-25.768702],[28.315077,-25.76919],[28.313762,-25.769062],[28.312145,-25.769108],[28.311451,-25.769194],[28.311239,-25.767971],[28.310461,-25.768208],[28.308783,-25.76836],[28.308615,-25.768444],[28.30689,-25.768925],[28.306237,-25.768545],[28.304789,-25.768555],[28.304037,-25.768707],[28.303366,-25.768763],[28.302702,-25.768637],[28.302313,-25.768412],[28.301191,-25.768063],[28.300661,-25.768333],[28.300127,-25.768236],[28.299021,-25.768208],[28.299093,-25.768753],[28.29883,-25.768906],[28.297987,-25.769033],[28.297792,-25.768749],[28.296759,-25.769121],[28.296804,-25.770426],[28.29561,-25.77104],[28.295588,-25.771235],[28.294188,-25.771128],[28.293505,-25.770992],[28.293261,-25.771164],[28.292856,-25.770849],[28.292383,-25.770971],[28.291494,-25.770763],[28.291567,-25.770134],[28.29143,-25.769346],[28.291966,-25.769197],[28.291994,-25.768652],[28.292406,-25.768124],[28.292907,-25.767744],[28.292704,-25.767298],[28.292104,-25.767414],[28.289328,-25.768181],[28.288157,-25.768456],[28.287012,-25.768526],[28.287142,-25.768345],[28.287062,-25.767723],[28.287237,-25.767633],[28.2871,-25.767069],[28.286875,-25.766891],[28.286394,-25.766861],[28.285753,-25.766476],[28.285624,-25.765854],[28.286036,-25.765219],[28.286898,-25.764446],[28.287085,-25.764189],[28.287493,-25.763962],[28.287786,-25.763494],[28.287867,-25.762991],[28.28758,-25.762751],[28.288103,-25.762243],[28.28826,-25.761829],[28.288492,-25.76162],[28.28919,-25.761387],[28.290514,-25.760643],[28.291235,-25.760019],[28.291674,-25.759377],[28.291742,-25.75819],[28.291967,-25.756701],[28.292391,-25.755743],[28.293024,-25.75515],[28.294451,-25.756306],[28.2946,-25.75634],[28.296087,-25.757578],[28.296045,-25.757629],[28.297646,-25.758954],[28.299334,-25.758897],[28.299662,-25.761499],[28.30154,-25.760766]]]}},{"type":"Feature","properties":{"id":"799047134","name":"Lynnwood Glen","commuteMinutes":4.02,"nearestJobCenter":"Menlyn","distanceKm":null,"nearestTransitKm":0.6045421209191959},"geometry":{"type":"Polygon","coordinates":[[[28.287012,-25.768526],[28.288157,-25.768456],[28.289328,-25.768181],[28.292104,-25.767414],[28.292704,-25.767298],[28.292907,-25.767744],[28.292406,-25.768124],[28.291994,-25.768652],[28.291966,-25.769197],[28.29143,-25.769346],[28.291567,-25.770134],[28.291494,-25.770763],[28.290941,-25.775116],[28.29093,-25.775352],[28.290594,-25.776579],[28.290216,-25.777351],[28.289766,-25.777992],[28.288801,-25.778967],[28.288767,-25.779123],[28.28705,-25.780989],[28.286741,-25.781401],[28.285673,-25.783466],[28.284074,-25.783327],[28.281956,-25.782987],[28.280194,-25.782538],[28.278153,-25.781812],[28.276252,-25.781039],[28.271878,-25.778368],[28.272379,-25.776455],[28.274439,-25.768324],[28.274981,-25.766056],[28.275434,-25.766134],[28.277468,-25.766428],[28.280317,-25.766739],[28.281042,-25.766899],[28.281912,-25.767183],[28.283815,-25.767937],[28.284777,-25.768265],[28.285723,-25.768467],[28.287012,-25.768526]]]}},{"type":"Feature","properties":{"id":"799047135","name":"Menlo Park","commuteMinutes":3.06,"nearestJobCenter":"Menlyn","distanceKm":null,"nearestTransitKm":0.12253810308949974},"geometry":{"type":"Polygon","coordinates":[[[28.272379,-25.776455],[28.271878,-25.778368],[28.271868,-25.778362],[28.271322,-25.778006],[28.270933,-25.779032],[28.269613,-25.77877],[28.267385,-25.778149],[28.267206,-25.778044],[28.265829,-25.77766],[28.259565,-25.776068],[28.254839,-25.774851],[28.254389,-25.774876],[28.254164,-25.774399],[28.25168,-25.770613],[28.249044,-25.766685],[28.24848,-25.765816],[28.245169,-25.760836],[28.244429,-25.759775],[28.248259,-25.760942],[28.249529,-25.761292],[28.250826,-25.761557],[28.252932,-25.761744],[28.253923,-25.761965],[28.256552,-25.762644],[28.257154,-25.762749],[28.259684,-25.762877],[28.259912,-25.764563],[28.259588,-25.765753],[28.262068,-25.766321],[28.265379,-25.769114],[28.266343,-25.769973],[28.266623,-25.77029],[28.267541,-25.771035],[28.267155,-25.771429],[28.267973,-25.771996],[28.268209,-25.77191],[28.270224,-25.776392],[28.271719,-25.776398],[28.272379,-25.776455]]]}},{"type":"Feature","properties":{"id":"799047136","name":"Waterkloof","commuteMinutes":5.1,"nearestJobCenter":"Waterkloof/Brooklyn","distanceKm":null,"nearestTransitKm":0.7909856354649188},"geometry":{"type":"Polygon","coordinates":[[[28.254389,-25.774876],[28.25448,-25.775322],[28.255571,-25.777201],[28.256758,-25.779123],[28.259638,-25.783655],[28.261297,-25.786419],[28.262186,-25.787804],[28.261042,-25.788208],[28.259563,-25.788904],[28.258894,-25.78907],[28.258,-25.78947],[28.254927,-25.790672],[28.254702,-25.790436],[28.254393,-25.790775],[28.251177,-25.792028],[28.250925,-25.792032],[28.250846,-25.791927],[28.250792,-25.790188],[28.25086,-25.789263],[28.250822,-25.787157],[28.250654,-25.786964],[28.251287,-25.785095],[28.251322,-25.784708],[28.250727,-25.78479],[28.250676,-25.785301],[28.250257,-25.785034],[28.249754,-25.784904],[28.24933,-25.784327],[28.247604,-25.784559],[28.247693,-25.785225],[28.245333,-25.785112],[28.245195,-25.784073],[28.244078,-25.784176],[28.244173,-25.78447],[28.24272,-25.784687],[28.242567,-25.783657],[28.241247,-25.783804],[28.240291,-25.783965],[28.239977,-25.781946],[28.238155,-25.78215],[28.236718,-25.782351],[28.23662,-25.782259],[28.23218,-25.782837],[28.231108,-25.782955],[28.231127,-25.782244],[28.230829,-25.782118],[28.227831,-25.781281],[28.227641,-25.781022],[28.226994,-25.77952],[28.226027,-25.777149],[28.226862,-25.777027],[28.234266,-25.776106],[28.238073,-25.775618],[28.241148,-25.775249],[28.241388,-25.775198],[28.241323,-25.774696],[28.241545,-25.774306],[28.24213,-25.77439],[28.2425,-25.77434],[28.24266,-25.77408],[28.242579,-25.773626],[28.243399,-25.772583],[28.243677,-25.772648],[28.243938,-25.771909],[28.244745,-25.772106],[28.245273,-25.770354],[28.246061,-25.769374],[28.247934,-25.76984],[28.247755,-25.770536],[28.249849,-25.771088],[28.249647,-25.77177],[28.250051,-25.771883],[28.25017,-25.772648],[28.250685,-25.772596],[28.250704,-25.772745],[28.251261,-25.772684],[28.252504,-25.774021],[28.253889,-25.775055],[28.254389,-25.774876]]]}},{"type":"Feature","properties":{"id":"799047137","name":"Nieuw Muckleneuk","commuteMinutes":2.17,"nearestJobCenter":"Waterkloof/Brooklyn","distanceKm":null,"nearestTransitKm":0.11468879962604481},"geometry":{"type":"Polygon","coordinates":[[[28.234277,-25.768856],[28.235041,-25.770245],[28.235899,-25.771654],[28.236563,-25.772825],[28.23715,-25.77397],[28.238073,-25.775618],[28.234266,-25.776106],[28.226862,-25.777027],[28.226027,-25.777149],[28.224813,-25.774315],[28.22447,-25.773573],[28.223593,-25.771339],[28.222219,-25.768064],[28.226381,-25.767264],[28.226604,-25.767128],[28.233867,-25.769002],[28.234277,-25.768856]]]}},{"type":"Feature","properties":{"id":"799047138","name":"University of South Africa","commuteMinutes":7.14,"nearestJobCenter":"Waterkloof/Brooklyn","distanceKm":null,"nearestTransitKm":0.06984203361782264},"geometry":{"type":"Polygon","coordinates":[[[28.204456,-25.765122],[28.204887,-25.76621],[28.2055,-25.76683],[28.206063,-25.767033],[28.205859,-25.767746],[28.198421,-25.769511],[28.197622,-25.769836],[28.197031,-25.769316],[28.195509,-25.767221],[28.195097,-25.766006],[28.195028,-25.764235],[28.195031,-25.764128],[28.195853,-25.764004],[28.19649,-25.763685],[28.196927,-25.76335],[28.197542,-25.763842],[28.197268,-25.765676],[28.198532,-25.765576],[28.198784,-25.76566],[28.202223,-25.765257],[28.203297,-25.765246],[28.203991,-25.765111],[28.204456,-25.765122]]]}},{"type":"Feature","properties":{"id":"799047139","name":"Wapadrand","commuteMinutes":7.39,"nearestJobCenter":"Menlyn","distanceKm":null,"nearestTransitKm":2.3607789853979444},"geometry":{"type":"Polygon","coordinates":[[[28.344237,-25.778489],[28.345819,-25.779457],[28.346842,-25.780132],[28.338129,-25.7918],[28.3369,-25.79003],[28.332539,-25.783692],[28.33039,-25.78054],[28.32656,-25.78028],[28.32259,-25.77892],[28.3179,-25.77734],[28.32228,-25.77539],[28.324062,-25.774576],[28.323858,-25.774072],[28.323624,-25.77242],[28.323084,-25.772455],[28.322088,-25.772718],[28.321581,-25.772747],[28.320494,-25.772633],[28.31988,-25.772352],[28.319212,-25.772427],[28.318239,-25.772301],[28.316249,-25.772125],[28.312052,-25.770763],[28.311861,-25.771511],[28.310446,-25.77075],[28.309343,-25.771591],[28.308508,-25.771059],[28.307775,-25.771452],[28.305349,-25.772539],[28.302519,-25.773752],[28.300497,-25.779329],[28.298445,-25.779329],[28.298265,-25.779394],[28.297739,-25.779198],[28.295622,-25.77919],[28.294424,-25.779474],[28.29492,-25.775663],[28.294806,-25.775557],[28.291914,-25.775377],[28.29093,-25.775352],[28.290941,-25.775116],[28.291494,-25.770763],[28.292383,-25.770971],[28.292856,-25.770849],[28.293261,-25.771164],[28.293505,-25.770992],[28.294188,-25.771128],[28.295588,-25.771235],[28.29561,-25.77104],[28.296804,-25.770426],[28.296759,-25.769121],[28.297792,-25.768749],[28.297987,-25.769033],[28.29883,-25.768906],[28.299093,-25.768753],[28.299021,-25.768208],[28.300127,-25.768236],[28.300661,-25.768333],[28.301191,-25.768063],[28.302313,-25.768412],[28.302702,-25.768637],[28.303366,-25.768763],[28.304037,-25.768707],[28.304789,-25.768555],[28.306237,-25.768545],[28.30689,-25.768925],[28.308615,-25.768444],[28.308783,-25.76836],[28.310461,-25.768208],[28.311239,-25.767971],[28.311451,-25.769194],[28.312145,-25.769108],[28.313762,-25.769062],[28.315077,-25.76919],[28.315413,-25.768702],[28.316195,-25.768822],[28.316431,-25.769108],[28.316809,-25.769224],[28.317421,-25.769121],[28.317587,-25.769543],[28.318827,-25.770153],[28.320765,-25.769325],[28.320875,-25.769079],[28.3211,-25.767698],[28.32094,-25.767628],[28.321077,-25.767056],[28.32247,-25.76733],[28.324701,-25.76771],[28.325384,-25.767948],[28.327314,-25.768742],[28.330069,-25.769428],[28.330969,-25.769817],[28.335337,-25.773033],[28.337149,-25.774353],[28.338045,-25.774931],[28.3426,-25.777611],[28.344237,-25.778489]]]}},{"type":"Feature","properties":{"id":"799047140","name":"Lynnwood Park","commuteMinutes":4.08,"nearestJobCenter":"Menlyn","distanceKm":null,"nearestTransitKm":0.20588766704419015},"geometry":{"type":"Polygon","coordinates":[[[28.294424,-25.779474],[28.293203,-25.779852],[28.292936,-25.779873],[28.289949,-25.779713],[28.289637,-25.779596],[28.288801,-25.778967],[28.289766,-25.777992],[28.290216,-25.777351],[28.290594,-25.776579],[28.29093,-25.775352],[28.291914,-25.775377],[28.294806,-25.775557],[28.29492,-25.775663],[28.294424,-25.779474]]]}},{"type":"Feature","properties":{"id":"799047141","name":"Faerie Glen","commuteMinutes":5.54,"nearestJobCenter":"Menlyn","distanceKm":null,"nearestTransitKm":2.403311275929851},"geometry":{"type":"Polygon","coordinates":[[[28.338129,-25.7918],[28.337574,-25.792176],[28.335117,-25.793791],[28.333814,-25.794687],[28.329293,-25.797674],[28.329142,-25.7978],[28.322222,-25.802399],[28.32213,-25.802441],[28.317457,-25.798456],[28.315931,-25.797102],[28.313814,-25.795309],[28.313208,-25.794708],[28.312221,-25.793547],[28.312061,-25.793619],[28.311209,-25.792887],[28.309821,-25.79181],[28.309601,-25.791505],[28.30468,-25.78727],[28.304541,-25.787174],[28.300829,-25.78639],[28.30036,-25.786348],[28.29579,-25.785378],[28.295529,-25.785261],[28.292677,-25.784596],[28.291483,-25.784254],[28.291555,-25.78381],[28.288492,-25.783716],[28.287664,-25.783667],[28.285673,-25.783466],[28.286741,-25.781401],[28.28705,-25.780989],[28.288767,-25.779123],[28.288801,-25.778967],[28.289637,-25.779596],[28.289949,-25.779713],[28.292936,-25.779873],[28.293203,-25.779852],[28.294424,-25.779474],[28.295622,-25.77919],[28.297739,-25.779198],[28.298265,-25.779394],[28.298445,-25.779329],[28.300497,-25.779329],[28.302519,-25.773752],[28.305349,-25.772539],[28.307775,-25.771452],[28.308508,-25.771059],[28.309343,-25.771591],[28.310446,-25.77075],[28.311861,-25.771511],[28.312052,-25.770763],[28.316249,-25.772125],[28.318239,-25.772301],[28.319212,-25.772427],[28.31988,-25.772352],[28.320494,-25.772633],[28.321581,-25.772747],[28.322088,-25.772718],[28.323084,-25.772455],[28.323624,-25.77242],[28.323858,-25.774072],[28.324062,-25.774576],[28.32228,-25.77539],[28.3179,-25.77734],[28.32259,-25.77892],[28.32656,-25.78028],[28.33039,-25.78054],[28.332539,-25.783692],[28.3369,-25.79003],[28.338129,-25.7918]]]}},{"type":"Feature","properties":{"id":"799047142","name":"Menlyn","commuteMinutes":1.25,"nearestJobCenter":"Menlyn","distanceKm":null,"nearestTransitKm":0.02885760579955613},"geometry":{"type":"Polygon","coordinates":[[[28.285673,-25.783466],[28.285528,-25.783838],[28.284895,-25.784956],[28.284163,-25.786432],[28.28237,-25.786076],[28.281786,-25.785597],[28.280172,-25.785345],[28.279303,-25.785538],[28.27914,-25.785995],[28.276952,-25.785404],[28.276567,-25.786251],[28.275909,-25.785775],[28.275785,-25.785114],[28.275547,-25.784918],[28.273687,-25.785057],[28.273481,-25.78545],[28.273073,-25.785357],[28.272837,-25.785091],[28.27194,-25.784489],[28.271852,-25.783882],[28.273191,-25.783733],[28.273336,-25.783449],[28.273176,-25.781889],[28.272131,-25.781988],[28.272005,-25.780674],[28.271357,-25.780567],[28.271868,-25.778362],[28.271878,-25.778368],[28.276252,-25.781039],[28.278153,-25.781812],[28.280194,-25.782538],[28.281956,-25.782987],[28.284074,-25.783327],[28.285673,-25.783466]]]}},{"type":"Feature","properties":{"id":"799047143","name":"Hazelwood","commuteMinutes":3.91,"nearestJobCenter":"Menlyn","distanceKm":null,"nearestTransitKm":0.2210987437373322},"geometry":{"type":"Polygon","coordinates":[[[28.271868,-25.778362],[28.271357,-25.780567],[28.272005,-25.780674],[28.272131,-25.781988],[28.273176,-25.781889],[28.273336,-25.783449],[28.273191,-25.783733],[28.271852,-25.783882],[28.27194,-25.784489],[28.272837,-25.785091],[28.273073,-25.785357],[28.273481,-25.78545],[28.273584,-25.785694],[28.273096,-25.786419],[28.271513,-25.787495],[28.270636,-25.788137],[28.270308,-25.788088],[28.270402,-25.787439],[28.269602,-25.787378],[28.270216,-25.784784],[28.268911,-25.784843],[28.26782,-25.784739],[28.266951,-25.784584],[28.266779,-25.786226],[28.266432,-25.788504],[28.265924,-25.788923],[28.26417,-25.790133],[28.262526,-25.788237],[28.262186,-25.787804],[28.261297,-25.786419],[28.259638,-25.783655],[28.256758,-25.779123],[28.255571,-25.777201],[28.25448,-25.775322],[28.254389,-25.774876],[28.254839,-25.774851],[28.259565,-25.776068],[28.265829,-25.77766],[28.267206,-25.778044],[28.267385,-25.778149],[28.269613,-25.77877],[28.270933,-25.779032],[28.271322,-25.778006],[28.271868,-25.778362]]]}},{"type":"Feature","properties":{"id":"799047144","name":"Waterkloof Park","commuteMinutes":4.06,"nearestJobCenter":"Menlyn","distanceKm":null,"nearestTransitKm":0.8088194445706739},"geometry":{"type":"Polygon","coordinates":[[[28.26417,-25.790133],[28.263216,-25.790749],[28.264528,-25.791605],[28.264818,-25.791605],[28.264952,-25.792019],[28.26549,-25.792677],[28.26676,-25.79356],[28.266932,-25.793625],[28.265415,-25.795788],[28.263416,-25.794575],[28.261124,-25.79308],[28.260444,-25.792585],[28.260284,-25.792568],[28.258642,-25.790863],[28.258,-25.78947],[28.258894,-25.78907],[28.259563,-25.788904],[28.261042,-25.788208],[28.262186,-25.787804],[28.262526,-25.788237],[28.26417,-25.790133]]]}},{"type":"Feature","properties":{"id":"799047145","name":"Newlands","commuteMinutes":1.72,"nearestJobCenter":"Menlyn","distanceKm":null,"nearestTransitKm":0.4927963977897634},"geometry":{"type":"Polygon","coordinates":[[[28.273481,-25.78545],[28.273687,-25.785057],[28.275547,-25.784918],[28.275785,-25.785114],[28.275909,-25.785775],[28.276567,-25.786251],[28.276952,-25.785404],[28.27914,-25.785995],[28.278891,-25.786739],[28.278406,-25.787401],[28.27835,-25.787627],[28.278791,-25.787758],[28.278841,-25.788301],[28.278509,-25.788198],[28.277956,-25.789839],[28.277735,-25.789713],[28.277533,-25.789972],[28.276857,-25.791796],[28.276537,-25.791727],[28.275663,-25.794344],[28.275648,-25.794703],[28.274508,-25.798058],[28.27434,-25.798061],[28.274086,-25.798952],[28.272799,-25.799125],[28.271822,-25.799191],[28.270681,-25.799332],[28.270697,-25.799398],[28.268824,-25.799568],[28.267759,-25.799698],[28.266565,-25.799747],[28.266657,-25.799894],[28.265661,-25.800026],[28.264227,-25.799976],[28.262846,-25.799442],[28.263685,-25.798183],[28.265415,-25.795788],[28.266932,-25.793625],[28.26676,-25.79356],[28.26549,-25.792677],[28.264952,-25.792019],[28.264818,-25.791605],[28.264528,-25.791605],[28.263216,-25.790749],[28.26417,-25.790133],[28.265924,-25.788923],[28.266432,-25.788504],[28.266779,-25.786226],[28.266951,-25.784584],[28.26782,-25.784739],[28.268911,-25.784843],[28.270216,-25.784784],[28.269602,-25.787378],[28.270402,-25.787439],[28.270308,-25.788088],[28.270636,-25.788137],[28.271513,-25.787495],[28.273096,-25.786419],[28.273584,-25.785694],[28.273481,-25.78545]]]}},{"type":"Feature","properties":{"id":"799047146","name":"Waterkloof Heights","commuteMinutes":6.14,"nearestJobCenter":"Menlyn","distanceKm":null,"nearestTransitKm":1.409938078109423},"geometry":{"type":"Polygon","coordinates":[[[28.258,-25.78947],[28.258642,-25.790863],[28.260284,-25.792568],[28.260444,-25.792585],[28.261124,-25.79308],[28.263416,-25.794575],[28.265415,-25.795788],[28.263685,-25.798183],[28.262846,-25.799442],[28.262117,-25.800694],[28.261023,-25.802845],[28.259908,-25.80573],[28.258581,-25.809065],[28.257421,-25.808393],[28.25662,-25.808113],[28.255953,-25.808119],[28.255896,-25.806376],[28.255191,-25.804793],[28.252184,-25.7983],[28.251566,-25.796988],[28.251204,-25.796108],[28.250895,-25.795677],[28.25104,-25.795141],[28.251299,-25.794651],[28.251368,-25.793684],[28.251184,-25.792723],[28.250925,-25.792032],[28.251177,-25.792028],[28.254393,-25.790775],[28.254702,-25.790436],[28.254927,-25.790672],[28.258,-25.78947]]]}},{"type":"Feature","properties":{"id":"799047147","name":"Waterkloof Ridge","commuteMinutes":5.49,"nearestJobCenter":"Waterkloof/Brooklyn","distanceKm":null,"nearestTransitKm":2.188798684105718},"geometry":{"type":"Polygon","coordinates":[[[28.250925,-25.792032],[28.251184,-25.792723],[28.251368,-25.793684],[28.251299,-25.794651],[28.25104,-25.795141],[28.250895,-25.795677],[28.251204,-25.796108],[28.251566,-25.796988],[28.252184,-25.7983],[28.255191,-25.804793],[28.255896,-25.806376],[28.252485,-25.806957],[28.251627,-25.806973],[28.24708,-25.807772],[28.247225,-25.808184],[28.247473,-25.808121],[28.248751,-25.810774],[28.249325,-25.812062],[28.250589,-25.814762],[28.251947,-25.817604],[28.251871,-25.817635],[28.252348,-25.818613],[28.252756,-25.819313],[28.253065,-25.819582],[28.252834,-25.819857],[28.250089,-25.818805],[28.247889,-25.817993],[28.245326,-25.816999],[28.242338,-25.815927],[28.239105,-25.814665],[28.238159,-25.81435],[28.237536,-25.814208],[28.236865,-25.814153],[28.234453,-25.814285],[28.232672,-25.811998],[28.231442,-25.810325],[28.232873,-25.810101],[28.23716,-25.809498],[28.240779,-25.808921],[28.243913,-25.808383],[28.243317,-25.807504],[28.240983,-25.80422],[28.238924,-25.801388],[28.233152,-25.793663],[28.232161,-25.791367],[28.232229,-25.791344],[28.231939,-25.790558],[28.232119,-25.790356],[28.231153,-25.789742],[28.229223,-25.787636],[28.228872,-25.7873],[28.228544,-25.78721],[28.2278,-25.787251],[28.227221,-25.787125],[28.22608,-25.786657],[28.224962,-25.785845],[28.226091,-25.785416],[28.227392,-25.785206],[28.227335,-25.784988],[28.227907,-25.784983],[28.228464,-25.784592],[28.229109,-25.784294],[28.228106,-25.781916],[28.227831,-25.781281],[28.230829,-25.782118],[28.231127,-25.782244],[28.231108,-25.782955],[28.23218,-25.782837],[28.23662,-25.782259],[28.236718,-25.782351],[28.238155,-25.78215],[28.239977,-25.781946],[28.240291,-25.783965],[28.241247,-25.783804],[28.242567,-25.783657],[28.24272,-25.784687],[28.244173,-25.78447],[28.244078,-25.784176],[28.245195,-25.784073],[28.245333,-25.785112],[28.247693,-25.785225],[28.247604,-25.784559],[28.24933,-25.784327],[28.249754,-25.784904],[28.250257,-25.785034],[28.250676,-25.785301],[28.250727,-25.78479],[28.251322,-25.784708],[28.251287,-25.785095],[28.250654,-25.786964],[28.250822,-25.787157],[28.25086,-25.789263],[28.250792,-25.790188],[28.250846,-25.791927],[28.250925,-25.792032]]]}},{"type":"Feature","properties":{"id":"799047148","name":"Groenkloof Pine Plantation","commuteMinutes":13.66,"nearestJobCenter":"Waterkloof/Brooklyn","distanceKm":null,"nearestTransitKm":1.671545171350427},"geometry":{"type":"Polygon","coordinates":[[[28.228106,-25.781916],[28.229109,-25.784294],[28.228464,-25.784592],[28.227907,-25.784983],[28.227335,-25.784988],[28.227392,-25.785206],[28.226091,-25.785416],[28.224962,-25.785845],[28.224764,-25.785643],[28.223696,-25.786556],[28.222479,-25.788027],[28.222006,-25.787939],[28.220526,-25.786842],[28.219179,-25.786304],[28.215925,-25.785677],[28.214304,-25.785931],[28.211805,-25.786819],[28.211061,-25.787148],[28.212633,-25.788221],[28.213541,-25.789192],[28.21599,-25.792448],[28.217615,-25.794065],[28.223265,-25.799189],[28.222547,-25.799561],[28.218947,-25.801584],[28.218391,-25.801895],[28.217992,-25.801885],[28.21616,-25.802853],[28.215176,-25.803687],[28.213612,-25.804578],[28.211412,-25.805784],[28.209181,-25.807066],[28.206795,-25.80837],[28.206724,-25.808207],[28.202536,-25.810558],[28.20109,-25.811274],[28.200195,-25.808036],[28.199785,-25.806727],[28.199109,-25.804754],[28.19718,-25.799222],[28.196892,-25.798302],[28.196537,-25.796339],[28.196415,-25.794765],[28.196492,-25.792259],[28.196415,-25.791184],[28.196121,-25.790076],[28.19536,-25.788155],[28.194336,-25.785451],[28.193628,-25.782999],[28.193443,-25.782186],[28.19338,-25.781436],[28.192558,-25.781454],[28.192693,-25.7802],[28.193432,-25.777166],[28.193371,-25.773902],[28.195769,-25.773759],[28.196597,-25.773502],[28.197893,-25.773413],[28.198473,-25.773049],[28.198492,-25.773487],[28.20006,-25.77355],[28.202456,-25.773268],[28.203863,-25.772902],[28.206659,-25.772055],[28.206938,-25.772448],[28.207932,-25.773245],[28.208592,-25.773849],[28.210684,-25.776072],[28.211123,-25.776382],[28.21192,-25.777128],[28.215055,-25.778482],[28.216368,-25.778601],[28.216898,-25.77873],[28.218561,-25.779352],[28.219477,-25.780519],[28.221231,-25.780245],[28.222143,-25.780966],[28.223238,-25.781197],[28.225019,-25.781412],[28.226461,-25.781874],[28.228106,-25.781916]]]}},{"type":"Feature","properties":{"id":"799047149","name":"Sterrewag Estate","commuteMinutes":9.68,"nearestJobCenter":"Waterkloof/Brooklyn","distanceKm":null,"nearestTransitKm":1.505825833544035},"geometry":{"type":"Polygon","coordinates":[[[28.233152,-25.793663],[28.232676,-25.793903],[28.227461,-25.796843],[28.223265,-25.799189],[28.217615,-25.794065],[28.21599,-25.792448],[28.213541,-25.789192],[28.212633,-25.788221],[28.211061,-25.787148],[28.211805,-25.786819],[28.214304,-25.785931],[28.215925,-25.785677],[28.219179,-25.786304],[28.220526,-25.786842],[28.222006,-25.787939],[28.222479,-25.788027],[28.223696,-25.786556],[28.224764,-25.785643],[28.224962,-25.785845],[28.22608,-25.786657],[28.227221,-25.787125],[28.2278,-25.787251],[28.228544,-25.78721],[28.228872,-25.7873],[28.229223,-25.787636],[28.231153,-25.789742],[28.232119,-25.790356],[28.231939,-25.790558],[28.232229,-25.791344],[28.232161,-25.791367],[28.233152,-25.793663]]]}},{"type":"Feature","properties":{"id":"799047150","name":"Monument Park","commuteMinutes":8.21,"nearestJobCenter":"Waterkloof/Brooklyn","distanceKm":null,"nearestTransitKm":2.999094538296835},"geometry":{"type":"Polygon","coordinates":[[[28.218947,-25.801584],[28.222547,-25.799561],[28.223265,-25.799189],[28.227461,-25.796843],[28.232676,-25.793903],[28.233152,-25.793663],[28.238924,-25.801388],[28.240983,-25.80422],[28.243317,-25.807504],[28.243913,-25.808383],[28.240779,-25.808921],[28.23716,-25.809498],[28.232873,-25.810101],[28.231442,-25.810325],[28.232672,-25.811998],[28.234453,-25.814285],[28.230185,-25.81451],[28.229177,-25.814594],[28.226347,-25.81476],[28.225851,-25.814754],[28.224741,-25.814581],[28.22403,-25.814317],[28.223969,-25.813885],[28.220472,-25.805285],[28.218947,-25.801584]]]}},{"type":"Feature","properties":{"id":"799047151","name":"Erasmus Park","commuteMinutes":8.85,"nearestJobCenter":"Menlyn","distanceKm":null,"nearestTransitKm":3.750012516497244},"geometry":{"type":"Polygon","coordinates":[[[28.252834,-25.819857],[28.251455,-25.82135],[28.249228,-25.823599],[28.244474,-25.828434],[28.243555,-25.829184],[28.240976,-25.824446],[28.238635,-25.820179],[28.236802,-25.817417],[28.234453,-25.814285],[28.236865,-25.814153],[28.237536,-25.814208],[28.238159,-25.81435],[28.239105,-25.814665],[28.242338,-25.815927],[28.245326,-25.816999],[28.247889,-25.817993],[28.250089,-25.818805],[28.252834,-25.819857]]]}},{"type":"Feature","properties":{"id":"799047152","name":"Erasmuskloof","commuteMinutes":6.14,"nearestJobCenter":"Menlyn","distanceKm":null,"nearestTransitKm":2.8809062013853453},"geometry":{"type":"Polygon","coordinates":[[[28.266657,-25.799894],[28.267023,-25.800596],[28.267507,-25.801354],[28.26766,-25.801418],[28.268198,-25.802299],[28.268305,-25.802706],[28.268969,-25.803785],[28.270784,-25.806835],[28.270872,-25.807178],[28.271997,-25.809065],[28.272251,-25.809259],[28.273014,-25.810555],[28.273123,-25.810619],[28.275919,-25.815289],[28.27627,-25.815907],[28.278963,-25.820427],[28.278944,-25.820829],[28.278734,-25.821354],[28.278208,-25.821222],[28.278078,-25.82136],[28.273008,-25.821781],[28.272779,-25.822037],[28.271814,-25.821911],[28.271204,-25.821932],[28.267935,-25.822197],[28.267756,-25.8223],[28.264799,-25.822548],[28.264441,-25.822506],[28.262384,-25.822681],[28.262312,-25.822275],[28.261488,-25.822338],[28.261522,-25.822678],[28.260336,-25.822767],[28.260164,-25.822836],[28.258402,-25.822943],[28.258425,-25.823009],[28.257375,-25.823156],[28.255785,-25.823311],[28.254858,-25.823311],[28.249743,-25.82373],[28.249487,-25.823786],[28.249228,-25.823599],[28.251455,-25.82135],[28.252834,-25.819857],[28.253065,-25.819582],[28.253836,-25.818665],[28.254431,-25.817862],[28.255621,-25.816076],[28.256762,-25.81395],[28.257521,-25.812138],[28.258581,-25.809065],[28.259908,-25.80573],[28.261023,-25.802845],[28.262117,-25.800694],[28.262846,-25.799442],[28.264227,-25.799976],[28.265661,-25.800026],[28.266657,-25.799894]]]}},{"type":"Feature","properties":{"id":"799047153","name":"Waterkloof Glen","commuteMinutes":4.53,"nearestJobCenter":"Menlyn","distanceKm":null,"nearestTransitKm":0.7381171839274395},"geometry":{"type":"Polygon","coordinates":[[[28.286272,-25.796843],[28.28557,-25.797853],[28.285673,-25.798038],[28.286932,-25.799013],[28.285997,-25.80002],[28.284769,-25.79907],[28.284681,-25.799175],[28.281542,-25.803967],[28.281076,-25.804253],[28.28126,-25.804655],[28.280466,-25.804874],[28.276285,-25.806229],[28.2763,-25.806303],[28.274729,-25.806808],[28.273275,-25.808308],[28.273123,-25.808344],[28.272251,-25.809259],[28.271997,-25.809065],[28.270872,-25.807178],[28.270784,-25.806835],[28.268969,-25.803785],[28.268305,-25.802706],[28.268198,-25.802299],[28.26766,-25.801418],[28.267507,-25.801354],[28.267023,-25.800596],[28.266657,-25.799894],[28.266565,-25.799747],[28.267759,-25.799698],[28.268824,-25.799568],[28.270697,-25.799398],[28.270681,-25.799332],[28.271822,-25.799191],[28.272799,-25.799125],[28.274086,-25.798952],[28.27434,-25.798061],[28.274508,-25.798058],[28.275648,-25.794703],[28.275663,-25.794344],[28.276537,-25.791727],[28.276857,-25.791796],[28.277533,-25.789972],[28.277735,-25.789713],[28.277956,-25.789839],[28.278509,-25.788198],[28.278841,-25.788301],[28.278791,-25.787758],[28.27835,-25.787627],[28.278406,-25.787401],[28.278891,-25.786739],[28.27914,-25.785995],[28.279303,-25.785538],[28.280172,-25.785345],[28.281786,-25.785597],[28.28237,-25.786076],[28.284163,-25.786432],[28.283152,-25.788431],[28.282896,-25.78907],[28.282019,-25.790932],[28.284018,-25.79159],[28.284254,-25.791588],[28.285131,-25.791864],[28.28515,-25.793335],[28.285855,-25.793396],[28.286397,-25.794363],[28.285909,-25.795461],[28.286052,-25.795671],[28.285284,-25.796044],[28.286272,-25.796843]]]}},{"type":"Feature","properties":{"id":"799047154","name":"Garsfontein","commuteMinutes":6.33,"nearestJobCenter":"Menlyn","distanceKm":null,"nearestTransitKm":2.023306386447965},"geometry":{"type":"Polygon","coordinates":[[[28.322222,-25.802399],[28.329126,-25.808231],[28.328867,-25.808307],[28.328527,-25.808407],[28.324423,-25.809216],[28.321432,-25.809778],[28.316111,-25.810831],[28.311464,-25.811739],[28.310919,-25.811388],[28.308268,-25.809747],[28.307634,-25.80938],[28.30739,-25.80908],[28.307062,-25.809048],[28.305346,-25.808292],[28.305136,-25.808144],[28.304323,-25.806711],[28.302694,-25.807484],[28.302248,-25.80781],[28.301813,-25.807993],[28.301184,-25.808748],[28.300318,-25.807814],[28.299665,-25.807245],[28.29608,-25.804462],[28.295362,-25.803936],[28.288477,-25.798613],[28.286272,-25.796843],[28.285284,-25.796044],[28.286052,-25.795671],[28.285909,-25.795461],[28.286397,-25.794363],[28.285855,-25.793396],[28.28515,-25.793335],[28.285131,-25.791864],[28.284254,-25.791588],[28.284018,-25.79159],[28.282019,-25.790932],[28.282896,-25.78907],[28.283152,-25.788431],[28.284163,-25.786432],[28.284895,-25.784956],[28.285528,-25.783838],[28.285673,-25.783466],[28.287664,-25.783667],[28.288492,-25.783716],[28.291555,-25.78381],[28.291483,-25.784254],[28.292677,-25.784596],[28.295529,-25.785261],[28.29579,-25.785378],[28.30036,-25.786348],[28.300829,-25.78639],[28.304541,-25.787174],[28.30468,-25.78727],[28.309601,-25.791505],[28.309821,-25.79181],[28.311209,-25.792887],[28.312061,-25.793619],[28.312221,-25.793547],[28.313208,-25.794708],[28.313814,-25.795309],[28.315931,-25.797102],[28.317457,-25.798456],[28.32213,-25.802441],[28.322222,-25.802399]]]}},{"type":"Feature","properties":{"id":"799047155","name":"Boadwalk","commuteMinutes":10.21,"nearestJobCenter":"Menlyn","distanceKm":null,"nearestTransitKm":5.509868353815015},"geometry":{"type":"Polygon","coordinates":[[[28.343643,-25.801246],[28.34379,-25.801419],[28.346335,-25.803525],[28.347981,-25.80552],[28.348964,-25.805727],[28.350842,-25.807229],[28.351527,-25.807814],[28.347177,-25.809701],[28.343876,-25.811185],[28.339484,-25.813078],[28.336479,-25.814442],[28.329126,-25.808231],[28.322222,-25.802399],[28.329142,-25.7978],[28.332433,-25.800249],[28.332625,-25.799911],[28.338242,-25.801099],[28.339252,-25.80112],[28.34206,-25.801099],[28.343643,-25.801246]]]}},{"type":"Feature","properties":{"id":"799047156","name":"Arathorn Estate","commuteMinutes":9.8,"nearestJobCenter":"Menlyn","distanceKm":null,"nearestTransitKm":5.00756741140301},"geometry":{"type":"Polygon","coordinates":[[[28.337574,-25.792176],[28.339071,-25.795087],[28.339271,-25.794954],[28.339537,-25.794408],[28.340377,-25.794701],[28.341577,-25.794767],[28.340111,-25.795967],[28.34107,-25.797007],[28.341657,-25.797473],[28.34295,-25.798273],[28.343083,-25.798486],[28.343296,-25.799699],[28.343643,-25.801246],[28.34206,-25.801099],[28.339252,-25.80112],[28.338242,-25.801099],[28.332625,-25.799911],[28.332433,-25.800249],[28.329142,-25.7978],[28.329293,-25.797674],[28.333814,-25.794687],[28.335117,-25.793791],[28.337574,-25.792176]]]}},{"type":"Feature","properties":{"id":"799047157","name":"Constantia Park","commuteMinutes":4.52,"nearestJobCenter":"Menlyn","distanceKm":null,"nearestTransitKm":1.5043347860180005},"geometry":{"type":"Polygon","coordinates":[[[28.29608,-25.804462],[28.294424,-25.804945],[28.29315,-25.805609],[28.292009,-25.806456],[28.291273,-25.806921],[28.290426,-25.807365],[28.285921,-25.809584],[28.283327,-25.810879],[28.282152,-25.811506],[28.280615,-25.812445],[28.279928,-25.812916],[28.278364,-25.814081],[28.27627,-25.815907],[28.275919,-25.815289],[28.273123,-25.810619],[28.273014,-25.810555],[28.272251,-25.809259],[28.273123,-25.808344],[28.273275,-25.808308],[28.274729,-25.806808],[28.2763,-25.806303],[28.276285,-25.806229],[28.280466,-25.804874],[28.28126,-25.804655],[28.281076,-25.804253],[28.281542,-25.803967],[28.284681,-25.799175],[28.284769,-25.79907],[28.285997,-25.80002],[28.286932,-25.799013],[28.285673,-25.798038],[28.28557,-25.797853],[28.286272,-25.796843],[28.288477,-25.798613],[28.295362,-25.803936],[28.29608,-25.804462]]]}},{"type":"Feature","properties":{"id":"799047158","name":"Moreleta Park","commuteMinutes":9.77,"nearestJobCenter":"Menlyn","distanceKm":null,"nearestTransitKm":4.055865832077611},"geometry":{"type":"Polygon","coordinates":[[[28.306445,-25.820952],[28.305077,-25.822394],[28.305139,-25.822758],[28.302736,-25.823605],[28.302447,-25.823069],[28.302048,-25.823147],[28.301843,-25.823787],[28.301545,-25.82776],[28.301265,-25.827875],[28.301543,-25.829957],[28.301737,-25.830956],[28.30207,-25.831401],[28.302514,-25.832206],[28.302598,-25.832594],[28.304402,-25.832816],[28.306126,-25.835151],[28.306205,-25.835336],[28.307918,-25.837461],[28.31072,-25.841024],[28.309454,-25.841459],[28.307135,-25.842178],[28.305277,-25.842806],[28.303968,-25.84314],[28.303373,-25.84313],[28.303377,-25.843321],[28.303019,-25.843735],[28.302591,-25.843618],[28.302538,-25.843323],[28.301947,-25.843542],[28.298792,-25.843988],[28.298178,-25.844099],[28.292772,-25.844889],[28.29199,-25.845095],[28.291559,-25.845327],[28.290701,-25.84551],[28.290133,-25.84524],[28.288798,-25.845394],[28.28635,-25.845749],[28.283437,-25.846278],[28.281966,-25.846703],[28.280738,-25.847132],[28.279566,-25.846664],[28.278868,-25.846369],[28.277472,-25.84565],[28.277517,-25.845457],[28.277472,-25.843321],[28.277796,-25.843094],[28.278109,-25.842354],[28.278093,-25.841747],[28.277369,-25.841808],[28.277334,-25.841017],[28.277239,-25.840849],[28.277189,-25.839792],[28.277369,-25.839758],[28.277361,-25.838646],[28.280657,-25.838825],[28.282934,-25.839559],[28.283482,-25.839176],[28.284403,-25.838235],[28.284226,-25.837015],[28.282868,-25.835686],[28.282802,-25.835342],[28.283725,-25.834694],[28.283673,-25.834298],[28.282894,-25.833185],[28.282583,-25.830484],[28.282426,-25.829646],[28.282013,-25.82869],[28.280832,-25.826235],[28.280259,-25.825096],[28.279912,-25.823993],[28.279359,-25.821554],[28.279038,-25.821554],[28.278734,-25.821354],[28.278944,-25.820829],[28.278963,-25.820427],[28.27627,-25.815907],[28.278364,-25.814081],[28.279928,-25.812916],[28.280615,-25.812445],[28.282152,-25.811506],[28.283327,-25.810879],[28.285921,-25.809584],[28.290426,-25.807365],[28.291273,-25.806921],[28.292009,-25.806456],[28.29315,-25.805609],[28.294424,-25.804945],[28.29608,-25.804462],[28.299665,-25.807245],[28.300318,-25.807814],[28.301184,-25.808748],[28.301779,-25.809549],[28.302286,-25.810423],[28.302729,-25.811588],[28.303194,-25.813335],[28.303862,-25.815985],[28.304285,-25.817513],[28.304674,-25.818468],[28.304956,-25.818983],[28.305956,-25.820423],[28.306445,-25.820952]]]}},{"type":"Feature","properties":{"id":"799047159","name":"Woodhill","commuteMinutes":11.39,"nearestJobCenter":"Menlyn","distanceKm":null,"nearestTransitKm":3.9851766095676666},"geometry":{"type":"Polygon","coordinates":[[[28.324602,-25.815617],[28.320838,-25.819247],[28.319782,-25.819978],[28.318888,-25.820425],[28.317833,-25.82075],[28.315172,-25.821278],[28.313649,-25.821501],[28.312614,-25.821826],[28.311883,-25.822151],[28.309786,-25.82345],[28.307222,-25.821659],[28.306445,-25.820952],[28.305956,-25.820423],[28.304956,-25.818983],[28.304674,-25.818468],[28.304285,-25.817513],[28.303862,-25.815985],[28.303194,-25.813335],[28.303919,-25.813166],[28.30467,-25.812878],[28.305151,-25.812603],[28.30695,-25.811326],[28.307341,-25.811796],[28.308013,-25.81235],[28.307871,-25.812814],[28.30856,-25.813475],[28.308636,-25.813852],[28.308994,-25.814481],[28.310006,-25.815851],[28.310654,-25.816354],[28.311622,-25.817203],[28.31232,-25.816744],[28.309415,-25.812545],[28.31003,-25.812111],[28.310545,-25.811956],[28.310919,-25.811388],[28.311464,-25.811739],[28.316111,-25.810831],[28.321432,-25.809778],[28.324423,-25.809216],[28.328527,-25.808407],[28.328867,-25.808307],[28.328839,-25.808545],[28.328229,-25.810941],[28.327864,-25.812119],[28.327255,-25.812972],[28.326443,-25.813906],[28.324602,-25.815617]]]}},{"type":"Feature","properties":{"id":"799047160","name":"The Wilds","commuteMinutes":12.37,"nearestJobCenter":"Menlyn","distanceKm":null,"nearestTransitKm":5.550584453722391},"geometry":{"type":"Polygon","coordinates":[[[28.333573,-25.823537],[28.331272,-25.821589],[28.330877,-25.821283],[28.330837,-25.820631],[28.330161,-25.820567],[28.329419,-25.820226],[28.32782,-25.818759],[28.324602,-25.815617],[28.326443,-25.813906],[28.327255,-25.812972],[28.327864,-25.812119],[28.328229,-25.810941],[28.328839,-25.808545],[28.328867,-25.808307],[28.329126,-25.808231],[28.336479,-25.814442],[28.33856,-25.8162],[28.339582,-25.81794],[28.333573,-25.823537]]]}},{"type":"Feature","properties":{"id":"799047161","name":"Pretoriuspark","commuteMinutes":8.15,"nearestJobCenter":"Menlyn","distanceKm":null,"nearestTransitKm":3.9524953609473594},"geometry":{"type":"MultiPolygon","coordinates":[[[[28.31637,-25.83956],[28.316042,-25.839539],[28.312071,-25.840847],[28.31072,-25.841024],[28.307918,-25.837461],[28.306205,-25.835336],[28.306126,-25.835151],[28.304402,-25.832816],[28.302598,-25.832594],[28.302514,-25.832206],[28.30207,-25.831401],[28.301737,-25.830956],[28.301543,-25.829957],[28.301265,-25.827875],[28.301545,-25.82776],[28.303029,-25.827155],[28.30632,-25.825759],[28.30737,-25.825164],[28.308711,-25.824279],[28.309786,-25.82345],[28.311883,-25.822151],[28.312614,-25.821826],[28.313649,-25.821501],[28.315172,-25.821278],[28.317833,-25.82075],[28.318888,-25.820425],[28.319782,-25.819978],[28.320838,-25.819247],[28.324602,-25.815617],[28.32782,-25.818759],[28.329419,-25.820226],[28.330161,-25.820567],[28.330837,-25.820631],[28.330877,-25.821283],[28.331272,-25.821589],[28.333573,-25.823537],[28.321409,-25.834869],[28.31637,-25.83956]]],[[[28.310919,-25.811388],[28.310545,-25.811956],[28.31003,-25.812111],[28.309415,-25.812545],[28.31232,-25.816744],[28.311622,-25.817203],[28.310654,-25.816354],[28.310006,-25.815851],[28.308994,-25.814481],[28.308636,-25.813852],[28.30856,-25.813475],[28.307871,-25.812814],[28.308013,-25.81235],[28.307341,-25.811796],[28.30695,-25.811326],[28.305151,-25.812603],[28.30467,-25.812878],[28.303919,-25.813166],[28.303194,-25.813335],[28.302729,-25.811588],[28.302286,-25.810423],[28.301779,-25.809549],[28.301184,-25.808748],[28.301813,-25.807993],[28.302248,-25.80781],[28.302694,-25.807484],[28.304323,-25.806711],[28.305136,-25.808144],[28.305346,-25.808292],[28.307062,-25.809048],[28.30739,-25.80908],[28.307634,-25.80938],[28.308268,-25.809747],[28.310919,-25.811388]]]]}},{"type":"Feature","properties":{"id":"799047162","name":"Woodlands","commuteMinutes":9.69,"nearestJobCenter":"Menlyn","distanceKm":null,"nearestTransitKm":4.2213261292901},"geometry":{"type":"Polygon","coordinates":[[[28.309786,-25.82345],[28.308711,-25.824279],[28.30737,-25.825164],[28.30632,-25.825759],[28.303029,-25.827155],[28.301545,-25.82776],[28.301843,-25.823787],[28.302048,-25.823147],[28.302447,-25.823069],[28.302736,-25.823605],[28.305139,-25.822758],[28.305077,-25.822394],[28.306445,-25.820952],[28.307222,-25.821659],[28.309786,-25.82345]]]}},{"type":"Feature","properties":{"id":"799047163","name":"Erasmusrand","commuteMinutes":6.18,"nearestJobCenter":"Menlyn","distanceKm":null,"nearestTransitKm":3.2894812723837688},"geometry":{"type":"Polygon","coordinates":[[[28.255896,-25.806376],[28.255953,-25.808119],[28.25662,-25.808113],[28.257421,-25.808393],[28.258581,-25.809065],[28.257521,-25.812138],[28.256762,-25.81395],[28.255621,-25.816076],[28.254431,-25.817862],[28.253836,-25.818665],[28.253065,-25.819582],[28.252756,-25.819313],[28.252348,-25.818613],[28.251871,-25.817635],[28.251947,-25.817604],[28.250589,-25.814762],[28.249325,-25.812062],[28.248751,-25.810774],[28.247473,-25.808121],[28.247225,-25.808184],[28.24708,-25.807772],[28.251627,-25.806973],[28.252485,-25.806957],[28.255896,-25.806376]]]}},{"type":"Feature","properties":{"id":"799047164","name":"Wingate Park","commuteMinutes":9.46,"nearestJobCenter":"Menlyn","distanceKm":null,"nearestTransitKm":4.279624758112774},"geometry":{"type":"Polygon","coordinates":[[[28.277472,-25.84565],[28.276011,-25.844675],[28.275183,-25.843994],[28.27392,-25.842667],[28.273153,-25.841663],[28.268332,-25.835205],[28.26742,-25.833939],[28.266363,-25.832552],[28.263815,-25.829145],[28.26034,-25.824646],[28.260046,-25.823946],[28.260031,-25.823336],[28.260164,-25.822836],[28.260336,-25.822767],[28.261522,-25.822678],[28.261488,-25.822338],[28.262312,-25.822275],[28.262384,-25.822681],[28.264441,-25.822506],[28.264799,-25.822548],[28.267756,-25.8223],[28.267935,-25.822197],[28.271204,-25.821932],[28.271814,-25.821911],[28.272779,-25.822037],[28.273008,-25.821781],[28.278078,-25.82136],[28.278208,-25.821222],[28.278734,-25.821354],[28.279038,-25.821554],[28.279359,-25.821554],[28.279912,-25.823993],[28.280259,-25.825096],[28.280832,-25.826235],[28.282013,-25.82869],[28.282426,-25.829646],[28.282583,-25.830484],[28.282894,-25.833185],[28.283673,-25.834298],[28.283725,-25.834694],[28.282802,-25.835342],[28.282868,-25.835686],[28.284226,-25.837015],[28.284403,-25.838235],[28.283482,-25.839176],[28.282934,-25.839559],[28.280657,-25.838825],[28.277361,-25.838646],[28.277369,-25.839758],[28.277189,-25.839792],[28.277239,-25.840849],[28.277334,-25.841017],[28.277369,-25.841808],[28.278093,-25.841747],[28.278109,-25.842354],[28.277796,-25.843094],[28.277472,-25.843321],[28.277517,-25.845457],[28.277472,-25.84565]]]}},{"type":"Feature","properties":{"id":"799047165","name":"Elarduspark","commuteMinutes":10.22,"nearestJobCenter":"Menlyn","distanceKm":null,"nearestTransitKm":3.339022873756679},"geometry":{"type":"Polygon","coordinates":[[[28.277472,-25.84565],[28.278868,-25.846369],[28.279566,-25.846664],[28.279394,-25.847027],[28.27759,-25.846807],[28.277563,-25.846991],[28.275599,-25.846531],[28.275618,-25.846455],[28.271727,-25.845573],[28.271643,-25.845648],[28.268969,-25.845016],[28.269014,-25.844868],[28.267313,-25.844419],[28.266481,-25.844011],[28.265768,-25.843523],[28.259321,-25.838509],[28.258162,-25.837774],[28.257344,-25.837396],[28.254801,-25.836472],[28.252325,-25.835636],[28.252024,-25.836163],[28.251116,-25.837301],[28.250792,-25.83798],[28.250628,-25.838701],[28.250605,-25.839251],[28.25036,-25.839279],[28.249651,-25.838068],[28.249361,-25.838158],[28.249121,-25.837599],[28.24835,-25.836584],[28.247564,-25.836735],[28.246973,-25.835505],[28.244184,-25.830307],[28.243555,-25.829184],[28.244474,-25.828434],[28.249228,-25.823599],[28.249487,-25.823786],[28.249743,-25.82373],[28.254858,-25.823311],[28.255785,-25.823311],[28.257375,-25.823156],[28.258425,-25.823009],[28.258402,-25.822943],[28.260164,-25.822836],[28.260031,-25.823336],[28.260046,-25.823946],[28.26034,-25.824646],[28.263815,-25.829145],[28.266363,-25.832552],[28.26742,-25.833939],[28.268332,-25.835205],[28.273153,-25.841663],[28.27392,-25.842667],[28.275183,-25.843994],[28.276011,-25.844675],[28.277472,-25.84565]]]}},{"type":"Feature","properties":{"id":"799047166","name":"Pierre van Ryneveld","commuteMinutes":10.32,"nearestJobCenter":"Menlyn","distanceKm":null,"nearestTransitKm":2.8238507332251386},"geometry":{"type":"Polygon","coordinates":[[[28.257344,-25.837396],[28.2568,-25.838626],[28.254083,-25.837947],[28.253704,-25.839555],[28.253869,-25.840925],[28.25174,-25.84149],[28.251524,-25.84161],[28.250887,-25.840469],[28.250677,-25.839865],[28.250605,-25.839251],[28.250628,-25.838701],[28.250792,-25.83798],[28.251116,-25.837301],[28.252024,-25.836163],[28.252325,-25.835636],[28.254801,-25.836472],[28.257344,-25.837396]]]}},{"type":"Feature","properties":{"id":"799047167","name":"Reitvlei","commuteMinutes":27.34,"nearestJobCenter":"Menlyn","distanceKm":null,"nearestTransitKm":4.6500433087658735},"geometry":{"type":"MultiPolygon","coordinates":[[[[28.31637,-25.83956],[28.318516,-25.847853],[28.31888,-25.849423],[28.321829,-25.860805],[28.322806,-25.864809],[28.323638,-25.868058],[28.323967,-25.869247],[28.324643,-25.872023],[28.326365,-25.878743],[28.326877,-25.88059],[28.327264,-25.882109],[28.327748,-25.883743],[28.327351,-25.886238],[28.32714,-25.888612],[28.32703,-25.889437],[28.326414,-25.889491],[28.323944,-25.890105],[28.322749,-25.890725],[28.3216,-25.888849],[28.31963,-25.885467],[28.318413,-25.883483],[28.317766,-25.882581],[28.313843,-25.877966],[28.311723,-25.875515],[28.31043,-25.873952],[28.308987,-25.872253],[28.307995,-25.870885],[28.307589,-25.870239],[28.305875,-25.867097],[28.305319,-25.86618],[28.304793,-25.865428],[28.30341,-25.863579],[28.301456,-25.861024],[28.299682,-25.858648],[28.297863,-25.856439],[28.297261,-25.855747],[28.296164,-25.854725],[28.295127,-25.853958],[28.293864,-25.853191],[28.290181,-25.851072],[28.287219,-25.849839],[28.28298,-25.84805],[28.280738,-25.847132],[28.281966,-25.846703],[28.283437,-25.846278],[28.28635,-25.845749],[28.288798,-25.845394],[28.290133,-25.84524],[28.290701,-25.84551],[28.291559,-25.845327],[28.29199,-25.845095],[28.292772,-25.844889],[28.298178,-25.844099],[28.298792,-25.843988],[28.301947,-25.843542],[28.302538,-25.843323],[28.302591,-25.843618],[28.303019,-25.843735],[28.303377,-25.843321],[28.303373,-25.84313],[28.303968,-25.84314],[28.305277,-25.842806],[28.307135,-25.842178],[28.309454,-25.841459],[28.31072,-25.841024],[28.312071,-25.840847],[28.316042,-25.839539],[28.31637,-25.83956]]],[[[28.277563,-25.846991],[28.277575,-25.847498],[28.275522,-25.84778],[28.275522,-25.848566],[28.274702,-25.848587],[28.274408,-25.84844],[28.274305,-25.847956],[28.271765,-25.848341],[28.269582,-25.848612],[28.266383,-25.849111],[28.262747,-25.849616],[28.25934,-25.850153],[28.256869,-25.850474],[28.255903,-25.850431],[28.255407,-25.848627],[28.255114,-25.847885],[28.254508,-25.846765],[28.253378,-25.84479],[28.251524,-25.84161],[28.25174,-25.84149],[28.253869,-25.840925],[28.253704,-25.839555],[28.254083,-25.837947],[28.2568,-25.838626],[28.257344,-25.837396],[28.258162,-25.837774],[28.259321,-25.838509],[28.265768,-25.843523],[28.266481,-25.844011],[28.267313,-25.844419],[28.269014,-25.844868],[28.268969,-25.845016],[28.271643,-25.845648],[28.271727,-25.845573],[28.275618,-25.846455],[28.275599,-25.846531],[28.277563,-25.846991]]]]}},{"type":"Feature","properties":{"id":"799047168","name":"Mooikloof Ridge","commuteMinutes":10.86,"nearestJobCenter":"Menlyn","distanceKm":null,"nearestTransitKm":6.907367754608235},"geometry":{"type":"Polygon","coordinates":[[[28.318516,-25.847853],[28.31637,-25.83956],[28.321409,-25.834869],[28.323791,-25.838552],[28.32527,-25.84096],[28.327246,-25.843968],[28.329071,-25.846845],[28.328236,-25.847201],[28.325359,-25.848345],[28.321911,-25.848051],[28.318516,-25.847853]]]}},{"type":"Feature","properties":{"id":"799047169","name":"Mooikloof","commuteMinutes":14.12,"nearestJobCenter":"Menlyn","distanceKm":null,"nearestTransitKm":7.69624179272351},"geometry":{"type":"Polygon","coordinates":[[[28.353746,-25.842228],[28.352565,-25.843434],[28.350734,-25.842753],[28.350479,-25.843221],[28.349675,-25.842987],[28.347477,-25.843302],[28.346979,-25.843078],[28.345229,-25.843923],[28.344832,-25.844605],[28.344038,-25.845592],[28.340883,-25.846711],[28.339286,-25.848482],[28.338604,-25.851382],[28.337851,-25.853183],[28.337414,-25.856368],[28.337118,-25.857263],[28.336823,-25.857192],[28.33607,-25.857731],[28.334162,-25.854791],[28.332988,-25.852923],[28.331046,-25.849924],[28.329871,-25.848062],[28.329071,-25.846845],[28.327246,-25.843968],[28.32527,-25.84096],[28.323791,-25.838552],[28.321409,-25.834869],[28.333573,-25.823537],[28.339582,-25.81794],[28.343918,-25.825391],[28.347217,-25.83103],[28.353746,-25.842228]]]}},{"type":"Feature","properties":{"id":"799047170","name":"Clearwater Flyfishing Estate","commuteMinutes":13.42,"nearestJobCenter":"Menlyn","distanceKm":null,"nearestTransitKm":2.4461064320476065},"geometry":{"type":"Polygon","coordinates":[[[28.263761,-25.854716],[28.262927,-25.850232],[28.262747,-25.849616],[28.266383,-25.849111],[28.269582,-25.848612],[28.271765,-25.848341],[28.272024,-25.850889],[28.272382,-25.853469],[28.270529,-25.85372],[28.268866,-25.854019],[28.266794,-25.854284],[28.263761,-25.854716]]]}},{"type":"Feature","properties":{"id":"799047171","name":"Country Lane Estate","commuteMinutes":12.92,"nearestJobCenter":"Menlyn","distanceKm":null,"nearestTransitKm":1.7713768599771893},"geometry":{"type":"Polygon","coordinates":[[[28.263761,-25.854716],[28.261629,-25.855051],[28.261526,-25.855022],[28.257841,-25.855536],[28.257631,-25.855663],[28.257601,-25.85552],[28.256422,-25.852392],[28.255903,-25.850431],[28.256869,-25.850474],[28.25934,-25.850153],[28.262747,-25.849616],[28.262927,-25.850232],[28.263761,-25.854716]]]}},{"type":"Feature","properties":{"id":"799047172","name":"Van Riebeeck Nature Reserve","commuteMinutes":17.3,"nearestJobCenter":"Menlyn","distanceKm":null,"nearestTransitKm":3.2949313947892165},"geometry":{"type":"Polygon","coordinates":[[[28.280738,-25.847132],[28.28298,-25.84805],[28.287219,-25.849839],[28.290181,-25.851072],[28.293864,-25.853191],[28.295127,-25.853958],[28.296164,-25.854725],[28.297261,-25.855747],[28.297863,-25.856439],[28.299682,-25.858648],[28.301456,-25.861024],[28.30341,-25.863579],[28.304793,-25.865428],[28.305319,-25.86618],[28.305875,-25.867097],[28.307589,-25.870239],[28.307995,-25.870885],[28.308987,-25.872253],[28.31043,-25.873952],[28.311723,-25.875515],[28.313843,-25.877966],[28.317766,-25.882581],[28.318413,-25.883483],[28.31963,-25.885467],[28.3216,-25.888849],[28.322749,-25.890725],[28.323363,-25.891913],[28.32377,-25.893254],[28.324619,-25.898925],[28.325061,-25.901641],[28.325096,-25.902563],[28.324977,-25.904665],[28.32493,-25.905502],[28.323893,-25.913549],[28.319194,-25.913732],[28.319193,-25.913731],[28.276621,-25.915475],[28.276608,-25.915306],[28.275598,-25.914572],[28.2751,-25.912318],[28.273952,-25.906992],[28.273053,-25.902621],[28.271752,-25.902842],[28.267022,-25.903741],[28.266661,-25.901272],[28.265903,-25.897362],[28.265613,-25.895991],[28.265196,-25.893649],[28.264386,-25.88979],[28.263944,-25.887286],[28.263398,-25.884578],[28.262572,-25.880285],[28.262022,-25.87715],[28.261446,-25.874222],[28.261225,-25.873362],[28.260912,-25.871475],[28.26063,-25.870241],[28.260164,-25.867685],[28.259436,-25.867439],[28.259485,-25.867096],[28.259478,-25.865423],[28.259409,-25.864681],[28.258741,-25.861094],[28.25802,-25.857323],[28.257631,-25.855663],[28.257841,-25.855536],[28.261526,-25.855022],[28.261629,-25.855051],[28.263761,-25.854716],[28.266794,-25.854284],[28.268866,-25.854019],[28.270529,-25.85372],[28.272382,-25.853469],[28.272024,-25.850889],[28.271765,-25.848341],[28.274305,-25.847956],[28.274408,-25.84844],[28.274702,-25.848587],[28.275522,-25.848566],[28.275522,-25.84778],[28.277575,-25.847498],[28.277563,-25.846991],[28.27759,-25.846807],[28.279394,-25.847027],[28.279566,-25.846664],[28.280738,-25.847132]]]}},{"type":"Feature","properties":{"id":"799047173","name":"Reitvlei View Country Estates","commuteMinutes":21.42,"nearestJobCenter":"Menlyn","distanceKm":null,"nearestTransitKm":10.008866469560235},"geometry":{"type":"Polygon","coordinates":[[[28.349043,-25.897573],[28.349453,-25.900531],[28.350122,-25.902248],[28.351839,-25.906437],[28.347596,-25.907949],[28.347348,-25.907916],[28.339369,-25.906286],[28.338688,-25.906156],[28.338008,-25.905476],[28.336561,-25.905174],[28.334888,-25.904893],[28.334089,-25.904472],[28.332977,-25.904126],[28.332938,-25.904488],[28.333267,-25.907203],[28.330757,-25.906559],[28.330483,-25.905996],[28.324977,-25.904665],[28.325096,-25.902563],[28.325061,-25.901641],[28.324619,-25.898925],[28.32377,-25.893254],[28.323363,-25.891913],[28.322749,-25.890725],[28.323944,-25.890105],[28.326414,-25.889491],[28.32703,-25.889437],[28.32714,-25.888612],[28.34646,-25.880622],[28.346856,-25.882329],[28.347368,-25.885693],[28.347788,-25.888684],[28.348151,-25.890958],[28.348235,-25.891815],[28.348673,-25.894434],[28.348832,-25.895804],[28.349083,-25.897201],[28.349043,-25.897573]]]}},{"type":"Feature","properties":{"id":"799048001","name":"Rosslyn Industrial","commuteMinutes":2.4,"nearestJobCenter":"Rosslyn","distanceKm":null,"nearestTransitKm":1.4669363512774973},"geometry":{"type":"Polygon","coordinates":[[[28.107069,-25.622133],[28.107477,-25.624922],[28.107931,-25.628702],[28.111063,-25.629152],[28.111265,-25.635498],[28.112112,-25.642357],[28.11154,-25.642218],[28.103327,-25.639975],[28.099379,-25.63895],[28.093527,-25.637283],[28.090452,-25.636518],[28.086737,-25.635521],[28.085466,-25.63518],[28.08153,-25.634058],[28.073316,-25.631926],[28.066977,-25.630219],[28.066816,-25.629801],[28.067099,-25.623924],[28.067579,-25.613949],[28.066397,-25.613003],[28.062231,-25.607805],[28.066454,-25.606359],[28.070051,-25.605061],[28.073492,-25.603853],[28.074797,-25.603418],[28.075983,-25.603254],[28.076967,-25.603176],[28.078939,-25.603403],[28.081972,-25.603931],[28.083235,-25.607166],[28.0837,-25.608051],[28.08412,-25.608679],[28.084764,-25.609428],[28.08552,-25.610136],[28.091116,-25.613911],[28.093859,-25.615774],[28.094919,-25.616467],[28.099161,-25.619316],[28.099997,-25.6199],[28.101019,-25.620758],[28.101595,-25.621393],[28.101923,-25.621607],[28.102266,-25.621571],[28.104658,-25.622057],[28.105978,-25.6222],[28.107069,-25.622133]]]}},{"type":"Feature","properties":{"id":"799048002","name":"Rosslyn","commuteMinutes":6.57,"nearestJobCenter":"Rosslyn","distanceKm":null,"nearestTransitKm":0.21952907196008611},"geometry":{"type":"Polygon","coordinates":[[[28.066977,-25.630219],[28.063677,-25.629347],[28.058821,-25.627975],[28.056513,-25.627409],[28.046476,-25.624683],[28.045271,-25.624344],[28.046003,-25.623976],[28.047518,-25.62344],[28.048174,-25.623333],[28.049898,-25.623299],[28.051256,-25.623327],[28.063414,-25.623798],[28.067099,-25.623924],[28.066816,-25.629801],[28.066977,-25.630219]]]}},{"type":"Feature","properties":{"id":"799048003","name":"The Orchards Ext 21","commuteMinutes":10.26,"nearestJobCenter":"Rosslyn","distanceKm":null,"nearestTransitKm":0.3256391560734571},"geometry":{"type":"Polygon","coordinates":[[[28.091367,-25.641358],[28.090203,-25.640889],[28.09009,-25.641132],[28.08771,-25.640119],[28.087206,-25.639558],[28.087471,-25.639249],[28.087132,-25.63882],[28.08647,-25.638559],[28.086737,-25.635521],[28.090452,-25.636518],[28.093527,-25.637283],[28.093129,-25.63787],[28.091367,-25.641358]]]}},{"type":"Feature","properties":{"id":"799048004","name":"The Orchards Ext","commuteMinutes":12.76,"nearestJobCenter":"Rosslyn","distanceKm":null,"nearestTransitKm":1.0706506476203084},"geometry":{"type":"Polygon","coordinates":[[[28.083992,-25.655814],[28.07969,-25.654009],[28.081298,-25.65073],[28.080774,-25.650545],[28.079416,-25.650383],[28.078031,-25.650128],[28.076323,-25.649935],[28.077265,-25.644391],[28.078118,-25.643935],[28.076334,-25.643144],[28.073858,-25.64223],[28.073723,-25.640954],[28.07355,-25.638721],[28.073466,-25.637079],[28.073177,-25.634147],[28.073312,-25.6328],[28.073316,-25.631926],[28.08153,-25.634058],[28.085466,-25.63518],[28.086737,-25.635521],[28.08647,-25.638559],[28.0861,-25.643055],[28.085721,-25.646757],[28.088142,-25.647673],[28.085989,-25.651882],[28.083992,-25.655814]]]}},{"type":"Feature","properties":{"id":"799048005","name":"The Orchards Ext 24","commuteMinutes":10.27,"nearestJobCenter":"Rosslyn","distanceKm":null,"nearestTransitKm":0.601433056910261},"geometry":{"type":"Polygon","coordinates":[[[28.091367,-25.641358],[28.089708,-25.644566],[28.089376,-25.645259],[28.088142,-25.647673],[28.085721,-25.646757],[28.0861,-25.643055],[28.08647,-25.638559],[28.087132,-25.63882],[28.087471,-25.639249],[28.087206,-25.639558],[28.08771,-25.640119],[28.09009,-25.641132],[28.090203,-25.640889],[28.091367,-25.641358]]]}},{"type":"Feature","properties":{"id":"799048006","name":"The Orchards","commuteMinutes":8.69,"nearestJobCenter":"Rosslyn","distanceKm":null,"nearestTransitKm":1.1862819268801865},"geometry":{"type":"Polygon","coordinates":[[[28.101488,-25.662775],[28.097746,-25.662525],[28.097891,-25.66131],[28.094236,-25.660576],[28.096954,-25.650889],[28.097022,-25.650813],[28.097905,-25.647637],[28.093165,-25.646359],[28.092208,-25.646015],[28.089376,-25.645259],[28.089708,-25.644566],[28.091367,-25.641358],[28.093129,-25.63787],[28.093527,-25.637283],[28.099379,-25.63895],[28.103327,-25.639975],[28.11154,-25.642218],[28.112112,-25.642357],[28.11381,-25.654619],[28.101957,-25.655596],[28.101957,-25.656109],[28.101622,-25.660727],[28.101488,-25.662775]]]}},{"type":"Feature","properties":{"id":"799048007","name":"Klerksoord","commuteMinutes":9.37,"nearestJobCenter":"Rosslyn","distanceKm":null,"nearestTransitKm":0.7051048014966721},"geometry":{"type":"Polygon","coordinates":[[[28.141039,-25.650131],[28.139952,-25.649855],[28.134897,-25.648489],[28.132204,-25.647741],[28.130548,-25.647329],[28.123373,-25.645334],[28.121024,-25.644743],[28.119112,-25.644262],[28.11693,-25.643646],[28.112112,-25.642357],[28.111265,-25.635498],[28.111063,-25.629152],[28.112017,-25.629288],[28.114237,-25.629862],[28.115957,-25.630131],[28.118264,-25.630181],[28.133594,-25.63079],[28.143811,-25.631203],[28.141039,-25.650131]]]}},{"type":"Feature","properties":{"id":"799048008","name":"Clarina","commuteMinutes":9.39,"nearestJobCenter":"Rosslyn","distanceKm":null,"nearestTransitKm":0.5148573770293484},"geometry":{"type":"Polygon","coordinates":[[[28.11381,-25.654619],[28.112112,-25.642357],[28.11693,-25.643646],[28.119112,-25.644262],[28.121024,-25.644743],[28.120494,-25.646191],[28.118685,-25.65007],[28.120708,-25.650812],[28.122114,-25.651294],[28.121521,-25.65259],[28.120904,-25.654165],[28.11381,-25.654619]]]}},{"type":"Feature","properties":{"id":"799048009","name":"Winternest AH","commuteMinutes":10.51,"nearestJobCenter":"Rosslyn","distanceKm":null,"nearestTransitKm":0.8666416315829756},"geometry":{"type":"Polygon","coordinates":[[[28.131936,-25.660315],[28.131009,-25.660288],[28.130623,-25.660182],[28.12864,-25.660242],[28.126704,-25.660386],[28.123117,-25.660499],[28.11465,-25.660746],[28.11381,-25.654619],[28.120904,-25.654165],[28.121521,-25.65259],[28.122114,-25.651294],[28.120708,-25.650812],[28.118685,-25.65007],[28.120494,-25.646191],[28.121024,-25.644743],[28.123373,-25.645334],[28.130548,-25.647329],[28.132204,-25.647741],[28.134897,-25.648489],[28.139952,-25.649855],[28.134188,-25.65201],[28.130934,-25.652618],[28.131147,-25.654005],[28.131308,-25.655697],[28.131683,-25.657958],[28.131936,-25.660315]]]}},{"type":"Feature","properties":{"id":"799048010","name":"Hesteapark","commuteMinutes":11.04,"nearestJobCenter":"Rosslyn","distanceKm":null,"nearestTransitKm":0.6673770045220095},"geometry":{"type":"Polygon","coordinates":[[[28.147416,-25.653418],[28.147299,-25.655912],[28.143651,-25.655174],[28.143381,-25.657601],[28.139736,-25.657733],[28.136956,-25.657854],[28.135461,-25.657868],[28.131683,-25.657958],[28.131308,-25.655697],[28.131147,-25.654005],[28.130934,-25.652618],[28.134188,-25.65201],[28.139952,-25.649855],[28.141039,-25.650131],[28.140532,-25.653677],[28.147416,-25.653418]]]}},{"type":"Feature","properties":{"id":"799048011","name":"Theresapark","commuteMinutes":13.32,"nearestJobCenter":"Rosslyn","distanceKm":null,"nearestTransitKm":1.638543057995533},"geometry":{"type":"Polygon","coordinates":[[[28.151484,-25.673885],[28.151415,-25.673943],[28.151251,-25.6756],[28.151073,-25.67794],[28.149508,-25.677665],[28.148488,-25.677553],[28.146654,-25.677458],[28.138921,-25.677559],[28.135176,-25.677559],[28.133677,-25.67732],[28.133318,-25.674526],[28.132978,-25.671629],[28.13225,-25.664814],[28.132116,-25.662487],[28.131936,-25.660315],[28.131683,-25.657958],[28.135461,-25.657868],[28.136956,-25.657854],[28.139736,-25.657733],[28.143381,-25.657601],[28.143651,-25.655174],[28.147299,-25.655912],[28.147416,-25.653418],[28.148451,-25.653379],[28.150747,-25.653357],[28.152325,-25.65313],[28.153246,-25.653393],[28.153173,-25.654465],[28.152891,-25.657465],[28.152468,-25.662207],[28.152483,-25.662563],[28.152296,-25.663664],[28.151781,-25.669703],[28.151823,-25.670132],[28.151484,-25.673885]]]}},{"type":"Feature","properties":{"id":"799048012","name":"Heatherdale AH","commuteMinutes":12.72,"nearestJobCenter":"Rosslyn","distanceKm":null,"nearestTransitKm":2.1531456214616274},"geometry":{"type":"Polygon","coordinates":[[[28.131936,-25.660315],[28.132116,-25.662487],[28.13225,-25.664814],[28.132978,-25.671629],[28.133318,-25.674526],[28.133677,-25.67732],[28.126707,-25.67544],[28.12343,-25.674631],[28.122377,-25.674543],[28.118773,-25.67461],[28.116812,-25.675095],[28.115088,-25.663939],[28.11465,-25.660746],[28.123117,-25.660499],[28.126704,-25.660386],[28.12864,-25.660242],[28.130623,-25.660182],[28.131009,-25.660288],[28.131936,-25.660315]]]}},{"type":"Feature","properties":{"id":"799048013","name":"Karenpark","commuteMinutes":10.31,"nearestJobCenter":"Rosslyn","distanceKm":null,"nearestTransitKm":2.737880463881803},"geometry":{"type":"Polygon","coordinates":[[[28.116812,-25.675095],[28.114195,-25.67535],[28.111097,-25.675224],[28.108534,-25.674669],[28.106085,-25.673723],[28.102766,-25.672394],[28.100826,-25.671696],[28.10087,-25.671326],[28.101404,-25.664139],[28.101488,-25.662775],[28.101622,-25.660727],[28.101957,-25.656109],[28.101957,-25.655596],[28.11381,-25.654619],[28.11465,-25.660746],[28.115088,-25.663939],[28.116812,-25.675095]]]}},{"type":"Feature","properties":{"id":"799048014","name":"Chantelle","commuteMinutes":10.77,"nearestJobCenter":"Rosslyn","distanceKm":null,"nearestTransitKm":2.980092128245058},"geometry":{"type":"Polygon","coordinates":[[[28.094236,-25.660576],[28.097891,-25.66131],[28.097746,-25.662525],[28.101488,-25.662775],[28.101404,-25.664139],[28.10087,-25.671326],[28.100826,-25.671696],[28.099047,-25.671219],[28.096735,-25.670763],[28.096018,-25.670656],[28.086203,-25.668943],[28.083071,-25.668188],[28.078222,-25.667065],[28.079523,-25.664583],[28.082265,-25.659196],[28.084578,-25.659792],[28.086889,-25.660292],[28.089537,-25.660955],[28.090574,-25.661169],[28.092073,-25.661383],[28.093908,-25.661791],[28.094236,-25.660576]]]}},{"type":"Feature","properties":{"id":"799048015","name":"The Orchards Ext 11","commuteMinutes":10.63,"nearestJobCenter":"Rosslyn","distanceKm":null,"nearestTransitKm":1.7541726069310624},"geometry":{"type":"Polygon","coordinates":[[[28.094236,-25.660576],[28.093908,-25.661791],[28.092073,-25.661383],[28.090574,-25.661169],[28.089537,-25.660955],[28.086889,-25.660292],[28.084578,-25.659792],[28.082265,-25.659196],[28.083357,-25.657064],[28.083992,-25.655814],[28.085989,-25.651882],[28.088142,-25.647673],[28.089376,-25.645259],[28.092208,-25.646015],[28.093165,-25.646359],[28.097905,-25.647637],[28.097022,-25.650813],[28.096954,-25.650889],[28.094236,-25.660576]]]}},{"type":"Feature","properties":{"id":"799048016","name":"Amandasig","commuteMinutes":12.02,"nearestJobCenter":"Rosslyn","distanceKm":null,"nearestTransitKm":4.0134862521621235},"geometry":{"type":"Polygon","coordinates":[[[28.116812,-25.675095],[28.117331,-25.678181],[28.118185,-25.680824],[28.119585,-25.683622],[28.117601,-25.683933],[28.116434,-25.684011],[28.107962,-25.683544],[28.104387,-25.683273],[28.101042,-25.683233],[28.100149,-25.681097],[28.092569,-25.679464],[28.090233,-25.678923],[28.089888,-25.678843],[28.085649,-25.67857],[28.081999,-25.67857],[28.079042,-25.678532],[28.076361,-25.678532],[28.073446,-25.678413],[28.073572,-25.677814],[28.073999,-25.676308],[28.074831,-25.673855],[28.075678,-25.672176],[28.076155,-25.671391],[28.078222,-25.667065],[28.083071,-25.668188],[28.086203,-25.668943],[28.096018,-25.670656],[28.096735,-25.670763],[28.099047,-25.671219],[28.100826,-25.671696],[28.102766,-25.672394],[28.106085,-25.673723],[28.108534,-25.674669],[28.111097,-25.675224],[28.114195,-25.67535],[28.116812,-25.675095]]]}},{"type":"Feature","properties":{"id":"799048017","name":"Heather View","commuteMinutes":13.01,"nearestJobCenter":"Rosslyn","distanceKm":null,"nearestTransitKm":3.658154194852062},"geometry":{"type":"Polygon","coordinates":[[[28.134549,-25.684932],[28.133269,-25.685294],[28.132736,-25.68533],[28.131246,-25.684803],[28.130508,-25.684475],[28.13057,-25.683943],[28.129422,-25.683799],[28.129115,-25.684291],[28.128091,-25.684291],[28.126042,-25.684168],[28.125058,-25.684353],[28.123173,-25.685049],[28.122292,-25.68507],[28.121718,-25.684516],[28.121636,-25.683594],[28.119585,-25.683622],[28.118185,-25.680824],[28.117331,-25.678181],[28.116812,-25.675095],[28.118773,-25.67461],[28.122377,-25.674543],[28.12343,-25.674631],[28.126707,-25.67544],[28.133677,-25.67732],[28.133884,-25.67881],[28.13409,-25.680842],[28.134549,-25.684932]]]}},{"type":"Feature","properties":{"id":"799048018","name":"Ninapark","commuteMinutes":13.52,"nearestJobCenter":"Rosslyn","distanceKm":null,"nearestTransitKm":3.376578792340992},"geometry":{"type":"Polygon","coordinates":[[[28.151073,-25.67794],[28.150801,-25.680712],[28.150626,-25.683045],[28.15053,-25.683748],[28.148852,-25.683525],[28.148654,-25.687126],[28.14828,-25.687167],[28.147262,-25.687044],[28.146653,-25.687167],[28.145544,-25.68718],[28.145616,-25.685695],[28.14474,-25.685598],[28.143729,-25.685643],[28.141842,-25.685792],[28.14076,-25.685844],[28.140727,-25.685572],[28.139197,-25.685663],[28.138167,-25.686233],[28.137762,-25.686217],[28.137618,-25.684762],[28.135877,-25.68466],[28.134549,-25.684932],[28.13409,-25.680842],[28.133884,-25.67881],[28.133677,-25.67732],[28.135176,-25.677559],[28.138921,-25.677559],[28.146654,-25.677458],[28.148488,-25.677553],[28.149508,-25.677665],[28.151073,-25.67794]]]}},{"type":"Feature","properties":{"id":"799048019","name":"Tileba","commuteMinutes":14.43,"nearestJobCenter":"Rosslyn","distanceKm":null,"nearestTransitKm":2.4679673783094067},"geometry":{"type":"Polygon","coordinates":[[[28.158518,-25.679264],[28.158007,-25.6793],[28.156559,-25.679076],[28.151073,-25.67794],[28.151251,-25.6756],[28.151415,-25.673943],[28.151484,-25.673885],[28.156179,-25.674622],[28.158915,-25.67502],[28.158598,-25.678604],[28.158518,-25.679264]]]}},{"type":"Feature","properties":{"id":"799048020","name":"Florauna","commuteMinutes":17.2,"nearestJobCenter":"Rosslyn","distanceKm":null,"nearestTransitKm":2.2855809131351505},"geometry":{"type":"Polygon","coordinates":[[[28.158518,-25.679264],[28.159601,-25.679425],[28.161135,-25.679443],[28.162592,-25.679546],[28.165026,-25.679716],[28.164557,-25.684978],[28.164427,-25.685354],[28.164278,-25.687206],[28.16437,-25.687227],[28.164209,-25.689075],[28.16422,-25.689366],[28.16411,-25.690111],[28.16209,-25.689977],[28.1621,-25.689871],[28.159473,-25.689828],[28.157522,-25.68977],[28.154989,-25.689453],[28.151964,-25.688207],[28.150167,-25.687727],[28.148592,-25.687883],[28.148654,-25.687126],[28.148852,-25.683525],[28.15053,-25.683748],[28.150626,-25.683045],[28.150801,-25.680712],[28.151073,-25.67794],[28.156559,-25.679076],[28.158007,-25.6793],[28.158518,-25.679264]]]}},{"type":"Feature","properties":{"id":"799049001","name":"Refilwe SP","commuteMinutes":45.98,"nearestJobCenter":"Hatfield","distanceKm":null,"nearestTransitKm":13.413765332263381},"geometry":{"type":"Polygon","coordinates":[[[28.538805,-25.648869],[28.538049,-25.648927],[28.537838,-25.648848],[28.537236,-25.648154],[28.536948,-25.647466],[28.536899,-25.647065],[28.536526,-25.64659],[28.535757,-25.646283],[28.535212,-25.646427],[28.535016,-25.64659],[28.534639,-25.646447],[28.534128,-25.647237],[28.53353,-25.646987],[28.532969,-25.64779],[28.532188,-25.647532],[28.531553,-25.647851],[28.529462,-25.648465],[28.529007,-25.647069],[28.528753,-25.647094],[28.528287,-25.647614],[28.528135,-25.647941],[28.527517,-25.648322],[28.526883,-25.648125],[28.526461,-25.648371],[28.526187,-25.648187],[28.526113,-25.647835],[28.527018,-25.646218],[28.52561,-25.644654],[28.524337,-25.643373],[28.524026,-25.642387],[28.524366,-25.641703],[28.52392,-25.641347],[28.522863,-25.640955],[28.519965,-25.639765],[28.518393,-25.639073],[28.517384,-25.638685],[28.518582,-25.636364],[28.519467,-25.634598],[28.520186,-25.633077],[28.520595,-25.63277],[28.521037,-25.631715],[28.521638,-25.630533],[28.521771,-25.630166],[28.524498,-25.631244],[28.527691,-25.632623],[28.529774,-25.633504],[28.532659,-25.634743],[28.533463,-25.635063],[28.538047,-25.636975],[28.538805,-25.648869]]]}},{"type":"Feature","properties":{"id":"799050001","name":"Lewzene Estate","commuteMinutes":41.73,"nearestJobCenter":"Hatfield","distanceKm":null,"nearestTransitKm":13.062049826337594},"geometry":{"type":"Polygon","coordinates":[[[28.55622,-25.680078],[28.55264,-25.679325],[28.543879,-25.677503],[28.538111,-25.676267],[28.535661,-25.67579],[28.531747,-25.67495],[28.531525,-25.674786],[28.530809,-25.673595],[28.530634,-25.673218],[28.530634,-25.672841],[28.531418,-25.671254],[28.533625,-25.666899],[28.534912,-25.664403],[28.535299,-25.663754],[28.536092,-25.662651],[28.536537,-25.661896],[28.538386,-25.658238],[28.538752,-25.657437],[28.53902,-25.656444],[28.539181,-25.655484],[28.538805,-25.648869],[28.538047,-25.636975],[28.540606,-25.637864],[28.546785,-25.640579],[28.547868,-25.640862],[28.551632,-25.641212],[28.55484,-25.641604],[28.553024,-25.645041],[28.552613,-25.646273],[28.551611,-25.647814],[28.550584,-25.648789],[28.550122,-25.649457],[28.549865,-25.650279],[28.55269,-25.651177],[28.554038,-25.652358],[28.556724,-25.654796],[28.559992,-25.657817],[28.559967,-25.658448],[28.559522,-25.6595],[28.558333,-25.661023],[28.557269,-25.661865],[28.556625,-25.6621],[28.556427,-25.662558],[28.55946,-25.66616],[28.558928,-25.666482],[28.557009,-25.667435],[28.556241,-25.667769],[28.555585,-25.667943],[28.555678,-25.668264],[28.555962,-25.675796],[28.55622,-25.680078]]]}},{"type":"Feature","properties":{"id":"799050002","name":"Premier Diamond Mine","commuteMinutes":56.32,"nearestJobCenter":"Hatfield","distanceKm":null,"nearestTransitKm":11.716841193421102},"geometry":{"type":"Polygon","coordinates":[[[28.538805,-25.648869],[28.539181,-25.655484],[28.53902,-25.656444],[28.53484,-25.655993],[28.533676,-25.655955],[28.530265,-25.656162],[28.52845,-25.656099],[28.526935,-25.65618],[28.525446,-25.656637],[28.524814,-25.657595],[28.524363,-25.657939],[28.523399,-25.658909],[28.522417,-25.659428],[28.521534,-25.660242],[28.520333,-25.660974],[28.519569,-25.66175],[28.519406,-25.662326],[28.519544,-25.662501],[28.520207,-25.662771],[28.520764,-25.663371],[28.519475,-25.66421],[28.518849,-25.664467],[28.517266,-25.663885],[28.515607,-25.66431],[28.515138,-25.664504],[28.514368,-25.665712],[28.514137,-25.66667],[28.514143,-25.66692],[28.514988,-25.667321],[28.514593,-25.667953],[28.51597,-25.668616],[28.51567,-25.669186],[28.517191,-25.669999],[28.518611,-25.670613],[28.518461,-25.672396],[28.518655,-25.673329],[28.519306,-25.673185],[28.520326,-25.67704],[28.520529,-25.677251],[28.524151,-25.678768],[28.525983,-25.67957],[28.526821,-25.679898],[28.528352,-25.680572],[28.529655,-25.681064],[28.529792,-25.681957],[28.529992,-25.682559],[28.530047,-25.684072],[28.530174,-25.686113],[28.530347,-25.688236],[28.530274,-25.688737],[28.530429,-25.689667],[28.530457,-25.690751],[28.530557,-25.6921],[28.530903,-25.693211],[28.530976,-25.694241],[28.530903,-25.694405],[28.507002,-25.691873],[28.500089,-25.6909],[28.494637,-25.685496],[28.491959,-25.682868],[28.489282,-25.679849],[28.481688,-25.672986],[28.490846,-25.654449],[28.49363,-25.649162],[28.494576,-25.647515],[28.495712,-25.645433],[28.498483,-25.644692],[28.498637,-25.644028],[28.499326,-25.641857],[28.501114,-25.635637],[28.505099,-25.629865],[28.508675,-25.624705],[28.509901,-25.625267],[28.512161,-25.626149],[28.513145,-25.626608],[28.513898,-25.626851],[28.515929,-25.627822],[28.518534,-25.62883],[28.521771,-25.630166],[28.521638,-25.630533],[28.521037,-25.631715],[28.520595,-25.63277],[28.520186,-25.633077],[28.519467,-25.634598],[28.518582,-25.636364],[28.517384,-25.638685],[28.518393,-25.639073],[28.519965,-25.639765],[28.522863,-25.640955],[28.52392,-25.641347],[28.524366,-25.641703],[28.524026,-25.642387],[28.524337,-25.643373],[28.52561,-25.644654],[28.527018,-25.646218],[28.526113,-25.647835],[28.526187,-25.648187],[28.526461,-25.648371],[28.526883,-25.648125],[28.527517,-25.648322],[28.528135,-25.647941],[28.528287,-25.647614],[28.528753,-25.647094],[28.529007,-25.647069],[28.529462,-25.648465],[28.531553,-25.647851],[28.532188,-25.647532],[28.532969,-25.64779],[28.53353,-25.646987],[28.534128,-25.647237],[28.534639,-25.646447],[28.535016,-25.64659],[28.535212,-25.646427],[28.535757,-25.646283],[28.536526,-25.64659],[28.536899,-25.647065],[28.536948,-25.647466],[28.537236,-25.648154],[28.537838,-25.648848],[28.538049,-25.648927],[28.538805,-25.648869]]]}},{"type":"Feature","properties":{"id":"799050003","name":"Cullinan SP","commuteMinutes":38.58,"nearestJobCenter":"Hatfield","distanceKm":null,"nearestTransitKm":10.805681492305778},"geometry":{"type":"Polygon","coordinates":[[[28.53902,-25.656444],[28.538752,-25.657437],[28.538386,-25.658238],[28.536537,-25.661896],[28.536092,-25.662651],[28.535299,-25.663754],[28.534912,-25.664403],[28.533625,-25.666899],[28.531418,-25.671254],[28.530634,-25.672841],[28.530634,-25.673218],[28.530809,-25.673595],[28.531525,-25.674786],[28.531747,-25.67495],[28.535661,-25.67579],[28.538111,-25.676267],[28.543879,-25.677503],[28.55264,-25.679325],[28.55622,-25.680078],[28.558804,-25.680621],[28.567959,-25.682674],[28.57925,-25.684727],[28.577279,-25.698851],[28.57613,-25.713549],[28.572435,-25.714493],[28.564305,-25.716587],[28.56139,-25.717285],[28.553261,-25.719338],[28.545583,-25.721268],[28.538316,-25.722992],[28.529538,-25.725167],[28.529366,-25.725209],[28.529982,-25.717983],[28.530269,-25.713713],[28.530515,-25.710265],[28.530762,-25.702669],[28.531131,-25.698071],[28.531131,-25.695566],[28.530903,-25.694405],[28.530976,-25.694241],[28.530903,-25.693211],[28.530557,-25.6921],[28.530457,-25.690751],[28.530429,-25.689667],[28.530274,-25.688737],[28.530347,-25.688236],[28.530174,-25.686113],[28.530047,-25.684072],[28.529992,-25.682559],[28.529792,-25.681957],[28.529655,-25.681064],[28.528352,-25.680572],[28.526821,-25.679898],[28.525983,-25.67957],[28.524151,-25.678768],[28.520529,-25.677251],[28.520326,-25.67704],[28.519306,-25.673185],[28.518655,-25.673329],[28.518461,-25.672396],[28.518611,-25.670613],[28.517191,-25.669999],[28.51567,-25.669186],[28.51597,-25.668616],[28.514593,-25.667953],[28.514988,-25.667321],[28.514143,-25.66692],[28.514137,-25.66667],[28.514368,-25.665712],[28.515138,-25.664504],[28.515607,-25.66431],[28.517266,-25.663885],[28.518849,-25.664467],[28.519475,-25.66421],[28.520764,-25.663371],[28.520207,-25.662771],[28.519544,-25.662501],[28.519406,-25.662326],[28.519569,-25.66175],[28.520333,-25.660974],[28.521534,-25.660242],[28.522417,-25.659428],[28.523399,-25.658909],[28.524363,-25.657939],[28.524814,-25.657595],[28.525446,-25.656637],[28.526935,-25.65618],[28.52845,-25.656099],[28.530265,-25.656162],[28.533676,-25.655955],[28.53484,-25.655993],[28.53902,-25.656444]]]}},{"type":"Feature","properties":{"id":"799051001","name":"Rayton SH","commuteMinutes":33.08,"nearestJobCenter":"Hatfield","distanceKm":null,"nearestTransitKm":1.988239275529376},"geometry":{"type":"Polygon","coordinates":[[[28.530903,-25.694405],[28.531131,-25.695566],[28.531131,-25.698071],[28.530762,-25.702669],[28.530515,-25.710265],[28.530269,-25.713713],[28.529982,-25.717983],[28.529366,-25.725209],[28.529538,-25.725167],[28.53444,-25.732097],[28.532858,-25.736531],[28.530353,-25.73581],[28.527895,-25.735042],[28.52711,-25.737047],[28.526359,-25.739176],[28.525789,-25.740678],[28.524697,-25.743857],[28.52479,-25.745477],[28.526705,-25.745338],[28.528372,-25.745316],[28.52883,-25.747298],[28.52891,-25.747422],[28.529668,-25.750542],[28.531716,-25.758931],[28.532384,-25.762653],[28.534197,-25.763448],[28.536392,-25.766915],[28.540114,-25.77264],[28.542436,-25.775885],[28.536265,-25.779797],[28.534102,-25.781896],[28.531939,-25.784091],[28.529522,-25.786158],[28.527899,-25.787367],[28.5258,-25.788544],[28.5251,-25.789785],[28.524083,-25.791916],[28.520806,-25.791979],[28.518898,-25.791884],[28.517276,-25.797323],[28.513332,-25.797291],[28.507479,-25.797259],[28.504203,-25.797164],[28.502453,-25.796846],[28.500512,-25.796142],[28.501801,-25.791471],[28.500738,-25.790788],[28.498977,-25.790211],[28.497731,-25.789892],[28.497532,-25.789755],[28.497862,-25.788652],[28.4965,-25.788161],[28.495166,-25.787592],[28.493621,-25.786988],[28.491402,-25.786433],[28.49065,-25.786216],[28.490341,-25.785464],[28.488972,-25.784657],[28.487673,-25.783737],[28.486507,-25.782704],[28.486191,-25.78229],[28.485454,-25.781082],[28.485496,-25.780528],[28.481887,-25.778154],[28.479872,-25.77689],[28.478144,-25.775472],[28.476578,-25.774222],[28.474071,-25.772291],[28.472463,-25.770936],[28.471965,-25.770472],[28.469655,-25.768597],[28.468664,-25.767825],[28.464269,-25.763815],[28.462183,-25.76187],[28.460147,-25.760831],[28.457914,-25.758956],[28.45554,-25.757053],[28.452977,-25.756842],[28.448708,-25.75654],[28.445344,-25.7562],[28.444349,-25.75615],[28.442201,-25.755969],[28.44211,-25.756093],[28.440225,-25.755973],[28.439173,-25.755796],[28.433246,-25.755334],[28.430296,-25.755088],[28.429471,-25.753969],[28.42898,-25.753419],[28.419832,-25.75421],[28.419494,-25.753512],[28.417082,-25.74855],[28.408922,-25.73138],[28.408392,-25.7304],[28.413721,-25.73103],[28.41585,-25.731258],[28.419992,-25.73173],[28.420813,-25.731909],[28.422472,-25.732519],[28.423087,-25.732857],[28.424379,-25.73349],[28.42676,-25.73456],[28.427382,-25.73488],[28.429201,-25.735689],[28.43054,-25.73604],[28.43117,-25.73616],[28.432032,-25.736219],[28.433561,-25.736139],[28.434572,-25.73591],[28.43643,-25.73531],[28.439013,-25.73451],[28.440512,-25.73427],[28.44124,-25.73424],[28.442942,-25.73436],[28.44348,-25.734449],[28.445211,-25.734579],[28.445303,-25.734472],[28.445196,-25.732969],[28.44507,-25.73134],[28.446162,-25.732178],[28.447213,-25.731172],[28.447274,-25.731239],[28.44789,-25.730606],[28.446973,-25.730286],[28.446421,-25.729795],[28.446196,-25.729838],[28.445337,-25.728881],[28.445745,-25.728595],[28.445242,-25.727989],[28.444871,-25.72709],[28.444999,-25.726914],[28.444653,-25.726311],[28.44401,-25.71859],[28.443781,-25.715939],[28.443121,-25.70801],[28.437952,-25.703539],[28.4345,-25.700569],[28.42885,-25.69574],[28.425081,-25.69253],[28.421419,-25.688549],[28.420252,-25.68726],[28.417501,-25.68541],[28.417332,-25.68534],[28.417746,-25.684037],[28.418094,-25.683221],[28.41823,-25.682708],[28.417172,-25.682678],[28.415858,-25.682542],[28.414075,-25.682164],[28.41332,-25.681907],[28.410978,-25.680925],[28.409029,-25.680079],[28.408498,-25.679817],[28.407685,-25.678776],[28.403488,-25.675848],[28.411369,-25.670932],[28.412454,-25.670146],[28.413653,-25.669473],[28.413774,-25.669261],[28.41456,-25.668874],[28.415559,-25.66821],[28.416058,-25.667949],[28.416805,-25.667324],[28.419272,-25.665769],[28.419567,-25.665618],[28.422142,-25.663967],[28.424096,-25.662769],[28.424669,-25.662478],[28.427191,-25.660998],[28.42237,-25.656823],[28.420709,-25.65525],[28.417754,-25.652738],[28.420393,-25.651343],[28.423656,-25.649512],[28.423983,-25.649214],[28.427559,-25.646944],[28.434043,-25.642886],[28.434441,-25.642744],[28.43454,-25.642531],[28.439251,-25.63958],[28.44409,-25.636472],[28.446516,-25.633067],[28.44948,-25.628842],[28.450847,-25.626665],[28.452237,-25.624742],[28.455503,-25.619993],[28.45643,-25.618534],[28.501114,-25.635637],[28.499326,-25.641857],[28.498637,-25.644028],[28.498483,-25.644692],[28.495712,-25.645433],[28.494576,-25.647515],[28.49363,-25.649162],[28.490846,-25.654449],[28.481688,-25.672986],[28.489282,-25.679849],[28.491959,-25.682868],[28.494637,-25.685496],[28.500089,-25.6909],[28.507002,-25.691873],[28.530903,-25.694405]]]}},{"type":"Feature","properties":{"id":"799051002","name":"Rayton SP","commuteMinutes":30.63,"nearestJobCenter":"Hatfield","distanceKm":null,"nearestTransitKm":9.081834806095491},"geometry":{"type":"Polygon","coordinates":[[[28.529668,-25.750542],[28.52891,-25.747422],[28.52883,-25.747298],[28.528372,-25.745316],[28.526705,-25.745338],[28.52479,-25.745477],[28.524697,-25.743857],[28.525789,-25.740678],[28.526359,-25.739176],[28.52711,-25.737047],[28.527895,-25.735042],[28.530353,-25.73581],[28.532858,-25.736531],[28.53444,-25.732097],[28.535594,-25.728916],[28.537256,-25.731202],[28.5381,-25.732704],[28.538453,-25.732482],[28.540106,-25.731223],[28.540855,-25.731544],[28.542559,-25.73245],[28.543616,-25.732083],[28.5456,-25.733765],[28.545255,-25.734175],[28.547908,-25.73603],[28.549094,-25.737173],[28.545018,-25.739071],[28.540492,-25.740589],[28.546014,-25.748458],[28.539208,-25.746612],[28.537961,-25.748676],[28.535683,-25.752027],[28.529668,-25.750542]]]}},{"type":"Feature","properties":{"id":"799052001","name":"Donkerhoek SH","commuteMinutes":18.57,"nearestJobCenter":"Hatfield","distanceKm":null,"nearestTransitKm":6.263085441643419},"geometry":{"type":"Polygon","coordinates":[[[28.500512,-25.796142],[28.500222,-25.797195],[28.499462,-25.799549],[28.497771,-25.805026],[28.49424,-25.802372],[28.493975,-25.802593],[28.493376,-25.802427],[28.492767,-25.802141],[28.49227,-25.801266],[28.491354,-25.800471],[28.490635,-25.799959],[28.490074,-25.799313],[28.488971,-25.798356],[28.486928,-25.796977],[28.48573,-25.796037],[28.483172,-25.794261],[28.482927,-25.794107],[28.482277,-25.79477],[28.479507,-25.797999],[28.47897,-25.798567],[28.478689,-25.799156],[28.478214,-25.799369],[28.477831,-25.799891],[28.475787,-25.801976],[28.473592,-25.804338],[28.472996,-25.805026],[28.472197,-25.805738],[28.471884,-25.805821],[28.471585,-25.806206],[28.470138,-25.807802],[28.470058,-25.807829],[28.460076,-25.797412],[28.456403,-25.793303],[28.453212,-25.789968],[28.446566,-25.782814],[28.441925,-25.777835],[28.438397,-25.773919],[28.43617,-25.773419],[28.418989,-25.770991],[28.412125,-25.769731],[28.41446,-25.760113],[28.416888,-25.760766],[28.419832,-25.75421],[28.42898,-25.753419],[28.429471,-25.753969],[28.430296,-25.755088],[28.433246,-25.755334],[28.439173,-25.755796],[28.440225,-25.755973],[28.44211,-25.756093],[28.442201,-25.755969],[28.444349,-25.75615],[28.445344,-25.7562],[28.448708,-25.75654],[28.452977,-25.756842],[28.45554,-25.757053],[28.457914,-25.758956],[28.460147,-25.760831],[28.462183,-25.76187],[28.464269,-25.763815],[28.468664,-25.767825],[28.469655,-25.768597],[28.471965,-25.770472],[28.472463,-25.770936],[28.474071,-25.772291],[28.476578,-25.774222],[28.478144,-25.775472],[28.479872,-25.77689],[28.481887,-25.778154],[28.485496,-25.780528],[28.485454,-25.781082],[28.486191,-25.78229],[28.486507,-25.782704],[28.487673,-25.783737],[28.488972,-25.784657],[28.490341,-25.785464],[28.49065,-25.786216],[28.491402,-25.786433],[28.493621,-25.786988],[28.495166,-25.787592],[28.4965,-25.788161],[28.497862,-25.788652],[28.497532,-25.789755],[28.497731,-25.789892],[28.498977,-25.790211],[28.500738,-25.790788],[28.501801,-25.791471],[28.500512,-25.796142]]]}},{"type":"Feature","properties":{"id":"799053001","name":"Mooiplaas SH","commuteMinutes":25.5,"nearestJobCenter":"Menlyn","distanceKm":null,"nearestTransitKm":6.943885260051393},"geometry":{"type":"Polygon","coordinates":[[[28.380766,-25.740345],[28.418515,-25.753742],[28.419494,-25.753512],[28.419832,-25.75421],[28.416888,-25.760766],[28.41446,-25.760113],[28.412125,-25.769731],[28.418989,-25.770991],[28.43617,-25.773419],[28.438397,-25.773919],[28.441925,-25.777835],[28.446566,-25.782814],[28.453212,-25.789968],[28.456403,-25.793303],[28.460076,-25.797412],[28.470058,-25.807829],[28.464444,-25.812664],[28.460762,-25.8158],[28.459106,-25.817156],[28.457883,-25.818115],[28.455927,-25.819867],[28.454043,-25.821451],[28.453863,-25.821715],[28.44934,-25.825494],[28.447528,-25.826826],[28.444049,-25.829921],[28.443125,-25.830725],[28.441422,-25.832129],[28.44063,-25.832837],[28.439742,-25.833533],[28.436982,-25.835872],[28.435562,-25.837122],[28.433697,-25.838695],[28.431454,-25.840443],[28.426005,-25.845193],[28.421003,-25.849353],[28.420352,-25.848288],[28.419361,-25.846949],[28.416772,-25.843547],[28.41604,-25.842445],[28.415286,-25.841402],[28.414472,-25.840189],[28.413059,-25.837985],[28.412046,-25.83655],[28.411232,-25.835196],[28.409982,-25.833229],[28.40749,-25.829553],[28.405589,-25.82672],[28.405182,-25.826039],[28.403518,-25.823598],[28.401743,-25.820869],[28.399819,-25.817955],[28.398873,-25.816586],[28.393673,-25.808902],[28.393725,-25.808628],[28.392179,-25.806572],[28.391373,-25.805396],[28.38925,-25.802163],[28.388917,-25.80169],[28.385038,-25.795876],[28.382936,-25.792968],[28.382619,-25.791943],[28.381753,-25.791161],[28.380822,-25.790407],[28.380831,-25.790044],[28.381222,-25.788675],[28.381045,-25.78847],[28.379699,-25.787911],[28.380666,-25.786757],[28.381913,-25.785993],[28.383138,-25.785143],[28.384159,-25.784098],[28.384822,-25.783178],[28.385836,-25.783311],[28.386662,-25.783506],[28.386194,-25.785198],[28.386787,-25.785416],[28.387972,-25.78558],[28.388393,-25.782118],[28.387224,-25.78153],[28.385728,-25.780905],[28.386323,-25.780054],[28.386579,-25.779368],[28.386681,-25.778579],[28.386876,-25.778281],[28.386866,-25.777492],[28.387819,-25.774408],[28.385431,-25.773526],[28.384109,-25.773239],[28.384519,-25.772532],[28.385025,-25.771154],[28.38582,-25.76911],[28.386958,-25.766035],[28.386989,-25.765082],[28.386925,-25.764891],[28.3732,-25.762126],[28.375175,-25.754109],[28.375234,-25.753839],[28.373909,-25.753275],[28.368551,-25.751188],[28.371973,-25.746588],[28.377481,-25.73918],[28.37908,-25.739746],[28.380766,-25.740345]]]}},{"type":"Feature","properties":{"id":"799053002","name":"Spruit","commuteMinutes":18.7,"nearestJobCenter":"Centurion","distanceKm":null,"nearestTransitKm":5.005324711458222},"geometry":{"type":"Polygon","coordinates":[[[28.091442,-25.842208],[28.091547,-25.842414],[28.093175,-25.842169],[28.093589,-25.842484],[28.093793,-25.842828],[28.09571,-25.843278],[28.096124,-25.8436],[28.09701,-25.844719],[28.097258,-25.84527],[28.097538,-25.845392],[28.097847,-25.846118],[28.098316,-25.846153],[28.098817,-25.846464],[28.099149,-25.847082],[28.098645,-25.847374],[28.098056,-25.847516],[28.097401,-25.847444],[28.096422,-25.847522],[28.095933,-25.847349],[28.095692,-25.847768],[28.095175,-25.848093],[28.095687,-25.848265],[28.095567,-25.848418],[28.094377,-25.849168],[28.093182,-25.850449],[28.09246,-25.850081],[28.091566,-25.850119],[28.091155,-25.850445],[28.090744,-25.850617],[28.090481,-25.850492],[28.090562,-25.850096],[28.088612,-25.849579],[28.087402,-25.849747],[28.086661,-25.849522],[28.086543,-25.84886],[28.086672,-25.848712],[28.086411,-25.848511],[28.085935,-25.847595],[28.08603,-25.847457],[28.086112,-25.846711],[28.086269,-25.846281],[28.08778,-25.844316],[28.08745,-25.844096],[28.088057,-25.843174],[28.088468,-25.843432],[28.088932,-25.842973],[28.090223,-25.842653],[28.089783,-25.84183],[28.090567,-25.8413],[28.090926,-25.841175],[28.091083,-25.841319],[28.091442,-25.842208]]]}},{"type":"Feature","properties":{"id":"799054001","name":"Nellmapius Ext 6","commuteMinutes":18.28,"nearestJobCenter":"Hatfield","distanceKm":null,"nearestTransitKm":0.6111849921658726},"geometry":{"type":"Polygon","coordinates":[[[28.379845,-25.730058],[28.379587,-25.730501],[28.377787,-25.733196],[28.37734,-25.73358],[28.376051,-25.734529],[28.374495,-25.735294],[28.373762,-25.735895],[28.368494,-25.730276],[28.368368,-25.730116],[28.368856,-25.729572],[28.368277,-25.728966],[28.367571,-25.728338],[28.368444,-25.727516],[28.369158,-25.727394],[28.370591,-25.72748],[28.370619,-25.727026],[28.371641,-25.726973],[28.374018,-25.727379],[28.374854,-25.727577],[28.37718,-25.728506],[28.379225,-25.729597],[28.379845,-25.730058]]]}},{"type":"Feature","properties":{"id":"799054002","name":"Nellmapius Ext 7","commuteMinutes":18.44,"nearestJobCenter":"Hatfield","distanceKm":null,"nearestTransitKm":0.8416456700097044},"geometry":{"type":"Polygon","coordinates":[[[28.386427,-25.733628],[28.386147,-25.734043],[28.385902,-25.733959],[28.385307,-25.734582],[28.384821,-25.735293],[28.38352,-25.735355],[28.3818,-25.735544],[28.381903,-25.737602],[28.381887,-25.737932],[28.380728,-25.737947],[28.380014,-25.73769],[28.37908,-25.739746],[28.377481,-25.73918],[28.376905,-25.739119],[28.375528,-25.7379],[28.373762,-25.735895],[28.374495,-25.735294],[28.376051,-25.734529],[28.37734,-25.73358],[28.377787,-25.733196],[28.379587,-25.730501],[28.379845,-25.730058],[28.380899,-25.730671],[28.381337,-25.730782],[28.383993,-25.732264],[28.384922,-25.732922],[28.386427,-25.733628]]]}},{"type":"Feature","properties":{"id":"799054003","name":"Nellmapius Ext 3","commuteMinutes":16.22,"nearestJobCenter":"Hatfield","distanceKm":null,"nearestTransitKm":1.5666902776398108},"geometry":{"type":"Polygon","coordinates":[[[28.371973,-25.746588],[28.37187,-25.746227],[28.371946,-25.744917],[28.371706,-25.744017],[28.37137,-25.743322],[28.370787,-25.742996],[28.37023,-25.743048],[28.369699,-25.742832],[28.369417,-25.742447],[28.369013,-25.742155],[28.368586,-25.742353],[28.367865,-25.742216],[28.367643,-25.741907],[28.367659,-25.741564],[28.367418,-25.741014],[28.366972,-25.740526],[28.36664,-25.739969],[28.367033,-25.739704],[28.367907,-25.739618],[28.368372,-25.739275],[28.368002,-25.738598],[28.367479,-25.737972],[28.367323,-25.737534],[28.367067,-25.737371],[28.366476,-25.736008],[28.365328,-25.735107],[28.364931,-25.73432],[28.364897,-25.733976],[28.365164,-25.733419],[28.365343,-25.732777],[28.365625,-25.730873],[28.365961,-25.729921],[28.36603,-25.72908],[28.367323,-25.728994],[28.367284,-25.72865],[28.367571,-25.728338],[28.368277,-25.728966],[28.368856,-25.729572],[28.368368,-25.730116],[28.368494,-25.730276],[28.373762,-25.735895],[28.375528,-25.7379],[28.376905,-25.739119],[28.377481,-25.73918],[28.371973,-25.746588]]]}},{"type":"Feature","properties":{"id":"799054004","name":"Nellmapius Ext 4","commuteMinutes":17.35,"nearestJobCenter":"Menlyn","distanceKm":null,"nearestTransitKm":1.5137268983064613},"geometry":{"type":"Polygon","coordinates":[[[28.36603,-25.72908],[28.365961,-25.729921],[28.365625,-25.730873],[28.365343,-25.732777],[28.365164,-25.733419],[28.364897,-25.733976],[28.364931,-25.73432],[28.365328,-25.735107],[28.366476,-25.736008],[28.367067,-25.737371],[28.367323,-25.737534],[28.367479,-25.737972],[28.368002,-25.738598],[28.368372,-25.739275],[28.367907,-25.739618],[28.367033,-25.739704],[28.36664,-25.739969],[28.366972,-25.740526],[28.367418,-25.741014],[28.367659,-25.741564],[28.367643,-25.741907],[28.367865,-25.742216],[28.368586,-25.742353],[28.369013,-25.742155],[28.369417,-25.742447],[28.369699,-25.742832],[28.37023,-25.743048],[28.370787,-25.742996],[28.37137,-25.743322],[28.371706,-25.744017],[28.371946,-25.744917],[28.37187,-25.746227],[28.371973,-25.746588],[28.368551,-25.751188],[28.366758,-25.750553],[28.362973,-25.749262],[28.358067,-25.74754],[28.355805,-25.746779],[28.352611,-25.745667],[28.349028,-25.744448],[28.349928,-25.742243],[28.350534,-25.740902],[28.351385,-25.738834],[28.351553,-25.738272],[28.351686,-25.735645],[28.350813,-25.735636],[28.350241,-25.735182],[28.350061,-25.735222],[28.34971,-25.734901],[28.348665,-25.734243],[28.348814,-25.734034],[28.349543,-25.733418],[28.34984,-25.733465],[28.350008,-25.733286],[28.349867,-25.732826],[28.350681,-25.732256],[28.355618,-25.728495],[28.35639,-25.727809],[28.357786,-25.726835],[28.358133,-25.72555],[28.358423,-25.725061],[28.359446,-25.725983],[28.360415,-25.726093],[28.364187,-25.725943],[28.364805,-25.725992],[28.365065,-25.726561],[28.365503,-25.728027],[28.365751,-25.728325],[28.365774,-25.728704],[28.36603,-25.72908]]]}},{"type":"Feature","properties":{"id":"799054005","name":"Nellmapius Ext 9","commuteMinutes":15.73,"nearestJobCenter":"Menlyn","distanceKm":null,"nearestTransitKm":1.2835990049757158},"geometry":{"type":"Polygon","coordinates":[[[28.352601,-25.723189],[28.354803,-25.722872],[28.355211,-25.723246],[28.355669,-25.723442],[28.356337,-25.723883],[28.356749,-25.723967],[28.357821,-25.724503],[28.358423,-25.725061],[28.358133,-25.72555],[28.357786,-25.726835],[28.35639,-25.727809],[28.355618,-25.728495],[28.350681,-25.732256],[28.349867,-25.732826],[28.350008,-25.733286],[28.34984,-25.733465],[28.349543,-25.733418],[28.348814,-25.734034],[28.348665,-25.734243],[28.348436,-25.734106],[28.346679,-25.736771],[28.345865,-25.737931],[28.34524,-25.73893],[28.345282,-25.739122],[28.344564,-25.740637],[28.34429,-25.741371],[28.344378,-25.741707],[28.343847,-25.742167],[28.343561,-25.742556],[28.340315,-25.741436],[28.336195,-25.740034],[28.33299,-25.738927],[28.333292,-25.737709],[28.333152,-25.737495],[28.333399,-25.736556],[28.334502,-25.731739],[28.335178,-25.728857],[28.336404,-25.729096],[28.339352,-25.729895],[28.342567,-25.730666],[28.342736,-25.730492],[28.343656,-25.728086],[28.343831,-25.727716],[28.345169,-25.724146],[28.345148,-25.72404],[28.344143,-25.722141],[28.344488,-25.72155],[28.349112,-25.723032],[28.350336,-25.723269],[28.351797,-25.723282],[28.352601,-25.723189]]]}},{"type":"Feature","properties":{"id":"799054006","name":"Nellmapius SP","commuteMinutes":14.28,"nearestJobCenter":"Menlyn","distanceKm":null,"nearestTransitKm":2.184516653031826},"geometry":{"type":"Polygon","coordinates":[[[28.368551,-25.751188],[28.362022,-25.759909],[28.352457,-25.757933],[28.343325,-25.756109],[28.341864,-25.755442],[28.343107,-25.753107],[28.344072,-25.750526],[28.344339,-25.749985],[28.344973,-25.748423],[28.346033,-25.746218],[28.346388,-25.745422],[28.346334,-25.745209],[28.345026,-25.744326],[28.343706,-25.743383],[28.343561,-25.742556],[28.343847,-25.742167],[28.344378,-25.741707],[28.34429,-25.741371],[28.344564,-25.740637],[28.345282,-25.739122],[28.34524,-25.73893],[28.345865,-25.737931],[28.346679,-25.736771],[28.348436,-25.734106],[28.348665,-25.734243],[28.34971,-25.734901],[28.350061,-25.735222],[28.350241,-25.735182],[28.350813,-25.735636],[28.351686,-25.735645],[28.351553,-25.738272],[28.351385,-25.738834],[28.350534,-25.740902],[28.349928,-25.742243],[28.349028,-25.744448],[28.352611,-25.745667],[28.355805,-25.746779],[28.358067,-25.74754],[28.362973,-25.749262],[28.366758,-25.750553],[28.368551,-25.751188]]]}},{"type":"Feature","properties":{"id":"799054007","name":"Nellmapius Ext 8","commuteMinutes":16.49,"nearestJobCenter":"Hatfield","distanceKm":null,"nearestTransitKm":1.0457285255546995},"geometry":{"type":"Polygon","coordinates":[[[28.386427,-25.733628],[28.387636,-25.7344],[28.389803,-25.735615],[28.391649,-25.736578],[28.392138,-25.737036],[28.392443,-25.737526],[28.391466,-25.738306],[28.39065,-25.738817],[28.389063,-25.739481],[28.388216,-25.739738],[28.387289,-25.739874],[28.386217,-25.739958],[28.38413,-25.739874],[28.382093,-25.740068],[28.380766,-25.740345],[28.37908,-25.739746],[28.380014,-25.73769],[28.380728,-25.737947],[28.381887,-25.737932],[28.381903,-25.737602],[28.3818,-25.735544],[28.38352,-25.735355],[28.384821,-25.735293],[28.385307,-25.734582],[28.385902,-25.733959],[28.386147,-25.734043],[28.386427,-25.733628]]]}},{"type":"Feature","properties":{"id":"799055001","name":"Ekangala SP","commuteMinutes":53.69,"nearestJobCenter":"Hatfield","distanceKm":null,"nearestTransitKm":29.678142353580323},"geometry":{"type":"Polygon","coordinates":[[[28.75293,-25.693703],[28.750436,-25.692968],[28.750716,-25.692065],[28.751235,-25.691152],[28.751859,-25.689226],[28.751445,-25.689246],[28.750578,-25.688943],[28.747962,-25.688194],[28.74838,-25.68704],[28.748534,-25.686305],[28.748793,-25.685788],[28.749248,-25.684179],[28.74944,-25.683182],[28.74772,-25.681932],[28.747672,-25.681731],[28.748812,-25.680203],[28.748439,-25.679202],[28.749066,-25.67783],[28.747912,-25.677272],[28.746944,-25.677117],[28.74677,-25.676999],[28.746001,-25.676844],[28.745517,-25.676627],[28.744245,-25.676676],[28.743079,-25.676372],[28.743147,-25.676137],[28.742787,-25.676273],[28.742328,-25.676224],[28.74221,-25.676571],[28.741391,-25.676261],[28.740969,-25.677018],[28.740709,-25.677222],[28.73958,-25.67757],[28.739156,-25.67755],[28.738759,-25.677295],[28.737917,-25.67704],[28.737374,-25.676981],[28.737441,-25.676085],[28.737561,-25.675806],[28.738175,-25.67553],[28.737982,-25.675082],[28.73906,-25.674774],[28.738452,-25.67377],[28.737277,-25.673128],[28.73613,-25.672399],[28.734937,-25.671516],[28.733555,-25.670622],[28.726736,-25.665948],[28.726232,-25.665684],[28.725555,-25.665564],[28.723536,-25.665564],[28.723531,-25.666974],[28.72345,-25.667995],[28.72329,-25.669096],[28.722997,-25.670346],[28.722378,-25.672153],[28.720841,-25.676064],[28.722992,-25.676729],[28.725985,-25.677698],[28.726524,-25.677847],[28.727098,-25.678604],[28.727258,-25.679522],[28.72731,-25.682429],[28.727184,-25.684586],[28.72692,-25.685778],[28.72618,-25.688158],[28.728417,-25.688428],[28.731502,-25.688566],[28.732059,-25.688571],[28.733778,-25.688667],[28.735606,-25.688858],[28.737313,-25.689152],[28.739256,-25.689675],[28.739256,-25.690523],[28.739132,-25.691809],[28.738835,-25.692263],[28.738819,-25.692676],[28.738447,-25.693207],[28.738598,-25.694271],[28.739162,-25.694692],[28.739322,-25.695358],[28.739547,-25.695694],[28.739588,-25.696454],[28.739813,-25.696917],[28.74007,-25.698201],[28.74005,-25.698826],[28.740226,-25.699145],[28.740447,-25.700139],[28.742348,-25.700454],[28.743062,-25.700494],[28.743364,-25.700681],[28.743111,-25.701057],[28.742192,-25.703474],[28.741451,-25.705579],[28.740887,-25.707062],[28.73976,-25.710339],[28.736469,-25.708708],[28.734971,-25.707877],[28.733933,-25.707418],[28.733326,-25.707225],[28.731991,-25.707121],[28.731294,-25.70721],[28.730553,-25.707433],[28.72993,-25.707714],[28.729337,-25.70813],[28.726359,-25.710026],[28.725869,-25.710203],[28.724902,-25.710326],[28.718641,-25.71037],[28.713281,-25.71037],[28.710738,-25.710403],[28.709798,-25.71022],[28.706611,-25.709492],[28.708972,-25.703123],[28.710684,-25.698433],[28.711418,-25.696483],[28.712213,-25.694691],[28.713662,-25.691738],[28.714316,-25.69046],[28.7167,-25.685522],[28.71493,-25.684994],[28.71214,-25.684121],[28.708674,-25.683089],[28.708799,-25.682819],[28.714861,-25.6663],[28.719261,-25.65329],[28.722059,-25.64418],[28.723869,-25.631769],[28.73818,-25.633869],[28.76631,-25.64698],[28.765209,-25.650789],[28.759001,-25.67802],[28.756599,-25.684019],[28.75293,-25.693703]]]}},{"type":"Feature","properties":{"id":"799055002","name":"Ekangala Section A","commuteMinutes":53.11,"nearestJobCenter":"Hatfield","distanceKm":null,"nearestTransitKm":29.43958837254208},"geometry":{"type":"Polygon","coordinates":[[[28.732059,-25.688571],[28.731502,-25.688566],[28.728417,-25.688428],[28.72618,-25.688158],[28.72692,-25.685778],[28.727184,-25.684586],[28.72731,-25.682429],[28.727258,-25.679522],[28.727098,-25.678604],[28.726524,-25.677847],[28.725985,-25.677698],[28.722992,-25.676729],[28.720841,-25.676064],[28.722378,-25.672153],[28.722997,-25.670346],[28.72329,-25.669096],[28.72345,-25.667995],[28.723531,-25.666974],[28.723536,-25.665564],[28.725555,-25.665564],[28.726232,-25.665684],[28.726736,-25.665948],[28.733555,-25.670622],[28.734937,-25.671516],[28.73613,-25.672399],[28.737277,-25.673128],[28.738452,-25.67377],[28.73906,-25.674774],[28.737982,-25.675082],[28.738175,-25.67553],[28.737561,-25.675806],[28.737441,-25.676085],[28.737374,-25.676981],[28.73693,-25.679098],[28.73675,-25.679272],[28.734389,-25.68325],[28.732286,-25.686845],[28.732154,-25.687193],[28.732059,-25.688571]]]}},{"type":"Feature","properties":{"id":"799055003","name":"Ekangala Section B","commuteMinutes":54.85,"nearestJobCenter":"Hatfield","distanceKm":null,"nearestTransitKm":30.483499140029505},"geometry":{"type":"Polygon","coordinates":[[[28.747962,-25.688194],[28.746621,-25.691843],[28.740482,-25.690008],[28.739256,-25.689675],[28.737313,-25.689152],[28.735606,-25.688858],[28.733778,-25.688667],[28.732059,-25.688571],[28.732154,-25.687193],[28.732286,-25.686845],[28.734389,-25.68325],[28.73675,-25.679272],[28.73693,-25.679098],[28.737374,-25.676981],[28.737917,-25.67704],[28.738759,-25.677295],[28.739156,-25.67755],[28.73958,-25.67757],[28.740709,-25.677222],[28.740969,-25.677018],[28.741391,-25.676261],[28.74221,-25.676571],[28.742328,-25.676224],[28.742787,-25.676273],[28.743147,-25.676137],[28.743079,-25.676372],[28.744245,-25.676676],[28.745517,-25.676627],[28.746001,-25.676844],[28.74677,-25.676999],[28.746944,-25.677117],[28.747912,-25.677272],[28.749066,-25.67783],[28.748439,-25.679202],[28.748812,-25.680203],[28.747672,-25.681731],[28.74772,-25.681932],[28.74944,-25.683182],[28.749248,-25.684179],[28.748793,-25.685788],[28.748534,-25.686305],[28.74838,-25.68704],[28.747962,-25.688194]]]}},{"type":"Feature","properties":{"id":"799055004","name":"Ekangala Section C","commuteMinutes":55.57,"nearestJobCenter":"Hatfield","distanceKm":null,"nearestTransitKm":31.17507788902792},"geometry":{"type":"Polygon","coordinates":[[[28.750436,-25.692968],[28.746621,-25.691843],[28.747962,-25.688194],[28.750578,-25.688943],[28.751445,-25.689246],[28.751859,-25.689226],[28.751235,-25.691152],[28.750716,-25.692065],[28.750436,-25.692968]]]}},{"type":"Feature","properties":{"id":"799055005","name":"Ekangala Section E","commuteMinutes":54.82,"nearestJobCenter":"Hatfield","distanceKm":null,"nearestTransitKm":30.173148729796704},"geometry":{"type":"Polygon","coordinates":[[[28.743364,-25.700681],[28.743062,-25.700494],[28.742348,-25.700454],[28.740447,-25.700139],[28.740226,-25.699145],[28.74005,-25.698826],[28.74007,-25.698201],[28.739813,-25.696917],[28.739588,-25.696454],[28.739547,-25.695694],[28.739322,-25.695358],[28.739162,-25.694692],[28.738598,-25.694271],[28.738447,-25.693207],[28.738819,-25.692676],[28.738835,-25.692263],[28.739132,-25.691809],[28.739256,-25.690523],[28.739256,-25.689675],[28.740482,-25.690008],[28.746621,-25.691843],[28.745164,-25.695894],[28.74406,-25.699149],[28.743662,-25.700139],[28.743364,-25.700681]]]}},{"type":"Feature","properties":{"id":"799055006","name":"Ekangala Section D","commuteMinutes":57.03,"nearestJobCenter":"Hatfield","distanceKm":null,"nearestTransitKm":30.996987266062334},"geometry":{"type":"Polygon","coordinates":[[[28.757274,-25.704588],[28.756346,-25.704795],[28.755273,-25.704812],[28.753976,-25.704583],[28.753736,-25.704381],[28.75262,-25.704006],[28.75153,-25.703848],[28.751067,-25.703216],[28.749613,-25.703058],[28.748845,-25.702916],[28.747215,-25.702708],[28.74673,-25.702554],[28.746234,-25.702088],[28.745757,-25.701958],[28.74458,-25.701075],[28.743364,-25.700681],[28.743662,-25.700139],[28.74406,-25.699149],[28.745164,-25.695894],[28.746621,-25.691843],[28.750436,-25.692968],[28.75293,-25.693703],[28.75285,-25.693911],[28.757429,-25.69533],[28.75699,-25.699539],[28.75692,-25.700979],[28.756969,-25.7017],[28.757339,-25.703659],[28.757274,-25.704588]]]}},{"type":"Feature","properties":{"id":"799055007","name":"Ekandustria","commuteMinutes":52.34,"nearestJobCenter":"Hatfield","distanceKm":null,"nearestTransitKm":25.13088715723564},"geometry":{"type":"Polygon","coordinates":[[[28.683781,-25.675381],[28.699261,-25.68012],[28.699921,-25.680201],[28.708799,-25.682819],[28.708674,-25.683089],[28.71214,-25.684121],[28.71493,-25.684994],[28.7167,-25.685522],[28.714316,-25.69046],[28.713662,-25.691738],[28.712213,-25.694691],[28.711418,-25.696483],[28.710684,-25.698433],[28.708972,-25.703123],[28.706611,-25.709492],[28.705291,-25.713089],[28.702158,-25.712129],[28.701538,-25.712506],[28.70059,-25.712909],[28.699583,-25.713245],[28.698476,-25.713505],[28.697377,-25.713538],[28.696387,-25.713471],[28.695632,-25.713329],[28.693434,-25.712674],[28.693619,-25.712263],[28.694483,-25.709889],[28.692716,-25.709334],[28.691373,-25.708829],[28.683044,-25.70626],[28.681884,-25.70592],[28.682935,-25.702927],[28.683162,-25.702523],[28.686219,-25.699206],[28.686917,-25.698478],[28.686786,-25.698358],[28.687118,-25.697999],[28.68526,-25.693961],[28.68522,-25.693827],[28.682312,-25.694002],[28.680872,-25.69326],[28.678846,-25.693237],[28.677816,-25.693271],[28.676718,-25.689739],[28.677001,-25.68949],[28.677136,-25.68889],[28.677012,-25.688414],[28.677148,-25.687984],[28.677657,-25.688052],[28.678212,-25.687101],[28.678246,-25.686886],[28.677986,-25.685958],[28.677997,-25.685414],[28.678314,-25.685075],[28.679299,-25.684248],[28.679219,-25.684011],[28.678552,-25.683354],[28.677714,-25.683139],[28.677431,-25.682833],[28.677182,-25.682154],[28.67708,-25.68109],[28.676774,-25.679641],[28.676514,-25.679199],[28.676265,-25.678078],[28.676321,-25.677456],[28.676208,-25.676052],[28.675902,-25.675112],[28.675687,-25.674761],[28.67768,-25.673969],[28.677952,-25.673946],[28.679491,-25.674343],[28.682469,-25.675169],[28.683454,-25.675463],[28.683781,-25.675381]]]}},{"type":"Feature","properties":{"id":"799056001","name":"Rethabiseng Ext 1","commuteMinutes":48.52,"nearestJobCenter":"Hatfield","distanceKm":null,"nearestTransitKm":27.02191108144219},"geometry":{"type":"Polygon","coordinates":[[[28.714142,-25.717807],[28.713951,-25.717954],[28.713709,-25.718766],[28.713452,-25.718919],[28.713717,-25.719136],[28.715797,-25.719817],[28.715746,-25.720289],[28.715894,-25.720423],[28.715768,-25.720569],[28.715455,-25.722463],[28.71437,-25.722326],[28.714024,-25.722172],[28.710997,-25.720089],[28.709423,-25.71902],[28.709294,-25.718737],[28.709567,-25.717362],[28.708738,-25.717214],[28.708747,-25.716649],[28.708928,-25.716335],[28.70946,-25.716242],[28.709914,-25.716386],[28.711169,-25.715349],[28.712854,-25.716145],[28.712937,-25.716626],[28.713497,-25.717372],[28.713928,-25.717548],[28.714142,-25.717807]]]}},{"type":"Feature","properties":{"id":"799056002","name":"Rethabiseng Ext 2","commuteMinutes":49.39,"nearestJobCenter":"Hatfield","distanceKm":null,"nearestTransitKm":27.321237197082603},"geometry":{"type":"Polygon","coordinates":[[[28.717022,-25.719221],[28.71695,-25.720251],[28.715894,-25.720423],[28.715746,-25.720289],[28.715797,-25.719817],[28.713717,-25.719136],[28.713452,-25.718919],[28.713709,-25.718766],[28.713951,-25.717954],[28.714142,-25.717807],[28.714423,-25.717983],[28.716321,-25.718446],[28.717053,-25.718663],[28.717022,-25.719221]]]}},{"type":"Feature","properties":{"id":"799056003","name":"Rethabiseng Ext 3","commuteMinutes":49.96,"nearestJobCenter":"Hatfield","distanceKm":null,"nearestTransitKm":27.651934501322255},"geometry":{"type":"Polygon","coordinates":[[[28.721845,-25.721909],[28.716723,-25.72265],[28.715455,-25.722463],[28.715768,-25.720569],[28.715894,-25.720423],[28.71695,-25.720251],[28.717022,-25.719221],[28.718349,-25.71946],[28.719085,-25.719515],[28.719155,-25.718955],[28.719382,-25.718867],[28.720511,-25.718946],[28.721595,-25.719136],[28.721845,-25.721909]]]}},{"type":"Feature","properties":{"id":"799056004","name":"Rethabiseng SP","commuteMinutes":48.15,"nearestJobCenter":"Hatfield","distanceKm":null,"nearestTransitKm":27.24161969178097},"geometry":{"type":"Polygon","coordinates":[[[28.715455,-25.722463],[28.716723,-25.72265],[28.721845,-25.721909],[28.723442,-25.7217],[28.723697,-25.721943],[28.724046,-25.723809],[28.724573,-25.726808],[28.724943,-25.727107],[28.725517,-25.727762],[28.723148,-25.728832],[28.72211,-25.728519],[28.721,-25.72868],[28.719899,-25.728922],[28.719685,-25.72911],[28.719729,-25.729351],[28.719389,-25.729629],[28.717823,-25.729593],[28.717375,-25.729539],[28.717286,-25.72919],[28.716641,-25.729369],[28.715997,-25.729262],[28.715657,-25.729754],[28.71418,-25.729226],[28.712453,-25.728367],[28.71196,-25.728179],[28.711486,-25.727597],[28.711572,-25.727358],[28.711326,-25.727237],[28.712192,-25.725511],[28.710345,-25.72552],[28.709039,-25.725492],[28.708863,-25.725418],[28.707738,-25.72408],[28.706609,-25.722515],[28.706947,-25.721177],[28.707095,-25.72096],[28.707947,-25.720265],[28.708752,-25.720242],[28.709368,-25.720372],[28.709511,-25.72096],[28.709997,-25.721319],[28.710377,-25.720932],[28.710997,-25.720089],[28.714024,-25.722172],[28.71437,-25.722326],[28.715455,-25.722463]]]}},{"type":"Feature","properties":{"id":"799057001","name":"Atteridgeville SP","commuteMinutes":17.26,"nearestJobCenter":"Pretoria CBD","distanceKm":null,"nearestTransitKm":0.561573519919533},"geometry":{"type":"Polygon","coordinates":[[[28.09962,-25.77555],[28.094784,-25.776634],[28.095415,-25.778738],[28.089801,-25.779871],[28.068239,-25.784224],[28.068068,-25.783394],[28.068129,-25.782558],[28.067976,-25.78199],[28.068041,-25.78161],[28.066595,-25.775291],[28.066126,-25.773195],[28.064428,-25.765804],[28.064756,-25.764996],[28.064329,-25.764902],[28.0641,-25.76469],[28.062025,-25.763889],[28.06035,-25.763447],[28.059858,-25.763403],[28.059725,-25.763556],[28.058363,-25.763105],[28.058271,-25.763313],[28.057512,-25.763647],[28.0571,-25.762798],[28.058767,-25.762211],[28.061956,-25.761135],[28.062662,-25.760996],[28.064089,-25.760954],[28.067049,-25.760965],[28.070543,-25.760933],[28.073298,-25.760941],[28.072977,-25.761789],[28.072714,-25.76355],[28.072756,-25.763788],[28.073454,-25.76354],[28.073378,-25.763399],[28.075491,-25.762606],[28.075937,-25.762405],[28.07601,-25.76255],[28.079058,-25.761395],[28.08042,-25.761],[28.085577,-25.760286],[28.086897,-25.760189],[28.087622,-25.760206],[28.090532,-25.760427],[28.093317,-25.760616],[28.094118,-25.760626],[28.095358,-25.760538],[28.096308,-25.763973],[28.098562,-25.772314],[28.098898,-25.773237],[28.099144,-25.774151],[28.09962,-25.77555]]]}},{"type":"Feature","properties":{"id":"799057002","name":"Atteridgeville Ext 3, 7","commuteMinutes":20.86,"nearestJobCenter":"Pretoria CBD","distanceKm":null,"nearestTransitKm":2.085927614622142},"geometry":{"type":"Polygon","coordinates":[[[28.052305,-25.781082],[28.051294,-25.782093],[28.050249,-25.782774],[28.048217,-25.783602],[28.04521,-25.784821],[28.04405,-25.785323],[28.042522,-25.781743],[28.042102,-25.781032],[28.0415,-25.780224],[28.041576,-25.779957],[28.040574,-25.777591],[28.042455,-25.776827],[28.043469,-25.776351],[28.04353,-25.776255],[28.04547,-25.775307],[28.042647,-25.772914],[28.042727,-25.772825],[28.043846,-25.771762],[28.044088,-25.771754],[28.048151,-25.77515],[28.049631,-25.776836],[28.051207,-25.778151],[28.050133,-25.779254],[28.052305,-25.781082]]]}},{"type":"Feature","properties":{"id":"799057003","name":"Atteridgeville Ext 6, 16, 17","commuteMinutes":22.17,"nearestJobCenter":"Pretoria CBD","distanceKm":null,"nearestTransitKm":2.9355201136133813},"geometry":{"type":"Polygon","coordinates":[[[28.04405,-25.785323],[28.04372,-25.785461],[28.042948,-25.78577],[28.038221,-25.787262],[28.036928,-25.787315],[28.036077,-25.787149],[28.034746,-25.786661],[28.032441,-25.78588],[28.031767,-25.787415],[28.029009,-25.789112],[28.028677,-25.787962],[28.027807,-25.788113],[28.027498,-25.786631],[28.027159,-25.785442],[28.026949,-25.784946],[28.02701,-25.784788],[28.026731,-25.78418],[28.02648,-25.784296],[28.025049,-25.78121],[28.026861,-25.780519],[28.028303,-25.78323],[28.031124,-25.781509],[28.033495,-25.779399],[28.033454,-25.779352],[28.034348,-25.778655],[28.035284,-25.777811],[28.036091,-25.777148],[28.036318,-25.776655],[28.036169,-25.775938],[28.037558,-25.776417],[28.038004,-25.775431],[28.038008,-25.774979],[28.038221,-25.774275],[28.038969,-25.773102],[28.039175,-25.772969],[28.041291,-25.772408],[28.041647,-25.772008],[28.042727,-25.772825],[28.042647,-25.772914],[28.04547,-25.775307],[28.04353,-25.776255],[28.043469,-25.776351],[28.042455,-25.776827],[28.040574,-25.777591],[28.041576,-25.779957],[28.0415,-25.780224],[28.042102,-25.781032],[28.042522,-25.781743],[28.04405,-25.785323]]]}},{"type":"Feature","properties":{"id":"799058001","name":"Saulsville SP","commuteMinutes":19.49,"nearestJobCenter":"Pretoria CBD","distanceKm":null,"nearestTransitKm":1.383973748116816},"geometry":{"type":"Polygon","coordinates":[[[28.067976,-25.78199],[28.064699,-25.782598],[28.063208,-25.78323],[28.061331,-25.783667],[28.060987,-25.784044],[28.059881,-25.785122],[28.059629,-25.78516],[28.058687,-25.784389],[28.056818,-25.782795],[28.056715,-25.783964],[28.055845,-25.783812],[28.054712,-25.782696],[28.053106,-25.781288],[28.052473,-25.780905],[28.052305,-25.781082],[28.050133,-25.779254],[28.051207,-25.778151],[28.049631,-25.776836],[28.048151,-25.77515],[28.044088,-25.771754],[28.043846,-25.771762],[28.042727,-25.772825],[28.041647,-25.772008],[28.037997,-25.767899],[28.039812,-25.767216],[28.042017,-25.765879],[28.042856,-25.765532],[28.044069,-25.765295],[28.044935,-25.765326],[28.047817,-25.765557],[28.048299,-25.765529],[28.049055,-25.765322],[28.05057,-25.764637],[28.0553,-25.76338],[28.0571,-25.762798],[28.057512,-25.763647],[28.058271,-25.763313],[28.058363,-25.763105],[28.059725,-25.763556],[28.059858,-25.763403],[28.06035,-25.763447],[28.062025,-25.763889],[28.0641,-25.76469],[28.064329,-25.764902],[28.064756,-25.764996],[28.064428,-25.765804],[28.066126,-25.773195],[28.066595,-25.775291],[28.068041,-25.78161],[28.067976,-25.78199]]]}},{"type":"Feature","properties":{"id":"799058002","name":"Matejoane","commuteMinutes":21.07,"nearestJobCenter":"Pretoria CBD","distanceKm":null,"nearestTransitKm":2.0619118019442144},"geometry":{"type":"Polygon","coordinates":[[[28.068239,-25.784224],[28.068146,-25.784777],[28.067705,-25.784925],[28.067568,-25.784801],[28.066868,-25.784756],[28.066639,-25.784434],[28.065828,-25.784204],[28.0652,-25.784199],[28.06506,-25.783895],[28.0642,-25.783914],[28.063856,-25.784027],[28.063276,-25.78446],[28.062265,-25.785001],[28.061594,-25.785038],[28.061312,-25.784772],[28.06155,-25.784671],[28.061377,-25.784316],[28.060987,-25.784044],[28.061331,-25.783667],[28.063208,-25.78323],[28.064699,-25.782598],[28.067976,-25.78199],[28.068129,-25.782558],[28.068068,-25.783394],[28.068239,-25.784224]]]}},{"type":"Feature","properties":{"id":"799058003","name":"Jeffersville","commuteMinutes":22.26,"nearestJobCenter":"Pretoria CBD","distanceKm":null,"nearestTransitKm":2.512356826069083},"geometry":{"type":"Polygon","coordinates":[[[28.060987,-25.784044],[28.061377,-25.784316],[28.06155,-25.784671],[28.061312,-25.784772],[28.061117,-25.785178],[28.061507,-25.785215],[28.061716,-25.785405],[28.061277,-25.785816],[28.061369,-25.786129],[28.060781,-25.786472],[28.060976,-25.786644],[28.061209,-25.787474],[28.061655,-25.787815],[28.061449,-25.788149],[28.061464,-25.789106],[28.060759,-25.78924],[28.059965,-25.789057],[28.058977,-25.789057],[28.058626,-25.788807],[28.058245,-25.788815],[28.057837,-25.78924],[28.057344,-25.789364],[28.056494,-25.78923],[28.056231,-25.789368],[28.055334,-25.789429],[28.05456,-25.789303],[28.053949,-25.789125],[28.053802,-25.78854],[28.053445,-25.78759],[28.052768,-25.787132],[28.052476,-25.786732],[28.051381,-25.787015],[28.05071,-25.787291],[28.050489,-25.786946],[28.050805,-25.786782],[28.050239,-25.785868],[28.049893,-25.786015],[28.049092,-25.784691],[28.048217,-25.783602],[28.050249,-25.782774],[28.051294,-25.782093],[28.052305,-25.781082],[28.052473,-25.780905],[28.053106,-25.781288],[28.054712,-25.782696],[28.055845,-25.783812],[28.056715,-25.783964],[28.056818,-25.782795],[28.058687,-25.784389],[28.059629,-25.78516],[28.059881,-25.785122],[28.060987,-25.784044]]]}},{"type":"Feature","properties":{"id":"799058004","name":"Phumolong","commuteMinutes":23.29,"nearestJobCenter":"Pretoria CBD","distanceKm":null,"nearestTransitKm":3.065191514041274},"geometry":{"type":"Polygon","coordinates":[[[28.053949,-25.789125],[28.052523,-25.790285],[28.051813,-25.790327],[28.050795,-25.790649],[28.050413,-25.79031],[28.049395,-25.790459],[28.048878,-25.790646],[28.048828,-25.7909],[28.048423,-25.791095],[28.048618,-25.791391],[28.048259,-25.791586],[28.047799,-25.792038],[28.046582,-25.792545],[28.046075,-25.792958],[28.04595,-25.79346],[28.04494,-25.79384],[28.04528,-25.79455],[28.044173,-25.79504],[28.043729,-25.794281],[28.043577,-25.794317],[28.043153,-25.7941],[28.042551,-25.793119],[28.042233,-25.792336],[28.041812,-25.79095],[28.041571,-25.790579],[28.042886,-25.790049],[28.043043,-25.790341],[28.043735,-25.790017],[28.044361,-25.789604],[28.043733,-25.78857],[28.043652,-25.788126],[28.044617,-25.787912],[28.044401,-25.787293],[28.04383,-25.785961],[28.044046,-25.78586],[28.043983,-25.785595],[28.04372,-25.785461],[28.04405,-25.785323],[28.04521,-25.784821],[28.048217,-25.783602],[28.049092,-25.784691],[28.049893,-25.786015],[28.050239,-25.785868],[28.050805,-25.786782],[28.050489,-25.786946],[28.05071,-25.787291],[28.051381,-25.787015],[28.052476,-25.786732],[28.052768,-25.787132],[28.053445,-25.78759],[28.053802,-25.78854],[28.053949,-25.789125]]]}},{"type":"Feature","properties":{"id":"799058005","name":"Vergenoeg","commuteMinutes":25.11,"nearestJobCenter":"Pretoria CBD","distanceKm":null,"nearestTransitKm":3.9572918987964},"geometry":{"type":"Polygon","coordinates":[[[28.043577,-25.794317],[28.04131,-25.79561],[28.03963,-25.79613],[28.03969,-25.796305],[28.03934,-25.79642],[28.039417,-25.796659],[28.03867,-25.79688],[28.03866,-25.797],[28.038113,-25.79716],[28.03791,-25.7966],[28.037669,-25.796406],[28.037435,-25.795886],[28.036589,-25.795856],[28.03525,-25.796726],[28.034773,-25.796909],[28.034258,-25.796709],[28.03406,-25.796804],[28.034399,-25.797144],[28.03393,-25.797604],[28.033903,-25.798168],[28.032946,-25.798813],[28.03253,-25.799368],[28.032862,-25.799673],[28.031679,-25.800098],[28.030321,-25.800394],[28.029879,-25.799568],[28.02952,-25.799368],[28.029131,-25.798864],[28.028662,-25.798517],[28.027975,-25.798473],[28.027365,-25.798265],[28.026548,-25.798334],[28.026011,-25.798126],[28.025942,-25.798464],[28.025496,-25.798759],[28.024809,-25.798725],[28.024454,-25.798307],[28.023393,-25.798278],[28.022211,-25.798561],[28.021681,-25.798752],[28.021177,-25.797892],[28.020742,-25.796909],[28.020613,-25.796135],[28.020342,-25.7953],[28.020212,-25.794039],[28.019861,-25.792825],[28.018236,-25.793283],[28.017847,-25.791431],[28.020058,-25.791335],[28.020755,-25.791271],[28.025155,-25.790964],[28.025709,-25.790867],[28.026926,-25.790361],[28.029009,-25.789112],[28.031767,-25.787415],[28.032441,-25.78588],[28.034746,-25.786661],[28.036077,-25.787149],[28.036928,-25.787315],[28.038221,-25.787262],[28.042948,-25.78577],[28.04372,-25.785461],[28.043983,-25.785595],[28.044046,-25.78586],[28.04383,-25.785961],[28.044401,-25.787293],[28.044617,-25.787912],[28.043652,-25.788126],[28.043733,-25.78857],[28.044361,-25.789604],[28.043735,-25.790017],[28.043043,-25.790341],[28.042886,-25.790049],[28.041571,-25.790579],[28.041812,-25.79095],[28.042233,-25.792336],[28.042551,-25.793119],[28.043153,-25.7941],[28.043577,-25.794317]]]}},{"type":"Feature","properties":{"id":"799058006","name":"Siahlala","commuteMinutes":25.39,"nearestJobCenter":"Pretoria CBD","distanceKm":null,"nearestTransitKm":4.447022384832417},"geometry":{"type":"Polygon","coordinates":[[[28.029009,-25.789112],[28.026926,-25.790361],[28.025709,-25.790867],[28.025155,-25.790964],[28.020755,-25.791271],[28.020058,-25.791335],[28.020124,-25.790588],[28.020056,-25.789537],[28.020056,-25.788614],[28.020254,-25.787849],[28.021395,-25.787945],[28.023046,-25.78772],[28.024009,-25.787276],[28.023847,-25.786826],[28.023252,-25.786371],[28.023149,-25.786156],[28.024652,-25.785233],[28.02648,-25.784296],[28.026731,-25.78418],[28.02701,-25.784788],[28.026949,-25.784946],[28.027159,-25.785442],[28.027498,-25.786631],[28.027807,-25.788113],[28.028677,-25.787962],[28.029009,-25.789112]]]}},{"type":"Feature","properties":{"id":"799059001","name":"Laudium Ext 2","commuteMinutes":15.95,"nearestJobCenter":"Pretoria CBD","distanceKm":null,"nearestTransitKm":1.6176344274195744},"geometry":{"type":"Polygon","coordinates":[[[28.09962,-25.77555],[28.100254,-25.778528],[28.104251,-25.777967],[28.105443,-25.777406],[28.1093,-25.776143],[28.11463,-25.777537],[28.114313,-25.778265],[28.114233,-25.778849],[28.114248,-25.779751],[28.114443,-25.780441],[28.114237,-25.780556],[28.113977,-25.781088],[28.114334,-25.781947],[28.11433,-25.782568],[28.114076,-25.783327],[28.113769,-25.783805],[28.113064,-25.78441],[28.11223,-25.784803],[28.112036,-25.784983],[28.111124,-25.785461],[28.110815,-25.785702],[28.11014,-25.786457],[28.109854,-25.786058],[28.109078,-25.784977],[28.109016,-25.784355],[28.10866,-25.78439],[28.107655,-25.782982],[28.106177,-25.783168],[28.10209,-25.783638],[28.098218,-25.784101],[28.096197,-25.784324],[28.089477,-25.785131],[28.08948,-25.784766],[28.089661,-25.782957],[28.089602,-25.782772],[28.089739,-25.781496],[28.089801,-25.779871],[28.095415,-25.778738],[28.094784,-25.776634],[28.09962,-25.77555]]]}},{"type":"Feature","properties":{"id":"799059002","name":"Laudium Ext 3","commuteMinutes":22.07,"nearestJobCenter":"Pretoria CBD","distanceKm":null,"nearestTransitKm":2.4432816607082732},"geometry":{"type":"Polygon","coordinates":[[[28.089477,-25.785131],[28.089331,-25.785149],[28.088583,-25.785242],[28.085939,-25.785759],[28.082796,-25.786137],[28.080159,-25.786592],[28.077467,-25.786912],[28.076979,-25.786905],[28.074591,-25.787205],[28.06771,-25.788024],[28.067686,-25.787525],[28.067705,-25.784925],[28.068146,-25.784777],[28.068239,-25.784224],[28.089801,-25.779871],[28.089739,-25.781496],[28.089602,-25.782772],[28.089661,-25.782957],[28.08948,-25.784766],[28.089477,-25.785131]]]}},{"type":"Feature","properties":{"id":"799059003","name":"Laudium SP","commuteMinutes":16.69,"nearestJobCenter":"Pretoria CBD","distanceKm":null,"nearestTransitKm":2.594164034746683},"geometry":{"type":"Polygon","coordinates":[[[28.109854,-25.786058],[28.10958,-25.78691],[28.109464,-25.786952],[28.109365,-25.787601],[28.109388,-25.788866],[28.109476,-25.789246],[28.108919,-25.789499],[28.107528,-25.790366],[28.107883,-25.792811],[28.107929,-25.792857],[28.105974,-25.796692],[28.105776,-25.797186],[28.103872,-25.796421],[28.097013,-25.79718],[28.096798,-25.798074],[28.096613,-25.80036],[28.096441,-25.802336],[28.094099,-25.802141],[28.09247,-25.802032],[28.092585,-25.800278],[28.09268,-25.799465],[28.087969,-25.799139],[28.088346,-25.796064],[28.08861,-25.792738],[28.089331,-25.785149],[28.089477,-25.785131],[28.096197,-25.784324],[28.098218,-25.784101],[28.10209,-25.783638],[28.106177,-25.783168],[28.107655,-25.782982],[28.10866,-25.78439],[28.109016,-25.784355],[28.109078,-25.784977],[28.109854,-25.786058]]]}},{"type":"Feature","properties":{"id":"799060001","name":"Claudius","commuteMinutes":14.82,"nearestJobCenter":"Pretoria CBD","distanceKm":null,"nearestTransitKm":2.6933039021518916},"geometry":{"type":"Polygon","coordinates":[[[28.116835,-25.797386],[28.115385,-25.796805],[28.114581,-25.797253],[28.114473,-25.797956],[28.114334,-25.798304],[28.11377,-25.798745],[28.112974,-25.798621],[28.112502,-25.798814],[28.111969,-25.79985],[28.110293,-25.799131],[28.108747,-25.798343],[28.106991,-25.797684],[28.105776,-25.797186],[28.105974,-25.796692],[28.107929,-25.792857],[28.107883,-25.792811],[28.107528,-25.790366],[28.108919,-25.789499],[28.109476,-25.789246],[28.109388,-25.788866],[28.109365,-25.787601],[28.109464,-25.786952],[28.10958,-25.78691],[28.109854,-25.786058],[28.11014,-25.786457],[28.111704,-25.788563],[28.113249,-25.79073],[28.113985,-25.79167],[28.115721,-25.794079],[28.116308,-25.794821],[28.11762,-25.796638],[28.117506,-25.796926],[28.116835,-25.797386]]]}},{"type":"Feature","properties":{"id":"799060002","name":"Centurion SP3","commuteMinutes":31.38,"nearestJobCenter":"Centurion","distanceKm":null,"nearestTransitKm":7.578966800077024},"geometry":{"type":"Polygon","coordinates":[[[28.032862,-25.799673],[28.033762,-25.803093],[28.032376,-25.805305],[28.0428,-25.811709],[28.046442,-25.813957],[28.049112,-25.815352],[28.048965,-25.815462],[28.049416,-25.815751],[28.051755,-25.814307],[28.061075,-25.817586],[28.062471,-25.81801],[28.062641,-25.818389],[28.063016,-25.818041],[28.06355,-25.817764],[28.06594,-25.813162],[28.068192,-25.813952],[28.070029,-25.814367],[28.07076,-25.814446],[28.084493,-25.814544],[28.084455,-25.819767],[28.084543,-25.820101],[28.084807,-25.820283],[28.085952,-25.819378],[28.087197,-25.818693],[28.088348,-25.819605],[28.090099,-25.82041],[28.090691,-25.820576],[28.09183,-25.820783],[28.092981,-25.820916],[28.093361,-25.820463],[28.094745,-25.821162],[28.096296,-25.821547],[28.096804,-25.821569],[28.098055,-25.819679],[28.098978,-25.814606],[28.099237,-25.813972],[28.101442,-25.811563],[28.101904,-25.811026],[28.102713,-25.809807],[28.102888,-25.809462],[28.102526,-25.809168],[28.100626,-25.808182],[28.098288,-25.809042],[28.098108,-25.808298],[28.098192,-25.807817],[28.098524,-25.807289],[28.098516,-25.804993],[28.098776,-25.800072],[28.096613,-25.80036],[28.096798,-25.798074],[28.097013,-25.79718],[28.103872,-25.796421],[28.105776,-25.797186],[28.106991,-25.797684],[28.108747,-25.798343],[28.110293,-25.799131],[28.111969,-25.79985],[28.112502,-25.798814],[28.112974,-25.798621],[28.11377,-25.798745],[28.114334,-25.798304],[28.114473,-25.797956],[28.114581,-25.797253],[28.115385,-25.796805],[28.116835,-25.797386],[28.118631,-25.798126],[28.118887,-25.798326],[28.119429,-25.799067],[28.120386,-25.799677],[28.120489,-25.799452],[28.121172,-25.799337],[28.122316,-25.800404],[28.12285,-25.800673],[28.124193,-25.800993],[28.126757,-25.801064],[28.127916,-25.801216],[28.128992,-25.801441],[28.129477,-25.801702],[28.128534,-25.802708],[28.123077,-25.808842],[28.121537,-25.810587],[28.116571,-25.816156],[28.116197,-25.816549],[28.116564,-25.821526],[28.116816,-25.824615],[28.116903,-25.825975],[28.116842,-25.826784],[28.116461,-25.827955],[28.115499,-25.829742],[28.113981,-25.832502],[28.112711,-25.834759],[28.112192,-25.835783],[28.109851,-25.840056],[28.109693,-25.839728],[28.109574,-25.838918],[28.109336,-25.838703],[28.108216,-25.838084],[28.10805,-25.83756],[28.108359,-25.836178],[28.108455,-25.835082],[28.108026,-25.834272],[28.107097,-25.832914],[28.103333,-25.832271],[28.099005,-25.831646],[28.09963,-25.832989],[28.100332,-25.834677],[28.103328,-25.841049],[28.098892,-25.841853],[28.100606,-25.8433],[28.102686,-25.845096],[28.105495,-25.847403],[28.102407,-25.850105],[28.095911,-25.856091],[28.097116,-25.858477],[28.09688,-25.858508],[28.098793,-25.862641],[28.100316,-25.864484],[28.098881,-25.865091],[28.098881,-25.865982],[28.099286,-25.867003],[28.098751,-25.870731],[28.098573,-25.871849],[28.098006,-25.871866],[28.096726,-25.872011],[28.09628,-25.872332],[28.091972,-25.87467],[28.084792,-25.878609],[28.083736,-25.879198],[28.083506,-25.878342],[28.081877,-25.872013],[28.079653,-25.874641],[28.077391,-25.876987],[28.076769,-25.876532],[28.073276,-25.873752],[28.072283,-25.874754],[28.071314,-25.875793],[28.068098,-25.874968],[28.067984,-25.875017],[28.06922,-25.877213],[28.070154,-25.878952],[28.069433,-25.879093],[28.069433,-25.879185],[28.06716,-25.879639],[28.066694,-25.879829],[28.06383,-25.880421],[28.063496,-25.879111],[28.058681,-25.880082],[28.0586,-25.880527],[28.055687,-25.881175],[28.055605,-25.882133],[28.055372,-25.883694],[28.054785,-25.888355],[28.05501,-25.889202],[28.055937,-25.888786],[28.064581,-25.88571],[28.066496,-25.885035],[28.066633,-25.885251],[28.067519,-25.887585],[28.06553,-25.888277],[28.065603,-25.889397],[28.065332,-25.890812],[28.06435,-25.894406],[28.063364,-25.897976],[28.063219,-25.898382],[28.062773,-25.899193],[28.062189,-25.899849],[28.061808,-25.900173],[28.060488,-25.90107],[28.06011,-25.901415],[28.059702,-25.901981],[28.059164,-25.902946],[28.056067,-25.903311],[28.047934,-25.904337],[28.046801,-25.904461],[28.044149,-25.904991],[28.040861,-25.905962],[28.039553,-25.906511],[28.033773,-25.909304],[28.030485,-25.911179],[28.030041,-25.911325],[28.029905,-25.911102],[28.029047,-25.906013],[28.031618,-25.904236],[28.028742,-25.900835],[28.028402,-25.900848],[28.028109,-25.898775],[28.027643,-25.895775],[28.0273,-25.895681],[28.027384,-25.891253],[28.027472,-25.887857],[28.024908,-25.887281],[28.024126,-25.887016],[28.023119,-25.886198],[28.022814,-25.886274],[28.018377,-25.888655],[28.017519,-25.889093],[28.016459,-25.889715],[28.015654,-25.889832],[28.013372,-25.890076],[28.010408,-25.890467],[28.006086,-25.890917],[28.005831,-25.890978],[28.003199,-25.891272],[28.001814,-25.891399],[28.001184,-25.891518],[28.00139,-25.892673],[28.001875,-25.894722],[28.002157,-25.896378],[28.002378,-25.897366],[28.001688,-25.897594],[27.998541,-25.898497],[27.998751,-25.898773],[28.003321,-25.90336],[28.003641,-25.903709],[28.005011,-25.905012],[28.005472,-25.905579],[28.006632,-25.906712],[28.007402,-25.907412],[28.007479,-25.907621],[28.009573,-25.90914],[28.009668,-25.90929],[28.009687,-25.910015],[28.009787,-25.9102],[28.010805,-25.910931],[28.011362,-25.913414],[28.011816,-25.91567],[28.012514,-25.91897],[28.012701,-25.919664],[28.012476,-25.920582],[28.00802,-25.923],[28.004471,-25.92494],[27.996929,-25.929029],[27.991739,-25.93187],[27.98786,-25.93401],[27.9863,-25.92152],[27.98592,-25.9184],[27.98514,-25.91217],[27.98476,-25.90906],[27.98398,-25.90283],[27.981135,-25.880171],[27.979554,-25.86744],[27.969443,-25.87154],[27.952007,-25.840614],[27.947567,-25.832715],[27.94013,-25.81967],[27.95303,-25.81727],[27.960171,-25.81599],[27.976221,-25.813175],[27.98311,-25.811867],[27.986681,-25.807751],[27.98995,-25.805859],[27.992224,-25.806738],[27.998186,-25.809071],[27.998755,-25.803514],[27.999657,-25.795341],[27.999919,-25.795355],[28.000667,-25.794512],[28.001439,-25.793962],[28.002546,-25.79354],[28.003405,-25.793564],[28.003724,-25.793724],[28.003947,-25.794034],[28.004361,-25.794305],[28.005324,-25.794281],[28.00616,-25.794018],[28.006717,-25.793724],[28.007274,-25.793294],[28.007616,-25.793214],[28.008842,-25.793294],[28.009893,-25.793039],[28.011039,-25.792498],[28.012735,-25.79194],[28.013706,-25.791733],[28.016962,-25.791527],[28.017847,-25.791431],[28.018236,-25.793283],[28.019861,-25.792825],[28.020212,-25.794039],[28.020342,-25.7953],[28.020613,-25.796135],[28.020742,-25.796909],[28.021177,-25.797892],[28.021681,-25.798752],[28.022211,-25.798561],[28.023393,-25.798278],[28.024454,-25.798307],[28.024809,-25.798725],[28.025496,-25.798759],[28.025942,-25.798464],[28.026011,-25.798126],[28.026548,-25.798334],[28.027365,-25.798265],[28.027975,-25.798473],[28.028662,-25.798517],[28.029131,-25.798864],[28.02952,-25.799368],[28.029879,-25.799568],[28.030321,-25.800394],[28.031679,-25.800098],[28.032862,-25.799673]],[[28.015413,-25.85767],[28.015436,-25.857847],[28.02022,-25.857414],[28.027834,-25.856741],[28.036154,-25.856014],[28.036837,-25.855898],[28.041162,-25.855547],[28.042521,-25.855406],[28.042372,-25.853781],[28.042036,-25.850594],[28.04191,-25.850082],[28.039103,-25.850367],[28.039012,-25.850327],[28.039792,-25.848462],[28.041221,-25.845189],[28.041261,-25.844935],[28.040238,-25.844946],[28.037714,-25.845047],[28.03511,-25.841115],[28.034766,-25.840664],[28.034021,-25.840784],[28.032511,-25.841265],[28.028852,-25.842928],[28.025015,-25.844704],[28.019636,-25.84717],[28.018442,-25.847902],[28.017336,-25.848358],[28.016649,-25.848444],[28.016218,-25.852243],[28.015841,-25.854969],[28.015413,-25.85767]],[[28.091442,-25.842208],[28.091083,-25.841319],[28.090926,-25.841175],[28.090567,-25.8413],[28.089783,-25.84183],[28.090223,-25.842653],[28.088932,-25.842973],[28.088468,-25.843432],[28.088057,-25.843174],[28.08745,-25.844096],[28.08778,-25.844316],[28.086269,-25.846281],[28.086112,-25.846711],[28.08603,-25.847457],[28.085935,-25.847595],[28.086411,-25.848511],[28.086672,-25.848712],[28.086543,-25.84886],[28.086661,-25.849522],[28.087402,-25.849747],[28.088612,-25.849579],[28.090562,-25.850096],[28.090481,-25.850492],[28.090744,-25.850617],[28.091155,-25.850445],[28.091566,-25.850119],[28.09246,-25.850081],[28.093182,-25.850449],[28.094377,-25.849168],[28.095567,-25.848418],[28.095687,-25.848265],[28.095175,-25.848093],[28.095692,-25.847768],[28.095933,-25.847349],[28.096422,-25.847522],[28.097401,-25.847444],[28.098056,-25.847516],[28.098645,-25.847374],[28.099149,-25.847082],[28.098817,-25.846464],[28.098316,-25.846153],[28.097847,-25.846118],[28.097538,-25.845392],[28.097258,-25.84527],[28.09701,-25.844719],[28.096124,-25.8436],[28.09571,-25.843278],[28.093793,-25.842828],[28.093589,-25.842484],[28.093175,-25.842169],[28.091547,-25.842414],[28.091442,-25.842208]],[[28.046671,-25.865936],[28.040238,-25.872447],[28.038532,-25.874127],[28.036995,-25.875703],[28.035628,-25.878359],[28.036227,-25.879909],[28.037647,-25.883776],[28.038832,-25.885208],[28.04365,-25.886315],[28.046645,-25.88418],[28.049028,-25.882396],[28.056198,-25.877089],[28.056307,-25.876707],[28.056597,-25.873451],[28.056829,-25.871975],[28.057032,-25.869789],[28.056173,-25.868437],[28.054869,-25.867859],[28.053614,-25.867399],[28.051683,-25.866899],[28.048233,-25.866106],[28.046996,-25.865897],[28.046671,-25.865936]]]}},{"type":"Feature","properties":{"id":"799060003","name":"Schurwe Plaas Mine","commuteMinutes":23.81,"nearestJobCenter":"Pretoria CBD","distanceKm":null,"nearestTransitKm":3.1076545093948513},"geometry":{"type":"Polygon","coordinates":[[[28.067705,-25.784925],[28.067686,-25.787525],[28.06771,-25.788024],[28.074591,-25.787205],[28.076979,-25.786905],[28.077467,-25.786912],[28.080159,-25.786592],[28.082796,-25.786137],[28.085939,-25.785759],[28.088583,-25.785242],[28.089331,-25.785149],[28.08861,-25.792738],[28.088346,-25.796064],[28.087969,-25.799139],[28.087267,-25.806231],[28.086823,-25.810572],[28.087302,-25.810572],[28.087302,-25.811248],[28.084647,-25.811248],[28.084505,-25.811396],[28.084493,-25.814544],[28.07076,-25.814446],[28.070029,-25.814367],[28.068192,-25.813952],[28.06594,-25.813162],[28.06355,-25.817764],[28.063016,-25.818041],[28.062641,-25.818389],[28.062471,-25.81801],[28.061075,-25.817586],[28.051755,-25.814307],[28.049416,-25.815751],[28.048965,-25.815462],[28.049112,-25.815352],[28.046442,-25.813957],[28.0428,-25.811709],[28.032376,-25.805305],[28.033762,-25.803093],[28.032862,-25.799673],[28.03253,-25.799368],[28.032946,-25.798813],[28.033903,-25.798168],[28.03393,-25.797604],[28.034399,-25.797144],[28.03406,-25.796804],[28.034258,-25.796709],[28.034773,-25.796909],[28.03525,-25.796726],[28.036589,-25.795856],[28.037435,-25.795886],[28.037669,-25.796406],[28.03791,-25.7966],[28.038113,-25.79716],[28.03866,-25.797],[28.03867,-25.79688],[28.039417,-25.796659],[28.03934,-25.79642],[28.03969,-25.796305],[28.03963,-25.79613],[28.04131,-25.79561],[28.043577,-25.794317],[28.043729,-25.794281],[28.044173,-25.79504],[28.04528,-25.79455],[28.04494,-25.79384],[28.04595,-25.79346],[28.046075,-25.792958],[28.046582,-25.792545],[28.047799,-25.792038],[28.048259,-25.791586],[28.048618,-25.791391],[28.048423,-25.791095],[28.048828,-25.7909],[28.048878,-25.790646],[28.049395,-25.790459],[28.050413,-25.79031],[28.050795,-25.790649],[28.051813,-25.790327],[28.052523,-25.790285],[28.053949,-25.789125],[28.05456,-25.789303],[28.055334,-25.789429],[28.056231,-25.789368],[28.056494,-25.78923],[28.057344,-25.789364],[28.057837,-25.78924],[28.058245,-25.788815],[28.058626,-25.788807],[28.058977,-25.789057],[28.059965,-25.789057],[28.060759,-25.78924],[28.061464,-25.789106],[28.061449,-25.788149],[28.061655,-25.787815],[28.061209,-25.787474],[28.060976,-25.786644],[28.060781,-25.786472],[28.061369,-25.786129],[28.061277,-25.785816],[28.061716,-25.785405],[28.061507,-25.785215],[28.061117,-25.785178],[28.061312,-25.784772],[28.061594,-25.785038],[28.062265,-25.785001],[28.063276,-25.78446],[28.063856,-25.784027],[28.0642,-25.783914],[28.06506,-25.783895],[28.0652,-25.784199],[28.065828,-25.784204],[28.066639,-25.784434],[28.066868,-25.784756],[28.067568,-25.784801],[28.067705,-25.784925]]]}},{"type":"Feature","properties":{"id":"799060004","name":"Erasmia","commuteMinutes":18.02,"nearestJobCenter":"Pretoria CBD","distanceKm":null,"nearestTransitKm":5.049952491582877},"geometry":{"type":"Polygon","coordinates":[[[28.096613,-25.80036],[28.098776,-25.800072],[28.098516,-25.804993],[28.098524,-25.807289],[28.098192,-25.807817],[28.098108,-25.808298],[28.098288,-25.809042],[28.100626,-25.808182],[28.102526,-25.809168],[28.102888,-25.809462],[28.102713,-25.809807],[28.101904,-25.811026],[28.101442,-25.811563],[28.099237,-25.813972],[28.098978,-25.814606],[28.098055,-25.819679],[28.096804,-25.821569],[28.096296,-25.821547],[28.094745,-25.821162],[28.093361,-25.820463],[28.092981,-25.820916],[28.09183,-25.820783],[28.090691,-25.820576],[28.090099,-25.82041],[28.088348,-25.819605],[28.087197,-25.818693],[28.085952,-25.819378],[28.084807,-25.820283],[28.084543,-25.820101],[28.084455,-25.819767],[28.084493,-25.814544],[28.084505,-25.811396],[28.084647,-25.811248],[28.087302,-25.811248],[28.087302,-25.810572],[28.086823,-25.810572],[28.087267,-25.806231],[28.087969,-25.799139],[28.09268,-25.799465],[28.092585,-25.800278],[28.09247,-25.802032],[28.094099,-25.802141],[28.096441,-25.802336],[28.096613,-25.80036]]]}},{"type":"Feature","properties":{"id":"799060005","name":"Zwartkop SANDF","commuteMinutes":12.91,"nearestJobCenter":"Centurion","distanceKm":null,"nearestTransitKm":0.5204522955446702},"geometry":{"type":"Polygon","coordinates":[[[28.20109,-25.811274],[28.199699,-25.810741],[28.198351,-25.810171],[28.198237,-25.810292],[28.197586,-25.812258],[28.196721,-25.814713],[28.195848,-25.817028],[28.194973,-25.819507],[28.19457,-25.820115],[28.19407,-25.82117],[28.193873,-25.824516],[28.193685,-25.826725],[28.193962,-25.826886],[28.193851,-25.828359],[28.189865,-25.828932],[28.185531,-25.829517],[28.183489,-25.829721],[28.182213,-25.818307],[28.180737,-25.805534],[28.180397,-25.799496],[28.180605,-25.797975],[28.180896,-25.796988],[28.181327,-25.795937],[28.181884,-25.794937],[28.182339,-25.79424],[28.183226,-25.793189],[28.184087,-25.792341],[28.18472,-25.791822],[28.188247,-25.789218],[28.189601,-25.787784],[28.190298,-25.78588],[28.190794,-25.784312],[28.191022,-25.782877],[28.191312,-25.781504],[28.192558,-25.781454],[28.19338,-25.781436],[28.193443,-25.782186],[28.193628,-25.782999],[28.194336,-25.785451],[28.19536,-25.788155],[28.196121,-25.790076],[28.196415,-25.791184],[28.196492,-25.792259],[28.196415,-25.794765],[28.196537,-25.796339],[28.196892,-25.798302],[28.19718,-25.799222],[28.199109,-25.804754],[28.199785,-25.806727],[28.200195,-25.808036],[28.20109,-25.811274]]]}},{"type":"Feature","properties":{"id":"799060006","name":"Kloofzicht","commuteMinutes":10.03,"nearestJobCenter":"Centurion","distanceKm":null,"nearestTransitKm":0.4762222000558432},"geometry":{"type":"Polygon","coordinates":[[[28.20109,-25.811274],[28.202536,-25.810558],[28.206724,-25.808207],[28.206795,-25.80837],[28.20751,-25.810083],[28.207649,-25.81014],[28.208362,-25.811864],[28.208176,-25.811967],[28.207197,-25.812485],[28.20384,-25.814388],[28.202879,-25.814913],[28.202417,-25.815063],[28.20109,-25.811274]]]}},{"type":"Feature","properties":{"id":"799060007","name":"Waterkloof Air Force Base","commuteMinutes":15.87,"nearestJobCenter":"Menlyn","distanceKm":null,"nearestTransitKm":1.8138665326466599},"geometry":{"type":"Polygon","coordinates":[[[28.234453,-25.814285],[28.236802,-25.817417],[28.238635,-25.820179],[28.240976,-25.824446],[28.240046,-25.824539],[28.235571,-25.824911],[28.235525,-25.82485],[28.234388,-25.824907],[28.233923,-25.825043],[28.233263,-25.825104],[28.233751,-25.826809],[28.23382,-25.827181],[28.234438,-25.82939],[28.23472,-25.829885],[28.234884,-25.835133],[28.234934,-25.835722],[28.23525,-25.836174],[28.234892,-25.836493],[28.2349,-25.837269],[28.234804,-25.837791],[28.233664,-25.838776],[28.230566,-25.842045],[28.229506,-25.843124],[28.228376,-25.843999],[28.225552,-25.846862],[28.223465,-25.849006],[28.220497,-25.841699],[28.219507,-25.839233],[28.218519,-25.836872],[28.216711,-25.832449],[28.214743,-25.827869],[28.213976,-25.82585],[28.213491,-25.82477],[28.211822,-25.820611],[28.209801,-25.815707],[28.209726,-25.815273],[28.209318,-25.814699],[28.208176,-25.811967],[28.208362,-25.811864],[28.207649,-25.81014],[28.20751,-25.810083],[28.206795,-25.80837],[28.209181,-25.807066],[28.211412,-25.805784],[28.213612,-25.804578],[28.215176,-25.803687],[28.21616,-25.802853],[28.217992,-25.801885],[28.218391,-25.801895],[28.218947,-25.801584],[28.220472,-25.805285],[28.223969,-25.813885],[28.22403,-25.814317],[28.224741,-25.814581],[28.225851,-25.814754],[28.226347,-25.81476],[28.229177,-25.814594],[28.230185,-25.81451],[28.234453,-25.814285]]]}},{"type":"Feature","properties":{"id":"799060008","name":"Lyttelton","commuteMinutes":4.97,"nearestJobCenter":"Centurion","distanceKm":null,"nearestTransitKm":0.34220940524465976},"geometry":{"type":"Polygon","coordinates":[[[28.208176,-25.811967],[28.209318,-25.814699],[28.209726,-25.815273],[28.209801,-25.815707],[28.211822,-25.820611],[28.213491,-25.82477],[28.213976,-25.82585],[28.214743,-25.827869],[28.216711,-25.832449],[28.218519,-25.836872],[28.219507,-25.839233],[28.220497,-25.841699],[28.223465,-25.849006],[28.22377,-25.84998],[28.221459,-25.849945],[28.222636,-25.852982],[28.222918,-25.854312],[28.223012,-25.855476],[28.222986,-25.857023],[28.222849,-25.85714],[28.220888,-25.858452],[28.220095,-25.858824],[28.21876,-25.855585],[28.218,-25.85391],[28.217203,-25.852032],[28.216406,-25.849895],[28.215803,-25.849941],[28.2078,-25.849821],[28.207647,-25.849918],[28.206728,-25.851114],[28.205133,-25.849922],[28.205019,-25.849743],[28.200762,-25.846565],[28.202715,-25.844444],[28.203241,-25.844032],[28.202986,-25.843475],[28.198542,-25.834633],[28.197363,-25.832355],[28.196867,-25.831299],[28.195589,-25.828732],[28.195311,-25.828894],[28.195143,-25.828762],[28.19383,-25.82847],[28.193851,-25.828359],[28.193962,-25.826886],[28.193685,-25.826725],[28.193873,-25.824516],[28.19407,-25.82117],[28.19457,-25.820115],[28.194973,-25.819507],[28.195848,-25.817028],[28.196721,-25.814713],[28.197586,-25.812258],[28.198237,-25.810292],[28.198351,-25.810171],[28.199699,-25.810741],[28.20109,-25.811274],[28.202417,-25.815063],[28.202879,-25.814913],[28.20384,-25.814388],[28.207197,-25.812485],[28.208176,-25.811967]]]}},{"type":"Feature","properties":{"id":"799060009","name":"Pierre van Ryneveld","commuteMinutes":10.7,"nearestJobCenter":"Centurion","distanceKm":null,"nearestTransitKm":1.8350225076363893},"geometry":{"type":"Polygon","coordinates":[[[28.240976,-25.824446],[28.243555,-25.829184],[28.244184,-25.830307],[28.246973,-25.835505],[28.247564,-25.836735],[28.24835,-25.836584],[28.249121,-25.837599],[28.249361,-25.838158],[28.249651,-25.838068],[28.25036,-25.839279],[28.250605,-25.839251],[28.250677,-25.839865],[28.250887,-25.840469],[28.251524,-25.84161],[28.253378,-25.84479],[28.254508,-25.846765],[28.255114,-25.847885],[28.255407,-25.848627],[28.255903,-25.850431],[28.255678,-25.850454],[28.251152,-25.850395],[28.246965,-25.850325],[28.246912,-25.850115],[28.245916,-25.850315],[28.238134,-25.850191],[28.236921,-25.85018],[28.237181,-25.850769],[28.238928,-25.856125],[28.238887,-25.856301],[28.237749,-25.856413],[28.236589,-25.856619],[28.236147,-25.85664],[28.234457,-25.857044],[28.230585,-25.850079],[28.230536,-25.846989],[28.230181,-25.84701],[28.229387,-25.846886],[28.227786,-25.850995],[28.227338,-25.851929],[28.226795,-25.852882],[28.225871,-25.854207],[28.224852,-25.855369],[28.224099,-25.856074],[28.222986,-25.857023],[28.223012,-25.855476],[28.222918,-25.854312],[28.222636,-25.852982],[28.221459,-25.849945],[28.22377,-25.84998],[28.223465,-25.849006],[28.225552,-25.846862],[28.228376,-25.843999],[28.229506,-25.843124],[28.230566,-25.842045],[28.233664,-25.838776],[28.234804,-25.837791],[28.2349,-25.837269],[28.234892,-25.836493],[28.23525,-25.836174],[28.234934,-25.835722],[28.234884,-25.835133],[28.23472,-25.829885],[28.234438,-25.82939],[28.23382,-25.827181],[28.233751,-25.826809],[28.233263,-25.825104],[28.233923,-25.825043],[28.234388,-25.824907],[28.235525,-25.82485],[28.235571,-25.824911],[28.240046,-25.824539],[28.240976,-25.824446]]]}},{"type":"Feature","properties":{"id":"799060010","name":"Irene Farm Villages","commuteMinutes":12.74,"nearestJobCenter":"Menlyn","distanceKm":null,"nearestTransitKm":0.800099170691579},"geometry":{"type":"Polygon","coordinates":[[[28.251152,-25.850395],[28.251732,-25.853304],[28.252278,-25.856231],[28.252615,-25.858191],[28.253229,-25.862294],[28.253548,-25.864969],[28.247838,-25.863463],[28.244979,-25.862656],[28.243885,-25.862261],[28.242742,-25.862042],[28.241905,-25.861758],[28.240033,-25.86135],[28.239417,-25.86113],[28.239199,-25.860519],[28.239206,-25.85863],[28.239056,-25.857085],[28.238887,-25.856301],[28.238928,-25.856125],[28.237181,-25.850769],[28.236921,-25.85018],[28.238134,-25.850191],[28.245916,-25.850315],[28.246912,-25.850115],[28.246965,-25.850325],[28.251152,-25.850395]]]}},{"type":"Feature","properties":{"id":"799060011","name":"Route 21 Business Park","commuteMinutes":13.06,"nearestJobCenter":"Menlyn","distanceKm":null,"nearestTransitKm":1.211277730653182},"geometry":{"type":"Polygon","coordinates":[[[28.255903,-25.850431],[28.256422,-25.852392],[28.257601,-25.85552],[28.257631,-25.855663],[28.25802,-25.857323],[28.258741,-25.861094],[28.259409,-25.864681],[28.259478,-25.865423],[28.259485,-25.867096],[28.259436,-25.867439],[28.257474,-25.866518],[28.255208,-25.865548],[28.253548,-25.864969],[28.253229,-25.862294],[28.252615,-25.858191],[28.252278,-25.856231],[28.251732,-25.853304],[28.251152,-25.850395],[28.255678,-25.850454],[28.255903,-25.850431]]]}},{"type":"Feature","properties":{"id":"799060012","name":"Centurion SP4","commuteMinutes":11.17,"nearestJobCenter":"Centurion","distanceKm":null,"nearestTransitKm":0.3441975882333149},"geometry":{"type":"Polygon","coordinates":[[[28.238887,-25.856301],[28.239056,-25.857085],[28.239206,-25.85863],[28.239199,-25.860519],[28.239417,-25.86113],[28.240033,-25.86135],[28.241905,-25.861758],[28.242742,-25.862042],[28.243885,-25.862261],[28.244979,-25.862656],[28.247838,-25.863463],[28.253548,-25.864969],[28.255208,-25.865548],[28.257474,-25.866518],[28.259436,-25.867439],[28.260164,-25.867685],[28.26063,-25.870241],[28.260912,-25.871475],[28.261225,-25.873362],[28.261446,-25.874222],[28.262022,-25.87715],[28.260672,-25.878349],[28.260443,-25.878689],[28.25952,-25.8794],[28.25889,-25.879539],[28.258329,-25.87941],[28.25738,-25.87859],[28.256441,-25.87841],[28.254862,-25.877869],[28.25456,-25.877804],[28.253832,-25.87776],[28.253772,-25.87751],[28.252049,-25.876823],[28.251141,-25.876631],[28.250744,-25.875313],[28.250666,-25.874774],[28.25073,-25.870108],[28.24839,-25.867003],[28.246901,-25.866989],[28.243739,-25.866102],[28.241626,-25.866393],[28.239003,-25.86394],[28.23823,-25.864727],[28.237592,-25.865635],[28.232234,-25.873394],[28.231566,-25.874305],[28.230932,-25.875008],[28.230167,-25.875634],[28.228933,-25.876374],[28.227602,-25.876868],[28.226674,-25.877042],[28.224865,-25.877263],[28.224459,-25.877271],[28.224484,-25.875849],[28.224317,-25.874379],[28.224114,-25.873284],[28.223086,-25.873411],[28.222991,-25.872742],[28.222218,-25.865448],[28.221995,-25.863608],[28.221384,-25.861969],[28.22267,-25.86187],[28.222849,-25.85714],[28.222986,-25.857023],[28.224099,-25.856074],[28.224852,-25.855369],[28.225871,-25.854207],[28.226795,-25.852882],[28.227338,-25.851929],[28.227786,-25.850995],[28.229387,-25.846886],[28.230181,-25.84701],[28.230536,-25.846989],[28.230585,-25.850079],[28.234457,-25.857044],[28.236147,-25.85664],[28.236589,-25.856619],[28.237749,-25.856413],[28.238887,-25.856301]]]}},{"type":"Feature","properties":{"id":"799060013","name":"Doringkloof","commuteMinutes":5.2,"nearestJobCenter":"Centurion","distanceKm":null,"nearestTransitKm":0.2931693075376679},"geometry":{"type":"Polygon","coordinates":[[[28.222849,-25.85714],[28.22267,-25.86187],[28.221384,-25.861969],[28.220079,-25.862123],[28.21179,-25.862846],[28.210016,-25.862837],[28.209887,-25.862787],[28.209002,-25.861687],[28.207285,-25.862026],[28.203234,-25.86294],[28.200281,-25.863794],[28.199137,-25.864258],[28.19908,-25.864201],[28.198683,-25.863657],[28.198286,-25.863447],[28.197451,-25.863235],[28.19842,-25.862003],[28.203577,-25.855263],[28.204466,-25.854073],[28.206728,-25.851114],[28.207647,-25.849918],[28.2078,-25.849821],[28.215803,-25.849941],[28.216406,-25.849895],[28.217203,-25.852032],[28.218,-25.85391],[28.21876,-25.855585],[28.220095,-25.858824],[28.220888,-25.858452],[28.222849,-25.85714]]]}},{"type":"Feature","properties":{"id":"799060014","name":"Die Hoewes","commuteMinutes":3.95,"nearestJobCenter":"Centurion","distanceKm":null,"nearestTransitKm":0.23208017199929476},"geometry":{"type":"Polygon","coordinates":[[[28.206728,-25.851114],[28.204466,-25.854073],[28.203577,-25.855263],[28.19842,-25.862003],[28.197451,-25.863235],[28.196497,-25.863034],[28.196084,-25.863026],[28.195596,-25.862816],[28.19486,-25.862748],[28.194424,-25.862613],[28.194236,-25.862155],[28.193861,-25.861862],[28.192674,-25.861366],[28.192496,-25.861074],[28.191973,-25.860096],[28.192064,-25.858671],[28.191816,-25.858252],[28.191896,-25.858011],[28.192465,-25.857918],[28.192442,-25.857685],[28.192057,-25.857267],[28.191168,-25.856527],[28.191286,-25.85638],[28.190584,-25.855963],[28.190351,-25.855928],[28.18992,-25.85618],[28.189306,-25.855789],[28.188017,-25.854445],[28.187113,-25.851885],[28.186579,-25.851549],[28.186472,-25.850962],[28.185598,-25.850634],[28.185511,-25.850182],[28.18519,-25.850069],[28.185106,-25.849844],[28.185328,-25.849297],[28.184736,-25.849115],[28.185015,-25.848841],[28.184908,-25.84865],[28.18445,-25.848553],[28.183832,-25.848789],[28.183081,-25.84866],[28.182856,-25.84837],[28.182184,-25.848452],[28.181749,-25.848133],[28.181372,-25.848045],[28.180372,-25.848389],[28.179735,-25.848169],[28.181196,-25.845953],[28.182058,-25.844349],[28.183157,-25.841528],[28.183455,-25.840528],[28.183783,-25.838795],[28.183916,-25.837782],[28.184031,-25.835749],[28.184011,-25.834885],[28.183737,-25.831873],[28.183489,-25.829721],[28.185531,-25.829517],[28.189865,-25.828932],[28.193851,-25.828359],[28.19383,-25.82847],[28.195143,-25.828762],[28.195311,-25.828894],[28.195589,-25.828732],[28.196867,-25.831299],[28.197363,-25.832355],[28.198542,-25.834633],[28.202986,-25.843475],[28.203241,-25.844032],[28.202715,-25.844444],[28.200762,-25.846565],[28.205019,-25.849743],[28.205133,-25.849922],[28.206728,-25.851114]]]}},{"type":"Feature","properties":{"id":"799060015","name":"Snake Valley","commuteMinutes":13.35,"nearestJobCenter":"Centurion","distanceKm":null,"nearestTransitKm":1.164886655027829},"geometry":{"type":"Polygon","coordinates":[[[28.180397,-25.799496],[28.180737,-25.805534],[28.182213,-25.818307],[28.183489,-25.829721],[28.183203,-25.829781],[28.178312,-25.830475],[28.176596,-25.830694],[28.174122,-25.831124],[28.174002,-25.831171],[28.171267,-25.831608],[28.169123,-25.829388],[28.166243,-25.826443],[28.163828,-25.823948],[28.163706,-25.823862],[28.166624,-25.822859],[28.165277,-25.821476],[28.163008,-25.820875],[28.162272,-25.820635],[28.160833,-25.820297],[28.159304,-25.819885],[28.158861,-25.819839],[28.157087,-25.81937],[28.156233,-25.819096],[28.156885,-25.816544],[28.15893,-25.810535],[28.160593,-25.805605],[28.160868,-25.804937],[28.160093,-25.804703],[28.155787,-25.80349],[28.158854,-25.796503],[28.159109,-25.795858],[28.15975,-25.795902],[28.162973,-25.796349],[28.165009,-25.796585],[28.165466,-25.79657],[28.171106,-25.795006],[28.171682,-25.794932],[28.172587,-25.794924],[28.173215,-25.795006],[28.174397,-25.79541],[28.175369,-25.796039],[28.176409,-25.795478],[28.176992,-25.795672],[28.177381,-25.796226],[28.179102,-25.798896],[28.179378,-25.799233],[28.180397,-25.799496]]]}},{"type":"Feature","properties":{"id":"799060016","name":"Valhalla","commuteMinutes":12.84,"nearestJobCenter":"Centurion","distanceKm":null,"nearestTransitKm":2.9255645371944987},"geometry":{"type":"Polygon","coordinates":[[[28.163706,-25.823862],[28.163036,-25.823141],[28.161854,-25.823412],[28.16144,-25.823359],[28.161304,-25.824022],[28.160333,-25.823818],[28.158955,-25.823607],[28.157449,-25.823464],[28.157727,-25.825678],[28.156946,-25.826023],[28.156034,-25.82439],[28.155169,-25.824627],[28.154402,-25.824659],[28.153837,-25.824505],[28.151461,-25.823229],[28.150331,-25.824907],[28.150164,-25.824913],[28.148466,-25.82398],[28.147387,-25.823435],[28.14712,-25.823238],[28.146704,-25.822594],[28.146482,-25.822472],[28.146154,-25.8221],[28.145056,-25.820274],[28.144403,-25.819117],[28.143682,-25.81793],[28.143248,-25.817327],[28.142973,-25.816757],[28.142237,-25.815533],[28.142321,-25.815317],[28.139956,-25.811356],[28.139788,-25.811438],[28.139593,-25.811085],[28.139265,-25.810799],[28.139189,-25.81045],[28.138186,-25.808687],[28.138441,-25.808567],[28.137941,-25.807821],[28.134729,-25.802425],[28.133875,-25.80097],[28.153154,-25.797268],[28.156225,-25.796696],[28.158125,-25.796318],[28.158354,-25.795828],[28.159109,-25.795858],[28.158854,-25.796503],[28.155787,-25.80349],[28.160093,-25.804703],[28.160868,-25.804937],[28.160593,-25.805605],[28.15893,-25.810535],[28.156885,-25.816544],[28.156233,-25.819096],[28.157087,-25.81937],[28.158861,-25.819839],[28.159304,-25.819885],[28.160833,-25.820297],[28.162272,-25.820635],[28.163008,-25.820875],[28.165277,-25.821476],[28.166624,-25.822859],[28.163706,-25.823862]]]}},{"type":"Feature","properties":{"id":"799060017","name":"Zwartkop Nature Reserve","commuteMinutes":21.34,"nearestJobCenter":"Centurion","distanceKm":null,"nearestTransitKm":3.5673063607132196},"geometry":{"type":"Polygon","coordinates":[[[28.146482,-25.822472],[28.144991,-25.822527],[28.143927,-25.823236],[28.142019,-25.823067],[28.14187,-25.823145],[28.140726,-25.826935],[28.140581,-25.827026],[28.139956,-25.829245],[28.139936,-25.829472],[28.139666,-25.829355],[28.139696,-25.828993],[28.139139,-25.828684],[28.139112,-25.828413],[28.138807,-25.828272],[28.138483,-25.82782],[28.137495,-25.827805],[28.137419,-25.828049],[28.136869,-25.828419],[28.136961,-25.828634],[28.136595,-25.828981],[28.136312,-25.828945],[28.135599,-25.82963],[28.135527,-25.830355],[28.134989,-25.830587],[28.134447,-25.831064],[28.134878,-25.831385],[28.134779,-25.831844],[28.134424,-25.831802],[28.134179,-25.832109],[28.13418,-25.832428],[28.133768,-25.832748],[28.133509,-25.832762],[28.133512,-25.833281],[28.13315,-25.833536],[28.13257,-25.833298],[28.131571,-25.833605],[28.131411,-25.832836],[28.129562,-25.832163],[28.129676,-25.830019],[28.12795,-25.83],[28.128056,-25.831619],[28.12612,-25.830944],[28.125109,-25.830523],[28.124685,-25.83042],[28.123125,-25.829618],[28.122396,-25.829607],[28.12248,-25.832844],[28.12266,-25.837622],[28.121714,-25.837557],[28.121004,-25.8374],[28.112711,-25.834759],[28.113981,-25.832502],[28.115499,-25.829742],[28.116461,-25.827955],[28.116842,-25.826784],[28.116903,-25.825975],[28.116816,-25.824615],[28.116564,-25.821526],[28.116197,-25.816549],[28.116571,-25.816156],[28.121537,-25.810587],[28.123077,-25.808842],[28.128534,-25.802708],[28.129477,-25.801702],[28.130091,-25.801151],[28.130503,-25.801498],[28.130911,-25.801556],[28.133875,-25.80097],[28.134729,-25.802425],[28.137941,-25.807821],[28.138441,-25.808567],[28.138186,-25.808687],[28.139189,-25.81045],[28.139265,-25.810799],[28.139593,-25.811085],[28.139788,-25.811438],[28.139956,-25.811356],[28.142321,-25.815317],[28.142237,-25.815533],[28.142973,-25.816757],[28.143248,-25.817327],[28.143682,-25.81793],[28.144403,-25.819117],[28.145056,-25.820274],[28.146154,-25.8221],[28.146482,-25.822472]]]}},{"type":"Feature","properties":{"id":"799060018","name":"Glen Lauriston","commuteMinutes":11.7,"nearestJobCenter":"Centurion","distanceKm":null,"nearestTransitKm":3.1295951100709294},"geometry":{"type":"Polygon","coordinates":[[[28.156946,-25.826023],[28.154322,-25.827147],[28.153334,-25.827669],[28.15259,-25.828173],[28.151682,-25.828947],[28.149755,-25.830502],[28.14921,-25.830778],[28.148176,-25.831112],[28.147019,-25.831293],[28.145418,-25.831289],[28.145376,-25.830795],[28.145079,-25.830482],[28.144915,-25.83004],[28.145124,-25.82972],[28.144758,-25.828188],[28.143927,-25.823236],[28.144991,-25.822527],[28.146482,-25.822472],[28.146704,-25.822594],[28.14712,-25.823238],[28.147387,-25.823435],[28.148466,-25.82398],[28.150164,-25.824913],[28.150331,-25.824907],[28.151461,-25.823229],[28.153837,-25.824505],[28.154402,-25.824659],[28.155169,-25.824627],[28.156034,-25.82439],[28.156946,-25.826023]]]}},{"type":"Feature","properties":{"id":"799060019","name":"Monrick AH","commuteMinutes":15.13,"nearestJobCenter":"Centurion","distanceKm":null,"nearestTransitKm":3.0206512733364503},"geometry":{"type":"Polygon","coordinates":[[[28.143927,-25.823236],[28.144758,-25.828188],[28.145124,-25.82972],[28.144915,-25.83004],[28.145079,-25.830482],[28.145376,-25.830795],[28.145418,-25.831289],[28.143923,-25.831348],[28.142771,-25.831518],[28.141397,-25.831888],[28.1388,-25.83267],[28.13764,-25.830019],[28.136961,-25.828634],[28.136869,-25.828419],[28.137419,-25.828049],[28.137495,-25.827805],[28.138483,-25.82782],[28.138807,-25.828272],[28.139112,-25.828413],[28.139139,-25.828684],[28.139696,-25.828993],[28.139666,-25.829355],[28.139936,-25.829472],[28.139956,-25.829245],[28.140581,-25.827026],[28.140726,-25.826935],[28.14187,-25.823145],[28.142019,-25.823067],[28.143927,-25.823236]]]}},{"type":"Feature","properties":{"id":"799060020","name":"Eldoraigne Ext 48","commuteMinutes":12.56,"nearestJobCenter":"Centurion","distanceKm":null,"nearestTransitKm":2.786104236877886},"geometry":{"type":"Polygon","coordinates":[[[28.1388,-25.83267],[28.135467,-25.833666],[28.134881,-25.832574],[28.134179,-25.832109],[28.134424,-25.831802],[28.134779,-25.831844],[28.134878,-25.831385],[28.134447,-25.831064],[28.134989,-25.830587],[28.135527,-25.830355],[28.135599,-25.82963],[28.136312,-25.828945],[28.136595,-25.828981],[28.136961,-25.828634],[28.13764,-25.830019],[28.1388,-25.83267]]]}},{"type":"Feature","properties":{"id":"799060021","name":"Eldo Meadows","commuteMinutes":11.93,"nearestJobCenter":"Centurion","distanceKm":null,"nearestTransitKm":2.4936141230639914},"geometry":{"type":"Polygon","coordinates":[[[28.147019,-25.831293],[28.147315,-25.832612],[28.145621,-25.832867],[28.145401,-25.833017],[28.144357,-25.833236],[28.14438,-25.833599],[28.144069,-25.834066],[28.142867,-25.834708],[28.143009,-25.835457],[28.140194,-25.835876],[28.139061,-25.833222],[28.1388,-25.83267],[28.141397,-25.831888],[28.142771,-25.831518],[28.143923,-25.831348],[28.145418,-25.831289],[28.147019,-25.831293]]]}},{"type":"Feature","properties":{"id":"799060022","name":"Eldo Glen","commuteMinutes":12.82,"nearestJobCenter":"Centurion","distanceKm":null,"nearestTransitKm":1.9890057324529038},"geometry":{"type":"Polygon","coordinates":[[[28.134573,-25.842503],[28.134508,-25.842194],[28.133524,-25.842375],[28.131217,-25.841441],[28.131022,-25.839418],[28.129817,-25.836257],[28.129595,-25.835465],[28.131362,-25.834873],[28.135467,-25.833666],[28.1388,-25.83267],[28.139061,-25.833222],[28.140194,-25.835876],[28.140779,-25.837071],[28.140987,-25.837766],[28.141954,-25.839644],[28.139594,-25.840644],[28.136324,-25.841397],[28.135889,-25.841586],[28.135803,-25.842429],[28.134573,-25.842503]]]}},{"type":"Feature","properties":{"id":"799060023","name":"Eldoraigne Ext 62","commuteMinutes":14.75,"nearestJobCenter":"Centurion","distanceKm":null,"nearestTransitKm":2.7908258687617864},"geometry":{"type":"Polygon","coordinates":[[[28.134179,-25.832109],[28.134881,-25.832574],[28.135467,-25.833666],[28.131362,-25.834873],[28.129595,-25.835465],[28.125655,-25.836887],[28.123799,-25.837476],[28.122854,-25.837626],[28.12266,-25.837622],[28.12248,-25.832844],[28.122396,-25.829607],[28.123125,-25.829618],[28.124685,-25.83042],[28.125109,-25.830523],[28.12612,-25.830944],[28.128056,-25.831619],[28.12795,-25.83],[28.129676,-25.830019],[28.129562,-25.832163],[28.131411,-25.832836],[28.131571,-25.833605],[28.13257,-25.833298],[28.13315,-25.833536],[28.133512,-25.833281],[28.133509,-25.832762],[28.133768,-25.832748],[28.13418,-25.832428],[28.134179,-25.832109]]]}},{"type":"Feature","properties":{"id":"799060024","name":"Eldo View","commuteMinutes":13.64,"nearestJobCenter":"Centurion","distanceKm":null,"nearestTransitKm":2.2414092523488827},"geometry":{"type":"Polygon","coordinates":[[[28.123121,-25.8451],[28.122895,-25.837955],[28.122854,-25.837626],[28.123799,-25.837476],[28.125655,-25.836887],[28.129595,-25.835465],[28.129817,-25.836257],[28.131022,-25.839418],[28.131217,-25.841441],[28.133524,-25.842375],[28.131575,-25.842762],[28.128174,-25.843677],[28.123121,-25.8451]]]}},{"type":"Feature","properties":{"id":"799060025","name":"Deltoidia SH","commuteMinutes":15.71,"nearestJobCenter":"Centurion","distanceKm":null,"nearestTransitKm":3.1571987024618777},"geometry":{"type":"Polygon","coordinates":[[[28.12266,-25.837622],[28.122854,-25.837626],[28.122895,-25.837955],[28.123121,-25.8451],[28.119024,-25.846259],[28.112841,-25.847965],[28.110775,-25.848184],[28.108182,-25.848507],[28.106915,-25.84864],[28.106039,-25.846905],[28.106928,-25.846094],[28.10813,-25.844889],[28.108152,-25.843962],[28.108339,-25.843006],[28.108713,-25.842131],[28.109851,-25.840056],[28.112192,-25.835783],[28.112711,-25.834759],[28.121004,-25.8374],[28.121714,-25.837557],[28.12266,-25.837622]]]}},{"type":"Feature","properties":{"id":"799060026","name":"Sunderland Ridge","commuteMinutes":16.49,"nearestJobCenter":"Centurion","distanceKm":null,"nearestTransitKm":4.08597066949378},"geometry":{"type":"Polygon","coordinates":[[[28.109851,-25.840056],[28.108713,-25.842131],[28.108339,-25.843006],[28.108152,-25.843962],[28.10813,-25.844889],[28.106928,-25.846094],[28.106039,-25.846905],[28.105495,-25.847403],[28.102686,-25.845096],[28.100606,-25.8433],[28.098892,-25.841853],[28.103328,-25.841049],[28.100332,-25.834677],[28.09963,-25.832989],[28.099005,-25.831646],[28.103333,-25.832271],[28.107097,-25.832914],[28.108026,-25.834272],[28.108455,-25.835082],[28.108359,-25.836178],[28.10805,-25.83756],[28.108216,-25.838084],[28.109336,-25.838703],[28.109574,-25.838918],[28.109693,-25.839728],[28.109851,-25.840056]]]}},{"type":"Feature","properties":{"id":"799060027","name":"Raslou AH","commuteMinutes":12.88,"nearestJobCenter":"Centurion","distanceKm":null,"nearestTransitKm":1.4737455050566661},"geometry":{"type":"Polygon","coordinates":[[[28.135916,-25.853132],[28.133387,-25.853655],[28.134657,-25.859251],[28.135778,-25.860502],[28.13727,-25.859398],[28.137762,-25.861681],[28.137953,-25.862425],[28.138567,-25.865376],[28.138723,-25.86562],[28.139692,-25.869961],[28.13661,-25.870436],[28.134081,-25.87085],[28.133944,-25.870993],[28.128618,-25.871841],[28.128461,-25.871407],[28.122951,-25.872371],[28.120403,-25.872733],[28.119662,-25.872417],[28.122007,-25.870695],[28.12208,-25.870119],[28.122016,-25.869399],[28.121752,-25.868799],[28.121776,-25.868087],[28.122144,-25.867375],[28.122584,-25.866127],[28.122592,-25.865174],[28.122392,-25.863854],[28.122624,-25.863294],[28.122608,-25.862686],[28.122248,-25.862046],[28.12132,-25.861102],[28.120912,-25.860286],[28.121176,-25.85951],[28.120984,-25.858566],[28.121096,-25.857262],[28.12092,-25.856782],[28.119496,-25.855134],[28.119153,-25.854363],[28.115403,-25.854327],[28.108636,-25.857014],[28.107878,-25.857332],[28.103265,-25.859165],[28.101797,-25.859707],[28.099272,-25.860733],[28.099043,-25.86067],[28.098612,-25.860113],[28.097116,-25.858477],[28.095911,-25.856091],[28.102407,-25.850105],[28.105495,-25.847403],[28.106039,-25.846905],[28.106915,-25.84864],[28.108182,-25.848507],[28.110775,-25.848184],[28.112841,-25.847965],[28.119024,-25.846259],[28.123121,-25.8451],[28.128174,-25.843677],[28.131575,-25.842762],[28.133524,-25.842375],[28.134508,-25.842194],[28.134573,-25.842503],[28.134844,-25.843756],[28.133974,-25.844377],[28.134177,-25.845491],[28.134813,-25.848412],[28.134893,-25.848577],[28.135916,-25.853132]]]}},{"type":"Feature","properties":{"id":"799060028","name":"Eldo Park","commuteMinutes":12.26,"nearestJobCenter":"Centurion","distanceKm":null,"nearestTransitKm":1.448812407720839},"geometry":{"type":"Polygon","coordinates":[[[28.144307,-25.843966],[28.136995,-25.843628],[28.136122,-25.844669],[28.134844,-25.843756],[28.134573,-25.842503],[28.135803,-25.842429],[28.135889,-25.841586],[28.136324,-25.841397],[28.139594,-25.840644],[28.141954,-25.839644],[28.143427,-25.841689],[28.144137,-25.842624],[28.14432,-25.843376],[28.144307,-25.843966]]]}},{"type":"Feature","properties":{"id":"799060029","name":"Eldoraigne","commuteMinutes":9.71,"nearestJobCenter":"Centurion","distanceKm":null,"nearestTransitKm":1.7038893386924412},"geometry":{"type":"Polygon","coordinates":[[[28.1576,-25.849189],[28.15685,-25.849276],[28.154649,-25.849661],[28.153898,-25.84973],[28.150026,-25.85036],[28.149894,-25.850397],[28.149744,-25.850111],[28.149954,-25.849945],[28.149698,-25.848866],[28.149492,-25.847721],[28.148756,-25.844162],[28.144307,-25.843966],[28.14432,-25.843376],[28.144137,-25.842624],[28.143427,-25.841689],[28.141954,-25.839644],[28.140987,-25.837766],[28.140779,-25.837071],[28.140194,-25.835876],[28.143009,-25.835457],[28.142867,-25.834708],[28.144069,-25.834066],[28.14438,-25.833599],[28.144357,-25.833236],[28.145401,-25.833017],[28.145621,-25.832867],[28.147315,-25.832612],[28.147019,-25.831293],[28.148176,-25.831112],[28.14921,-25.830778],[28.149755,-25.830502],[28.15017,-25.832356],[28.150547,-25.834214],[28.154316,-25.833609],[28.154607,-25.835042],[28.155096,-25.836639],[28.154739,-25.838092],[28.154335,-25.839908],[28.155838,-25.840217],[28.155703,-25.840794],[28.156393,-25.844305],[28.157183,-25.848196],[28.157537,-25.848757],[28.1576,-25.849189]]]}},{"type":"Feature","properties":{"id":"799060030","name":"Eldoraigne Ext 1","commuteMinutes":8.56,"nearestJobCenter":"Centurion","distanceKm":null,"nearestTransitKm":2.354950551381163},"geometry":{"type":"Polygon","coordinates":[[[28.164263,-25.844452],[28.164522,-25.845446],[28.164408,-25.847271],[28.164244,-25.848734],[28.164053,-25.849977],[28.162461,-25.849746],[28.1576,-25.849189],[28.157537,-25.848757],[28.157183,-25.848196],[28.156393,-25.844305],[28.155703,-25.840794],[28.155838,-25.840217],[28.154335,-25.839908],[28.154739,-25.838092],[28.155096,-25.836639],[28.154607,-25.835042],[28.154316,-25.833609],[28.150547,-25.834214],[28.15017,-25.832356],[28.149755,-25.830502],[28.151682,-25.828947],[28.15259,-25.828173],[28.153334,-25.827669],[28.154322,-25.827147],[28.156946,-25.826023],[28.15814,-25.828554],[28.159273,-25.831575],[28.160002,-25.833357],[28.161036,-25.836098],[28.163294,-25.84194],[28.16361,-25.842852],[28.164263,-25.844452]]]}},{"type":"Feature","properties":{"id":"799060031","name":"Clubview","commuteMinutes":6.26,"nearestJobCenter":"Centurion","distanceKm":null,"nearestTransitKm":1.2973242564927572},"geometry":{"type":"Polygon","coordinates":[[[28.163706,-25.823862],[28.163828,-25.823948],[28.166243,-25.826443],[28.169123,-25.829388],[28.171267,-25.831608],[28.174002,-25.831171],[28.174122,-25.831124],[28.176596,-25.830694],[28.178312,-25.830475],[28.183203,-25.829781],[28.183489,-25.829721],[28.183737,-25.831873],[28.184011,-25.834885],[28.184031,-25.835749],[28.183916,-25.837782],[28.183783,-25.838795],[28.183455,-25.840528],[28.183157,-25.841528],[28.182058,-25.844349],[28.181196,-25.845953],[28.179735,-25.848169],[28.179022,-25.847914],[28.177797,-25.847744],[28.177336,-25.847734],[28.176989,-25.847939],[28.176668,-25.847712],[28.176458,-25.847086],[28.17613,-25.847269],[28.175879,-25.847],[28.175558,-25.847166],[28.174986,-25.847015],[28.175268,-25.846605],[28.175085,-25.846445],[28.174551,-25.846504],[28.174158,-25.84631],[28.173643,-25.845711],[28.173273,-25.84552],[28.17214,-25.845598],[28.170984,-25.845811],[28.170276,-25.8454],[28.16994,-25.84512],[28.169347,-25.844387],[28.169168,-25.843254],[28.168386,-25.84346],[28.164263,-25.844452],[28.16361,-25.842852],[28.163294,-25.84194],[28.161036,-25.836098],[28.160002,-25.833357],[28.159273,-25.831575],[28.15814,-25.828554],[28.156946,-25.826023],[28.157727,-25.825678],[28.157449,-25.823464],[28.158955,-25.823607],[28.160333,-25.823818],[28.161304,-25.824022],[28.16144,-25.823359],[28.161854,-25.823412],[28.163036,-25.823141],[28.163706,-25.823862]]]}},{"type":"Feature","properties":{"id":"799060032","name":"Hennopspark","commuteMinutes":7.33,"nearestJobCenter":"Centurion","distanceKm":null,"nearestTransitKm":0.947768426853625},"geometry":{"type":"MultiPolygon","coordinates":[[[[28.172736,-25.862099],[28.1719,-25.865313],[28.169832,-25.873672],[28.168756,-25.878052],[28.165506,-25.879601],[28.164984,-25.879807],[28.161489,-25.881395],[28.161718,-25.878992],[28.16186,-25.877136],[28.162146,-25.873148],[28.162386,-25.869427],[28.162622,-25.866188],[28.163029,-25.860889],[28.163771,-25.860941],[28.163768,-25.861046],[28.170892,-25.861176],[28.170874,-25.862429],[28.17218,-25.862278],[28.172736,-25.862099]]],[[[28.179735,-25.848169],[28.177591,-25.850697],[28.175997,-25.852722],[28.175665,-25.853294],[28.174974,-25.853064],[28.17478,-25.853331],[28.172621,-25.85581],[28.170931,-25.857824],[28.167538,-25.857007],[28.166914,-25.856924],[28.16337,-25.856085],[28.163542,-25.853508],[28.163633,-25.852663],[28.164053,-25.849977],[28.164244,-25.848734],[28.164408,-25.847271],[28.164522,-25.845446],[28.164263,-25.844452],[28.168386,-25.84346],[28.169168,-25.843254],[28.169347,-25.844387],[28.16994,-25.84512],[28.170276,-25.8454],[28.170984,-25.845811],[28.17214,-25.845598],[28.173273,-25.84552],[28.173643,-25.845711],[28.174158,-25.84631],[28.174551,-25.846504],[28.175085,-25.846445],[28.175268,-25.846605],[28.174986,-25.847015],[28.175558,-25.847166],[28.175879,-25.847],[28.17613,-25.847269],[28.176458,-25.847086],[28.176668,-25.847712],[28.176989,-25.847939],[28.177336,-25.847734],[28.177797,-25.847744],[28.179022,-25.847914],[28.179735,-25.848169]]]]}},{"type":"Feature","properties":{"id":"799060033","name":"Bronberrik","commuteMinutes":5.47,"nearestJobCenter":"Centurion","distanceKm":null,"nearestTransitKm":0.3652006711468102},"geometry":{"type":"Polygon","coordinates":[[[28.163029,-25.860889],[28.163182,-25.859127],[28.16337,-25.856085],[28.166914,-25.856924],[28.167538,-25.857007],[28.170931,-25.857824],[28.173132,-25.858328],[28.173643,-25.85848],[28.172736,-25.862099],[28.17218,-25.862278],[28.170874,-25.862429],[28.170892,-25.861176],[28.163768,-25.861046],[28.163771,-25.860941],[28.163029,-25.860889]]]}},{"type":"Feature","properties":{"id":"799060034","name":"Eldoraigne Ext 3, 16, 18","commuteMinutes":5.51,"nearestJobCenter":"Centurion","distanceKm":null,"nearestTransitKm":0.04775438581050982},"geometry":{"type":"Polygon","coordinates":[[[28.162386,-25.869427],[28.161291,-25.869524],[28.160772,-25.869371],[28.160482,-25.869844],[28.160295,-25.869757],[28.156557,-25.870354],[28.156553,-25.870289],[28.155542,-25.870445],[28.155333,-25.869398],[28.155405,-25.869387],[28.154989,-25.867374],[28.155818,-25.866828],[28.156171,-25.866434],[28.157554,-25.86448],[28.157229,-25.864148],[28.157188,-25.862702],[28.157148,-25.861292],[28.157233,-25.861167],[28.157051,-25.855533],[28.15703,-25.854157],[28.156959,-25.85245],[28.15685,-25.849276],[28.1576,-25.849189],[28.162461,-25.849746],[28.164053,-25.849977],[28.163633,-25.852663],[28.163542,-25.853508],[28.16337,-25.856085],[28.163182,-25.859127],[28.163029,-25.860889],[28.162622,-25.866188],[28.162386,-25.869427]]]}},{"type":"Feature","properties":{"id":"799060035","name":"Eldoraigne Ext 45","commuteMinutes":9.68,"nearestJobCenter":"Centurion","distanceKm":null,"nearestTransitKm":0.9978119963651446},"geometry":{"type":"Polygon","coordinates":[[[28.156959,-25.85245],[28.154556,-25.85284],[28.154593,-25.853392],[28.152853,-25.853666],[28.152407,-25.851611],[28.151272,-25.851627],[28.150267,-25.851793],[28.15003,-25.850636],[28.149894,-25.850397],[28.150026,-25.85036],[28.153898,-25.84973],[28.154649,-25.849661],[28.15685,-25.849276],[28.156959,-25.85245]]]}},{"type":"Feature","properties":{"id":"799060036","name":"Eldoraigne Ext 11, 27","commuteMinutes":8.61,"nearestJobCenter":"Centurion","distanceKm":null,"nearestTransitKm":0.5081111081746817},"geometry":{"type":"MultiPolygon","coordinates":[[[[28.155032,-25.857576],[28.1552,-25.859922],[28.153274,-25.860239],[28.151982,-25.860277],[28.151133,-25.856117],[28.151609,-25.856052],[28.152128,-25.856187],[28.152405,-25.857627],[28.153709,-25.857483],[28.153727,-25.857605],[28.155032,-25.857576]]],[[[28.156959,-25.85245],[28.15703,-25.854157],[28.157051,-25.855533],[28.154859,-25.855768],[28.154795,-25.855775],[28.154655,-25.854158],[28.153468,-25.854361],[28.152932,-25.854355],[28.152108,-25.85446],[28.152117,-25.855019],[28.150957,-25.855215],[28.150267,-25.851793],[28.151272,-25.851627],[28.152407,-25.851611],[28.152853,-25.853666],[28.154593,-25.853392],[28.154556,-25.85284],[28.156959,-25.85245]]]]}},{"type":"Feature","properties":{"id":"799060037","name":"Eldoraigne Ext 11,  27","commuteMinutes":8.28,"nearestJobCenter":"Centurion","distanceKm":null,"nearestTransitKm":0.44686108802679925},"geometry":{"type":"Polygon","coordinates":[[[28.154859,-25.855768],[28.155032,-25.857576],[28.153727,-25.857605],[28.153709,-25.857483],[28.152405,-25.857627],[28.152128,-25.856187],[28.151609,-25.856052],[28.151598,-25.855917],[28.152296,-25.855803],[28.152117,-25.855019],[28.152108,-25.85446],[28.152932,-25.854355],[28.153468,-25.854361],[28.154655,-25.854158],[28.154795,-25.855775],[28.154859,-25.855768]]]}},{"type":"Feature","properties":{"id":"799060038","name":"Wierda Park","commuteMinutes":8.26,"nearestJobCenter":"Centurion","distanceKm":null,"nearestTransitKm":0.03497289505400858},"geometry":{"type":"Polygon","coordinates":[[[28.152117,-25.855019],[28.152296,-25.855803],[28.151598,-25.855917],[28.151609,-25.856052],[28.151133,-25.856117],[28.151982,-25.860277],[28.152641,-25.863526],[28.153341,-25.867075],[28.153452,-25.867102],[28.153555,-25.867722],[28.146131,-25.868936],[28.144061,-25.86925],[28.1416,-25.869658],[28.139692,-25.869961],[28.138723,-25.86562],[28.138567,-25.865376],[28.137953,-25.862425],[28.137762,-25.861681],[28.13727,-25.859398],[28.135778,-25.860502],[28.134657,-25.859251],[28.133387,-25.853655],[28.135916,-25.853132],[28.138894,-25.852577],[28.14392,-25.851601],[28.14734,-25.850948],[28.147603,-25.850821],[28.148686,-25.850585],[28.149438,-25.850345],[28.149744,-25.850111],[28.149894,-25.850397],[28.15003,-25.850636],[28.150267,-25.851793],[28.150957,-25.855215],[28.152117,-25.855019]]]}},{"type":"Feature","properties":{"id":"799060039","name":"Wierda Park Ext 1","commuteMinutes":10.55,"nearestJobCenter":"Centurion","distanceKm":null,"nearestTransitKm":0.768594131304705},"geometry":{"type":"Polygon","coordinates":[[[28.149744,-25.850111],[28.149438,-25.850345],[28.148686,-25.850585],[28.147603,-25.850821],[28.14734,-25.850948],[28.14392,-25.851601],[28.138894,-25.852577],[28.135916,-25.853132],[28.134893,-25.848577],[28.134813,-25.848412],[28.134177,-25.845491],[28.133974,-25.844377],[28.134844,-25.843756],[28.136122,-25.844669],[28.136995,-25.843628],[28.144307,-25.843966],[28.148756,-25.844162],[28.149492,-25.847721],[28.149698,-25.848866],[28.149954,-25.849945],[28.149744,-25.850111]]]}},{"type":"Feature","properties":{"id":"799060040","name":"Gerardsville AH","commuteMinutes":24.62,"nearestJobCenter":"Centurion","distanceKm":null,"nearestTransitKm":10.075669998673934},"geometry":{"type":"Polygon","coordinates":[[[28.015413,-25.85767],[28.015841,-25.854969],[28.016218,-25.852243],[28.016649,-25.848444],[28.017336,-25.848358],[28.018442,-25.847902],[28.019636,-25.84717],[28.025015,-25.844704],[28.028852,-25.842928],[28.032511,-25.841265],[28.034021,-25.840784],[28.034766,-25.840664],[28.03511,-25.841115],[28.037714,-25.845047],[28.040238,-25.844946],[28.041261,-25.844935],[28.041221,-25.845189],[28.039792,-25.848462],[28.039012,-25.850327],[28.039103,-25.850367],[28.04191,-25.850082],[28.042036,-25.850594],[28.042372,-25.853781],[28.042521,-25.855406],[28.041162,-25.855547],[28.036837,-25.855898],[28.036154,-25.856014],[28.027834,-25.856741],[28.02022,-25.857414],[28.015436,-25.857847],[28.015413,-25.85767]]]}},{"type":"Feature","properties":{"id":"799060041","name":"Centurion Central","commuteMinutes":3.86,"nearestJobCenter":"Centurion","distanceKm":null,"nearestTransitKm":0.25033680719217727},"geometry":{"type":"Polygon","coordinates":[[[28.187113,-25.851885],[28.188017,-25.854445],[28.189306,-25.855789],[28.18992,-25.85618],[28.190351,-25.855928],[28.190584,-25.855963],[28.191286,-25.85638],[28.191168,-25.856527],[28.192057,-25.857267],[28.192442,-25.857685],[28.192465,-25.857918],[28.191896,-25.858011],[28.191816,-25.858252],[28.192064,-25.858671],[28.191973,-25.860096],[28.192496,-25.861074],[28.19057,-25.86143],[28.185717,-25.862207],[28.178785,-25.863335],[28.178026,-25.860697],[28.176134,-25.861237],[28.175718,-25.860516],[28.176474,-25.860109],[28.176291,-25.859724],[28.176874,-25.859413],[28.177233,-25.859354],[28.177397,-25.859104],[28.180079,-25.857622],[28.181078,-25.856716],[28.183855,-25.85375],[28.184958,-25.852762],[28.185965,-25.853405],[28.187113,-25.851885]]]}},{"type":"Feature","properties":{"id":"799060042","name":"Zwartkop","commuteMinutes":2.93,"nearestJobCenter":"Centurion","distanceKm":null,"nearestTransitKm":0.11190915376223727},"geometry":{"type":"Polygon","coordinates":[[[28.187113,-25.851885],[28.185965,-25.853405],[28.184958,-25.852762],[28.183855,-25.85375],[28.181078,-25.856716],[28.180079,-25.857622],[28.177397,-25.859104],[28.177233,-25.859354],[28.176874,-25.859413],[28.176291,-25.859724],[28.176474,-25.860109],[28.175718,-25.860516],[28.176134,-25.861237],[28.178026,-25.860697],[28.178785,-25.863335],[28.185717,-25.862207],[28.19057,-25.86143],[28.192496,-25.861074],[28.192674,-25.861366],[28.193861,-25.861862],[28.194236,-25.862155],[28.194424,-25.862613],[28.19486,-25.862748],[28.195596,-25.862816],[28.196084,-25.863026],[28.196497,-25.863034],[28.197451,-25.863235],[28.198286,-25.863447],[28.198683,-25.863657],[28.19908,-25.864201],[28.198801,-25.8643],[28.195677,-25.865629],[28.193998,-25.866451],[28.192667,-25.867066],[28.183878,-25.871124],[28.180391,-25.872755],[28.177214,-25.874172],[28.17341,-25.875929],[28.170206,-25.877344],[28.169489,-25.877687],[28.168734,-25.878157],[28.168756,-25.878052],[28.169832,-25.873672],[28.1719,-25.865313],[28.172736,-25.862099],[28.173643,-25.85848],[28.173132,-25.858328],[28.170931,-25.857824],[28.172621,-25.85581],[28.17478,-25.853331],[28.174974,-25.853064],[28.175665,-25.853294],[28.175997,-25.852722],[28.177591,-25.850697],[28.179735,-25.848169],[28.180372,-25.848389],[28.181372,-25.848045],[28.181749,-25.848133],[28.182184,-25.848452],[28.182856,-25.84837],[28.183081,-25.84866],[28.183832,-25.848789],[28.18445,-25.848553],[28.184908,-25.84865],[28.185015,-25.848841],[28.184736,-25.849115],[28.185328,-25.849297],[28.185106,-25.849844],[28.18519,-25.850069],[28.185511,-25.850182],[28.185598,-25.850634],[28.186472,-25.850962],[28.186579,-25.851549],[28.187113,-25.851885]]]}},{"type":"Feature","properties":{"id":"799060043","name":"Centurion Golf Eastate","commuteMinutes":7.63,"nearestJobCenter":"Centurion","distanceKm":null,"nearestTransitKm":0.5088955385288726},"geometry":{"type":"Polygon","coordinates":[[[28.21179,-25.862846],[28.211935,-25.86388],[28.212076,-25.864363],[28.212114,-25.86524],[28.212759,-25.871317],[28.212812,-25.871637],[28.213175,-25.87511],[28.213419,-25.875898],[28.21373,-25.876318],[28.213656,-25.876605],[28.213224,-25.876345],[28.212645,-25.876305],[28.211184,-25.877037],[28.209021,-25.878246],[28.207285,-25.879137],[28.205538,-25.880074],[28.203651,-25.880977],[28.197926,-25.874767],[28.195611,-25.872244],[28.194948,-25.87153],[28.194136,-25.870491],[28.193671,-25.869581],[28.192667,-25.867066],[28.193998,-25.866451],[28.195677,-25.865629],[28.198801,-25.8643],[28.19908,-25.864201],[28.199137,-25.864258],[28.200281,-25.863794],[28.203234,-25.86294],[28.207285,-25.862026],[28.209002,-25.861687],[28.209887,-25.862787],[28.210016,-25.862837],[28.21179,-25.862846]]]}},{"type":"Feature","properties":{"id":"799060044","name":"Irene Security Estate","commuteMinutes":7.51,"nearestJobCenter":"Centurion","distanceKm":null,"nearestTransitKm":0.5666028563724069},"geometry":{"type":"Polygon","coordinates":[[[28.221384,-25.861969],[28.221995,-25.863608],[28.222218,-25.865448],[28.222991,-25.872742],[28.223086,-25.873411],[28.224114,-25.873284],[28.224317,-25.874379],[28.224484,-25.875849],[28.224459,-25.877271],[28.221045,-25.877596],[28.219865,-25.877683],[28.217948,-25.877886],[28.216718,-25.877908],[28.215351,-25.877691],[28.213656,-25.876605],[28.21373,-25.876318],[28.213419,-25.875898],[28.213175,-25.87511],[28.212812,-25.871637],[28.212759,-25.871317],[28.212114,-25.86524],[28.212076,-25.864363],[28.211935,-25.86388],[28.21179,-25.862846],[28.220079,-25.862123],[28.221384,-25.861969]]]}},{"type":"Feature","properties":{"id":"799060045","name":"Southdowns Irene Country Farm","commuteMinutes":8.53,"nearestJobCenter":"Centurion","distanceKm":null,"nearestTransitKm":0.15368624358049085},"geometry":{"type":"Polygon","coordinates":[[[28.23229,-25.88546],[28.23192,-25.8857],[28.231302,-25.88554],[28.231119,-25.88538],[28.229712,-25.885469],[28.229021,-25.885229],[28.228781,-25.885],[28.228083,-25.884909],[28.227602,-25.88501],[28.226999,-25.886129],[28.225912,-25.886429],[28.225431,-25.88662],[28.22526,-25.88686],[28.225321,-25.887449],[28.225733,-25.88789],[28.225679,-25.88879],[28.226011,-25.889719],[28.2264,-25.890049],[28.226851,-25.890249],[28.227182,-25.89122],[28.22698,-25.89183],[28.227072,-25.89254],[28.227301,-25.893129],[28.227781,-25.89357],[28.22814,-25.894369],[28.228453,-25.894529],[28.228891,-25.8951],[28.228861,-25.895559],[28.228662,-25.89559],[28.228621,-25.89617],[28.228281,-25.89636],[28.227053,-25.89809],[28.226629,-25.898329],[28.226622,-25.898729],[28.226381,-25.899067],[28.225225,-25.899149],[28.225183,-25.899002],[28.225004,-25.896847],[28.224749,-25.896851],[28.22064,-25.896473],[28.219316,-25.896391],[28.216452,-25.896122],[28.212998,-25.896398],[28.2118,-25.89511],[28.210874,-25.89403],[28.206535,-25.889154],[28.20347,-25.885727],[28.20146,-25.883448],[28.200624,-25.882542],[28.201494,-25.882],[28.203651,-25.880977],[28.205538,-25.880074],[28.207285,-25.879137],[28.209021,-25.878246],[28.211184,-25.877037],[28.212645,-25.876305],[28.213224,-25.876345],[28.213656,-25.876605],[28.215351,-25.877691],[28.216718,-25.877908],[28.217948,-25.877886],[28.219865,-25.877683],[28.221045,-25.877596],[28.224459,-25.877271],[28.224865,-25.877263],[28.226674,-25.877042],[28.227602,-25.876868],[28.228933,-25.876374],[28.230167,-25.875634],[28.230449,-25.876164],[28.230187,-25.877155],[28.230187,-25.878198],[28.230501,-25.878186],[28.230507,-25.878419],[28.230227,-25.87973],[28.230274,-25.882894],[28.23229,-25.883989],[28.23229,-25.88546]]]}},{"type":"Feature","properties":{"id":"799060046","name":"Irene","commuteMinutes":13.06,"nearestJobCenter":"Centurion","distanceKm":null,"nearestTransitKm":0.7238246878981732},"geometry":{"type":"Polygon","coordinates":[[[28.24029,-25.878849],[28.240091,-25.87973],[28.238302,-25.883099],[28.238253,-25.883739],[28.238371,-25.88455],[28.238062,-25.88483],[28.23728,-25.88521],[28.236349,-25.88587],[28.235331,-25.886299],[28.234701,-25.88641],[28.234079,-25.88637],[28.23308,-25.885729],[28.23229,-25.88546],[28.23229,-25.883989],[28.230274,-25.882894],[28.230227,-25.87973],[28.230507,-25.878419],[28.230501,-25.878186],[28.230187,-25.878198],[28.230187,-25.877155],[28.230449,-25.876164],[28.230167,-25.875634],[28.230932,-25.875008],[28.231566,-25.874305],[28.232234,-25.873394],[28.236131,-25.876087],[28.24029,-25.878849]]]}},{"type":"Feature","properties":{"id":"799060047","name":"Cornwall Hill","commuteMinutes":12.51,"nearestJobCenter":"Centurion","distanceKm":null,"nearestTransitKm":1.2385252963791467},"geometry":{"type":"Polygon","coordinates":[[[28.253832,-25.87776],[28.253462,-25.878019],[28.253283,-25.879139],[28.252932,-25.87966],[28.251921,-25.879839],[28.251032,-25.879499],[28.250761,-25.879309],[28.250113,-25.879309],[28.247961,-25.87952],[28.247381,-25.87981],[28.246672,-25.879879],[28.245802,-25.880169],[28.244661,-25.880419],[28.244322,-25.8804],[28.243429,-25.879879],[28.242472,-25.879419],[28.241213,-25.878639],[28.240549,-25.87862],[28.24029,-25.878849],[28.236131,-25.876087],[28.232234,-25.873394],[28.237592,-25.865635],[28.23823,-25.864727],[28.239003,-25.86394],[28.241626,-25.866393],[28.243739,-25.866102],[28.246901,-25.866989],[28.24839,-25.867003],[28.25073,-25.870108],[28.250666,-25.874774],[28.250744,-25.875313],[28.251141,-25.876631],[28.252049,-25.876823],[28.253772,-25.87751],[28.253832,-25.87776]]]}},{"type":"Feature","properties":{"id":"799060048","name":"Irene Glen Private Estate","commuteMinutes":17.65,"nearestJobCenter":"Menlyn","distanceKm":null,"nearestTransitKm":1.6970484287540677},"geometry":{"type":"Polygon","coordinates":[[[28.25456,-25.877804],[28.25466,-25.881217],[28.254685,-25.884843],[28.253451,-25.88481],[28.247185,-25.883815],[28.247029,-25.886874],[28.244481,-25.888794],[28.243576,-25.888409],[28.243712,-25.887802],[28.242212,-25.885037],[28.240142,-25.884071],[28.238952,-25.884554],[28.238371,-25.88455],[28.238253,-25.883739],[28.238302,-25.883099],[28.240091,-25.87973],[28.24029,-25.878849],[28.240549,-25.87862],[28.241213,-25.878639],[28.242472,-25.879419],[28.243429,-25.879879],[28.244322,-25.8804],[28.244661,-25.880419],[28.245802,-25.880169],[28.246672,-25.879879],[28.247381,-25.87981],[28.247961,-25.87952],[28.250113,-25.879309],[28.250761,-25.879309],[28.251032,-25.879499],[28.251921,-25.879839],[28.252932,-25.87966],[28.253283,-25.879139],[28.253462,-25.878019],[28.253832,-25.87776],[28.25456,-25.877804]]]}},{"type":"Feature","properties":{"id":"799060049","name":"Doornkloof SH","commuteMinutes":19.42,"nearestJobCenter":"Centurion","distanceKm":null,"nearestTransitKm":1.1357201609016536},"geometry":{"type":"Polygon","coordinates":[[[28.262022,-25.87715],[28.262572,-25.880285],[28.263398,-25.884578],[28.263944,-25.887286],[28.264386,-25.88979],[28.265196,-25.893649],[28.265613,-25.895991],[28.265903,-25.897362],[28.266661,-25.901272],[28.267022,-25.903741],[28.271752,-25.902842],[28.273053,-25.902621],[28.273952,-25.906992],[28.2751,-25.912318],[28.275598,-25.914572],[28.276608,-25.915306],[28.276621,-25.915475],[28.26943,-25.91577],[28.271219,-25.925011],[28.256599,-25.92404],[28.24465,-25.92326],[28.242849,-25.923136],[28.238453,-25.922742],[28.238291,-25.922249],[28.237741,-25.92182],[28.23744,-25.921249],[28.237272,-25.92057],[28.236643,-25.91954],[28.235922,-25.9191],[28.235701,-25.91853],[28.23567,-25.916849],[28.235533,-25.91625],[28.235102,-25.91588],[28.234579,-25.915689],[28.2339,-25.915159],[28.233892,-25.91489],[28.234121,-25.914629],[28.234072,-25.91441],[28.233572,-25.91407],[28.233393,-25.913799],[28.232351,-25.91346],[28.23155,-25.913069],[28.231161,-25.91304],[28.2311,-25.912809],[28.231401,-25.912624],[28.231031,-25.91206],[28.231112,-25.911829],[28.230852,-25.911539],[28.23068,-25.91078],[28.23044,-25.91011],[28.22991,-25.90909],[28.23004,-25.907469],[28.23033,-25.906799],[28.230249,-25.90624],[28.230452,-25.90564],[28.230272,-25.90523],[28.229952,-25.90502],[28.229082,-25.90464],[28.228662,-25.904619],[28.22851,-25.904289],[28.228842,-25.90382],[28.228811,-25.90312],[28.228903,-25.90276],[28.228842,-25.902189],[28.22843,-25.90209],[28.228392,-25.901779],[28.228052,-25.90123],[28.227381,-25.90086],[28.227102,-25.900509],[28.227102,-25.9002],[28.226797,-25.90019],[28.226561,-25.899799],[28.226381,-25.899067],[28.226622,-25.898729],[28.226629,-25.898329],[28.227053,-25.89809],[28.228281,-25.89636],[28.228621,-25.89617],[28.228662,-25.89559],[28.228861,-25.895559],[28.228891,-25.8951],[28.228453,-25.894529],[28.22814,-25.894369],[28.227781,-25.89357],[28.227301,-25.893129],[28.227072,-25.89254],[28.22698,-25.89183],[28.227182,-25.89122],[28.226851,-25.890249],[28.2264,-25.890049],[28.226011,-25.889719],[28.225679,-25.88879],[28.225733,-25.88789],[28.225321,-25.887449],[28.22526,-25.88686],[28.225431,-25.88662],[28.225912,-25.886429],[28.226999,-25.886129],[28.227602,-25.88501],[28.228083,-25.884909],[28.228781,-25.885],[28.229021,-25.885229],[28.229712,-25.885469],[28.231119,-25.88538],[28.231302,-25.88554],[28.23192,-25.8857],[28.23229,-25.88546],[28.23308,-25.885729],[28.234079,-25.88637],[28.234701,-25.88641],[28.235331,-25.886299],[28.236349,-25.88587],[28.23728,-25.88521],[28.238062,-25.88483],[28.238371,-25.88455],[28.238952,-25.884554],[28.240142,-25.884071],[28.242212,-25.885037],[28.243712,-25.887802],[28.243576,-25.888409],[28.244481,-25.888794],[28.247029,-25.886874],[28.247185,-25.883815],[28.253451,-25.88481],[28.254685,-25.884843],[28.25466,-25.881217],[28.25456,-25.877804],[28.254862,-25.877869],[28.256441,-25.87841],[28.25738,-25.87859],[28.258329,-25.87941],[28.25889,-25.879539],[28.25952,-25.8794],[28.260443,-25.878689],[28.260672,-25.878349],[28.262022,-25.87715]]]}},{"type":"Feature","properties":{"id":"799060050","name":"Irene Research Institute","commuteMinutes":10.58,"nearestJobCenter":"Centurion","distanceKm":null,"nearestTransitKm":0.4409804114084032},"geometry":{"type":"Polygon","coordinates":[[[28.226381,-25.899067],[28.226561,-25.899799],[28.226797,-25.90019],[28.227102,-25.9002],[28.227102,-25.900509],[28.227381,-25.90086],[28.228052,-25.90123],[28.228392,-25.901779],[28.22843,-25.90209],[28.228842,-25.902189],[28.228903,-25.90276],[28.228811,-25.90312],[28.228842,-25.90382],[28.22851,-25.904289],[28.228662,-25.904619],[28.229082,-25.90464],[28.229952,-25.90502],[28.230272,-25.90523],[28.230452,-25.90564],[28.230249,-25.90624],[28.23033,-25.906799],[28.23004,-25.907469],[28.22991,-25.90909],[28.23044,-25.91011],[28.23068,-25.91078],[28.230852,-25.911539],[28.231112,-25.911829],[28.231031,-25.91206],[28.231401,-25.912624],[28.2311,-25.912809],[28.231161,-25.91304],[28.23155,-25.913069],[28.232351,-25.91346],[28.233393,-25.913799],[28.233572,-25.91407],[28.234072,-25.91441],[28.234121,-25.914629],[28.233892,-25.91489],[28.2339,-25.915159],[28.234579,-25.915689],[28.235102,-25.91588],[28.235533,-25.91625],[28.23567,-25.916849],[28.235701,-25.91853],[28.235922,-25.9191],[28.236643,-25.91954],[28.237272,-25.92057],[28.23744,-25.921249],[28.237741,-25.92182],[28.238291,-25.922249],[28.238453,-25.922742],[28.23011,-25.91972],[28.211901,-25.913139],[28.19352,-25.906481],[28.18499,-25.903407],[28.184797,-25.902187],[28.185026,-25.898975],[28.185106,-25.896662],[28.185003,-25.894861],[28.184401,-25.892595],[28.18563,-25.892584],[28.187376,-25.892529],[28.191343,-25.891956],[28.191786,-25.891861],[28.193914,-25.890842],[28.194674,-25.890335],[28.195742,-25.888784],[28.197935,-25.886673],[28.198648,-25.88574],[28.20019,-25.883041],[28.200624,-25.882542],[28.20146,-25.883448],[28.20347,-25.885727],[28.206535,-25.889154],[28.210874,-25.89403],[28.2118,-25.89511],[28.212998,-25.896398],[28.216452,-25.896122],[28.219316,-25.896391],[28.22064,-25.896473],[28.224749,-25.896851],[28.225004,-25.896847],[28.225183,-25.899002],[28.225225,-25.899149],[28.226381,-25.899067]]]}},{"type":"Feature","properties":{"id":"799060051","name":"Highveld","commuteMinutes":5.71,"nearestJobCenter":"Centurion","distanceKm":null,"nearestTransitKm":0.15258995360514674},"geometry":{"type":"Polygon","coordinates":[[[28.18563,-25.892584],[28.18616,-25.891271],[28.186091,-25.891098],[28.18427,-25.884676],[28.183347,-25.884803],[28.183041,-25.884102],[28.183621,-25.883782],[28.185049,-25.882679],[28.186396,-25.881445],[28.187451,-25.880293],[28.189771,-25.878248],[28.190567,-25.877372],[28.192206,-25.875197],[28.193386,-25.874087],[28.195611,-25.872244],[28.197926,-25.874767],[28.203651,-25.880977],[28.201494,-25.882],[28.200624,-25.882542],[28.20019,-25.883041],[28.198648,-25.88574],[28.197935,-25.886673],[28.195742,-25.888784],[28.194674,-25.890335],[28.193914,-25.890842],[28.191786,-25.891861],[28.191343,-25.891956],[28.187376,-25.892529],[28.18563,-25.892584]]]}},{"type":"Feature","properties":{"id":"799060052","name":"Highveld Techno Park","commuteMinutes":4.62,"nearestJobCenter":"Centurion","distanceKm":null,"nearestTransitKm":0.3916894884656427},"geometry":{"type":"Polygon","coordinates":[[[28.183041,-25.884102],[28.181918,-25.881563],[28.18118,-25.880353],[28.18043,-25.879799],[28.179992,-25.878808],[28.17915,-25.877597],[28.177214,-25.874172],[28.180391,-25.872755],[28.183878,-25.871124],[28.192667,-25.867066],[28.193671,-25.869581],[28.194136,-25.870491],[28.194948,-25.87153],[28.195611,-25.872244],[28.193386,-25.874087],[28.192206,-25.875197],[28.190567,-25.877372],[28.189771,-25.878248],[28.187451,-25.880293],[28.186396,-25.881445],[28.185049,-25.882679],[28.183621,-25.883782],[28.183041,-25.884102]]]}},{"type":"Feature","properties":{"id":"799060053","name":"Eco-Park Estate","commuteMinutes":7.53,"nearestJobCenter":"Centurion","distanceKm":null,"nearestTransitKm":0.45544256927294957},"geometry":{"type":"Polygon","coordinates":[[[28.183041,-25.884102],[28.183347,-25.884803],[28.18427,-25.884676],[28.186091,-25.891098],[28.18616,-25.891271],[28.18563,-25.892584],[28.184401,-25.892595],[28.177389,-25.892756],[28.176374,-25.892733],[28.173113,-25.892265],[28.170916,-25.892019],[28.165949,-25.892029],[28.165243,-25.892109],[28.168734,-25.878157],[28.169489,-25.877687],[28.170206,-25.877344],[28.17341,-25.875929],[28.177214,-25.874172],[28.17915,-25.877597],[28.179992,-25.878808],[28.18043,-25.879799],[28.18118,-25.880353],[28.181918,-25.881563],[28.183041,-25.884102]]]}},{"type":"Feature","properties":{"id":"799060054","name":"Rooihuiskraal","commuteMinutes":10.45,"nearestJobCenter":"Centurion","distanceKm":null,"nearestTransitKm":1.3565142354543038},"geometry":{"type":"Polygon","coordinates":[[[28.160528,-25.904095],[28.158617,-25.90382],[28.158426,-25.90535],[28.158506,-25.905622],[28.158087,-25.905674],[28.1579,-25.906221],[28.157488,-25.906298],[28.157152,-25.90683],[28.154959,-25.908428],[28.154913,-25.908405],[28.151049,-25.904942],[28.149546,-25.903807],[28.149302,-25.904001],[28.148291,-25.902905],[28.148779,-25.902548],[28.147989,-25.901966],[28.146402,-25.900543],[28.144701,-25.898993],[28.144293,-25.898666],[28.143763,-25.898647],[28.143095,-25.898067],[28.142679,-25.897425],[28.141577,-25.896624],[28.14113,-25.89645],[28.139738,-25.895302],[28.138704,-25.894373],[28.137589,-25.893302],[28.135569,-25.891735],[28.135019,-25.891556],[28.133463,-25.890205],[28.133223,-25.889862],[28.1397,-25.889149],[28.141314,-25.888748],[28.143793,-25.888268],[28.14894,-25.886699],[28.150309,-25.886282],[28.152514,-25.885456],[28.161489,-25.881395],[28.164984,-25.879807],[28.165506,-25.879601],[28.168756,-25.878052],[28.168734,-25.878157],[28.165243,-25.892109],[28.164812,-25.893702],[28.164305,-25.895344],[28.163649,-25.897234],[28.162867,-25.899195],[28.161852,-25.901503],[28.160528,-25.904095]]]}},{"type":"Feature","properties":{"id":"799060055","name":"Rooihuiskraal Noord","commuteMinutes":11.49,"nearestJobCenter":"Centurion","distanceKm":null,"nearestTransitKm":0.24562856764133492},"geometry":{"type":"MultiPolygon","coordinates":[[[[28.127637,-25.877788],[28.126995,-25.878389],[28.126147,-25.881058],[28.125338,-25.884109],[28.125011,-25.885522],[28.124404,-25.887819],[28.123701,-25.890089],[28.120386,-25.89035],[28.119836,-25.889335],[28.119809,-25.888452],[28.119969,-25.8875],[28.119625,-25.886411],[28.119113,-25.885947],[28.118889,-25.885371],[28.119345,-25.88265],[28.120234,-25.881113],[28.120466,-25.88052],[28.120001,-25.87984],[28.119585,-25.878712],[28.119921,-25.877751],[28.119993,-25.876967],[28.119625,-25.876262],[28.119809,-25.876094],[28.119761,-25.87541],[28.119539,-25.875231],[28.118025,-25.873613],[28.118432,-25.873314],[28.119662,-25.872417],[28.120403,-25.872733],[28.122951,-25.872371],[28.128461,-25.871407],[28.128618,-25.871841],[28.128462,-25.871987],[28.12829,-25.87256],[28.128181,-25.874094],[28.127946,-25.875509],[28.127557,-25.876992],[28.127637,-25.877788]]],[[[28.14894,-25.886699],[28.149397,-25.886168],[28.150142,-25.885066],[28.152633,-25.881156],[28.152808,-25.880151],[28.156074,-25.880429],[28.154959,-25.879516],[28.153977,-25.87909],[28.153139,-25.878904],[28.151285,-25.878623],[28.151059,-25.878884],[28.150447,-25.879241],[28.149603,-25.879419],[28.144768,-25.880113],[28.143072,-25.880381],[28.143138,-25.882652],[28.145143,-25.883375],[28.145673,-25.883471],[28.145748,-25.883703],[28.147785,-25.885312],[28.147456,-25.885476],[28.14894,-25.886699],[28.143793,-25.888268],[28.141314,-25.888748],[28.1397,-25.889149],[28.133223,-25.889862],[28.130181,-25.889912],[28.130527,-25.889645],[28.134476,-25.885969],[28.134324,-25.885167],[28.136998,-25.884775],[28.137294,-25.884631],[28.137806,-25.883975],[28.13783,-25.883719],[28.137366,-25.881294],[28.135798,-25.88143],[28.134925,-25.881302],[28.134027,-25.880957],[28.135432,-25.878649],[28.139281,-25.880527],[28.139378,-25.881039],[28.141183,-25.88078],[28.140701,-25.877885],[28.140505,-25.877163],[28.139401,-25.874043],[28.139217,-25.873259],[28.138415,-25.873467],[28.135746,-25.873842],[28.13546,-25.872508],[28.134332,-25.872674],[28.133944,-25.870993],[28.134081,-25.87085],[28.13661,-25.870436],[28.139692,-25.869961],[28.1416,-25.869658],[28.143595,-25.871964],[28.146265,-25.875008],[28.147013,-25.87504],[28.150927,-25.875578],[28.151072,-25.875662],[28.16186,-25.877136],[28.161718,-25.878992],[28.161489,-25.881395],[28.152514,-25.885456],[28.150309,-25.886282],[28.14894,-25.886699]]]]}},{"type":"Feature","properties":{"id":"799060056","name":"Raslouw Lifestyle Estate","commuteMinutes":14.58,"nearestJobCenter":"Centurion","distanceKm":null,"nearestTransitKm":2.2230794808138663},"geometry":{"type":"Polygon","coordinates":[[[28.119662,-25.872417],[28.118432,-25.873314],[28.118271,-25.873117],[28.11586,-25.867927],[28.113502,-25.862879],[28.110074,-25.864775],[28.108417,-25.865619],[28.1084,-25.863597],[28.104285,-25.865177],[28.103773,-25.864065],[28.103405,-25.86353],[28.103169,-25.863423],[28.101831,-25.863843],[28.100316,-25.864484],[28.098793,-25.862641],[28.09688,-25.858508],[28.097116,-25.858477],[28.098612,-25.860113],[28.099043,-25.86067],[28.099272,-25.860733],[28.101797,-25.859707],[28.103265,-25.859165],[28.107878,-25.857332],[28.108636,-25.857014],[28.115403,-25.854327],[28.119153,-25.854363],[28.119496,-25.855134],[28.12092,-25.856782],[28.121096,-25.857262],[28.120984,-25.858566],[28.121176,-25.85951],[28.120912,-25.860286],[28.12132,-25.861102],[28.122248,-25.862046],[28.122608,-25.862686],[28.122624,-25.863294],[28.122392,-25.863854],[28.122592,-25.865174],[28.122584,-25.866127],[28.122144,-25.867375],[28.121776,-25.868087],[28.121752,-25.868799],[28.122016,-25.869399],[28.12208,-25.870119],[28.122007,-25.870695],[28.119662,-25.872417]]]}},{"type":"Feature","properties":{"id":"799060057","name":"Heuwelsig Estate","commuteMinutes":13.55,"nearestJobCenter":"Centurion","distanceKm":null,"nearestTransitKm":1.9408976567222005},"geometry":{"type":"Polygon","coordinates":[[[28.10671,-25.882111],[28.106421,-25.881828],[28.108068,-25.877607],[28.1084,-25.876497],[28.108522,-25.875828],[28.108549,-25.875181],[28.108461,-25.869413],[28.108417,-25.865619],[28.110074,-25.864775],[28.113502,-25.862879],[28.11586,-25.867927],[28.118271,-25.873117],[28.118432,-25.873314],[28.118025,-25.873613],[28.10924,-25.880167],[28.10671,-25.882111]]]}},{"type":"Feature","properties":{"id":"799060058","name":"Monavoni","commuteMinutes":13.58,"nearestJobCenter":"Centurion","distanceKm":null,"nearestTransitKm":2.688225493577172},"geometry":{"type":"Polygon","coordinates":[[[28.108417,-25.865619],[28.108461,-25.869413],[28.108549,-25.875181],[28.108522,-25.875828],[28.1084,-25.876497],[28.108068,-25.877607],[28.106421,-25.881828],[28.10671,-25.882111],[28.106153,-25.882666],[28.106088,-25.883015],[28.105468,-25.882713],[28.1044,-25.882729],[28.103321,-25.882609],[28.103206,-25.882488],[28.100972,-25.879159],[28.098315,-25.875254],[28.097083,-25.873386],[28.09628,-25.872332],[28.096726,-25.872011],[28.098006,-25.871866],[28.098573,-25.871849],[28.098751,-25.870731],[28.099286,-25.867003],[28.098881,-25.865982],[28.098881,-25.865091],[28.100316,-25.864484],[28.101831,-25.863843],[28.103169,-25.863423],[28.103405,-25.86353],[28.103773,-25.864065],[28.104285,-25.865177],[28.1084,-25.863597],[28.108417,-25.865619]]]}},{"type":"Feature","properties":{"id":"799060059","name":"Heuweloord","commuteMinutes":13.39,"nearestJobCenter":"Centurion","distanceKm":null,"nearestTransitKm":1.5290908619187007},"geometry":{"type":"Polygon","coordinates":[[[28.120386,-25.89035],[28.119196,-25.890444],[28.116644,-25.890854],[28.111952,-25.891792],[28.108751,-25.892429],[28.108656,-25.891996],[28.108744,-25.890245],[28.107993,-25.889217],[28.106984,-25.887739],[28.106641,-25.887532],[28.106326,-25.887027],[28.105956,-25.886639],[28.105424,-25.886592],[28.106088,-25.883015],[28.106153,-25.882666],[28.10671,-25.882111],[28.10924,-25.880167],[28.118025,-25.873613],[28.119539,-25.875231],[28.119761,-25.87541],[28.119809,-25.876094],[28.119625,-25.876262],[28.119993,-25.876967],[28.119921,-25.877751],[28.119585,-25.878712],[28.120001,-25.87984],[28.120466,-25.88052],[28.120234,-25.881113],[28.119345,-25.88265],[28.118889,-25.885371],[28.119113,-25.885947],[28.119625,-25.886411],[28.119969,-25.8875],[28.119809,-25.888452],[28.119836,-25.889335],[28.120386,-25.89035]]]}},{"type":"Feature","properties":{"id":"799060060","name":"Monavoni AH","commuteMinutes":11.6,"nearestJobCenter":"Centurion","distanceKm":null,"nearestTransitKm":3.377760957694682},"geometry":{"type":"Polygon","coordinates":[[[28.106088,-25.883015],[28.105424,-25.886592],[28.105956,-25.886639],[28.106326,-25.887027],[28.106641,-25.887532],[28.106984,-25.887739],[28.107993,-25.889217],[28.108744,-25.890245],[28.108656,-25.891996],[28.108751,-25.892429],[28.10409,-25.893354],[28.103112,-25.893409],[28.09775,-25.893705],[28.095999,-25.893763],[28.091795,-25.894173],[28.090464,-25.894436],[28.087061,-25.895239],[28.085733,-25.895575],[28.085871,-25.893835],[28.086191,-25.892147],[28.087816,-25.890265],[28.090494,-25.887114],[28.090517,-25.886864],[28.089418,-25.885603],[28.085596,-25.881359],[28.083902,-25.879461],[28.083736,-25.879198],[28.084792,-25.878609],[28.091972,-25.87467],[28.09628,-25.872332],[28.097083,-25.873386],[28.098315,-25.875254],[28.100972,-25.879159],[28.103206,-25.882488],[28.103321,-25.882609],[28.1044,-25.882729],[28.105468,-25.882713],[28.106088,-25.883015]]]}},{"type":"Feature","properties":{"id":"799060061","name":"Mnandi AH","commuteMinutes":16.35,"nearestJobCenter":"Centurion","distanceKm":null,"nearestTransitKm":5.665129580903091},"geometry":{"type":"Polygon","coordinates":[[[28.083736,-25.879198],[28.083902,-25.879461],[28.085596,-25.881359],[28.089418,-25.885603],[28.090517,-25.886864],[28.090494,-25.887114],[28.087816,-25.890265],[28.086191,-25.892147],[28.085871,-25.893835],[28.085733,-25.895575],[28.085535,-25.898325],[28.085554,-25.899202],[28.085268,-25.903345],[28.085332,-25.903967],[28.085321,-25.904261],[28.084543,-25.904156],[28.084127,-25.904014],[28.081987,-25.900146],[28.080495,-25.899563],[28.07861,-25.89898],[28.077197,-25.898465],[28.074039,-25.897431],[28.06435,-25.894406],[28.065332,-25.890812],[28.065603,-25.889397],[28.06553,-25.888277],[28.067519,-25.887585],[28.066633,-25.885251],[28.066496,-25.885035],[28.064581,-25.88571],[28.055937,-25.888786],[28.05501,-25.889202],[28.054785,-25.888355],[28.055372,-25.883694],[28.055605,-25.882133],[28.055687,-25.881175],[28.0586,-25.880527],[28.058681,-25.880082],[28.063496,-25.879111],[28.06383,-25.880421],[28.066694,-25.879829],[28.06716,-25.879639],[28.069433,-25.879185],[28.069433,-25.879093],[28.070154,-25.878952],[28.06922,-25.877213],[28.067984,-25.875017],[28.068098,-25.874968],[28.071314,-25.875793],[28.072283,-25.874754],[28.073276,-25.873752],[28.076769,-25.876532],[28.077391,-25.876987],[28.079653,-25.874641],[28.081877,-25.872013],[28.083506,-25.878342],[28.083736,-25.879198]]]}},{"type":"Feature","properties":{"id":"799060062","name":"Knoppieslaagte AH","commuteMinutes":19.27,"nearestJobCenter":"Centurion","distanceKm":null,"nearestTransitKm":7.076934384634663},"geometry":{"type":"Polygon","coordinates":[[[28.085321,-25.904261],[28.08531,-25.90448],[28.083952,-25.907129],[28.082594,-25.909966],[28.079721,-25.91584],[28.078615,-25.918068],[28.077196,-25.92071],[28.07723,-25.920891],[28.07563,-25.92697],[28.07505,-25.929211],[28.07468,-25.928761],[28.058189,-25.930361],[28.04912,-25.93125],[28.04574,-25.931549],[28.04487,-25.930901],[28.03916,-25.92639],[28.0362,-25.92153],[28.03261,-25.915569],[28.030041,-25.911325],[28.030485,-25.911179],[28.033773,-25.909304],[28.039553,-25.906511],[28.040861,-25.905962],[28.044149,-25.904991],[28.046801,-25.904461],[28.047934,-25.904337],[28.056067,-25.903311],[28.059164,-25.902946],[28.059702,-25.901981],[28.06011,-25.901415],[28.060488,-25.90107],[28.061808,-25.900173],[28.062189,-25.899849],[28.062773,-25.899193],[28.063219,-25.898382],[28.063364,-25.897976],[28.06435,-25.894406],[28.074039,-25.897431],[28.077197,-25.898465],[28.07861,-25.89898],[28.080495,-25.899563],[28.081987,-25.900146],[28.084127,-25.904014],[28.084543,-25.904156],[28.085321,-25.904261]]]}},{"type":"Feature","properties":{"id":"799060063","name":"Eldoraigne Ext 6","commuteMinutes":6.12,"nearestJobCenter":"Centurion","distanceKm":null,"nearestTransitKm":0.023594029569708984},"geometry":{"type":"Polygon","coordinates":[[[28.152641,-25.863526],[28.151982,-25.860277],[28.153274,-25.860239],[28.1552,-25.859922],[28.155032,-25.857576],[28.154859,-25.855768],[28.157051,-25.855533],[28.157233,-25.861167],[28.157148,-25.861292],[28.157188,-25.862702],[28.153614,-25.863299],[28.153621,-25.863363],[28.152641,-25.863526]]]}},{"type":"Feature","properties":{"id":"799060064","name":"Eldoraigne Ext 9, 19","commuteMinutes":8.17,"nearestJobCenter":"Centurion","distanceKm":null,"nearestTransitKm":0.5606283383400562},"geometry":{"type":"Polygon","coordinates":[[[28.154989,-25.867374],[28.154219,-25.867619],[28.153555,-25.867722],[28.153452,-25.867102],[28.153341,-25.867075],[28.152641,-25.863526],[28.153621,-25.863363],[28.153614,-25.863299],[28.157188,-25.862702],[28.157229,-25.864148],[28.157554,-25.86448],[28.156171,-25.866434],[28.155818,-25.866828],[28.154989,-25.867374]]]}},{"type":"Feature","properties":{"id":"799060065","name":"Wierda Park Ext 2","commuteMinutes":6.79,"nearestJobCenter":"Centurion","distanceKm":null,"nearestTransitKm":0.04403532248634106},"geometry":{"type":"Polygon","coordinates":[[[28.162386,-25.869427],[28.162146,-25.873148],[28.16186,-25.877136],[28.151072,-25.875662],[28.150927,-25.875578],[28.147013,-25.87504],[28.146265,-25.875008],[28.143595,-25.871964],[28.1416,-25.869658],[28.144061,-25.86925],[28.146131,-25.868936],[28.153555,-25.867722],[28.154219,-25.867619],[28.154989,-25.867374],[28.155405,-25.869387],[28.155333,-25.869398],[28.155542,-25.870445],[28.156553,-25.870289],[28.156557,-25.870354],[28.160295,-25.869757],[28.160482,-25.869844],[28.160772,-25.869371],[28.161291,-25.869524],[28.162386,-25.869427]]]}},{"type":"Feature","properties":{"id":"799060066","name":"Amberfield Glen","commuteMinutes":10.87,"nearestJobCenter":"Centurion","distanceKm":null,"nearestTransitKm":0.09936919683999439},"geometry":{"type":"Polygon","coordinates":[[[28.135746,-25.873842],[28.13483,-25.874066],[28.132207,-25.875028],[28.131675,-25.875251],[28.131171,-25.875795],[28.130357,-25.878499],[28.127637,-25.877788],[28.127557,-25.876992],[28.127946,-25.875509],[28.128181,-25.874094],[28.12829,-25.87256],[28.128462,-25.871987],[28.128618,-25.871841],[28.133944,-25.870993],[28.134332,-25.872674],[28.13546,-25.872508],[28.135746,-25.873842]]]}},{"type":"Feature","properties":{"id":"799060067","name":"Amberfield Heights","commuteMinutes":11.28,"nearestJobCenter":"Centurion","distanceKm":null,"nearestTransitKm":0.4097455483429785},"geometry":{"type":"Polygon","coordinates":[[[28.135432,-25.878649],[28.136201,-25.877354],[28.136271,-25.877021],[28.136169,-25.875733],[28.135746,-25.873842],[28.138415,-25.873467],[28.139217,-25.873259],[28.139401,-25.874043],[28.140505,-25.877163],[28.140701,-25.877885],[28.141183,-25.88078],[28.139378,-25.881039],[28.139281,-25.880527],[28.135432,-25.878649]]]}},{"type":"Feature","properties":{"id":"799060068","name":"Amberfield Crest","commuteMinutes":10.38,"nearestJobCenter":"Centurion","distanceKm":null,"nearestTransitKm":0.26418342547051604},"geometry":{"type":"Polygon","coordinates":[[[28.134027,-25.880957],[28.13352,-25.88064],[28.131948,-25.879434],[28.131146,-25.878863],[28.130357,-25.878499],[28.131171,-25.875795],[28.131675,-25.875251],[28.132207,-25.875028],[28.13483,-25.874066],[28.135746,-25.873842],[28.136169,-25.875733],[28.136271,-25.877021],[28.136201,-25.877354],[28.135432,-25.878649],[28.134027,-25.880957]]]}},{"type":"Feature","properties":{"id":"799060069","name":"Amberfield Manor","commuteMinutes":10.61,"nearestJobCenter":"Centurion","distanceKm":null,"nearestTransitKm":0.2332690184942731},"geometry":{"type":"Polygon","coordinates":[[[28.13018,-25.885315],[28.125338,-25.884109],[28.126147,-25.881058],[28.126995,-25.878389],[28.127637,-25.877788],[28.130357,-25.878499],[28.131146,-25.878863],[28.131948,-25.879434],[28.131695,-25.880338],[28.13018,-25.885315]]]}},{"type":"Feature","properties":{"id":"799060070","name":"Amberfield Ridge","commuteMinutes":10.21,"nearestJobCenter":"Centurion","distanceKm":null,"nearestTransitKm":0.1656327942916285},"geometry":{"type":"Polygon","coordinates":[[[28.134324,-25.885167],[28.131325,-25.885607],[28.13018,-25.885315],[28.131695,-25.880338],[28.131948,-25.879434],[28.13352,-25.88064],[28.134027,-25.880957],[28.134925,-25.881302],[28.135798,-25.88143],[28.137366,-25.881294],[28.13783,-25.883719],[28.137806,-25.883975],[28.137294,-25.884631],[28.136998,-25.884775],[28.134324,-25.885167]]]}},{"type":"Feature","properties":{"id":"799060071","name":"Amberfield Valley","commuteMinutes":11.71,"nearestJobCenter":"Centurion","distanceKm":null,"nearestTransitKm":0.9207647576747066},"geometry":{"type":"Polygon","coordinates":[[[28.13018,-25.885315],[28.131325,-25.885607],[28.134324,-25.885167],[28.134476,-25.885969],[28.130527,-25.889645],[28.130181,-25.889912],[28.125624,-25.889988],[28.123701,-25.890089],[28.124404,-25.887819],[28.125011,-25.885522],[28.125338,-25.884109],[28.13018,-25.885315]]]}},{"type":"Feature","properties":{"id":"799060072","name":"The Reeds","commuteMinutes":11.83,"nearestJobCenter":"Centurion","distanceKm":null,"nearestTransitKm":1.387174859194419},"geometry":{"type":"Polygon","coordinates":[[[28.129386,-25.896768],[28.128648,-25.896347],[28.128111,-25.895935],[28.126236,-25.894679],[28.1255,-25.89427],[28.129487,-25.890607],[28.130181,-25.889912],[28.133223,-25.889862],[28.133463,-25.890205],[28.135019,-25.891556],[28.135569,-25.891735],[28.137589,-25.893302],[28.131245,-25.895119],[28.130112,-25.895695],[28.129386,-25.896768]]]}},{"type":"Feature","properties":{"id":"799060073","name":"Thatchfield","commuteMinutes":13.52,"nearestJobCenter":"Centurion","distanceKm":null,"nearestTransitKm":2.0459564067182185},"geometry":{"type":"Polygon","coordinates":[[[28.117086,-25.9021],[28.113718,-25.895367],[28.112188,-25.892378],[28.111952,-25.891792],[28.116644,-25.890854],[28.119196,-25.890444],[28.120386,-25.89035],[28.123701,-25.890089],[28.125624,-25.889988],[28.130181,-25.889912],[28.129487,-25.890607],[28.1255,-25.89427],[28.122032,-25.897531],[28.120266,-25.899169],[28.119871,-25.899611],[28.119524,-25.899858],[28.117086,-25.9021]]]}},{"type":"Feature","properties":{"id":"799060074","name":"Rua Vista","commuteMinutes":12.84,"nearestJobCenter":"Centurion","distanceKm":null,"nearestTransitKm":3.095974728357448},"geometry":{"type":"Polygon","coordinates":[[[28.117086,-25.9021],[28.117464,-25.902857],[28.116729,-25.902664],[28.11328,-25.901542],[28.112842,-25.904331],[28.111979,-25.904248],[28.111067,-25.90334],[28.110771,-25.903151],[28.109749,-25.903047],[28.108468,-25.902823],[28.107249,-25.902042],[28.1064,-25.901808],[28.102641,-25.901332],[28.103175,-25.898458],[28.103487,-25.89647],[28.103496,-25.896048],[28.103102,-25.894628],[28.103019,-25.894069],[28.103112,-25.893409],[28.10409,-25.893354],[28.108751,-25.892429],[28.111952,-25.891792],[28.112188,-25.892378],[28.113718,-25.895367],[28.117086,-25.9021]]]}},{"type":"Feature","properties":{"id":"799060075","name":"Gardener Ross Golf and Country Estate","commuteMinutes":25.33,"nearestJobCenter":"Centurion","distanceKm":null,"nearestTransitKm":8.159276420649892},"geometry":{"type":"Polygon","coordinates":[[[28.046671,-25.865936],[28.046996,-25.865897],[28.048233,-25.866106],[28.051683,-25.866899],[28.053614,-25.867399],[28.054869,-25.867859],[28.056173,-25.868437],[28.057032,-25.869789],[28.056829,-25.871975],[28.056597,-25.873451],[28.056307,-25.876707],[28.056198,-25.877089],[28.049028,-25.882396],[28.046645,-25.88418],[28.04365,-25.886315],[28.038832,-25.885208],[28.037647,-25.883776],[28.036227,-25.879909],[28.035628,-25.878359],[28.036995,-25.875703],[28.038532,-25.874127],[28.040238,-25.872447],[28.046671,-25.865936]]]}},{"type":"Feature","properties":{"id":"799060076","name":"Wierdaglen Estate","commuteMinutes":11.37,"nearestJobCenter":"Centurion","distanceKm":null,"nearestTransitKm":0.2235815121480593},"geometry":{"type":"Polygon","coordinates":[[[28.14894,-25.886699],[28.147456,-25.885476],[28.147785,-25.885312],[28.145748,-25.883703],[28.145673,-25.883471],[28.145143,-25.883375],[28.143138,-25.882652],[28.143072,-25.880381],[28.144768,-25.880113],[28.149603,-25.879419],[28.150447,-25.879241],[28.151059,-25.878884],[28.151285,-25.878623],[28.153139,-25.878904],[28.153977,-25.87909],[28.154959,-25.879516],[28.156074,-25.880429],[28.152808,-25.880151],[28.152633,-25.881156],[28.150142,-25.885066],[28.149397,-25.886168],[28.14894,-25.886699]]]}},{"type":"Feature","properties":{"id":"799060077","name":"The Reeds Ext 15","commuteMinutes":11.65,"nearestJobCenter":"Centurion","distanceKm":null,"nearestTransitKm":1.8398466530432473},"geometry":{"type":"Polygon","coordinates":[[[28.141117,-25.904471],[28.137497,-25.902106],[28.136963,-25.901829],[28.134344,-25.900094],[28.132579,-25.898948],[28.132445,-25.898765],[28.129386,-25.896768],[28.130112,-25.895695],[28.131245,-25.895119],[28.137589,-25.893302],[28.138704,-25.894373],[28.139738,-25.895302],[28.14113,-25.89645],[28.141577,-25.896624],[28.142679,-25.897425],[28.143095,-25.898067],[28.143763,-25.898647],[28.144293,-25.898666],[28.144701,-25.898993],[28.146402,-25.900543],[28.145814,-25.900905],[28.144269,-25.902119],[28.144112,-25.902139],[28.141117,-25.904471]]]}},{"type":"Feature","properties":{"id":"799060078","name":"The Reeds Ext 5","commuteMinutes":11.9,"nearestJobCenter":"Centurion","distanceKm":null,"nearestTransitKm":2.4159833589162156},"geometry":{"type":"Polygon","coordinates":[[[28.134344,-25.900094],[28.134009,-25.900714],[28.133551,-25.901241],[28.131402,-25.904263],[28.131131,-25.904567],[28.130922,-25.905137],[28.13027,-25.906338],[28.129648,-25.90605],[28.12896,-25.90597],[28.124517,-25.906563],[28.124525,-25.904854],[28.124582,-25.901934],[28.123713,-25.90196],[28.123121,-25.901909],[28.122419,-25.901659],[28.122313,-25.901978],[28.121439,-25.901808],[28.121538,-25.900991],[28.121367,-25.900555],[28.120607,-25.899883],[28.120337,-25.900391],[28.119871,-25.899611],[28.120266,-25.899169],[28.122032,-25.897531],[28.1255,-25.89427],[28.126236,-25.894679],[28.128111,-25.895935],[28.128648,-25.896347],[28.129386,-25.896768],[28.132445,-25.898765],[28.132579,-25.898948],[28.134344,-25.900094]]]}},{"type":"Feature","properties":{"id":"799060079","name":"The Reeds Ext 9","commuteMinutes":13.24,"nearestJobCenter":"Centurion","distanceKm":null,"nearestTransitKm":2.5337494794869384},"geometry":{"type":"Polygon","coordinates":[[[28.137212,-25.911253],[28.137046,-25.911186],[28.135866,-25.910205],[28.133322,-25.908493],[28.131294,-25.90698],[28.13027,-25.906338],[28.130922,-25.905137],[28.131131,-25.904567],[28.131402,-25.904263],[28.133551,-25.901241],[28.134009,-25.900714],[28.134344,-25.900094],[28.136963,-25.901829],[28.137497,-25.902106],[28.141117,-25.904471],[28.143551,-25.906035],[28.143845,-25.906306],[28.143318,-25.906832],[28.140867,-25.90869],[28.139739,-25.909487],[28.138991,-25.909906],[28.138293,-25.910388],[28.137212,-25.911253]]]}},{"type":"Feature","properties":{"id":"799060080","name":"The Reeds Ext 2, 10, 43","commuteMinutes":11.87,"nearestJobCenter":"Centurion","distanceKm":null,"nearestTransitKm":1.3619830686830146},"geometry":{"type":"Polygon","coordinates":[[[28.154913,-25.908405],[28.153059,-25.90976],[28.15296,-25.9098],[28.148161,-25.908613],[28.146978,-25.908308],[28.144203,-25.906497],[28.143845,-25.906306],[28.143551,-25.906035],[28.141117,-25.904471],[28.144112,-25.902139],[28.144269,-25.902119],[28.145814,-25.900905],[28.146402,-25.900543],[28.147989,-25.901966],[28.148779,-25.902548],[28.148291,-25.902905],[28.149302,-25.904001],[28.149546,-25.903807],[28.151049,-25.904942],[28.154913,-25.908405]]]}},{"type":"Feature","properties":{"id":"799060081","name":"The Reeds Ext 6,19,20","commuteMinutes":12.73,"nearestJobCenter":"Centurion","distanceKm":null,"nearestTransitKm":1.6614478342712333},"geometry":{"type":"Polygon","coordinates":[[[28.146143,-25.914652],[28.143969,-25.913092],[28.142912,-25.912193],[28.141287,-25.912256],[28.140261,-25.91223],[28.136451,-25.91229],[28.136593,-25.912048],[28.137212,-25.911253],[28.138293,-25.910388],[28.138991,-25.909906],[28.139739,-25.909487],[28.140867,-25.90869],[28.143318,-25.906832],[28.143845,-25.906306],[28.144203,-25.906497],[28.146978,-25.908308],[28.146784,-25.908455],[28.146421,-25.911734],[28.146143,-25.914652]]]}},{"type":"Feature","properties":{"id":"799060082","name":"The Reeds Ext 17, 45","commuteMinutes":13.87,"nearestJobCenter":"Centurion","distanceKm":null,"nearestTransitKm":3.107662594600829},"geometry":{"type":"Polygon","coordinates":[[[28.137212,-25.911253],[28.136593,-25.912048],[28.136028,-25.912035],[28.129478,-25.912134],[28.126531,-25.912298],[28.125235,-25.91223],[28.123991,-25.911524],[28.121588,-25.909649],[28.119478,-25.908178],[28.120382,-25.907263],[28.120972,-25.907231],[28.121817,-25.907326],[28.124559,-25.906898],[28.124517,-25.906563],[28.12896,-25.90597],[28.129648,-25.90605],[28.13027,-25.906338],[28.131294,-25.90698],[28.133322,-25.908493],[28.135866,-25.910205],[28.137046,-25.911186],[28.137212,-25.911253]]]}},{"type":"Feature","properties":{"id":"799060083","name":"Kosmosdal","commuteMinutes":14.62,"nearestJobCenter":"Centurion","distanceKm":null,"nearestTransitKm":2.224960946145231},"geometry":{"type":"Polygon","coordinates":[[[28.124821,-25.91582],[28.124987,-25.91422],[28.125267,-25.913393],[28.126531,-25.912298],[28.129478,-25.912134],[28.136028,-25.912035],[28.136593,-25.912048],[28.136451,-25.91229],[28.134541,-25.916054],[28.136614,-25.916575],[28.137527,-25.916725],[28.138423,-25.916784],[28.140012,-25.919764],[28.13739,-25.919982],[28.131668,-25.920337],[28.12991,-25.92043],[28.128911,-25.919824],[28.127517,-25.918494],[28.126199,-25.91701],[28.124821,-25.91582]]]}},{"type":"Feature","properties":{"id":"799060084","name":"Brookelands Lifestyle Estate","commuteMinutes":14.72,"nearestJobCenter":"Centurion","distanceKm":null,"nearestTransitKm":1.43490536855438},"geometry":{"type":"Polygon","coordinates":[[[28.146143,-25.914652],[28.146437,-25.915054],[28.147289,-25.915724],[28.147822,-25.916235],[28.151297,-25.918927],[28.150936,-25.919495],[28.150326,-25.919241],[28.149515,-25.919159],[28.140928,-25.919688],[28.140012,-25.919764],[28.138423,-25.916784],[28.137527,-25.916725],[28.136614,-25.916575],[28.134541,-25.916054],[28.136451,-25.91229],[28.140261,-25.91223],[28.141287,-25.912256],[28.142912,-25.912193],[28.143969,-25.913092],[28.146143,-25.914652]]]}},{"type":"Feature","properties":{"id":"799060085","name":"Louwlardia","commuteMinutes":11.27,"nearestJobCenter":"Centurion","distanceKm":null,"nearestTransitKm":0.735608412207445},"geometry":{"type":"Polygon","coordinates":[[[28.184401,-25.892595],[28.185003,-25.894861],[28.185106,-25.896662],[28.185026,-25.898975],[28.184797,-25.902187],[28.18499,-25.903407],[28.184227,-25.906531],[28.18105,-25.906005],[28.175291,-25.905244],[28.174821,-25.905042],[28.174642,-25.903182],[28.173521,-25.90325],[28.173521,-25.900785],[28.170721,-25.901547],[28.171415,-25.904616],[28.171774,-25.905692],[28.172676,-25.907414],[28.172106,-25.911121],[28.172087,-25.911383],[28.182542,-25.913447],[28.181049,-25.91955],[28.17627,-25.921249],[28.160736,-25.926807],[28.148344,-25.931263],[28.148699,-25.930206],[28.147966,-25.929968],[28.148443,-25.929098],[28.145773,-25.927898],[28.146715,-25.926266],[28.148279,-25.923679],[28.150936,-25.919495],[28.151297,-25.918927],[28.1523,-25.917347],[28.155458,-25.912298],[28.156477,-25.910698],[28.160528,-25.904095],[28.161852,-25.901503],[28.162867,-25.899195],[28.163649,-25.897234],[28.164305,-25.895344],[28.164812,-25.893702],[28.165243,-25.892109],[28.165949,-25.892029],[28.170916,-25.892019],[28.173113,-25.892265],[28.176374,-25.892733],[28.177389,-25.892756],[28.184401,-25.892595]]]}},{"type":"Feature","properties":{"id":"799060086","name":"Midstream Estates","commuteMinutes":13.89,"nearestJobCenter":"Centurion","distanceKm":null,"nearestTransitKm":1.3975151433329103},"geometry":{"type":"Polygon","coordinates":[[[28.184227,-25.906531],[28.182542,-25.913447],[28.172087,-25.911383],[28.172106,-25.911121],[28.172676,-25.907414],[28.171774,-25.905692],[28.171415,-25.904616],[28.170721,-25.901547],[28.173521,-25.900785],[28.173521,-25.90325],[28.174642,-25.903182],[28.174821,-25.905042],[28.175291,-25.905244],[28.18105,-25.906005],[28.184227,-25.906531]]]}},{"type":"Feature","properties":{"id":"799060087","name":"Laezonia AH","commuteMinutes":17.73,"nearestJobCenter":"Centurion","distanceKm":null,"nearestTransitKm":11.916545755570759},"geometry":{"type":"Polygon","coordinates":[[[28.029905,-25.911102],[28.0273,-25.912531],[28.01663,-25.91832],[28.012476,-25.920582],[28.012701,-25.919664],[28.012514,-25.91897],[28.011816,-25.91567],[28.011362,-25.913414],[28.010805,-25.910931],[28.009787,-25.9102],[28.009687,-25.910015],[28.009668,-25.90929],[28.009573,-25.90914],[28.007479,-25.907621],[28.007402,-25.907412],[28.006632,-25.906712],[28.005472,-25.905579],[28.005011,-25.905012],[28.003641,-25.903709],[28.003321,-25.90336],[27.998751,-25.898773],[27.998541,-25.898497],[28.001688,-25.897594],[28.002378,-25.897366],[28.002157,-25.896378],[28.001875,-25.894722],[28.00139,-25.892673],[28.001184,-25.891518],[28.001814,-25.891399],[28.003199,-25.891272],[28.005831,-25.890978],[28.006086,-25.890917],[28.010408,-25.890467],[28.013372,-25.890076],[28.015654,-25.889832],[28.016459,-25.889715],[28.017519,-25.889093],[28.018377,-25.888655],[28.022814,-25.886274],[28.023119,-25.886198],[28.024126,-25.887016],[28.024908,-25.887281],[28.027472,-25.887857],[28.027384,-25.891253],[28.0273,-25.895681],[28.027643,-25.895775],[28.028109,-25.898775],[28.028402,-25.900848],[28.028742,-25.900835],[28.031618,-25.904236],[28.029047,-25.906013],[28.029905,-25.911102]]]}},{"type":"Feature","properties":{"id":"799060088","name":"Blair Atholl Golf Estate","commuteMinutes":36.08,"nearestJobCenter":"Centurion","distanceKm":null,"nearestTransitKm":16.94121891274955},"geometry":{"type":"Polygon","coordinates":[[[27.923802,-25.917366],[27.92248,-25.917561],[27.9142,-25.91382],[27.906731,-25.91046],[27.90115,-25.90793],[27.90098,-25.90526],[27.900353,-25.895563],[27.90048,-25.895138],[27.900793,-25.895651],[27.901716,-25.89625],[27.902132,-25.896309],[27.903643,-25.896194],[27.9041,-25.896032],[27.905447,-25.895027],[27.905844,-25.8948],[27.906931,-25.894377],[27.912138,-25.895456],[27.912806,-25.895473],[27.913424,-25.895206],[27.914915,-25.894947],[27.915728,-25.894857],[27.922506,-25.893814],[27.923185,-25.893618],[27.923386,-25.896222],[27.923623,-25.900468],[27.923805,-25.903183],[27.923914,-25.905698],[27.923951,-25.908031],[27.923787,-25.915594],[27.923802,-25.917366]]]}},{"type":"Feature","properties":{"id":"799060089","name":"Centurion SP2","commuteMinutes":12,"nearestJobCenter":"Centurion","distanceKm":null,"nearestTransitKm":0.8135979800534769},"geometry":{"type":"Polygon","coordinates":[[[28.160528,-25.904095],[28.156477,-25.910698],[28.155458,-25.912298],[28.1523,-25.917347],[28.151297,-25.918927],[28.147822,-25.916235],[28.147289,-25.915724],[28.146437,-25.915054],[28.146143,-25.914652],[28.146421,-25.911734],[28.146784,-25.908455],[28.146978,-25.908308],[28.148161,-25.908613],[28.15296,-25.9098],[28.153059,-25.90976],[28.154913,-25.908405],[28.154959,-25.908428],[28.157152,-25.90683],[28.157488,-25.906298],[28.1579,-25.906221],[28.158087,-25.905674],[28.158506,-25.905622],[28.158426,-25.90535],[28.158617,-25.90382],[28.160528,-25.904095]]]}},{"type":"Feature","properties":{"id":"799060090","name":"Centurion SP1","commuteMinutes":16.34,"nearestJobCenter":"Centurion","distanceKm":null,"nearestTransitKm":2.863636310107485},"geometry":{"type":"Polygon","coordinates":[[[28.140012,-25.919764],[28.140928,-25.919688],[28.141127,-25.922699],[28.14106,-25.923742],[28.140928,-25.924205],[28.140547,-25.92495],[28.139141,-25.926687],[28.137056,-25.929202],[28.136262,-25.930046],[28.135299,-25.930834],[28.13383,-25.931662],[28.132858,-25.932005],[28.13214,-25.932193],[28.131386,-25.932299],[28.129818,-25.932422],[28.124769,-25.931871],[28.124536,-25.931822],[28.118813,-25.929653],[28.11874,-25.9298],[28.115664,-25.928586],[28.114243,-25.928145],[28.113324,-25.928023],[28.1095,-25.927447],[28.108593,-25.927385],[28.107625,-25.927483],[28.107111,-25.927667],[28.106246,-25.928156],[28.105471,-25.9249],[28.105074,-25.924966],[28.104597,-25.922699],[28.108255,-25.921627],[28.110888,-25.920931],[28.112669,-25.922487],[28.114397,-25.922068],[28.115694,-25.922323],[28.116205,-25.921961],[28.116945,-25.921627],[28.117754,-25.921124],[28.1182,-25.921038],[28.120649,-25.9209],[28.121058,-25.917732],[28.121408,-25.917717],[28.121622,-25.916477],[28.121516,-25.916176],[28.121696,-25.915473],[28.122029,-25.91513],[28.122676,-25.91474],[28.12305,-25.914386],[28.123394,-25.914724],[28.124821,-25.91582],[28.126199,-25.91701],[28.127517,-25.918494],[28.128911,-25.919824],[28.12991,-25.92043],[28.131668,-25.920337],[28.13739,-25.919982],[28.140012,-25.919764]]]}},{"type":"Feature","properties":{"id":"799060091","name":"Samrand Business Park","commuteMinutes":13.61,"nearestJobCenter":"Centurion","distanceKm":null,"nearestTransitKm":0.7012544166729785},"geometry":{"type":"Polygon","coordinates":[[[28.13822,-25.934888],[28.138165,-25.934612],[28.137735,-25.933752],[28.137768,-25.93347],[28.136262,-25.930046],[28.137056,-25.929202],[28.139141,-25.926687],[28.140547,-25.92495],[28.140928,-25.924205],[28.14106,-25.923742],[28.141127,-25.922699],[28.140928,-25.919688],[28.149515,-25.919159],[28.150326,-25.919241],[28.150936,-25.919495],[28.148279,-25.923679],[28.146715,-25.926266],[28.145773,-25.927898],[28.148443,-25.929098],[28.147966,-25.929968],[28.148699,-25.930206],[28.148344,-25.931263],[28.14325,-25.933081],[28.13822,-25.934888]]]}},{"type":"Feature","properties":{"id":"799060092","name":"Valley View Estate","commuteMinutes":14.04,"nearestJobCenter":"Centurion","distanceKm":null,"nearestTransitKm":1.2787152176752132},"geometry":{"type":"Polygon","coordinates":[[[28.131083,-25.937441],[28.131313,-25.936723],[28.131301,-25.936209],[28.131386,-25.932299],[28.13214,-25.932193],[28.132858,-25.932005],[28.13383,-25.931662],[28.135299,-25.930834],[28.136262,-25.930046],[28.137768,-25.93347],[28.137735,-25.933752],[28.138165,-25.934612],[28.13822,-25.934888],[28.131083,-25.937441]]]}},{"type":"Feature","properties":{"id":"799060093","name":"Blue Valley Golf Estate","commuteMinutes":16.12,"nearestJobCenter":"Centurion","distanceKm":null,"nearestTransitKm":2.014493118931854},"geometry":{"type":"Polygon","coordinates":[[[28.131386,-25.932299],[28.131301,-25.936209],[28.131313,-25.936723],[28.131083,-25.937441],[28.12619,-25.939199],[28.110229,-25.94491],[28.106246,-25.928156],[28.107111,-25.927667],[28.107625,-25.927483],[28.108593,-25.927385],[28.1095,-25.927447],[28.113324,-25.928023],[28.114243,-25.928145],[28.115664,-25.928586],[28.11874,-25.9298],[28.118813,-25.929653],[28.124536,-25.931822],[28.124769,-25.931871],[28.129818,-25.932422],[28.131386,-25.932299]]]}},{"type":"Feature","properties":{"id":"799061001","name":"Cheetah Park SP","commuteMinutes":39.29,"nearestJobCenter":"Pretoria CBD","distanceKm":null,"nearestTransitKm":8.886442886997783},"geometry":{"type":"Polygon","coordinates":[[[27.999657,-25.795341],[27.998755,-25.803514],[27.998186,-25.809071],[27.992224,-25.806738],[27.98995,-25.805859],[27.986681,-25.807751],[27.98311,-25.811867],[27.976221,-25.813175],[27.960171,-25.81599],[27.957199,-25.800529],[27.96365,-25.79912],[27.962275,-25.79199],[27.969938,-25.790165],[27.977568,-25.788464],[27.979269,-25.788107],[27.989,-25.787964],[28.000517,-25.787739],[27.999657,-25.795341]]]}},{"type":"Feature","properties":{"id":"799062001","name":"Zithobeni SP","commuteMinutes":44.29,"nearestJobCenter":"Hatfield","distanceKm":null,"nearestTransitKm":28.36463777610766},"geometry":{"type":"Polygon","coordinates":[[[28.737253,-25.786942],[28.736722,-25.787572],[28.735789,-25.78856],[28.73312,-25.791847],[28.731229,-25.794078],[28.730926,-25.794315],[28.729893,-25.794351],[28.728469,-25.794095],[28.725905,-25.793312],[28.72486,-25.792766],[28.72324,-25.792101],[28.722771,-25.792261],[28.722522,-25.79257],[28.721222,-25.792125],[28.719536,-25.791715],[28.718159,-25.79149],[28.715975,-25.791324],[28.715935,-25.790905],[28.715608,-25.79056],[28.715472,-25.789469],[28.715596,-25.788315],[28.715701,-25.787865],[28.715775,-25.78604],[28.715516,-25.785781],[28.715102,-25.784998],[28.714887,-25.784412],[28.715084,-25.783746],[28.715275,-25.783431],[28.715916,-25.78144],[28.716225,-25.780681],[28.716614,-25.7793],[28.717524,-25.778488],[28.71764,-25.778255],[28.718301,-25.777713],[28.717312,-25.776863],[28.716625,-25.776409],[28.715547,-25.775822],[28.71231,-25.77453],[28.711116,-25.774089],[28.710062,-25.77386],[28.709081,-25.773786],[28.708239,-25.773876],[28.709154,-25.772585],[28.710863,-25.770418],[28.708639,-25.769789],[28.709955,-25.768154],[28.711721,-25.766502],[28.714991,-25.766249],[28.716806,-25.767794],[28.716896,-25.768007],[28.716937,-25.768914],[28.718514,-25.768816],[28.721572,-25.768808],[28.722062,-25.769421],[28.723853,-25.769445],[28.724419,-25.770861],[28.724051,-25.771409],[28.723552,-25.771852],[28.723546,-25.77288],[28.723378,-25.77523],[28.723534,-25.775492],[28.723465,-25.776421],[28.723247,-25.7772],[28.723104,-25.779263],[28.723104,-25.780155],[28.723197,-25.780435],[28.724169,-25.78061],[28.725927,-25.781034],[28.728084,-25.7818],[28.729968,-25.782678],[28.730772,-25.783134],[28.732179,-25.784062],[28.733462,-25.784982],[28.73439,-25.785577],[28.735596,-25.786226],[28.737253,-25.786942]]]}},{"type":"Feature","properties":{"id":"799063001","name":"Roodepoort SH","commuteMinutes":42.01,"nearestJobCenter":"Hatfield","distanceKm":null,"nearestTransitKm":31.761613645097516},"geometry":{"type":"Polygon","coordinates":[[[28.778274,-25.813917],[28.774875,-25.813033],[28.774636,-25.813001],[28.76931,-25.811592],[28.765824,-25.810725],[28.760626,-25.809379],[28.756057,-25.808209],[28.751527,-25.807092],[28.751783,-25.806469],[28.754411,-25.799795],[28.751134,-25.799811],[28.750719,-25.79686],[28.748675,-25.798075],[28.748251,-25.797419],[28.747663,-25.797834],[28.747239,-25.798239],[28.746785,-25.798094],[28.746284,-25.798094],[28.745783,-25.798499],[28.745734,-25.798818],[28.74586,-25.799734],[28.746053,-25.800216],[28.745811,-25.801083],[28.745804,-25.801464],[28.74561,-25.801512],[28.744845,-25.802076],[28.743676,-25.802616],[28.741814,-25.803326],[28.741225,-25.803197],[28.739114,-25.802116],[28.737647,-25.801109],[28.737114,-25.800271],[28.735766,-25.799492],[28.73414,-25.798473],[28.733262,-25.797659],[28.730926,-25.794315],[28.731229,-25.794078],[28.73312,-25.791847],[28.735789,-25.78856],[28.736722,-25.787572],[28.737253,-25.786942],[28.739545,-25.787576],[28.741263,-25.787897],[28.743057,-25.788029],[28.749292,-25.788349],[28.750704,-25.788322],[28.75125,-25.786208],[28.751286,-25.785599],[28.751201,-25.78512],[28.750815,-25.784187],[28.750095,-25.783392],[28.74835,-25.782113],[28.744255,-25.779166],[28.744134,-25.778964],[28.743019,-25.775357],[28.741773,-25.771523],[28.741093,-25.769521],[28.739998,-25.767595],[28.737203,-25.762855],[28.733067,-25.755697],[28.735541,-25.755905],[28.741244,-25.756339],[28.745399,-25.756623],[28.750876,-25.757076],[28.756768,-25.757548],[28.762207,-25.757926],[28.768061,-25.758398],[28.774256,-25.758832],[28.781281,-25.759267],[28.78436,-25.759493],[28.784662,-25.764007],[28.784851,-25.765763],[28.785021,-25.768804],[28.78638,-25.769163],[28.786437,-25.769465],[28.786191,-25.771788],[28.786116,-25.772807],[28.786569,-25.774148],[28.786021,-25.774507],[28.785077,-25.784384],[28.784662,-25.789068],[28.784286,-25.790257],[28.783424,-25.791201],[28.783075,-25.791816],[28.782859,-25.792815],[28.782663,-25.79406],[28.782588,-25.795339],[28.780711,-25.803787],[28.780356,-25.804044],[28.77943,-25.808558],[28.778411,-25.813109],[28.778274,-25.813917]]]}},{"type":"Feature","properties":{"id":"799064001","name":"Wageenbietjieskop SH","commuteMinutes":56.38,"nearestJobCenter":"Hatfield","distanceKm":null,"nearestTransitKm":36.151525269434764},"geometry":{"type":"Polygon","coordinates":[[[28.778274,-25.813917],[28.778411,-25.813109],[28.77943,-25.808558],[28.780356,-25.804044],[28.780711,-25.803787],[28.782588,-25.795339],[28.782663,-25.79406],[28.782859,-25.792815],[28.783075,-25.791816],[28.783424,-25.791201],[28.784286,-25.790257],[28.784662,-25.789068],[28.785077,-25.784384],[28.786021,-25.774507],[28.786569,-25.774148],[28.786116,-25.772807],[28.786191,-25.771788],[28.786437,-25.769465],[28.78638,-25.769163],[28.789623,-25.770175],[28.792321,-25.770988],[28.793947,-25.771524],[28.796369,-25.772272],[28.797328,-25.772597],[28.799117,-25.773312],[28.800742,-25.773816],[28.805148,-25.775101],[28.806611,-25.775507],[28.808578,-25.776157],[28.8097,-25.776369],[28.817226,-25.778596],[28.820104,-25.779522],[28.826899,-25.781538],[28.827029,-25.786041],[28.827159,-25.793649],[28.82724,-25.80194],[28.827338,-25.809532],[28.827517,-25.816961],[28.82763,-25.822342],[28.825355,-25.822569],[28.822038,-25.823057],[28.81908,-25.823333],[28.818819,-25.823415],[28.8176,-25.825902],[28.81391,-25.824683],[28.812967,-25.82743],[28.808578,-25.827999],[28.80653,-25.823919],[28.805391,-25.823623],[28.800328,-25.822145],[28.796328,-25.820907],[28.792919,-25.820001],[28.789658,-25.818957],[28.787986,-25.818486],[28.786231,-25.817951],[28.783645,-25.81723],[28.781575,-25.816556],[28.778148,-25.815549],[28.777972,-25.815475],[28.778274,-25.813917]]]}},{"type":"Feature","properties":{"id":"799065001","name":"Vaalbank AH","commuteMinutes":32.9,"nearestJobCenter":"Hatfield","distanceKm":null,"nearestTransitKm":17.38330917783852},"geometry":{"type":"Polygon","coordinates":[[[28.624282,-25.725939],[28.626758,-25.731274],[28.629948,-25.738379],[28.631847,-25.742817],[28.633554,-25.74653],[28.635197,-25.750285],[28.633492,-25.750884],[28.633547,-25.753169],[28.633586,-25.756428],[28.633599,-25.762589],[28.633632,-25.766039],[28.633632,-25.769686],[28.634158,-25.775764],[28.634913,-25.783617],[28.635472,-25.789597],[28.636523,-25.799421],[28.636786,-25.803791],[28.637148,-25.806715],[28.637608,-25.810921],[28.638232,-25.818412],[28.638495,-25.820417],[28.639053,-25.826134],[28.633744,-25.825951],[28.631632,-25.825856],[28.627709,-25.825724],[28.623559,-25.825556],[28.614813,-25.82522],[28.608131,-25.825016],[28.606752,-25.824956],[28.599794,-25.824728],[28.59935,-25.824788],[28.599201,-25.824961],[28.598978,-25.824676],[28.598631,-25.824614],[28.598259,-25.824341],[28.597924,-25.824564],[28.597379,-25.824416],[28.597168,-25.824936],[28.596461,-25.824936],[28.595717,-25.824465],[28.595271,-25.824007],[28.595197,-25.823498],[28.59485,-25.823213],[28.594552,-25.823312],[28.594651,-25.823585],[28.594255,-25.823722],[28.592507,-25.822693],[28.590722,-25.821465],[28.586197,-25.818404],[28.584549,-25.817114],[28.581636,-25.814782],[28.580969,-25.810369],[28.580321,-25.806442],[28.579597,-25.802334],[28.578666,-25.801608],[28.578351,-25.801233],[28.576947,-25.798535],[28.567884,-25.798402],[28.563434,-25.798328],[28.566252,-25.793337],[28.569745,-25.787251],[28.585689,-25.759368],[28.585989,-25.759245],[28.590908,-25.75683],[28.593927,-25.755533],[28.600926,-25.752403],[28.608461,-25.749071],[28.608696,-25.748024],[28.609386,-25.746362],[28.609527,-25.745801],[28.610065,-25.744619],[28.61017,-25.744174],[28.610545,-25.743425],[28.610685,-25.742969],[28.611153,-25.741892],[28.612604,-25.738171],[28.612967,-25.736942],[28.61333,-25.736533],[28.61354,-25.736065],[28.614465,-25.733596],[28.615377,-25.731314],[28.616173,-25.729009],[28.617671,-25.72558],[28.617975,-25.724761],[28.618946,-25.721368],[28.620245,-25.72214],[28.623674,-25.724445],[28.624282,-25.725939]]]}},{"type":"Feature","properties":{"id":"799066001","name":"Keinfontein SH","commuteMinutes":30.05,"nearestJobCenter":"Hatfield","distanceKm":null,"nearestTransitKm":8.565461639075622},"geometry":{"type":"Polygon","coordinates":[[[28.493975,-25.802593],[28.49206,-25.803684],[28.491563,-25.803311],[28.487649,-25.801976],[28.483291,-25.800569],[28.483146,-25.797004],[28.483172,-25.794261],[28.48573,-25.796037],[28.486928,-25.796977],[28.488971,-25.798356],[28.490074,-25.799313],[28.490635,-25.799959],[28.491354,-25.800471],[28.49227,-25.801266],[28.492767,-25.802141],[28.493376,-25.802427],[28.493975,-25.802593]]]}},{"type":"Feature","properties":{"id":"799067001","name":"Kleinfontein SH","commuteMinutes":59.61,"nearestJobCenter":"Hatfield","distanceKm":null,"nearestTransitKm":9.84995861644295},"geometry":{"type":"Polygon","coordinates":[[[28.483172,-25.794261],[28.483146,-25.797004],[28.483291,-25.800569],[28.487649,-25.801976],[28.491563,-25.803311],[28.49206,-25.803684],[28.493975,-25.802593],[28.49424,-25.802372],[28.497771,-25.805026],[28.499462,-25.799549],[28.500222,-25.797195],[28.500512,-25.796142],[28.502453,-25.796846],[28.504203,-25.797164],[28.507479,-25.797259],[28.513332,-25.797291],[28.517276,-25.797323],[28.516563,-25.799629],[28.515558,-25.801723],[28.514666,-25.803662],[28.514086,-25.805374],[28.513803,-25.806506],[28.513619,-25.808332],[28.513633,-25.809875],[28.513803,-25.811445],[28.514171,-25.812974],[28.514765,-25.814615],[28.51628,-25.817474],[28.517199,-25.819469],[28.517482,-25.82121],[28.517553,-25.822257],[28.51778,-25.827564],[28.518218,-25.834937],[28.518445,-25.837753],[28.518799,-25.839692],[28.519209,-25.841235],[28.520016,-25.8449],[28.520525,-25.847405],[28.521722,-25.853028],[28.521857,-25.853603],[28.514575,-25.855174],[28.502695,-25.85784],[28.502556,-25.857595],[28.499649,-25.855002],[28.497482,-25.852983],[28.49124,-25.847557],[28.488481,-25.845094],[28.482758,-25.839889],[28.477943,-25.835556],[28.476432,-25.834213],[28.47731,-25.824028],[28.475411,-25.822739],[28.471842,-25.820391],[28.468225,-25.8179],[28.466764,-25.81675],[28.465639,-25.815409],[28.464728,-25.813253],[28.464444,-25.812664],[28.470058,-25.807829],[28.470138,-25.807802],[28.471585,-25.806206],[28.471884,-25.805821],[28.472197,-25.805738],[28.472996,-25.805026],[28.473592,-25.804338],[28.475787,-25.801976],[28.477831,-25.799891],[28.478214,-25.799369],[28.478689,-25.799156],[28.47897,-25.798567],[28.479507,-25.797999],[28.482277,-25.79477],[28.482927,-25.794107],[28.483172,-25.794261]]]}},{"type":"Feature","properties":{"id":"799068001","name":"Boschkop SH","commuteMinutes":27.12,"nearestJobCenter":"Hatfield","distanceKm":null,"nearestTransitKm":12.036848462431616},"geometry":{"type":"Polygon","coordinates":[[[28.458579,-25.875808],[28.45448,-25.872885],[28.448332,-25.868484],[28.442083,-25.864117],[28.437548,-25.860623],[28.429317,-25.854945],[28.421003,-25.849353],[28.426005,-25.845193],[28.431454,-25.840443],[28.433697,-25.838695],[28.435562,-25.837122],[28.436982,-25.835872],[28.439742,-25.833533],[28.44063,-25.832837],[28.441422,-25.832129],[28.443125,-25.830725],[28.444049,-25.829921],[28.447528,-25.826826],[28.44934,-25.825494],[28.453863,-25.821715],[28.454043,-25.821451],[28.455927,-25.819867],[28.457883,-25.818115],[28.459106,-25.817156],[28.460762,-25.8158],[28.464444,-25.812664],[28.464728,-25.813253],[28.465639,-25.815409],[28.466764,-25.81675],[28.468225,-25.8179],[28.471842,-25.820391],[28.475411,-25.822739],[28.47731,-25.824028],[28.476432,-25.834213],[28.477943,-25.835556],[28.482758,-25.839889],[28.488481,-25.845094],[28.49124,-25.847557],[28.497482,-25.852983],[28.499649,-25.855002],[28.502556,-25.857595],[28.502695,-25.85784],[28.503072,-25.85851],[28.495942,-25.864664],[28.486384,-25.873046],[28.483669,-25.875419],[28.480953,-25.877707],[28.478601,-25.874714],[28.470946,-25.865733],[28.470497,-25.865348],[28.467931,-25.867529],[28.464232,-25.870779],[28.458579,-25.875808]]]}},{"type":"Feature","properties":{"id":"799069001","name":"Zwavelpoort AH","commuteMinutes":21.57,"nearestJobCenter":"Menlyn","distanceKm":null,"nearestTransitKm":11.267798261023856},"geometry":{"type":"Polygon","coordinates":[[[28.421003,-25.849353],[28.419657,-25.84993],[28.416055,-25.851343],[28.412911,-25.852726],[28.408496,-25.854567],[28.407349,-25.8551],[28.404087,-25.856483],[28.399869,-25.858241],[28.398312,-25.858853],[28.394952,-25.860315],[28.394288,-25.860552],[28.391342,-25.861755],[28.390338,-25.862087],[28.39036,-25.862309],[28.389769,-25.862501],[28.388219,-25.863128],[28.387311,-25.863564],[28.384483,-25.864826],[28.383331,-25.865203],[28.382135,-25.865757],[28.381759,-25.865853],[28.380636,-25.86637],[28.380319,-25.866436],[28.37958,-25.866872],[28.378672,-25.867204],[28.376915,-25.867994],[28.375911,-25.868393],[28.374028,-25.869079],[28.37343,-25.869448],[28.372803,-25.869633],[28.370519,-25.870597],[28.370411,-25.870436],[28.369654,-25.869317],[28.367332,-25.865362],[28.366156,-25.863305],[28.364915,-25.86132],[28.363818,-25.859438],[28.361625,-25.85574],[28.359296,-25.851738],[28.356238,-25.846422],[28.353746,-25.842228],[28.347217,-25.83103],[28.343918,-25.825391],[28.339582,-25.81794],[28.33856,-25.8162],[28.336479,-25.814442],[28.339484,-25.813078],[28.343876,-25.811185],[28.347177,-25.809701],[28.351527,-25.807814],[28.352952,-25.80908],[28.353613,-25.809613],[28.36001,-25.806804],[28.361093,-25.806477],[28.362041,-25.80598],[28.362154,-25.805766],[28.366949,-25.803701],[28.368592,-25.802949],[28.365824,-25.800627],[28.367032,-25.799741],[28.367864,-25.79907],[28.370353,-25.79958],[28.372655,-25.800204],[28.374311,-25.800513],[28.375724,-25.799915],[28.380513,-25.797818],[28.385038,-25.795876],[28.388917,-25.80169],[28.38925,-25.802163],[28.391373,-25.805396],[28.392179,-25.806572],[28.393725,-25.808628],[28.393673,-25.808902],[28.398873,-25.816586],[28.399819,-25.817955],[28.401743,-25.820869],[28.403518,-25.823598],[28.405182,-25.826039],[28.405589,-25.82672],[28.40749,-25.829553],[28.409982,-25.833229],[28.411232,-25.835196],[28.412046,-25.83655],[28.413059,-25.837985],[28.414472,-25.840189],[28.415286,-25.841402],[28.41604,-25.842445],[28.416772,-25.843547],[28.419361,-25.846949],[28.420352,-25.848288],[28.421003,-25.849353]]]}},{"type":"Feature","properties":{"id":"799070001","name":"Rietfontein SH","commuteMinutes":13.66,"nearestJobCenter":"Menlyn","distanceKm":null,"nearestTransitKm":9.316890896123208},"geometry":{"type":"Polygon","coordinates":[[[28.370411,-25.870436],[28.356671,-25.87631],[28.350266,-25.879048],[28.34646,-25.880622],[28.32714,-25.888612],[28.327351,-25.886238],[28.327748,-25.883743],[28.327264,-25.882109],[28.326877,-25.88059],[28.326365,-25.878743],[28.324643,-25.872023],[28.323967,-25.869247],[28.323638,-25.868058],[28.322806,-25.864809],[28.321829,-25.860805],[28.31888,-25.849423],[28.318516,-25.847853],[28.321911,-25.848051],[28.325359,-25.848345],[28.328236,-25.847201],[28.329071,-25.846845],[28.329871,-25.848062],[28.331046,-25.849924],[28.332988,-25.852923],[28.334162,-25.854791],[28.33607,-25.857731],[28.336823,-25.857192],[28.337118,-25.857263],[28.337414,-25.856368],[28.337851,-25.853183],[28.338604,-25.851382],[28.339286,-25.848482],[28.340883,-25.846711],[28.344038,-25.845592],[28.344832,-25.844605],[28.345229,-25.843923],[28.346979,-25.843078],[28.347477,-25.843302],[28.349675,-25.842987],[28.350479,-25.843221],[28.350734,-25.842753],[28.352565,-25.843434],[28.353746,-25.842228],[28.356238,-25.846422],[28.359296,-25.851738],[28.361625,-25.85574],[28.363818,-25.859438],[28.364915,-25.86132],[28.366156,-25.863305],[28.367332,-25.865362],[28.369654,-25.869317],[28.370411,-25.870436]]]}},{"type":"Feature","properties":{"id":"799071001","name":"Grootfontein Country Estates","commuteMinutes":21.75,"nearestJobCenter":"Menlyn","distanceKm":null,"nearestTransitKm":11.454783290467518},"geometry":{"type":"Polygon","coordinates":[[[28.356671,-25.87631],[28.358331,-25.879579],[28.364004,-25.877171],[28.370399,-25.881538],[28.375815,-25.885247],[28.373952,-25.886138],[28.370972,-25.887488],[28.367117,-25.889259],[28.363694,-25.890814],[28.361503,-25.891829],[28.355618,-25.894506],[28.353092,-25.895683],[28.349593,-25.897281],[28.349043,-25.897573],[28.349083,-25.897201],[28.348832,-25.895804],[28.348673,-25.894434],[28.348235,-25.891815],[28.348151,-25.890958],[28.347788,-25.888684],[28.347368,-25.885693],[28.346856,-25.882329],[28.34646,-25.880622],[28.350266,-25.879048],[28.356671,-25.87631]]]}},{"type":"Feature","properties":{"id":"799072001","name":"Riamar park","commuteMinutes":37.77,"nearestJobCenter":"Hatfield","distanceKm":null,"nearestTransitKm":29.13145740999653},"geometry":{"type":"Polygon","coordinates":[[[28.734048,-25.817099],[28.728201,-25.815627],[28.723993,-25.814601],[28.722704,-25.81426],[28.719386,-25.813461],[28.716543,-25.81275],[28.712766,-25.811831],[28.706753,-25.810306],[28.70339,-25.809506],[28.699762,-25.808573],[28.699294,-25.807404],[28.703332,-25.806549],[28.702693,-25.804368],[28.7062,-25.80449],[28.707836,-25.804528],[28.714548,-25.80475],[28.714582,-25.80415],[28.716252,-25.802038],[28.717643,-25.802869],[28.71761,-25.804832],[28.719177,-25.804897],[28.720054,-25.80502],[28.721888,-25.805671],[28.722541,-25.8053],[28.722984,-25.804688],[28.723161,-25.804035],[28.723266,-25.803245],[28.723081,-25.80306],[28.723049,-25.802519],[28.723863,-25.80206],[28.724371,-25.801867],[28.72566,-25.80123],[28.72778,-25.800271],[28.727982,-25.800279],[28.728369,-25.80073],[28.728844,-25.801117],[28.729207,-25.800786],[28.729489,-25.800198],[28.729344,-25.799456],[28.729255,-25.798521],[28.72932,-25.798005],[28.729594,-25.79732],[28.729916,-25.796974],[28.730682,-25.797216],[28.731972,-25.797433],[28.732657,-25.797498],[28.733262,-25.797659],[28.73414,-25.798473],[28.735766,-25.799492],[28.734868,-25.800648],[28.734944,-25.801076],[28.73546,-25.807745],[28.735927,-25.81424],[28.735852,-25.814821],[28.735564,-25.815501],[28.735351,-25.815768],[28.734048,-25.817099]]]}},{"type":"Feature","properties":{"id":"799072002","name":"Bronkhorstspruit SP","commuteMinutes":40.25,"nearestJobCenter":"Hatfield","distanceKm":null,"nearestTransitKm":30.993054943906955},"geometry":{"type":"Polygon","coordinates":[[[28.751527,-25.807092],[28.749749,-25.811497],[28.748629,-25.814171],[28.747774,-25.816342],[28.747435,-25.817467],[28.747455,-25.818423],[28.747598,-25.820447],[28.744853,-25.81977],[28.736772,-25.817745],[28.734048,-25.817099],[28.735351,-25.815768],[28.735564,-25.815501],[28.735852,-25.814821],[28.735927,-25.81424],[28.73546,-25.807745],[28.734944,-25.801076],[28.734868,-25.800648],[28.735766,-25.799492],[28.737114,-25.800271],[28.737647,-25.801109],[28.739114,-25.802116],[28.741225,-25.803197],[28.741814,-25.803326],[28.743676,-25.802616],[28.744845,-25.802076],[28.74561,-25.801512],[28.745804,-25.801464],[28.745811,-25.801083],[28.746053,-25.800216],[28.74586,-25.799734],[28.745734,-25.798818],[28.745783,-25.798499],[28.746284,-25.798094],[28.746785,-25.798094],[28.747239,-25.798239],[28.747663,-25.797834],[28.748251,-25.797419],[28.748675,-25.798075],[28.750719,-25.79686],[28.751134,-25.799811],[28.754411,-25.799795],[28.751783,-25.806469],[28.751527,-25.807092]]]}},{"type":"Feature","properties":{"id":"799072003","name":"Masada","commuteMinutes":39.83,"nearestJobCenter":"Hatfield","distanceKm":null,"nearestTransitKm":32.312507775485294},"geometry":{"type":"Polygon","coordinates":[[[28.747723,-25.8222],[28.747598,-25.820447],[28.747455,-25.818423],[28.747435,-25.817467],[28.747774,-25.816342],[28.748629,-25.814171],[28.749109,-25.814331],[28.749474,-25.81472],[28.750091,-25.814766],[28.75144,-25.814674],[28.751817,-25.813835],[28.752236,-25.813866],[28.752391,-25.814125],[28.754041,-25.81307],[28.755153,-25.814482],[28.754811,-25.814704],[28.75567,-25.816188],[28.754129,-25.817171],[28.755696,-25.819835],[28.755887,-25.820316],[28.755867,-25.821619],[28.756015,-25.821703],[28.755956,-25.822506],[28.751527,-25.821431],[28.750464,-25.821449],[28.749842,-25.821572],[28.747723,-25.8222]]]}},{"type":"Feature","properties":{"id":"799072004","name":"Caltura Park","commuteMinutes":42.13,"nearestJobCenter":"Hatfield","distanceKm":null,"nearestTransitKm":31.128880032651217},"geometry":{"type":"Polygon","coordinates":[[[28.726918,-25.824437],[28.727456,-25.823806],[28.729977,-25.821232],[28.734048,-25.817099],[28.736772,-25.817745],[28.744853,-25.81977],[28.747598,-25.820447],[28.747723,-25.8222],[28.747735,-25.823593],[28.747482,-25.82472],[28.746078,-25.828343],[28.745696,-25.829371],[28.741691,-25.828121],[28.741439,-25.828016],[28.740558,-25.82711],[28.740176,-25.827406],[28.73988,-25.827468],[28.739929,-25.827813],[28.739264,-25.827868],[28.733886,-25.828176],[28.731747,-25.828267],[28.731716,-25.827863],[28.730303,-25.827894],[28.729894,-25.82786],[28.729262,-25.827223],[28.729342,-25.826591],[28.728261,-25.825456],[28.727345,-25.825156],[28.726638,-25.824803],[28.726918,-25.824437]]]}},{"type":"Feature","properties":{"id":"799072005","name":"Verster park SH","commuteMinutes":44.41,"nearestJobCenter":"Hatfield","distanceKm":null,"nearestTransitKm":29.752768059608638},"geometry":{"type":"Polygon","coordinates":[[[28.734048,-25.817099],[28.729977,-25.821232],[28.727456,-25.823806],[28.726918,-25.824437],[28.725612,-25.823698],[28.723448,-25.822824],[28.723489,-25.822148],[28.722945,-25.821508],[28.722645,-25.820862],[28.721436,-25.820024],[28.721151,-25.819399],[28.721059,-25.818702],[28.72079,-25.817914],[28.720938,-25.817198],[28.720841,-25.816557],[28.723098,-25.8164],[28.728003,-25.81614],[28.728201,-25.815627],[28.734048,-25.817099]]]}},{"type":"Feature","properties":{"id":"799072006","name":"Kungwini Country Estate","commuteMinutes":56.49,"nearestJobCenter":"Hatfield","distanceKm":null,"nearestTransitKm":30.279507257209705},"geometry":{"type":"Polygon","coordinates":[[[28.721535,-25.884725],[28.72329,-25.892588],[28.718815,-25.89262],[28.711522,-25.893431],[28.704554,-25.894457],[28.697964,-25.896834],[28.69131,-25.900317],[28.688652,-25.893797],[28.685938,-25.893797],[28.68583,-25.895642],[28.683117,-25.896293],[28.682791,-25.899223],[28.679644,-25.900851],[28.671721,-25.901937],[28.670987,-25.90592],[28.669636,-25.906314],[28.662757,-25.909397],[28.662864,-25.900832],[28.663033,-25.891752],[28.667451,-25.892079],[28.666891,-25.890997],[28.682534,-25.886815],[28.683059,-25.886689],[28.704602,-25.885491],[28.721494,-25.88456],[28.721535,-25.884725]]]}},{"type":"Feature","properties":{"id":"799072007","name":"Viljoenskop","commuteMinutes":51.07,"nearestJobCenter":"Hatfield","distanceKm":null,"nearestTransitKm":32.501880317032416},"geometry":{"type":"Polygon","coordinates":[[[28.732521,-25.906134],[28.718134,-25.921154],[28.708205,-25.917675],[28.696597,-25.913288],[28.69131,-25.900317],[28.697964,-25.896834],[28.704554,-25.894457],[28.711522,-25.893431],[28.718815,-25.89262],[28.72329,-25.892588],[28.725494,-25.902457],[28.732521,-25.906134]]]}},{"type":"Feature","properties":{"id":"799072008","name":"Bronkhorstspruit Dam Nature Reserve","commuteMinutes":76.15,"nearestJobCenter":"Hatfield","distanceKm":null,"nearestTransitKm":32.28607880741385},"geometry":{"type":"Polygon","coordinates":[[[28.69131,-25.900317],[28.696597,-25.913288],[28.703733,-25.930795],[28.70358,-25.931162],[28.700436,-25.932363],[28.702873,-25.936708],[28.702414,-25.940418],[28.700506,-25.941124],[28.694642,-25.935578],[28.691922,-25.93738],[28.693759,-25.941159],[28.691322,-25.952923],[28.691269,-25.953298],[28.689147,-25.952866],[28.688264,-25.952322],[28.687312,-25.951506],[28.686972,-25.950758],[28.686564,-25.950146],[28.684082,-25.949374],[28.684115,-25.949072],[28.684527,-25.937861],[28.685613,-25.935582],[28.687892,-25.92907],[28.689737,-25.924186],[28.689846,-25.920713],[28.685721,-25.917131],[28.683659,-25.913007],[28.683768,-25.905627],[28.681923,-25.90541],[28.680729,-25.906061],[28.674542,-25.90986],[28.671504,-25.913658],[28.669441,-25.914309],[28.670987,-25.90592],[28.671721,-25.901937],[28.679644,-25.900851],[28.682791,-25.899223],[28.683117,-25.896293],[28.68583,-25.895642],[28.685938,-25.893797],[28.688652,-25.893797],[28.69131,-25.900317]]]}},{"type":"Feature","properties":{"id":"799073001","name":"Bonamanzi Marina and Country Club SP","commuteMinutes":47.56,"nearestJobCenter":"Hatfield","distanceKm":null,"nearestTransitKm":34.14840723986116},"geometry":{"type":"Polygon","coordinates":[[[28.732521,-25.906134],[28.725494,-25.902457],[28.72329,-25.892588],[28.721535,-25.884725],[28.723158,-25.885209],[28.745437,-25.891526],[28.745098,-25.892485],[28.744083,-25.893782],[28.740699,-25.897335],[28.735792,-25.902694],[28.732521,-25.906134]]]}},{"type":"Feature","properties":{"id":"799074001","name":"Tweedracht AH","commuteMinutes":43.26,"nearestJobCenter":"Menlyn","distanceKm":null,"nearestTransitKm":18.746940469579865},"geometry":{"type":"Polygon","coordinates":[[[28.456693,-25.921423],[28.454525,-25.919081],[28.449823,-25.915968],[28.4451,-25.913188],[28.437367,-25.905602],[28.434128,-25.901903],[28.430304,-25.898246],[28.428836,-25.896489],[28.432863,-25.89404],[28.435692,-25.892168],[28.438824,-25.890152],[28.440193,-25.889204],[28.444996,-25.885752],[28.447324,-25.884044],[28.45272,-25.880169],[28.458579,-25.875808],[28.464232,-25.870779],[28.467931,-25.867529],[28.470497,-25.865348],[28.470946,-25.865733],[28.478601,-25.874714],[28.480953,-25.877707],[28.483669,-25.875419],[28.486384,-25.873046],[28.495942,-25.864664],[28.503072,-25.85851],[28.502695,-25.85784],[28.514575,-25.855174],[28.521857,-25.853603],[28.522768,-25.85748],[28.524441,-25.865547],[28.524501,-25.868445],[28.524471,-25.871284],[28.524292,-25.876094],[28.524112,-25.883623],[28.524053,-25.884908],[28.523963,-25.890884],[28.524202,-25.894439],[28.524531,-25.898264],[28.524732,-25.900096],[28.52485,-25.901799],[28.525148,-25.903501],[28.525402,-25.90447],[28.525909,-25.905828],[28.526706,-25.907304],[28.527457,-25.908554],[28.524904,-25.909776],[28.520576,-25.911895],[28.515858,-25.914186],[28.514889,-25.914621],[28.513522,-25.915164],[28.510207,-25.916287],[28.507989,-25.916975],[28.501505,-25.919157],[28.497476,-25.920561],[28.495973,-25.921113],[28.494642,-25.921829],[28.493455,-25.922616],[28.492378,-25.92344],[28.491029,-25.924699],[28.487126,-25.928213],[28.485565,-25.929597],[28.48392,-25.931139],[28.480425,-25.93388],[28.473772,-25.939666],[28.468506,-25.934065],[28.465935,-25.931286],[28.458788,-25.923595],[28.457785,-25.922613],[28.456693,-25.921423]]]}},{"type":"Feature","properties":{"id":"799074002","name":"Tweefontein AH","commuteMinutes":52.02,"nearestJobCenter":"Hatfield","distanceKm":null,"nearestTransitKm":34.99069275073452},"geometry":{"type":"Polygon","coordinates":[[[28.691269,-25.953298],[28.691322,-25.952923],[28.693759,-25.941159],[28.691922,-25.93738],[28.694642,-25.935578],[28.700506,-25.941124],[28.702414,-25.940418],[28.702873,-25.936708],[28.700436,-25.932363],[28.70358,-25.931162],[28.703733,-25.930795],[28.696597,-25.913288],[28.708205,-25.917675],[28.718134,-25.921154],[28.732521,-25.906134],[28.753446,-25.917358],[28.76198,-25.921763],[28.760183,-25.938862],[28.749987,-25.93825],[28.730817,-25.936619],[28.719193,-25.935803],[28.708725,-25.935259],[28.696149,-25.954293],[28.691269,-25.953298]]]}},{"type":"Feature","properties":{"id":"799075001","name":"Tierpoort SH","commuteMinutes":27.53,"nearestJobCenter":"Menlyn","distanceKm":null,"nearestTransitKm":14.897243208803705},"geometry":{"type":"Polygon","coordinates":[[[28.458579,-25.875808],[28.45272,-25.880169],[28.447324,-25.884044],[28.444996,-25.885752],[28.440193,-25.889204],[28.438824,-25.890152],[28.435692,-25.892168],[28.432863,-25.89404],[28.428836,-25.896489],[28.426159,-25.897914],[28.419978,-25.900836],[28.415946,-25.902684],[28.408925,-25.905876],[28.40677,-25.906945],[28.403485,-25.908517],[28.401174,-25.909584],[28.400969,-25.909709],[28.398194,-25.910987],[28.391874,-25.901783],[28.37415,-25.876014],[28.370519,-25.870597],[28.372803,-25.869633],[28.37343,-25.869448],[28.374028,-25.869079],[28.375911,-25.868393],[28.376915,-25.867994],[28.378672,-25.867204],[28.37958,-25.866872],[28.380319,-25.866436],[28.380636,-25.86637],[28.381759,-25.865853],[28.382135,-25.865757],[28.383331,-25.865203],[28.384483,-25.864826],[28.387311,-25.863564],[28.388219,-25.863128],[28.389769,-25.862501],[28.39036,-25.862309],[28.390338,-25.862087],[28.391342,-25.861755],[28.394288,-25.860552],[28.394952,-25.860315],[28.398312,-25.858853],[28.399869,-25.858241],[28.404087,-25.856483],[28.407349,-25.8551],[28.408496,-25.854567],[28.412911,-25.852726],[28.416055,-25.851343],[28.419657,-25.84993],[28.421003,-25.849353],[28.429317,-25.854945],[28.437548,-25.860623],[28.442083,-25.864117],[28.448332,-25.868484],[28.45448,-25.872885],[28.458579,-25.875808]]]}},{"type":"Feature","properties":{"id":"799076001","name":"Bashewa SH","commuteMinutes":25.64,"nearestJobCenter":"Menlyn","distanceKm":null,"nearestTransitKm":19.80917417563155},"geometry":{"type":"Polygon","coordinates":[[[28.456693,-25.921423],[28.452033,-25.922969],[28.451551,-25.922303],[28.451466,-25.92195],[28.450982,-25.920676],[28.450819,-25.920626],[28.44928,-25.920992],[28.448231,-25.921356],[28.445181,-25.922231],[28.443466,-25.923193],[28.442062,-25.92403],[28.439967,-25.925367],[28.439696,-25.925328],[28.439425,-25.925638],[28.435959,-25.927652],[28.434555,-25.928446],[28.433258,-25.929279],[28.431767,-25.930121],[28.429956,-25.931186],[28.428881,-25.931728],[28.428068,-25.932212],[28.427769,-25.932584],[28.427515,-25.932559],[28.427421,-25.932853],[28.41761,-25.93935],[28.411131,-25.93025],[28.409615,-25.928005],[28.4098,-25.92787],[28.40848,-25.925989],[28.40719,-25.924089],[28.398194,-25.910987],[28.400969,-25.909709],[28.401174,-25.909584],[28.403485,-25.908517],[28.40677,-25.906945],[28.408925,-25.905876],[28.415946,-25.902684],[28.419978,-25.900836],[28.426159,-25.897914],[28.428836,-25.896489],[28.430304,-25.898246],[28.434128,-25.901903],[28.437367,-25.905602],[28.4451,-25.913188],[28.449823,-25.915968],[28.454525,-25.919081],[28.456693,-25.921423]]]}},{"type":"Feature","properties":{"id":"799077001","name":"Kameelkraal","commuteMinutes":37.98,"nearestJobCenter":"Hatfield","distanceKm":null,"nearestTransitKm":20.58869611687997},"geometry":{"type":"Polygon","coordinates":[[[28.533871,-25.901432],[28.533064,-25.900209],[28.535333,-25.89903],[28.535581,-25.899405],[28.535886,-25.899217],[28.536478,-25.899719],[28.5365,-25.900019],[28.536144,-25.900282],[28.533871,-25.901432]]]}},{"type":"Feature","properties":{"id":"799077002","name":"Kameelkraal SP","commuteMinutes":36.96,"nearestJobCenter":"Hatfield","distanceKm":null,"nearestTransitKm":20.601880388324872},"geometry":{"type":"Polygon","coordinates":[[[28.533871,-25.901432],[28.533257,-25.901778],[28.53168,-25.902558],[28.531388,-25.902595],[28.531198,-25.902334],[28.530574,-25.90266],[28.52994,-25.90198],[28.531019,-25.901323],[28.533064,-25.900209],[28.533871,-25.901432]]]}},{"type":"Feature","properties":{"id":"799078001","name":"Olievenhoutbos Ext 36","commuteMinutes":13.4,"nearestJobCenter":"Centurion","distanceKm":null,"nearestTransitKm":4.366994970773068},"geometry":{"type":"Polygon","coordinates":[[[28.101645,-25.906722],[28.101123,-25.906685],[28.099355,-25.906419],[28.095814,-25.905342],[28.094817,-25.905169],[28.088378,-25.904338],[28.087419,-25.904242],[28.086329,-25.904052],[28.085332,-25.903967],[28.085268,-25.903345],[28.085554,-25.899202],[28.085535,-25.898325],[28.085733,-25.895575],[28.087061,-25.895239],[28.090464,-25.894436],[28.091795,-25.894173],[28.095999,-25.893763],[28.09775,-25.893705],[28.103112,-25.893409],[28.103019,-25.894069],[28.103102,-25.894628],[28.103496,-25.896048],[28.103487,-25.89647],[28.103175,-25.898458],[28.102641,-25.901332],[28.101645,-25.906722]]]}},{"type":"Feature","properties":{"id":"799078002","name":"Olievenhoutbos","commuteMinutes":14.6,"nearestJobCenter":"Centurion","distanceKm":null,"nearestTransitKm":5.458649184759505},"geometry":{"type":"Polygon","coordinates":[[[28.095814,-25.905342],[28.095718,-25.905866],[28.093948,-25.905601],[28.093557,-25.908198],[28.0898,-25.907712],[28.089646,-25.909493],[28.089134,-25.909464],[28.088877,-25.909629],[28.088382,-25.910199],[28.087892,-25.911144],[28.087168,-25.912788],[28.087131,-25.915771],[28.085705,-25.915797],[28.084667,-25.915872],[28.083033,-25.915817],[28.081946,-25.915882],[28.079721,-25.91584],[28.082594,-25.909966],[28.083952,-25.907129],[28.08531,-25.90448],[28.085321,-25.904261],[28.085332,-25.903967],[28.086329,-25.904052],[28.087419,-25.904242],[28.088378,-25.904338],[28.094817,-25.905169],[28.095814,-25.905342]]]}},{"type":"Feature","properties":{"id":"799078003","name":"Olievenhoutbos Ext 21","commuteMinutes":13.88,"nearestJobCenter":"Centurion","distanceKm":null,"nearestTransitKm":5.116981715243831},"geometry":{"type":"Polygon","coordinates":[[[28.09482,-25.908221],[28.094604,-25.910047],[28.093838,-25.909962],[28.09369,-25.910974],[28.091373,-25.910739],[28.090572,-25.911024],[28.089646,-25.909493],[28.0898,-25.907712],[28.093557,-25.908198],[28.094494,-25.908313],[28.09482,-25.908221]]]}},{"type":"Feature","properties":{"id":"799078004","name":"Olievenhoutbos Ext 15","commuteMinutes":13.9,"nearestJobCenter":"Centurion","distanceKm":null,"nearestTransitKm":4.861732748487984},"geometry":{"type":"Polygon","coordinates":[[[28.101645,-25.906722],[28.10122,-25.909081],[28.100043,-25.915289],[28.099567,-25.917955],[28.098344,-25.917966],[28.09772,-25.917834],[28.095355,-25.916785],[28.096904,-25.913939],[28.097064,-25.913355],[28.097417,-25.910435],[28.097291,-25.909854],[28.097051,-25.909425],[28.096222,-25.908521],[28.095611,-25.907956],[28.09482,-25.908221],[28.094494,-25.908313],[28.093557,-25.908198],[28.093948,-25.905601],[28.095718,-25.905866],[28.095814,-25.905342],[28.099355,-25.906419],[28.101123,-25.906685],[28.101645,-25.906722]]]}},{"type":"Feature","properties":{"id":"799078005","name":"Olievenhoutbos Ext 4, 19, 22","commuteMinutes":15.2,"nearestJobCenter":"Centurion","distanceKm":null,"nearestTransitKm":3.64236432161217},"geometry":{"type":"Polygon","coordinates":[[[28.124517,-25.906563],[28.124559,-25.906898],[28.121817,-25.907326],[28.120972,-25.907231],[28.120382,-25.907263],[28.119478,-25.908178],[28.121588,-25.909649],[28.123991,-25.911524],[28.125235,-25.91223],[28.126531,-25.912298],[28.125267,-25.913393],[28.124987,-25.91422],[28.124821,-25.91582],[28.123394,-25.914724],[28.12305,-25.914386],[28.122676,-25.91474],[28.122029,-25.91513],[28.121696,-25.915473],[28.121516,-25.916176],[28.121622,-25.916477],[28.121408,-25.917717],[28.121058,-25.917732],[28.120649,-25.9209],[28.1182,-25.921038],[28.117754,-25.921124],[28.116945,-25.921627],[28.116205,-25.921961],[28.115694,-25.922323],[28.114397,-25.922068],[28.112669,-25.922487],[28.110888,-25.920931],[28.108255,-25.921627],[28.104597,-25.922699],[28.105074,-25.924966],[28.098037,-25.926173],[28.09856,-25.923313],[28.098856,-25.921961],[28.09923,-25.919737],[28.099567,-25.917955],[28.100043,-25.915289],[28.10122,-25.909081],[28.101645,-25.906722],[28.102641,-25.901332],[28.1064,-25.901808],[28.107249,-25.902042],[28.108468,-25.902823],[28.109749,-25.903047],[28.110771,-25.903151],[28.111067,-25.90334],[28.111979,-25.904248],[28.112842,-25.904331],[28.11328,-25.901542],[28.116729,-25.902664],[28.117464,-25.902857],[28.117086,-25.9021],[28.119524,-25.899858],[28.119871,-25.899611],[28.120337,-25.900391],[28.120607,-25.899883],[28.121367,-25.900555],[28.121538,-25.900991],[28.121439,-25.901808],[28.122313,-25.901978],[28.122419,-25.901659],[28.123121,-25.901909],[28.123713,-25.90196],[28.124582,-25.901934],[28.124525,-25.904854],[28.124517,-25.906563]]]}},{"type":"Feature","properties":{"id":"799078006","name":"Olievenhoutbos Ext 24","commuteMinutes":14.49,"nearestJobCenter":"Centurion","distanceKm":null,"nearestTransitKm":4.670459929063156},"geometry":{"type":"Polygon","coordinates":[[[28.099567,-25.917955],[28.09923,-25.919737],[28.097621,-25.919971],[28.096488,-25.920051],[28.09435,-25.920285],[28.094276,-25.921462],[28.093364,-25.922916],[28.093401,-25.923267],[28.092896,-25.923945],[28.09016,-25.924259],[28.08942,-25.924336],[28.089301,-25.923595],[28.089093,-25.921757],[28.089336,-25.920506],[28.089304,-25.918333],[28.096116,-25.91815],[28.097498,-25.91815],[28.09772,-25.917834],[28.098344,-25.917966],[28.099567,-25.917955]]]}},{"type":"Feature","properties":{"id":"799078007","name":"Olievenhoutbos Ext 23","commuteMinutes":14.37,"nearestJobCenter":"Centurion","distanceKm":null,"nearestTransitKm":5.010531102587041},"geometry":{"type":"Polygon","coordinates":[[[28.091361,-25.915787],[28.092684,-25.915823],[28.094046,-25.916195],[28.095355,-25.916785],[28.09772,-25.917834],[28.097498,-25.91815],[28.096116,-25.91815],[28.089304,-25.918333],[28.089276,-25.917968],[28.087558,-25.917978],[28.087518,-25.917883],[28.087498,-25.915758],[28.08868,-25.915835],[28.089964,-25.915721],[28.091361,-25.915787]]]}},{"type":"Feature","properties":{"id":"799078008","name":"Olievenhoutbos Ext 13","commuteMinutes":14.39,"nearestJobCenter":"Centurion","distanceKm":null,"nearestTransitKm":5.158639301961016},"geometry":{"type":"Polygon","coordinates":[[[28.095355,-25.916785],[28.094046,-25.916195],[28.092684,-25.915823],[28.091361,-25.915787],[28.09131,-25.912841],[28.091207,-25.912094],[28.090572,-25.911024],[28.091373,-25.910739],[28.09369,-25.910974],[28.093838,-25.909962],[28.094604,-25.910047],[28.09482,-25.908221],[28.095611,-25.907956],[28.096222,-25.908521],[28.097051,-25.909425],[28.097291,-25.909854],[28.097417,-25.910435],[28.097064,-25.913355],[28.096904,-25.913939],[28.095355,-25.916785]]]}},{"type":"Feature","properties":{"id":"799078009","name":"Olievenhoutbos Ext 20","commuteMinutes":14.82,"nearestJobCenter":"Centurion","distanceKm":null,"nearestTransitKm":5.523643624520907},"geometry":{"type":"Polygon","coordinates":[[[28.091361,-25.915787],[28.089964,-25.915721],[28.08868,-25.915835],[28.087498,-25.915758],[28.087131,-25.915771],[28.087168,-25.912788],[28.087892,-25.911144],[28.088382,-25.910199],[28.088877,-25.909629],[28.089134,-25.909464],[28.089646,-25.909493],[28.090572,-25.911024],[28.091207,-25.912094],[28.09131,-25.912841],[28.091361,-25.915787]]]}},{"type":"Feature","properties":{"id":"799078010","name":"Olievenhoutbos Ext 26","commuteMinutes":15.92,"nearestJobCenter":"Centurion","distanceKm":null,"nearestTransitKm":5.249971926305292},"geometry":{"type":"Polygon","coordinates":[[[28.087498,-25.915758],[28.087518,-25.917883],[28.087558,-25.917978],[28.089276,-25.917968],[28.089304,-25.918333],[28.089336,-25.920506],[28.089093,-25.921757],[28.089301,-25.923595],[28.08942,-25.924336],[28.083361,-25.924971],[28.080481,-25.92522],[28.07723,-25.920891],[28.077196,-25.92071],[28.078615,-25.918068],[28.079721,-25.91584],[28.081946,-25.915882],[28.083033,-25.915817],[28.084667,-25.915872],[28.085705,-25.915797],[28.087131,-25.915771],[28.087498,-25.915758]]]}},{"type":"Feature","properties":{"id":"799078011","name":"Olievenhoutbos Ext 25","commuteMinutes":14.12,"nearestJobCenter":"Centurion","distanceKm":null,"nearestTransitKm":4.360854752094836},"geometry":{"type":"Polygon","coordinates":[[[28.092896,-25.923945],[28.093401,-25.923267],[28.093364,-25.922916],[28.094276,-25.921462],[28.09435,-25.920285],[28.096488,-25.920051],[28.097621,-25.919971],[28.09923,-25.919737],[28.098856,-25.921961],[28.09856,-25.923313],[28.092896,-25.923945]]]}},{"type":"Feature","properties":{"id":"799079001","name":"Blue Hills SH","commuteMinutes":14.27,"nearestJobCenter":"Centurion","distanceKm":null,"nearestTransitKm":4.224275502245014},"geometry":{"type":"Polygon","coordinates":[[[28.098037,-25.926173],[28.09325,-25.927],[28.090839,-25.927429],[28.09016,-25.924259],[28.092896,-25.923945],[28.09856,-25.923313],[28.098037,-25.926173]]]}}]}