{"type":"FeatureCollection","features":[{"type":"Feature","properties":{"id":"atteridgeville","name":"Atteridgeville","labelPriority":"primary","selectionBasis":"census-main-place","subPlaceCount":3},"geometry":{"type":"MultiPolygon","coordinates":[[[[28.02648,-25.784296],[28.026731,-25.78418],[28.02701,-25.784788],[28.026949,-25.784946],[28.027159,-25.785442],[28.027498,-25.786631],[28.027807,-25.788113],[28.028677,-25.787962],[28.029009,-25.789112],[28.031767,-25.787415],[28.032441,-25.78588],[28.034746,-25.786661],[28.036077,-25.787149],[28.036928,-25.787315],[28.038221,-25.787262],[28.042948,-25.78577],[28.047308,-25.783958],[28.049662,-25.783035],[28.050249,-25.782774],[28.051294,-25.782093],[28.052305,-25.781082],[28.050133,-25.779254],[28.051207,-25.778151],[28.049631,-25.776836],[28.048151,-25.77515],[28.044088,-25.771754],[28.043846,-25.771762],[28.042727,-25.772825],[28.041647,-25.772008],[28.041291,-25.772408],[28.039175,-25.772969],[28.038969,-25.773102],[28.038221,-25.774275],[28.038008,-25.774979],[28.038004,-25.775431],[28.037558,-25.776417],[28.036169,-25.775938],[28.036318,-25.776655],[28.036091,-25.777148],[28.035284,-25.777811],[28.034348,-25.778655],[28.033454,-25.779352],[28.033495,-25.779399],[28.031124,-25.781509],[28.028303,-25.78323],[28.026861,-25.780519],[28.025049,-25.78121],[28.02648,-25.784296]]],[[[28.0571,-25.762798],[28.057512,-25.763647],[28.058271,-25.763313],[28.058363,-25.763105],[28.059725,-25.763556],[28.059858,-25.763403],[28.06035,-25.763447],[28.062025,-25.763889],[28.0641,-25.76469],[28.064329,-25.764902],[28.064756,-25.764996],[28.064428,-25.765804],[28.066126,-25.773195],[28.066595,-25.775291],[28.068041,-25.78161],[28.067976,-25.78199],[28.068129,-25.782558],[28.068068,-25.783394],[28.068239,-25.784224],[28.095415,-25.778738],[28.094784,-25.776634],[28.09962,-25.77555],[28.099144,-25.774151],[28.098898,-25.773237],[28.098562,-25.772314],[28.096308,-25.763973],[28.095358,-25.760538],[28.094118,-25.760626],[28.093317,-25.760616],[28.090532,-25.760427],[28.087622,-25.760206],[28.086897,-25.760189],[28.085577,-25.760286],[28.08042,-25.761],[28.079058,-25.761395],[28.07601,-25.76255],[28.075937,-25.762405],[28.075491,-25.762606],[28.073378,-25.763399],[28.073454,-25.76354],[28.072756,-25.763788],[28.072714,-25.76355],[28.072977,-25.761789],[28.073298,-25.760941],[28.070543,-25.760933],[28.067049,-25.760965],[28.064089,-25.760954],[28.062662,-25.760996],[28.061956,-25.761135],[28.058767,-25.762211],[28.0571,-25.762798]]]]}},{"type":"Feature","properties":{"id":"bosplaas-mathabe","name":"Bosplaas Mathabe","labelPriority":"secondary","selectionBasis":"census-main-place","subPlaceCount":1},"geometry":{"type":"Polygon","coordinates":[[[28.20466,-25.372536],[28.204359,-25.375746],[28.199282,-25.375412],[28.19681,-25.375235],[28.192568,-25.374691],[28.188799,-25.374485],[28.185396,-25.374514],[28.184572,-25.374853],[28.182997,-25.375103],[28.182371,-25.375254],[28.18309,-25.376153],[28.183558,-25.377106],[28.183612,-25.377628],[28.183828,-25.378347],[28.183846,-25.378761],[28.18372,-25.3793],[28.183468,-25.379822],[28.183252,-25.380541],[28.183396,-25.38117],[28.183018,-25.381224],[28.183109,-25.381929],[28.182173,-25.38192],[28.182158,-25.382013],[28.181184,-25.382261],[28.180894,-25.382887],[28.18004,-25.379183],[28.17937,-25.376556],[28.179363,-25.376257],[28.178682,-25.373638],[28.177881,-25.369577],[28.17667,-25.36587],[28.17667,-25.340441],[28.17675,-25.32859],[28.201481,-25.323709],[28.211081,-25.33462],[28.211149,-25.33469],[28.219873,-25.344591],[28.21847,-25.345228],[28.218267,-25.345409],[28.217691,-25.34487],[28.216356,-25.347067],[28.217807,-25.347946],[28.216733,-25.349519],[28.216096,-25.351431],[28.215896,-25.352497],[28.215975,-25.353788],[28.214281,-25.353788],[28.214296,-25.354862],[28.214216,-25.356312],[28.210684,-25.356199],[28.208155,-25.356041],[28.208067,-25.356524],[28.207636,-25.356447],[28.207499,-25.356968],[28.207321,-25.356948],[28.205195,-25.356251],[28.204475,-25.357232],[28.203849,-25.358265],[28.2034,-25.359381],[28.203296,-25.360706],[28.20316,-25.361541],[28.202993,-25.363513],[28.202972,-25.365026],[28.202993,-25.366644],[28.203139,-25.368313],[28.203243,-25.368751],[28.204199,-25.369526],[28.204351,-25.369942],[28.204817,-25.370754],[28.20466,-25.372536]]]}},{"type":"Feature","properties":{"id":"dilopye","name":"Dilopye","labelPriority":"secondary","selectionBasis":"census-main-place","subPlaceCount":1},"geometry":{"type":"Polygon","coordinates":[[[28.20112,-25.41291],[28.187849,-25.411442],[28.187654,-25.41087],[28.187468,-25.409624],[28.187021,-25.407497],[28.186468,-25.405067],[28.186338,-25.404802],[28.186384,-25.404129],[28.186155,-25.402695],[28.186068,-25.40243],[28.185743,-25.400072],[28.185759,-25.399446],[28.186018,-25.398951],[28.186071,-25.398455],[28.186457,-25.398287],[28.186323,-25.397768],[28.18667,-25.397408],[28.186441,-25.397205],[28.186651,-25.396883],[28.18675,-25.396444],[28.186579,-25.396006],[28.186285,-25.395763],[28.186079,-25.395061],[28.186243,-25.394756],[28.186014,-25.394398],[28.186083,-25.394081],[28.185732,-25.393736],[28.18572,-25.393488],[28.185289,-25.392578],[28.185518,-25.392382],[28.185537,-25.391783],[28.183161,-25.391903],[28.183054,-25.390411],[28.182909,-25.38946],[28.182558,-25.387825],[28.182089,-25.385891],[28.181833,-25.384512],[28.182158,-25.382013],[28.182173,-25.38192],[28.183109,-25.381929],[28.183018,-25.381224],[28.183396,-25.38117],[28.183252,-25.380541],[28.183468,-25.379822],[28.18372,-25.3793],[28.183846,-25.378761],[28.183828,-25.378347],[28.183612,-25.377628],[28.183558,-25.377106],[28.18309,-25.376153],[28.182371,-25.375254],[28.182997,-25.375103],[28.184572,-25.374853],[28.185396,-25.374514],[28.188799,-25.374485],[28.192568,-25.374691],[28.19681,-25.375235],[28.199282,-25.375412],[28.204359,-25.375746],[28.204226,-25.377399],[28.20381,-25.382002],[28.203478,-25.384802],[28.203321,-25.386797],[28.203192,-25.388977],[28.202921,-25.392256],[28.201167,-25.412085],[28.20112,-25.41291]]]}},{"type":"Feature","properties":{"id":"eersterust","name":"Eersterust","labelPriority":"secondary","selectionBasis":"census-main-place","subPlaceCount":5},"geometry":{"type":"Polygon","coordinates":[[[28.331007,-25.71632],[28.330912,-25.7155],[28.330351,-25.715397],[28.327052,-25.71534],[28.326292,-25.712187],[28.32493,-25.706438],[28.323732,-25.70145],[28.323153,-25.698845],[28.322321,-25.698944],[28.321336,-25.694782],[28.31131,-25.693265],[28.305575,-25.693193],[28.303905,-25.691233],[28.300566,-25.692902],[28.299656,-25.692578],[28.299071,-25.696929],[28.297548,-25.697258],[28.297609,-25.697554],[28.297258,-25.697714],[28.296778,-25.697672],[28.296366,-25.698719],[28.29685,-25.699055],[28.296892,-25.699457],[28.297201,-25.699484],[28.297365,-25.699837],[28.298098,-25.700991],[28.298658,-25.701523],[28.298872,-25.701572],[28.298861,-25.701872],[28.299246,-25.701994],[28.299498,-25.702778],[28.300104,-25.703753],[28.300322,-25.703766],[28.30057,-25.704475],[28.301607,-25.704866],[28.302126,-25.705154],[28.302603,-25.705729],[28.303324,-25.706738],[28.303904,-25.707018],[28.304331,-25.707373],[28.304701,-25.707878],[28.30514,-25.708086],[28.305258,-25.708397],[28.305994,-25.708792],[28.306967,-25.709219],[28.307207,-25.709223],[28.307859,-25.709522],[28.307432,-25.711451],[28.307177,-25.715],[28.301638,-25.714909],[28.29944,-25.714828],[28.299402,-25.714987],[28.298964,-25.714655],[28.298883,-25.714756],[28.298857,-25.715658],[28.298502,-25.716707],[28.300741,-25.717327],[28.302378,-25.717651],[28.304338,-25.717926],[28.306814,-25.718002],[28.30805,-25.717878],[28.308699,-25.717754],[28.312521,-25.717163],[28.313406,-25.717083],[28.319269,-25.716713],[28.320364,-25.716471],[28.321417,-25.71631],[28.322466,-25.716297],[28.323843,-25.71644],[28.325922,-25.716455],[28.329195,-25.716387],[28.331007,-25.71632]]]}},{"type":"Feature","properties":{"id":"ekangala","name":"Ekangala","labelPriority":"secondary","selectionBasis":"census-main-place","subPlaceCount":6},"geometry":{"type":"Polygon","coordinates":[[[28.706611,-25.709492],[28.709798,-25.71022],[28.710738,-25.710403],[28.713281,-25.71037],[28.718641,-25.71037],[28.724902,-25.710326],[28.725869,-25.710203],[28.726359,-25.710026],[28.729337,-25.70813],[28.72993,-25.707714],[28.730553,-25.707433],[28.731294,-25.70721],[28.731991,-25.707121],[28.733326,-25.707225],[28.733933,-25.707418],[28.734971,-25.707877],[28.736469,-25.708708],[28.73976,-25.710339],[28.740887,-25.707062],[28.741451,-25.705579],[28.742192,-25.703474],[28.743111,-25.701057],[28.743364,-25.700681],[28.74458,-25.701075],[28.745757,-25.701958],[28.746234,-25.702088],[28.74673,-25.702554],[28.747215,-25.702708],[28.748845,-25.702916],[28.749613,-25.703058],[28.751067,-25.703216],[28.75153,-25.703848],[28.75262,-25.704006],[28.753736,-25.704381],[28.753976,-25.704583],[28.755273,-25.704812],[28.756346,-25.704795],[28.757274,-25.704588],[28.757339,-25.703659],[28.756969,-25.7017],[28.75692,-25.700979],[28.75699,-25.699539],[28.757429,-25.69533],[28.75285,-25.693911],[28.756599,-25.684019],[28.759001,-25.67802],[28.765209,-25.650789],[28.76631,-25.64698],[28.73818,-25.633869],[28.723869,-25.631769],[28.722059,-25.64418],[28.719261,-25.65329],[28.714861,-25.6663],[28.708799,-25.682819],[28.708674,-25.683089],[28.71214,-25.684121],[28.71493,-25.684994],[28.7167,-25.685522],[28.714316,-25.69046],[28.713662,-25.691738],[28.712213,-25.694691],[28.711418,-25.696483],[28.710684,-25.698433],[28.708972,-25.703123],[28.706611,-25.709492]]]}},{"type":"Feature","properties":{"id":"ga-rankuwa","name":"Ga-Rankuwa","labelPriority":"secondary","selectionBasis":"census-main-place","subPlaceCount":22},"geometry":{"type":"Polygon","coordinates":[[[28.026851,-25.622614],[28.026617,-25.621934],[28.02801,-25.620503],[28.028215,-25.620224],[28.032288,-25.61533],[28.033028,-25.614509],[28.033743,-25.613595],[28.035236,-25.611854],[28.035873,-25.610986],[28.035074,-25.610817],[28.030878,-25.609228],[28.030802,-25.608969],[28.029818,-25.608631],[28.031309,-25.605644],[28.031149,-25.604324],[28.033079,-25.60322],[28.036924,-25.592861],[28.038233,-25.591553],[28.039011,-25.590628],[28.038992,-25.590358],[28.039415,-25.58926],[28.040479,-25.587157],[28.041118,-25.585541],[28.041471,-25.584803],[28.041695,-25.584643],[28.041981,-25.583725],[28.042921,-25.581625],[28.043862,-25.579849],[28.046213,-25.57661],[28.047101,-25.574938],[28.047937,-25.573057],[28.04898,-25.571733],[28.047529,-25.571514],[28.04756,-25.571339],[28.048372,-25.569603],[28.047728,-25.569441],[28.04624,-25.568953],[28.045313,-25.568744],[28.043379,-25.568051],[28.046252,-25.564049],[28.048697,-25.560787],[28.048808,-25.560545],[28.049509,-25.559561],[28.040079,-25.558969],[28.030649,-25.558359],[28.0151,-25.55344],[28.009687,-25.551722],[28.006586,-25.555954],[28.0049,-25.555683],[28.003229,-25.555326],[28.001703,-25.55508],[27.999613,-25.554945],[27.996809,-25.55444],[27.994925,-25.553947],[27.994014,-25.553663],[27.994235,-25.553057],[27.99514,-25.551158],[27.994862,-25.551032],[27.995035,-25.550632],[27.994795,-25.55045],[27.994803,-25.550042],[27.994336,-25.549495],[27.99399,-25.549229],[27.991535,-25.548383],[27.991333,-25.547962],[27.990457,-25.547431],[27.990093,-25.54734],[27.990573,-25.546323],[27.990768,-25.545709],[27.981461,-25.542749],[27.97546,-25.55567],[27.974356,-25.558062],[27.96834,-25.570999],[27.96456,-25.58025],[27.95763,-25.592621],[27.97216,-25.59791],[27.976231,-25.614571],[27.977011,-25.617849],[27.97716,-25.61828],[27.983545,-25.618814],[27.993021,-25.619707],[27.998465,-25.620136],[28.009859,-25.62113],[28.013296,-25.621445],[28.014692,-25.62154],[28.017981,-25.62184],[28.019472,-25.621944],[28.026851,-25.622614]]]}},{"type":"Feature","properties":{"id":"hebron","name":"Hebron","labelPriority":"secondary","selectionBasis":"census-main-place","subPlaceCount":1},"geometry":{"type":"Polygon","coordinates":[[[27.990768,-25.545709],[28.009687,-25.551722],[28.006586,-25.555954],[28.0049,-25.555683],[28.003229,-25.555326],[28.001703,-25.55508],[27.999613,-25.554945],[27.996809,-25.55444],[27.994925,-25.553947],[27.994014,-25.553663],[27.994235,-25.553057],[27.99514,-25.551158],[27.994862,-25.551032],[27.995035,-25.550632],[27.994795,-25.55045],[27.994803,-25.550042],[27.994336,-25.549495],[27.99399,-25.549229],[27.991535,-25.548383],[27.991333,-25.547962],[27.990457,-25.547431],[27.990093,-25.54734],[27.990573,-25.546323],[27.990768,-25.545709]]]}},{"type":"Feature","properties":{"id":"kekana-garden","name":"Kekana Garden","labelPriority":"secondary","selectionBasis":"census-main-place","subPlaceCount":1},"geometry":{"type":"Polygon","coordinates":[[[28.303624,-25.382538],[28.302524,-25.383343],[28.301765,-25.384012],[28.300943,-25.385135],[28.300519,-25.386108],[28.300323,-25.387095],[28.299143,-25.387092],[28.299547,-25.38162],[28.299787,-25.378116],[28.299841,-25.376923],[28.299797,-25.374701],[28.299468,-25.369275],[28.299255,-25.366128],[28.300801,-25.365853],[28.303839,-25.365134],[28.304972,-25.364895],[28.30621,-25.364485],[28.307691,-25.364152],[28.31063,-25.363432],[28.31157,-25.363247],[28.311205,-25.364478],[28.312125,-25.366267],[28.312416,-25.366916],[28.312763,-25.369799],[28.315185,-25.370081],[28.315503,-25.369151],[28.316626,-25.369244],[28.316345,-25.370212],[28.319693,-25.37061],[28.319807,-25.370725],[28.31934,-25.371049],[28.315159,-25.374156],[28.313024,-25.375669],[28.310756,-25.377391],[28.309949,-25.377962],[28.309783,-25.37821],[28.308983,-25.378687],[28.308036,-25.379354],[28.303624,-25.382538]]]}},{"type":"Feature","properties":{"id":"laudium","name":"Laudium","labelPriority":"secondary","selectionBasis":"census-main-place","subPlaceCount":3},"geometry":{"type":"Polygon","coordinates":[[[28.09962,-25.77555],[28.094784,-25.776634],[28.095415,-25.778738],[28.068239,-25.784224],[28.068146,-25.784777],[28.067705,-25.784925],[28.067686,-25.787525],[28.06771,-25.788024],[28.074591,-25.787205],[28.076979,-25.786905],[28.077467,-25.786912],[28.080159,-25.786592],[28.082796,-25.786137],[28.085939,-25.785759],[28.088583,-25.785242],[28.089331,-25.785149],[28.08861,-25.792738],[28.088346,-25.796064],[28.087969,-25.799139],[28.09268,-25.799465],[28.092585,-25.800278],[28.09247,-25.802032],[28.094099,-25.802141],[28.096441,-25.802336],[28.096798,-25.798074],[28.097013,-25.79718],[28.103872,-25.796421],[28.105776,-25.797186],[28.105974,-25.796692],[28.107929,-25.792857],[28.107883,-25.792811],[28.107528,-25.790366],[28.108919,-25.789499],[28.109476,-25.789246],[28.109388,-25.788866],[28.109365,-25.787601],[28.109464,-25.786952],[28.10958,-25.78691],[28.109854,-25.786058],[28.11014,-25.786457],[28.110815,-25.785702],[28.111124,-25.785461],[28.112036,-25.784983],[28.11223,-25.784803],[28.113064,-25.78441],[28.113769,-25.783805],[28.114076,-25.783327],[28.11433,-25.782568],[28.114334,-25.781947],[28.113977,-25.781088],[28.114237,-25.780556],[28.114443,-25.780441],[28.114248,-25.779751],[28.114233,-25.778849],[28.114313,-25.778265],[28.11463,-25.777537],[28.1093,-25.776143],[28.105443,-25.777406],[28.104251,-25.777967],[28.100254,-25.778528],[28.09962,-25.77555]]]}},{"type":"Feature","properties":{"id":"kudube","name":"Kudube","labelPriority":"secondary","selectionBasis":"named-sub-places","subPlaceCount":4},"geometry":{"type":"Polygon","coordinates":[[[28.230124,-25.38369],[28.231382,-25.383753],[28.232471,-25.383688],[28.232459,-25.383128],[28.232539,-25.38028],[28.232698,-25.376057],[28.232818,-25.375648],[28.233159,-25.374988],[28.233778,-25.374266],[28.234693,-25.373698],[28.235961,-25.373442],[28.237399,-25.37338],[28.238706,-25.373459],[28.239354,-25.373726],[28.241179,-25.375136],[28.241757,-25.375337],[28.241551,-25.375594],[28.243118,-25.376539],[28.243246,-25.376437],[28.248455,-25.379543],[28.249258,-25.379663],[28.25149,-25.37944],[28.251896,-25.382582],[28.248749,-25.382918],[28.248832,-25.383485],[28.248765,-25.383766],[28.246899,-25.385021],[28.245624,-25.38518],[28.245521,-25.383968],[28.244807,-25.383996],[28.242626,-25.384183],[28.24245,-25.386215],[28.242694,-25.386683],[28.242385,-25.386915],[28.242208,-25.388436],[28.240441,-25.388303],[28.240111,-25.390161],[28.240426,-25.390228],[28.240143,-25.392037],[28.240456,-25.392347],[28.241034,-25.393183],[28.242183,-25.394316],[28.245493,-25.391531],[28.249376,-25.388409],[28.249788,-25.388176],[28.250586,-25.387924],[28.251501,-25.387781],[28.252558,-25.387695],[28.254103,-25.387495],[28.25482,-25.387255],[28.255594,-25.386684],[28.25593,-25.386314],[28.260759,-25.380205],[28.260885,-25.380001],[28.266203,-25.380589],[28.269935,-25.380973],[28.270201,-25.378665],[28.270065,-25.378481],[28.269305,-25.378393],[28.269428,-25.377245],[28.269589,-25.375128],[28.268853,-25.375041],[28.269123,-25.372798],[28.269243,-25.372097],[28.26697,-25.371895],[28.266096,-25.372236],[28.265806,-25.37187],[28.2633,-25.371881],[28.263098,-25.371843],[28.263048,-25.371515],[28.262197,-25.370653],[28.261877,-25.370192],[28.261793,-25.36936],[28.262823,-25.368213],[28.262975,-25.367674],[28.262612,-25.367129],[28.262112,-25.36608],[28.261666,-25.365638],[28.260518,-25.365584],[28.259292,-25.365584],[28.259307,-25.363642],[28.261631,-25.363657],[28.261685,-25.362411],[28.261641,-25.362098],[28.259871,-25.362495],[28.259139,-25.36023],[28.25443,-25.361347],[28.252187,-25.360814],[28.251359,-25.360906],[28.250758,-25.361105],[28.249663,-25.361604],[28.249489,-25.361599],[28.248791,-25.361957],[28.249024,-25.362815],[28.245139,-25.363801],[28.244545,-25.364285],[28.243921,-25.364048],[28.241074,-25.364745],[28.240889,-25.363345],[28.24062,-25.361833],[28.240248,-25.361905],[28.240094,-25.361279],[28.23944,-25.361497],[28.238176,-25.36206],[28.237064,-25.362639],[28.237412,-25.363771],[28.237722,-25.365567],[28.235998,-25.365999],[28.230648,-25.367272],[28.2307,-25.367682],[28.230639,-25.371134],[28.230547,-25.373823],[28.230398,-25.375805],[28.230165,-25.383368],[28.230124,-25.38369]]]}},{"type":"Feature","properties":{"id":"lotus-gardens","name":"Lotus Gardens","labelPriority":"secondary","selectionBasis":"named-sub-places","subPlaceCount":2},"geometry":{"type":"Polygon","coordinates":[[[28.063058,-25.743381],[28.063778,-25.746582],[28.063868,-25.746559],[28.064043,-25.747414],[28.065935,-25.755745],[28.065841,-25.755782],[28.06674,-25.759567],[28.072454,-25.758074],[28.072405,-25.757812],[28.076159,-25.756632],[28.080645,-25.755165],[28.086412,-25.753761],[28.090094,-25.753101],[28.094194,-25.752419],[28.100981,-25.751411],[28.107096,-25.750465],[28.106653,-25.749521],[28.106421,-25.749449],[28.105864,-25.748322],[28.105604,-25.747545],[28.105238,-25.746979],[28.104155,-25.746037],[28.101244,-25.743727],[28.100512,-25.743608],[28.098276,-25.744186],[28.094896,-25.745117],[28.093523,-25.745451],[28.092009,-25.745672],[28.091665,-25.744394],[28.090689,-25.742573],[28.090326,-25.742422],[28.085001,-25.741014],[28.084093,-25.741093],[28.07688,-25.741913],[28.072821,-25.742321],[28.064779,-25.743208],[28.063058,-25.743381]]]}},{"type":"Feature","properties":{"id":"mabopane","name":"Mabopane","labelPriority":"secondary","selectionBasis":"census-main-place","subPlaceCount":18},"geometry":{"type":"Polygon","coordinates":[[[28.002535,-25.498546],[28.003942,-25.499269],[28.00463,-25.499848],[28.005972,-25.500425],[28.007063,-25.501093],[28.0077,-25.501163],[28.00839,-25.501081],[28.009134,-25.499695],[28.01243,-25.494427],[28.012506,-25.494402],[28.013399,-25.493147],[28.01248,-25.492496],[28.015203,-25.490154],[28.016699,-25.489141],[28.016672,-25.489464],[28.017496,-25.489325],[28.017698,-25.488918],[28.018419,-25.488611],[28.018763,-25.488779],[28.019354,-25.489244],[28.019667,-25.489672],[28.020426,-25.490168],[28.021093,-25.490202],[28.021692,-25.490759],[28.021521,-25.491325],[28.02165,-25.491732],[28.021498,-25.492119],[28.021658,-25.492296],[28.02178,-25.493055],[28.021715,-25.49325],[28.022043,-25.493883],[28.022318,-25.49481],[28.020319,-25.495821],[28.01763,-25.497221],[28.018476,-25.498407],[28.017424,-25.499727],[28.015196,-25.503269],[28.014999,-25.50367],[28.013949,-25.505445],[28.013361,-25.506374],[28.012362,-25.507732],[28.011415,-25.509375],[28.010584,-25.510883],[28.008959,-25.513372],[28.008249,-25.514406],[28.007349,-25.515881],[28.006693,-25.517092],[28.005289,-25.519911],[28.003801,-25.522532],[28.01512,-25.52702],[28.024422,-25.530701],[28.03632,-25.532881],[28.038389,-25.533251],[28.046659,-25.534769],[28.0497,-25.53528],[28.052401,-25.535801],[28.050722,-25.549644],[28.051389,-25.54969],[28.058322,-25.549914],[28.060163,-25.549987],[28.065006,-25.550095],[28.06698,-25.550152],[28.0674,-25.550339],[28.068117,-25.550447],[28.068407,-25.550812],[28.068964,-25.550919],[28.072035,-25.551182],[28.072317,-25.550169],[28.072741,-25.548956],[28.07387,-25.546864],[28.077501,-25.540468],[28.081251,-25.533941],[28.082529,-25.531418],[28.083101,-25.529285],[28.0832,-25.527411],[28.082869,-25.523907],[28.082735,-25.521494],[28.083055,-25.519215],[28.083754,-25.517193],[28.083906,-25.516851],[28.085321,-25.513098],[28.086306,-25.510614],[28.086615,-25.509373],[28.087782,-25.504389],[28.088903,-25.49992],[28.090029,-25.495199],[28.09018,-25.494406],[28.089242,-25.494176],[28.088859,-25.494836],[28.087558,-25.494563],[28.088648,-25.490099],[28.089056,-25.488367],[28.089788,-25.485462],[28.087786,-25.485744],[28.084967,-25.486048],[28.084129,-25.486195],[28.082827,-25.488608],[28.082496,-25.488933],[28.082465,-25.489754],[28.082746,-25.489953],[28.082478,-25.490692],[28.082563,-25.490931],[28.082758,-25.492559],[28.082987,-25.494164],[28.081068,-25.49453],[28.080332,-25.494967],[28.079645,-25.495058],[28.079184,-25.494991],[28.068472,-25.497189],[28.066407,-25.497644],[28.065969,-25.497636],[28.063829,-25.497051],[28.064024,-25.49637],[28.064067,-25.495783],[28.063935,-25.49452],[28.06307,-25.494627],[28.060896,-25.494715],[28.047544,-25.494907],[28.046,-25.494871],[28.045507,-25.494814],[28.048059,-25.486574],[28.047937,-25.486559],[28.043406,-25.48653],[28.038286,-25.486546],[28.027826,-25.486423],[28.022799,-25.486391],[28.022398,-25.486448],[28.021624,-25.485598],[28.02136,-25.485188],[28.021124,-25.484524],[28.021669,-25.484209],[28.022768,-25.484144],[28.02294,-25.48428],[28.023752,-25.484037],[28.024031,-25.48378],[28.025145,-25.483152],[28.026495,-25.482975],[28.026812,-25.482996],[28.027613,-25.482796],[28.027987,-25.482866],[28.028715,-25.482759],[28.029043,-25.482452],[28.029882,-25.482231],[28.030134,-25.482038],[28.031191,-25.481668],[28.032217,-25.48164],[28.032511,-25.481482],[28.032755,-25.480953],[28.033182,-25.480698],[28.033304,-25.480068],[28.033575,-25.479912],[28.034075,-25.479055],[28.03356,-25.47821],[28.03224,-25.476213],[28.030626,-25.473963],[28.0301,-25.472994],[28.01193,-25.480459],[28.011746,-25.480611],[28.008398,-25.48694],[28.007868,-25.48749],[28.007418,-25.488962],[28.006254,-25.491262],[28.00506,-25.493431],[28.004068,-25.495506],[28.002535,-25.498546]]]}},{"type":"Feature","properties":{"id":"majaneng","name":"Majaneng","labelPriority":"secondary","selectionBasis":"census-main-place","subPlaceCount":1},"geometry":{"type":"Polygon","coordinates":[[[28.271688,-25.35723],[28.267653,-25.358265],[28.266397,-25.358494],[28.261786,-25.359583],[28.259139,-25.36023],[28.25443,-25.361347],[28.252187,-25.360814],[28.251359,-25.360906],[28.250758,-25.361105],[28.249663,-25.361604],[28.249489,-25.361599],[28.248791,-25.361957],[28.249024,-25.362815],[28.245139,-25.363801],[28.244545,-25.364285],[28.243921,-25.364048],[28.241074,-25.364745],[28.240889,-25.363345],[28.24062,-25.361833],[28.240248,-25.361905],[28.240094,-25.361279],[28.23944,-25.361497],[28.238176,-25.36206],[28.237064,-25.362639],[28.237412,-25.363771],[28.237722,-25.365567],[28.235998,-25.365999],[28.230648,-25.367272],[28.230646,-25.366022],[28.230471,-25.365908],[28.230158,-25.365271],[28.229982,-25.364447],[28.22975,-25.362108],[28.229471,-25.361085],[28.229241,-25.360473],[28.228801,-25.358226],[28.228668,-25.357274],[28.228662,-25.35597],[28.228544,-25.354144],[28.251711,-25.349257],[28.269503,-25.345494],[28.269703,-25.346205],[28.270252,-25.345948],[28.270969,-25.345995],[28.270644,-25.346309],[28.27077,-25.346691],[28.270388,-25.347376],[28.270346,-25.348301],[28.270556,-25.349609],[28.27111,-25.349671],[28.271099,-25.350063],[28.270817,-25.350351],[28.270367,-25.350571],[28.270409,-25.350921],[28.270242,-25.351245],[28.270503,-25.351512],[28.270289,-25.35171],[28.270048,-25.351496],[28.269745,-25.351501],[28.269703,-25.3517],[28.269996,-25.351841],[28.270179,-25.352244],[28.270828,-25.352552],[28.270796,-25.353138],[28.271167,-25.35398],[28.271241,-25.354314],[28.27175,-25.35419],[28.271528,-25.35375],[28.271994,-25.353823],[28.271962,-25.35341],[28.272255,-25.35341],[28.272658,-25.353697],[28.272945,-25.354785],[28.272726,-25.355193],[28.272459,-25.354869],[28.272009,-25.355031],[28.272114,-25.355454],[28.271675,-25.356003],[28.271512,-25.356375],[28.271688,-25.35723]]]}},{"type":"Feature","properties":{"id":"makanyaneng","name":"Makanyaneng","labelPriority":"secondary","selectionBasis":"census-main-place","subPlaceCount":1},"geometry":{"type":"Polygon","coordinates":[[[28.00043,-25.500176],[28.007509,-25.484091],[28.011746,-25.480611],[28.008398,-25.48694],[28.007868,-25.48749],[28.007418,-25.488962],[28.006254,-25.491262],[28.00506,-25.493431],[28.004068,-25.495506],[28.002535,-25.498546],[28.002325,-25.499441],[28.001646,-25.500933],[28.00043,-25.500176]]]}},{"type":"Feature","properties":{"id":"mamelodi","name":"Mamelodi","labelPriority":"primary","selectionBasis":"census-main-place","subPlaceCount":52},"geometry":{"type":"Polygon","coordinates":[[[28.321336,-25.694782],[28.322321,-25.698944],[28.323153,-25.698845],[28.323732,-25.70145],[28.32493,-25.706438],[28.326292,-25.712187],[28.327052,-25.71534],[28.330351,-25.715397],[28.330912,-25.7155],[28.331007,-25.71632],[28.331345,-25.717526],[28.332926,-25.71806],[28.335352,-25.718729],[28.334943,-25.719051],[28.3359,-25.719425],[28.335965,-25.719275],[28.338099,-25.719931],[28.338243,-25.719591],[28.344488,-25.72155],[28.349112,-25.723032],[28.350336,-25.723269],[28.351797,-25.723282],[28.352789,-25.723167],[28.354803,-25.722872],[28.355211,-25.723246],[28.355669,-25.723442],[28.356337,-25.723883],[28.356749,-25.723967],[28.357821,-25.724503],[28.359018,-25.725555],[28.359446,-25.725983],[28.360415,-25.726093],[28.364187,-25.725943],[28.364805,-25.725992],[28.365065,-25.726561],[28.365503,-25.728027],[28.365751,-25.728325],[28.365774,-25.728704],[28.36603,-25.72908],[28.367323,-25.728994],[28.367284,-25.72865],[28.368444,-25.727516],[28.369158,-25.727394],[28.370591,-25.72748],[28.370619,-25.727026],[28.371641,-25.726973],[28.374018,-25.727379],[28.374854,-25.727577],[28.37718,-25.728506],[28.379225,-25.729597],[28.379624,-25.729932],[28.380899,-25.730671],[28.381337,-25.730782],[28.383993,-25.732264],[28.384922,-25.732922],[28.386396,-25.733608],[28.387636,-25.7344],[28.389803,-25.735615],[28.391649,-25.736578],[28.392138,-25.737036],[28.392443,-25.737526],[28.391466,-25.738306],[28.39065,-25.738817],[28.389063,-25.739481],[28.388216,-25.739738],[28.387289,-25.739874],[28.386217,-25.739958],[28.38413,-25.739874],[28.382093,-25.740068],[28.380766,-25.740345],[28.418515,-25.753742],[28.419494,-25.753512],[28.417082,-25.74855],[28.408922,-25.73138],[28.408392,-25.7304],[28.413721,-25.73103],[28.417063,-25.73139],[28.419992,-25.73173],[28.420813,-25.731909],[28.422472,-25.732519],[28.423292,-25.732969],[28.424379,-25.73349],[28.42676,-25.73456],[28.427382,-25.73488],[28.429201,-25.735689],[28.43054,-25.73604],[28.43117,-25.73616],[28.432032,-25.736219],[28.433561,-25.736139],[28.434572,-25.73591],[28.43643,-25.73531],[28.439013,-25.73451],[28.440512,-25.73427],[28.44124,-25.73424],[28.442942,-25.73436],[28.44348,-25.734449],[28.445211,-25.734579],[28.445303,-25.734472],[28.44507,-25.73134],[28.446162,-25.732178],[28.447213,-25.731172],[28.447274,-25.731239],[28.44789,-25.730606],[28.446973,-25.730286],[28.446421,-25.729795],[28.446196,-25.729838],[28.445337,-25.728881],[28.445745,-25.728595],[28.445242,-25.727989],[28.444871,-25.72709],[28.444999,-25.726914],[28.444653,-25.726311],[28.44401,-25.71859],[28.443781,-25.715939],[28.443121,-25.70801],[28.437952,-25.703539],[28.4345,-25.700569],[28.42885,-25.69574],[28.425081,-25.69253],[28.421419,-25.688549],[28.420252,-25.68726],[28.417501,-25.68541],[28.417391,-25.68531],[28.41556,-25.686228],[28.414768,-25.686542],[28.412781,-25.687677],[28.410439,-25.688963],[28.410475,-25.689016],[28.409182,-25.68976],[28.406905,-25.69101],[28.406881,-25.690971],[28.405458,-25.691733],[28.405081,-25.692103],[28.404627,-25.691913],[28.404095,-25.692178],[28.403063,-25.692534],[28.403034,-25.692769],[28.401629,-25.693359],[28.40173,-25.694025],[28.400475,-25.694472],[28.399871,-25.694767],[28.399383,-25.694298],[28.395414,-25.69595],[28.395074,-25.695574],[28.394546,-25.695878],[28.394725,-25.696082],[28.394491,-25.696212],[28.393724,-25.696302],[28.394144,-25.697332],[28.39472,-25.697332],[28.394957,-25.697596],[28.394823,-25.698301],[28.395247,-25.698435],[28.394293,-25.700706],[28.393366,-25.701378],[28.392992,-25.701496],[28.391626,-25.700226],[28.390585,-25.699965],[28.390295,-25.699627],[28.389921,-25.699406],[28.389311,-25.699379],[28.389338,-25.699135],[28.388693,-25.698954],[28.386816,-25.699104],[28.386316,-25.698887],[28.385431,-25.698944],[28.38542,-25.699402],[28.383684,-25.699459],[28.382326,-25.699171],[28.382326,-25.698788],[28.382021,-25.698727],[28.382296,-25.697977],[28.381289,-25.697763],[28.380857,-25.698252],[28.380861,-25.698761],[28.380411,-25.69866],[28.380205,-25.698965],[28.379803,-25.699085],[28.379776,-25.699515],[28.380663,-25.699545],[28.381475,-25.699717],[28.381763,-25.700425],[28.382235,-25.700575],[28.382392,-25.701026],[28.383493,-25.701071],[28.383867,-25.701181],[28.383909,-25.7015],[28.384642,-25.701328],[28.385077,-25.701372],[28.385218,-25.701851],[28.382944,-25.702425],[28.38146,-25.702406],[28.380201,-25.702551],[28.380098,-25.702995],[28.379068,-25.70277],[28.379034,-25.702398],[28.378502,-25.70214],[28.378149,-25.701788],[28.377871,-25.701746],[28.376284,-25.701822],[28.375082,-25.701544],[28.373472,-25.70163],[28.370497,-25.7015],[28.370268,-25.701664],[28.369703,-25.701687],[28.369215,-25.70199],[28.368341,-25.701956],[28.367449,-25.701548],[28.366861,-25.701479],[28.366423,-25.701603],[28.366175,-25.702078],[28.365664,-25.702265],[28.365244,-25.702183],[28.364187,-25.702791],[28.363459,-25.702896],[28.362177,-25.702398],[28.361837,-25.70219],[28.360765,-25.701748],[28.360117,-25.701195],[28.359514,-25.700453],[28.357927,-25.699223],[28.357679,-25.699154],[28.357615,-25.69949],[28.357241,-25.699963],[28.356951,-25.700108],[28.355932,-25.700872],[28.354307,-25.701443],[28.353765,-25.701485],[28.352301,-25.701731],[28.351549,-25.701763],[28.350729,-25.701698],[28.350286,-25.701588],[28.349222,-25.701529],[28.347506,-25.70118],[28.346315,-25.700848],[28.345179,-25.700415],[28.345263,-25.70014],[28.344441,-25.69997],[28.344459,-25.699866],[28.343793,-25.699654],[28.343852,-25.699461],[28.34296,-25.699231],[28.34278,-25.699776],[28.342279,-25.699703],[28.341265,-25.700403],[28.340036,-25.700745],[28.33882,-25.701008],[28.336294,-25.701086],[28.334023,-25.700681],[28.334829,-25.694581],[28.327002,-25.695428],[28.326064,-25.695497],[28.321336,-25.694782]],[[28.371275,-25.715904],[28.369158,-25.716944],[28.368204,-25.717365],[28.363817,-25.719507],[28.362574,-25.719837],[28.361734,-25.719818],[28.361143,-25.719694],[28.356981,-25.718447],[28.357771,-25.717373],[28.358664,-25.717323],[28.359255,-25.717758],[28.359739,-25.717726],[28.360537,-25.717438],[28.3613,-25.717241],[28.361635,-25.717028],[28.361956,-25.717035],[28.362974,-25.716475],[28.36429,-25.716022],[28.365416,-25.715275],[28.36656,-25.714039],[28.366846,-25.713549],[28.367392,-25.712906],[28.367872,-25.713102],[28.367952,-25.713484],[28.368284,-25.713863],[28.368975,-25.714336],[28.369799,-25.7148],[28.371214,-25.715738],[28.371275,-25.715904]],[[28.371275,-25.715904],[28.37607,-25.713432],[28.376562,-25.71312],[28.378901,-25.711758],[28.380476,-25.714006],[28.380697,-25.714456],[28.379971,-25.714707],[28.38003,-25.715098],[28.378493,-25.716585],[28.378486,-25.716724],[28.375996,-25.717315],[28.376198,-25.718089],[28.376075,-25.718875],[28.375958,-25.719075],[28.375047,-25.718274],[28.374365,-25.717777],[28.373205,-25.717243],[28.371912,-25.716578],[28.371275,-25.715904]]]}},{"type":"Feature","properties":{"id":"mandela-village","name":"Mandela Village","labelPriority":"secondary","selectionBasis":"census-main-place","subPlaceCount":1},"geometry":{"type":"Polygon","coordinates":[[[28.283102,-25.402058],[28.283846,-25.401978],[28.291155,-25.396282],[28.292051,-25.39562],[28.292585,-25.395119],[28.293364,-25.39422],[28.296133,-25.390503],[28.296305,-25.390331],[28.298716,-25.387058],[28.299143,-25.387092],[28.300323,-25.387095],[28.300519,-25.386108],[28.300943,-25.385135],[28.301765,-25.384012],[28.302524,-25.383343],[28.303624,-25.382538],[28.305604,-25.383452],[28.305844,-25.383739],[28.306065,-25.383661],[28.310934,-25.385887],[28.310665,-25.386367],[28.310704,-25.386876],[28.310934,-25.387742],[28.311219,-25.388532],[28.312483,-25.38879],[28.315962,-25.38942],[28.31608,-25.389849],[28.31584,-25.390299],[28.315382,-25.390869],[28.315222,-25.39127],[28.314772,-25.392],[28.314371,-25.392809],[28.314199,-25.39332],[28.312952,-25.39455],[28.312292,-25.39572],[28.311819,-25.397449],[28.311892,-25.3985],[28.312101,-25.399319],[28.312693,-25.400789],[28.312768,-25.401599],[28.310696,-25.401143],[28.309879,-25.401042],[28.308849,-25.401025],[28.307541,-25.401203],[28.299177,-25.402765],[28.298094,-25.402981],[28.298189,-25.400646],[28.289877,-25.40184],[28.287136,-25.402184],[28.283007,-25.402773],[28.283102,-25.402058]]]}},{"type":"Feature","properties":{"id":"marokolong","name":"Marokolong","labelPriority":"secondary","selectionBasis":"census-main-place","subPlaceCount":1},"geometry":{"type":"Polygon","coordinates":[[[28.299547,-25.38162],[28.299143,-25.387092],[28.298716,-25.387058],[28.296305,-25.390331],[28.296133,-25.390503],[28.293364,-25.39422],[28.292585,-25.395119],[28.292051,-25.39562],[28.291155,-25.396282],[28.283846,-25.401978],[28.283102,-25.402058],[28.281042,-25.402042],[28.280359,-25.402166],[28.279799,-25.402456],[28.279474,-25.402807],[28.279173,-25.403782],[28.27891,-25.404228],[28.278067,-25.404966],[28.277964,-25.404194],[28.277567,-25.403296],[28.277895,-25.402536],[28.277685,-25.402277],[28.277086,-25.401907],[28.276888,-25.401512],[28.276865,-25.40106],[28.276651,-25.400482],[28.275976,-25.400414],[28.275629,-25.400864],[28.275152,-25.400414],[28.275209,-25.400063],[28.275461,-25.399584],[28.275167,-25.399008],[28.274744,-25.398684],[28.273787,-25.398642],[28.273691,-25.398291],[28.27376,-25.397194],[28.273752,-25.396013],[28.274931,-25.395428],[28.274931,-25.394871],[28.275133,-25.394398],[28.274874,-25.39395],[28.274401,-25.39225],[28.273928,-25.392344],[28.27239,-25.392504],[28.272272,-25.392107],[28.273428,-25.390966],[28.273447,-25.390829],[28.273054,-25.390387],[28.273371,-25.390011],[28.273527,-25.389576],[28.274084,-25.389532],[28.276152,-25.389172],[28.277067,-25.388973],[28.276228,-25.387821],[28.276491,-25.386284],[28.276205,-25.386034],[28.27561,-25.385944],[28.275297,-25.385365],[28.275862,-25.384413],[28.275663,-25.383839],[28.275854,-25.383064],[28.275839,-25.382692],[28.276014,-25.382013],[28.276594,-25.380972],[28.276144,-25.380369],[28.275698,-25.380447],[28.275126,-25.380392],[28.274767,-25.380192],[28.274675,-25.379946],[28.274801,-25.379623],[28.274305,-25.379061],[28.273581,-25.377918],[28.274469,-25.377222],[28.274618,-25.377251],[28.27458,-25.377741],[28.2749,-25.37797],[28.27548,-25.377964],[28.275728,-25.377462],[28.275583,-25.377056],[28.275694,-25.376671],[28.275068,-25.376392],[28.275187,-25.375692],[28.275381,-25.375162],[28.275015,-25.373865],[28.276125,-25.37348],[28.279497,-25.373545],[28.279654,-25.368679],[28.283045,-25.368773],[28.284166,-25.368608],[28.284708,-25.368584],[28.284979,-25.36875],[28.291394,-25.373994],[28.293724,-25.376013],[28.2949,-25.376969],[28.297632,-25.379248],[28.297731,-25.379393],[28.298088,-25.381505],[28.299547,-25.38162]]]}},{"type":"Feature","properties":{"id":"mashemong","name":"Mashemong","labelPriority":"secondary","selectionBasis":"census-main-place","subPlaceCount":1},"geometry":{"type":"Polygon","coordinates":[[[28.219873,-25.344591],[28.228331,-25.354191],[28.228544,-25.354144],[28.228662,-25.35597],[28.228668,-25.357274],[28.228801,-25.358226],[28.229241,-25.360473],[28.229471,-25.361085],[28.22975,-25.362108],[28.229982,-25.364447],[28.230158,-25.365271],[28.230471,-25.365908],[28.2274,-25.367443],[28.224474,-25.368885],[28.218893,-25.371658],[28.217535,-25.37232],[28.215651,-25.373308],[28.212576,-25.375254],[28.212405,-25.375411],[28.212124,-25.375256],[28.210207,-25.374498],[28.209486,-25.374264],[28.209047,-25.374033],[28.207907,-25.372667],[28.207827,-25.372225],[28.207026,-25.372469],[28.206587,-25.372522],[28.20466,-25.372536],[28.204817,-25.370754],[28.204351,-25.369942],[28.204199,-25.369526],[28.203243,-25.368751],[28.203139,-25.368313],[28.202993,-25.366644],[28.202972,-25.365026],[28.202993,-25.363513],[28.20316,-25.361541],[28.203296,-25.360706],[28.2034,-25.359381],[28.203849,-25.358265],[28.204475,-25.357232],[28.205195,-25.356251],[28.207321,-25.356948],[28.207499,-25.356968],[28.207636,-25.356447],[28.208067,-25.356524],[28.208155,-25.356041],[28.210684,-25.356199],[28.214216,-25.356312],[28.214296,-25.354862],[28.214281,-25.353788],[28.215975,-25.353788],[28.215896,-25.352497],[28.216096,-25.351431],[28.216733,-25.349519],[28.217807,-25.347946],[28.216356,-25.347067],[28.217691,-25.34487],[28.218267,-25.345409],[28.21847,-25.345228],[28.219873,-25.344591]]]}},{"type":"Feature","properties":{"id":"nellmapius","name":"Nellmapius","labelPriority":"secondary","selectionBasis":"census-main-place","subPlaceCount":7},"geometry":{"type":"Polygon","coordinates":[[[28.380766,-25.740345],[28.382093,-25.740068],[28.38413,-25.739874],[28.386217,-25.739958],[28.387289,-25.739874],[28.388216,-25.739738],[28.389063,-25.739481],[28.39065,-25.738817],[28.391466,-25.738306],[28.392443,-25.737526],[28.392138,-25.737036],[28.391649,-25.736578],[28.389803,-25.735615],[28.387636,-25.7344],[28.386396,-25.733608],[28.384922,-25.732922],[28.383993,-25.732264],[28.381337,-25.730782],[28.380899,-25.730671],[28.379624,-25.729932],[28.379225,-25.729597],[28.37718,-25.728506],[28.374854,-25.727577],[28.374018,-25.727379],[28.371641,-25.726973],[28.370619,-25.727026],[28.370591,-25.72748],[28.369158,-25.727394],[28.368444,-25.727516],[28.367284,-25.72865],[28.367323,-25.728994],[28.36603,-25.72908],[28.365774,-25.728704],[28.365751,-25.728325],[28.365503,-25.728027],[28.365065,-25.726561],[28.364805,-25.725992],[28.364187,-25.725943],[28.360415,-25.726093],[28.359446,-25.725983],[28.359018,-25.725555],[28.357821,-25.724503],[28.356749,-25.723967],[28.356337,-25.723883],[28.355669,-25.723442],[28.355211,-25.723246],[28.354803,-25.722872],[28.352789,-25.723167],[28.351797,-25.723282],[28.350336,-25.723269],[28.349112,-25.723032],[28.344488,-25.72155],[28.344143,-25.722141],[28.345148,-25.72404],[28.345169,-25.724146],[28.343831,-25.727716],[28.343656,-25.728086],[28.342736,-25.730492],[28.342567,-25.730666],[28.339352,-25.729895],[28.336404,-25.729096],[28.335178,-25.728857],[28.334502,-25.731739],[28.333399,-25.736556],[28.333152,-25.737495],[28.333292,-25.737709],[28.33299,-25.738927],[28.336195,-25.740034],[28.340315,-25.741436],[28.343561,-25.742556],[28.343706,-25.743383],[28.345026,-25.744326],[28.346334,-25.745209],[28.346388,-25.745422],[28.346033,-25.746218],[28.344973,-25.748423],[28.344339,-25.749985],[28.344072,-25.750526],[28.343107,-25.753107],[28.341864,-25.755442],[28.343325,-25.756109],[28.352457,-25.757933],[28.362022,-25.759909],[28.36841,-25.751379],[28.377481,-25.73918],[28.380766,-25.740345]]]}},{"type":"Feature","properties":{"id":"new-eersterus","name":"New Eersterus","labelPriority":"secondary","selectionBasis":"census-main-place","subPlaceCount":1},"geometry":{"type":"Polygon","coordinates":[[[28.156361,-25.438993],[28.128431,-25.444658],[28.125875,-25.445087],[28.125517,-25.44416],[28.124662,-25.440159],[28.12319,-25.433708],[28.123018,-25.433229],[28.122545,-25.431353],[28.121702,-25.427315],[28.121325,-25.42576],[28.120996,-25.423923],[28.119921,-25.419172],[28.119207,-25.416336],[28.118715,-25.414017],[28.118311,-25.412405],[28.118097,-25.411114],[28.117842,-25.410339],[28.117598,-25.409019],[28.11688,-25.40645],[28.116838,-25.405817],[28.116507,-25.404463],[28.116407,-25.403374],[28.116304,-25.403238],[28.115268,-25.399195],[28.110729,-25.378901],[28.14345,-25.37252],[28.144037,-25.372402],[28.14423,-25.373884],[28.144332,-25.376186],[28.144332,-25.377338],[28.144128,-25.378455],[28.144162,-25.379438],[28.144602,-25.380725],[28.145551,-25.382384],[28.145957,-25.38384],[28.145957,-25.384788],[28.145652,-25.385567],[28.144941,-25.386143],[28.144738,-25.386685],[28.145077,-25.388548],[28.145585,-25.389225],[28.147075,-25.390817],[28.147718,-25.391596],[28.148172,-25.393299],[28.149164,-25.394274],[28.149633,-25.394976],[28.150328,-25.396193],[28.149611,-25.397116],[28.148958,-25.398378],[28.14847,-25.399817],[28.147127,-25.405342],[28.146761,-25.406919],[28.145529,-25.411985],[28.145338,-25.412706],[28.14562,-25.412666],[28.146444,-25.4123],[28.14694,-25.412169],[28.147581,-25.411804],[28.148035,-25.412544],[28.147943,-25.414177],[28.148359,-25.41444],[28.148584,-25.41441],[28.148603,-25.414898],[28.14889,-25.415436],[28.149202,-25.415466],[28.149374,-25.4158],[28.149832,-25.416317],[28.150156,-25.417414],[28.150309,-25.417698],[28.150438,-25.418377],[28.150583,-25.418579],[28.156361,-25.438993]]]}},{"type":"Feature","properties":{"id":"olievenhoutbosch","name":"Olievenhoutbosch","labelPriority":"secondary","selectionBasis":"census-main-place","subPlaceCount":11},"geometry":{"type":"Polygon","coordinates":[[[28.077196,-25.92071],[28.07723,-25.920891],[28.080481,-25.92522],[28.083361,-25.924971],[28.09016,-25.924259],[28.09856,-25.923313],[28.098037,-25.926173],[28.105074,-25.924966],[28.104597,-25.922699],[28.108255,-25.921627],[28.110888,-25.920931],[28.112669,-25.922487],[28.114397,-25.922068],[28.115694,-25.922323],[28.116205,-25.921961],[28.116945,-25.921627],[28.117754,-25.921124],[28.1182,-25.921038],[28.120649,-25.9209],[28.121058,-25.917732],[28.121408,-25.917717],[28.121622,-25.916477],[28.121516,-25.916176],[28.121696,-25.915473],[28.122029,-25.91513],[28.122676,-25.91474],[28.12305,-25.914386],[28.123394,-25.914724],[28.124821,-25.91582],[28.124987,-25.91422],[28.125267,-25.913393],[28.126531,-25.912298],[28.125235,-25.91223],[28.123991,-25.911524],[28.121588,-25.909649],[28.119478,-25.908178],[28.120382,-25.907263],[28.120972,-25.907231],[28.121817,-25.907326],[28.124559,-25.906898],[28.124517,-25.906563],[28.124525,-25.904854],[28.124582,-25.901934],[28.123713,-25.90196],[28.123121,-25.901909],[28.122419,-25.901659],[28.122313,-25.901978],[28.121439,-25.901808],[28.121538,-25.900991],[28.121367,-25.900555],[28.120607,-25.899883],[28.120337,-25.900391],[28.119871,-25.899611],[28.119524,-25.899858],[28.117086,-25.9021],[28.117464,-25.902857],[28.116729,-25.902664],[28.11328,-25.901542],[28.112842,-25.904331],[28.111979,-25.904248],[28.111067,-25.90334],[28.110771,-25.903151],[28.109749,-25.903047],[28.108468,-25.902823],[28.107249,-25.902042],[28.1064,-25.901808],[28.102641,-25.901332],[28.103175,-25.898458],[28.103487,-25.89647],[28.103496,-25.896048],[28.103102,-25.894628],[28.103019,-25.894069],[28.103112,-25.893409],[28.09775,-25.893705],[28.095999,-25.893763],[28.091795,-25.894173],[28.090464,-25.894436],[28.087061,-25.895239],[28.085733,-25.895575],[28.085535,-25.898325],[28.085554,-25.899202],[28.085268,-25.903345],[28.08531,-25.90448],[28.083952,-25.907129],[28.082594,-25.909966],[28.080362,-25.914547],[28.078615,-25.918068],[28.077196,-25.92071]]]}},{"type":"Feature","properties":{"id":"ramotse","name":"Ramotse","labelPriority":"secondary","selectionBasis":"census-main-place","subPlaceCount":1},"geometry":{"type":"Polygon","coordinates":[[[28.299255,-25.366128],[28.299468,-25.369275],[28.299797,-25.374701],[28.299841,-25.376923],[28.299787,-25.378116],[28.299547,-25.38162],[28.298088,-25.381505],[28.297731,-25.379393],[28.297632,-25.379248],[28.2949,-25.376969],[28.293724,-25.376013],[28.291394,-25.373994],[28.284979,-25.36875],[28.284708,-25.368584],[28.284166,-25.368608],[28.283045,-25.368773],[28.28301,-25.3671],[28.2829,-25.358831],[28.282679,-25.354557],[28.282492,-25.351242],[28.282373,-25.348812],[28.282312,-25.343555],[28.282415,-25.342692],[28.282642,-25.342644],[28.2834,-25.338079],[28.289505,-25.338291],[28.289627,-25.341152],[28.291599,-25.340719],[28.297773,-25.339399],[28.297773,-25.339639],[28.298067,-25.345219],[28.298293,-25.348615],[28.298622,-25.35468],[28.298847,-25.357816],[28.299142,-25.363638],[28.299255,-25.366128]]]}},{"type":"Feature","properties":{"id":"refilwe","name":"Refilwe","labelPriority":"secondary","selectionBasis":"census-main-place","subPlaceCount":1},"geometry":{"type":"Polygon","coordinates":[[[28.538587,-25.645467],[28.538805,-25.648869],[28.538049,-25.648927],[28.537838,-25.648848],[28.537236,-25.648154],[28.536948,-25.647466],[28.536899,-25.647065],[28.536526,-25.64659],[28.535757,-25.646283],[28.535212,-25.646427],[28.535016,-25.64659],[28.534639,-25.646447],[28.534128,-25.647237],[28.53353,-25.646987],[28.532969,-25.64779],[28.532188,-25.647532],[28.531553,-25.647851],[28.529462,-25.648465],[28.529007,-25.647069],[28.528753,-25.647094],[28.528287,-25.647614],[28.528135,-25.647941],[28.527517,-25.648322],[28.526883,-25.648125],[28.526461,-25.648371],[28.526187,-25.648187],[28.526113,-25.647835],[28.527018,-25.646218],[28.52561,-25.644654],[28.524337,-25.643373],[28.524026,-25.642387],[28.524366,-25.641703],[28.52392,-25.641347],[28.522863,-25.640955],[28.519965,-25.639765],[28.518393,-25.639073],[28.517384,-25.638685],[28.518582,-25.636364],[28.519467,-25.634598],[28.520186,-25.633077],[28.520595,-25.63277],[28.521037,-25.631715],[28.521638,-25.630533],[28.521771,-25.630166],[28.524498,-25.631244],[28.527691,-25.632623],[28.533463,-25.635063],[28.538047,-25.636975],[28.538587,-25.645467]]]}},{"type":"Feature","properties":{"id":"rethabiseng","name":"Rethabiseng","labelPriority":"secondary","selectionBasis":"census-main-place","subPlaceCount":4},"geometry":{"type":"Polygon","coordinates":[[[28.706609,-25.722515],[28.707738,-25.72408],[28.708863,-25.725418],[28.709039,-25.725492],[28.710345,-25.72552],[28.712192,-25.725511],[28.711326,-25.727237],[28.711572,-25.727358],[28.711486,-25.727597],[28.71196,-25.728179],[28.712453,-25.728367],[28.71418,-25.729226],[28.715657,-25.729754],[28.715997,-25.729262],[28.716641,-25.729369],[28.717286,-25.72919],[28.717375,-25.729539],[28.717823,-25.729593],[28.719389,-25.729629],[28.719729,-25.729351],[28.719685,-25.72911],[28.719899,-25.728922],[28.721,-25.72868],[28.72211,-25.728519],[28.723148,-25.728832],[28.725517,-25.727762],[28.724943,-25.727107],[28.724573,-25.726808],[28.724046,-25.723809],[28.723697,-25.721943],[28.723442,-25.7217],[28.721845,-25.721909],[28.721595,-25.719136],[28.720511,-25.718946],[28.719382,-25.718867],[28.719155,-25.718955],[28.719085,-25.719515],[28.717382,-25.719316],[28.717007,-25.719163],[28.717053,-25.718663],[28.716321,-25.718446],[28.714261,-25.717927],[28.713928,-25.717548],[28.713497,-25.717372],[28.712937,-25.716626],[28.712854,-25.716145],[28.711169,-25.715349],[28.709914,-25.716386],[28.70946,-25.716242],[28.708928,-25.716335],[28.708747,-25.716649],[28.708738,-25.717214],[28.709567,-25.717362],[28.709294,-25.718737],[28.709423,-25.71902],[28.710997,-25.720089],[28.710377,-25.720932],[28.709997,-25.721319],[28.709511,-25.72096],[28.709368,-25.720372],[28.708752,-25.720242],[28.707947,-25.720265],[28.707095,-25.72096],[28.706947,-25.721177],[28.706609,-25.722515]]]}},{"type":"Feature","properties":{"id":"saulsville","name":"Saulsville","labelPriority":"secondary","labelOffset":[0,18],"selectionBasis":"census-main-place","subPlaceCount":6},"geometry":{"type":"Polygon","coordinates":[[[28.067705,-25.784925],[28.068146,-25.784777],[28.068239,-25.784224],[28.068068,-25.783394],[28.068129,-25.782558],[28.067976,-25.78199],[28.068041,-25.78161],[28.066595,-25.775291],[28.066126,-25.773195],[28.064428,-25.765804],[28.064756,-25.764996],[28.064329,-25.764902],[28.0641,-25.76469],[28.062025,-25.763889],[28.06035,-25.763447],[28.059858,-25.763403],[28.059725,-25.763556],[28.058363,-25.763105],[28.058271,-25.763313],[28.057512,-25.763647],[28.0571,-25.762798],[28.0553,-25.76338],[28.05057,-25.764637],[28.049055,-25.765322],[28.048299,-25.765529],[28.047817,-25.765557],[28.044935,-25.765326],[28.044069,-25.765295],[28.042856,-25.765532],[28.042017,-25.765879],[28.039812,-25.767216],[28.037997,-25.767899],[28.041647,-25.772008],[28.042727,-25.772825],[28.043846,-25.771762],[28.044088,-25.771754],[28.048151,-25.77515],[28.049631,-25.776836],[28.051207,-25.778151],[28.050133,-25.779254],[28.052305,-25.781082],[28.051294,-25.782093],[28.050249,-25.782774],[28.049662,-25.783035],[28.047308,-25.783958],[28.042948,-25.78577],[28.038221,-25.787262],[28.036928,-25.787315],[28.036077,-25.787149],[28.034746,-25.786661],[28.032441,-25.78588],[28.031767,-25.787415],[28.029009,-25.789112],[28.028677,-25.787962],[28.027807,-25.788113],[28.027498,-25.786631],[28.027159,-25.785442],[28.026949,-25.784946],[28.02701,-25.784788],[28.026731,-25.78418],[28.02648,-25.784296],[28.024652,-25.785233],[28.023149,-25.786156],[28.023252,-25.786371],[28.023847,-25.786826],[28.024009,-25.787276],[28.023046,-25.78772],[28.021395,-25.787945],[28.020254,-25.787849],[28.020056,-25.788614],[28.020056,-25.789537],[28.020124,-25.790588],[28.020058,-25.791335],[28.017847,-25.791431],[28.018236,-25.793283],[28.019861,-25.792825],[28.020212,-25.794039],[28.020342,-25.7953],[28.020613,-25.796135],[28.020742,-25.796909],[28.021177,-25.797892],[28.021681,-25.798752],[28.022211,-25.798561],[28.023393,-25.798278],[28.024454,-25.798307],[28.024809,-25.798725],[28.025496,-25.798759],[28.025942,-25.798464],[28.026011,-25.798126],[28.026548,-25.798334],[28.027365,-25.798265],[28.027975,-25.798473],[28.028662,-25.798517],[28.029131,-25.798864],[28.02952,-25.799368],[28.029879,-25.799568],[28.030321,-25.800394],[28.031679,-25.800098],[28.032862,-25.799673],[28.03253,-25.799368],[28.032946,-25.798813],[28.033903,-25.798168],[28.03393,-25.797604],[28.034399,-25.797144],[28.03406,-25.796804],[28.034258,-25.796709],[28.034773,-25.796909],[28.03525,-25.796726],[28.036589,-25.795856],[28.037435,-25.795886],[28.037669,-25.796406],[28.03791,-25.7966],[28.038113,-25.79716],[28.03866,-25.797],[28.03867,-25.79688],[28.039417,-25.796659],[28.03934,-25.79642],[28.03969,-25.796305],[28.03963,-25.79613],[28.04131,-25.79561],[28.042868,-25.794683],[28.043729,-25.794281],[28.044173,-25.79504],[28.04528,-25.79455],[28.04494,-25.79384],[28.04595,-25.79346],[28.046075,-25.792958],[28.046582,-25.792545],[28.047799,-25.792038],[28.048259,-25.791586],[28.048618,-25.791391],[28.048423,-25.791095],[28.048828,-25.7909],[28.048878,-25.790646],[28.049395,-25.790459],[28.050413,-25.79031],[28.050795,-25.790649],[28.051813,-25.790327],[28.052523,-25.790285],[28.053949,-25.789125],[28.05456,-25.789303],[28.055334,-25.789429],[28.056231,-25.789368],[28.056494,-25.78923],[28.057344,-25.789364],[28.057837,-25.78924],[28.058245,-25.788815],[28.058626,-25.788807],[28.058977,-25.789057],[28.059965,-25.789057],[28.060759,-25.78924],[28.061464,-25.789106],[28.061449,-25.788149],[28.061655,-25.787815],[28.061209,-25.787474],[28.060976,-25.786644],[28.060781,-25.786472],[28.061369,-25.786129],[28.061277,-25.785816],[28.061716,-25.785405],[28.061507,-25.785215],[28.061117,-25.785178],[28.061312,-25.784772],[28.061594,-25.785038],[28.062265,-25.785001],[28.063276,-25.78446],[28.063856,-25.784027],[28.0642,-25.783914],[28.06506,-25.783895],[28.0652,-25.784199],[28.065828,-25.784204],[28.066639,-25.784434],[28.066868,-25.784756],[28.067568,-25.784801],[28.067705,-25.784925]]]}},{"type":"Feature","properties":{"id":"plastic-view","name":"Plastic View","labelPriority":"secondary","selectionBasis":"named-sub-places","subPlaceCount":1},"geometry":{"type":"Polygon","coordinates":[[[28.104898,-25.60771],[28.103556,-25.607513],[28.098253,-25.606628],[28.094507,-25.60602],[28.094717,-25.605673],[28.095228,-25.604448],[28.095179,-25.604195],[28.095793,-25.602814],[28.096182,-25.601776],[28.096975,-25.600065],[28.097441,-25.599325],[28.097818,-25.598465],[28.097864,-25.598131],[28.098239,-25.59789],[28.100809,-25.601221],[28.103552,-25.60494],[28.104106,-25.605904],[28.104406,-25.606424],[28.104898,-25.60771]]]}},{"type":"Feature","properties":{"id":"soshanguve","name":"Soshanguve","labelPriority":"primary","selectionBasis":"census-main-place","subPlaceCount":61},"geometry":{"type":"Polygon","coordinates":[[[28.026851,-25.622614],[28.029846,-25.622883],[28.034723,-25.623253],[28.037378,-25.623469],[28.041298,-25.62384],[28.043212,-25.623994],[28.04457,-25.624179],[28.045271,-25.624344],[28.046003,-25.623976],[28.047518,-25.62344],[28.048174,-25.623333],[28.049898,-25.623299],[28.051256,-25.623327],[28.063414,-25.623798],[28.067099,-25.623924],[28.067579,-25.613949],[28.066397,-25.613003],[28.062231,-25.607805],[28.066454,-25.606359],[28.070051,-25.605061],[28.073492,-25.603853],[28.074797,-25.603418],[28.075983,-25.603254],[28.076967,-25.603176],[28.078939,-25.603403],[28.081972,-25.603931],[28.083235,-25.607166],[28.0837,-25.608051],[28.08412,-25.608679],[28.084764,-25.609428],[28.08552,-25.610136],[28.091116,-25.613911],[28.093859,-25.615774],[28.094919,-25.616467],[28.099161,-25.619316],[28.099997,-25.6199],[28.101019,-25.620758],[28.101595,-25.621393],[28.101923,-25.621607],[28.102266,-25.621571],[28.104658,-25.622057],[28.105978,-25.6222],[28.107069,-25.622133],[28.105696,-25.612867],[28.104898,-25.60771],[28.103556,-25.607513],[28.098253,-25.606628],[28.094507,-25.60602],[28.094717,-25.605673],[28.095228,-25.604448],[28.095179,-25.604195],[28.095793,-25.602814],[28.096182,-25.601776],[28.096975,-25.600065],[28.097441,-25.599325],[28.097818,-25.598465],[28.097864,-25.598131],[28.098239,-25.59789],[28.100809,-25.601221],[28.103552,-25.60494],[28.104106,-25.605904],[28.104418,-25.605881],[28.109804,-25.605881],[28.113787,-25.605913],[28.113741,-25.600985],[28.113661,-25.598749],[28.112253,-25.591219],[28.109755,-25.580114],[28.108263,-25.58013],[28.104886,-25.579809],[28.104258,-25.577862],[28.104444,-25.577769],[28.104351,-25.577463],[28.104098,-25.577529],[28.103432,-25.57565],[28.102537,-25.573359],[28.102339,-25.572763],[28.102182,-25.572779],[28.101816,-25.571487],[28.100309,-25.56735],[28.099737,-25.565699],[28.099138,-25.564213],[28.098574,-25.562454],[28.096773,-25.557495],[28.096796,-25.557487],[28.095636,-25.554283],[28.095465,-25.553944],[28.098082,-25.554516],[28.104143,-25.555986],[28.104998,-25.554024],[28.105658,-25.55267],[28.105986,-25.552761],[28.107866,-25.548483],[28.111101,-25.541595],[28.112577,-25.538347],[28.114271,-25.534195],[28.115591,-25.531301],[28.115938,-25.530489],[28.116869,-25.528688],[28.11751,-25.527075],[28.116968,-25.525612],[28.115915,-25.523344],[28.117811,-25.519106],[28.118246,-25.518297],[28.120901,-25.512848],[28.122089,-25.510255],[28.126867,-25.508953],[28.128302,-25.508331],[28.130941,-25.506922],[28.132583,-25.50609],[28.132541,-25.505583],[28.139536,-25.501945],[28.1392,-25.501307],[28.13933,-25.500408],[28.139349,-25.499447],[28.139189,-25.498827],[28.139383,-25.498346],[28.139883,-25.49794],[28.140078,-25.497395],[28.140139,-25.496691],[28.140451,-25.496466],[28.140718,-25.495846],[28.140547,-25.495718],[28.140417,-25.495184],[28.140512,-25.493057],[28.140448,-25.490961],[28.140558,-25.490562],[28.140776,-25.488001],[28.140745,-25.486504],[28.140837,-25.485113],[28.141115,-25.479322],[28.141138,-25.477514],[28.141195,-25.475977],[28.141123,-25.473886],[28.13936,-25.469852],[28.138208,-25.467165],[28.136889,-25.464321],[28.135389,-25.460787],[28.133631,-25.456581],[28.133123,-25.456924],[28.132291,-25.457188],[28.131556,-25.455391],[28.131093,-25.454452],[28.130106,-25.453683],[28.128152,-25.452845],[28.126818,-25.451967],[28.125865,-25.450633],[28.125368,-25.44949],[28.125273,-25.449108],[28.124959,-25.448843],[28.124742,-25.448135],[28.124245,-25.446876],[28.123854,-25.446039],[28.125875,-25.445087],[28.125517,-25.44416],[28.124662,-25.440159],[28.12319,-25.433708],[28.123018,-25.433229],[28.122396,-25.433538],[28.121996,-25.433834],[28.121389,-25.433975],[28.120832,-25.433975],[28.119806,-25.434122],[28.119547,-25.433969],[28.118856,-25.434042],[28.117075,-25.434362],[28.112883,-25.435032],[28.11114,-25.435349],[28.111016,-25.434168],[28.109726,-25.434256],[28.109197,-25.43419],[28.109267,-25.430688],[28.110618,-25.430627],[28.110391,-25.428668],[28.108319,-25.428813],[28.105027,-25.42918],[28.104147,-25.429339],[28.105753,-25.436218],[28.104914,-25.436325],[28.097689,-25.437431],[28.095766,-25.437689],[28.087034,-25.439034],[28.08573,-25.439255],[28.082403,-25.439754],[28.079931,-25.440151],[28.074183,-25.441042],[28.074076,-25.441074],[28.074926,-25.444231],[28.075598,-25.446819],[28.076181,-25.44916],[28.076433,-25.449703],[28.077356,-25.453751],[28.077738,-25.456163],[28.078688,-25.463474],[28.078764,-25.463676],[28.079683,-25.470821],[28.08077,-25.478422],[28.080774,-25.478762],[28.081163,-25.481726],[28.081682,-25.483097],[28.083349,-25.486332],[28.084129,-25.486195],[28.084967,-25.486048],[28.087786,-25.485744],[28.089788,-25.485462],[28.094927,-25.484922],[28.09366,-25.490265],[28.092363,-25.495687],[28.091772,-25.495518],[28.090029,-25.495199],[28.088903,-25.49992],[28.087782,-25.504389],[28.086615,-25.509373],[28.086306,-25.510614],[28.085321,-25.513098],[28.083906,-25.516851],[28.083754,-25.517193],[28.083055,-25.519215],[28.082735,-25.521494],[28.082869,-25.523907],[28.0832,-25.527411],[28.083101,-25.529285],[28.082529,-25.531418],[28.081251,-25.533941],[28.077501,-25.540468],[28.07387,-25.546864],[28.072741,-25.548956],[28.072317,-25.550169],[28.072035,-25.551182],[28.068964,-25.550919],[28.068407,-25.550812],[28.068117,-25.550447],[28.0674,-25.550339],[28.06698,-25.550152],[28.065006,-25.550095],[28.060163,-25.549987],[28.058322,-25.549914],[28.051389,-25.54969],[28.050722,-25.549644],[28.05069,-25.54991],[28.050341,-25.5499],[28.050341,-25.55163],[28.05019,-25.554041],[28.049509,-25.559561],[28.048808,-25.560545],[28.048697,-25.560787],[28.046252,-25.564049],[28.043379,-25.568051],[28.045313,-25.568744],[28.04624,-25.568953],[28.047728,-25.569441],[28.048372,-25.569603],[28.04756,-25.571339],[28.047529,-25.571514],[28.04898,-25.571733],[28.047937,-25.573057],[28.047101,-25.574938],[28.046213,-25.57661],[28.043862,-25.579849],[28.042921,-25.581625],[28.041981,-25.583725],[28.041695,-25.584643],[28.041471,-25.584803],[28.041118,-25.585541],[28.040479,-25.587157],[28.039415,-25.58926],[28.038992,-25.590358],[28.039011,-25.590628],[28.038233,-25.591553],[28.036924,-25.592861],[28.033079,-25.60322],[28.031149,-25.604324],[28.031309,-25.605644],[28.029818,-25.608631],[28.030802,-25.608969],[28.030878,-25.609228],[28.035074,-25.610817],[28.035873,-25.610986],[28.035236,-25.611854],[28.033743,-25.613595],[28.033028,-25.614509],[28.032288,-25.61533],[28.028215,-25.620224],[28.02801,-25.620503],[28.026617,-25.621934],[28.026851,-25.622614]]]}},{"type":"Feature","properties":{"id":"soutpan","name":"Soutpan","labelPriority":"secondary","selectionBasis":"census-main-place","subPlaceCount":1},"geometry":{"type":"Polygon","coordinates":[[[28.123018,-25.433229],[28.122396,-25.433538],[28.121996,-25.433834],[28.121389,-25.433975],[28.120832,-25.433975],[28.119806,-25.434122],[28.119547,-25.433969],[28.118856,-25.434042],[28.117075,-25.434362],[28.112883,-25.435032],[28.11114,-25.435349],[28.111016,-25.434168],[28.109726,-25.434256],[28.109197,-25.43419],[28.109267,-25.430688],[28.110618,-25.430627],[28.110391,-25.428668],[28.108319,-25.428813],[28.105027,-25.42918],[28.104147,-25.429339],[28.103067,-25.424641],[28.100817,-25.415163],[28.100592,-25.414068],[28.100443,-25.412634],[28.100203,-25.40658],[28.100138,-25.40569],[28.09985,-25.404218],[28.099496,-25.40304],[28.09896,-25.401784],[28.098076,-25.400265],[28.097383,-25.399317],[28.096231,-25.397942],[28.095315,-25.396706],[28.094706,-25.395737],[28.094196,-25.394782],[28.092364,-25.390973],[28.092082,-25.390345],[28.089648,-25.385247],[28.089203,-25.384358],[28.087543,-25.381353],[28.108021,-25.367006],[28.110729,-25.378901],[28.115268,-25.399195],[28.116304,-25.403238],[28.116407,-25.403374],[28.116507,-25.404463],[28.116838,-25.405817],[28.11688,-25.40645],[28.117598,-25.409019],[28.117842,-25.410339],[28.118097,-25.411114],[28.118311,-25.412405],[28.118715,-25.414017],[28.119207,-25.416336],[28.119921,-25.419172],[28.120996,-25.423923],[28.121325,-25.42576],[28.121702,-25.427315],[28.122545,-25.431353],[28.123018,-25.433229]]]}},{"type":"Feature","properties":{"id":"stinkwater","name":"Stinkwater","labelPriority":"secondary","selectionBasis":"census-main-place","subPlaceCount":5},"geometry":{"type":"Polygon","coordinates":[[[28.144037,-25.372402],[28.14423,-25.373884],[28.144332,-25.376186],[28.144332,-25.377338],[28.144128,-25.378455],[28.144162,-25.379438],[28.144602,-25.380725],[28.145551,-25.382384],[28.145957,-25.38384],[28.145957,-25.384788],[28.145652,-25.385567],[28.144941,-25.386143],[28.144738,-25.386685],[28.145077,-25.388548],[28.145585,-25.389225],[28.147075,-25.390817],[28.147718,-25.391596],[28.148172,-25.393299],[28.149164,-25.394274],[28.149633,-25.394976],[28.150328,-25.396193],[28.149611,-25.397116],[28.148958,-25.398378],[28.14847,-25.399817],[28.147127,-25.405342],[28.146761,-25.406919],[28.145529,-25.411985],[28.145338,-25.412706],[28.14562,-25.412666],[28.146444,-25.4123],[28.14694,-25.412169],[28.147581,-25.411804],[28.148035,-25.412544],[28.147943,-25.414177],[28.148359,-25.41444],[28.148584,-25.41441],[28.148603,-25.414898],[28.14889,-25.415436],[28.149202,-25.415466],[28.149374,-25.4158],[28.149832,-25.416317],[28.150156,-25.417414],[28.150309,-25.417698],[28.150438,-25.418377],[28.150583,-25.418579],[28.156361,-25.438993],[28.164375,-25.437317],[28.165029,-25.437474],[28.192448,-25.43212],[28.18786,-25.411581],[28.187849,-25.411442],[28.187654,-25.41087],[28.187468,-25.409624],[28.187021,-25.407497],[28.186468,-25.405067],[28.186338,-25.404802],[28.186384,-25.404129],[28.186155,-25.402695],[28.186068,-25.40243],[28.185743,-25.400072],[28.185759,-25.399446],[28.186018,-25.398951],[28.186071,-25.398455],[28.186457,-25.398287],[28.186323,-25.397768],[28.18667,-25.397408],[28.186441,-25.397205],[28.186651,-25.396883],[28.18675,-25.396444],[28.186579,-25.396006],[28.186285,-25.395763],[28.186079,-25.395061],[28.186243,-25.394756],[28.186014,-25.394398],[28.186083,-25.394081],[28.185732,-25.393736],[28.18572,-25.393488],[28.185289,-25.392578],[28.185518,-25.392382],[28.185537,-25.391783],[28.183161,-25.391903],[28.183054,-25.390411],[28.182909,-25.38946],[28.182558,-25.387825],[28.182089,-25.385891],[28.181833,-25.384512],[28.182158,-25.382013],[28.181184,-25.382261],[28.180894,-25.382887],[28.18004,-25.379183],[28.17937,-25.376556],[28.179363,-25.376257],[28.178682,-25.373638],[28.177881,-25.369577],[28.17667,-25.36587],[28.144037,-25.372402]]]}},{"type":"Feature","properties":{"id":"suurman","name":"Suurman","labelPriority":"secondary","selectionBasis":"census-main-place","subPlaceCount":1},"geometry":{"type":"Polygon","coordinates":[[[28.230124,-25.38369],[28.230036,-25.383879],[28.229979,-25.386646],[28.229864,-25.387798],[28.229708,-25.393023],[28.229612,-25.39488],[28.229521,-25.39535],[28.229399,-25.398943],[28.229189,-25.402672],[28.229189,-25.403275],[28.213547,-25.413831],[28.213194,-25.414029],[28.210425,-25.413841],[28.20112,-25.41291],[28.201167,-25.412085],[28.202921,-25.392256],[28.203192,-25.388977],[28.203321,-25.386797],[28.203478,-25.384802],[28.20381,-25.382002],[28.204226,-25.377399],[28.204359,-25.375746],[28.20466,-25.372536],[28.206587,-25.372522],[28.207026,-25.372469],[28.207827,-25.372225],[28.207907,-25.372667],[28.209047,-25.374033],[28.209486,-25.374264],[28.210207,-25.374498],[28.212124,-25.375256],[28.212405,-25.375411],[28.212576,-25.375254],[28.215651,-25.373308],[28.217535,-25.37232],[28.218893,-25.371658],[28.224474,-25.368885],[28.2274,-25.367443],[28.230471,-25.365908],[28.230646,-25.366022],[28.230648,-25.367272],[28.2307,-25.367682],[28.230639,-25.371134],[28.230547,-25.373823],[28.230398,-25.375805],[28.230165,-25.383368],[28.230124,-25.38369]]]}},{"type":"Feature","properties":{"id":"temba","name":"Temba","labelPriority":"primary","selectionBasis":"census-main-place","subPlaceCount":8},"geometry":{"type":"Polygon","coordinates":[[[28.229189,-25.403275],[28.23596,-25.403309],[28.244089,-25.403297],[28.245321,-25.403349],[28.2464,-25.403227],[28.246631,-25.403019],[28.247237,-25.402057],[28.249067,-25.402691],[28.250669,-25.403284],[28.251653,-25.403778],[28.252729,-25.404492],[28.253818,-25.405415],[28.255651,-25.407102],[28.256244,-25.407557],[28.257407,-25.408165],[28.258464,-25.40848],[28.259843,-25.408618],[28.26084,-25.408543],[28.265138,-25.407654],[28.2683,-25.407016],[28.27737,-25.405223],[28.278067,-25.404966],[28.277964,-25.404194],[28.277567,-25.403296],[28.277895,-25.402536],[28.277685,-25.402277],[28.277086,-25.401907],[28.276888,-25.401512],[28.276865,-25.40106],[28.276651,-25.400482],[28.275976,-25.400414],[28.275629,-25.400864],[28.275152,-25.400414],[28.275209,-25.400063],[28.275461,-25.399584],[28.275167,-25.399008],[28.274744,-25.398684],[28.273787,-25.398642],[28.273691,-25.398291],[28.27376,-25.397194],[28.273752,-25.396013],[28.274931,-25.395428],[28.274931,-25.394871],[28.275133,-25.394398],[28.274874,-25.39395],[28.274401,-25.39225],[28.273928,-25.392344],[28.27239,-25.392504],[28.272272,-25.392107],[28.273428,-25.390966],[28.273447,-25.390829],[28.273054,-25.390387],[28.273371,-25.390011],[28.273527,-25.389576],[28.274084,-25.389532],[28.276152,-25.389172],[28.277067,-25.388973],[28.276228,-25.387821],[28.276491,-25.386284],[28.276205,-25.386034],[28.27561,-25.385944],[28.275297,-25.385365],[28.275862,-25.384413],[28.275663,-25.383839],[28.275854,-25.383064],[28.275839,-25.382692],[28.276014,-25.382013],[28.276594,-25.380972],[28.276144,-25.380369],[28.275698,-25.380447],[28.275126,-25.380392],[28.274767,-25.380192],[28.274675,-25.379946],[28.274801,-25.379623],[28.274305,-25.379061],[28.273581,-25.377918],[28.274469,-25.377222],[28.274618,-25.377251],[28.27458,-25.377741],[28.2749,-25.37797],[28.27548,-25.377964],[28.275728,-25.377462],[28.275583,-25.377056],[28.275694,-25.376671],[28.275068,-25.376392],[28.275187,-25.375692],[28.275381,-25.375162],[28.275015,-25.373865],[28.274878,-25.373669],[28.274893,-25.372812],[28.275095,-25.372564],[28.275988,-25.372427],[28.276037,-25.372143],[28.275835,-25.371462],[28.2754,-25.371193],[28.274935,-25.37014],[28.27508,-25.369696],[28.274286,-25.369217],[28.274,-25.368848],[28.273876,-25.36828],[28.274264,-25.367771],[28.274123,-25.367162],[28.273856,-25.366759],[28.273674,-25.366104],[28.273634,-25.365404],[28.273841,-25.364815],[28.274198,-25.364341],[28.274077,-25.363893],[28.273528,-25.364074],[28.27306,-25.363525],[28.273141,-25.363173],[28.27374,-25.362684],[28.273513,-25.361918],[28.273473,-25.361485],[28.274057,-25.361455],[28.274254,-25.361193],[28.274082,-25.360785],[28.274249,-25.360261],[28.273538,-25.359934],[28.273256,-25.359989],[28.27305,-25.360261],[28.272501,-25.359753],[28.271962,-25.358367],[28.271688,-25.35723],[28.267653,-25.358265],[28.266397,-25.358494],[28.261786,-25.359583],[28.259139,-25.36023],[28.259871,-25.362495],[28.261641,-25.362098],[28.261685,-25.362411],[28.261631,-25.363657],[28.259307,-25.363642],[28.259292,-25.365584],[28.260518,-25.365584],[28.261666,-25.365638],[28.262112,-25.36608],[28.262612,-25.367129],[28.262975,-25.367674],[28.262823,-25.368213],[28.261793,-25.36936],[28.261877,-25.370192],[28.262197,-25.370653],[28.263048,-25.371515],[28.263098,-25.371843],[28.2633,-25.371881],[28.265806,-25.37187],[28.266096,-25.372236],[28.26697,-25.371895],[28.269243,-25.372097],[28.269123,-25.372798],[28.268853,-25.375041],[28.269589,-25.375128],[28.269428,-25.377245],[28.269305,-25.378393],[28.270065,-25.378481],[28.270201,-25.378665],[28.269935,-25.380973],[28.266203,-25.380589],[28.260885,-25.380001],[28.260759,-25.380205],[28.25593,-25.386314],[28.255594,-25.386684],[28.25482,-25.387255],[28.254103,-25.387495],[28.252558,-25.387695],[28.251501,-25.387781],[28.250586,-25.387924],[28.249788,-25.388176],[28.249376,-25.388409],[28.245493,-25.391531],[28.242183,-25.394316],[28.241034,-25.393183],[28.240456,-25.392347],[28.240143,-25.392037],[28.240426,-25.390228],[28.240111,-25.390161],[28.240441,-25.388303],[28.242208,-25.388436],[28.242385,-25.386915],[28.242694,-25.386683],[28.24245,-25.386215],[28.242626,-25.384183],[28.244807,-25.383996],[28.245521,-25.383968],[28.245624,-25.38518],[28.246899,-25.385021],[28.248765,-25.383766],[28.248832,-25.383485],[28.248749,-25.382918],[28.251896,-25.382582],[28.25149,-25.37944],[28.249258,-25.379663],[28.248455,-25.379543],[28.243246,-25.376437],[28.243118,-25.376539],[28.241551,-25.375594],[28.241757,-25.375337],[28.241179,-25.375136],[28.239354,-25.373726],[28.238706,-25.373459],[28.237399,-25.37338],[28.235961,-25.373442],[28.234693,-25.373698],[28.233778,-25.374266],[28.233159,-25.374988],[28.232818,-25.375648],[28.232698,-25.376057],[28.232539,-25.38028],[28.232459,-25.383128],[28.232471,-25.383688],[28.231382,-25.383753],[28.230124,-25.38369],[28.230036,-25.383879],[28.229979,-25.386646],[28.229864,-25.387798],[28.229708,-25.393023],[28.229612,-25.39488],[28.229521,-25.39535],[28.229399,-25.398943],[28.229189,-25.402672],[28.229189,-25.403275]]]}},{"type":"Feature","properties":{"id":"tsebe","name":"Tsebe","labelPriority":"secondary","selectionBasis":"census-main-place","subPlaceCount":1},"geometry":{"type":"Polygon","coordinates":[[[28.003801,-25.522532],[27.996531,-25.519661],[27.992439,-25.51803],[28.000231,-25.500629],[28.00043,-25.500176],[28.001646,-25.500933],[28.002325,-25.499441],[28.002535,-25.498546],[28.003942,-25.499269],[28.00463,-25.499848],[28.005972,-25.500425],[28.007063,-25.501093],[28.0077,-25.501163],[28.00839,-25.501081],[28.009134,-25.499695],[28.01243,-25.494427],[28.012506,-25.494402],[28.013399,-25.493147],[28.01248,-25.492496],[28.015203,-25.490154],[28.016699,-25.489141],[28.016672,-25.489464],[28.017496,-25.489325],[28.017698,-25.488918],[28.018419,-25.488611],[28.018763,-25.488779],[28.019354,-25.489244],[28.019667,-25.489672],[28.020426,-25.490168],[28.021093,-25.490202],[28.021692,-25.490759],[28.021521,-25.491325],[28.02165,-25.491732],[28.021498,-25.492119],[28.021658,-25.492296],[28.02178,-25.493055],[28.021715,-25.49325],[28.022043,-25.493883],[28.022318,-25.49481],[28.020319,-25.495821],[28.01763,-25.497221],[28.018476,-25.498407],[28.017424,-25.499727],[28.015196,-25.503269],[28.014999,-25.50367],[28.013949,-25.505445],[28.013361,-25.506374],[28.012362,-25.507732],[28.011415,-25.509375],[28.010584,-25.510883],[28.008959,-25.513372],[28.008249,-25.514406],[28.007349,-25.515881],[28.006693,-25.517092],[28.005289,-25.519911],[28.003801,-25.522532]]]}},{"type":"Feature","properties":{"id":"winterveld","name":"Winterveld","labelPriority":"secondary","selectionBasis":"census-main-place","subPlaceCount":7},"geometry":{"type":"MultiPolygon","coordinates":[[[[28.0301,-25.472994],[28.030626,-25.473963],[28.03224,-25.476213],[28.03356,-25.47821],[28.034075,-25.479055],[28.033575,-25.479912],[28.033304,-25.480068],[28.033182,-25.480698],[28.032755,-25.480953],[28.032511,-25.481482],[28.032217,-25.48164],[28.031191,-25.481668],[28.030134,-25.482038],[28.029882,-25.482231],[28.029043,-25.482452],[28.028715,-25.482759],[28.027987,-25.482866],[28.027613,-25.482796],[28.026812,-25.482996],[28.026495,-25.482975],[28.025145,-25.483152],[28.024031,-25.48378],[28.023752,-25.484037],[28.02294,-25.48428],[28.022768,-25.484144],[28.021669,-25.484209],[28.021124,-25.484524],[28.02136,-25.485188],[28.021624,-25.485598],[28.022398,-25.486448],[28.022799,-25.486391],[28.027826,-25.486423],[28.038286,-25.486546],[28.043406,-25.48653],[28.047937,-25.486559],[28.048059,-25.486574],[28.045507,-25.494814],[28.046,-25.494871],[28.047544,-25.494907],[28.060896,-25.494715],[28.06307,-25.494627],[28.063935,-25.49452],[28.064067,-25.495783],[28.064024,-25.49637],[28.063829,-25.497051],[28.065969,-25.497636],[28.066407,-25.497644],[28.068472,-25.497189],[28.079184,-25.494991],[28.079645,-25.495058],[28.080332,-25.494967],[28.081068,-25.49453],[28.082987,-25.494164],[28.082758,-25.492559],[28.082563,-25.490931],[28.082478,-25.490692],[28.082746,-25.489953],[28.082465,-25.489754],[28.082496,-25.488933],[28.082827,-25.488608],[28.084129,-25.486195],[28.083349,-25.486332],[28.081682,-25.483097],[28.081163,-25.481726],[28.080774,-25.478762],[28.08077,-25.478422],[28.079683,-25.470821],[28.078764,-25.463676],[28.078688,-25.463474],[28.077738,-25.456163],[28.077356,-25.453751],[28.076433,-25.449703],[28.076181,-25.44916],[28.075598,-25.446819],[28.074926,-25.444231],[28.074076,-25.441074],[28.074183,-25.441042],[28.073786,-25.439737],[28.07168,-25.43298],[28.070719,-25.429865],[28.068903,-25.424067],[28.067614,-25.419983],[28.067533,-25.419674],[28.060373,-25.407854],[28.057928,-25.403875],[28.056475,-25.401459],[28.055574,-25.400026],[28.055531,-25.400049],[28.044729,-25.401739],[28.039419,-25.396589],[28.039171,-25.396332],[28.03076,-25.388201],[28.021191,-25.378929],[28.01128,-25.36932],[28.00041,-25.359421],[27.99905,-25.359591],[27.97076,-25.362949],[27.966169,-25.37096],[27.959419,-25.38266],[27.956659,-25.387501],[27.95277,-25.394279],[27.9527,-25.394461],[27.94825,-25.402149],[27.945641,-25.4067],[27.94931,-25.41247],[27.95298,-25.418209],[27.95817,-25.42635],[27.960409,-25.427311],[27.96442,-25.432409],[27.969721,-25.43911],[27.97876,-25.433069],[27.98617,-25.42811],[27.98778,-25.427019],[27.991199,-25.42474],[27.991657,-25.424517],[27.99259,-25.42547],[28.00016,-25.433439],[28.003691,-25.437059],[28.013571,-25.44721],[28.03595,-25.470591],[28.0301,-25.472994]]],[[[28.090029,-25.495199],[28.091772,-25.495518],[28.092363,-25.495687],[28.09366,-25.490265],[28.094927,-25.484922],[28.089788,-25.485462],[28.089056,-25.488367],[28.088648,-25.490099],[28.087558,-25.494563],[28.088859,-25.494836],[28.089242,-25.494176],[28.09018,-25.494406],[28.090029,-25.495199]]]]}},{"type":"Feature","properties":{"id":"zithobeni","name":"Zithobeni","labelPriority":"secondary","selectionBasis":"census-main-place","subPlaceCount":1},"geometry":{"type":"Polygon","coordinates":[[[28.716896,-25.768007],[28.716937,-25.768914],[28.718514,-25.768816],[28.721572,-25.768808],[28.722062,-25.769421],[28.723853,-25.769445],[28.724419,-25.770861],[28.724051,-25.771409],[28.723552,-25.771852],[28.723546,-25.77288],[28.723378,-25.77523],[28.723534,-25.775492],[28.723465,-25.776421],[28.723247,-25.7772],[28.723104,-25.779263],[28.723104,-25.780155],[28.723197,-25.780435],[28.724169,-25.78061],[28.725927,-25.781034],[28.728084,-25.7818],[28.729968,-25.782678],[28.730772,-25.783134],[28.732179,-25.784062],[28.733462,-25.784982],[28.73439,-25.785577],[28.735596,-25.786226],[28.737253,-25.786942],[28.736722,-25.787572],[28.735789,-25.78856],[28.734776,-25.789829],[28.731837,-25.793381],[28.731057,-25.79425],[28.730695,-25.794351],[28.729893,-25.794351],[28.728469,-25.794095],[28.725905,-25.793312],[28.72486,-25.792766],[28.72324,-25.792101],[28.722771,-25.792261],[28.722522,-25.79257],[28.721222,-25.792125],[28.719536,-25.791715],[28.718159,-25.79149],[28.715975,-25.791324],[28.715935,-25.790905],[28.715608,-25.79056],[28.715472,-25.789469],[28.715596,-25.788315],[28.715701,-25.787865],[28.715775,-25.78604],[28.715516,-25.785781],[28.715102,-25.784998],[28.714887,-25.784412],[28.715084,-25.783746],[28.715275,-25.783431],[28.715916,-25.78144],[28.716225,-25.780681],[28.716614,-25.7793],[28.717524,-25.778488],[28.71764,-25.778255],[28.718301,-25.777713],[28.717312,-25.776863],[28.716625,-25.776409],[28.715547,-25.775822],[28.71231,-25.77453],[28.711116,-25.774089],[28.710062,-25.77386],[28.709081,-25.773786],[28.708239,-25.773876],[28.709154,-25.772585],[28.710863,-25.770418],[28.708639,-25.769789],[28.709955,-25.768154],[28.711721,-25.766502],[28.714991,-25.766249],[28.716806,-25.767794],[28.716896,-25.768007]]]}},{"type":"Feature","properties":{"id":"alexandra","name":"Alexandra","labelPriority":"primary","selectionBasis":"census-main-place","subPlaceCount":70},"geometry":{"type":"Polygon","coordinates":[[[28.085501,-26.101206],[28.085502,-26.102192],[28.087614,-26.106926],[28.089744,-26.111599],[28.090958,-26.114367],[28.091793,-26.116157],[28.095573,-26.115025],[28.096365,-26.114804],[28.100079,-26.113643],[28.101993,-26.11312],[28.105006,-26.112213],[28.108859,-26.111014],[28.113062,-26.109728],[28.113604,-26.109531],[28.114146,-26.1092],[28.114969,-26.10846],[28.115486,-26.107729],[28.115932,-26.106942],[28.11625,-26.10662],[28.117164,-26.106195],[28.116946,-26.105135],[28.116316,-26.105154],[28.115755,-26.105035],[28.114265,-26.103912],[28.113571,-26.10302],[28.112496,-26.101428],[28.111605,-26.099576],[28.110923,-26.098255],[28.110244,-26.097093],[28.110168,-26.097126],[28.109135,-26.095261],[28.108481,-26.093971],[28.106582,-26.094683],[28.106634,-26.093714],[28.106862,-26.093044],[28.106777,-26.092484],[28.10655,-26.091996],[28.10668,-26.091287],[28.106641,-26.090942],[28.10681,-26.089998],[28.107265,-26.089901],[28.107597,-26.089608],[28.108429,-26.088496],[28.106498,-26.088563],[28.106034,-26.088458],[28.105855,-26.089461],[28.104882,-26.089678],[28.104688,-26.089798],[28.105386,-26.090494],[28.105469,-26.090888],[28.105267,-26.091946],[28.105212,-26.092992],[28.104902,-26.093388],[28.104805,-26.094055],[28.104559,-26.094917],[28.1042,-26.095629],[28.1033,-26.095968],[28.100009,-26.096902],[28.08568,-26.101179],[28.085501,-26.101206]]]}},{"type":"Feature","properties":{"id":"klipspruit","name":"Klipspruit","labelPriority":"secondary","selectionBasis":"named-sub-places","subPlaceCount":3},"geometry":{"type":"MultiPolygon","coordinates":[[[[27.842775,-26.295626],[27.845142,-26.296566],[27.847408,-26.297438],[27.851793,-26.29919],[27.854343,-26.300188],[27.86215,-26.303286],[27.863607,-26.303765],[27.864716,-26.304025],[27.866351,-26.304275],[27.867628,-26.30437],[27.868518,-26.30437],[27.875674,-26.304282],[27.87991,-26.304259],[27.879752,-26.303383],[27.879798,-26.303178],[27.880274,-26.302893],[27.880525,-26.302425],[27.880821,-26.302113],[27.880924,-26.301444],[27.88146,-26.300729],[27.881663,-26.300067],[27.881702,-26.299475],[27.881917,-26.299197],[27.881791,-26.298894],[27.881978,-26.298675],[27.881946,-26.298274],[27.882185,-26.298049],[27.882083,-26.297443],[27.882127,-26.297056],[27.882389,-26.296182],[27.882222,-26.295943],[27.882783,-26.295637],[27.883219,-26.295558],[27.884339,-26.294886],[27.885007,-26.294747],[27.885544,-26.294172],[27.885686,-26.292678],[27.885655,-26.291967],[27.885765,-26.291516],[27.885637,-26.291129],[27.885625,-26.289951],[27.885819,-26.289277],[27.885813,-26.288728],[27.886074,-26.287991],[27.886009,-26.287153],[27.885846,-26.286708],[27.886034,-26.286209],[27.885764,-26.285258],[27.88524,-26.285011],[27.885265,-26.284705],[27.884467,-26.283966],[27.883372,-26.283243],[27.881851,-26.283033],[27.881245,-26.283099],[27.880956,-26.282957],[27.880889,-26.281583],[27.87912,-26.282311],[27.878111,-26.282909],[27.877687,-26.283228],[27.876842,-26.284029],[27.876174,-26.284807],[27.875415,-26.285836],[27.874845,-26.28649],[27.874151,-26.287161],[27.87334,-26.287758],[27.872636,-26.288178],[27.871514,-26.288667],[27.868859,-26.289701],[27.867822,-26.289995],[27.863982,-26.290741],[27.862929,-26.290962],[27.85716,-26.292064],[27.856954,-26.292289],[27.855983,-26.292364],[27.853154,-26.292947],[27.852878,-26.293081],[27.850824,-26.293538],[27.848892,-26.293762],[27.847919,-26.293921],[27.846763,-26.294189],[27.844887,-26.294847],[27.842775,-26.295626]]],[[[27.890126,-26.262375],[27.893158,-26.261888],[27.894178,-26.26175],[27.894096,-26.262133],[27.8932,-26.265115],[27.893338,-26.265322],[27.896462,-26.262048],[27.897034,-26.26139],[27.90092,-26.260817],[27.90305,-26.260572],[27.904165,-26.260405],[27.908639,-26.25987],[27.911141,-26.259539],[27.914309,-26.259177],[27.915266,-26.259112],[27.916153,-26.259122],[27.919561,-26.259287],[27.917626,-26.256056],[27.917823,-26.255915],[27.917497,-26.255434],[27.916003,-26.253772],[27.915652,-26.253474],[27.914914,-26.253096],[27.91311,-26.252264],[27.912299,-26.25161],[27.912131,-26.251241],[27.912493,-26.250219],[27.911979,-26.249711],[27.911714,-26.249752],[27.910107,-26.248845],[27.909252,-26.248516],[27.908922,-26.248864],[27.907159,-26.248067],[27.907132,-26.247527],[27.90333,-26.248494],[27.902626,-26.248762],[27.901848,-26.2492],[27.901203,-26.249713],[27.900656,-26.250317],[27.899816,-26.251511],[27.898918,-26.252455],[27.898053,-26.25302],[27.895375,-26.254183],[27.894329,-26.25477],[27.893231,-26.255664],[27.89248,-26.256525],[27.892016,-26.257251],[27.891596,-26.258202],[27.890126,-26.262375]]],[[[27.910404,-26.282186],[27.913084,-26.282652],[27.914868,-26.282863],[27.91603,-26.282771],[27.917999,-26.282502],[27.919039,-26.282595],[27.920169,-26.283126],[27.922674,-26.284776],[27.923898,-26.285494],[27.924941,-26.285906],[27.926852,-26.286426],[27.927604,-26.283706],[27.927639,-26.28238],[27.927746,-26.282074],[27.92778,-26.280149],[27.931451,-26.280217],[27.931478,-26.279389],[27.931954,-26.279011],[27.932975,-26.279011],[27.933118,-26.271302],[27.932904,-26.270553],[27.932727,-26.270348],[27.932018,-26.269955],[27.928305,-26.269166],[27.926961,-26.268407],[27.924039,-26.267331],[27.923828,-26.267434],[27.922331,-26.266955],[27.921212,-26.266506],[27.919968,-26.266277],[27.919573,-26.266109],[27.919589,-26.268936],[27.917605,-26.26879],[27.917028,-26.268868],[27.916789,-26.269227],[27.915792,-26.27105],[27.915786,-26.27186],[27.915891,-26.271871],[27.915847,-26.273685],[27.915485,-26.274446],[27.915458,-26.275049],[27.915674,-26.275921],[27.913595,-26.276221],[27.913032,-26.276439],[27.912316,-26.276905],[27.911896,-26.277508],[27.911215,-26.277757],[27.911028,-26.278058],[27.91056,-26.277972],[27.910404,-26.282186]]]]}},{"type":"Feature","properties":{"id":"protea-south","name":"Protea South","labelPriority":"secondary","selectionBasis":"named-sub-places","subPlaceCount":1},"geometry":{"type":"Polygon","coordinates":[[[27.838281,-26.2945],[27.836788,-26.29454],[27.836624,-26.294152],[27.836654,-26.293655],[27.836335,-26.292161],[27.834277,-26.290095],[27.834079,-26.287764],[27.832301,-26.283308],[27.831925,-26.281879],[27.831502,-26.28125],[27.831492,-26.280305],[27.831909,-26.280479],[27.833605,-26.280942],[27.83483,-26.280975],[27.835284,-26.281102],[27.83586,-26.280932],[27.836198,-26.280991],[27.837501,-26.280184],[27.837928,-26.279998],[27.838221,-26.279711],[27.839114,-26.279378],[27.839333,-26.279183],[27.840239,-26.278665],[27.8409,-26.279099],[27.841666,-26.278489],[27.842969,-26.277369],[27.843154,-26.277754],[27.843659,-26.279244],[27.844507,-26.280467],[27.84523,-26.281114],[27.851522,-26.286067],[27.847333,-26.288568],[27.843597,-26.290892],[27.842796,-26.291435],[27.841756,-26.292225],[27.839862,-26.293366],[27.838815,-26.293748],[27.838281,-26.2945]]]}},{"type":"Feature","properties":{"id":"slovoville","name":"Slovoville","labelPriority":"secondary","selectionBasis":"named-sub-places","subPlaceCount":1},"geometry":{"type":"Polygon","coordinates":[[[27.782538,-26.213577],[27.782737,-26.213775],[27.783171,-26.213697],[27.785556,-26.21378],[27.788141,-26.213895],[27.788579,-26.213799],[27.789405,-26.213798],[27.789499,-26.215876],[27.781784,-26.218886],[27.781224,-26.219174],[27.78057,-26.219748],[27.780021,-26.220596],[27.779673,-26.221009],[27.778833,-26.221468],[27.7781,-26.221542],[27.773303,-26.221371],[27.772652,-26.221443],[27.772353,-26.220364],[27.772543,-26.219731],[27.772551,-26.218866],[27.77245,-26.218518],[27.772569,-26.218186],[27.772331,-26.217536],[27.772189,-26.216478],[27.771662,-26.216241],[27.772572,-26.215843],[27.774485,-26.215297],[27.774458,-26.213305],[27.77678,-26.213365],[27.782538,-26.213577]]]}},{"type":"Feature","properties":{"id":"soweto","name":"Soweto","labelPriority":"primary","selectionBasis":"census-main-place","subPlaceCount":91},"geometry":{"type":"MultiPolygon","coordinates":[[[[27.74465,-26.27949],[27.743799,-26.28722],[27.743945,-26.287212],[27.77651,-26.28533],[27.782801,-26.30435],[27.789721,-26.303909],[27.792299,-26.28747],[27.799669,-26.28684],[27.808451,-26.2861],[27.813681,-26.28565],[27.813801,-26.284769],[27.814211,-26.284731],[27.81484,-26.285],[27.815041,-26.28554],[27.815149,-26.286921],[27.815222,-26.294947],[27.815249,-26.299266],[27.81525,-26.299358],[27.821405,-26.297714],[27.827593,-26.296075],[27.82842,-26.295872],[27.829928,-26.295586],[27.836788,-26.29454],[27.836624,-26.294152],[27.836654,-26.293655],[27.836335,-26.292161],[27.834277,-26.290095],[27.834079,-26.287764],[27.832301,-26.283308],[27.831925,-26.281879],[27.831502,-26.28125],[27.831492,-26.280305],[27.831909,-26.280479],[27.833605,-26.280942],[27.83483,-26.280975],[27.835284,-26.281102],[27.83586,-26.280932],[27.836198,-26.280991],[27.837501,-26.280184],[27.837928,-26.279998],[27.838221,-26.279711],[27.839114,-26.279378],[27.839333,-26.279183],[27.840239,-26.278665],[27.8409,-26.279099],[27.841666,-26.278489],[27.842969,-26.277369],[27.843154,-26.277754],[27.843659,-26.279244],[27.844507,-26.280467],[27.84523,-26.281114],[27.851522,-26.286067],[27.847333,-26.288568],[27.843597,-26.290892],[27.842796,-26.291435],[27.841756,-26.292225],[27.839862,-26.293366],[27.838815,-26.293748],[27.838281,-26.2945],[27.839167,-26.294569],[27.840572,-26.29483],[27.841448,-26.295101],[27.842775,-26.295626],[27.844887,-26.294847],[27.846763,-26.294189],[27.847919,-26.293921],[27.848892,-26.293762],[27.850824,-26.293538],[27.852878,-26.293081],[27.853154,-26.292947],[27.855983,-26.292364],[27.856954,-26.292289],[27.85716,-26.292064],[27.862929,-26.290962],[27.863982,-26.290741],[27.867822,-26.289995],[27.868859,-26.289701],[27.871514,-26.288667],[27.872636,-26.288178],[27.87334,-26.287758],[27.874151,-26.287161],[27.874845,-26.28649],[27.875415,-26.285836],[27.876174,-26.284807],[27.876842,-26.284029],[27.877687,-26.283228],[27.878111,-26.282909],[27.87912,-26.282311],[27.880889,-26.281583],[27.880956,-26.282957],[27.881245,-26.283099],[27.881851,-26.283033],[27.883372,-26.283243],[27.884467,-26.283966],[27.885265,-26.284705],[27.88524,-26.285011],[27.885764,-26.285258],[27.886034,-26.286209],[27.885846,-26.286708],[27.886009,-26.287153],[27.886074,-26.287991],[27.885813,-26.288728],[27.885819,-26.289277],[27.885625,-26.289951],[27.88659,-26.289609],[27.887151,-26.289528],[27.888042,-26.289664],[27.888577,-26.28994],[27.888657,-26.289216],[27.888965,-26.288757],[27.88989,-26.287757],[27.890513,-26.286782],[27.891144,-26.28674],[27.891801,-26.279049],[27.904248,-26.281181],[27.910404,-26.282186],[27.91056,-26.277972],[27.911028,-26.278058],[27.911215,-26.277757],[27.911896,-26.277508],[27.912316,-26.276905],[27.913032,-26.276439],[27.913595,-26.276221],[27.915674,-26.275921],[27.915458,-26.275049],[27.915485,-26.274446],[27.915847,-26.273685],[27.915891,-26.271871],[27.915786,-26.27186],[27.915792,-26.27105],[27.916789,-26.269227],[27.917028,-26.268868],[27.917605,-26.26879],[27.919589,-26.268936],[27.919573,-26.266109],[27.919968,-26.266277],[27.921212,-26.266506],[27.922331,-26.266955],[27.923828,-26.267434],[27.924039,-26.267331],[27.926961,-26.268407],[27.928305,-26.269166],[27.932018,-26.269955],[27.932727,-26.270348],[27.933405,-26.270261],[27.93506,-26.270583],[27.94308,-26.272238],[27.94495,-26.272669],[27.947605,-26.27317],[27.948094,-26.271714],[27.948684,-26.270425],[27.949199,-26.269558],[27.950172,-26.268177],[27.950735,-26.267536],[27.951585,-26.266712],[27.953102,-26.265513],[27.9559,-26.263937],[27.957729,-26.26287],[27.958281,-26.262506],[27.959447,-26.261626],[27.960577,-26.26055],[27.961853,-26.259042],[27.96288,-26.257328],[27.963585,-26.255678],[27.964021,-26.254045],[27.964253,-26.252148],[27.964285,-26.251026],[27.964204,-26.249522],[27.963984,-26.247891],[27.963724,-26.246814],[27.961457,-26.239261],[27.960974,-26.237725],[27.960708,-26.23659],[27.960523,-26.235391],[27.960456,-26.234157],[27.960487,-26.232833],[27.960686,-26.231515],[27.959883,-26.231596],[27.959264,-26.23175],[27.958532,-26.232056],[27.956919,-26.232986],[27.95566,-26.233441],[27.95501,-26.233292],[27.953705,-26.232695],[27.951416,-26.232263],[27.945746,-26.230895],[27.944219,-26.230551],[27.944974,-26.230117],[27.945614,-26.228968],[27.946335,-26.227201],[27.945392,-26.226975],[27.945067,-26.226806],[27.944816,-26.226399],[27.944904,-26.225727],[27.944762,-26.225429],[27.942632,-26.225266],[27.941526,-26.225001],[27.941058,-26.224683],[27.939796,-26.224961],[27.939437,-26.224791],[27.939166,-26.224221],[27.938637,-26.223726],[27.93877,-26.222192],[27.936336,-26.221371],[27.935474,-26.220973],[27.93479,-26.220729],[27.934797,-26.222351],[27.934303,-26.222515],[27.932622,-26.221174],[27.932209,-26.222265],[27.931784,-26.223036],[27.931089,-26.223947],[27.930444,-26.224571],[27.929739,-26.22512],[27.925192,-26.220956],[27.924435,-26.220402],[27.923498,-26.219854],[27.922828,-26.219554],[27.921926,-26.219245],[27.920863,-26.21769],[27.919676,-26.216125],[27.919356,-26.215861],[27.917222,-26.214793],[27.916286,-26.214512],[27.889619,-26.205404],[27.888102,-26.205066],[27.885407,-26.20416],[27.885506,-26.203921],[27.883713,-26.203325],[27.883717,-26.203404],[27.879146,-26.201825],[27.879265,-26.201256],[27.876247,-26.199345],[27.878998,-26.192454],[27.877059,-26.191364],[27.876371,-26.191077],[27.87618,-26.190629],[27.875593,-26.190643],[27.874286,-26.190312],[27.871102,-26.189079],[27.869771,-26.189084],[27.868918,-26.188836],[27.867796,-26.18884],[27.868101,-26.187396],[27.866947,-26.187118],[27.866834,-26.186942],[27.865317,-26.186563],[27.863936,-26.186309],[27.862296,-26.18618],[27.861549,-26.185956],[27.861026,-26.185937],[27.860078,-26.186039],[27.856714,-26.186274],[27.856762,-26.184243],[27.856715,-26.183163],[27.855995,-26.183273],[27.855709,-26.181559],[27.854055,-26.181499],[27.846362,-26.182027],[27.840236,-26.182475],[27.840187,-26.182817],[27.839185,-26.184669],[27.838652,-26.185197],[27.838106,-26.186181],[27.834978,-26.18475],[27.832054,-26.181578],[27.831922,-26.181556],[27.827142,-26.181742],[27.825925,-26.181735],[27.818782,-26.182074],[27.818936,-26.182828],[27.818958,-26.18367],[27.81861,-26.183748],[27.81824,-26.184197],[27.818302,-26.185059],[27.817322,-26.1866],[27.816961,-26.187947],[27.816718,-26.18997],[27.815385,-26.202339],[27.81252,-26.201452],[27.81037,-26.201101],[27.809984,-26.201114],[27.809044,-26.200831],[27.807426,-26.200652],[27.803503,-26.200022],[27.801848,-26.199798],[27.800791,-26.199591],[27.796882,-26.199008],[27.796295,-26.198938],[27.787892,-26.197649],[27.78592,-26.197334],[27.784319,-26.197047],[27.782477,-26.19678],[27.779633,-26.196334],[27.77449,-26.20769],[27.77199,-26.213209],[27.760584,-26.210178],[27.752961,-26.219732],[27.751718,-26.219539],[27.750332,-26.219582],[27.748567,-26.220015],[27.746324,-26.220631],[27.74579,-26.220988],[27.745478,-26.221406],[27.745347,-26.222098],[27.745655,-26.222959],[27.747981,-26.227233],[27.748295,-26.228077],[27.748241,-26.228913],[27.747981,-26.22946],[27.747604,-26.229963],[27.746948,-26.230358],[27.746104,-26.230628],[27.74526,-26.230592],[27.741668,-26.229469],[27.741039,-26.22938],[27.740536,-26.229451],[27.739728,-26.229972],[27.739468,-26.230403],[27.738074,-26.233541],[27.737588,-26.233374],[27.7373,-26.230401],[27.737209,-26.228506],[27.737255,-26.227671],[27.737321,-26.224941],[27.721359,-26.226567],[27.719822,-26.22679],[27.724951,-26.238701],[27.72579,-26.23942],[27.72653,-26.240191],[27.72611,-26.24037],[27.728531,-26.242491],[27.729151,-26.24629],[27.753481,-26.258039],[27.750519,-26.265215],[27.74465,-26.27949]],[[27.782538,-26.213577],[27.782737,-26.213775],[27.783171,-26.213697],[27.785556,-26.21378],[27.788141,-26.213895],[27.788579,-26.213799],[27.789405,-26.213798],[27.789499,-26.215876],[27.781784,-26.218886],[27.781224,-26.219174],[27.78057,-26.219748],[27.780021,-26.220596],[27.779673,-26.221009],[27.778833,-26.221468],[27.7781,-26.221542],[27.773303,-26.221371],[27.772652,-26.221443],[27.772353,-26.220364],[27.772543,-26.219731],[27.772551,-26.218866],[27.77245,-26.218518],[27.772569,-26.218186],[27.772331,-26.217536],[27.772189,-26.216478],[27.771662,-26.216241],[27.772572,-26.215843],[27.774485,-26.215297],[27.774458,-26.213305],[27.77678,-26.213365],[27.782538,-26.213577]],[[27.890126,-26.262375],[27.891596,-26.258202],[27.892016,-26.257251],[27.89248,-26.256525],[27.893231,-26.255664],[27.894329,-26.25477],[27.895375,-26.254183],[27.898053,-26.25302],[27.898918,-26.252455],[27.899816,-26.251511],[27.900656,-26.250317],[27.901203,-26.249713],[27.901848,-26.2492],[27.902626,-26.248762],[27.90333,-26.248494],[27.907132,-26.247527],[27.907159,-26.248067],[27.908922,-26.248864],[27.909252,-26.248516],[27.910107,-26.248845],[27.911714,-26.249752],[27.911979,-26.249711],[27.912493,-26.250219],[27.912131,-26.251241],[27.912299,-26.25161],[27.91311,-26.252264],[27.914914,-26.253096],[27.915652,-26.253474],[27.916003,-26.253772],[27.917497,-26.255434],[27.917823,-26.255915],[27.917626,-26.256056],[27.919561,-26.259287],[27.916153,-26.259122],[27.915266,-26.259112],[27.914309,-26.259177],[27.911141,-26.259539],[27.908639,-26.25987],[27.904165,-26.260405],[27.90305,-26.260572],[27.90092,-26.260817],[27.897034,-26.26139],[27.896462,-26.262048],[27.893338,-26.265322],[27.8932,-26.265115],[27.894096,-26.262133],[27.894178,-26.26175],[27.893158,-26.261888],[27.890126,-26.262375]]],[[[27.8106,-26.182079],[27.812601,-26.182066],[27.813994,-26.182112],[27.818782,-26.182074],[27.818579,-26.181545],[27.818053,-26.180859],[27.818008,-26.180299],[27.81815,-26.179701],[27.818437,-26.179179],[27.81853,-26.178742],[27.818082,-26.17838],[27.817917,-26.177851],[27.817983,-26.17716],[27.817872,-26.176797],[27.817865,-26.175965],[27.81352,-26.17606],[27.81201,-26.17589],[27.809352,-26.175142],[27.809059,-26.17506],[27.8106,-26.182079]]]]}},{"type":"Feature","properties":{"id":"diepsloot","name":"Diepsloot","labelPriority":"primary","selectionBasis":"census-main-place","subPlaceCount":14},"geometry":{"type":"Polygon","coordinates":[[[27.93699,-25.923124],[27.940849,-25.928379],[27.942113,-25.930051],[27.945184,-25.929848],[27.94622,-25.932194],[27.946829,-25.933507],[27.94485,-25.939307],[27.945952,-25.941588],[27.948251,-25.946443],[27.97557,-25.940387],[27.973029,-25.957092],[27.972991,-25.957379],[27.981637,-25.95828],[27.986824,-25.958811],[27.988096,-25.958958],[27.987806,-25.959685],[27.987992,-25.960342],[27.988922,-25.961277],[27.989731,-25.962453],[27.989911,-25.963224],[27.989304,-25.964093],[27.988993,-25.964651],[27.997202,-25.96586],[28.007881,-25.967394],[28.007945,-25.969055],[28.009729,-25.96932],[28.009871,-25.967801],[28.012938,-25.968255],[28.013273,-25.968265],[28.017578,-25.969543],[28.019304,-25.963499],[28.019371,-25.963077],[28.019333,-25.96219],[28.019143,-25.961492],[28.01792,-25.958194],[28.019467,-25.958425],[28.020542,-25.959063],[28.022614,-25.952013],[28.025482,-25.951363],[28.032755,-25.949673],[28.035202,-25.947501],[28.036008,-25.946837],[28.038677,-25.944436],[28.039835,-25.942484],[28.040366,-25.941733],[28.041988,-25.939231],[28.042467,-25.938563],[28.043871,-25.936425],[28.043925,-25.936182],[28.044608,-25.935316],[28.044823,-25.935232],[28.045946,-25.9335],[28.046723,-25.93237],[28.03933,-25.926531],[28.039141,-25.926358],[28.035268,-25.929646],[28.035069,-25.929856],[28.02948,-25.934593],[28.027388,-25.936354],[28.022379,-25.94061],[28.020348,-25.942347],[28.020045,-25.942418],[28.020977,-25.936092],[28.021368,-25.933254],[28.021957,-25.929188],[28.022196,-25.927676],[28.023209,-25.920574],[28.023422,-25.919659],[28.02378,-25.918733],[28.024309,-25.917752],[28.025319,-25.916354],[28.025789,-25.915409],[28.026015,-25.914524],[28.026198,-25.913123],[28.01663,-25.91832],[28.004471,-25.92494],[27.996929,-25.929029],[27.991739,-25.93187],[27.98786,-25.93401],[27.9863,-25.92152],[27.98592,-25.9184],[27.98514,-25.91217],[27.98476,-25.90906],[27.98398,-25.90283],[27.976681,-25.906269],[27.96686,-25.910919],[27.965621,-25.910785],[27.959779,-25.913317],[27.947009,-25.918819],[27.942128,-25.920897],[27.93699,-25.923124]]]}},{"type":"Feature","properties":{"id":"orange-farm","name":"Orange Farm","labelPriority":"primary","selectionBasis":"census-main-place","subPlaceCount":8},"geometry":{"type":"Polygon","coordinates":[[[27.846927,-26.449663],[27.847428,-26.450557],[27.847214,-26.450771],[27.847415,-26.451058],[27.847855,-26.450724],[27.849397,-26.452332],[27.847926,-26.453488],[27.848731,-26.454459],[27.849447,-26.45523],[27.849041,-26.455531],[27.848334,-26.456448],[27.84907,-26.456823],[27.848895,-26.457129],[27.849226,-26.457278],[27.849362,-26.457065],[27.850674,-26.457681],[27.851241,-26.458003],[27.851511,-26.457947],[27.850516,-26.459799],[27.851279,-26.460162],[27.851741,-26.460615],[27.85399,-26.461973],[27.854469,-26.462148],[27.853127,-26.465798],[27.852279,-26.466983],[27.853965,-26.468116],[27.854343,-26.468637],[27.855118,-26.470775],[27.855069,-26.471353],[27.848555,-26.473196],[27.848249,-26.473257],[27.848519,-26.473357],[27.851715,-26.474768],[27.853801,-26.476147],[27.854753,-26.477079],[27.855477,-26.478136],[27.855233,-26.478186],[27.855383,-26.478866],[27.855407,-26.481554],[27.855319,-26.481556],[27.855348,-26.483089],[27.855261,-26.483553],[27.855425,-26.483551],[27.855451,-26.486335],[27.860199,-26.486053],[27.861977,-26.486073],[27.862406,-26.485978],[27.865074,-26.485902],[27.865068,-26.485834],[27.866264,-26.485716],[27.867355,-26.485673],[27.868266,-26.485573],[27.866276,-26.489665],[27.864755,-26.492728],[27.873172,-26.494395],[27.87334,-26.494438],[27.874963,-26.501689],[27.883162,-26.504346],[27.883287,-26.504544],[27.884698,-26.504133],[27.884893,-26.504341],[27.88482,-26.504883],[27.88578,-26.50519],[27.88612,-26.50444],[27.88209,-26.489759],[27.881781,-26.48885],[27.881041,-26.487499],[27.880501,-26.486811],[27.87536,-26.48089],[27.874981,-26.480505],[27.87254,-26.478769],[27.872049,-26.47818],[27.870729,-26.475611],[27.870621,-26.474991],[27.870781,-26.472799],[27.87075,-26.472759],[27.87042,-26.467871],[27.86972,-26.45726],[27.869471,-26.453329],[27.86965,-26.45421],[27.869841,-26.454229],[27.869699,-26.45212],[27.86948,-26.44659],[27.868179,-26.440682],[27.867294,-26.436335],[27.866972,-26.434627],[27.866793,-26.434055],[27.866489,-26.433421],[27.865302,-26.434501],[27.863297,-26.436155],[27.859037,-26.439584],[27.854661,-26.443089],[27.853782,-26.443793],[27.848189,-26.448438],[27.846927,-26.449663]]]}},{"type":"Feature","properties":{"id":"ivory-park","name":"Ivory Park","labelPriority":"secondary","selectionBasis":"census-main-place","subPlaceCount":9},"geometry":{"type":"Polygon","coordinates":[[[28.171835,-26.008176],[28.172552,-26.009149],[28.176004,-26.014644],[28.175979,-26.014791],[28.179271,-26.019917],[28.179855,-26.020847],[28.181471,-26.019609],[28.182199,-26.01899],[28.186041,-26.016069],[28.186371,-26.0158],[28.189699,-26.013359],[28.207291,-25.999981],[28.209249,-25.998461],[28.21353,-25.995199],[28.21382,-25.994869],[28.21446,-25.99453],[28.213367,-25.988691],[28.212601,-25.98468],[28.21192,-25.98098],[28.211521,-25.978918],[28.210381,-25.978861],[28.209141,-25.978519],[28.206579,-25.97732],[28.205299,-25.97686],[28.202959,-25.976339],[28.201811,-25.976009],[28.20109,-25.975679],[28.19907,-25.97533],[28.19754,-25.97459],[28.195656,-25.980902],[28.194452,-25.9849],[28.193062,-25.984621],[28.192883,-25.9854],[28.192351,-25.986832],[28.191553,-25.988841],[28.1908,-25.990466],[28.189338,-25.99311],[28.188052,-25.995024],[28.187019,-25.996374],[28.185882,-25.997777],[28.184242,-25.999594],[28.182691,-26.001056],[28.181125,-26.002386],[28.179087,-26.003937],[28.177285,-26.005133],[28.175971,-26.005916],[28.173903,-26.007097],[28.171835,-26.008176]]]}},{"type":"Feature","properties":{"id":"kaalfontein","name":"Kaalfontein","labelPriority":"secondary","selectionBasis":"census-main-place","subPlaceCount":17},"geometry":{"type":"Polygon","coordinates":[[[28.165306,-25.998121],[28.170866,-25.99731],[28.172696,-25.997025],[28.178355,-25.996207],[28.178737,-25.996132],[28.183894,-25.995373],[28.184799,-25.995266],[28.187823,-25.994833],[28.188052,-25.995024],[28.189338,-25.99311],[28.1908,-25.990466],[28.191553,-25.988841],[28.192351,-25.986832],[28.192883,-25.9854],[28.193062,-25.984621],[28.16646,-25.979271],[28.166342,-25.979288],[28.162875,-25.981773],[28.160481,-25.983544],[28.15798,-25.985366],[28.157393,-25.985818],[28.158344,-25.987219],[28.159691,-25.989345],[28.160661,-25.990791],[28.162255,-25.993379],[28.163307,-25.994968],[28.163823,-25.995832],[28.165306,-25.998121]]]}},{"type":"Feature","properties":{"id":"ebony-park","name":"Ebony Park","labelPriority":"secondary","selectionBasis":"census-main-place","subPlaceCount":7},"geometry":{"type":"Polygon","coordinates":[[[28.165306,-25.998121],[28.165556,-25.998661],[28.167587,-26.001803],[28.169458,-26.004754],[28.170704,-26.006595],[28.170962,-26.007049],[28.171612,-26.007816],[28.171835,-26.008176],[28.173903,-26.007097],[28.175971,-26.005916],[28.177285,-26.005133],[28.179087,-26.003937],[28.181125,-26.002386],[28.182691,-26.001056],[28.184242,-25.999594],[28.185882,-25.997777],[28.187019,-25.996374],[28.188052,-25.995024],[28.187823,-25.994833],[28.184799,-25.995266],[28.183894,-25.995373],[28.178737,-25.996132],[28.178355,-25.996207],[28.172696,-25.997025],[28.170866,-25.99731],[28.165306,-25.998121]]]}},{"type":"Feature","properties":{"id":"rabie-ridge","name":"Rabie Ridge","labelPriority":"secondary","selectionBasis":"census-main-place","subPlaceCount":4},"geometry":{"type":"Polygon","coordinates":[[[28.171336,-26.028279],[28.171931,-26.029318],[28.172302,-26.029158],[28.172163,-26.028589],[28.172745,-26.028206],[28.173697,-26.028112],[28.175474,-26.028095],[28.176355,-26.028196],[28.177273,-26.028196],[28.178122,-26.028437],[28.17687,-26.035681],[28.18799,-26.03616],[28.189421,-26.03207],[28.187429,-26.03273],[28.186167,-26.030668],[28.18079,-26.022289],[28.179855,-26.020847],[28.179271,-26.019917],[28.175979,-26.014791],[28.176004,-26.014644],[28.172552,-26.009149],[28.171835,-26.008176],[28.170505,-26.008888],[28.164299,-26.012151],[28.162542,-26.013034],[28.165665,-26.018456],[28.171336,-26.028279]]]}},{"type":"Feature","properties":{"id":"mayibuye","name":"Mayibuye","labelPriority":"secondary","selectionBasis":"census-main-place","subPlaceCount":2},"geometry":{"type":"MultiPolygon","coordinates":[[[[27.77449,-26.20769],[27.779633,-26.196334],[27.78187,-26.191427],[27.781605,-26.191404],[27.780879,-26.191842],[27.780262,-26.191979],[27.778166,-26.192322],[27.773775,-26.193078],[27.7736,-26.19363],[27.77274,-26.19428],[27.771845,-26.195675],[27.77155,-26.195782],[27.771533,-26.196467],[27.771794,-26.196612],[27.771666,-26.196865],[27.771871,-26.197275],[27.77253,-26.197729],[27.772046,-26.198337],[27.771812,-26.198124],[27.770312,-26.197394],[27.769188,-26.199009],[27.770298,-26.199644],[27.769134,-26.201087],[27.76862,-26.201532],[27.766396,-26.202587],[27.764234,-26.203086],[27.763517,-26.20292],[27.761862,-26.201795],[27.761323,-26.202416],[27.760909,-26.202757],[27.76003,-26.203326],[27.760781,-26.204097],[27.761256,-26.20418],[27.765209,-26.205202],[27.766331,-26.205515],[27.769162,-26.206241],[27.77449,-26.20769]]],[[[28.172302,-26.029158],[28.171931,-26.029318],[28.171336,-26.028279],[28.169739,-26.028398],[28.168505,-26.028647],[28.167635,-26.028704],[28.166436,-26.029009],[28.164246,-26.029469],[28.163664,-26.029692],[28.163649,-26.029928],[28.162898,-26.030139],[28.161986,-26.030492],[28.160875,-26.030719],[28.16084,-26.030656],[28.158365,-26.031633],[28.157444,-26.031892],[28.157476,-26.031988],[28.15637,-26.032369],[28.155526,-26.032877],[28.155597,-26.033016],[28.159629,-26.037455],[28.159686,-26.037588],[28.165409,-26.035061],[28.174681,-26.035456],[28.175226,-26.03561],[28.174887,-26.034075],[28.174847,-26.033125],[28.174652,-26.033045],[28.174253,-26.032572],[28.172302,-26.029158]]]]}},{"type":"Feature","properties":{"id":"lenasia","name":"Lenasia","labelPriority":"secondary","selectionBasis":"census-main-place","subPlaceCount":13},"geometry":{"type":"Polygon","coordinates":[[[27.82176,-26.30476],[27.82226,-26.31086],[27.822769,-26.31691],[27.82341,-26.324751],[27.824471,-26.337481],[27.82463,-26.337537],[27.824834,-26.339523],[27.825112,-26.340663],[27.826034,-26.343043],[27.826514,-26.344209],[27.8301,-26.353415],[27.831739,-26.357566],[27.832142,-26.357977],[27.832927,-26.358343],[27.833563,-26.358261],[27.839855,-26.355772],[27.839395,-26.355336],[27.838015,-26.35177],[27.837406,-26.35027],[27.837588,-26.34991],[27.836787,-26.347897],[27.836442,-26.346895],[27.835551,-26.345788],[27.834459,-26.342932],[27.833655,-26.341596],[27.833864,-26.341142],[27.83366,-26.340608],[27.834224,-26.340549],[27.835043,-26.340833],[27.836057,-26.341577],[27.837029,-26.341854],[27.837373,-26.340941],[27.837792,-26.340008],[27.83878,-26.337495],[27.842622,-26.338762],[27.842546,-26.338947],[27.850524,-26.341557],[27.851908,-26.341977],[27.852381,-26.342202],[27.855923,-26.342862],[27.855335,-26.345104],[27.858325,-26.3454],[27.862391,-26.344811],[27.863517,-26.344737],[27.86472,-26.344979],[27.865577,-26.345037],[27.867262,-26.345026],[27.86797,-26.344509],[27.869456,-26.344017],[27.870618,-26.343914],[27.871185,-26.344372],[27.871539,-26.344949],[27.87179,-26.345084],[27.87283,-26.344983],[27.878842,-26.337853],[27.87946,-26.337104],[27.882645,-26.333359],[27.883132,-26.332738],[27.874545,-26.328068],[27.870428,-26.325861],[27.867893,-26.324452],[27.865872,-26.323374],[27.867317,-26.321648],[27.86878,-26.319723],[27.870808,-26.317296],[27.869552,-26.316658],[27.868541,-26.316517],[27.867943,-26.316321],[27.867617,-26.315071],[27.866834,-26.313821],[27.865029,-26.313332],[27.865214,-26.312864],[27.86341,-26.312603],[27.861714,-26.312027],[27.86029,-26.31169],[27.859137,-26.311679],[27.858246,-26.311592],[27.857344,-26.311255],[27.855974,-26.310657],[27.855235,-26.310549],[27.854517,-26.310342],[27.854169,-26.310027],[27.853571,-26.309766],[27.852615,-26.309635],[27.851988,-26.309622],[27.850598,-26.309293],[27.849034,-26.30827],[27.847084,-26.30743],[27.845657,-26.307037],[27.846129,-26.306586],[27.841956,-26.306182],[27.840896,-26.306059],[27.831928,-26.305151],[27.826406,-26.30456],[27.8256,-26.304438],[27.82181,-26.30407],[27.82176,-26.30476]]]}},{"type":"Feature","properties":{"id":"lenasia-south","name":"Lenasia South","labelPriority":"secondary","selectionBasis":"census-main-place","subPlaceCount":7},"geometry":{"type":"Polygon","coordinates":[[[27.84092,-26.38768],[27.841092,-26.389328],[27.841682,-26.393992],[27.842314,-26.399106],[27.842473,-26.399861],[27.842897,-26.400994],[27.843574,-26.402122],[27.844095,-26.402756],[27.844688,-26.403336],[27.84533,-26.403837],[27.846301,-26.40443],[27.849001,-26.405663],[27.849873,-26.406197],[27.853307,-26.408612],[27.85441,-26.409616],[27.85526,-26.410764],[27.856859,-26.410561],[27.864528,-26.409509],[27.86631,-26.409323],[27.867699,-26.409321],[27.869169,-26.409442],[27.870977,-26.4098],[27.872661,-26.41027],[27.873142,-26.410342],[27.873153,-26.411961],[27.873335,-26.413407],[27.873766,-26.4149],[27.874374,-26.416167],[27.87275,-26.416195],[27.872874,-26.417341],[27.873167,-26.418108],[27.873057,-26.419],[27.873719,-26.424943],[27.874516,-26.423954],[27.877338,-26.420268],[27.881136,-26.415463],[27.883271,-26.41273],[27.884759,-26.410794],[27.885483,-26.409786],[27.886922,-26.407948],[27.8897,-26.404338],[27.89044,-26.403326],[27.891111,-26.402314],[27.890575,-26.401792],[27.889704,-26.401659],[27.890142,-26.398452],[27.8903,-26.397149],[27.889312,-26.397434],[27.88543,-26.386317],[27.885227,-26.385771],[27.884808,-26.385717],[27.883294,-26.385834],[27.881118,-26.385931],[27.878062,-26.393326],[27.874077,-26.392126],[27.874137,-26.39428],[27.866657,-26.391203],[27.865634,-26.39052],[27.865103,-26.389927],[27.865956,-26.38767],[27.865902,-26.386134],[27.865731,-26.385109],[27.865722,-26.383617],[27.864186,-26.383699],[27.864035,-26.382337],[27.863759,-26.378972],[27.861412,-26.378975],[27.858583,-26.377679],[27.85878,-26.376284],[27.858858,-26.375321],[27.85789,-26.375246],[27.857842,-26.375545],[27.854761,-26.374002],[27.854016,-26.374229],[27.853591,-26.374258],[27.853756,-26.374695],[27.852565,-26.37675],[27.850468,-26.375354],[27.850397,-26.375367],[27.848536,-26.377781],[27.847957,-26.377398],[27.847513,-26.376701],[27.846586,-26.377259],[27.84543,-26.377834],[27.844285,-26.378469],[27.84378,-26.378867],[27.841207,-26.380603],[27.840635,-26.380846],[27.840036,-26.380912],[27.840126,-26.381343],[27.84092,-26.38768]]]}},{"type":"Feature","properties":{"id":"lehae","name":"Lehae","labelPriority":"secondary","selectionBasis":"census-main-place","subPlaceCount":1},"geometry":{"type":"Polygon","coordinates":[[[27.892108,-26.337605],[27.898563,-26.341112],[27.900255,-26.341803],[27.89953,-26.342979],[27.897609,-26.346742],[27.895565,-26.350704],[27.894612,-26.352784],[27.893768,-26.354768],[27.892796,-26.35722],[27.892212,-26.357211],[27.885001,-26.357388],[27.877841,-26.35496],[27.87828,-26.351376],[27.878941,-26.351201],[27.87869,-26.346862],[27.882516,-26.341261],[27.885156,-26.337505],[27.886476,-26.337653],[27.887154,-26.337509],[27.887518,-26.337029],[27.887772,-26.33525],[27.892108,-26.337605]]]}},{"type":"Feature","properties":{"id":"vlakfontein","name":"Vlakfontein","labelPriority":"secondary","selectionBasis":"census-main-place","subPlaceCount":3},"geometry":{"type":"MultiPolygon","coordinates":[[[[27.881118,-26.385931],[27.883294,-26.385834],[27.884808,-26.385717],[27.885227,-26.385771],[27.88543,-26.386317],[27.889312,-26.397434],[27.8903,-26.397149],[27.890142,-26.398452],[27.889704,-26.401659],[27.890575,-26.401792],[27.891111,-26.402314],[27.89316,-26.40431],[27.89361,-26.403139],[27.89356,-26.402031],[27.894211,-26.40032],[27.89436,-26.399191],[27.89403,-26.398359],[27.893847,-26.397467],[27.893999,-26.39715],[27.89463,-26.39534],[27.89484,-26.3936],[27.89526,-26.391649],[27.89526,-26.390539],[27.895189,-26.38949],[27.895189,-26.38789],[27.895121,-26.38525],[27.89546,-26.381769],[27.895741,-26.38051],[27.896021,-26.379539],[27.896441,-26.377871],[27.897149,-26.376285],[27.893572,-26.374878],[27.893439,-26.374532],[27.889141,-26.366219],[27.887747,-26.369664],[27.887198,-26.370971],[27.883705,-26.369814],[27.878319,-26.367789],[27.877587,-26.370851],[27.87593,-26.370639],[27.875347,-26.370935],[27.87336,-26.370445],[27.873443,-26.373384],[27.873304,-26.373931],[27.872935,-26.373896],[27.873085,-26.374788],[27.873502,-26.3748],[27.873687,-26.380509],[27.876159,-26.381326],[27.878436,-26.381838],[27.8804,-26.381862],[27.88267,-26.382128],[27.881118,-26.385931]]],[[[28.307137,-26.102852],[28.310732,-26.102999],[28.310686,-26.103055],[28.316298,-26.103327],[28.317662,-26.105806],[28.318977,-26.108594],[28.318681,-26.109649],[28.32171,-26.108987],[28.324259,-26.108491],[28.324324,-26.108548],[28.326903,-26.118522],[28.328085,-26.123003],[28.329813,-26.129786],[28.331842,-26.128535],[28.333478,-26.127572],[28.334227,-26.121612],[28.336965,-26.121789],[28.337143,-26.119691],[28.337435,-26.114838],[28.337638,-26.112379],[28.341358,-26.110328],[28.339998,-26.108157],[28.336515,-26.102932],[28.331673,-26.095538],[28.32801,-26.09003],[28.324265,-26.094203],[28.322838,-26.095867],[28.321543,-26.097291],[28.319833,-26.096854],[28.316914,-26.096031],[28.313247,-26.098594],[28.312801,-26.098106],[28.31162,-26.09727],[28.30932,-26.100565],[28.3082,-26.102213],[28.307137,-26.102852]]],[[[28.345653,-26.389133],[28.346392,-26.392349],[28.346768,-26.393816],[28.347433,-26.397044],[28.348016,-26.400078],[28.348284,-26.40133],[28.354931,-26.40696],[28.356951,-26.40522],[28.360861,-26.401819],[28.364651,-26.39854],[28.370295,-26.393631],[28.370382,-26.393458],[28.366267,-26.392396],[28.365354,-26.392192],[28.358509,-26.391133],[28.350912,-26.389936],[28.345653,-26.389133]]]]}},{"type":"Feature","properties":{"id":"ennerdale","name":"Ennerdale","labelPriority":"secondary","selectionBasis":"census-main-place","subPlaceCount":13},"geometry":{"type":"Polygon","coordinates":[[[27.854661,-26.443089],[27.859037,-26.439584],[27.863297,-26.436155],[27.865302,-26.434501],[27.866489,-26.433421],[27.867566,-26.432441],[27.869235,-26.430681],[27.870773,-26.428835],[27.872537,-26.42654],[27.873719,-26.424943],[27.873057,-26.419],[27.873167,-26.418108],[27.872874,-26.417341],[27.87275,-26.416195],[27.874374,-26.416167],[27.873766,-26.4149],[27.873335,-26.413407],[27.873153,-26.411961],[27.873142,-26.410342],[27.872661,-26.41027],[27.870977,-26.4098],[27.869169,-26.409442],[27.867699,-26.409321],[27.86631,-26.409323],[27.864528,-26.409509],[27.856859,-26.410561],[27.85526,-26.410764],[27.85441,-26.409616],[27.853307,-26.408612],[27.849873,-26.406197],[27.849001,-26.405663],[27.846301,-26.40443],[27.84533,-26.403837],[27.844688,-26.403336],[27.844095,-26.402756],[27.843574,-26.402122],[27.842897,-26.400994],[27.842473,-26.399861],[27.842314,-26.399106],[27.841682,-26.393992],[27.841092,-26.389328],[27.84092,-26.38768],[27.839297,-26.387894],[27.838238,-26.387943],[27.835391,-26.38832],[27.835055,-26.390004],[27.834331,-26.391132],[27.834072,-26.39208],[27.834052,-26.392561],[27.834234,-26.393716],[27.834287,-26.394779],[27.834243,-26.39645],[27.834323,-26.397994],[27.834496,-26.399514],[27.834249,-26.39997],[27.831645,-26.399824],[27.830525,-26.399535],[27.828926,-26.398855],[27.82832,-26.398509],[27.827796,-26.400482],[27.827576,-26.401678],[27.823316,-26.402143],[27.820023,-26.402443],[27.820049,-26.403204],[27.819902,-26.404341],[27.819581,-26.405482],[27.817976,-26.410066],[27.817469,-26.411195],[27.814927,-26.416248],[27.815113,-26.416334],[27.813241,-26.420018],[27.812943,-26.420803],[27.812825,-26.420623],[27.812301,-26.420879],[27.811067,-26.421607],[27.810704,-26.421992],[27.808967,-26.421689],[27.807677,-26.4238],[27.814467,-26.425308],[27.817536,-26.426011],[27.822555,-26.427137],[27.823663,-26.427463],[27.82466,-26.427601],[27.825981,-26.428049],[27.826122,-26.428526],[27.82844,-26.42878],[27.829465,-26.428936],[27.829456,-26.428723],[27.831058,-26.428817],[27.832028,-26.434537],[27.832439,-26.436782],[27.833389,-26.442735],[27.833991,-26.446697],[27.835779,-26.446363],[27.837567,-26.446099],[27.844652,-26.44492],[27.848999,-26.4441],[27.854661,-26.443089]]]}},{"type":"Feature","properties":{"id":"drie-ziek","name":"Drie Ziek","labelPriority":"secondary","selectionBasis":"census-main-place","subPlaceCount":7},"geometry":{"type":"Polygon","coordinates":[[[27.817727,-26.484343],[27.82169,-26.48488],[27.824469,-26.479877],[27.82518,-26.485189],[27.826649,-26.496273],[27.82773,-26.504431],[27.829359,-26.501254],[27.834749,-26.490749],[27.83507,-26.49045],[27.834761,-26.490116],[27.835068,-26.489467],[27.838661,-26.482491],[27.840233,-26.479484],[27.842921,-26.47441],[27.843285,-26.474562],[27.845328,-26.473954],[27.84642,-26.473711],[27.846792,-26.472875],[27.848249,-26.473257],[27.848555,-26.473196],[27.855069,-26.471353],[27.855118,-26.470775],[27.854343,-26.468637],[27.853965,-26.468116],[27.852279,-26.466983],[27.853127,-26.465798],[27.854469,-26.462148],[27.85399,-26.461973],[27.851741,-26.460615],[27.851279,-26.460162],[27.850516,-26.459799],[27.851511,-26.457947],[27.851241,-26.458003],[27.850674,-26.457681],[27.849362,-26.457065],[27.849226,-26.457278],[27.848895,-26.457129],[27.84907,-26.456823],[27.848334,-26.456448],[27.849041,-26.455531],[27.849447,-26.45523],[27.848731,-26.454459],[27.847926,-26.453488],[27.849397,-26.452332],[27.847855,-26.450724],[27.847415,-26.451058],[27.847214,-26.450771],[27.847428,-26.450557],[27.846927,-26.449663],[27.845619,-26.450962],[27.843557,-26.453127],[27.842162,-26.454679],[27.840315,-26.456852],[27.839137,-26.458315],[27.833299,-26.465418],[27.82897,-26.470559],[27.824374,-26.476002],[27.819044,-26.482526],[27.817727,-26.484343]]]}},{"type":"Feature","properties":{"id":"stretford","name":"Stretford","labelPriority":"secondary","selectionBasis":"census-main-place","subPlaceCount":9},"geometry":{"type":"Polygon","coordinates":[[[27.83507,-26.49045],[27.846821,-26.49688],[27.852011,-26.499729],[27.852921,-26.50029],[27.85401,-26.501181],[27.856534,-26.503466],[27.85985,-26.50647],[27.86043,-26.50626],[27.864548,-26.509998],[27.864658,-26.509583],[27.864538,-26.509488],[27.864414,-26.505674],[27.864416,-26.504849],[27.8742,-26.501419],[27.874963,-26.501689],[27.87334,-26.494438],[27.873172,-26.494395],[27.864755,-26.492728],[27.866276,-26.489665],[27.868266,-26.485573],[27.867355,-26.485673],[27.866264,-26.485716],[27.865068,-26.485834],[27.865074,-26.485902],[27.862406,-26.485978],[27.861977,-26.486073],[27.860199,-26.486053],[27.855451,-26.486335],[27.855425,-26.483551],[27.855261,-26.483553],[27.855348,-26.483089],[27.855319,-26.481556],[27.855407,-26.481554],[27.855383,-26.478866],[27.855233,-26.478186],[27.855477,-26.478136],[27.854753,-26.477079],[27.853801,-26.476147],[27.851715,-26.474768],[27.848519,-26.473357],[27.848249,-26.473257],[27.846792,-26.472875],[27.84642,-26.473711],[27.845328,-26.473954],[27.843285,-26.474562],[27.842921,-26.47441],[27.840233,-26.479484],[27.838661,-26.482491],[27.835068,-26.489467],[27.834761,-26.490116],[27.83507,-26.49045]]]}},{"type":"Feature","properties":{"id":"lakeside","name":"Lakeside","labelPriority":"secondary","selectionBasis":"census-main-place","subPlaceCount":7},"geometry":{"type":"MultiPolygon","coordinates":[[[[27.864548,-26.509998],[27.864661,-26.510803],[27.865641,-26.511681],[27.86614,-26.51251],[27.86689,-26.5128],[27.8713,-26.516741],[27.871799,-26.51757],[27.87254,-26.51786],[27.87414,-26.519291],[27.875629,-26.5205],[27.876459,-26.521009],[27.87734,-26.521441],[27.87826,-26.521811],[27.880199,-26.522261],[27.881201,-26.52235],[27.881226,-26.52235],[27.8836,-26.522329],[27.8836,-26.522369],[27.886709,-26.52236],[27.88705,-26.526216],[27.887211,-26.526251],[27.888029,-26.53524],[27.888172,-26.535229],[27.88895,-26.53517],[27.890341,-26.526939],[27.893709,-26.50775],[27.89323,-26.507544],[27.890859,-26.506806],[27.88959,-26.506378],[27.889298,-26.506391],[27.886553,-26.505517],[27.88578,-26.50519],[27.88482,-26.504883],[27.884893,-26.504341],[27.884698,-26.504133],[27.883287,-26.504544],[27.883162,-26.504346],[27.874963,-26.501689],[27.8742,-26.501419],[27.864416,-26.504849],[27.864414,-26.505674],[27.864538,-26.509488],[27.864658,-26.509583],[27.864548,-26.509998]]],[[[28.137861,-26.103705],[28.13788,-26.104184],[28.145357,-26.106357],[28.14591,-26.106764],[28.14679,-26.107596],[28.147506,-26.107975],[28.148225,-26.103154],[28.147897,-26.103085],[28.148348,-26.102697],[28.15002,-26.102072],[28.151561,-26.101533],[28.151425,-26.100512],[28.151259,-26.099868],[28.150836,-26.098724],[28.150578,-26.097852],[28.150586,-26.097366],[28.15096,-26.096431],[28.151214,-26.09618],[28.150267,-26.095806],[28.148636,-26.095919],[28.146909,-26.095248],[28.146264,-26.095666],[28.145707,-26.097359],[28.14443,-26.102298],[28.144061,-26.103292],[28.137861,-26.103705]]],[[[28.291328,-26.176159],[28.293764,-26.177361],[28.294957,-26.176851],[28.29588,-26.176756],[28.295968,-26.1765],[28.297388,-26.175657],[28.297901,-26.175296],[28.295564,-26.172914],[28.293536,-26.174122],[28.293434,-26.174763],[28.291389,-26.176018],[28.291328,-26.176159]]]]}},{"type":"Feature","properties":{"id":"lawley","name":"Lawley","labelPriority":"secondary","selectionBasis":"census-main-place","subPlaceCount":2},"geometry":{"type":"Polygon","coordinates":[[[27.81159,-26.364475],[27.802851,-26.364111],[27.802259,-26.364146],[27.801698,-26.368624],[27.801577,-26.368824],[27.801367,-26.369822],[27.801509,-26.371956],[27.801823,-26.372094],[27.801738,-26.372842],[27.801315,-26.375313],[27.801024,-26.377251],[27.800479,-26.377288],[27.800514,-26.377805],[27.799852,-26.378583],[27.799041,-26.379124],[27.798656,-26.3791],[27.797154,-26.379206],[27.795506,-26.379456],[27.795023,-26.37965],[27.795255,-26.380515],[27.795916,-26.381909],[27.794419,-26.38214],[27.793955,-26.382555],[27.793615,-26.382546],[27.792097,-26.382187],[27.79005,-26.381754],[27.790657,-26.38595],[27.791062,-26.388393],[27.790634,-26.388466],[27.790855,-26.390784],[27.792071,-26.390348],[27.792891,-26.390124],[27.796601,-26.389487],[27.802465,-26.388537],[27.803151,-26.38936],[27.804527,-26.391134],[27.806719,-26.391706],[27.807601,-26.392676],[27.805621,-26.398599],[27.805723,-26.399142],[27.816562,-26.397542],[27.817828,-26.397361],[27.818459,-26.3975],[27.81867,-26.397645],[27.818528,-26.396965],[27.819082,-26.396891],[27.818721,-26.394923],[27.816884,-26.38552],[27.817069,-26.385432],[27.815274,-26.376173],[27.816069,-26.376404],[27.816549,-26.376412],[27.817554,-26.376697],[27.817724,-26.376305],[27.817758,-26.374656],[27.814635,-26.37259],[27.812877,-26.371899],[27.811766,-26.366138],[27.811465,-26.364644],[27.81159,-26.364475]]]}},{"type":"Feature","properties":{"id":"kanana-park","name":"Kanana Park","labelPriority":"secondary","selectionBasis":"census-main-place","subPlaceCount":1},"geometry":{"type":"Polygon","coordinates":[[[27.894259,-26.435994],[27.892918,-26.436199],[27.889731,-26.436826],[27.888733,-26.437275],[27.888108,-26.437399],[27.887813,-26.437567],[27.887278,-26.438078],[27.886653,-26.438435],[27.885438,-26.438229],[27.884574,-26.438291],[27.882082,-26.438555],[27.881673,-26.435673],[27.882208,-26.434689],[27.882102,-26.434606],[27.882341,-26.434125],[27.882604,-26.434134],[27.8824,-26.433402],[27.882341,-26.432685],[27.882114,-26.432404],[27.882167,-26.431985],[27.881686,-26.43069],[27.881535,-26.430117],[27.88103,-26.428745],[27.881324,-26.426162],[27.882157,-26.425934],[27.882946,-26.42561],[27.883503,-26.425304],[27.884337,-26.424672],[27.885302,-26.423732],[27.887943,-26.421087],[27.888998,-26.419992],[27.889802,-26.419033],[27.891214,-26.416979],[27.892638,-26.418068],[27.894105,-26.419325],[27.895079,-26.420099],[27.894981,-26.420306],[27.89392,-26.421165],[27.894291,-26.428653],[27.894485,-26.431342],[27.894143,-26.43135],[27.894196,-26.435254],[27.894259,-26.435994]]]}},{"type":"Feature","properties":{"id":"poortjie","name":"Poortjie","labelPriority":"secondary","selectionBasis":"census-main-place","subPlaceCount":1},"geometry":{"type":"Polygon","coordinates":[[[27.775758,-26.4522],[27.77588,-26.452662],[27.77582,-26.453413],[27.775843,-26.455193],[27.774181,-26.455327],[27.772341,-26.455933],[27.772714,-26.457271],[27.773752,-26.46032],[27.767536,-26.464705],[27.766946,-26.464176],[27.766127,-26.463603],[27.762518,-26.461482],[27.75942,-26.459634],[27.759239,-26.44466],[27.76894,-26.44565],[27.769279,-26.45096],[27.7698,-26.45113],[27.770121,-26.450859],[27.770439,-26.45093],[27.770599,-26.45137],[27.77277,-26.45195],[27.775758,-26.4522]]]}},{"type":"Feature","properties":{"id":"kya-sand","name":"Kya Sand","labelPriority":"secondary","selectionBasis":"census-main-place","subPlaceCount":1},"geometry":{"type":"Polygon","coordinates":[[[27.936706,-26.035527],[27.936642,-26.035405],[27.938902,-26.032303],[27.940307,-26.030318],[27.94265,-26.026353],[27.943706,-26.024639],[27.944591,-26.023069],[27.945743,-26.021147],[27.949865,-26.014157],[27.950159,-26.014747],[27.950045,-26.015493],[27.950293,-26.015524],[27.955681,-26.014615],[27.960499,-26.013832],[27.960814,-26.013691],[27.960889,-26.015136],[27.961085,-26.018002],[27.961383,-26.018157],[27.961446,-26.018427],[27.961341,-26.019211],[27.961449,-26.019679],[27.961669,-26.019894],[27.961479,-26.020193],[27.96101,-26.020599],[27.960318,-26.020811],[27.959674,-26.020895],[27.958854,-26.021965],[27.958691,-26.023465],[27.958501,-26.023852],[27.958283,-26.024716],[27.958088,-26.025817],[27.957761,-26.026044],[27.957524,-26.026784],[27.956864,-26.02719],[27.95652,-26.027532],[27.955911,-26.027942],[27.955232,-26.028186],[27.954832,-26.028148],[27.95331,-26.029207],[27.953507,-26.029562],[27.953545,-26.029949],[27.953355,-26.030592],[27.952834,-26.031143],[27.952972,-26.031319],[27.952065,-26.032116],[27.951239,-26.03267],[27.947153,-26.033251],[27.946951,-26.032384],[27.942225,-26.032933],[27.941567,-26.033062],[27.936854,-26.035435],[27.936706,-26.035527]]]}},{"type":"Feature","properties":{"id":"cosmo-city","name":"Cosmo City","labelPriority":"secondary","selectionBasis":"named-sub-places","subPlaceCount":1},"geometry":{"type":"Polygon","coordinates":[[[27.943706,-26.024639],[27.94265,-26.026353],[27.940307,-26.030318],[27.938902,-26.032303],[27.936642,-26.035405],[27.936706,-26.035527],[27.936508,-26.035731],[27.930409,-26.044085],[27.930181,-26.044521],[27.930067,-26.045364],[27.929169,-26.051129],[27.92886,-26.051035],[27.923331,-26.048591],[27.918322,-26.04635],[27.913514,-26.044217],[27.910712,-26.04296],[27.910182,-26.037574],[27.912075,-26.03583],[27.91264,-26.02821],[27.915191,-26.021216],[27.917057,-26.019235],[27.918141,-26.01799],[27.92095,-26.015012],[27.922809,-26.013452],[27.923827,-26.012704],[27.925155,-26.011192],[27.929674,-26.00619],[27.929804,-26.005874],[27.930387,-26.005253],[27.934137,-26.00871],[27.93525,-26.009936],[27.935462,-26.00989],[27.93655,-26.011078],[27.937655,-26.012447],[27.938448,-26.013712],[27.938783,-26.013584],[27.940739,-26.015727],[27.941126,-26.016306],[27.941882,-26.017626],[27.942417,-26.01886],[27.942716,-26.020259],[27.942862,-26.021824],[27.942436,-26.021995],[27.943706,-26.024639]]]}},{"type":"Feature","properties":{"id":"zandspruit","name":"Zandspruit","labelPriority":"secondary","selectionBasis":"named-sub-places","subPlaceCount":1},"geometry":{"type":"Polygon","coordinates":[[[27.910276,-26.049433],[27.912204,-26.050832],[27.91325,-26.050582],[27.913675,-26.052107],[27.910348,-26.052855],[27.910158,-26.05436],[27.9077,-26.055297],[27.909134,-26.056667],[27.909285,-26.056966],[27.908133,-26.058053],[27.907508,-26.058591],[27.907999,-26.058553],[27.908499,-26.058882],[27.909252,-26.058881],[27.909951,-26.059847],[27.909977,-26.060314],[27.909698,-26.060522],[27.909614,-26.061237],[27.909635,-26.062588],[27.90932,-26.062815],[27.90878,-26.063394],[27.907905,-26.063973],[27.907555,-26.064356],[27.906588,-26.065209],[27.903598,-26.062424],[27.901498,-26.060427],[27.901635,-26.060123],[27.903553,-26.056662],[27.904262,-26.05502],[27.90558,-26.050883],[27.906108,-26.049331],[27.906476,-26.04946],[27.906946,-26.049259],[27.907965,-26.04903],[27.909468,-26.048893],[27.910276,-26.049433]]]}},{"type":"Feature","properties":{"id":"matholesville","name":"Matholesville","labelPriority":"secondary","selectionBasis":"named-sub-places","subPlaceCount":1},"geometry":{"type":"Polygon","coordinates":[[[27.861887,-26.169819],[27.861881,-26.17035],[27.861984,-26.171508],[27.860012,-26.171699],[27.859213,-26.171962],[27.858833,-26.172421],[27.856494,-26.172875],[27.855574,-26.173288],[27.854435,-26.1732],[27.853686,-26.173279],[27.853791,-26.17276],[27.853829,-26.171827],[27.853196,-26.171906],[27.851345,-26.171895],[27.850675,-26.172391],[27.849303,-26.172935],[27.848793,-26.173004],[27.848536,-26.173178],[27.848006,-26.173849],[27.847883,-26.174245],[27.847934,-26.174815],[27.846841,-26.175031],[27.845029,-26.174961],[27.843664,-26.173614],[27.843223,-26.173687],[27.84213,-26.173572],[27.841362,-26.173277],[27.840669,-26.172363],[27.840543,-26.171365],[27.840291,-26.170997],[27.840156,-26.170169],[27.84161,-26.170063],[27.846165,-26.16872],[27.84982,-26.167782],[27.852724,-26.167019],[27.854651,-26.166617],[27.856739,-26.166334],[27.860697,-26.16593],[27.862555,-26.165797],[27.86238,-26.166323],[27.862238,-26.167933],[27.861887,-26.169819]]]}},{"type":"Feature","properties":{"id":"eldorado-park","name":"Eldorado Park","labelPriority":"secondary","selectionBasis":"named-sub-places","subPlaceCount":1},"geometry":{"type":"Polygon","coordinates":[[[27.926852,-26.286426],[27.925657,-26.287466],[27.924675,-26.288658],[27.924234,-26.289402],[27.923904,-26.290112],[27.923639,-26.290918],[27.923423,-26.292003],[27.923038,-26.295322],[27.92278,-26.297781],[27.922694,-26.299141],[27.922346,-26.30228],[27.91788,-26.302339],[27.913799,-26.302441],[27.908263,-26.302536],[27.904894,-26.30263],[27.903335,-26.302813],[27.902012,-26.303094],[27.895398,-26.304798],[27.894291,-26.305053],[27.892227,-26.305313],[27.890591,-26.305348],[27.889534,-26.305284],[27.887427,-26.304955],[27.885937,-26.304587],[27.884098,-26.304279],[27.882799,-26.304197],[27.87991,-26.304259],[27.879752,-26.303383],[27.879798,-26.303178],[27.880274,-26.302893],[27.880525,-26.302425],[27.880821,-26.302113],[27.880924,-26.301444],[27.88146,-26.300729],[27.881663,-26.300067],[27.881702,-26.299475],[27.881917,-26.299197],[27.881791,-26.298894],[27.881978,-26.298675],[27.881946,-26.298274],[27.882185,-26.298049],[27.882083,-26.297443],[27.882127,-26.297056],[27.882389,-26.296182],[27.882222,-26.295943],[27.882783,-26.295637],[27.883219,-26.295558],[27.884339,-26.294886],[27.885007,-26.294747],[27.885544,-26.294172],[27.885686,-26.292678],[27.885655,-26.291967],[27.885765,-26.291516],[27.885637,-26.291129],[27.885625,-26.289951],[27.88659,-26.289609],[27.887151,-26.289528],[27.888042,-26.289664],[27.888577,-26.28994],[27.888657,-26.289216],[27.888965,-26.288757],[27.88989,-26.287757],[27.890513,-26.286782],[27.891144,-26.28674],[27.891801,-26.279049],[27.904248,-26.281181],[27.910404,-26.282186],[27.913084,-26.282652],[27.914868,-26.282863],[27.91603,-26.282771],[27.917999,-26.282502],[27.919039,-26.282595],[27.920169,-26.283126],[27.922674,-26.284776],[27.923898,-26.285494],[27.924941,-26.285906],[27.926852,-26.286426]]]}},{"type":"Feature","properties":{"id":"newclare","name":"Newclare","labelPriority":"secondary","selectionBasis":"named-sub-places","subPlaceCount":1},"geometry":{"type":"Polygon","coordinates":[[[27.969294,-26.189263],[27.969163,-26.189161],[27.965654,-26.190534],[27.965772,-26.190702],[27.96543,-26.190811],[27.965307,-26.190599],[27.961084,-26.187541],[27.961921,-26.186645],[27.961937,-26.186065],[27.962462,-26.185995],[27.962923,-26.185589],[27.966056,-26.182286],[27.96725,-26.182539],[27.968264,-26.183057],[27.973336,-26.187525],[27.970115,-26.188785],[27.969922,-26.189023],[27.969294,-26.189263]]]}},{"type":"Feature","properties":{"id":"bosmont","name":"Bosmont","labelPriority":"secondary","selectionBasis":"named-sub-places","subPlaceCount":1},"geometry":{"type":"Polygon","coordinates":[[[27.961084,-26.187541],[27.965307,-26.190599],[27.96543,-26.190811],[27.96526,-26.190967],[27.963082,-26.194752],[27.962396,-26.195998],[27.96016,-26.19984],[27.959759,-26.200573],[27.956063,-26.19949],[27.955315,-26.200185],[27.954923,-26.200702],[27.954372,-26.201775],[27.955081,-26.203275],[27.955832,-26.205133],[27.95174,-26.203652],[27.945361,-26.201294],[27.942566,-26.200211],[27.939715,-26.199136],[27.938885,-26.198882],[27.939186,-26.198058],[27.939097,-26.197871],[27.937037,-26.197612],[27.936283,-26.197395],[27.9366,-26.196762],[27.936003,-26.196511],[27.935962,-26.196186],[27.933926,-26.195158],[27.933921,-26.194766],[27.933318,-26.194584],[27.933432,-26.194447],[27.93285,-26.194189],[27.932925,-26.194058],[27.932312,-26.193728],[27.932363,-26.194031],[27.931521,-26.193813],[27.930957,-26.193583],[27.930835,-26.192991],[27.930572,-26.19298],[27.929596,-26.192603],[27.92973,-26.192324],[27.92877,-26.191981],[27.928748,-26.19207],[27.927366,-26.191458],[27.926887,-26.191047],[27.924437,-26.189771],[27.925602,-26.187779],[27.927927,-26.182997],[27.927666,-26.18219],[27.928455,-26.181856],[27.92992,-26.180903],[27.930474,-26.180669],[27.934776,-26.179602],[27.935393,-26.17942],[27.935408,-26.179921],[27.935664,-26.180184],[27.935389,-26.180341],[27.93523,-26.180786],[27.935008,-26.181991],[27.935103,-26.182596],[27.935044,-26.183677],[27.93518,-26.183744],[27.936367,-26.184852],[27.937277,-26.185112],[27.938753,-26.185029],[27.938839,-26.185102],[27.940185,-26.183657],[27.940758,-26.184058],[27.94529,-26.185638],[27.946322,-26.186031],[27.945717,-26.184604],[27.945432,-26.183433],[27.945366,-26.182817],[27.945361,-26.181834],[27.945421,-26.180909],[27.947576,-26.181691],[27.956233,-26.185793],[27.95738,-26.18621],[27.958626,-26.186409],[27.959384,-26.186409],[27.959562,-26.186635],[27.960992,-26.187643],[27.961084,-26.187541]]]}},{"type":"Feature","properties":{"id":"riverlea","name":"Riverlea","labelPriority":"secondary","selectionBasis":"named-sub-places","subPlaceCount":2},"geometry":{"type":"Polygon","coordinates":[[[27.955832,-26.205133],[27.956999,-26.205524],[27.957028,-26.205845],[27.95682,-26.20616],[27.957157,-26.207268],[27.963659,-26.208834],[27.964098,-26.207697],[27.964623,-26.207205],[27.965128,-26.207371],[27.965305,-26.207203],[27.965944,-26.207425],[27.965991,-26.207222],[27.966356,-26.207193],[27.96873,-26.208495],[27.969713,-26.208979],[27.969434,-26.209806],[27.971636,-26.210913],[27.971556,-26.21124],[27.97175,-26.21128],[27.9718,-26.211646],[27.971416,-26.213216],[27.971312,-26.213196],[27.970815,-26.215339],[27.96867,-26.214851],[27.966219,-26.216227],[27.967228,-26.217701],[27.980624,-26.220796],[27.980603,-26.220919],[27.982651,-26.221091],[27.983315,-26.221222],[27.984561,-26.219068],[27.984729,-26.218535],[27.986544,-26.218914],[27.987294,-26.218689],[27.987637,-26.218395],[27.988051,-26.218381],[27.988513,-26.218185],[27.988814,-26.217912],[27.989176,-26.217096],[27.989598,-26.216364],[27.990813,-26.213972],[27.991259,-26.212683],[27.991643,-26.21184],[27.992151,-26.211233],[27.992353,-26.210443],[27.990698,-26.210217],[27.987938,-26.20989],[27.986602,-26.2096],[27.985659,-26.209227],[27.983734,-26.208367],[27.981435,-26.207293],[27.98065,-26.207676],[27.979884,-26.20818],[27.978931,-26.207797],[27.974568,-26.20576],[27.969672,-26.203966],[27.969354,-26.203564],[27.966374,-26.202742],[27.966084,-26.202966],[27.965112,-26.204405],[27.963785,-26.204125],[27.958715,-26.202431],[27.959759,-26.200573],[27.956063,-26.19949],[27.955315,-26.200185],[27.954923,-26.200702],[27.954372,-26.201775],[27.955081,-26.203275],[27.955832,-26.205133]]]}},{"type":"Feature","properties":{"id":"westbury","name":"Westbury","labelPriority":"secondary","selectionBasis":"named-sub-places","subPlaceCount":1},"geometry":{"type":"Polygon","coordinates":[[[27.980878,-26.187406],[27.977234,-26.186012],[27.973336,-26.187525],[27.968264,-26.183057],[27.96725,-26.182539],[27.966056,-26.182286],[27.966084,-26.182074],[27.967284,-26.18082],[27.968413,-26.179818],[27.970913,-26.177205],[27.971231,-26.176708],[27.975548,-26.179194],[27.979938,-26.181741],[27.979906,-26.181902],[27.979242,-26.182921],[27.981876,-26.184875],[27.982011,-26.184822],[27.982487,-26.185369],[27.983589,-26.186183],[27.982483,-26.186705],[27.980878,-26.187406]]]}},{"type":"Feature","properties":{"id":"coronationville","name":"Coronationville","labelPriority":"secondary","selectionBasis":"named-sub-places","subPlaceCount":1},"geometry":{"type":"Polygon","coordinates":[[[27.980878,-26.187406],[27.982255,-26.18797],[27.981865,-26.189002],[27.980912,-26.191933],[27.979309,-26.196305],[27.97903,-26.196201],[27.977821,-26.197431],[27.975629,-26.19508],[27.973156,-26.192365],[27.971926,-26.191309],[27.969294,-26.189263],[27.969922,-26.189023],[27.970115,-26.188785],[27.973336,-26.187525],[27.977234,-26.186012],[27.980878,-26.187406]]]}},{"type":"Feature","properties":{"id":"tembisa","name":"Tembisa","labelPriority":"primary","selectionBasis":"named-sub-places","subPlaceCount":2},"geometry":{"type":"MultiPolygon","coordinates":[[[[28.226498,-26.006076],[28.228443,-26.008061],[28.230882,-26.010444],[28.233661,-26.013213],[28.234304,-26.012658],[28.234796,-26.013307],[28.235726,-26.012522],[28.232132,-26.008967],[28.231698,-26.0085],[28.229457,-26.006297],[28.227985,-26.004818],[28.226498,-26.006076]]],[[[28.246608,-26.004101],[28.246629,-26.007257],[28.246762,-26.007393],[28.246788,-26.008586],[28.246768,-26.010342],[28.247419,-26.013771],[28.247014,-26.014248],[28.247625,-26.015065],[28.249612,-26.014092],[28.249264,-26.012937],[28.248971,-26.011586],[28.248788,-26.009314],[28.24902,-26.00723],[28.25011,-26.00702],[28.24985,-26.00624],[28.24951,-26.00453],[28.248728,-26.004243],[28.248719,-26.003609],[28.248426,-26.003624],[28.247952,-26.003273],[28.247184,-26.002306],[28.246731,-26.002305],[28.246608,-26.004101]]]]}},{"type":"Feature","properties":{"id":"katlehong","name":"Katlehong","labelPriority":"primary","selectionBasis":"named-sub-places","subPlaceCount":2},"geometry":{"type":"MultiPolygon","coordinates":[[[[28.167478,-26.344353],[28.167596,-26.34586],[28.167496,-26.34602],[28.167523,-26.347299],[28.167651,-26.348742],[28.167792,-26.350813],[28.167796,-26.351496],[28.167983,-26.351696],[28.168038,-26.352347],[28.167942,-26.352388],[28.16806,-26.3544],[28.16817,-26.355629],[28.168289,-26.356189],[28.168314,-26.359],[28.17221,-26.35998],[28.171776,-26.354271],[28.171426,-26.350019],[28.171307,-26.348395],[28.172838,-26.348166],[28.173267,-26.345616],[28.171691,-26.34485],[28.171028,-26.344609],[28.170041,-26.344437],[28.167478,-26.344353]]],[[[28.175798,-26.375528],[28.176641,-26.376777],[28.177099,-26.377382],[28.178421,-26.379257],[28.179085,-26.380305],[28.179824,-26.381278],[28.180664,-26.382541],[28.181738,-26.382535],[28.185959,-26.382378],[28.193065,-26.382167],[28.19547,-26.382209],[28.196625,-26.382082],[28.197423,-26.381877],[28.197878,-26.382121],[28.197982,-26.382043],[28.198093,-26.381959],[28.197393,-26.381379],[28.195873,-26.380373],[28.19478,-26.379566],[28.192484,-26.378994],[28.190409,-26.378409],[28.185397,-26.377063],[28.18488,-26.376998],[28.182102,-26.376871],[28.178825,-26.376191],[28.175798,-26.375528]]]]}},{"type":"Feature","properties":{"id":"thokoza","name":"Thokoza","labelPriority":"primary","selectionBasis":"named-sub-places","subPlaceCount":6},"geometry":{"type":"MultiPolygon","coordinates":[[[[28.121285,-26.356806],[28.121626,-26.357654],[28.122444,-26.358546],[28.124,-26.359856],[28.125141,-26.360947],[28.125499,-26.361126],[28.126232,-26.360955],[28.126452,-26.360752],[28.127331,-26.360368],[28.128931,-26.360197],[28.133696,-26.359961],[28.133768,-26.360861],[28.135382,-26.3604],[28.135443,-26.360246],[28.135336,-26.359044],[28.137336,-26.359027],[28.1374,-26.358962],[28.1374,-26.356696],[28.137357,-26.355645],[28.135484,-26.354933],[28.132003,-26.353527],[28.131722,-26.354116],[28.130389,-26.353585],[28.128408,-26.352],[28.125657,-26.350565],[28.124836,-26.351857],[28.124243,-26.352666],[28.123542,-26.353447],[28.121285,-26.356806]]],[[[28.124894,-26.368862],[28.126916,-26.370364],[28.128512,-26.3715],[28.132208,-26.374216],[28.13384,-26.375396],[28.139369,-26.37947],[28.139857,-26.379277],[28.14133,-26.377888],[28.142127,-26.377211],[28.144639,-26.379695],[28.145299,-26.379104],[28.145036,-26.378438],[28.145054,-26.377149],[28.145448,-26.377053],[28.146141,-26.376168],[28.146421,-26.375554],[28.146211,-26.374353],[28.145869,-26.372863],[28.145808,-26.372284],[28.143195,-26.372127],[28.143344,-26.369786],[28.143601,-26.365141],[28.143778,-26.361701],[28.144119,-26.359914],[28.144158,-26.358897],[28.13947,-26.35893],[28.138769,-26.359012],[28.13838,-26.359225],[28.133808,-26.362672],[28.131885,-26.364096],[28.130422,-26.365243],[28.127633,-26.366877],[28.125746,-26.368037],[28.12538,-26.368312],[28.124894,-26.368862]]],[[[28.135969,-26.33998],[28.138773,-26.34149],[28.139824,-26.339161],[28.142077,-26.334464],[28.143987,-26.330331],[28.144009,-26.329785],[28.143683,-26.329127],[28.142852,-26.328234],[28.141845,-26.32862],[28.141347,-26.329554],[28.141127,-26.33048],[28.139761,-26.333428],[28.138512,-26.336068],[28.137865,-26.336784],[28.138036,-26.336888],[28.137495,-26.337669],[28.137154,-26.337999],[28.137088,-26.338272],[28.135969,-26.33998]]]]}},{"type":"Feature","properties":{"id":"vosloorus","name":"Vosloorus","labelPriority":"primary","selectionBasis":"named-sub-places","subPlaceCount":15},"geometry":{"type":"MultiPolygon","coordinates":[[[[28.167478,-26.344353],[28.170041,-26.344437],[28.171028,-26.344609],[28.171691,-26.34485],[28.173267,-26.345616],[28.174536,-26.34589],[28.17794,-26.345988],[28.179531,-26.345756],[28.183807,-26.345177],[28.193647,-26.343788],[28.197725,-26.343236],[28.201448,-26.342699],[28.200928,-26.339575],[28.201137,-26.339087],[28.201442,-26.338803],[28.203982,-26.340261],[28.205247,-26.340432],[28.205376,-26.339602],[28.204781,-26.336852],[28.206464,-26.336504],[28.209636,-26.335888],[28.210108,-26.335539],[28.210855,-26.335676],[28.211585,-26.335891],[28.212688,-26.335891],[28.21093,-26.334601],[28.207069,-26.331815],[28.204049,-26.329609],[28.202251,-26.328266],[28.197538,-26.32484],[28.195366,-26.323297],[28.194751,-26.323571],[28.1943,-26.323936],[28.193959,-26.324013],[28.189052,-26.325439],[28.188336,-26.325718],[28.185906,-26.326419],[28.184956,-26.325381],[28.183438,-26.326452],[28.182468,-26.326947],[28.180804,-26.327721],[28.179038,-26.328229],[28.178569,-26.32855],[28.17679,-26.329018],[28.174118,-26.329816],[28.174065,-26.329454],[28.174234,-26.328913],[28.174639,-26.328245],[28.174892,-26.327394],[28.175001,-26.326532],[28.174892,-26.325857],[28.174496,-26.325079],[28.174136,-26.324211],[28.17404,-26.323593],[28.173961,-26.322434],[28.173816,-26.321245],[28.173305,-26.31762],[28.173414,-26.317195],[28.173316,-26.316281],[28.173076,-26.315769],[28.172967,-26.314942],[28.172797,-26.314502],[28.170668,-26.314487],[28.170081,-26.31452],[28.168641,-26.314721],[28.166617,-26.315505],[28.166074,-26.315597],[28.166556,-26.317209],[28.165995,-26.317337],[28.165494,-26.317586],[28.165094,-26.31753],[28.164961,-26.316956],[28.164487,-26.31634],[28.163336,-26.315647],[28.163816,-26.317753],[28.163941,-26.31876],[28.163874,-26.320135],[28.16372,-26.320744],[28.164947,-26.320831],[28.165503,-26.3227],[28.165503,-26.323528],[28.165301,-26.324107],[28.16498,-26.324564],[28.163691,-26.324291],[28.162729,-26.326707],[28.163432,-26.326936],[28.163061,-26.327923],[28.163622,-26.328165],[28.163374,-26.3288],[28.163882,-26.328979],[28.163589,-26.329749],[28.164196,-26.330005],[28.164749,-26.330112],[28.164802,-26.332969],[28.164846,-26.336571],[28.164857,-26.340479],[28.162503,-26.344202],[28.167478,-26.344353]]],[[[28.175798,-26.375528],[28.178825,-26.376191],[28.182102,-26.376871],[28.18488,-26.376998],[28.185397,-26.377063],[28.190409,-26.378409],[28.192484,-26.378994],[28.19478,-26.379566],[28.195873,-26.380373],[28.197393,-26.381379],[28.198093,-26.381959],[28.197982,-26.382043],[28.198462,-26.38235],[28.200282,-26.383753],[28.201008,-26.3843],[28.201175,-26.384626],[28.203149,-26.38602],[28.204095,-26.386762],[28.20526,-26.3876],[28.20562,-26.387101],[28.2058,-26.386594],[28.206207,-26.386272],[28.206482,-26.385897],[28.206624,-26.385231],[28.207353,-26.384237],[28.20738,-26.383514],[28.207577,-26.383124],[28.207201,-26.382698],[28.206512,-26.382259],[28.206813,-26.381859],[28.207076,-26.381783],[28.207815,-26.380857],[28.209042,-26.380293],[28.209944,-26.379767],[28.21047,-26.379353],[28.211034,-26.37874],[28.21171,-26.378251],[28.212866,-26.377658],[28.214018,-26.377141],[28.214085,-26.375939],[28.214469,-26.375288],[28.215003,-26.374871],[28.216088,-26.374287],[28.216905,-26.373953],[28.217723,-26.373853],[28.218223,-26.373132],[28.220104,-26.373325],[28.220985,-26.372973],[28.221237,-26.373275],[28.221749,-26.373418],[28.223168,-26.373334],[28.225032,-26.372813],[28.226182,-26.372788],[28.227652,-26.372855],[28.228063,-26.372016],[28.22876,-26.370983],[28.22907,-26.370941],[28.229373,-26.371101],[28.22996,-26.371134],[28.230296,-26.370034],[28.230523,-26.368943],[28.230901,-26.368364],[28.231237,-26.36833],[28.231404,-26.368112],[28.231463,-26.367398],[28.231572,-26.367096],[28.231908,-26.366978],[28.232261,-26.366391],[28.232228,-26.366107],[28.232721,-26.364838],[28.233336,-26.364574],[28.233555,-26.363357],[28.233716,-26.363265],[28.233739,-26.362524],[28.235315,-26.362193],[28.231747,-26.356573],[28.229738,-26.353381],[28.228279,-26.354084],[28.227607,-26.354237],[28.226193,-26.354306],[28.225764,-26.354423],[28.223635,-26.355778],[28.223005,-26.356578],[28.222222,-26.358929],[28.221577,-26.360072],[28.220864,-26.359731],[28.220638,-26.359471],[28.220441,-26.358654],[28.220131,-26.358475],[28.21896,-26.358271],[28.21878,-26.358557],[28.217676,-26.358754],[28.217176,-26.358647],[28.214388,-26.358877],[28.212939,-26.35875],[28.212873,-26.359285],[28.210215,-26.359058],[28.209984,-26.361254],[28.208257,-26.361102],[28.208245,-26.362756],[28.20762,-26.362608],[28.207506,-26.363359],[28.206465,-26.366704],[28.204279,-26.36622],[28.202735,-26.365827],[28.20188,-26.365531],[28.197345,-26.36441],[28.196468,-26.364179],[28.197216,-26.362084],[28.197492,-26.361222],[28.197604,-26.360649],[28.194615,-26.359866],[28.193164,-26.358619],[28.191843,-26.359614],[28.18926,-26.361628],[28.1882,-26.362377],[28.186444,-26.362293],[28.184497,-26.362239],[28.184278,-26.36758],[28.184158,-26.369923],[28.184155,-26.371791],[28.177251,-26.366763],[28.174196,-26.364572],[28.174041,-26.365063],[28.172506,-26.370709],[28.174047,-26.373024],[28.175798,-26.375528]]]]}},{"type":"Feature","properties":{"id":"daveyton","name":"Daveyton","labelPriority":"primary","selectionBasis":"named-sub-places","subPlaceCount":8},"geometry":{"type":"Polygon","coordinates":[[[28.452895,-26.131539],[28.44827,-26.125528],[28.446784,-26.123461],[28.445398,-26.1216],[28.445093,-26.121296],[28.444874,-26.121448],[28.443545,-26.122086],[28.442855,-26.122654],[28.442494,-26.122789],[28.442323,-26.122512],[28.44062,-26.123312],[28.44064,-26.123502],[28.440163,-26.123641],[28.437213,-26.125103],[28.436177,-26.125588],[28.433971,-26.126682],[28.429998,-26.128681],[28.428759,-26.129329],[28.428665,-26.129251],[28.426479,-26.130335],[28.426437,-26.130419],[28.425142,-26.13107],[28.419904,-26.13366],[28.41817,-26.134496],[28.416868,-26.135181],[28.415322,-26.135928],[28.415241,-26.136105],[28.413641,-26.136876],[28.411951,-26.137782],[28.410913,-26.138243],[28.409242,-26.139078],[28.408107,-26.139518],[28.404687,-26.141245],[28.400275,-26.143439],[28.399038,-26.142325],[28.395897,-26.139618],[28.393958,-26.137903],[28.393055,-26.137146],[28.391605,-26.138773],[28.392625,-26.14043],[28.395245,-26.144765],[28.396592,-26.147617],[28.396844,-26.148753],[28.396918,-26.149784],[28.397023,-26.15433],[28.397296,-26.15961],[28.397496,-26.162892],[28.397508,-26.166535],[28.401656,-26.165926],[28.403333,-26.165601],[28.404971,-26.165152],[28.405525,-26.164952],[28.412558,-26.161922],[28.417255,-26.15992],[28.420698,-26.158472],[28.421552,-26.15816],[28.424631,-26.157385],[28.42518,-26.157278],[28.424634,-26.156854],[28.424938,-26.156676],[28.424822,-26.156519],[28.425611,-26.155992],[28.426706,-26.155161],[28.4278,-26.154098],[28.429315,-26.152204],[28.429694,-26.151573],[28.427884,-26.151405],[28.428686,-26.150382],[28.428747,-26.150224],[28.430621,-26.147939],[28.430807,-26.147459],[28.43157,-26.145066],[28.431438,-26.144854],[28.432093,-26.14294],[28.434027,-26.143466],[28.434441,-26.14221],[28.435008,-26.140931],[28.4352,-26.14032],[28.435668,-26.138394],[28.435537,-26.138278],[28.435832,-26.137732],[28.434149,-26.137196],[28.434844,-26.135057],[28.43594,-26.134499],[28.436483,-26.1335],[28.437243,-26.13191],[28.437303,-26.131544],[28.43765,-26.130833],[28.442831,-26.128291],[28.44247,-26.130476],[28.44197,-26.133166],[28.445696,-26.1326],[28.452895,-26.131539]]]}},{"type":"Feature","properties":{"id":"wattville","name":"Wattville","labelPriority":"primary","selectionBasis":"named-sub-places","subPlaceCount":1},"geometry":{"type":"Polygon","coordinates":[[[28.295955,-26.215775],[28.300824,-26.220098],[28.301429,-26.220529],[28.302208,-26.22083],[28.302965,-26.22095],[28.303621,-26.220939],[28.304447,-26.220696],[28.304972,-26.220413],[28.307236,-26.218848],[28.308189,-26.218359],[28.309276,-26.218204],[28.309906,-26.218287],[28.310947,-26.218643],[28.312614,-26.219282],[28.312118,-26.22015],[28.311257,-26.220233],[28.311286,-26.220368],[28.3101,-26.220429],[28.310856,-26.221412],[28.310581,-26.221595],[28.310766,-26.222126],[28.309938,-26.223422],[28.312793,-26.22346],[28.313109,-26.224283],[28.313003,-26.224873],[28.312383,-26.225029],[28.311923,-26.224869],[28.311626,-26.225839],[28.312163,-26.226053],[28.311873,-26.226972],[28.311556,-26.226869],[28.311473,-26.227346],[28.31069,-26.227059],[28.310247,-26.226782],[28.309485,-26.226656],[28.308429,-26.228266],[28.308349,-26.228289],[28.307792,-26.229495],[28.307726,-26.22982],[28.304298,-26.229653],[28.300887,-26.229558],[28.298576,-26.229465],[28.297906,-26.229905],[28.297725,-26.229702],[28.297892,-26.229298],[28.298346,-26.226933],[28.297059,-26.227102],[28.29672,-26.227285],[28.293337,-26.219497],[28.291938,-26.219301],[28.291739,-26.219399],[28.290616,-26.216871],[28.289261,-26.213755],[28.288743,-26.212513],[28.288711,-26.21219],[28.288892,-26.211654],[28.289453,-26.211161],[28.289931,-26.211035],[28.290464,-26.211071],[28.290815,-26.211216],[28.2917,-26.211755],[28.294381,-26.214152],[28.293018,-26.214882],[28.293137,-26.215023],[28.29375,-26.214704],[28.295162,-26.215298],[28.295749,-26.215787],[28.295955,-26.215775]]]}},{"type":"Feature","properties":{"id":"duduza","name":"Duduza","labelPriority":"primary","selectionBasis":"named-sub-places","subPlaceCount":2},"geometry":{"type":"MultiPolygon","coordinates":[[[[28.19754,-25.97459],[28.19907,-25.97533],[28.20109,-25.975679],[28.201811,-25.976009],[28.202959,-25.976339],[28.205299,-25.97686],[28.206579,-25.97732],[28.209141,-25.978519],[28.210381,-25.978861],[28.211521,-25.978918],[28.211835,-25.978898],[28.211621,-25.977568],[28.211582,-25.976683],[28.211659,-25.975583],[28.211835,-25.974696],[28.212194,-25.973638],[28.211262,-25.973284],[28.210917,-25.972874],[28.210218,-25.972349],[28.210026,-25.971504],[28.209724,-25.969643],[28.209652,-25.968782],[28.20947,-25.967713],[28.208133,-25.967168],[28.206264,-25.966322],[28.205222,-25.965562],[28.204321,-25.965256],[28.202484,-25.964358],[28.20193,-25.964147],[28.200569,-25.963466],[28.200126,-25.963329],[28.199436,-25.962828],[28.199455,-25.966071],[28.197611,-25.968804],[28.197567,-25.969867],[28.197324,-25.971613],[28.196811,-25.973306],[28.196411,-25.974249],[28.19754,-25.97459]]],[[[28.393914,-26.373482],[28.394013,-26.374218],[28.394199,-26.374751],[28.394313,-26.375483],[28.394541,-26.376364],[28.396214,-26.376173],[28.39637,-26.377084],[28.398523,-26.378625],[28.3989,-26.378139],[28.400705,-26.379357],[28.400286,-26.379777],[28.400494,-26.37989],[28.403714,-26.38212],[28.406432,-26.384158],[28.406972,-26.384488],[28.407213,-26.385008],[28.407859,-26.385797],[28.408819,-26.384944],[28.413501,-26.38095],[28.418064,-26.377032],[28.418214,-26.375013],[28.41817,-26.374836],[28.415525,-26.371381],[28.41487,-26.370555],[28.411753,-26.366487],[28.41756,-26.362906],[28.414898,-26.358121],[28.413459,-26.355423],[28.413081,-26.354037],[28.413027,-26.353354],[28.411893,-26.353912],[28.411415,-26.354283],[28.408254,-26.360206],[28.407633,-26.361677],[28.407455,-26.361886],[28.397816,-26.370152],[28.397483,-26.370411],[28.394513,-26.37301],[28.393914,-26.373482]]]]}},{"type":"Feature","properties":{"id":"tsakane","name":"Tsakane","labelPriority":"primary","selectionBasis":"named-sub-places","subPlaceCount":14},"geometry":{"type":"MultiPolygon","coordinates":[[[[27.800841,-26.163192],[27.800038,-26.160528],[27.79787,-26.158734],[27.796137,-26.15735],[27.794567,-26.158862],[27.794253,-26.15923],[27.794046,-26.160049],[27.793729,-26.163681],[27.793669,-26.164085],[27.797481,-26.164341],[27.797723,-26.164233],[27.797777,-26.163401],[27.79952,-26.163505],[27.800841,-26.163192]]],[[[28.393914,-26.373482],[28.394513,-26.37301],[28.397483,-26.370411],[28.397816,-26.370152],[28.407455,-26.361886],[28.407633,-26.361677],[28.406789,-26.361348],[28.40677,-26.361433],[28.405134,-26.360811],[28.405212,-26.360413],[28.402201,-26.359245],[28.400306,-26.35857],[28.399224,-26.358113],[28.391832,-26.355283],[28.394419,-26.350356],[28.394659,-26.349193],[28.393212,-26.346508],[28.392732,-26.345571],[28.392379,-26.345691],[28.390226,-26.341348],[28.389566,-26.340148],[28.388816,-26.340223],[28.387684,-26.337719],[28.386303,-26.338485],[28.381593,-26.336838],[28.376221,-26.334761],[28.372938,-26.333519],[28.372414,-26.335582],[28.370725,-26.342223],[28.369633,-26.346579],[28.36581,-26.348865],[28.364998,-26.34903],[28.363855,-26.349157],[28.362623,-26.34936],[28.358203,-26.350833],[28.354038,-26.352243],[28.351183,-26.353264],[28.351058,-26.356005],[28.351058,-26.358103],[28.350965,-26.359129],[28.350832,-26.361763],[28.350859,-26.365338],[28.350832,-26.366562],[28.350706,-26.366642],[28.350736,-26.367323],[28.350528,-26.36778],[28.350051,-26.368071],[28.348761,-26.369369],[28.347947,-26.370308],[28.3452,-26.372989],[28.342959,-26.37575],[28.345373,-26.376399],[28.345888,-26.376648],[28.346246,-26.37696],[28.346734,-26.376975],[28.347129,-26.376845],[28.349606,-26.377515],[28.350411,-26.377998],[28.350634,-26.377723],[28.351376,-26.377926],[28.351652,-26.378112],[28.352913,-26.378357],[28.353251,-26.378502],[28.354985,-26.378928],[28.355531,-26.379021],[28.355448,-26.379172],[28.356839,-26.379457],[28.358008,-26.379811],[28.359908,-26.380278],[28.35971,-26.380911],[28.362533,-26.381459],[28.362515,-26.381138],[28.362696,-26.380899],[28.362517,-26.380495],[28.363264,-26.380074],[28.36363,-26.379615],[28.363874,-26.379524],[28.364328,-26.379039],[28.3648,-26.378364],[28.365483,-26.378204],[28.365817,-26.378315],[28.366411,-26.378149],[28.367007,-26.377822],[28.367109,-26.378523],[28.367325,-26.379299],[28.367756,-26.380485],[28.367724,-26.381077],[28.368214,-26.381406],[28.368414,-26.381385],[28.369405,-26.381622],[28.369341,-26.382026],[28.370354,-26.384138],[28.370796,-26.384898],[28.371825,-26.384516],[28.372601,-26.386251],[28.372332,-26.386639],[28.371809,-26.386801],[28.372035,-26.387415],[28.372633,-26.388342],[28.373291,-26.389485],[28.372676,-26.389899],[28.373555,-26.39066],[28.374589,-26.38978],[28.379515,-26.385698],[28.38314,-26.38259],[28.384095,-26.381798],[28.388271,-26.378199],[28.390915,-26.375848],[28.393914,-26.373482]]],[[[28.371275,-25.715904],[28.371214,-25.715738],[28.369799,-25.7148],[28.368975,-25.714336],[28.368284,-25.713863],[28.367952,-25.713484],[28.367872,-25.713102],[28.367392,-25.712906],[28.366846,-25.713549],[28.36656,-25.714039],[28.365416,-25.715275],[28.36429,-25.716022],[28.362974,-25.716475],[28.361956,-25.717035],[28.361635,-25.717028],[28.3613,-25.717241],[28.360537,-25.717438],[28.359739,-25.717726],[28.359255,-25.717758],[28.358664,-25.717323],[28.357771,-25.717373],[28.356981,-25.718447],[28.361143,-25.719694],[28.361734,-25.719818],[28.362574,-25.719837],[28.363817,-25.719507],[28.368204,-25.717365],[28.369158,-25.716944],[28.371275,-25.715904]]]]}},{"type":"Feature","properties":{"id":"etwatwa","name":"Etwatwa","labelPriority":"primary","selectionBasis":"named-sub-places","subPlaceCount":26},"geometry":{"type":"Polygon","coordinates":[[[28.445398,-26.1216],[28.446784,-26.123461],[28.44827,-26.125528],[28.452895,-26.131539],[28.455376,-26.134822],[28.456784,-26.136741],[28.4588,-26.135888],[28.460038,-26.1356],[28.461533,-26.135417],[28.462715,-26.135436],[28.46407,-26.135513],[28.465226,-26.135532],[28.468203,-26.135647],[28.46996,-26.135577],[28.471474,-26.135308],[28.475272,-26.134287],[28.477356,-26.133751],[28.480471,-26.132885],[28.481479,-26.13258],[28.482425,-26.132185],[28.483495,-26.131636],[28.484198,-26.131152],[28.489715,-26.12681],[28.490303,-26.12638],[28.489373,-26.122722],[28.488071,-26.11769],[28.487893,-26.116352],[28.487883,-26.11561],[28.487992,-26.114421],[28.488259,-26.113421],[28.489795,-26.108825],[28.491228,-26.104681],[28.492197,-26.1018],[28.49394,-26.096497],[28.494321,-26.095521],[28.494817,-26.094613],[28.495432,-26.09377],[28.496278,-26.092839],[28.494869,-26.091455],[28.494579,-26.091083],[28.49314,-26.090731],[28.491469,-26.09026],[28.49011,-26.089972],[28.489567,-26.090843],[28.489055,-26.091466],[28.488,-26.092402],[28.486369,-26.093353],[28.482334,-26.095327],[28.483146,-26.098503],[28.48391,-26.100807],[28.481396,-26.101152],[28.478757,-26.101744],[28.477024,-26.102207],[28.4756,-26.102521],[28.472583,-26.10337],[28.471064,-26.103742],[28.470717,-26.103243],[28.470775,-26.103009],[28.469736,-26.102514],[28.469031,-26.103595],[28.468625,-26.10442],[28.468439,-26.10521],[28.465858,-26.105428],[28.465758,-26.104943],[28.465034,-26.104008],[28.463877,-26.103108],[28.462275,-26.101781],[28.459926,-26.099929],[28.457811,-26.098205],[28.4559,-26.09668],[28.45576,-26.096277],[28.454813,-26.095558],[28.452659,-26.093839],[28.451426,-26.094594],[28.443806,-26.097998],[28.443814,-26.098233],[28.442628,-26.098789],[28.438527,-26.100603],[28.437591,-26.100984],[28.436304,-26.101603],[28.43475,-26.102409],[28.434305,-26.102805],[28.433371,-26.103106],[28.433942,-26.103837],[28.434371,-26.104165],[28.435357,-26.104717],[28.43606,-26.105204],[28.436622,-26.105768],[28.437812,-26.106175],[28.43815,-26.106545],[28.438676,-26.106787],[28.439537,-26.107468],[28.440156,-26.107752],[28.441314,-26.107119],[28.44171,-26.107874],[28.44241,-26.108616],[28.441681,-26.109177],[28.441498,-26.110025],[28.441752,-26.110222],[28.441649,-26.110486],[28.441062,-26.111286],[28.441614,-26.111896],[28.445938,-26.115569],[28.448921,-26.118639],[28.449015,-26.118806],[28.44857,-26.119],[28.447622,-26.119735],[28.447267,-26.12029],[28.447397,-26.120445],[28.44689,-26.120563],[28.445998,-26.121016],[28.445398,-26.1216]]]}},{"type":"Feature","properties":{"id":"zonkizizwe","name":"Zonkizizwe","labelPriority":"primary","selectionBasis":"named-sub-places","subPlaceCount":1},"geometry":{"type":"Polygon","coordinates":[[[28.20526,-26.3876],[28.204711,-26.388169],[28.204262,-26.388428],[28.202989,-26.389706],[28.202746,-26.389532],[28.202424,-26.389838],[28.201494,-26.390964],[28.201145,-26.390789],[28.200284,-26.390134],[28.199829,-26.392121],[28.199512,-26.391941],[28.198667,-26.39174],[28.198172,-26.393985],[28.197988,-26.394378],[28.196407,-26.396676],[28.194922,-26.397846],[28.19466,-26.398213],[28.194232,-26.399619],[28.193935,-26.400073],[28.193112,-26.400917],[28.193935,-26.402366],[28.193185,-26.404148],[28.192809,-26.405309],[28.192203,-26.406197],[28.191864,-26.406074],[28.191475,-26.407055],[28.191706,-26.407142],[28.191619,-26.407402],[28.190465,-26.407178],[28.190155,-26.408426],[28.191035,-26.409544],[28.191215,-26.409472],[28.192545,-26.411003],[28.187587,-26.415022],[28.186097,-26.416296],[28.18362,-26.418329],[28.18289,-26.418888],[28.183014,-26.419235],[28.176289,-26.42482],[28.173442,-26.423965],[28.169893,-26.422804],[28.170107,-26.422429],[28.170211,-26.421845],[28.170056,-26.421512],[28.170512,-26.420291],[28.170649,-26.420142],[28.170684,-26.419443],[28.17111,-26.418204],[28.171173,-26.417856],[28.171643,-26.417395],[28.172,-26.416906],[28.17211,-26.416177],[28.17204,-26.415617],[28.172254,-26.414736],[28.172441,-26.413522],[28.172356,-26.413371],[28.17246,-26.412584],[28.173109,-26.412656],[28.173562,-26.409501],[28.173713,-26.40699],[28.173857,-26.406464],[28.174427,-26.404905],[28.174371,-26.4019],[28.171315,-26.401809],[28.171361,-26.399209],[28.173459,-26.38995],[28.17361,-26.389041],[28.17507,-26.388909],[28.177725,-26.388876],[28.181276,-26.388925],[28.182975,-26.388978],[28.184553,-26.390105],[28.185751,-26.390823],[28.186422,-26.391155],[28.187627,-26.392755],[28.18893,-26.391595],[28.190788,-26.390317],[28.191928,-26.389611],[28.1924,-26.389196],[28.193151,-26.388737],[28.193624,-26.388195],[28.194266,-26.387924],[28.194939,-26.387514],[28.196685,-26.38634],[28.19713,-26.386001],[28.197349,-26.385693],[28.198348,-26.385034],[28.198867,-26.384541],[28.199751,-26.384149],[28.200282,-26.383753],[28.201008,-26.3843],[28.201175,-26.384626],[28.203149,-26.38602],[28.204095,-26.386762],[28.20526,-26.3876]]]}},{"type":"Feature","properties":{"id":"langaville","name":"Langaville","labelPriority":"primary","selectionBasis":"named-sub-places","subPlaceCount":9},"geometry":{"type":"Polygon","coordinates":[[[28.372938,-26.333519],[28.376221,-26.334761],[28.381593,-26.336838],[28.386303,-26.338485],[28.387684,-26.337719],[28.388816,-26.340223],[28.389566,-26.340148],[28.390226,-26.341348],[28.392379,-26.345691],[28.392732,-26.345571],[28.393212,-26.346508],[28.394659,-26.349193],[28.394419,-26.350356],[28.391832,-26.355283],[28.399224,-26.358113],[28.39875,-26.35649],[28.398362,-26.356433],[28.397903,-26.356203],[28.397443,-26.354165],[28.397013,-26.352858],[28.397872,-26.351812],[28.401313,-26.34728],[28.401779,-26.346365],[28.402626,-26.345167],[28.403289,-26.344396],[28.404358,-26.344663],[28.403744,-26.345137],[28.404281,-26.345667],[28.40454,-26.345465],[28.40654,-26.347463],[28.406296,-26.348287],[28.406738,-26.349783],[28.406196,-26.350271],[28.405571,-26.351545],[28.405533,-26.351767],[28.406456,-26.352179],[28.40757,-26.350096],[28.408226,-26.350279],[28.409317,-26.350096],[28.409973,-26.34963],[28.409874,-26.3495],[28.412812,-26.347112],[28.413895,-26.348203],[28.414498,-26.347669],[28.414155,-26.347299],[28.411715,-26.344865],[28.413006,-26.343783],[28.410593,-26.34134],[28.409265,-26.342435],[28.407661,-26.340857],[28.405807,-26.33946],[28.402754,-26.337114],[28.402495,-26.336519],[28.402538,-26.336208],[28.403496,-26.332578],[28.403815,-26.331232],[28.404465,-26.328789],[28.406072,-26.327927],[28.408204,-26.326728],[28.409027,-26.326321],[28.411322,-26.325067],[28.408808,-26.32396],[28.406933,-26.323097],[28.406002,-26.322589],[28.404995,-26.321931],[28.400421,-26.318477],[28.400077,-26.318691],[28.398885,-26.318826],[28.39816,-26.318802],[28.397889,-26.318998],[28.396611,-26.319465],[28.395075,-26.319896],[28.394313,-26.320018],[28.393908,-26.320215],[28.393453,-26.320166],[28.392851,-26.320252],[28.392077,-26.320571],[28.390971,-26.320719],[28.389779,-26.320498],[28.387571,-26.319918],[28.388653,-26.314495],[28.388865,-26.31367],[28.389529,-26.312447],[28.390666,-26.311117],[28.388488,-26.309441],[28.383775,-26.305927],[28.383221,-26.305465],[28.381448,-26.304167],[28.380549,-26.303813],[28.379744,-26.306875],[28.376243,-26.320533],[28.375183,-26.324763],[28.374075,-26.329122],[28.372938,-26.333519]]]}},{"type":"Feature","properties":{"id":"actonville","name":"Actonville","labelPriority":"primary","selectionBasis":"named-sub-places","subPlaceCount":2},"geometry":{"type":"Polygon","coordinates":[[[28.294381,-26.214152],[28.296091,-26.215638],[28.295955,-26.215775],[28.300824,-26.220098],[28.301429,-26.220529],[28.302208,-26.22083],[28.302965,-26.22095],[28.303621,-26.220939],[28.304447,-26.220696],[28.304972,-26.220413],[28.307236,-26.218848],[28.308189,-26.218359],[28.309276,-26.218204],[28.309906,-26.218287],[28.310947,-26.218643],[28.311254,-26.217923],[28.311994,-26.217865],[28.311951,-26.217243],[28.312519,-26.217049],[28.31221,-26.216332],[28.310739,-26.214168],[28.30928,-26.211948],[28.312712,-26.210155],[28.313782,-26.20948],[28.314617,-26.207874],[28.307203,-26.2082],[28.305348,-26.208338],[28.304968,-26.208485],[28.303924,-26.209072],[28.300662,-26.210806],[28.298081,-26.21223],[28.294381,-26.214152]]]}},{"type":"Feature","properties":{"id":"reiger-park","name":"Reiger Park","labelPriority":"primary","selectionBasis":"named-sub-places","subPlaceCount":2},"geometry":{"type":"Polygon","coordinates":[[[28.225695,-26.227399],[28.225505,-26.227488],[28.224267,-26.227482],[28.224141,-26.22754],[28.222858,-26.227498],[28.222433,-26.2276],[28.221891,-26.227299],[28.219148,-26.229197],[28.218645,-26.229643],[28.217612,-26.229375],[28.213556,-26.22824],[28.212245,-26.227918],[28.212295,-26.224274],[28.212335,-26.222616],[28.210605,-26.221],[28.20937,-26.220017],[28.208988,-26.219664],[28.207701,-26.220765],[28.206568,-26.221972],[28.205996,-26.222479],[28.205466,-26.223288],[28.204927,-26.224399],[28.204502,-26.225839],[28.204448,-26.226265],[28.204217,-26.22662],[28.203898,-26.226833],[28.203294,-26.228093],[28.203236,-26.228106],[28.202912,-26.230398],[28.203238,-26.23084],[28.203273,-26.231201],[28.203052,-26.231701],[28.202726,-26.232015],[28.202761,-26.232399],[28.202552,-26.232864],[28.202621,-26.233178],[28.202493,-26.233469],[28.202749,-26.233829],[28.202899,-26.234828],[28.20311,-26.235088],[28.203497,-26.234943],[28.203924,-26.235139],[28.204491,-26.235692],[28.20506,-26.235951],[28.205183,-26.236213],[28.204477,-26.237066],[28.204228,-26.237618],[28.203904,-26.237735],[28.203923,-26.238169],[28.203753,-26.238869],[28.204152,-26.238813],[28.205385,-26.239121],[28.205747,-26.239583],[28.205886,-26.240271],[28.205862,-26.240604],[28.206005,-26.241269],[28.20613,-26.241394],[28.211952,-26.241519],[28.212048,-26.236225],[28.212083,-26.23507],[28.21651,-26.23523],[28.221296,-26.235441],[28.226081,-26.235594],[28.226263,-26.235528],[28.227718,-26.235586],[28.227863,-26.235695],[28.22862,-26.235659],[28.233333,-26.235859],[28.233741,-26.235927],[28.233765,-26.235556],[28.235437,-26.235624],[28.235178,-26.235158],[28.23509,-26.234289],[28.235753,-26.232602],[28.236448,-26.231489],[28.237155,-26.230025],[28.236899,-26.22984],[28.237552,-26.228692],[28.236784,-26.228291],[28.236882,-26.227466],[28.230381,-26.224935],[28.230144,-26.225409],[28.229329,-26.226475],[28.228769,-26.227319],[28.228259,-26.227465],[28.227447,-26.227353],[28.227038,-26.227445],[28.225695,-26.227399]]]}},{"type":"Feature","properties":{"id":"clayville","name":"Clayville","labelPriority":"primary","selectionBasis":"named-sub-places","subPlaceCount":2},"geometry":{"type":"Polygon","coordinates":[[[28.199356,-25.956998],[28.200065,-25.957088],[28.202626,-25.957726],[28.204648,-25.958487],[28.206428,-25.959413],[28.207642,-25.960184],[28.211101,-25.962575],[28.213761,-25.964383],[28.215516,-25.965618],[28.224624,-25.971864],[28.227487,-25.973792],[28.228521,-25.974357],[28.230005,-25.974994],[28.230957,-25.975319],[28.232206,-25.975644],[28.23333,-25.975849],[28.234661,-25.975971],[28.23578,-25.976003],[28.237503,-25.975928],[28.239553,-25.97564],[28.240897,-25.975217],[28.242297,-25.974668],[28.243978,-25.973883],[28.244523,-25.973694],[28.24406,-25.971765],[28.244032,-25.971285],[28.244063,-25.968308],[28.244126,-25.966795],[28.244194,-25.962321],[28.244247,-25.960777],[28.244244,-25.959328],[28.244319,-25.956334],[28.244372,-25.953282],[28.244277,-25.951404],[28.24011,-25.951334],[28.239082,-25.952449],[28.238592,-25.952734],[28.23815,-25.952843],[28.235925,-25.952979],[28.234796,-25.951888],[28.233307,-25.951613],[28.233657,-25.94978],[28.233761,-25.948407],[28.233837,-25.942799],[28.233791,-25.940078],[28.233803,-25.934477],[28.233772,-25.933659],[28.233609,-25.932358],[28.233378,-25.931263],[28.229957,-25.932786],[28.223694,-25.935865],[28.221984,-25.932826],[28.220628,-25.930377],[28.220333,-25.93147],[28.220522,-25.931877],[28.219905,-25.932805],[28.218455,-25.933898],[28.217888,-25.934662],[28.21714,-25.934609],[28.216506,-25.934356],[28.215893,-25.933879],[28.215427,-25.933085],[28.214835,-25.9332],[28.21426,-25.933512],[28.213219,-25.93377],[28.212743,-25.933951],[28.211653,-25.934668],[28.210957,-25.935582],[28.21083,-25.935928],[28.210526,-25.936055],[28.209425,-25.936244],[28.208697,-25.936651],[28.208496,-25.937509],[28.208628,-25.93785],[28.20834,-25.938306],[28.207855,-25.939695],[28.207424,-25.940472],[28.207007,-25.940998],[28.204969,-25.941867],[28.203367,-25.942608],[28.20225,-25.945637],[28.201485,-25.948172],[28.200803,-25.95063],[28.199407,-25.955529],[28.199356,-25.956998]]]}},{"type":"Feature","properties":{"id":"primrose","name":"Primrose","labelPriority":"secondary","selectionBasis":"named-sub-places","subPlaceCount":2},"geometry":{"type":"Polygon","coordinates":[[[28.136162,-26.195471],[28.13636,-26.197315],[28.136488,-26.197435],[28.137597,-26.197626],[28.137957,-26.197548],[28.138219,-26.199683],[28.142204,-26.199294],[28.143238,-26.198666],[28.143982,-26.199963],[28.145245,-26.199443],[28.145792,-26.20048],[28.146585,-26.200282],[28.147084,-26.200058],[28.151601,-26.197137],[28.1532,-26.196198],[28.153907,-26.195885],[28.155541,-26.195457],[28.157731,-26.194923],[28.15838,-26.194599],[28.159388,-26.193718],[28.160025,-26.193417],[28.160999,-26.193162],[28.163791,-26.192339],[28.165692,-26.191563],[28.167187,-26.190729],[28.169161,-26.189322],[28.169591,-26.188937],[28.170183,-26.188219],[28.170442,-26.187685],[28.170918,-26.186203],[28.171275,-26.185525],[28.172142,-26.184531],[28.17251,-26.184842],[28.173888,-26.184715],[28.17402,-26.185186],[28.17525,-26.18537],[28.178639,-26.186031],[28.178817,-26.186013],[28.179794,-26.186387],[28.179949,-26.18653],[28.180954,-26.186887],[28.181207,-26.186915],[28.181195,-26.188018],[28.181683,-26.18799],[28.186267,-26.188231],[28.186457,-26.188271],[28.185693,-26.189368],[28.185929,-26.189483],[28.187181,-26.189466],[28.188387,-26.189535],[28.188528,-26.188274],[28.188486,-26.187364],[28.188044,-26.187347],[28.188056,-26.186597],[28.18785,-26.184782],[28.187719,-26.183952],[28.187231,-26.181672],[28.187272,-26.181505],[28.188176,-26.179414],[28.188127,-26.178827],[28.189776,-26.178495],[28.189192,-26.176834],[28.185368,-26.177769],[28.185317,-26.177531],[28.181178,-26.178535],[28.178356,-26.179199],[28.178088,-26.177986],[28.176851,-26.178288],[28.17721,-26.179766],[28.175805,-26.180106],[28.175655,-26.178962],[28.175408,-26.177883],[28.175472,-26.177566],[28.174983,-26.175246],[28.174557,-26.173437],[28.172056,-26.174046],[28.173273,-26.179498],[28.173427,-26.179777],[28.173617,-26.180642],[28.172099,-26.180992],[28.171469,-26.181193],[28.170623,-26.181359],[28.169371,-26.181699],[28.168397,-26.181847],[28.165482,-26.182581],[28.165353,-26.182274],[28.161606,-26.1832],[28.161142,-26.183635],[28.16048,-26.184066],[28.157088,-26.185331],[28.153935,-26.186486],[28.15058,-26.187799],[28.150499,-26.187708],[28.145884,-26.189433],[28.145464,-26.188524],[28.144457,-26.188889],[28.144894,-26.189844],[28.144376,-26.189897],[28.142644,-26.190528],[28.141453,-26.189939],[28.138157,-26.191872],[28.138849,-26.192053],[28.137553,-26.192534],[28.137882,-26.193274],[28.136292,-26.193887],[28.136968,-26.195212],[28.136162,-26.195471]]]}},{"type":"Feature","properties":{"id":"joe-slovo-boksburg","name":"Joe Slovo","labelPriority":"secondary","selectionBasis":"named-sub-places","subPlaceCount":1},"geometry":{"type":"Polygon","coordinates":[[[28.225695,-26.227399],[28.225505,-26.227488],[28.224267,-26.227482],[28.224141,-26.22754],[28.222858,-26.227498],[28.222433,-26.2276],[28.221891,-26.227299],[28.225569,-26.224704],[28.225768,-26.224689],[28.22564,-26.227398],[28.225695,-26.227399]]]}},{"type":"Feature","properties":{"id":"hlahane","name":"Hlahane","labelPriority":"secondary","selectionBasis":"named-sub-places","subPlaceCount":1},"geometry":{"type":"Polygon","coordinates":[[[28.1481,-26.303891],[28.148168,-26.303912],[28.148573,-26.302913],[28.149139,-26.303069],[28.149036,-26.303454],[28.150139,-26.303818],[28.149699,-26.304489],[28.149261,-26.305439],[28.148521,-26.307309],[28.148287,-26.307987],[28.146183,-26.307167],[28.145017,-26.305674],[28.14395,-26.304835],[28.14436,-26.302722],[28.14496,-26.302357],[28.145488,-26.30217],[28.14583,-26.302175],[28.146171,-26.302547],[28.146107,-26.303052],[28.146271,-26.303429],[28.1481,-26.303891]]]}},{"type":"Feature","properties":{"id":"driefontein","name":"Driefontein","labelPriority":"secondary","selectionBasis":"named-sub-places","subPlaceCount":2},"geometry":{"type":"MultiPolygon","coordinates":[[[[27.549811,-26.364015],[27.5494,-26.36305],[27.549311,-26.362289],[27.549459,-26.361759],[27.550211,-26.36058],[27.55051,-26.35973],[27.55064,-26.3587],[27.550831,-26.35778],[27.55106,-26.35524],[27.551189,-26.354679],[27.55106,-26.35421],[27.548519,-26.345619],[27.54785,-26.343281],[27.54031,-26.34462],[27.525209,-26.347321],[27.525212,-26.347219],[27.524734,-26.347303],[27.524754,-26.35839],[27.524709,-26.361557],[27.525302,-26.361966],[27.52608,-26.362359],[27.527234,-26.362721],[27.528232,-26.362846],[27.533288,-26.363106],[27.538978,-26.36343],[27.549811,-26.364015]]],[[[27.795446,-26.011649],[27.795915,-26.011841],[27.803754,-26.014553],[27.811352,-26.017045],[27.811698,-26.022538],[27.81177,-26.02542],[27.818195,-26.025171],[27.82288,-26.024973],[27.824199,-26.025961],[27.826053,-26.027295],[27.827704,-26.028539],[27.83035,-26.028637],[27.832581,-26.028796],[27.838498,-26.029159],[27.839472,-26.029199],[27.839388,-26.029094],[27.844453,-26.02936],[27.846587,-26.029511],[27.849125,-26.029643],[27.85027,-26.027294],[27.851561,-26.025416],[27.852331,-26.02462],[27.853988,-26.023185],[27.854835,-26.022611],[27.855866,-26.021985],[27.857862,-26.021137],[27.860157,-26.02012],[27.859067,-26.017603],[27.858931,-26.016616],[27.859016,-26.015629],[27.858927,-26.013879],[27.857694,-26.001107],[27.857638,-26.00034],[27.85725,-26.000352],[27.854985,-25.999516],[27.852224,-25.998681],[27.847915,-25.997251],[27.846732,-25.99681],[27.842902,-25.995597],[27.842274,-25.995343],[27.836385,-25.993325],[27.82904,-25.990948],[27.82593,-25.990073],[27.82554,-25.990082],[27.824497,-25.989912],[27.82372,-25.989689],[27.818857,-25.987677],[27.818218,-25.987464],[27.813451,-25.98987],[27.811365,-25.990998],[27.809747,-25.991838],[27.807097,-25.993169],[27.803814,-25.996718],[27.802702,-25.997894],[27.800573,-26.000214],[27.79986,-26.000895],[27.799584,-26.001278],[27.79804,-26.002949],[27.796508,-26.004556],[27.796082,-26.005067],[27.795667,-26.009037],[27.795571,-26.010505],[27.795446,-26.011649]]]]}},{"type":"Feature","properties":{"id":"bapsfontein","name":"Bapsfontein","labelPriority":"secondary","selectionBasis":"named-sub-places","subPlaceCount":1},"geometry":{"type":"Polygon","coordinates":[[[28.448289,-25.999839],[28.448238,-25.999918],[28.447029,-26.008499],[28.446329,-26.013571],[28.445667,-26.018106],[28.4457,-26.018101],[28.445267,-26.021176],[28.440852,-26.017865],[28.439346,-26.016692],[28.437523,-26.015415],[28.436386,-26.014714],[28.434824,-26.013857],[28.433567,-26.013248],[28.431818,-26.0125],[28.430482,-26.012],[28.429126,-26.011554],[28.422747,-26.009507],[28.425392,-26.006545],[28.428011,-26.003874],[28.429411,-26.002789],[28.430938,-26.001788],[28.434278,-25.999536],[28.438308,-25.996793],[28.4395,-25.995932],[28.440669,-25.994925],[28.448289,-25.999839]]]}},{"type":"Feature","properties":{"id":"breswol","name":"Breswol","labelPriority":"secondary","selectionBasis":"named-sub-places","subPlaceCount":1},"geometry":{"type":"Polygon","coordinates":[[[28.468338,-26.151967],[28.473269,-26.149096],[28.475208,-26.147713],[28.478711,-26.145819],[28.481522,-26.143835],[28.483957,-26.142272],[28.488948,-26.13919],[28.482425,-26.132185],[28.483495,-26.131636],[28.484198,-26.131152],[28.489715,-26.12681],[28.490303,-26.12638],[28.489373,-26.122722],[28.488071,-26.11769],[28.487893,-26.116352],[28.487883,-26.11561],[28.487992,-26.114421],[28.488259,-26.113421],[28.489795,-26.108825],[28.491228,-26.104681],[28.492197,-26.1018],[28.49394,-26.096497],[28.494321,-26.095521],[28.494817,-26.094613],[28.495432,-26.09377],[28.496278,-26.092839],[28.497801,-26.091758],[28.501247,-26.089719],[28.50518,-26.09922],[28.49695,-26.10387],[28.49439,-26.11257],[28.490681,-26.125441],[28.490499,-26.126392],[28.49612,-26.1297],[28.49629,-26.12981],[28.502529,-26.13345],[28.513559,-26.139931],[28.521339,-26.144489],[28.523569,-26.157631],[28.523939,-26.159861],[28.52615,-26.172831],[28.527149,-26.17874],[28.519466,-26.178793],[28.500193,-26.179175],[28.496428,-26.179266],[28.48896,-26.179398],[28.478104,-26.164655],[28.474712,-26.16013],[28.468338,-26.151967]]]}},{"type":"Feature","properties":{"id":"dukathole","name":"Dukathole","labelPriority":"secondary","selectionBasis":"named-sub-places","subPlaceCount":1},"geometry":{"type":"Polygon","coordinates":[[[28.208988,-26.219664],[28.207701,-26.220765],[28.206568,-26.221972],[28.205996,-26.222479],[28.205466,-26.223288],[28.204927,-26.224399],[28.204502,-26.225839],[28.204448,-26.226265],[28.204217,-26.22662],[28.203898,-26.226833],[28.203294,-26.228093],[28.203236,-26.228106],[28.199608,-26.228912],[28.199251,-26.229398],[28.198852,-26.229199],[28.198045,-26.229088],[28.195254,-26.229635],[28.188179,-26.231235],[28.187871,-26.230912],[28.184707,-26.227861],[28.183979,-26.227128],[28.182277,-26.225579],[28.176237,-26.219698],[28.174683,-26.218119],[28.17557,-26.217362],[28.175303,-26.216914],[28.175255,-26.216338],[28.175788,-26.214314],[28.177806,-26.214811],[28.178351,-26.215114],[28.179091,-26.214917],[28.181906,-26.214897],[28.182311,-26.214854],[28.184173,-26.214431],[28.187422,-26.213828],[28.188862,-26.213518],[28.192508,-26.213164],[28.193499,-26.213121],[28.19443,-26.213156],[28.19674,-26.213363],[28.199662,-26.21369],[28.200317,-26.213854],[28.202902,-26.214923],[28.204902,-26.215724],[28.209945,-26.217864],[28.208615,-26.219318],[28.208988,-26.219664]]]}},{"type":"Feature","properties":{"id":"geluksdal","name":"Geluksdal","labelPriority":"secondary","selectionBasis":"named-sub-places","subPlaceCount":4},"geometry":{"type":"MultiPolygon","coordinates":[[[[28.351183,-26.353264],[28.354038,-26.352243],[28.358203,-26.350833],[28.362623,-26.34936],[28.363855,-26.349157],[28.364998,-26.34903],[28.36581,-26.348865],[28.369633,-26.346579],[28.370725,-26.342223],[28.372414,-26.335582],[28.36316,-26.33676],[28.356222,-26.337604],[28.352275,-26.338099],[28.352788,-26.342083],[28.353218,-26.344808],[28.353442,-26.346375],[28.353442,-26.347308],[28.353666,-26.348083],[28.352844,-26.34826],[28.349513,-26.34882],[28.350288,-26.353466],[28.351183,-26.353264]]],[[[28.375183,-26.324763],[28.376243,-26.320533],[28.368068,-26.321498],[28.365419,-26.32177],[28.365576,-26.322704],[28.365588,-26.323397],[28.365977,-26.325879],[28.371102,-26.325217],[28.375183,-26.324763]]]]}},{"type":"Feature","properties":{"id":"harry-gwala","name":"Harry Gwala","labelPriority":"secondary","selectionBasis":"named-sub-places","subPlaceCount":1},"geometry":{"type":"Polygon","coordinates":[[[28.312793,-26.22346],[28.309938,-26.223422],[28.310766,-26.222126],[28.310581,-26.221595],[28.310856,-26.221412],[28.3101,-26.220429],[28.311286,-26.220368],[28.311257,-26.220233],[28.312118,-26.22015],[28.312614,-26.219282],[28.313288,-26.219504],[28.314355,-26.219751],[28.31589,-26.219875],[28.318736,-26.219902],[28.318916,-26.220858],[28.319241,-26.222146],[28.319626,-26.223241],[28.318227,-26.223495],[28.317565,-26.223522],[28.316255,-26.223434],[28.312793,-26.22346]]]}},{"type":"Feature","properties":{"id":"holfontein","name":"Holfontein","labelPriority":"secondary","selectionBasis":"named-sub-places","subPlaceCount":1},"geometry":{"type":"Polygon","coordinates":[[[28.468338,-26.151967],[28.456784,-26.136741],[28.4588,-26.135888],[28.460038,-26.1356],[28.461533,-26.135417],[28.462715,-26.135436],[28.46407,-26.135513],[28.465226,-26.135532],[28.468203,-26.135647],[28.46996,-26.135577],[28.471474,-26.135308],[28.475272,-26.134287],[28.477356,-26.133751],[28.480471,-26.132885],[28.481479,-26.13258],[28.482425,-26.132185],[28.488948,-26.13919],[28.483957,-26.142272],[28.481522,-26.143835],[28.478711,-26.145819],[28.475208,-26.147713],[28.473269,-26.149096],[28.468338,-26.151967]]]}},{"type":"Feature","properties":{"id":"kanana","name":"Kanana","labelPriority":"secondary","selectionBasis":"named-sub-places","subPlaceCount":3},"geometry":{"type":"MultiPolygon","coordinates":[[[[27.891214,-26.416979],[27.892638,-26.418068],[27.894105,-26.419325],[27.895079,-26.420099],[27.894981,-26.420306],[27.89392,-26.421165],[27.894291,-26.428653],[27.894485,-26.431342],[27.894143,-26.43135],[27.894196,-26.435254],[27.894259,-26.435994],[27.895121,-26.435917],[27.895973,-26.435683],[27.896516,-26.435667],[27.89714,-26.435434],[27.899126,-26.434918],[27.899815,-26.434663],[27.90026,-26.43462],[27.901373,-26.434261],[27.904072,-26.429151],[27.906073,-26.42526],[27.90734,-26.42287],[27.907405,-26.42268],[27.908368,-26.420921],[27.911012,-26.418057],[27.911798,-26.417453],[27.912545,-26.417099],[27.90766,-26.402769],[27.89894,-26.403705],[27.898216,-26.405159],[27.897537,-26.40696],[27.896857,-26.408573],[27.895567,-26.410561],[27.894355,-26.41238],[27.891214,-26.416979]]],[[[28.200741,-26.420557],[28.201491,-26.421381],[28.20202,-26.422087],[28.203096,-26.423312],[28.204576,-26.421991],[28.205166,-26.421306],[28.207446,-26.418429],[28.206914,-26.417934],[28.206521,-26.417686],[28.205821,-26.417496],[28.204262,-26.416906],[28.203978,-26.417198],[28.203395,-26.41738],[28.203104,-26.417715],[28.202616,-26.418757],[28.202011,-26.419478],[28.201683,-26.41958],[28.201436,-26.420061],[28.200741,-26.420557]]],[[[28.206358,-26.200666],[28.206531,-26.201047],[28.206928,-26.201294],[28.2075,-26.201449],[28.20806,-26.201835],[28.208595,-26.201968],[28.209191,-26.202258],[28.209411,-26.202127],[28.209244,-26.201595],[28.208929,-26.201053],[28.209144,-26.20009],[28.209001,-26.199151],[28.208214,-26.198936],[28.206722,-26.199429],[28.206507,-26.199831],[28.206358,-26.200666]]],[[[28.278067,-25.404966],[28.27737,-25.405223],[28.2683,-25.407016],[28.265138,-25.407654],[28.26084,-25.408543],[28.259843,-25.408618],[28.258464,-25.40848],[28.257407,-25.408165],[28.256244,-25.407557],[28.255651,-25.407102],[28.253818,-25.405415],[28.252729,-25.404492],[28.251653,-25.403778],[28.250669,-25.403284],[28.249067,-25.402691],[28.247237,-25.402057],[28.246631,-25.403019],[28.2464,-25.403227],[28.245321,-25.403349],[28.244089,-25.403297],[28.243914,-25.404198],[28.244786,-25.405455],[28.244186,-25.406776],[28.244933,-25.40707],[28.244136,-25.408109],[28.243763,-25.408763],[28.243531,-25.409441],[28.244043,-25.409744],[28.244858,-25.409917],[28.246083,-25.410345],[28.246452,-25.410304],[28.246619,-25.411856],[28.246595,-25.412689],[28.246696,-25.412981],[28.247339,-25.413028],[28.248298,-25.412768],[28.24794,-25.414135],[28.247595,-25.4152],[28.247238,-25.415605],[28.247041,-25.416164],[28.2465,-25.41705],[28.246272,-25.417936],[28.247225,-25.418129],[28.249109,-25.4186],[28.261038,-25.421398],[28.266581,-25.422743],[28.268911,-25.419524],[28.270503,-25.416289],[28.271941,-25.413618],[28.273585,-25.412232],[28.275742,-25.41141],[28.277333,-25.409921],[28.277796,-25.407867],[28.27795,-25.405453],[28.278067,-25.404966]]]]}},{"type":"Feature","properties":{"id":"lindelani-village","name":"Lindelani Village","labelPriority":"secondary","selectionBasis":"named-sub-places","subPlaceCount":1},"geometry":{"type":"Polygon","coordinates":[[[28.408983,-26.185947],[28.408731,-26.189604],[28.411273,-26.189641],[28.413447,-26.189711],[28.413411,-26.189232],[28.413965,-26.189202],[28.415308,-26.189362],[28.416764,-26.18938],[28.41805,-26.189443],[28.417105,-26.191608],[28.41631,-26.193299],[28.415816,-26.193668],[28.409419,-26.193291],[28.409578,-26.193793],[28.403704,-26.193602],[28.399396,-26.193396],[28.39917,-26.192587],[28.398947,-26.190981],[28.398947,-26.188267],[28.39892,-26.185992],[28.40154,-26.186021],[28.402532,-26.186432],[28.402784,-26.187234],[28.404332,-26.18695],[28.407443,-26.18646],[28.408138,-26.186399],[28.40839,-26.185951],[28.408456,-26.185578],[28.409001,-26.18562],[28.408983,-26.185947]]]}},{"type":"Feature","properties":{"id":"thinasonke","name":"Thinasonke","labelPriority":"secondary","selectionBasis":"named-sub-places","subPlaceCount":1},"geometry":{"type":"Polygon","coordinates":[[[28.105119,-26.367081],[28.108456,-26.371964],[28.109124,-26.372485],[28.110718,-26.37258],[28.107571,-26.374715],[28.104532,-26.370085],[28.104076,-26.370329],[28.099168,-26.362823],[28.10146,-26.361558],[28.103228,-26.364244],[28.105119,-26.367081]]]}},{"type":"Feature","properties":{"id":"tweefontein","name":"Tweefontein","labelPriority":"secondary","selectionBasis":"named-sub-places","subPlaceCount":2},"geometry":{"type":"MultiPolygon","coordinates":[[[[28.398529,-25.943032],[28.402095,-25.946142],[28.405925,-25.950033],[28.408486,-25.952704],[28.410226,-25.954573],[28.410645,-25.954808],[28.410872,-25.954739],[28.411757,-25.954096],[28.412722,-25.953638],[28.413304,-25.953056],[28.413287,-25.952398],[28.413471,-25.951817],[28.41471,-25.95048],[28.416761,-25.948462],[28.41667,-25.94836],[28.41947,-25.94865],[28.41806,-25.94113],[28.41761,-25.93935],[28.411044,-25.930121],[28.409209,-25.932027],[28.407096,-25.934171],[28.400602,-25.940896],[28.398529,-25.943032]]],[[[28.691269,-25.953298],[28.696149,-25.954293],[28.708725,-25.935259],[28.719193,-25.935803],[28.730817,-25.936619],[28.749987,-25.93825],[28.760183,-25.938862],[28.76198,-25.921763],[28.753446,-25.917358],[28.732521,-25.906134],[28.718134,-25.921154],[28.708205,-25.917675],[28.696597,-25.913288],[28.703733,-25.930795],[28.70358,-25.931162],[28.700436,-25.932363],[28.702873,-25.936708],[28.702414,-25.940418],[28.700506,-25.941124],[28.694642,-25.935578],[28.691922,-25.93738],[28.693759,-25.941159],[28.691322,-25.952923],[28.691269,-25.953298]]]]}},{"type":"Feature","properties":{"id":"emfuleni-sebokeng","name":"Sebokeng","labelPriority":"primary","selectionBasis":"census-main-place","subPlaceCount":23},"geometry":{"type":"Polygon","coordinates":[[[27.81828,-26.601967],[27.816822,-26.606353],[27.82158,-26.60747],[27.821599,-26.607409],[27.823234,-26.607721],[27.824627,-26.60782],[27.826429,-26.607723],[27.830044,-26.607225],[27.833939,-26.60671],[27.841238,-26.605695],[27.843422,-26.605403],[27.844566,-26.605146],[27.845095,-26.605088],[27.845753,-26.608769],[27.846292,-26.611961],[27.846926,-26.615432],[27.847206,-26.616213],[27.848546,-26.614186],[27.849602,-26.612526],[27.852961,-26.607314],[27.853516,-26.606605],[27.853913,-26.606455],[27.854697,-26.611169],[27.854932,-26.612685],[27.855311,-26.613931],[27.855546,-26.61449],[27.856394,-26.615862],[27.857206,-26.616764],[27.858867,-26.618028],[27.861069,-26.619057],[27.862621,-26.619725],[27.873629,-26.62472],[27.87494,-26.625723],[27.875442,-26.626301],[27.876328,-26.627458],[27.877369,-26.62927],[27.877511,-26.629214],[27.880974,-26.627858],[27.882347,-26.627392],[27.881855,-26.625795],[27.881338,-26.624714],[27.880514,-26.623704],[27.875654,-26.619184],[27.875838,-26.619056],[27.875744,-26.618623],[27.875983,-26.618459],[27.876002,-26.617957],[27.875813,-26.61753],[27.875864,-26.616789],[27.874784,-26.615364],[27.874884,-26.6151],[27.874614,-26.612758],[27.875455,-26.612695],[27.875468,-26.61218],[27.875336,-26.611652],[27.875016,-26.611207],[27.874338,-26.610485],[27.874105,-26.609442],[27.873898,-26.608802],[27.87386,-26.607709],[27.873647,-26.607087],[27.873327,-26.606729],[27.873132,-26.606296],[27.873258,-26.605361],[27.873226,-26.604689],[27.872956,-26.604048],[27.873346,-26.602742],[27.873138,-26.600865],[27.872887,-26.598931],[27.872485,-26.596356],[27.872267,-26.594364],[27.872618,-26.591733],[27.872728,-26.590373],[27.872557,-26.589638],[27.872177,-26.589038],[27.872385,-26.588462],[27.872177,-26.587568],[27.874633,-26.582764],[27.873361,-26.581985],[27.873937,-26.581047],[27.87501,-26.578952],[27.876368,-26.576607],[27.876238,-26.576376],[27.876954,-26.574988],[27.877556,-26.57394],[27.880503,-26.568557],[27.881781,-26.566251],[27.883816,-26.562457],[27.884515,-26.561261],[27.884772,-26.561291],[27.887604,-26.560316],[27.887541,-26.559541],[27.886373,-26.559341],[27.885421,-26.55928],[27.888759,-26.552703],[27.890752,-26.54868],[27.892772,-26.544694],[27.892835,-26.54453],[27.88981,-26.541359],[27.889394,-26.54063],[27.888728,-26.540767],[27.888736,-26.539624],[27.888634,-26.538205],[27.888172,-26.535229],[27.888029,-26.53524],[27.887211,-26.526251],[27.88705,-26.526216],[27.882822,-26.525258],[27.88084,-26.524763],[27.880128,-26.524546],[27.875406,-26.523447],[27.868671,-26.52194],[27.864893,-26.52113],[27.862886,-26.520699],[27.86288,-26.520455],[27.861266,-26.520093],[27.858851,-26.519514],[27.859062,-26.52029],[27.861648,-26.522661],[27.86245,-26.522563],[27.862348,-26.52333],[27.862454,-26.52338],[27.86352,-26.524446],[27.864806,-26.525667],[27.868965,-26.529569],[27.873722,-26.534114],[27.873915,-26.534402],[27.874931,-26.535417],[27.877347,-26.537744],[27.867098,-26.539552],[27.863286,-26.540235],[27.863858,-26.54304],[27.86419,-26.544331],[27.865094,-26.548366],[27.860597,-26.548667],[27.85898,-26.548796],[27.860348,-26.553383],[27.861532,-26.5574],[27.861853,-26.558309],[27.861833,-26.558492],[27.857422,-26.557906],[27.855154,-26.557675],[27.852803,-26.557383],[27.848914,-26.556927],[27.845134,-26.556512],[27.840869,-26.555995],[27.839374,-26.555797],[27.83904,-26.557002],[27.838548,-26.5569],[27.837931,-26.556622],[27.837803,-26.556372],[27.835246,-26.555021],[27.830284,-26.552466],[27.830398,-26.55108],[27.830288,-26.546709],[27.829889,-26.543995],[27.826925,-26.54437],[27.822902,-26.544915],[27.821941,-26.544981],[27.821289,-26.544956],[27.820364,-26.544804],[27.819659,-26.544586],[27.818855,-26.54424],[27.817926,-26.543623],[27.817579,-26.543319],[27.814526,-26.540119],[27.812332,-26.537756],[27.810082,-26.535099],[27.809257,-26.534205],[27.808249,-26.533224],[27.806902,-26.541438],[27.808691,-26.542496],[27.811889,-26.544274],[27.816132,-26.546278],[27.820764,-26.548517],[27.822334,-26.549307],[27.823607,-26.549843],[27.824218,-26.549802],[27.824839,-26.550026],[27.824966,-26.549909],[27.827141,-26.552162],[27.826622,-26.552575],[27.82619,-26.552359],[27.824594,-26.553701],[27.824085,-26.553254],[27.823633,-26.553316],[27.822218,-26.554311],[27.822399,-26.554484],[27.82214,-26.554744],[27.821609,-26.555023],[27.820298,-26.555544],[27.819459,-26.555645],[27.818233,-26.555678],[27.817278,-26.55553],[27.816606,-26.555712],[27.814938,-26.556004],[27.815013,-26.556362],[27.814254,-26.556696],[27.814684,-26.557428],[27.814125,-26.557974],[27.813769,-26.558116],[27.813143,-26.558747],[27.813156,-26.55908],[27.812953,-26.559481],[27.813877,-26.559927],[27.814686,-26.560825],[27.81366,-26.561567],[27.813794,-26.562332],[27.813733,-26.563081],[27.813521,-26.563841],[27.8135,-26.565015],[27.813554,-26.565174],[27.815744,-26.566315],[27.815817,-26.566258],[27.817309,-26.566918],[27.817681,-26.566807],[27.823536,-26.565524],[27.827712,-26.56455],[27.827145,-26.566939],[27.82664,-26.568945],[27.826003,-26.571732],[27.823301,-26.582976],[27.823144,-26.583682],[27.822348,-26.583799],[27.820828,-26.583869],[27.819402,-26.583883],[27.817951,-26.583999],[27.814845,-26.584104],[27.813531,-26.584274],[27.807179,-26.582674],[27.806059,-26.583051],[27.806032,-26.582991],[27.803292,-26.583894],[27.802731,-26.583897],[27.801196,-26.583546],[27.801115,-26.583766],[27.79999,-26.58383],[27.798706,-26.583691],[27.798571,-26.583503],[27.796203,-26.583708],[27.795891,-26.583548],[27.795899,-26.584254],[27.796761,-26.584774],[27.797796,-26.58515],[27.799319,-26.585519],[27.806519,-26.587118],[27.810239,-26.587964],[27.815525,-26.58915],[27.818943,-26.589997],[27.821472,-26.590671],[27.820785,-26.59342],[27.820383,-26.595242],[27.820035,-26.596517],[27.81828,-26.601967]]]}},{"type":"Feature","properties":{"id":"emfuleni-evaton","name":"Evaton","labelPriority":"primary","selectionBasis":"census-main-place","subPlaceCount":4},"geometry":{"type":"Polygon","coordinates":[[[27.808249,-26.533224],[27.809257,-26.534205],[27.810082,-26.535099],[27.812332,-26.537756],[27.814526,-26.540119],[27.817579,-26.543319],[27.817926,-26.543623],[27.818855,-26.54424],[27.819659,-26.544586],[27.820364,-26.544804],[27.821289,-26.544956],[27.821941,-26.544981],[27.822902,-26.544915],[27.826925,-26.54437],[27.829889,-26.543995],[27.830288,-26.546709],[27.830398,-26.55108],[27.830284,-26.552466],[27.835246,-26.555021],[27.837803,-26.556372],[27.837931,-26.556622],[27.838548,-26.5569],[27.83904,-26.557002],[27.839374,-26.555797],[27.840869,-26.555995],[27.845134,-26.556512],[27.848914,-26.556927],[27.852803,-26.557383],[27.855154,-26.557675],[27.857422,-26.557906],[27.861833,-26.558492],[27.861853,-26.558309],[27.861532,-26.5574],[27.860348,-26.553383],[27.85898,-26.548796],[27.860597,-26.548667],[27.865094,-26.548366],[27.86419,-26.544331],[27.863858,-26.54304],[27.863286,-26.540235],[27.867098,-26.539552],[27.877347,-26.537744],[27.874931,-26.535417],[27.873915,-26.534402],[27.873722,-26.534114],[27.868965,-26.529569],[27.864806,-26.525667],[27.86352,-26.524446],[27.862454,-26.52338],[27.862348,-26.52333],[27.86245,-26.522563],[27.861648,-26.522661],[27.859062,-26.52029],[27.858851,-26.519514],[27.861266,-26.520093],[27.86288,-26.520455],[27.862886,-26.520699],[27.864893,-26.52113],[27.864661,-26.51176],[27.864661,-26.510803],[27.864548,-26.509998],[27.86043,-26.50626],[27.85985,-26.50647],[27.856534,-26.503466],[27.856469,-26.503936],[27.856207,-26.504418],[27.856241,-26.50474],[27.85586,-26.504867],[27.855758,-26.50518],[27.854819,-26.505256],[27.85365,-26.505646],[27.852372,-26.506898],[27.852228,-26.507144],[27.850899,-26.50783],[27.850552,-26.508168],[27.849824,-26.508236],[27.849452,-26.508436],[27.849276,-26.508827],[27.848895,-26.509308],[27.848547,-26.509355],[27.848395,-26.509674],[27.848347,-26.510555],[27.847914,-26.510841],[27.848052,-26.511022],[27.847824,-26.511393],[27.848028,-26.511584],[27.847666,-26.511712],[27.847766,-26.512108],[27.847528,-26.51226],[27.847443,-26.512589],[27.847181,-26.512755],[27.846795,-26.513779],[27.846547,-26.51376],[27.846405,-26.514089],[27.846157,-26.51416],[27.845871,-26.51455],[27.845933,-26.514812],[27.845747,-26.51546],[27.845781,-26.516003],[27.845424,-26.516527],[27.841909,-26.515741],[27.842392,-26.513842],[27.84281,-26.512443],[27.842868,-26.511722],[27.842738,-26.511246],[27.841824,-26.50886],[27.837594,-26.506302],[27.834473,-26.504204],[27.831257,-26.502203],[27.829359,-26.501254],[27.82773,-26.504431],[27.826649,-26.496273],[27.822123,-26.497404],[27.813946,-26.499371],[27.813765,-26.499406],[27.812642,-26.506269],[27.812131,-26.509466],[27.810579,-26.518908],[27.810068,-26.522151],[27.809511,-26.52545],[27.808249,-26.533224]]]}},{"type":"Feature","properties":{"id":"emfuleni-boipatong","name":"Boipatong","labelPriority":"primary","selectionBasis":"census-main-place","subPlaceCount":1},"geometry":{"type":"Polygon","coordinates":[[[27.860216,-26.686519],[27.859291,-26.686525],[27.857435,-26.686525],[27.856539,-26.686415],[27.855852,-26.686171],[27.85513,-26.685706],[27.85459,-26.685141],[27.854263,-26.684582],[27.853832,-26.683241],[27.853506,-26.682488],[27.853234,-26.68211],[27.852496,-26.681434],[27.852012,-26.681161],[27.846049,-26.679029],[27.845587,-26.678782],[27.8447,-26.678001],[27.84175,-26.675136],[27.840869,-26.674513],[27.840107,-26.674192],[27.839247,-26.673985],[27.83749,-26.674003],[27.837578,-26.670957],[27.837827,-26.669645],[27.838181,-26.668751],[27.838612,-26.667992],[27.838978,-26.667512],[27.842061,-26.66402],[27.84439,-26.661352],[27.845149,-26.660522],[27.84595,-26.659756],[27.846551,-26.660177],[27.854671,-26.663254],[27.85661,-26.663998],[27.857321,-26.664208],[27.858961,-26.6647],[27.863733,-26.666309],[27.863466,-26.667256],[27.863133,-26.668095],[27.862735,-26.668782],[27.862243,-26.669442],[27.861363,-26.670492],[27.86046,-26.671815],[27.859973,-26.672795],[27.859491,-26.674247],[27.859284,-26.67549],[27.859255,-26.676493],[27.859369,-26.678442],[27.859616,-26.682101],[27.859766,-26.683485],[27.860216,-26.686519]]]}},{"type":"Feature","properties":{"id":"emfuleni-sharpeville","name":"Sharpeville","labelPriority":"primary","selectionBasis":"census-main-place","subPlaceCount":1},"geometry":{"type":"Polygon","coordinates":[[[27.862497,-26.700043],[27.862286,-26.698043],[27.861911,-26.694036],[27.861358,-26.688371],[27.862123,-26.687773],[27.863988,-26.686136],[27.864378,-26.685902],[27.866303,-26.684312],[27.867311,-26.683636],[27.870856,-26.68068],[27.872343,-26.67946],[27.877296,-26.675352],[27.87851,-26.674332],[27.879138,-26.67366],[27.881047,-26.672052],[27.882754,-26.672645],[27.884836,-26.67319],[27.886336,-26.673652],[27.887887,-26.67407],[27.888673,-26.674005],[27.890974,-26.674662],[27.892504,-26.675037],[27.893023,-26.675239],[27.893261,-26.675448],[27.893635,-26.676082],[27.891253,-26.678497],[27.890161,-26.679554],[27.889466,-26.679347],[27.889215,-26.679567],[27.888758,-26.679457],[27.888723,-26.679892],[27.888086,-26.679778],[27.887919,-26.680028],[27.888125,-26.680974],[27.888402,-26.681281],[27.88802,-26.681739],[27.88802,-26.682904],[27.886672,-26.684894],[27.885774,-26.685897],[27.885218,-26.686329],[27.884392,-26.686189],[27.882997,-26.688004],[27.879475,-26.692473],[27.878278,-26.693957],[27.878303,-26.694134],[27.876981,-26.695749],[27.87648,-26.696266],[27.876846,-26.696812],[27.875971,-26.69744],[27.875321,-26.697985],[27.874488,-26.69813],[27.874368,-26.698519],[27.873811,-26.698753],[27.873547,-26.698161],[27.869657,-26.698856],[27.868527,-26.699118],[27.867789,-26.699225],[27.865805,-26.699725],[27.864192,-26.699988],[27.863625,-26.699972],[27.863058,-26.700083],[27.862497,-26.700043]]]}},{"type":"Feature","properties":{"id":"emfuleni-bophelong","name":"Bophelong","labelPriority":"secondary","selectionBasis":"census-main-place","subPlaceCount":1},"geometry":{"type":"Polygon","coordinates":[[[27.789431,-26.674126],[27.790902,-26.673253],[27.79196,-26.674993],[27.793604,-26.677246],[27.795782,-26.680157],[27.797846,-26.68295],[27.800332,-26.686277],[27.802913,-26.68978],[27.805285,-26.692925],[27.806586,-26.694796],[27.803736,-26.696279],[27.803459,-26.69599],[27.801137,-26.697141],[27.80079,-26.697241],[27.799944,-26.697674],[27.797364,-26.698849],[27.795106,-26.699988],[27.793694,-26.700631],[27.792904,-26.700708],[27.791093,-26.701561],[27.790024,-26.702162],[27.782872,-26.705966],[27.772158,-26.71163],[27.766597,-26.714555],[27.767982,-26.712296],[27.770423,-26.708257],[27.771459,-26.70657],[27.772042,-26.705556],[27.775457,-26.699899],[27.769427,-26.698334],[27.767001,-26.697676],[27.765991,-26.697641],[27.76145,-26.696439],[27.759199,-26.695883],[27.75891,-26.695854],[27.755341,-26.694891],[27.756473,-26.693826],[27.757057,-26.693417],[27.7619,-26.690519],[27.769611,-26.685946],[27.773217,-26.683786],[27.778618,-26.680578],[27.789431,-26.674126]]]}},{"type":"Feature","properties":{"id":"emfuleni-tshepiso","name":"Tshepiso","labelPriority":"secondary","selectionBasis":"census-main-place","subPlaceCount":2},"geometry":{"type":"MultiPolygon","coordinates":[[[[27.779633,-26.196334],[27.782477,-26.19678],[27.784319,-26.197047],[27.78592,-26.197334],[27.787892,-26.197649],[27.796295,-26.198938],[27.796882,-26.199008],[27.800791,-26.199591],[27.801848,-26.199798],[27.803503,-26.200022],[27.807426,-26.200652],[27.809044,-26.200831],[27.809984,-26.201114],[27.81037,-26.201101],[27.81252,-26.201452],[27.815385,-26.202339],[27.816718,-26.18997],[27.816961,-26.187947],[27.817322,-26.1866],[27.818302,-26.185059],[27.81824,-26.184197],[27.81861,-26.183748],[27.818958,-26.18367],[27.818936,-26.182828],[27.818782,-26.182074],[27.813994,-26.182112],[27.812601,-26.182066],[27.8106,-26.182079],[27.799709,-26.181971],[27.795139,-26.18199],[27.78945,-26.18198],[27.78614,-26.18195],[27.784571,-26.18548],[27.78187,-26.191427],[27.779633,-26.196334]]],[[[27.857321,-26.664208],[27.858961,-26.6647],[27.863733,-26.666309],[27.863466,-26.667256],[27.863133,-26.668095],[27.862735,-26.668782],[27.862243,-26.669442],[27.861363,-26.670492],[27.86046,-26.671815],[27.859973,-26.672795],[27.859491,-26.674247],[27.859284,-26.67549],[27.859255,-26.676493],[27.859369,-26.678442],[27.859616,-26.682101],[27.859766,-26.683485],[27.860216,-26.686519],[27.862501,-26.686512],[27.863168,-26.686419],[27.863988,-26.686136],[27.864378,-26.685902],[27.866303,-26.684312],[27.867311,-26.683636],[27.870856,-26.68068],[27.872343,-26.67946],[27.877296,-26.675352],[27.87851,-26.674332],[27.879138,-26.67366],[27.881047,-26.672052],[27.881788,-26.671383],[27.878936,-26.669367],[27.878887,-26.667492],[27.878615,-26.662617],[27.879895,-26.661837],[27.88054,-26.661321],[27.880364,-26.659846],[27.880434,-26.659749],[27.880006,-26.656587],[27.879775,-26.654526],[27.879037,-26.653068],[27.877693,-26.650234],[27.876212,-26.650967],[27.875281,-26.651483],[27.874207,-26.652299],[27.872976,-26.653602],[27.867602,-26.65974],[27.866312,-26.661194],[27.861987,-26.658325],[27.861859,-26.658333],[27.862711,-26.663649],[27.858173,-26.662345],[27.857321,-26.664208]]]]}},{"type":"Feature","properties":{"id":"emfuleni-tshepong","name":"Tshepong","labelPriority":"secondary","selectionBasis":"census-main-place","subPlaceCount":1},"geometry":{"type":"Polygon","coordinates":[[[27.892835,-26.54453],[27.894675,-26.54068],[27.89539,-26.539303],[27.896371,-26.539881],[27.900441,-26.542364],[27.901593,-26.542933],[27.90207,-26.543281],[27.902304,-26.543281],[27.903749,-26.544181],[27.904222,-26.544612],[27.908577,-26.54731],[27.911639,-26.54923],[27.918855,-26.553629],[27.921613,-26.555328],[27.928013,-26.559208],[27.929273,-26.559985],[27.925866,-26.562506],[27.927259,-26.564262],[27.92535,-26.566616],[27.92552,-26.56763],[27.923391,-26.567969],[27.923349,-26.567788],[27.922592,-26.567912],[27.921834,-26.567019],[27.921318,-26.567377],[27.920002,-26.565704],[27.917575,-26.563676],[27.912763,-26.559799],[27.912857,-26.56065],[27.91159,-26.560254],[27.910994,-26.56002],[27.909833,-26.559397],[27.908913,-26.55881],[27.904107,-26.554516],[27.902682,-26.553292],[27.897081,-26.548324],[27.896637,-26.547859],[27.893195,-26.544815],[27.892835,-26.54453]]]}},{"type":"Feature","properties":{"id":"emfuleni-vereeniging","name":"Vereeniging","labelPriority":"secondary","selectionBasis":"census-main-place","subPlaceCount":47},"geometry":{"type":"Polygon","coordinates":[[[27.853951,-26.746169],[27.85622,-26.74675],[27.857861,-26.746981],[27.85965,-26.747],[27.86191,-26.74675],[27.86307,-26.746559],[27.863501,-26.74642],[27.86463,-26.74625],[27.866261,-26.746229],[27.867001,-26.74634],[27.869089,-26.747089],[27.870239,-26.747339],[27.87075,-26.74762],[27.872169,-26.74774],[27.87364,-26.747629],[27.874161,-26.74748],[27.87524,-26.747351],[27.876579,-26.74703],[27.878201,-26.74678],[27.88002,-26.746189],[27.88064,-26.745871],[27.881821,-26.745119],[27.882669,-26.744419],[27.883039,-26.743959],[27.88332,-26.743139],[27.883579,-26.741831],[27.883671,-26.740471],[27.88368,-26.73926],[27.88393,-26.73658],[27.884199,-26.73568],[27.88468,-26.734329],[27.885031,-26.73387],[27.88615,-26.732201],[27.88666,-26.73151],[27.887489,-26.73068],[27.888559,-26.729429],[27.889469,-26.72854],[27.892759,-26.725861],[27.893551,-26.724581],[27.89393,-26.723539],[27.89489,-26.72123],[27.89558,-26.71933],[27.895651,-26.71891],[27.89562,-26.71814],[27.895269,-26.717381],[27.894409,-26.716631],[27.893391,-26.71627],[27.892429,-26.7155],[27.89217,-26.71517],[27.8918,-26.714371],[27.89176,-26.71386],[27.891951,-26.71294],[27.8927,-26.711559],[27.893169,-26.710951],[27.89403,-26.71036],[27.89518,-26.70969],[27.896521,-26.709299],[27.89834,-26.708879],[27.9,-26.70862],[27.900391,-26.708509],[27.901581,-26.70834],[27.90202,-26.70821],[27.90469,-26.706989],[27.90555,-26.706631],[27.90803,-26.705919],[27.90904,-26.70573],[27.910231,-26.70587],[27.91124,-26.70624],[27.9119,-26.706409],[27.913,-26.706551],[27.914129,-26.70644],[27.91511,-26.70624],[27.91593,-26.70599],[27.91716,-26.705839],[27.919729,-26.705311],[27.920919,-26.705391],[27.921869,-26.70533],[27.922831,-26.705151],[27.92432,-26.70458],[27.9256,-26.70377],[27.92712,-26.70252],[27.92873,-26.700939],[27.92976,-26.69977],[27.93058,-26.69869],[27.931181,-26.697809],[27.93322,-26.695311],[27.933969,-26.694349],[27.934629,-26.693359],[27.93516,-26.69268],[27.935619,-26.69117],[27.93568,-26.69013],[27.935499,-26.689119],[27.93574,-26.68763],[27.9361,-26.68655],[27.93639,-26.686029],[27.937071,-26.684589],[27.93774,-26.683081],[27.93811,-26.68195],[27.938749,-26.679741],[27.93939,-26.678341],[27.939659,-26.677971],[27.94096,-26.6759],[27.94145,-26.675421],[27.942539,-26.674629],[27.944201,-26.673809],[27.94659,-26.6731],[27.948481,-26.672609],[27.95096,-26.672119],[27.952169,-26.671841],[27.95369,-26.6716],[27.955549,-26.67145],[27.957979,-26.67148],[27.961981,-26.671379],[27.9632,-26.67124],[27.96406,-26.67104],[27.96591,-26.67042],[27.967319,-26.66975],[27.967951,-26.669241],[27.96911,-26.668791],[27.96954,-26.668739],[27.970831,-26.668831],[27.97287,-26.66918],[27.974251,-26.66967],[27.975229,-26.670191],[27.976509,-26.671],[27.977039,-26.67141],[27.97823,-26.67263],[27.979771,-26.674641],[27.980539,-26.675859],[27.981199,-26.67676],[27.981739,-26.677839],[27.982149,-26.679119],[27.98274,-26.68013],[27.98385,-26.681129],[27.98455,-26.681471],[27.98568,-26.68191],[27.98608,-26.682131],[27.986879,-26.68273],[27.98782,-26.6838],[27.989241,-26.68549],[27.989941,-26.68609],[27.991159,-26.6873],[27.991899,-26.68812],[27.99334,-26.689381],[27.994381,-26.69013],[27.99498,-26.69063],[27.996531,-26.69207],[27.997259,-26.69285],[27.998671,-26.694571],[27.999559,-26.69602],[27.99991,-26.697149],[28.00033,-26.699181],[28.00038,-26.70072],[28.000481,-26.701891],[28.00049,-26.70332],[28.00205,-26.70335],[28.004789,-26.71446],[28.01726,-26.716129],[28.016979,-26.7089],[28.016491,-26.696699],[28.02492,-26.69545],[28.02285,-26.684271],[28.02174,-26.67832],[28.011959,-26.676531],[28.002171,-26.67473],[28.00379,-26.66453],[28.004419,-26.66452],[28.005119,-26.66441],[28.00658,-26.66498],[28.007401,-26.66498],[28.007589,-26.665079],[28.008249,-26.665831],[28.00843,-26.66629],[28.00845,-26.66684],[28.008261,-26.66791],[28.00819,-26.668961],[28.008301,-26.6695],[28.00852,-26.669901],[28.00881,-26.670111],[28.009541,-26.67041],[28.010839,-26.67058],[28.012039,-26.67095],[28.012449,-26.67116],[28.013861,-26.67168],[28.01524,-26.672119],[28.015869,-26.672211],[28.01672,-26.6721],[28.01717,-26.67219],[28.018311,-26.67223],[28.019951,-26.67255],[28.020769,-26.67255],[28.02059,-26.671141],[28.02037,-26.670389],[28.019991,-26.669621],[28.01783,-26.666611],[28.01738,-26.666229],[28.01717,-26.666189],[28.01688,-26.665279],[28.012951,-26.659809],[28.012529,-26.65913],[28.012654,-26.658445],[28.013741,-26.652407],[28.005964,-26.65206],[27.99852,-26.6507],[27.994949,-26.65008],[27.988661,-26.648939],[27.963329,-26.644329],[27.962234,-26.644136],[27.961985,-26.644378],[27.958561,-26.64756],[27.95904,-26.651119],[27.95643,-26.65159],[27.95406,-26.649931],[27.94956,-26.64946],[27.954404,-26.643397],[27.961599,-26.63438],[27.96529,-26.62974],[27.96483,-26.62945],[27.969801,-26.623249],[27.97057,-26.622271],[27.97571,-26.61585],[27.978371,-26.612499],[27.982361,-26.6075],[27.984221,-26.60478],[27.985479,-26.602421],[27.981569,-26.601379],[27.98123,-26.60228],[27.969311,-26.592079],[27.96619,-26.594851],[27.954639,-26.595409],[27.94582,-26.596279],[27.945721,-26.596189],[27.948151,-26.59342],[27.951361,-26.589661],[27.959881,-26.579889],[27.96954,-26.56986],[27.97455,-26.564671],[27.97798,-26.561081],[27.983021,-26.55583],[27.980857,-26.55417],[27.97739,-26.553379],[27.962971,-26.550171],[27.9491,-26.544331],[27.94338,-26.54191],[27.93994,-26.54047],[27.929649,-26.536131],[27.91947,-26.53183],[27.91622,-26.53047],[27.9125,-26.528891],[27.90823,-26.5271],[27.90645,-26.5263],[27.9049,-26.52569],[27.9028,-26.524799],[27.905451,-26.51947],[27.908819,-26.512655],[27.906099,-26.51177],[27.896601,-26.50878],[27.893709,-26.50775],[27.890341,-26.526939],[27.88895,-26.53517],[27.888172,-26.535229],[27.888634,-26.538205],[27.888736,-26.539624],[27.888728,-26.540767],[27.889394,-26.54063],[27.88981,-26.541359],[27.892835,-26.54453],[27.892772,-26.544694],[27.890752,-26.54868],[27.888759,-26.552703],[27.885421,-26.55928],[27.886373,-26.559341],[27.887541,-26.559541],[27.887604,-26.560316],[27.884772,-26.561291],[27.884515,-26.561261],[27.883816,-26.562457],[27.881781,-26.566251],[27.880503,-26.568557],[27.877556,-26.57394],[27.876954,-26.574988],[27.876238,-26.576376],[27.876368,-26.576607],[27.87501,-26.578952],[27.873937,-26.581047],[27.873361,-26.581985],[27.874633,-26.582764],[27.872177,-26.587568],[27.872385,-26.588462],[27.872177,-26.589038],[27.872557,-26.589638],[27.872728,-26.590373],[27.872618,-26.591733],[27.872267,-26.594364],[27.872485,-26.596356],[27.872887,-26.598931],[27.873138,-26.600865],[27.873346,-26.602742],[27.872956,-26.604048],[27.873226,-26.604689],[27.873258,-26.605361],[27.873132,-26.606296],[27.873327,-26.606729],[27.873647,-26.607087],[27.87386,-26.607709],[27.873898,-26.608802],[27.874105,-26.609442],[27.874338,-26.610485],[27.875016,-26.611207],[27.875336,-26.611652],[27.875468,-26.61218],[27.875455,-26.612695],[27.874614,-26.612758],[27.874884,-26.6151],[27.874784,-26.615364],[27.875864,-26.616789],[27.875813,-26.61753],[27.876002,-26.617957],[27.875983,-26.618459],[27.875744,-26.618623],[27.875838,-26.619056],[27.875654,-26.619184],[27.880514,-26.623704],[27.881338,-26.624714],[27.881855,-26.625795],[27.882347,-26.627392],[27.880974,-26.627858],[27.877511,-26.629214],[27.880602,-26.633947],[27.880363,-26.634084],[27.879885,-26.634063],[27.877517,-26.635323],[27.8774,-26.635516],[27.877954,-26.639947],[27.878569,-26.644749],[27.8791,-26.649121],[27.879099,-26.649466],[27.877693,-26.650234],[27.879037,-26.653068],[27.879775,-26.654526],[27.880006,-26.656587],[27.880434,-26.659749],[27.880364,-26.659846],[27.88054,-26.661321],[27.879895,-26.661837],[27.878615,-26.662617],[27.878887,-26.667492],[27.878936,-26.669367],[27.881788,-26.671383],[27.881047,-26.672052],[27.882754,-26.672645],[27.884836,-26.67319],[27.886336,-26.673652],[27.887887,-26.67407],[27.888673,-26.674005],[27.890974,-26.674662],[27.892504,-26.675037],[27.893023,-26.675239],[27.893261,-26.675448],[27.893635,-26.676082],[27.891253,-26.678497],[27.890161,-26.679554],[27.889466,-26.679347],[27.889215,-26.679567],[27.888758,-26.679457],[27.888723,-26.679892],[27.888086,-26.679778],[27.887919,-26.680028],[27.888125,-26.680974],[27.888402,-26.681281],[27.88802,-26.681739],[27.88802,-26.682904],[27.886672,-26.684894],[27.885774,-26.685897],[27.885218,-26.686329],[27.884392,-26.686189],[27.882997,-26.688004],[27.879475,-26.692473],[27.878278,-26.693957],[27.878303,-26.694134],[27.876981,-26.695749],[27.87648,-26.696266],[27.876846,-26.696812],[27.875971,-26.69744],[27.875321,-26.697985],[27.874488,-26.69813],[27.874368,-26.698519],[27.873811,-26.698753],[27.873547,-26.698161],[27.869657,-26.698856],[27.868527,-26.699118],[27.867789,-26.699225],[27.865805,-26.699725],[27.864192,-26.699988],[27.863625,-26.699972],[27.863058,-26.700083],[27.862497,-26.700043],[27.862787,-26.701988],[27.863362,-26.707614],[27.861751,-26.70781],[27.860196,-26.707873],[27.860203,-26.709274],[27.860517,-26.710732],[27.860865,-26.711861],[27.861332,-26.7126],[27.862065,-26.713535],[27.862581,-26.714351],[27.862922,-26.715125],[27.863243,-26.716366],[27.863292,-26.716896],[27.863257,-26.717984],[27.864617,-26.718186],[27.868908,-26.718535],[27.86916,-26.716179],[27.870907,-26.716823],[27.872926,-26.715036],[27.873676,-26.715078],[27.879221,-26.715248],[27.884246,-26.719101],[27.880156,-26.723441],[27.878484,-26.725072],[27.877027,-26.726142],[27.879818,-26.729334],[27.878915,-26.730139],[27.878605,-26.730523],[27.87804,-26.731422],[27.876649,-26.733157],[27.876138,-26.733563],[27.875567,-26.733779],[27.875059,-26.733824],[27.874142,-26.733652],[27.873775,-26.733683],[27.87322,-26.734065],[27.873052,-26.734553],[27.873078,-26.735327],[27.873007,-26.735668],[27.872564,-26.736339],[27.871918,-26.736706],[27.870961,-26.736909],[27.870585,-26.736415],[27.868083,-26.733485],[27.857957,-26.736044],[27.854833,-26.736785],[27.854903,-26.737593],[27.854788,-26.739989],[27.85458,-26.742798],[27.854472,-26.743086],[27.853951,-26.746169]],[[27.892835,-26.54453],[27.894675,-26.54068],[27.89539,-26.539303],[27.896371,-26.539881],[27.900441,-26.542364],[27.901593,-26.542933],[27.90207,-26.543281],[27.902304,-26.543281],[27.903749,-26.544181],[27.904222,-26.544612],[27.908577,-26.54731],[27.911639,-26.54923],[27.918855,-26.553629],[27.921613,-26.555328],[27.928013,-26.559208],[27.929273,-26.559985],[27.925866,-26.562506],[27.927259,-26.564262],[27.92535,-26.566616],[27.92552,-26.56763],[27.923391,-26.567969],[27.923349,-26.567788],[27.922592,-26.567912],[27.921834,-26.567019],[27.921318,-26.567377],[27.920002,-26.565704],[27.917575,-26.563676],[27.912763,-26.559799],[27.912857,-26.56065],[27.91159,-26.560254],[27.910994,-26.56002],[27.909833,-26.559397],[27.908913,-26.55881],[27.904107,-26.554516],[27.902682,-26.553292],[27.897081,-26.548324],[27.896637,-26.547859],[27.893195,-26.544815],[27.892835,-26.54453]]]}},{"type":"Feature","properties":{"id":"emfuleni-vanderbijlpark","name":"Vanderbijlpark","labelPriority":"secondary","selectionBasis":"census-main-place","subPlaceCount":67},"geometry":{"type":"Polygon","coordinates":[[[27.692447,-26.763118],[27.693781,-26.76342],[27.695299,-26.763639],[27.69812,-26.76379],[27.698709,-26.7637],[27.70006,-26.763729],[27.701191,-26.76395],[27.701691,-26.763981],[27.704069,-26.763849],[27.70454,-26.763849],[27.70606,-26.76366],[27.707899,-26.76326],[27.708719,-26.76301],[27.71088,-26.762659],[27.71439,-26.761829],[27.715139,-26.76169],[27.71767,-26.76166],[27.719049,-26.761789],[27.719629,-26.76173],[27.721331,-26.7614],[27.72226,-26.76107],[27.72304,-26.760691],[27.724199,-26.76037],[27.72521,-26.760269],[27.72649,-26.76041],[27.728251,-26.760851],[27.73061,-26.761761],[27.731159,-26.761921],[27.73204,-26.76236],[27.73254,-26.76269],[27.7344,-26.76404],[27.73522,-26.764771],[27.73597,-26.765659],[27.73749,-26.76767],[27.738159,-26.768351],[27.738449,-26.76848],[27.739229,-26.768579],[27.7397,-26.76852],[27.74073,-26.76923],[27.741489,-26.76997],[27.74225,-26.771009],[27.74329,-26.772949],[27.74403,-26.77446],[27.74486,-26.77632],[27.74547,-26.77751],[27.746149,-26.779091],[27.74659,-26.77969],[27.747089,-26.7812],[27.747311,-26.78215],[27.74732,-26.78253],[27.74719,-26.78381],[27.74721,-26.78426],[27.747471,-26.78541],[27.74766,-26.785891],[27.74823,-26.78656],[27.7498,-26.78804],[27.751221,-26.78874],[27.751829,-26.78899],[27.752781,-26.78964],[27.754471,-26.791],[27.755239,-26.7918],[27.756611,-26.7934],[27.757509,-26.79464],[27.75787,-26.79501],[27.75857,-26.795919],[27.75897,-26.79635],[27.75972,-26.79694],[27.760241,-26.797211],[27.76226,-26.79789],[27.76391,-26.79829],[27.76457,-26.798519],[27.765909,-26.798861],[27.768209,-26.79929],[27.76981,-26.79929],[27.770451,-26.79911],[27.77072,-26.798889],[27.771891,-26.797359],[27.772221,-26.796749],[27.772511,-26.795811],[27.77265,-26.795],[27.772619,-26.79352],[27.77244,-26.79283],[27.771879,-26.791771],[27.77092,-26.790701],[27.770069,-26.789619],[27.768869,-26.787979],[27.76796,-26.78651],[27.767799,-26.78607],[27.7673,-26.78418],[27.767071,-26.78294],[27.76693,-26.78179],[27.766951,-26.78059],[27.76717,-26.779619],[27.767879,-26.777479],[27.76852,-26.77528],[27.768629,-26.7729],[27.76861,-26.77146],[27.76866,-26.770321],[27.76825,-26.76877],[27.768129,-26.768471],[27.767969,-26.7675],[27.76791,-26.766729],[27.767981,-26.765949],[27.76815,-26.765209],[27.769239,-26.76273],[27.76947,-26.761829],[27.76951,-26.760851],[27.769791,-26.75989],[27.770451,-26.759001],[27.7708,-26.758659],[27.773769,-26.756729],[27.77714,-26.754761],[27.77857,-26.753799],[27.77961,-26.752871],[27.779989,-26.752439],[27.78244,-26.75079],[27.782801,-26.75061],[27.784069,-26.75041],[27.78516,-26.75045],[27.786341,-26.750311],[27.78734,-26.75],[27.78857,-26.749769],[27.790211,-26.749559],[27.792351,-26.74962],[27.79343,-26.74988],[27.794439,-26.75004],[27.79533,-26.750071],[27.797001,-26.750059],[27.798201,-26.74987],[27.799057,-26.749861],[27.800501,-26.749941],[27.80238,-26.75017],[27.803841,-26.75057],[27.805,-26.750731],[27.80636,-26.750771],[27.80682,-26.750919],[27.80798,-26.75094],[27.80978,-26.7509],[27.81105,-26.750771],[27.81192,-26.750629],[27.81356,-26.750481],[27.81489,-26.75045],[27.817459,-26.75016],[27.818939,-26.749929],[27.82044,-26.74975],[27.821621,-26.749519],[27.822849,-26.749611],[27.82379,-26.749769],[27.824261,-26.74995],[27.825491,-26.750179],[27.826719,-26.75025],[27.828341,-26.750731],[27.82946,-26.751129],[27.830561,-26.751141],[27.83235,-26.750931],[27.833851,-26.750681],[27.834311,-26.750509],[27.8381,-26.74935],[27.83885,-26.74905],[27.839809,-26.74855],[27.84082,-26.748171],[27.84252,-26.747431],[27.845819,-26.74625],[27.846781,-26.746031],[27.849449,-26.745609],[27.85111,-26.7456],[27.853121,-26.745939],[27.853951,-26.746169],[27.854472,-26.743086],[27.85458,-26.742798],[27.854788,-26.739989],[27.854903,-26.737593],[27.854833,-26.736785],[27.857957,-26.736044],[27.868083,-26.733485],[27.870585,-26.736415],[27.870961,-26.736909],[27.871918,-26.736706],[27.872564,-26.736339],[27.873007,-26.735668],[27.873078,-26.735327],[27.873052,-26.734553],[27.87322,-26.734065],[27.873775,-26.733683],[27.874142,-26.733652],[27.875059,-26.733824],[27.875567,-26.733779],[27.876138,-26.733563],[27.876649,-26.733157],[27.87804,-26.731422],[27.878605,-26.730523],[27.878915,-26.730139],[27.879818,-26.729334],[27.877027,-26.726142],[27.878484,-26.725072],[27.880156,-26.723441],[27.884246,-26.719101],[27.879221,-26.715248],[27.873676,-26.715078],[27.872926,-26.715036],[27.870907,-26.716823],[27.86916,-26.716179],[27.868908,-26.718535],[27.864617,-26.718186],[27.863257,-26.717984],[27.863292,-26.716896],[27.863243,-26.716366],[27.862922,-26.715125],[27.862581,-26.714351],[27.862065,-26.713535],[27.861332,-26.7126],[27.860865,-26.711861],[27.860517,-26.710732],[27.860203,-26.709274],[27.860196,-26.707873],[27.861751,-26.70781],[27.863362,-26.707614],[27.862787,-26.701988],[27.862497,-26.700043],[27.862286,-26.698043],[27.861911,-26.694036],[27.861358,-26.688371],[27.862123,-26.687773],[27.863988,-26.686136],[27.863168,-26.686419],[27.862501,-26.686512],[27.860216,-26.686519],[27.859291,-26.686525],[27.857435,-26.686525],[27.856539,-26.686415],[27.855852,-26.686171],[27.85513,-26.685706],[27.85459,-26.685141],[27.854263,-26.684582],[27.853832,-26.683241],[27.853506,-26.682488],[27.853234,-26.68211],[27.852496,-26.681434],[27.852012,-26.681161],[27.846049,-26.679029],[27.845587,-26.678782],[27.8447,-26.678001],[27.84175,-26.675136],[27.840869,-26.674513],[27.840107,-26.674192],[27.839247,-26.673985],[27.83749,-26.674003],[27.837578,-26.670957],[27.837827,-26.669645],[27.838181,-26.668751],[27.838612,-26.667992],[27.838978,-26.667512],[27.842061,-26.66402],[27.84439,-26.661352],[27.845149,-26.660522],[27.84595,-26.659756],[27.846551,-26.660177],[27.854671,-26.663254],[27.85661,-26.663998],[27.857321,-26.664208],[27.858173,-26.662345],[27.862711,-26.663649],[27.861859,-26.658333],[27.861987,-26.658325],[27.866312,-26.661194],[27.867602,-26.65974],[27.872976,-26.653602],[27.874207,-26.652299],[27.875281,-26.651483],[27.876212,-26.650967],[27.877693,-26.650234],[27.879099,-26.649466],[27.8791,-26.649121],[27.878569,-26.644749],[27.877954,-26.639947],[27.8774,-26.635516],[27.877517,-26.635323],[27.879885,-26.634063],[27.880363,-26.634084],[27.880602,-26.633947],[27.877511,-26.629214],[27.877369,-26.62927],[27.876328,-26.627458],[27.875442,-26.626301],[27.87494,-26.625723],[27.873629,-26.62472],[27.862621,-26.619725],[27.861069,-26.619057],[27.858867,-26.618028],[27.857206,-26.616764],[27.856394,-26.615862],[27.855546,-26.61449],[27.855311,-26.613931],[27.854932,-26.612685],[27.854697,-26.611169],[27.853913,-26.606455],[27.853516,-26.606605],[27.852961,-26.607314],[27.849602,-26.612526],[27.848546,-26.614186],[27.847206,-26.616213],[27.846926,-26.615432],[27.846292,-26.611961],[27.845753,-26.608769],[27.845095,-26.605088],[27.844566,-26.605146],[27.843422,-26.605403],[27.841238,-26.605695],[27.833939,-26.60671],[27.830044,-26.607225],[27.826429,-26.607723],[27.824627,-26.60782],[27.823234,-26.607721],[27.821599,-26.607409],[27.82158,-26.60747],[27.816822,-26.606353],[27.816255,-26.608047],[27.81563,-26.610056],[27.814523,-26.613416],[27.813778,-26.615734],[27.813069,-26.618026],[27.81263,-26.619535],[27.809352,-26.629835],[27.807424,-26.628391],[27.804217,-26.626203],[27.802108,-26.624664],[27.799987,-26.623151],[27.798158,-26.62181],[27.795373,-26.615967],[27.780005,-26.618765],[27.778022,-26.61866],[27.777703,-26.61927],[27.776871,-26.62056],[27.782308,-26.625889],[27.778564,-26.628185],[27.776154,-26.629638],[27.774014,-26.630901],[27.782575,-26.630753],[27.784395,-26.630739],[27.787104,-26.630682],[27.791053,-26.634601],[27.792481,-26.636089],[27.793413,-26.63697],[27.796663,-26.640251],[27.79962,-26.643198],[27.801453,-26.645061],[27.803943,-26.647542],[27.80252,-26.654919],[27.802166,-26.655924],[27.799409,-26.660799],[27.798639,-26.662102],[27.794695,-26.668602],[27.792436,-26.672246],[27.792012,-26.672585],[27.790902,-26.673253],[27.79196,-26.674993],[27.793604,-26.677246],[27.795782,-26.680157],[27.797846,-26.68295],[27.800332,-26.686277],[27.802913,-26.68978],[27.805285,-26.692925],[27.806586,-26.694796],[27.803736,-26.696279],[27.803459,-26.69599],[27.801137,-26.697141],[27.80079,-26.697241],[27.799944,-26.697674],[27.797364,-26.698849],[27.795106,-26.699988],[27.793694,-26.700631],[27.792904,-26.700708],[27.791093,-26.701561],[27.790024,-26.702162],[27.782872,-26.705966],[27.772158,-26.71163],[27.766597,-26.714555],[27.767982,-26.712296],[27.770423,-26.708257],[27.771459,-26.70657],[27.772042,-26.705556],[27.775457,-26.699899],[27.769427,-26.698334],[27.767001,-26.697676],[27.765991,-26.697641],[27.76145,-26.696439],[27.759199,-26.695883],[27.75891,-26.695854],[27.755341,-26.694891],[27.756473,-26.693826],[27.757057,-26.693417],[27.7619,-26.690519],[27.769611,-26.685946],[27.773217,-26.683786],[27.778618,-26.680578],[27.789431,-26.674126],[27.787987,-26.67435],[27.782732,-26.674756],[27.776951,-26.675237],[27.775965,-26.671646],[27.775554,-26.669913],[27.773997,-26.663818],[27.77274,-26.65903],[27.772518,-26.658559],[27.771234,-26.650039],[27.770479,-26.644732],[27.769515,-26.638115],[27.768935,-26.633854],[27.766338,-26.635475],[27.759711,-26.63943],[27.758178,-26.640383],[27.753982,-26.642859],[27.752142,-26.643976],[27.750356,-26.644995],[27.74902,-26.645816],[27.748527,-26.645959],[27.747332,-26.648597],[27.743689,-26.656043],[27.745099,-26.656597],[27.747775,-26.657293],[27.747785,-26.657379],[27.749831,-26.657579],[27.754246,-26.65795],[27.758299,-26.658226],[27.759194,-26.65833],[27.761601,-26.65854],[27.764284,-26.658816],[27.765272,-26.658818],[27.766113,-26.661493],[27.766917,-26.664215],[27.767259,-26.665616],[27.76767,-26.667755],[27.768017,-26.670847],[27.768516,-26.675912],[27.762716,-26.676348],[27.762588,-26.675418],[27.761317,-26.675525],[27.761392,-26.676444],[27.7565,-26.676828],[27.752473,-26.67717],[27.748728,-26.677446],[27.745979,-26.677672],[27.745873,-26.677964],[27.745699,-26.680717],[27.742222,-26.681468],[27.737822,-26.682515],[27.736412,-26.682948],[27.733241,-26.683703],[27.733059,-26.683784],[27.731569,-26.687107],[27.72806,-26.695338],[27.727844,-26.695479],[27.726983,-26.697286],[27.726536,-26.69847],[27.726927,-26.698526],[27.729215,-26.698634],[27.729011,-26.698945],[27.730121,-26.699364],[27.735161,-26.702745],[27.737274,-26.704201],[27.737818,-26.704546],[27.738327,-26.703986],[27.739239,-26.703148],[27.73959,-26.702961],[27.740072,-26.70308],[27.740372,-26.703368],[27.74002,-26.703688],[27.735574,-26.710157],[27.732665,-26.714346],[27.732343,-26.714706],[27.728457,-26.718639],[27.727467,-26.719658],[27.727645,-26.719777],[27.730149,-26.720628],[27.737662,-26.723132],[27.741878,-26.724597],[27.739484,-26.730629],[27.739359,-26.730897],[27.734907,-26.728424],[27.729076,-26.725301],[27.726112,-26.723694],[27.723916,-26.722572],[27.723695,-26.722524],[27.719802,-26.721111],[27.716602,-26.719897],[27.708993,-26.717114],[27.701445,-26.714344],[27.702307,-26.715514],[27.70278,-26.716305],[27.710087,-26.71975],[27.711598,-26.720338],[27.711613,-26.721408],[27.710741,-26.721993],[27.711258,-26.72234],[27.714313,-26.723993],[27.720279,-26.727174],[27.72107,-26.727578],[27.721331,-26.727618],[27.721681,-26.728057],[27.722396,-26.728537],[27.727319,-26.733036],[27.727464,-26.733289],[27.735222,-26.740377],[27.733425,-26.744448],[27.73181,-26.748163],[27.731151,-26.749722],[27.730462,-26.749102],[27.729657,-26.748075],[27.726819,-26.74418],[27.719657,-26.734304],[27.719561,-26.734026],[27.718979,-26.733169],[27.718508,-26.732857],[27.716334,-26.732059],[27.71481,-26.731462],[27.713035,-26.730813],[27.710938,-26.73],[27.710386,-26.731002],[27.708865,-26.730452],[27.70794,-26.733121],[27.707175,-26.734962],[27.70642,-26.737317],[27.704488,-26.736718],[27.703376,-26.739606],[27.70234,-26.742142],[27.701071,-26.745374],[27.700935,-26.745314],[27.697157,-26.742019],[27.696804,-26.74105],[27.696813,-26.74074],[27.699298,-26.740127],[27.69839,-26.73697],[27.698146,-26.735772],[27.697825,-26.73493],[27.696856,-26.734462],[27.696677,-26.734461],[27.690571,-26.735913],[27.690384,-26.736028],[27.690233,-26.738933],[27.690145,-26.739083],[27.689912,-26.744375],[27.689702,-26.748455],[27.689746,-26.749261],[27.68969,-26.751146],[27.68963,-26.751415],[27.68958,-26.752669],[27.689929,-26.754391],[27.690446,-26.756193],[27.690886,-26.758093],[27.691164,-26.759127],[27.69194,-26.757793],[27.691754,-26.756975],[27.692402,-26.755808],[27.692669,-26.755071],[27.693212,-26.753807],[27.693366,-26.753304],[27.692945,-26.751505],[27.693335,-26.750545],[27.693878,-26.749588],[27.693878,-26.748825],[27.693697,-26.74858],[27.693671,-26.74814],[27.69349,-26.747403],[27.693697,-26.747183],[27.694395,-26.746769],[27.695132,-26.745877],[27.695491,-26.745329],[27.696495,-26.745511],[27.697007,-26.745895],[27.697061,-26.746563],[27.697237,-26.747028],[27.698261,-26.748214],[27.698335,-26.748537],[27.698193,-26.748766],[27.697681,-26.749137],[27.696798,-26.750053],[27.696435,-26.750586],[27.696583,-26.751044],[27.697162,-26.751314],[27.69752,-26.751226],[27.698153,-26.751287],[27.700848,-26.750851],[27.70121,-26.750856],[27.703204,-26.750576],[27.704566,-26.750251],[27.704992,-26.749788],[27.705331,-26.748926],[27.705969,-26.748422],[27.706931,-26.748339],[27.708453,-26.748949],[27.70987,-26.747638],[27.710644,-26.747216],[27.711213,-26.747349],[27.711662,-26.747253],[27.712249,-26.746684],[27.712482,-26.746286],[27.712349,-26.746001],[27.711983,-26.745809],[27.711374,-26.745046],[27.710386,-26.742423],[27.710633,-26.742093],[27.711397,-26.740693],[27.712079,-26.739035],[27.712235,-26.738306],[27.71322,-26.738366],[27.712824,-26.738867],[27.712485,-26.740062],[27.712598,-26.740523],[27.712226,-26.74171],[27.712501,-26.742211],[27.713325,-26.742268],[27.713479,-26.742041],[27.713519,-26.741565],[27.714715,-26.741589],[27.715191,-26.741856],[27.715692,-26.742567],[27.715829,-26.743205],[27.716451,-26.743738],[27.71709,-26.744029],[27.717825,-26.744594],[27.718164,-26.74524],[27.718422,-26.745943],[27.718592,-26.747115],[27.71856,-26.748343],[27.718729,-26.749611],[27.719028,-26.750354],[27.719012,-26.751388],[27.71881,-26.752309],[27.718057,-26.753139],[27.717368,-26.753295],[27.71696,-26.752961],[27.716521,-26.752313],[27.716427,-26.751477],[27.716239,-26.750997],[27.715414,-26.750255],[27.714745,-26.749973],[27.713262,-26.749774],[27.711726,-26.750474],[27.711809,-26.751415],[27.711423,-26.751707],[27.710357,-26.751676],[27.709239,-26.75131],[27.708623,-26.751216],[27.70763,-26.751436],[27.706711,-26.752062],[27.706147,-26.752324],[27.704778,-26.752689],[27.702751,-26.753055],[27.700275,-26.753076],[27.69945,-26.752982],[27.698509,-26.753107],[27.696127,-26.753567],[27.695594,-26.75388],[27.695218,-26.754215],[27.694675,-26.755489],[27.694696,-26.756137],[27.694853,-26.75691],[27.695103,-26.7576],[27.695156,-26.758039],[27.694665,-26.758759],[27.693348,-26.759428],[27.693432,-26.759574],[27.692447,-26.763118]]]}},{"type":"Feature","properties":{"id":"emfuleni-stretford","name":"Stretford","labelPriority":"secondary","selectionBasis":"census-main-place","subPlaceCount":1},"geometry":{"type":"Polygon","coordinates":[[[27.829359,-26.501254],[27.834749,-26.490749],[27.83507,-26.49045],[27.846821,-26.49688],[27.852011,-26.499729],[27.852921,-26.50029],[27.85401,-26.501181],[27.856534,-26.503466],[27.856469,-26.503936],[27.856207,-26.504418],[27.856241,-26.50474],[27.85586,-26.504867],[27.855758,-26.50518],[27.854819,-26.505256],[27.85365,-26.505646],[27.852372,-26.506898],[27.852228,-26.507144],[27.850899,-26.50783],[27.850552,-26.508168],[27.849824,-26.508236],[27.849452,-26.508436],[27.849276,-26.508827],[27.848895,-26.509308],[27.848547,-26.509355],[27.848395,-26.509674],[27.848347,-26.510555],[27.847914,-26.510841],[27.848052,-26.511022],[27.847824,-26.511393],[27.848028,-26.511584],[27.847666,-26.511712],[27.847766,-26.512108],[27.847528,-26.51226],[27.847443,-26.512589],[27.847181,-26.512755],[27.846795,-26.513779],[27.846547,-26.51376],[27.846405,-26.514089],[27.846157,-26.51416],[27.845871,-26.51455],[27.845933,-26.514812],[27.845747,-26.51546],[27.845781,-26.516003],[27.845424,-26.516527],[27.841909,-26.515741],[27.842392,-26.513842],[27.84281,-26.512443],[27.842868,-26.511722],[27.842738,-26.511246],[27.841824,-26.50886],[27.837594,-26.506302],[27.834473,-26.504204],[27.831257,-26.502203],[27.829359,-26.501254]]]}},{"type":"Feature","properties":{"id":"emfuleni-lakeside","name":"Lakeside","labelPriority":"secondary","selectionBasis":"census-main-place","subPlaceCount":1},"geometry":{"type":"Polygon","coordinates":[[[27.881201,-26.52235],[27.881226,-26.52235],[27.8836,-26.522329],[27.8836,-26.522369],[27.886709,-26.52236],[27.88705,-26.526216],[27.882822,-26.525258],[27.88084,-26.524763],[27.880128,-26.524546],[27.875406,-26.523447],[27.868671,-26.52194],[27.864893,-26.52113],[27.864661,-26.51176],[27.864661,-26.510803],[27.865641,-26.511681],[27.86614,-26.51251],[27.86689,-26.5128],[27.8713,-26.516741],[27.871799,-26.51757],[27.87254,-26.51786],[27.87414,-26.519291],[27.875629,-26.5205],[27.876459,-26.521009],[27.87734,-26.521441],[27.87826,-26.521811],[27.880199,-26.522261],[27.881201,-26.52235]]]}},{"type":"Feature","properties":{"id":"emfuleni-golden-gardens","name":"Golden Gardens","labelPriority":"secondary","selectionBasis":"census-main-place","subPlaceCount":1},"geometry":{"type":"Polygon","coordinates":[[[27.806208,-26.613217],[27.806208,-26.6131],[27.806169,-26.607623],[27.806337,-26.607526],[27.806353,-26.60643],[27.812253,-26.607365],[27.816255,-26.608047],[27.81563,-26.610056],[27.814523,-26.613416],[27.813778,-26.615734],[27.813069,-26.618026],[27.81263,-26.619535],[27.808281,-26.619561],[27.803351,-26.619515],[27.803314,-26.617159],[27.806219,-26.614668],[27.806208,-26.613217]]]}},{"type":"Feature","properties":{"id":"emfuleni-johandeo","name":"Johandeo","labelPriority":"secondary","selectionBasis":"census-main-place","subPlaceCount":1},"geometry":{"type":"Polygon","coordinates":[[[27.816255,-26.608047],[27.812253,-26.607365],[27.806353,-26.60643],[27.806013,-26.603845],[27.806407,-26.602793],[27.804009,-26.598541],[27.796794,-26.586353],[27.797909,-26.586134],[27.808192,-26.59452],[27.809864,-26.595916],[27.810002,-26.596136],[27.81133,-26.5972],[27.812471,-26.598322],[27.815652,-26.600918],[27.816343,-26.601408],[27.816769,-26.601588],[27.81828,-26.601967],[27.816822,-26.606353],[27.816255,-26.608047]]]}},{"type":"Feature","properties":{"id":"emfuleni-nu","name":"Emfuleni NU","labelPriority":"secondary","selectionBasis":"census-main-place","subPlaceCount":4},"geometry":{"type":"Polygon","coordinates":[[[27.60224,-26.722851],[27.602386,-26.724397],[27.603536,-26.726073],[27.605597,-26.729252],[27.606124,-26.728925],[27.607865,-26.731006],[27.607633,-26.731288],[27.608218,-26.73168],[27.609149,-26.732008],[27.609143,-26.73229],[27.609695,-26.733141],[27.609859,-26.732929],[27.610491,-26.732599],[27.611509,-26.73259],[27.61347,-26.732441],[27.613911,-26.73245],[27.61492,-26.73267],[27.61622,-26.73279],[27.61692,-26.73274],[27.6175,-26.732599],[27.618851,-26.73259],[27.619961,-26.73251],[27.620899,-26.73237],[27.621901,-26.73255],[27.62322,-26.73266],[27.62459,-26.73266],[27.62631,-26.73245],[27.62952,-26.732349],[27.630489,-26.73254],[27.63187,-26.73274],[27.632469,-26.73299],[27.63341,-26.7337],[27.63406,-26.734791],[27.63447,-26.735741],[27.634541,-26.73629],[27.634649,-26.738331],[27.634609,-26.739031],[27.634121,-26.740431],[27.633619,-26.74151],[27.63308,-26.742411],[27.632401,-26.743971],[27.63229,-26.74514],[27.632401,-26.74596],[27.632721,-26.746639],[27.63344,-26.747829],[27.633829,-26.74827],[27.63431,-26.74909],[27.63542,-26.75062],[27.63579,-26.75131],[27.63553,-26.75251],[27.63501,-26.753559],[27.63402,-26.754641],[27.63332,-26.75569],[27.63311,-26.756559],[27.632669,-26.75765],[27.631861,-26.75914],[27.63061,-26.760759],[27.62978,-26.76165],[27.62911,-26.762831],[27.628679,-26.76396],[27.628389,-26.766029],[27.62846,-26.76685],[27.62973,-26.76972],[27.63059,-26.770821],[27.631319,-26.771429],[27.63199,-26.771799],[27.632771,-26.772051],[27.633961,-26.772181],[27.6357,-26.77203],[27.63714,-26.771481],[27.638321,-26.771219],[27.63903,-26.770969],[27.639351,-26.770611],[27.63965,-26.76997],[27.640011,-26.76951],[27.64043,-26.76919],[27.641041,-26.768869],[27.64217,-26.768539],[27.64308,-26.76848],[27.644039,-26.7686],[27.646799,-26.76902],[27.647381,-26.76918],[27.64924,-26.769461],[27.65099,-26.769911],[27.651939,-26.769991],[27.655199,-26.770451],[27.657209,-26.770809],[27.658369,-26.7712],[27.65884,-26.771441],[27.660351,-26.77252],[27.661369,-26.77319],[27.662279,-26.77354],[27.663031,-26.773661],[27.66478,-26.77367],[27.66621,-26.77356],[27.66839,-26.773251],[27.67005,-26.77306],[27.6705,-26.772921],[27.67165,-26.7728],[27.67296,-26.77261],[27.67363,-26.77243],[27.67473,-26.77199],[27.67598,-26.771351],[27.67733,-26.770399],[27.678169,-26.76969],[27.68041,-26.767679],[27.681789,-26.76683],[27.68317,-26.765909],[27.68412,-26.76512],[27.684509,-26.764549],[27.684601,-26.764259],[27.68527,-26.76338],[27.686359,-26.762569],[27.687099,-26.76211],[27.688181,-26.761761],[27.68903,-26.76181],[27.69059,-26.762329],[27.692447,-26.763118],[27.693432,-26.759574],[27.693348,-26.759428],[27.694665,-26.758759],[27.695156,-26.758039],[27.695103,-26.7576],[27.694853,-26.75691],[27.694696,-26.756137],[27.694675,-26.755489],[27.695218,-26.754215],[27.695594,-26.75388],[27.696127,-26.753567],[27.698509,-26.753107],[27.69945,-26.752982],[27.700275,-26.753076],[27.702751,-26.753055],[27.704778,-26.752689],[27.706147,-26.752324],[27.706711,-26.752062],[27.70763,-26.751436],[27.708623,-26.751216],[27.709239,-26.75131],[27.710357,-26.751676],[27.711423,-26.751707],[27.711809,-26.751415],[27.711726,-26.750474],[27.713262,-26.749774],[27.714745,-26.749973],[27.715414,-26.750255],[27.716239,-26.750997],[27.716427,-26.751477],[27.716521,-26.752313],[27.71696,-26.752961],[27.717368,-26.753295],[27.718057,-26.753139],[27.71881,-26.752309],[27.719012,-26.751388],[27.719028,-26.750354],[27.718729,-26.749611],[27.71856,-26.748343],[27.718592,-26.747115],[27.718422,-26.745943],[27.718164,-26.74524],[27.717825,-26.744594],[27.71709,-26.744029],[27.716451,-26.743738],[27.715829,-26.743205],[27.715692,-26.742567],[27.715191,-26.741856],[27.714715,-26.741589],[27.713519,-26.741565],[27.713479,-26.742041],[27.713325,-26.742268],[27.712501,-26.742211],[27.712226,-26.74171],[27.712598,-26.740523],[27.712485,-26.740062],[27.712824,-26.738867],[27.71322,-26.738366],[27.712235,-26.738306],[27.712079,-26.739035],[27.711397,-26.740693],[27.710633,-26.742093],[27.710386,-26.742423],[27.711374,-26.745046],[27.711983,-26.745809],[27.712349,-26.746001],[27.712482,-26.746286],[27.712249,-26.746684],[27.711662,-26.747253],[27.711213,-26.747349],[27.710644,-26.747216],[27.70987,-26.747638],[27.708453,-26.748949],[27.706931,-26.748339],[27.705969,-26.748422],[27.705331,-26.748926],[27.704992,-26.749788],[27.704566,-26.750251],[27.703204,-26.750576],[27.70121,-26.750856],[27.700848,-26.750851],[27.698153,-26.751287],[27.69752,-26.751226],[27.697162,-26.751314],[27.696583,-26.751044],[27.696435,-26.750586],[27.696798,-26.750053],[27.697681,-26.749137],[27.698193,-26.748766],[27.698335,-26.748537],[27.698261,-26.748214],[27.697237,-26.747028],[27.697061,-26.746563],[27.697007,-26.745895],[27.696495,-26.745511],[27.695491,-26.745329],[27.695132,-26.745877],[27.694395,-26.746769],[27.693697,-26.747183],[27.69349,-26.747403],[27.693671,-26.74814],[27.693697,-26.74858],[27.693878,-26.748825],[27.693878,-26.749588],[27.693335,-26.750545],[27.692945,-26.751505],[27.693366,-26.753304],[27.693212,-26.753807],[27.692669,-26.755071],[27.692402,-26.755808],[27.691754,-26.756975],[27.69194,-26.757793],[27.691164,-26.759127],[27.690886,-26.758093],[27.690446,-26.756193],[27.689929,-26.754391],[27.68958,-26.752669],[27.68963,-26.751415],[27.68969,-26.751146],[27.689746,-26.749261],[27.689702,-26.748455],[27.689912,-26.744375],[27.690145,-26.739083],[27.690233,-26.738933],[27.690384,-26.736028],[27.690571,-26.735913],[27.696677,-26.734461],[27.696856,-26.734462],[27.697825,-26.73493],[27.698146,-26.735772],[27.69839,-26.73697],[27.699298,-26.740127],[27.696813,-26.74074],[27.696804,-26.74105],[27.697157,-26.742019],[27.700935,-26.745314],[27.701071,-26.745374],[27.70234,-26.742142],[27.703376,-26.739606],[27.704488,-26.736718],[27.70642,-26.737317],[27.707175,-26.734962],[27.70794,-26.733121],[27.708865,-26.730452],[27.710386,-26.731002],[27.710938,-26.73],[27.713035,-26.730813],[27.71481,-26.731462],[27.716334,-26.732059],[27.718508,-26.732857],[27.718979,-26.733169],[27.719561,-26.734026],[27.719657,-26.734304],[27.726819,-26.74418],[27.729657,-26.748075],[27.730462,-26.749102],[27.731151,-26.749722],[27.73181,-26.748163],[27.733425,-26.744448],[27.735222,-26.740377],[27.727464,-26.733289],[27.727319,-26.733036],[27.722396,-26.728537],[27.721681,-26.728057],[27.721331,-26.727618],[27.72107,-26.727578],[27.720279,-26.727174],[27.714313,-26.723993],[27.711258,-26.72234],[27.710741,-26.721993],[27.711613,-26.721408],[27.711598,-26.720338],[27.710087,-26.71975],[27.70278,-26.716305],[27.702307,-26.715514],[27.701445,-26.714344],[27.708993,-26.717114],[27.716602,-26.719897],[27.719802,-26.721111],[27.723695,-26.722524],[27.723916,-26.722572],[27.726112,-26.723694],[27.729076,-26.725301],[27.734907,-26.728424],[27.739359,-26.730897],[27.739484,-26.730629],[27.741878,-26.724597],[27.737662,-26.723132],[27.730149,-26.720628],[27.727645,-26.719777],[27.727467,-26.719658],[27.728457,-26.718639],[27.732343,-26.714706],[27.732665,-26.714346],[27.735574,-26.710157],[27.74002,-26.703688],[27.740372,-26.703368],[27.740072,-26.70308],[27.73959,-26.702961],[27.739239,-26.703148],[27.738327,-26.703986],[27.737818,-26.704546],[27.737274,-26.704201],[27.735161,-26.702745],[27.730121,-26.699364],[27.729011,-26.698945],[27.729215,-26.698634],[27.726927,-26.698526],[27.726536,-26.69847],[27.726983,-26.697286],[27.727844,-26.695479],[27.72806,-26.695338],[27.731569,-26.687107],[27.733059,-26.683784],[27.733241,-26.683703],[27.736412,-26.682948],[27.737822,-26.682515],[27.742222,-26.681468],[27.745699,-26.680717],[27.745873,-26.677964],[27.745979,-26.677672],[27.748728,-26.677446],[27.752473,-26.67717],[27.7565,-26.676828],[27.761392,-26.676444],[27.761317,-26.675525],[27.762588,-26.675418],[27.762716,-26.676348],[27.768516,-26.675912],[27.768017,-26.670847],[27.76767,-26.667755],[27.767259,-26.665616],[27.766917,-26.664215],[27.766113,-26.661493],[27.765272,-26.658818],[27.764284,-26.658816],[27.761601,-26.65854],[27.759194,-26.65833],[27.758299,-26.658226],[27.754246,-26.65795],[27.749831,-26.657579],[27.747785,-26.657379],[27.747775,-26.657293],[27.745099,-26.656597],[27.743689,-26.656043],[27.747332,-26.648597],[27.748527,-26.645959],[27.74902,-26.645816],[27.750356,-26.644995],[27.752142,-26.643976],[27.753982,-26.642859],[27.758178,-26.640383],[27.759711,-26.63943],[27.766338,-26.635475],[27.768935,-26.633854],[27.769515,-26.638115],[27.770479,-26.644732],[27.771234,-26.650039],[27.772518,-26.658559],[27.77274,-26.65903],[27.773997,-26.663818],[27.775554,-26.669913],[27.775965,-26.671646],[27.776951,-26.675237],[27.782732,-26.674756],[27.787987,-26.67435],[27.789431,-26.674126],[27.790902,-26.673253],[27.792012,-26.672585],[27.792436,-26.672246],[27.794695,-26.668602],[27.798639,-26.662102],[27.799409,-26.660799],[27.802166,-26.655924],[27.80252,-26.654919],[27.803943,-26.647542],[27.801453,-26.645061],[27.79962,-26.643198],[27.796663,-26.640251],[27.793413,-26.63697],[27.792481,-26.636089],[27.791053,-26.634601],[27.787104,-26.630682],[27.784395,-26.630739],[27.782575,-26.630753],[27.774014,-26.630901],[27.776154,-26.629638],[27.778564,-26.628185],[27.782308,-26.625889],[27.776871,-26.62056],[27.777703,-26.61927],[27.778022,-26.61866],[27.780005,-26.618765],[27.795373,-26.615967],[27.798158,-26.62181],[27.799987,-26.623151],[27.802108,-26.624664],[27.804217,-26.626203],[27.807424,-26.628391],[27.809352,-26.629835],[27.81263,-26.619535],[27.808281,-26.619561],[27.803351,-26.619515],[27.803314,-26.617159],[27.806219,-26.614668],[27.806208,-26.613217],[27.806208,-26.6131],[27.806169,-26.607623],[27.806337,-26.607526],[27.806353,-26.60643],[27.806013,-26.603845],[27.806407,-26.602793],[27.804009,-26.598541],[27.796794,-26.586353],[27.797909,-26.586134],[27.808192,-26.59452],[27.809864,-26.595916],[27.810002,-26.596136],[27.81133,-26.5972],[27.812471,-26.598322],[27.815652,-26.600918],[27.816343,-26.601408],[27.816769,-26.601588],[27.81828,-26.601967],[27.820035,-26.596517],[27.820383,-26.595242],[27.820785,-26.59342],[27.821472,-26.590671],[27.818943,-26.589997],[27.815525,-26.58915],[27.810239,-26.587964],[27.806519,-26.587118],[27.799319,-26.585519],[27.797796,-26.58515],[27.796761,-26.584774],[27.795899,-26.584254],[27.795891,-26.583548],[27.796203,-26.583708],[27.798571,-26.583503],[27.798706,-26.583691],[27.79999,-26.58383],[27.801115,-26.583766],[27.801196,-26.583546],[27.802731,-26.583897],[27.803292,-26.583894],[27.806032,-26.582991],[27.806059,-26.583051],[27.807179,-26.582674],[27.813531,-26.584274],[27.814845,-26.584104],[27.817951,-26.583999],[27.819402,-26.583883],[27.820828,-26.583869],[27.822348,-26.583799],[27.823144,-26.583682],[27.823301,-26.582976],[27.826003,-26.571732],[27.82664,-26.568945],[27.827145,-26.566939],[27.827712,-26.56455],[27.823536,-26.565524],[27.817681,-26.566807],[27.817309,-26.566918],[27.815817,-26.566258],[27.815744,-26.566315],[27.813554,-26.565174],[27.8135,-26.565015],[27.813521,-26.563841],[27.813733,-26.563081],[27.813794,-26.562332],[27.81366,-26.561567],[27.814686,-26.560825],[27.813877,-26.559927],[27.812953,-26.559481],[27.813156,-26.55908],[27.813143,-26.558747],[27.813769,-26.558116],[27.814125,-26.557974],[27.814684,-26.557428],[27.814254,-26.556696],[27.815013,-26.556362],[27.814938,-26.556004],[27.816606,-26.555712],[27.817278,-26.55553],[27.818233,-26.555678],[27.819459,-26.555645],[27.820298,-26.555544],[27.821609,-26.555023],[27.82214,-26.554744],[27.822399,-26.554484],[27.822218,-26.554311],[27.823633,-26.553316],[27.824085,-26.553254],[27.824594,-26.553701],[27.82619,-26.552359],[27.826622,-26.552575],[27.827141,-26.552162],[27.824966,-26.549909],[27.824839,-26.550026],[27.824218,-26.549802],[27.823607,-26.549843],[27.822334,-26.549307],[27.820764,-26.548517],[27.816132,-26.546278],[27.811889,-26.544274],[27.808691,-26.542496],[27.806902,-26.541438],[27.808249,-26.533224],[27.809511,-26.52545],[27.810068,-26.522151],[27.810579,-26.518908],[27.812131,-26.509466],[27.812642,-26.506269],[27.813765,-26.499406],[27.813946,-26.499371],[27.822123,-26.497404],[27.826649,-26.496273],[27.82518,-26.485189],[27.824469,-26.479877],[27.82169,-26.48488],[27.817727,-26.484343],[27.81288,-26.4837],[27.80579,-26.48274],[27.781321,-26.47945],[27.779551,-26.479219],[27.77886,-26.48501],[27.75971,-26.48387],[27.75942,-26.459634],[27.759239,-26.44466],[27.76894,-26.44565],[27.769279,-26.45096],[27.7698,-26.45113],[27.770121,-26.450859],[27.770439,-26.45093],[27.770599,-26.45137],[27.77277,-26.45195],[27.775758,-26.4522],[27.780279,-26.452579],[27.7834,-26.446699],[27.78594,-26.44762],[27.793079,-26.4321],[27.79455,-26.428881],[27.79163,-26.420191],[27.78618,-26.41898],[27.76869,-26.41909],[27.76129,-26.419149],[27.75839,-26.419161],[27.751419,-26.419161],[27.74898,-26.41917],[27.74859,-26.42108],[27.74715,-26.42831],[27.745239,-26.43778],[27.738461,-26.43828],[27.732349,-26.438721],[27.727699,-26.431499],[27.727539,-26.43121],[27.727011,-26.431669],[27.72086,-26.436501],[27.713369,-26.4424],[27.709669,-26.45467],[27.710699,-26.46229],[27.712919,-26.478979],[27.71431,-26.489389],[27.713409,-26.49794],[27.71208,-26.51092],[27.71143,-26.51705],[27.71036,-26.52787],[27.710131,-26.53001],[27.693871,-26.52738],[27.68722,-26.52626],[27.68136,-26.52524],[27.67598,-26.524349],[27.6756,-26.52623],[27.675501,-26.526911],[27.675529,-26.528061],[27.67564,-26.529079],[27.675751,-26.529261],[27.676371,-26.531179],[27.67898,-26.536591],[27.676411,-26.538691],[27.67671,-26.54143],[27.67791,-26.552139],[27.678869,-26.56065],[27.67561,-26.573521],[27.674999,-26.576229],[27.67317,-26.584471],[27.67112,-26.59363],[27.669209,-26.602249],[27.668989,-26.603621],[27.667931,-26.61055],[27.65958,-26.6042],[27.657749,-26.617741],[27.64994,-26.61578],[27.64357,-26.614111],[27.634121,-26.6117],[27.624451,-26.60924],[27.618441,-26.609011],[27.61434,-26.60881],[27.6108,-26.608669],[27.60549,-26.60844],[27.59676,-26.60812],[27.579599,-26.607531],[27.575491,-26.623039],[27.570419,-26.64216],[27.56909,-26.64716],[27.569139,-26.64926],[27.56938,-26.66184],[27.569521,-26.668711],[27.569571,-26.67197],[27.57024,-26.683649],[27.57423,-26.68408],[27.574221,-26.68749],[27.574181,-26.69525],[27.57415,-26.709351],[27.57412,-26.715031],[27.57416,-26.715839],[27.57531,-26.715691],[27.592461,-26.70121],[27.60284,-26.69244],[27.602591,-26.694731],[27.60166,-26.714861],[27.60224,-26.722851]]]}},{"type":"Feature","properties":{"id":"emfuleni-vaal-oewer","name":"Vaal Oewer","labelPriority":"secondary","selectionBasis":"census-main-place","subPlaceCount":1},"geometry":{"type":"Polygon","coordinates":[[[27.609695,-26.733141],[27.609461,-26.73344],[27.6091,-26.73473],[27.6091,-26.73514],[27.60928,-26.73596],[27.609261,-26.736429],[27.608971,-26.738569],[27.608709,-26.739161],[27.607849,-26.740459],[27.607189,-26.741091],[27.60672,-26.74127],[27.6061,-26.74132],[27.605709,-26.74122],[27.604799,-26.74077],[27.60409,-26.740629],[27.60376,-26.74065],[27.602631,-26.74102],[27.602171,-26.74102],[27.60133,-26.74077],[27.6003,-26.74032],[27.59968,-26.73999],[27.59878,-26.7393],[27.59833,-26.738871],[27.59771,-26.73811],[27.597321,-26.73773],[27.59668,-26.737301],[27.595539,-26.73715],[27.594179,-26.73704],[27.59358,-26.737141],[27.593121,-26.73736],[27.592211,-26.73757],[27.590429,-26.738359],[27.58881,-26.735701],[27.58399,-26.73263],[27.581409,-26.731001],[27.58448,-26.72851],[27.58691,-26.727289],[27.589121,-26.724091],[27.60224,-26.722851],[27.602386,-26.724397],[27.603536,-26.726073],[27.605597,-26.729252],[27.606124,-26.728925],[27.607865,-26.731006],[27.607633,-26.731288],[27.608218,-26.73168],[27.609149,-26.732008],[27.609143,-26.73229],[27.609695,-26.733141]]]}},{"type":"Feature","properties":{"id":"midvaal-mamello","name":"Mamello","labelPriority":"primary","selectionBasis":"census-main-place","subPlaceCount":1},"geometry":{"type":"Polygon","coordinates":[[[28.255617,-26.874529],[28.255598,-26.874711],[28.250316,-26.874265],[28.25065,-26.87379],[28.252293,-26.87183],[28.253563,-26.870542],[28.254435,-26.869471],[28.254679,-26.869924],[28.255044,-26.871978],[28.25518,-26.872427],[28.255617,-26.874529]]]}},{"type":"Feature","properties":{"id":"midvaal-meyerton","name":"Meyerton","labelPriority":"secondary","selectionBasis":"census-main-place","subPlaceCount":30},"geometry":{"type":"Polygon","coordinates":[[[27.954404,-26.643397],[27.956228,-26.643653],[27.960889,-26.644109],[27.961985,-26.644378],[27.962234,-26.644136],[27.963329,-26.644329],[27.988661,-26.648939],[27.994949,-26.65008],[27.99852,-26.6507],[28.005964,-26.65206],[28.013741,-26.652407],[28.012654,-26.658445],[28.013921,-26.658928],[28.017533,-26.660209],[28.026252,-26.663329],[28.035602,-26.666648],[28.034495,-26.669804],[28.035003,-26.669898],[28.035291,-26.670138],[28.035403,-26.670547],[28.035348,-26.671307],[28.036322,-26.672827],[28.040065,-26.676029],[28.040273,-26.67731],[28.039641,-26.678676],[28.039321,-26.679633],[28.039506,-26.680747],[28.038969,-26.682474],[28.03869,-26.682934],[28.038523,-26.684476],[28.038708,-26.68541],[28.038545,-26.685798],[28.037905,-26.686474],[28.037472,-26.687643],[28.037368,-26.688152],[28.037449,-26.688869],[28.039258,-26.691323],[28.039456,-26.691855],[28.039447,-26.692329],[28.040016,-26.693019],[28.040611,-26.693456],[28.041134,-26.693298],[28.041617,-26.692198],[28.042153,-26.691539],[28.042176,-26.690782],[28.042812,-26.689807],[28.044014,-26.688471],[28.044841,-26.687755],[28.045365,-26.686984],[28.045644,-26.686411],[28.046005,-26.686213],[28.046605,-26.685203],[28.048621,-26.68274],[28.048887,-26.681892],[28.04923,-26.681328],[28.049906,-26.681346],[28.051259,-26.68182],[28.053686,-26.68288],[28.056329,-26.683985],[28.056956,-26.684071],[28.057993,-26.683926],[28.059377,-26.68288],[28.059946,-26.682848],[28.061321,-26.684481],[28.062323,-26.685369],[28.062047,-26.682226],[28.061917,-26.680264],[28.061529,-26.676949],[28.061782,-26.676872],[28.06198,-26.676403],[28.061551,-26.67611],[28.060812,-26.666878],[28.060514,-26.66382],[28.060144,-26.659058],[28.059734,-26.655675],[28.059635,-26.654566],[28.05949,-26.654358],[28.059824,-26.654129],[28.060964,-26.652607],[28.060967,-26.652411],[28.064708,-26.647279],[28.067201,-26.643771],[28.068713,-26.644938],[28.069072,-26.645033],[28.07397,-26.640027],[28.072529,-26.63906],[28.069123,-26.636671],[28.068838,-26.636665],[28.068493,-26.636979],[28.066281,-26.637679],[28.060159,-26.639682],[28.059993,-26.639712],[28.058369,-26.639567],[28.058495,-26.638799],[28.058424,-26.637236],[28.057936,-26.631334],[28.057575,-26.626632],[28.057392,-26.624572],[28.057105,-26.62084],[28.05715,-26.620349],[28.057481,-26.619411],[28.063146,-26.62238],[28.07737,-26.630077],[28.082181,-26.628602],[28.089162,-26.62633],[28.096938,-26.623848],[28.09978,-26.622904],[28.100801,-26.622525],[28.100169,-26.620729],[28.09867,-26.616308],[28.097107,-26.611768],[28.096147,-26.609032],[28.094526,-26.604307],[28.092933,-26.599713],[28.091996,-26.596953],[28.091266,-26.594957],[28.085691,-26.598932],[28.082725,-26.600998],[28.080942,-26.602311],[28.076027,-26.605795],[28.074904,-26.606566],[28.074627,-26.606383],[28.074059,-26.607185],[28.07349,-26.607706],[28.068918,-26.610922],[28.067526,-26.609547],[28.065827,-26.608418],[28.062156,-26.606673],[28.059819,-26.605452],[28.056689,-26.604002],[28.054462,-26.60295],[28.053172,-26.602375],[28.0494,-26.600609],[28.048012,-26.5999],[28.04766,-26.59982],[28.043844,-26.598006],[28.042832,-26.598851],[28.040871,-26.597055],[28.042089,-26.596581],[28.044212,-26.595815],[28.04418,-26.595762],[28.053657,-26.592387],[28.051018,-26.588894],[28.047466,-26.58414],[28.044107,-26.579718],[28.040043,-26.574291],[28.039486,-26.573582],[28.037693,-26.570932],[28.037061,-26.568474],[28.035363,-26.566183],[28.035098,-26.56601],[28.031749,-26.561581],[28.03384,-26.557933],[28.033791,-26.557285],[28.03428,-26.55735],[28.03793,-26.559509],[28.0453,-26.5639],[28.04588,-26.564767],[28.046422,-26.565236],[28.046808,-26.56497],[28.048606,-26.566002],[28.050172,-26.566258],[28.050423,-26.564639],[28.051477,-26.564517],[28.051883,-26.564881],[28.051945,-26.565754],[28.052214,-26.565771],[28.052343,-26.566039],[28.052772,-26.566251],[28.053162,-26.566111],[28.054377,-26.566128],[28.055227,-26.566279],[28.055693,-26.566195],[28.056318,-26.565832],[28.056624,-26.565949],[28.057159,-26.565922],[28.05838,-26.565531],[28.05881,-26.565548],[28.059351,-26.565186],[28.05944,-26.56494],[28.059335,-26.563707],[28.059599,-26.563004],[28.059947,-26.562455],[28.060245,-26.56233],[28.061267,-26.562749],[28.06339,-26.563335],[28.063819,-26.563694],[28.06605,-26.5613],[28.066323,-26.559023],[28.065536,-26.557822],[28.065954,-26.557377],[28.06784,-26.558184],[28.068787,-26.558473],[28.07009,-26.558493],[28.071944,-26.558299],[28.076372,-26.557752],[28.08378,-26.55712],[28.086899,-26.557342],[28.093523,-26.557902],[28.094686,-26.557967],[28.098342,-26.552985],[28.101741,-26.548324],[28.090244,-26.541346],[28.084888,-26.538085],[28.08118,-26.535737],[28.078798,-26.534342],[28.076007,-26.53265],[28.071268,-26.529705],[28.06909,-26.52841],[28.069634,-26.526621],[28.070808,-26.524737],[28.069883,-26.521074],[28.070242,-26.52003],[28.070682,-26.519207],[28.070755,-26.518718],[28.071106,-26.518343],[28.071685,-26.518204],[28.071709,-26.517927],[28.071,-26.517405],[28.071024,-26.516769],[28.070902,-26.516313],[28.06919,-26.514568],[28.069573,-26.513655],[28.069834,-26.510834],[28.070266,-26.50997],[28.070486,-26.509049],[28.07113,-26.50807],[28.071888,-26.507638],[28.07272,-26.507459],[28.072427,-26.50719],[28.072567,-26.507009],[28.073126,-26.507194],[28.07343,-26.506868],[28.073202,-26.506531],[28.073105,-26.506102],[28.073269,-26.505375],[28.073198,-26.505199],[28.072723,-26.504941],[28.072365,-26.504606],[28.071814,-26.503861],[28.070651,-26.502574],[28.070289,-26.502389],[28.07003,-26.50182],[28.07006,-26.5],[28.07057,-26.49805],[28.070724,-26.496857],[28.070876,-26.496574],[28.071409,-26.496183],[28.072789,-26.495302],[28.073213,-26.494944],[28.07348,-26.49406],[28.073365,-26.493541],[28.072333,-26.492726],[28.071593,-26.492204],[28.070811,-26.491128],[28.070104,-26.490313],[28.070224,-26.490009],[28.071148,-26.490085],[28.07141,-26.48958],[28.071235,-26.4894],[28.071713,-26.488911],[28.071822,-26.488454],[28.070941,-26.486998],[28.06968,-26.48628],[28.069626,-26.485432],[28.07034,-26.48386],[28.070617,-26.483608],[28.071223,-26.483795],[28.072846,-26.483927],[28.073438,-26.483673],[28.07371,-26.48342],[28.073836,-26.482979],[28.075333,-26.481552],[28.075254,-26.480928],[28.075507,-26.480482],[28.075582,-26.479928],[28.075798,-26.479468],[28.076197,-26.479018],[28.076333,-26.478699],[28.077164,-26.47769],[28.076995,-26.477513],[28.077819,-26.476339],[28.076393,-26.475305],[28.075729,-26.47478],[28.073449,-26.475644],[28.07236,-26.476213],[28.071842,-26.476774],[28.070794,-26.477059],[28.070464,-26.478555],[28.067185,-26.479053],[28.063779,-26.487001],[28.061853,-26.491532],[28.061463,-26.491672],[28.060417,-26.491335],[28.054945,-26.490211],[28.049214,-26.489092],[28.047951,-26.488912],[28.046291,-26.488792],[28.045311,-26.488786],[28.043778,-26.48887],[28.042677,-26.488996],[28.03651,-26.490002],[28.034917,-26.490232],[28.03308,-26.490379],[28.031216,-26.490289],[28.03035,-26.490181],[28.028834,-26.48988],[28.028101,-26.489676],[28.025599,-26.488756],[28.020686,-26.500001],[28.02038,-26.50039],[28.013429,-26.505255],[28.009834,-26.507718],[27.997814,-26.516192],[27.971825,-26.53439],[27.971855,-26.534421],[27.974135,-26.539386],[27.976144,-26.543706],[27.976991,-26.545601],[27.979448,-26.550903],[27.979767,-26.551664],[27.979724,-26.551928],[27.979947,-26.5521],[27.980857,-26.55417],[27.983021,-26.55583],[27.97798,-26.561081],[27.97455,-26.564671],[27.96954,-26.56986],[27.959881,-26.579889],[27.951361,-26.589661],[27.948151,-26.59342],[27.945721,-26.596189],[27.94582,-26.596279],[27.954639,-26.595409],[27.96619,-26.594851],[27.969311,-26.592079],[27.98123,-26.60228],[27.981569,-26.601379],[27.985479,-26.602421],[27.984221,-26.60478],[27.982361,-26.6075],[27.978371,-26.612499],[27.97571,-26.61585],[27.97057,-26.622271],[27.969801,-26.623249],[27.96483,-26.62945],[27.96529,-26.62974],[27.961599,-26.63438],[27.954404,-26.643397]]]}},{"type":"Feature","properties":{"id":"midvaal-walkerville","name":"Walkerville","labelPriority":"secondary","selectionBasis":"census-main-place","subPlaceCount":9},"geometry":{"type":"Polygon","coordinates":[[[27.89316,-26.40431],[27.89894,-26.403705],[27.90766,-26.402769],[27.93165,-26.400221],[27.935551,-26.39982],[27.93539,-26.401979],[27.9349,-26.40748],[27.93462,-26.4105],[27.933451,-26.42334],[27.93338,-26.424185],[27.93185,-26.424851],[27.92227,-26.42898],[27.92094,-26.43726],[27.92087,-26.437229],[27.92063,-26.43903],[27.918871,-26.4501],[27.917521,-26.45854],[27.91749,-26.45858],[27.916453,-26.464568],[27.915224,-26.472279],[27.914581,-26.477415],[27.91313,-26.486506],[27.911972,-26.493819],[27.911527,-26.496346],[27.91142,-26.496447],[27.9102,-26.50396],[27.912838,-26.504864],[27.913235,-26.504016],[27.916043,-26.49833],[27.917842,-26.494723],[27.920027,-26.4903],[27.920154,-26.490146],[27.924215,-26.489815],[27.926296,-26.489625],[27.931389,-26.48924],[27.932937,-26.489139],[27.934589,-26.488989],[27.935029,-26.488992],[27.934635,-26.492727],[27.938541,-26.497133],[27.94124,-26.500158],[27.94164,-26.500535],[27.943226,-26.50236],[27.94741,-26.507033],[27.950976,-26.511033],[27.95461,-26.515069],[27.956405,-26.517121],[27.960011,-26.521114],[27.961578,-26.52292],[27.96607,-26.527948],[27.969549,-26.531796],[27.971825,-26.53439],[27.997814,-26.516192],[28.009834,-26.507718],[28.013429,-26.505255],[28.02038,-26.50039],[27.992097,-26.482305],[27.984226,-26.477225],[27.98122,-26.475157],[27.977442,-26.472706],[27.967619,-26.476526],[27.954029,-26.481662],[27.948862,-26.48371],[27.9437,-26.485554],[27.939201,-26.487315],[27.935095,-26.488767],[27.935743,-26.486959],[27.937375,-26.482547],[27.937701,-26.481615],[27.938405,-26.479295],[27.942074,-26.469826],[27.944404,-26.463844],[27.94629,-26.458969],[27.947251,-26.456529],[27.948063,-26.454394],[27.949614,-26.450461],[27.950256,-26.449003],[27.951529,-26.446248],[27.953297,-26.442482],[27.95611,-26.436349],[27.95765,-26.433063],[27.958238,-26.431695],[27.958647,-26.429849],[27.958694,-26.428679],[27.96868,-26.43046],[27.96067,-26.41842],[27.960512,-26.418147],[27.961307,-26.406209],[27.961392,-26.405165],[27.966783,-26.40603],[27.969591,-26.406538],[27.970516,-26.406834],[27.981484,-26.408516],[27.982625,-26.406956],[27.98351,-26.406178],[27.983449,-26.405115],[27.983027,-26.400395],[27.982931,-26.399134],[27.982762,-26.397648],[27.986421,-26.397458],[27.989515,-26.398043],[27.995732,-26.39934],[27.996952,-26.397654],[27.999875,-26.396658],[27.997209,-26.394764],[27.995877,-26.393608],[27.994563,-26.392692],[27.993841,-26.391175],[27.993714,-26.390759],[27.993101,-26.390024],[27.992651,-26.388546],[27.990468,-26.38906],[27.988348,-26.389784],[27.985739,-26.388812],[27.984752,-26.388473],[27.983975,-26.387883],[27.984344,-26.38701],[27.984661,-26.387006],[27.984691,-26.386618],[27.983501,-26.386424],[27.982999,-26.387342],[27.982298,-26.387403],[27.980793,-26.386324],[27.980226,-26.386686],[27.979216,-26.385717],[27.97427,-26.384932],[27.973431,-26.384499],[27.974161,-26.383338],[27.974755,-26.382196],[27.975283,-26.380944],[27.976612,-26.3776],[27.974243,-26.377325],[27.969012,-26.376769],[27.967006,-26.376609],[27.963588,-26.375533],[27.96327,-26.375237],[27.962851,-26.375309],[27.960763,-26.374666],[27.957687,-26.373677],[27.951842,-26.371834],[27.951878,-26.371744],[27.952217,-26.368109],[27.952792,-26.361596],[27.953017,-26.358468],[27.953507,-26.35328],[27.95339,-26.353201],[27.950251,-26.353661],[27.947451,-26.353889],[27.93549,-26.355391],[27.927256,-26.356279],[27.91223,-26.35895],[27.911619,-26.359489],[27.90897,-26.3613],[27.907579,-26.36235],[27.90584,-26.36388],[27.90465,-26.365271],[27.900551,-26.37084],[27.89929,-26.37286],[27.898531,-26.37418],[27.89748,-26.37557],[27.897149,-26.376285],[27.896441,-26.377871],[27.896021,-26.379539],[27.895741,-26.38051],[27.89546,-26.381769],[27.895121,-26.38525],[27.895189,-26.38789],[27.895189,-26.38949],[27.89526,-26.390539],[27.89526,-26.391649],[27.89484,-26.3936],[27.89463,-26.39534],[27.893999,-26.39715],[27.893847,-26.397467],[27.89403,-26.398359],[27.89436,-26.399191],[27.894211,-26.40032],[27.89356,-26.402031],[27.89361,-26.403139],[27.89316,-26.40431]]]}},{"type":"Feature","properties":{"id":"midvaal-vaal-marina","name":"Vaal Marina","labelPriority":"secondary","selectionBasis":"census-main-place","subPlaceCount":1},"geometry":{"type":"Polygon","coordinates":[[[28.211293,-26.83329],[28.211674,-26.833874],[28.204041,-26.838839],[28.211217,-26.842161],[28.210576,-26.842983],[28.208264,-26.846348],[28.205963,-26.852396],[28.205136,-26.858832],[28.204823,-26.860303],[28.202798,-26.860866],[28.194856,-26.865774],[28.194526,-26.86613],[28.194776,-26.867232],[28.202303,-26.868406],[28.202536,-26.868496],[28.205988,-26.870923],[28.20615,-26.871211],[28.20633,-26.874627],[28.203759,-26.876856],[28.20332,-26.876837],[28.196528,-26.876746],[28.196261,-26.876769],[28.193678,-26.877895],[28.191943,-26.879141],[28.191761,-26.879551],[28.191784,-26.879881],[28.19204,-26.880307],[28.195413,-26.882338],[28.195567,-26.882514],[28.196437,-26.885854],[28.200289,-26.888068],[28.202204,-26.890307],[28.202191,-26.890523],[28.201435,-26.893192],[28.201287,-26.893368],[28.198779,-26.894945],[28.198983,-26.895962],[28.205024,-26.896857],[28.205791,-26.898871],[28.202627,-26.901843],[28.204193,-26.906094],[28.205567,-26.906861],[28.206462,-26.90651],[28.20659,-26.902994],[28.207357,-26.901491],[28.208284,-26.901204],[28.211768,-26.902674],[28.215571,-26.905231],[28.219535,-26.905966],[28.220334,-26.904784],[28.213302,-26.896282],[28.21164,-26.890113],[28.213302,-26.887748],[28.223061,-26.883062],[28.223425,-26.882714],[28.223047,-26.88239],[28.222589,-26.879666],[28.221847,-26.878183],[28.22158,-26.87303],[28.221977,-26.869155],[28.222292,-26.868894],[28.22741,-26.866438],[28.228417,-26.865972],[28.229395,-26.865451],[28.228054,-26.864758],[28.231625,-26.862838],[28.232087,-26.864012],[28.233123,-26.867121],[28.233605,-26.868205],[28.238345,-26.872699],[28.240064,-26.872524],[28.24111,-26.872691],[28.241734,-26.872937],[28.242417,-26.873448],[28.243434,-26.873581],[28.243465,-26.873693],[28.248409,-26.88406],[28.24428,-26.884781],[28.243481,-26.88446],[28.24102,-26.88303],[28.23987,-26.88225],[28.238791,-26.881651],[28.237249,-26.88121],[28.236099,-26.881121],[28.23539,-26.881359],[28.235029,-26.88162],[28.234711,-26.88205],[28.234501,-26.882891],[28.233521,-26.88475],[28.23307,-26.88583],[28.23214,-26.88726],[28.230909,-26.888781],[28.22937,-26.89039],[28.228571,-26.89139],[28.2283,-26.891809],[28.227739,-26.893021],[28.22744,-26.893909],[28.227341,-26.894421],[28.22727,-26.89566],[28.22731,-26.89723],[28.22768,-26.9004],[28.22794,-26.901739],[28.22834,-26.903379],[28.22867,-26.90423],[28.229811,-26.90659],[28.2306,-26.907631],[28.23144,-26.90864],[28.23217,-26.90929],[28.232531,-26.909491],[28.23428,-26.910271],[28.23559,-26.91106],[28.23702,-26.91186],[28.23806,-26.91272],[28.238541,-26.913031],[28.23945,-26.91391],[28.23992,-26.91461],[28.2402,-26.915449],[28.240259,-26.916361],[28.24,-26.916821],[28.239189,-26.91732],[28.237419,-26.91798],[28.23678,-26.918421],[28.235741,-26.9193],[28.235451,-26.91963],[28.233959,-26.920799],[28.233391,-26.9212],[28.23266,-26.921909],[28.230829,-26.922939],[28.229429,-26.92347],[28.228161,-26.92371],[28.2265,-26.92383],[28.225861,-26.923691],[28.224609,-26.92289],[28.22361,-26.92201],[28.22225,-26.92025],[28.221621,-26.91931],[28.220869,-26.91795],[28.220289,-26.91717],[28.219851,-26.9161],[28.21917,-26.915001],[28.21867,-26.91436],[28.2178,-26.91338],[28.21693,-26.9126],[28.21619,-26.912149],[28.214979,-26.911619],[28.213421,-26.911209],[28.21254,-26.91111],[28.211439,-26.91111],[28.209681,-26.91123],[28.20937,-26.911421],[28.207729,-26.911671],[28.2057,-26.912161],[28.20437,-26.912161],[28.203409,-26.91185],[28.20298,-26.9116],[28.202419,-26.911119],[28.20155,-26.910089],[28.200911,-26.90909],[28.19936,-26.906361],[28.197741,-26.90379],[28.197149,-26.90312],[28.19602,-26.901079],[28.19553,-26.90012],[28.194401,-26.89813],[28.19339,-26.896509],[28.19285,-26.89588],[28.191839,-26.894939],[28.191469,-26.89443],[28.190769,-26.893801],[28.190069,-26.893431],[28.18959,-26.89329],[28.18734,-26.89241],[28.186489,-26.892151],[28.18585,-26.891741],[28.18504,-26.89072],[28.18425,-26.889299],[28.1842,-26.888241],[28.184509,-26.88666],[28.185061,-26.88456],[28.185381,-26.882811],[28.1854,-26.88205],[28.185631,-26.879141],[28.185711,-26.87718],[28.18586,-26.87672],[28.18576,-26.87484],[28.18565,-26.87405],[28.18504,-26.871531],[28.184521,-26.870319],[28.18388,-26.86928],[28.183331,-26.86817],[28.18236,-26.866831],[28.182091,-26.86628],[28.18108,-26.86455],[28.18084,-26.864201],[28.17993,-26.86182],[28.1798,-26.86055],[28.179911,-26.85914],[28.179939,-26.857571],[28.179581,-26.85593],[28.179239,-26.855289],[28.179091,-26.85446],[28.178551,-26.853161],[28.17803,-26.8523],[28.192492,-26.840199],[28.189882,-26.835086],[28.192062,-26.834022],[28.192892,-26.834222],[28.195379,-26.832801],[28.196702,-26.833748],[28.20297,-26.830993],[28.206826,-26.829345],[28.20813,-26.828519],[28.208861,-26.829515],[28.211293,-26.83329]]]}},{"type":"Feature","properties":{"id":"lesedi-ratanda","name":"Ratanda","labelPriority":"primary","selectionBasis":"census-main-place","subPlaceCount":9},"geometry":{"type":"MultiPolygon","coordinates":[[[[28.30897,-26.555566],[28.309024,-26.55604],[28.309475,-26.556557],[28.309914,-26.556918],[28.311146,-26.558132],[28.311699,-26.558925],[28.312348,-26.559472],[28.312727,-26.560332],[28.312811,-26.561179],[28.313646,-26.560867],[28.314193,-26.561011],[28.314482,-26.561678],[28.314289,-26.562117],[28.314422,-26.562435],[28.315257,-26.562633],[28.314933,-26.563788],[28.31446,-26.565029],[28.312904,-26.567054],[28.312781,-26.567393],[28.312019,-26.571959],[28.313913,-26.57095],[28.317959,-26.575007],[28.321913,-26.578915],[28.322814,-26.579886],[28.323165,-26.579663],[28.323622,-26.579008],[28.324979,-26.578587],[28.32531,-26.57661],[28.32572,-26.57534],[28.32632,-26.57409],[28.32807,-26.57133],[28.334611,-26.561298],[28.339349,-26.553911],[28.339691,-26.553408],[28.338603,-26.553016],[28.337798,-26.552828],[28.336939,-26.552381],[28.337227,-26.551908],[28.33521,-26.550306],[28.33522,-26.55011],[28.33447,-26.54941],[28.33385,-26.54906],[28.33246,-26.54842],[28.33335,-26.5476],[28.332452,-26.547192],[28.332078,-26.546517],[28.331369,-26.546086],[28.329562,-26.545386],[28.328585,-26.544906],[28.328211,-26.544902],[28.327766,-26.544693],[28.327322,-26.544209],[28.326844,-26.544405],[28.326495,-26.544321],[28.32559,-26.544499],[28.325138,-26.544289],[28.324468,-26.544305],[28.324575,-26.544828],[28.324526,-26.545292],[28.324313,-26.545756],[28.323935,-26.54584],[28.322498,-26.545897],[28.321903,-26.546124],[28.321662,-26.546442],[28.320282,-26.547632],[28.319291,-26.548297],[28.319105,-26.548321],[28.318418,-26.547763],[28.317889,-26.547671],[28.316802,-26.547662],[28.316176,-26.547765],[28.316303,-26.548522],[28.316549,-26.549207],[28.316489,-26.549574],[28.31611,-26.549874],[28.315539,-26.551581],[28.315317,-26.552062],[28.314752,-26.55229],[28.314205,-26.552086],[28.312336,-26.552603],[28.311711,-26.552963],[28.311645,-26.55333],[28.311368,-26.553721],[28.310473,-26.55446],[28.310028,-26.554634],[28.309085,-26.555205],[28.30897,-26.555566]]],[[[28.344279,-26.51692],[28.34468,-26.517555],[28.345129,-26.517903],[28.347055,-26.518808],[28.352327,-26.521324],[28.352658,-26.521438],[28.35588,-26.52162],[28.356015,-26.521236],[28.356503,-26.519252],[28.357057,-26.518612],[28.357805,-26.518211],[28.35489,-26.513081],[28.353755,-26.510983],[28.353374,-26.510209],[28.352685,-26.509213],[28.351854,-26.508307],[28.350636,-26.508685],[28.350746,-26.509357],[28.35066,-26.510985],[28.350584,-26.511536],[28.35032,-26.512566],[28.349835,-26.51389],[28.34963,-26.51486],[28.349149,-26.515158],[28.348514,-26.5148],[28.34705,-26.514854],[28.346388,-26.515266],[28.346198,-26.515537],[28.34506,-26.516248],[28.344279,-26.51692]]]]}},{"type":"Feature","properties":{"id":"lesedi-impumelelo","name":"Impumelelo","labelPriority":"primary","selectionBasis":"census-main-place","subPlaceCount":3},"geometry":{"type":"Polygon","coordinates":[[[28.777506,-26.353823],[28.779462,-26.348395],[28.777444,-26.346255],[28.776551,-26.345166],[28.772421,-26.340787],[28.770084,-26.341474],[28.76886,-26.34202],[28.767263,-26.342569],[28.767077,-26.343501],[28.766505,-26.343446],[28.765796,-26.343593],[28.765067,-26.343918],[28.764221,-26.344617],[28.763157,-26.345582],[28.76271,-26.34581],[28.762064,-26.346459],[28.761326,-26.346911],[28.76106,-26.346892],[28.76039,-26.347325],[28.759337,-26.347532],[28.758648,-26.347591],[28.758086,-26.34829],[28.757761,-26.348369],[28.757742,-26.348654],[28.758736,-26.34891],[28.762765,-26.350053],[28.765941,-26.350936],[28.772269,-26.352744],[28.774091,-26.353294],[28.775406,-26.353585],[28.777506,-26.353823]]]}},{"type":"Feature","properties":{"id":"lesedi-heidelberg","name":"Heidelberg","labelPriority":"secondary","selectionBasis":"census-main-place","subPlaceCount":11},"geometry":{"type":"Polygon","coordinates":[[[28.30641,-26.50233],[28.312991,-26.509815],[28.316445,-26.513853],[28.319436,-26.517245],[28.323572,-26.521852],[28.324937,-26.520899],[28.32966,-26.517673],[28.333511,-26.521509],[28.33399,-26.521132],[28.334949,-26.520768],[28.335182,-26.52055],[28.33601,-26.52026],[28.336321,-26.520062],[28.338538,-26.522087],[28.341817,-26.5248],[28.34458,-26.5272],[28.34972,-26.53164],[28.351354,-26.533096],[28.351559,-26.532775],[28.352687,-26.533253],[28.351574,-26.535027],[28.349365,-26.538432],[28.347148,-26.541885],[28.344796,-26.545489],[28.343838,-26.546995],[28.341195,-26.551075],[28.341551,-26.551208],[28.347247,-26.553733],[28.348156,-26.553691],[28.34919,-26.553741],[28.349932,-26.55361],[28.350236,-26.551273],[28.351373,-26.548109],[28.351936,-26.547646],[28.352258,-26.547237],[28.353395,-26.544784],[28.353783,-26.544078],[28.354291,-26.542865],[28.352367,-26.5424],[28.35326,-26.539269],[28.35881,-26.542134],[28.362527,-26.544038],[28.364485,-26.545113],[28.365307,-26.54549],[28.366141,-26.545431],[28.373084,-26.545639],[28.372359,-26.544583],[28.370619,-26.541575],[28.367184,-26.535223],[28.368819,-26.534006],[28.371512,-26.531888],[28.376895,-26.527759],[28.378677,-26.526405],[28.381234,-26.524419],[28.382181,-26.523717],[28.383771,-26.522435],[28.38609,-26.520658],[28.386889,-26.520019],[28.384765,-26.517734],[28.38359,-26.516548],[28.383772,-26.516462],[28.384807,-26.515401],[28.38745,-26.512971],[28.382202,-26.501443],[28.38099,-26.49912],[28.385757,-26.49582],[28.390616,-26.492564],[28.392149,-26.491414],[28.388987,-26.487876],[28.386053,-26.484501],[28.384997,-26.483408],[28.380779,-26.478756],[28.380433,-26.478356],[28.380181,-26.478444],[28.378508,-26.476595],[28.377718,-26.475827],[28.375474,-26.473122],[28.369874,-26.466823],[28.36262,-26.45883],[28.34526,-26.46963],[28.34318,-26.47093],[28.332478,-26.477582],[28.333081,-26.478248],[28.33353,-26.479145],[28.33462,-26.480549],[28.335263,-26.480534],[28.336772,-26.480056],[28.337594,-26.479713],[28.33852,-26.479399],[28.339359,-26.479221],[28.34072,-26.48098],[28.337388,-26.483438],[28.338448,-26.484142],[28.338683,-26.484442],[28.339209,-26.485713],[28.339493,-26.486239],[28.339347,-26.48713],[28.338521,-26.487534],[28.338699,-26.487818],[28.339128,-26.488061],[28.33959,-26.488125],[28.341055,-26.489097],[28.341346,-26.489469],[28.341581,-26.489996],[28.341946,-26.490287],[28.342933,-26.490862],[28.343686,-26.491485],[28.343969,-26.49244],[28.345006,-26.494545],[28.344992,-26.495742],[28.343177,-26.496357],[28.339474,-26.49743],[28.33864,-26.49666],[28.33724,-26.496929],[28.33226,-26.499174],[28.329411,-26.500521],[28.32111,-26.50252],[28.31707,-26.500469],[28.312775,-26.497814],[28.30928,-26.49914],[28.30842,-26.49938],[28.307501,-26.50041],[28.30641,-26.50233]],[[28.344279,-26.51692],[28.34506,-26.516248],[28.346198,-26.515537],[28.346388,-26.515266],[28.34705,-26.514854],[28.348514,-26.5148],[28.349149,-26.515158],[28.34963,-26.51486],[28.349835,-26.51389],[28.35032,-26.512566],[28.350584,-26.511536],[28.35066,-26.510985],[28.350746,-26.509357],[28.350636,-26.508685],[28.351854,-26.508307],[28.352685,-26.509213],[28.353374,-26.510209],[28.353755,-26.510983],[28.35489,-26.513081],[28.357805,-26.518211],[28.357057,-26.518612],[28.356503,-26.519252],[28.356015,-26.521236],[28.35588,-26.52162],[28.352658,-26.521438],[28.352327,-26.521324],[28.347055,-26.518808],[28.345129,-26.517903],[28.34468,-26.517555],[28.344279,-26.51692]]]}},{"type":"Feature","properties":{"id":"lesedi-devon","name":"Devon","labelPriority":"secondary","selectionBasis":"census-main-place","subPlaceCount":2},"geometry":{"type":"MultiPolygon","coordinates":[[[[28.779462,-26.348395],[28.777506,-26.353823],[28.775482,-26.359467],[28.774513,-26.362075],[28.78182,-26.36224],[28.78361,-26.36232],[28.78398,-26.3623],[28.787517,-26.362414],[28.790731,-26.362591],[28.792377,-26.362488],[28.790978,-26.361002],[28.788926,-26.358692],[28.787694,-26.357399],[28.787377,-26.355912],[28.786291,-26.355935],[28.784569,-26.354053],[28.782793,-26.35216],[28.78065,-26.34965],[28.779462,-26.348395]]],[[[28.798997,-26.368878],[28.799825,-26.369514],[28.80203,-26.37207],[28.80318,-26.373468],[28.803882,-26.37279],[28.805709,-26.370372],[28.809021,-26.366036],[28.810284,-26.364361],[28.810295,-26.36415],[28.809611,-26.363293],[28.809316,-26.362803],[28.806085,-26.364399],[28.805552,-26.364899],[28.803202,-26.36349],[28.80222,-26.36472],[28.80116,-26.36618],[28.80085,-26.36637],[28.79915,-26.36873],[28.798997,-26.368878]]]]}},{"type":"Feature","properties":{"id":"lesedi-endicott","name":"Endicott","labelPriority":"secondary","selectionBasis":"census-main-place","subPlaceCount":1},"geometry":{"type":"Polygon","coordinates":[[[28.611856,-26.304928],[28.611097,-26.305023],[28.610786,-26.305267],[28.607571,-26.305896],[28.605981,-26.306112],[28.60015,-26.30729],[28.58123,-26.31114],[28.57319,-26.31278],[28.564313,-26.314555],[28.564746,-26.313224],[28.566126,-26.308529],[28.566487,-26.307226],[28.566939,-26.305395],[28.567365,-26.30417],[28.568581,-26.300231],[28.572327,-26.287178],[28.587528,-26.291246],[28.592043,-26.293011],[28.602532,-26.297085],[28.606911,-26.298861],[28.610544,-26.3004],[28.61499,-26.302369],[28.618124,-26.303733],[28.616946,-26.303886],[28.611856,-26.304928]]]}},{"type":"Feature","properties":{"id":"mogale-kagiso","name":"Kagiso","labelPriority":"primary","selectionBasis":"census-main-place","subPlaceCount":21},"geometry":{"type":"Polygon","coordinates":[[[27.778283,-26.17396],[27.778833,-26.175434],[27.779133,-26.175993],[27.779497,-26.17629],[27.780219,-26.176526],[27.783894,-26.17739],[27.784667,-26.177757],[27.785564,-26.178546],[27.785858,-26.178917],[27.786144,-26.180017],[27.785979,-26.181929],[27.78614,-26.18195],[27.78945,-26.18198],[27.795139,-26.18199],[27.799709,-26.181971],[27.8106,-26.182079],[27.809059,-26.17506],[27.809352,-26.175142],[27.808655,-26.172809],[27.806306,-26.165095],[27.806056,-26.164194],[27.804846,-26.164363],[27.805163,-26.16462],[27.803637,-26.164971],[27.801577,-26.165496],[27.801235,-26.164514],[27.800841,-26.163192],[27.79952,-26.163505],[27.797777,-26.163401],[27.797723,-26.164233],[27.797481,-26.164341],[27.793669,-26.164085],[27.793729,-26.163681],[27.794046,-26.160049],[27.794253,-26.15923],[27.794567,-26.158862],[27.796137,-26.15735],[27.792321,-26.154151],[27.790143,-26.152409],[27.790257,-26.152294],[27.788714,-26.151036],[27.788612,-26.150813],[27.788683,-26.149535],[27.788459,-26.149466],[27.789719,-26.147308],[27.791993,-26.143527],[27.792482,-26.1436],[27.793727,-26.143911],[27.80006,-26.145621],[27.800423,-26.145679],[27.800786,-26.145552],[27.80191,-26.144757],[27.803158,-26.141979],[27.804398,-26.142686],[27.806774,-26.136821],[27.806927,-26.136207],[27.806803,-26.135429],[27.805543,-26.132573],[27.805211,-26.131917],[27.804455,-26.132184],[27.803803,-26.131128],[27.804141,-26.130999],[27.803853,-26.130442],[27.803535,-26.130313],[27.801744,-26.129805],[27.801246,-26.131765],[27.800709,-26.134043],[27.800182,-26.136103],[27.799913,-26.13653],[27.799133,-26.137169],[27.798635,-26.137292],[27.797551,-26.137685],[27.797142,-26.137762],[27.796421,-26.137744],[27.795628,-26.137946],[27.795386,-26.138098],[27.794785,-26.13907],[27.793701,-26.138761],[27.791318,-26.138309],[27.789503,-26.137649],[27.787262,-26.137107],[27.786856,-26.13694],[27.78561,-26.136687],[27.782864,-26.137195],[27.782558,-26.137189],[27.782222,-26.138536],[27.782947,-26.138722],[27.782842,-26.139292],[27.783071,-26.139354],[27.782982,-26.139641],[27.783341,-26.139738],[27.783236,-26.140559],[27.782412,-26.141224],[27.78218,-26.142135],[27.781095,-26.146941],[27.782441,-26.14731],[27.782296,-26.147756],[27.784358,-26.148366],[27.781927,-26.151579],[27.781456,-26.151445],[27.778346,-26.150418],[27.77714,-26.149963],[27.775207,-26.149325],[27.77341,-26.148686],[27.774293,-26.146925],[27.774814,-26.145802],[27.772143,-26.14497],[27.771725,-26.144776],[27.770854,-26.144542],[27.770378,-26.14453],[27.770171,-26.144308],[27.769831,-26.144289],[27.769319,-26.144065],[27.768989,-26.144215],[27.768751,-26.144079],[27.766495,-26.142458],[27.765722,-26.141989],[27.765082,-26.142914],[27.764341,-26.144552],[27.763747,-26.146336],[27.763553,-26.147222],[27.76331,-26.1488],[27.762897,-26.152319],[27.762497,-26.155402],[27.762278,-26.156871],[27.762021,-26.159426],[27.761732,-26.161992],[27.761524,-26.163611],[27.763594,-26.163816],[27.765439,-26.164176],[27.772022,-26.165847],[27.776499,-26.166973],[27.778715,-26.167562],[27.778037,-26.170042],[27.777772,-26.171259],[27.777743,-26.171821],[27.777883,-26.172773],[27.778283,-26.17396]]]}},{"type":"Feature","properties":{"id":"mogale-munsieville","name":"Munsieville","labelPriority":"primary","selectionBasis":"census-main-place","subPlaceCount":1},"geometry":{"type":"Polygon","coordinates":[[[27.761813,-26.070596],[27.761505,-26.072127],[27.761116,-26.074477],[27.759807,-26.081391],[27.757923,-26.081944],[27.756957,-26.082319],[27.756664,-26.082185],[27.753668,-26.082211],[27.752807,-26.082263],[27.75219,-26.083229],[27.751313,-26.082825],[27.751087,-26.082639],[27.751059,-26.08138],[27.75133,-26.081385],[27.751319,-26.08108],[27.750048,-26.081097],[27.749732,-26.081007],[27.747988,-26.080062],[27.747672,-26.080284],[27.74734,-26.080075],[27.747019,-26.079595],[27.747578,-26.077319],[27.747918,-26.075821],[27.747767,-26.073876],[27.748078,-26.073935],[27.748118,-26.074313],[27.749131,-26.074295],[27.749117,-26.07365],[27.750025,-26.072862],[27.750012,-26.072078],[27.752798,-26.072037],[27.752933,-26.072209],[27.754292,-26.07128],[27.755467,-26.071374],[27.755814,-26.070789],[27.755678,-26.070441],[27.756344,-26.070071],[27.756394,-26.069462],[27.756916,-26.069122],[27.758393,-26.069198],[27.761851,-26.069651],[27.761813,-26.070596]]]}},{"type":"Feature","properties":{"id":"mogale-rietvallei","name":"Rietvallei","labelPriority":"secondary","selectionBasis":"census-main-place","subPlaceCount":4},"geometry":{"type":"Polygon","coordinates":[[[27.760584,-26.210178],[27.77199,-26.213209],[27.77449,-26.20769],[27.769162,-26.206241],[27.766331,-26.205515],[27.765209,-26.205202],[27.761256,-26.20418],[27.760781,-26.204097],[27.76003,-26.203326],[27.760909,-26.202757],[27.761323,-26.202416],[27.761862,-26.201795],[27.763517,-26.20292],[27.764234,-26.203086],[27.766396,-26.202587],[27.76862,-26.201532],[27.769134,-26.201087],[27.770298,-26.199644],[27.769188,-26.199009],[27.770312,-26.197394],[27.771812,-26.198124],[27.772046,-26.198337],[27.77253,-26.197729],[27.771871,-26.197275],[27.771666,-26.196865],[27.771794,-26.196612],[27.771533,-26.196467],[27.77155,-26.195782],[27.771845,-26.195675],[27.77274,-26.19428],[27.7736,-26.19363],[27.773775,-26.193078],[27.778166,-26.192322],[27.780262,-26.191979],[27.780879,-26.191842],[27.781605,-26.191404],[27.78187,-26.191427],[27.784571,-26.18548],[27.78614,-26.18195],[27.785979,-26.181929],[27.786144,-26.180017],[27.785858,-26.178917],[27.785564,-26.178546],[27.784667,-26.177757],[27.783894,-26.17739],[27.780219,-26.176526],[27.779497,-26.17629],[27.779133,-26.175993],[27.778833,-26.175434],[27.778283,-26.17396],[27.776069,-26.174622],[27.768812,-26.176847],[27.764111,-26.178255],[27.758026,-26.18015],[27.756764,-26.180515],[27.755614,-26.180765],[27.752585,-26.181141],[27.749427,-26.181483],[27.744681,-26.182105],[27.738973,-26.18275],[27.73226,-26.185591],[27.72464,-26.188869],[27.721951,-26.186081],[27.72007,-26.19311],[27.718269,-26.198931],[27.760584,-26.210178]]]}},{"type":"Feature","properties":{"id":"mogale-krugersdorp","name":"Krugersdorp","labelPriority":"secondary","selectionBasis":"census-main-place","subPlaceCount":47},"geometry":{"type":"MultiPolygon","coordinates":[[[[27.654383,-26.09296],[27.654497,-26.094305],[27.654865,-26.095833],[27.655742,-26.095281],[27.659204,-26.091492],[27.658446,-26.090981],[27.657929,-26.090753],[27.65485,-26.089774],[27.654497,-26.09119],[27.654383,-26.09221],[27.654383,-26.09296]]],[[[27.683781,-26.096745],[27.683803,-26.097001],[27.68655,-26.098588],[27.687274,-26.099049],[27.690345,-26.101229],[27.692273,-26.102537],[27.69589,-26.104858],[27.696903,-26.105527],[27.700496,-26.107775],[27.701226,-26.108174],[27.703449,-26.10913],[27.704956,-26.109586],[27.706998,-26.109983],[27.708366,-26.110122],[27.710289,-26.110141],[27.711578,-26.110042],[27.712867,-26.109864],[27.713957,-26.109626],[27.718121,-26.108476],[27.723811,-26.10685],[27.726349,-26.106136],[27.7273,-26.105918],[27.728153,-26.105621],[27.727836,-26.102746],[27.728311,-26.102607],[27.728411,-26.098127],[27.732938,-26.098416],[27.733957,-26.098882],[27.734882,-26.098803],[27.735735,-26.098961],[27.736478,-26.099419],[27.736953,-26.100059],[27.738122,-26.10183],[27.738981,-26.101511],[27.739337,-26.101807],[27.740297,-26.102803],[27.740653,-26.102948],[27.739798,-26.103464],[27.7405,-26.104297],[27.740591,-26.104567],[27.741572,-26.104384],[27.741163,-26.106165],[27.743687,-26.106577],[27.744707,-26.106779],[27.74607,-26.10693],[27.746008,-26.108273],[27.745363,-26.110291],[27.745016,-26.11222],[27.745234,-26.112825],[27.746044,-26.113525],[27.74553,-26.114081],[27.744781,-26.115312],[27.744225,-26.116563],[27.741222,-26.123782],[27.73919,-26.128595],[27.737269,-26.133221],[27.735979,-26.132956],[27.735188,-26.132845],[27.73284,-26.14337],[27.721251,-26.14072],[27.71957,-26.15477],[27.73068,-26.15987],[27.73695,-26.162741],[27.750931,-26.16247],[27.750681,-26.163879],[27.750811,-26.164089],[27.75053,-26.16556],[27.75028,-26.16564],[27.749901,-26.16617],[27.74992,-26.166401],[27.74959,-26.166861],[27.74935,-26.166941],[27.74897,-26.167471],[27.748989,-26.167709],[27.748671,-26.16823],[27.74843,-26.168341],[27.746099,-26.1726],[27.74493,-26.1744],[27.74711,-26.17552],[27.746389,-26.17663],[27.744221,-26.175489],[27.74342,-26.17671],[27.745052,-26.180126],[27.738973,-26.18275],[27.744681,-26.182105],[27.749427,-26.181483],[27.752585,-26.181141],[27.755614,-26.180765],[27.756764,-26.180515],[27.758026,-26.18015],[27.764111,-26.178255],[27.768812,-26.176847],[27.776069,-26.174622],[27.778283,-26.17396],[27.777883,-26.172773],[27.777743,-26.171821],[27.777772,-26.171259],[27.778037,-26.170042],[27.778715,-26.167562],[27.776499,-26.166973],[27.772022,-26.165847],[27.765439,-26.164176],[27.763594,-26.163816],[27.761524,-26.163611],[27.761732,-26.161992],[27.762021,-26.159426],[27.762278,-26.156871],[27.762497,-26.155402],[27.762897,-26.152319],[27.76331,-26.1488],[27.763553,-26.147222],[27.763747,-26.146336],[27.764341,-26.144552],[27.765082,-26.142914],[27.765722,-26.141989],[27.766495,-26.142458],[27.768751,-26.144079],[27.768989,-26.144215],[27.769319,-26.144065],[27.769831,-26.144289],[27.770171,-26.144308],[27.770378,-26.14453],[27.770854,-26.144542],[27.771725,-26.144776],[27.772143,-26.14497],[27.774814,-26.145802],[27.774293,-26.146925],[27.77341,-26.148686],[27.775207,-26.149325],[27.77714,-26.149963],[27.778346,-26.150418],[27.781456,-26.151445],[27.781927,-26.151579],[27.784358,-26.148366],[27.782296,-26.147756],[27.782441,-26.14731],[27.781095,-26.146941],[27.78218,-26.142135],[27.782412,-26.141224],[27.783236,-26.140559],[27.783341,-26.139738],[27.782982,-26.139641],[27.783071,-26.139354],[27.782842,-26.139292],[27.782947,-26.138722],[27.782222,-26.138536],[27.782558,-26.137189],[27.782864,-26.137195],[27.78561,-26.136687],[27.786856,-26.13694],[27.787262,-26.137107],[27.789503,-26.137649],[27.791318,-26.138309],[27.793701,-26.138761],[27.794785,-26.13907],[27.795386,-26.138098],[27.795628,-26.137946],[27.796421,-26.137744],[27.797142,-26.137762],[27.797551,-26.137685],[27.798635,-26.137292],[27.799133,-26.137169],[27.799913,-26.13653],[27.800182,-26.136103],[27.800709,-26.134043],[27.801246,-26.131765],[27.801744,-26.129805],[27.803535,-26.130313],[27.803853,-26.130442],[27.804141,-26.130999],[27.803803,-26.131128],[27.804455,-26.132184],[27.805211,-26.131917],[27.805543,-26.132573],[27.806803,-26.135429],[27.806927,-26.136207],[27.806774,-26.136821],[27.804398,-26.142686],[27.803158,-26.141979],[27.80191,-26.144757],[27.800786,-26.145552],[27.800423,-26.145679],[27.80006,-26.145621],[27.793727,-26.143911],[27.792482,-26.1436],[27.791993,-26.143527],[27.789719,-26.147308],[27.788459,-26.149466],[27.788683,-26.149535],[27.788612,-26.150813],[27.788714,-26.151036],[27.790257,-26.152294],[27.790143,-26.152409],[27.792321,-26.154151],[27.796137,-26.15735],[27.79787,-26.158734],[27.800038,-26.160528],[27.800841,-26.163192],[27.801235,-26.164514],[27.801577,-26.165496],[27.803637,-26.164971],[27.805163,-26.16462],[27.804846,-26.164363],[27.806056,-26.164194],[27.806306,-26.165095],[27.808655,-26.172809],[27.809352,-26.175142],[27.81201,-26.17589],[27.81352,-26.17606],[27.817865,-26.175965],[27.818047,-26.175961],[27.818529,-26.175011],[27.818939,-26.174894],[27.81946,-26.1742],[27.819796,-26.1733],[27.81974,-26.172991],[27.81933,-26.17263],[27.81937,-26.17206],[27.81888,-26.170931],[27.81815,-26.16993],[27.81776,-26.16963],[27.81695,-26.169186],[27.816111,-26.168539],[27.815559,-26.16819],[27.81501,-26.168119],[27.81451,-26.16823],[27.812651,-26.16732],[27.812244,-26.16695],[27.81304,-26.166559],[27.813971,-26.16489],[27.82572,-26.14393],[27.835745,-26.126032],[27.837379,-26.124491],[27.83724,-26.1243],[27.83881,-26.12022],[27.83786,-26.119909],[27.839001,-26.11685],[27.83217,-26.114559],[27.83189,-26.113649],[27.832041,-26.11274],[27.832621,-26.11137],[27.8321,-26.11059],[27.831841,-26.10993],[27.832001,-26.109659],[27.83206,-26.108561],[27.83271,-26.10837],[27.83334,-26.107889],[27.833969,-26.10751],[27.834221,-26.10726],[27.83519,-26.106819],[27.83596,-26.10693],[27.837391,-26.10759],[27.83857,-26.107639],[27.83898,-26.1073],[27.83956,-26.107121],[27.839781,-26.10601],[27.83959,-26.105761],[27.839769,-26.104765],[27.840111,-26.104321],[27.840099,-26.103741],[27.83975,-26.103399],[27.83976,-26.103121],[27.840075,-26.102921],[27.83997,-26.102409],[27.840111,-26.10174],[27.84004,-26.10113],[27.839439,-26.1003],[27.83942,-26.099951],[27.83901,-26.099091],[27.839239,-26.098391],[27.83984,-26.09741],[27.83964,-26.09672],[27.839001,-26.096121],[27.8386,-26.09586],[27.838421,-26.09547],[27.83901,-26.09446],[27.839239,-26.094351],[27.839365,-26.093679],[27.83931,-26.093081],[27.83909,-26.092421],[27.83922,-26.09206],[27.83963,-26.09197],[27.838791,-26.091049],[27.837561,-26.08794],[27.83762,-26.087931],[27.83531,-26.084629],[27.844151,-26.08326],[27.844126,-26.082991],[27.844761,-26.082541],[27.844755,-26.08214],[27.844601,-26.081829],[27.844601,-26.08107],[27.84494,-26.080759],[27.844915,-26.079485],[27.84502,-26.07839],[27.844788,-26.078222],[27.844114,-26.076546],[27.844034,-26.0762],[27.844179,-26.07552],[27.843451,-26.07387],[27.843321,-26.07312],[27.84304,-26.07275],[27.842251,-26.0723],[27.842594,-26.071844],[27.851549,-26.07337],[27.86437,-26.075541],[27.86651,-26.075109],[27.86544,-26.07431],[27.85409,-26.065729],[27.84964,-26.06238],[27.85157,-26.05979],[27.855551,-26.058809],[27.855577,-26.058786],[27.855407,-26.056499],[27.85546,-26.051909],[27.852359,-26.052435],[27.849591,-26.048213],[27.850099,-26.046145],[27.851168,-26.04385],[27.851746,-26.045129],[27.855285,-26.045129],[27.855127,-26.042344],[27.855109,-26.039576],[27.855004,-26.036527],[27.854864,-26.029485],[27.854111,-26.029643],[27.85306,-26.030116],[27.852184,-26.030641],[27.851846,-26.029451],[27.850625,-26.029718],[27.849125,-26.029643],[27.846587,-26.029511],[27.844453,-26.02936],[27.839388,-26.029094],[27.839472,-26.029199],[27.838498,-26.029159],[27.832581,-26.028796],[27.83035,-26.028637],[27.827704,-26.028539],[27.826053,-26.027295],[27.824199,-26.025961],[27.82288,-26.024973],[27.818195,-26.025171],[27.81177,-26.02542],[27.811698,-26.022538],[27.811352,-26.017045],[27.803754,-26.014553],[27.795915,-26.011841],[27.795446,-26.011649],[27.794787,-26.011702],[27.785976,-26.013126],[27.783545,-26.013466],[27.777553,-26.014368],[27.771392,-26.015195],[27.767983,-26.01573],[27.762781,-26.016472],[27.759487,-26.016963],[27.757697,-26.017186],[27.755741,-26.017515],[27.753461,-26.017824],[27.75238,-26.018024],[27.751219,-26.018115],[27.747806,-26.018602],[27.744607,-26.023591],[27.743584,-26.025138],[27.743061,-26.02586],[27.742228,-26.025699],[27.735466,-26.024743],[27.726222,-26.023407],[27.725493,-26.023123],[27.724054,-26.022943],[27.723564,-26.023051],[27.722775,-26.026528],[27.722443,-26.028779],[27.723885,-26.030526],[27.725059,-26.031906],[27.726861,-26.034129],[27.726237,-26.03432],[27.725423,-26.034735],[27.724713,-26.035255],[27.724054,-26.036052],[27.721646,-26.039084],[27.71825,-26.043329],[27.71556,-26.04673],[27.714577,-26.047887],[27.713626,-26.0489],[27.711289,-26.051234],[27.708731,-26.053649],[27.702805,-26.059041],[27.702139,-26.05963],[27.701288,-26.060242],[27.70049,-26.060706],[27.70137,-26.064923],[27.702778,-26.072964],[27.698882,-26.072999],[27.692991,-26.07307],[27.690346,-26.073117],[27.689713,-26.074685],[27.689618,-26.075041],[27.689645,-26.076848],[27.6897,-26.077409],[27.69245,-26.07734],[27.69256,-26.080912],[27.6936,-26.080939],[27.693668,-26.082294],[27.693737,-26.084545],[27.698595,-26.084429],[27.701619,-26.084374],[27.700907,-26.087042],[27.700685,-26.088014],[27.695347,-26.088273],[27.692599,-26.08833],[27.689204,-26.088477],[27.68699,-26.088546],[27.683186,-26.088704],[27.683367,-26.091647],[27.683781,-26.096745]],[[27.761813,-26.070596],[27.761505,-26.072127],[27.761116,-26.074477],[27.759807,-26.081391],[27.757923,-26.081944],[27.756957,-26.082319],[27.756664,-26.082185],[27.753668,-26.082211],[27.752807,-26.082263],[27.75219,-26.083229],[27.751313,-26.082825],[27.751087,-26.082639],[27.751059,-26.08138],[27.75133,-26.081385],[27.751319,-26.08108],[27.750048,-26.081097],[27.749732,-26.081007],[27.747988,-26.080062],[27.747672,-26.080284],[27.74734,-26.080075],[27.747019,-26.079595],[27.747578,-26.077319],[27.747918,-26.075821],[27.747767,-26.073876],[27.748078,-26.073935],[27.748118,-26.074313],[27.749131,-26.074295],[27.749117,-26.07365],[27.750025,-26.072862],[27.750012,-26.072078],[27.752798,-26.072037],[27.752933,-26.072209],[27.754292,-26.07128],[27.755467,-26.071374],[27.755814,-26.070789],[27.755678,-26.070441],[27.756344,-26.070071],[27.756394,-26.069462],[27.756916,-26.069122],[27.758393,-26.069198],[27.761851,-26.069651],[27.761813,-26.070596]]]]}},{"type":"Feature","properties":{"id":"mogale-magaliesburg","name":"Magaliesburg","labelPriority":"secondary","selectionBasis":"census-main-place","subPlaceCount":2},"geometry":{"type":"Polygon","coordinates":[[[27.514225,-25.971372],[27.515355,-25.97453],[27.517266,-25.979559],[27.519683,-25.986616],[27.522652,-25.987891],[27.528164,-25.990542],[27.528147,-25.993475],[27.527965,-25.994867],[27.527972,-25.995817],[27.527802,-25.996852],[27.528553,-25.996955],[27.529274,-25.998445],[27.530908,-26.001316],[27.531204,-26.001235],[27.532164,-26.001273],[27.532363,-26.001365],[27.532886,-26.001281],[27.534376,-26.001358],[27.534768,-26.00155],[27.535067,-26.00241],[27.535297,-26.002702],[27.53592,-26.002994],[27.537141,-26.003362],[27.537617,-26.003278],[27.537771,-26.003078],[27.537625,-26.00261],[27.537947,-26.002379],[27.538846,-26.002164],[27.539821,-26.002548],[27.540252,-26.002617],[27.54117,-26.003045],[27.541936,-26.002876],[27.542526,-26.002964],[27.54402,-26.002223],[27.544672,-26.002424],[27.545237,-26.002424],[27.545443,-26.002835],[27.546091,-26.003041],[27.547027,-26.004984],[27.547983,-26.004583],[27.548147,-26.004614],[27.549968,-26.005972],[27.550193,-26.006345],[27.549179,-26.006703],[27.550124,-26.009214],[27.551206,-26.008868],[27.552554,-26.009905],[27.552911,-26.009467],[27.553268,-26.008557],[27.553314,-26.0082],[27.553222,-26.00744],[27.553418,-26.00714],[27.553879,-26.007048],[27.554765,-26.007417],[27.555163,-26.007373],[27.556442,-26.008844],[27.55741,-26.009579],[27.558576,-26.010278],[27.559526,-26.010762],[27.560172,-26.01096],[27.56071,-26.010996],[27.561355,-26.010924],[27.562036,-26.010727],[27.562843,-26.010153],[27.565138,-26.008145],[27.565712,-26.00784],[27.566214,-26.007732],[27.566698,-26.00775],[27.567182,-26.007894],[27.567894,-26.008365],[27.568073,-26.007702],[27.567726,-26.007233],[27.567721,-26.006672],[27.56736,-26.006144],[27.566985,-26.00621],[27.565824,-26.005956],[27.565146,-26.005434],[27.564472,-26.005081],[27.564768,-26.004489],[27.564645,-26.004226],[27.564045,-26.003922],[27.564337,-26.003353],[27.56305,-26.003286],[27.562801,-26.003437],[27.562277,-26.003448],[27.561183,-26.003142],[27.561102,-26.003015],[27.561897,-26.000818],[27.561946,-26.000571],[27.561823,-25.999065],[27.56262,-25.998393],[27.563471,-25.997486],[27.563914,-25.997341],[27.564891,-25.996572],[27.565417,-25.996281],[27.566033,-25.996226],[27.566857,-25.995769],[27.567397,-25.994993],[27.568048,-25.994398],[27.568893,-25.994245],[27.569052,-25.994055],[27.56281,-25.99333],[27.553328,-25.99218],[27.554069,-25.990873],[27.553418,-25.989639],[27.553019,-25.989631],[27.552827,-25.989431],[27.552812,-25.989048],[27.553226,-25.988833],[27.553203,-25.988695],[27.552559,-25.988097],[27.552229,-25.987621],[27.551362,-25.985995],[27.551042,-25.985712],[27.550103,-25.985618],[27.547708,-25.983692],[27.547131,-25.983411],[27.549118,-25.983473],[27.554232,-25.983776],[27.554507,-25.983945],[27.555027,-25.983908],[27.555461,-25.983406],[27.555572,-25.98294],[27.556219,-25.982801],[27.557054,-25.981598],[27.557297,-25.981125],[27.553146,-25.981271],[27.54834,-25.982817],[27.547777,-25.982551],[27.54672,-25.981668],[27.545924,-25.980935],[27.545456,-25.980165],[27.54465,-25.979067],[27.544194,-25.978175],[27.543956,-25.976985],[27.543639,-25.976172],[27.543302,-25.975538],[27.543223,-25.975122],[27.542786,-25.974527],[27.542092,-25.97415],[27.541161,-25.973932],[27.539334,-25.973805],[27.537991,-25.973795],[27.530494,-25.97297],[27.527604,-25.972609],[27.523631,-25.972203],[27.514225,-25.971372]]]}},{"type":"Feature","properties":{"id":"mogale-orient-hills","name":"Orient Hills","labelPriority":"secondary","selectionBasis":"census-main-place","subPlaceCount":1},"geometry":{"type":"Polygon","coordinates":[[[27.604135,-26.029011],[27.604097,-26.029288],[27.604532,-26.029273],[27.604695,-26.029121],[27.605744,-26.029192],[27.605442,-26.030381],[27.603903,-26.035309],[27.602133,-26.033577],[27.601113,-26.03288],[27.600603,-26.032662],[27.599447,-26.032399],[27.599387,-26.032256],[27.599638,-26.031428],[27.599961,-26.029904],[27.60032,-26.028937],[27.600883,-26.029051],[27.60121,-26.028961],[27.602245,-26.029093],[27.60271,-26.029213],[27.603272,-26.028944],[27.60388,-26.028906],[27.604135,-26.029011]]]}},{"type":"Feature","properties":{"id":"rand-west-mohlakeng","name":"Mohlakeng","labelPriority":"primary","selectionBasis":"census-main-place","subPlaceCount":6},"geometry":{"type":"Polygon","coordinates":[[[27.683862,-26.247781],[27.688868,-26.248254],[27.695286,-26.248408],[27.698247,-26.247627],[27.700519,-26.245659],[27.700823,-26.243869],[27.701182,-26.242204],[27.701678,-26.239396],[27.70331,-26.228893],[27.706649,-26.229345],[27.706377,-26.23116],[27.707585,-26.231533],[27.709039,-26.231722],[27.710935,-26.230224],[27.710758,-26.229466],[27.714203,-26.228081],[27.714362,-26.22784],[27.715209,-26.227389],[27.715669,-26.227309],[27.713861,-26.223487],[27.713368,-26.223683],[27.712618,-26.223756],[27.712206,-26.223915],[27.70924,-26.217624],[27.707719,-26.217346],[27.706167,-26.216463],[27.706072,-26.216221],[27.705394,-26.215998],[27.705237,-26.216046],[27.704345,-26.215666],[27.702304,-26.214997],[27.700359,-26.214546],[27.69847,-26.21429],[27.696226,-26.214247],[27.69485,-26.214418],[27.694366,-26.214584],[27.692975,-26.215329],[27.692257,-26.215462],[27.691392,-26.215179],[27.687064,-26.225149],[27.686737,-26.226059],[27.686504,-26.226901],[27.686155,-26.228699],[27.686011,-26.230022],[27.685231,-26.236471],[27.684974,-26.238717],[27.68457,-26.241794],[27.684475,-26.242785],[27.683862,-26.247781]]]}},{"type":"Feature","properties":{"id":"rand-west-bekkersdal","name":"Bekkersdal","labelPriority":"primary","selectionBasis":"census-main-place","subPlaceCount":11},"geometry":{"type":"Polygon","coordinates":[[[27.676336,-26.311214],[27.677841,-26.311136],[27.684632,-26.310699],[27.687478,-26.310543],[27.693147,-26.310177],[27.695844,-26.30999],[27.707207,-26.309274],[27.710383,-26.309087],[27.714726,-26.308794],[27.720035,-26.308463],[27.720784,-26.308432],[27.724103,-26.308207],[27.729912,-26.307845],[27.731447,-26.307776],[27.733952,-26.307585],[27.741727,-26.307094],[27.742408,-26.301079],[27.742702,-26.298245],[27.742983,-26.295879],[27.743398,-26.291869],[27.743945,-26.287212],[27.743799,-26.28722],[27.74465,-26.27949],[27.738119,-26.27754],[27.734909,-26.276569],[27.72546,-26.273741],[27.717661,-26.271339],[27.70789,-26.268349],[27.70278,-26.266769],[27.697332,-26.265104],[27.696275,-26.264965],[27.693009,-26.264525],[27.681886,-26.263023],[27.681778,-26.264001],[27.680502,-26.274714],[27.680374,-26.275599],[27.67988,-26.279867],[27.679042,-26.286591],[27.678891,-26.287939],[27.67775,-26.297511],[27.677272,-26.301355],[27.676445,-26.308386],[27.676336,-26.311214]]]}},{"type":"Feature","properties":{"id":"rand-west-simunye","name":"Simunye","labelPriority":"secondary","selectionBasis":"census-main-place","subPlaceCount":1},"geometry":{"type":"Polygon","coordinates":[[[27.682733,-26.333183],[27.680002,-26.333504],[27.679238,-26.333486],[27.678181,-26.332624],[27.677453,-26.332207],[27.67636,-26.331043],[27.673967,-26.330773],[27.674387,-26.327175],[27.674586,-26.325702],[27.674785,-26.323917],[27.675887,-26.314777],[27.675937,-26.314222],[27.676336,-26.311214],[27.677841,-26.311136],[27.684632,-26.310699],[27.687478,-26.310543],[27.693147,-26.310177],[27.695844,-26.30999],[27.696147,-26.310437],[27.696422,-26.311731],[27.696939,-26.312665],[27.697193,-26.312836],[27.69826,-26.313144],[27.699219,-26.313723],[27.699219,-26.313922],[27.698722,-26.315478],[27.698369,-26.316302],[27.698758,-26.318193],[27.699002,-26.318383],[27.6995,-26.31841],[27.701395,-26.318307],[27.70228,-26.328569],[27.702435,-26.329929],[27.70253,-26.33191],[27.702125,-26.33197],[27.700299,-26.33203],[27.698091,-26.332185],[27.697816,-26.332054],[27.696861,-26.332149],[27.695226,-26.332161],[27.694916,-26.332245],[27.693639,-26.332304],[27.693508,-26.332471],[27.691252,-26.332794],[27.690119,-26.332865],[27.689701,-26.332782],[27.688973,-26.332794],[27.686488,-26.332969],[27.683982,-26.33306],[27.682733,-26.333183]]]}},{"type":"Feature","properties":{"id":"rand-west-glen-harvie","name":"Glen Harvie","labelPriority":"secondary","selectionBasis":"census-main-place","subPlaceCount":4},"geometry":{"type":"Polygon","coordinates":[[[27.595912,-26.429924],[27.59806,-26.435469],[27.599068,-26.437909],[27.599888,-26.440006],[27.600061,-26.440697],[27.600084,-26.441852],[27.599683,-26.445134],[27.599353,-26.448113],[27.599365,-26.448688],[27.599515,-26.449543],[27.599868,-26.450483],[27.600095,-26.450908],[27.600846,-26.451866],[27.61195,-26.45089],[27.615589,-26.44972],[27.613569,-26.44298],[27.624359,-26.444901],[27.629908,-26.452738],[27.630053,-26.452838],[27.630167,-26.451433],[27.630591,-26.445565],[27.631066,-26.439785],[27.631098,-26.438899],[27.631659,-26.428399],[27.631735,-26.427266],[27.631906,-26.426544],[27.632184,-26.421961],[27.632494,-26.41784],[27.632963,-26.411333],[27.633317,-26.405762],[27.633868,-26.397697],[27.633796,-26.393697],[27.633807,-26.39238],[27.633712,-26.388513],[27.633515,-26.383557],[27.633463,-26.379944],[27.633526,-26.378879],[27.633573,-26.376609],[27.633321,-26.376141],[27.633377,-26.37474],[27.633524,-26.373962],[27.633469,-26.37028],[27.631906,-26.370227],[27.631496,-26.370251],[27.628255,-26.370142],[27.627161,-26.370061],[27.623922,-26.369988],[27.62385,-26.371417],[27.623719,-26.371493],[27.622348,-26.37097],[27.62158,-26.371987],[27.622701,-26.372602],[27.623398,-26.372711],[27.624809,-26.373498],[27.627812,-26.374547],[27.628515,-26.374608],[27.628335,-26.375227],[27.628058,-26.376704],[27.62796,-26.37863],[27.627885,-26.38155],[27.62698,-26.38159],[27.6266,-26.381311],[27.625565,-26.381051],[27.623113,-26.3808],[27.623429,-26.381352],[27.623799,-26.384563],[27.623837,-26.385357],[27.623597,-26.385704],[27.623114,-26.385305],[27.622718,-26.384531],[27.62067,-26.38444],[27.6203,-26.38488],[27.61976,-26.38503],[27.6185,-26.38569],[27.61677,-26.38609],[27.61658,-26.38634],[27.61638,-26.38719],[27.61651,-26.38769],[27.61514,-26.3883],[27.61513,-26.38853],[27.613825,-26.388451],[27.612901,-26.388157],[27.611897,-26.387706],[27.607721,-26.385955],[27.605839,-26.385151],[27.60293,-26.38397],[27.602071,-26.383791],[27.60254,-26.38639],[27.598637,-26.387404],[27.598366,-26.387506],[27.598001,-26.387297],[27.595563,-26.387701],[27.593947,-26.388301],[27.593145,-26.389681],[27.592809,-26.390067],[27.594302,-26.39138],[27.595284,-26.391947],[27.596472,-26.392334],[27.597446,-26.393855],[27.594717,-26.395182],[27.593984,-26.395707],[27.593279,-26.396398],[27.592776,-26.397095],[27.589014,-26.402288],[27.588481,-26.403149],[27.587934,-26.405027],[27.587402,-26.407812],[27.587668,-26.409346],[27.591149,-26.418106],[27.589946,-26.418244],[27.586988,-26.418653],[27.58893,-26.421465],[27.589544,-26.422471],[27.589929,-26.422912],[27.590867,-26.424271],[27.59241,-26.42413],[27.593563,-26.423915],[27.593845,-26.424703],[27.595912,-26.429924]]]}},{"type":"Feature","properties":{"id":"rand-west-randfontein","name":"Randfontein","labelPriority":"secondary","selectionBasis":"census-main-place","subPlaceCount":46},"geometry":{"type":"Polygon","coordinates":[[[27.52606,-26.30257],[27.530849,-26.30307],[27.531919,-26.29833],[27.534229,-26.288179],[27.535339,-26.28326],[27.537556,-26.273529],[27.54471,-26.27198],[27.54495,-26.2693],[27.545115,-26.266899],[27.54707,-26.26659],[27.55872,-26.26486],[27.56328,-26.26417],[27.572371,-26.262819],[27.57373,-26.262609],[27.575109,-26.266584],[27.575194,-26.266566],[27.5938,-26.26264],[27.594024,-26.262609],[27.59445,-26.262541],[27.5996,-26.26145],[27.601721,-26.261015],[27.600565,-26.256723],[27.606962,-26.256922],[27.617355,-26.249727],[27.621553,-26.247128],[27.626749,-26.244329],[27.629148,-26.242731],[27.630819,-26.242594],[27.629971,-26.245905],[27.627319,-26.255659],[27.627319,-26.25588],[27.633181,-26.256611],[27.646851,-26.258295],[27.65625,-26.25956],[27.65988,-26.260057],[27.665661,-26.26083],[27.668791,-26.261259],[27.681886,-26.263023],[27.693009,-26.264525],[27.693139,-26.263689],[27.693504,-26.261889],[27.692824,-26.261799],[27.692996,-26.259745],[27.693164,-26.258729],[27.692534,-26.258693],[27.692792,-26.256939],[27.692817,-26.255647],[27.693113,-26.254309],[27.694163,-26.253503],[27.694402,-26.253199],[27.694488,-26.252741],[27.694549,-26.251334],[27.694495,-26.25054],[27.699023,-26.250987],[27.699345,-26.251087],[27.699273,-26.251553],[27.699044,-26.252072],[27.698737,-26.25365],[27.698525,-26.255722],[27.697949,-26.258671],[27.697717,-26.259634],[27.696439,-26.264412],[27.696535,-26.264588],[27.696275,-26.264965],[27.697332,-26.265104],[27.70278,-26.266769],[27.70789,-26.268349],[27.717661,-26.271339],[27.72546,-26.273741],[27.734909,-26.276569],[27.738119,-26.27754],[27.74465,-26.27949],[27.750519,-26.265215],[27.753481,-26.258039],[27.729151,-26.24629],[27.728531,-26.242491],[27.72611,-26.24037],[27.72653,-26.240191],[27.72579,-26.23942],[27.724951,-26.238701],[27.719822,-26.22679],[27.721359,-26.226567],[27.737321,-26.224941],[27.737255,-26.227671],[27.737209,-26.228506],[27.7373,-26.230401],[27.737588,-26.233374],[27.738074,-26.233541],[27.739468,-26.230403],[27.739728,-26.229972],[27.740536,-26.229451],[27.741039,-26.22938],[27.741668,-26.229469],[27.74526,-26.230592],[27.746104,-26.230628],[27.746948,-26.230358],[27.747604,-26.229963],[27.747981,-26.22946],[27.748241,-26.228913],[27.748295,-26.228077],[27.747981,-26.227233],[27.745655,-26.222959],[27.745347,-26.222098],[27.745478,-26.221406],[27.74579,-26.220988],[27.746324,-26.220631],[27.748567,-26.220015],[27.750332,-26.219582],[27.751718,-26.219539],[27.752961,-26.219732],[27.760584,-26.210178],[27.718269,-26.198931],[27.72007,-26.19311],[27.721951,-26.186081],[27.72464,-26.188869],[27.73226,-26.185591],[27.738973,-26.18275],[27.745052,-26.180126],[27.74342,-26.17671],[27.744221,-26.175489],[27.746389,-26.17663],[27.74711,-26.17552],[27.74493,-26.1744],[27.746099,-26.1726],[27.74843,-26.168341],[27.748671,-26.16823],[27.748989,-26.167709],[27.74897,-26.167471],[27.74935,-26.166941],[27.74959,-26.166861],[27.74992,-26.166401],[27.749901,-26.16617],[27.75028,-26.16564],[27.75053,-26.16556],[27.750811,-26.164089],[27.750681,-26.163879],[27.750931,-26.16247],[27.73695,-26.162741],[27.73068,-26.15987],[27.71957,-26.15477],[27.721251,-26.14072],[27.73284,-26.14337],[27.735188,-26.132845],[27.735979,-26.132956],[27.737269,-26.133221],[27.73919,-26.128595],[27.741222,-26.123782],[27.744225,-26.116563],[27.744781,-26.115312],[27.74553,-26.114081],[27.746044,-26.113525],[27.745234,-26.112825],[27.745016,-26.11222],[27.745363,-26.110291],[27.746008,-26.108273],[27.74607,-26.10693],[27.744707,-26.106779],[27.743687,-26.106577],[27.741163,-26.106165],[27.741572,-26.104384],[27.740591,-26.104567],[27.7405,-26.104297],[27.739798,-26.103464],[27.740653,-26.102948],[27.740297,-26.102803],[27.739337,-26.101807],[27.738981,-26.101511],[27.738122,-26.10183],[27.736953,-26.100059],[27.736478,-26.099419],[27.735735,-26.098961],[27.734882,-26.098803],[27.733957,-26.098882],[27.732938,-26.098416],[27.728411,-26.098127],[27.728311,-26.102607],[27.727836,-26.102746],[27.728153,-26.105621],[27.7273,-26.105918],[27.726349,-26.106136],[27.723811,-26.10685],[27.718121,-26.108476],[27.713957,-26.109626],[27.712867,-26.109864],[27.711578,-26.110042],[27.710289,-26.110141],[27.708366,-26.110122],[27.706998,-26.109983],[27.704956,-26.109586],[27.703449,-26.10913],[27.701226,-26.108174],[27.700496,-26.107775],[27.696903,-26.105527],[27.69589,-26.104858],[27.692273,-26.102537],[27.690345,-26.101229],[27.687274,-26.099049],[27.68655,-26.098588],[27.683803,-26.097001],[27.683781,-26.096745],[27.681419,-26.095461],[27.67878,-26.09549],[27.673861,-26.09572],[27.675329,-26.09955],[27.67592,-26.101],[27.676701,-26.103239],[27.677759,-26.105989],[27.678289,-26.10758],[27.678419,-26.107809],[27.6791,-26.109671],[27.68045,-26.113239],[27.681761,-26.116859],[27.679239,-26.11661],[27.661739,-26.115129],[27.65794,-26.11484],[27.655001,-26.11459],[27.653061,-26.11438],[27.649309,-26.11414],[27.64658,-26.11388],[27.63936,-26.11331],[27.63295,-26.112749],[27.630461,-26.112551],[27.62867,-26.112379],[27.616131,-26.110729],[27.61342,-26.11035],[27.613359,-26.110371],[27.61342,-26.109289],[27.61426,-26.062454],[27.61236,-26.08684],[27.60421,-26.089689],[27.551229,-26.104719],[27.548981,-26.092609],[27.546961,-26.08168],[27.543703,-26.0641],[27.5413,-26.0511],[27.538891,-26.063669],[27.53792,-26.06856],[27.53734,-26.071609],[27.536539,-26.075541],[27.53573,-26.079325],[27.53056,-26.080231],[27.525921,-26.081091],[27.52166,-26.08185],[27.52105,-26.08201],[27.51759,-26.0826],[27.513639,-26.08338],[27.50988,-26.084049],[27.50613,-26.084749],[27.49684,-26.08655],[27.49301,-26.08724],[27.484249,-26.088869],[27.47978,-26.08972],[27.475719,-26.090441],[27.47156,-26.091209],[27.467369,-26.091999],[27.46734,-26.09227],[27.469151,-26.092501],[27.47485,-26.102209],[27.47628,-26.10467],[27.479919,-26.11079],[27.4835,-26.116871],[27.48563,-26.12052],[27.489958,-26.127972],[27.48929,-26.130859],[27.486851,-26.14193],[27.484949,-26.150511],[27.484835,-26.151295],[27.48303,-26.15942],[27.48123,-26.167431],[27.47904,-26.177219],[27.47875,-26.17845],[27.47662,-26.189711],[27.474609,-26.19923],[27.474051,-26.20183],[27.465891,-26.20051],[27.46863,-26.217369],[27.469481,-26.225531],[27.469931,-26.229771],[27.47151,-26.244955],[27.472429,-26.24859],[27.473669,-26.253139],[27.475151,-26.258659],[27.475929,-26.261419],[27.476219,-26.262779],[27.47694,-26.26523],[27.47757,-26.26782],[27.478291,-26.270466],[27.47883,-26.27282],[27.47957,-26.275631],[27.481911,-26.284439],[27.48333,-26.28508],[27.485781,-26.285999],[27.486204,-26.286221],[27.488815,-26.28727],[27.49037,-26.28784],[27.491091,-26.2882],[27.494101,-26.28941],[27.49781,-26.290939],[27.503365,-26.293196],[27.508295,-26.29524],[27.51646,-26.298611],[27.51963,-26.29991],[27.52606,-26.30257]],[[27.683862,-26.247781],[27.684475,-26.242785],[27.68457,-26.241794],[27.684974,-26.238717],[27.685231,-26.236471],[27.686011,-26.230022],[27.686155,-26.228699],[27.686504,-26.226901],[27.686737,-26.226059],[27.687064,-26.225149],[27.691392,-26.215179],[27.692257,-26.215462],[27.692975,-26.215329],[27.694366,-26.214584],[27.69485,-26.214418],[27.696226,-26.214247],[27.69847,-26.21429],[27.700359,-26.214546],[27.702304,-26.214997],[27.704345,-26.215666],[27.705237,-26.216046],[27.705394,-26.215998],[27.706072,-26.216221],[27.706167,-26.216463],[27.707719,-26.217346],[27.70924,-26.217624],[27.712206,-26.223915],[27.712618,-26.223756],[27.713368,-26.223683],[27.713861,-26.223487],[27.715669,-26.227309],[27.715209,-26.227389],[27.714362,-26.22784],[27.714203,-26.228081],[27.710758,-26.229466],[27.710935,-26.230224],[27.709039,-26.231722],[27.707585,-26.231533],[27.706377,-26.23116],[27.706649,-26.229345],[27.70331,-26.228893],[27.701678,-26.239396],[27.701182,-26.242204],[27.700823,-26.243869],[27.700519,-26.245659],[27.698247,-26.247627],[27.695286,-26.248408],[27.688868,-26.248254],[27.683862,-26.247781]],[[27.722163,-26.166687],[27.723634,-26.165528],[27.723982,-26.165079],[27.724296,-26.164418],[27.724976,-26.164169],[27.727565,-26.164673],[27.727487,-26.165035],[27.728255,-26.165178],[27.728187,-26.165481],[27.729642,-26.165771],[27.728963,-26.16844],[27.725418,-26.16764],[27.723588,-26.167083],[27.72321,-26.167178],[27.722688,-26.167113],[27.722163,-26.166687]]]}},{"type":"Feature","properties":{"id":"rand-west-westonaria","name":"Westonaria","labelPriority":"secondary","selectionBasis":"census-main-place","subPlaceCount":3},"geometry":{"type":"MultiPolygon","coordinates":[[[[27.549811,-26.364015],[27.549789,-26.36521],[27.54987,-26.366381],[27.55006,-26.36768],[27.550301,-26.368851],[27.55048,-26.370001],[27.5504,-26.37055],[27.55069,-26.371481],[27.55077,-26.37236],[27.55094,-26.372841],[27.551109,-26.37398],[27.551109,-26.374519],[27.55077,-26.37685],[27.550659,-26.37808],[27.550091,-26.379551],[27.549801,-26.38014],[27.549749,-26.380659],[27.549919,-26.38126],[27.54973,-26.38287],[27.54982,-26.38356],[27.55014,-26.384939],[27.55028,-26.3864],[27.55011,-26.386749],[27.540117,-26.387581],[27.53751,-26.39924],[27.5369,-26.40192],[27.537279,-26.405861],[27.542641,-26.42058],[27.545099,-26.42668],[27.545314,-26.426698],[27.54674,-26.430395],[27.553831,-26.431686],[27.564246,-26.43337],[27.571252,-26.434577],[27.578253,-26.435766],[27.579717,-26.436028],[27.57997,-26.436624],[27.581765,-26.435948],[27.58247,-26.435581],[27.581993,-26.434883],[27.581519,-26.433699],[27.579604,-26.433232],[27.579195,-26.432155],[27.579279,-26.432028],[27.5793,-26.429785],[27.582828,-26.429732],[27.582807,-26.428089],[27.585735,-26.430659],[27.586175,-26.433323],[27.587244,-26.432803],[27.588912,-26.432191],[27.595912,-26.429924],[27.593845,-26.424703],[27.593563,-26.423915],[27.59241,-26.42413],[27.590867,-26.424271],[27.589929,-26.422912],[27.589544,-26.422471],[27.58893,-26.421465],[27.586988,-26.418653],[27.589946,-26.418244],[27.591149,-26.418106],[27.587668,-26.409346],[27.587402,-26.407812],[27.587934,-26.405027],[27.588481,-26.403149],[27.589014,-26.402288],[27.592776,-26.397095],[27.591533,-26.396391],[27.592118,-26.394919],[27.592187,-26.394407],[27.59198,-26.394048],[27.592242,-26.393536],[27.59104,-26.3912],[27.590832,-26.39091],[27.590404,-26.389735],[27.590155,-26.388726],[27.588911,-26.387418],[27.588021,-26.387531],[27.58669,-26.387545],[27.586756,-26.385521],[27.585631,-26.383449],[27.590284,-26.379667],[27.592726,-26.377655],[27.594867,-26.375934],[27.597669,-26.373713],[27.605013,-26.367805],[27.604342,-26.367282],[27.603738,-26.367037],[27.600652,-26.366844],[27.594814,-26.366537],[27.598373,-26.358812],[27.600636,-26.356156],[27.602168,-26.354913],[27.600337,-26.352707],[27.599063,-26.351209],[27.600871,-26.349016],[27.602249,-26.347442],[27.603252,-26.345848],[27.60349,-26.345924],[27.604656,-26.343908],[27.605129,-26.343319],[27.606377,-26.342146],[27.606157,-26.341426],[27.606103,-26.340459],[27.606581,-26.339942],[27.607646,-26.339658],[27.606287,-26.338906],[27.607062,-26.337534],[27.605848,-26.337005],[27.605676,-26.336607],[27.607089,-26.335743],[27.609938,-26.337039],[27.610329,-26.336672],[27.610769,-26.336481],[27.612853,-26.333861],[27.613889,-26.332498],[27.613505,-26.329613],[27.613197,-26.327099],[27.612795,-26.323464],[27.612821,-26.322726],[27.612727,-26.321351],[27.612557,-26.319891],[27.612413,-26.319161],[27.612184,-26.318745],[27.612158,-26.318211],[27.611743,-26.314934],[27.610241,-26.31498],[27.605729,-26.31518],[27.60481,-26.311134],[27.603985,-26.307034],[27.604704,-26.307074],[27.607645,-26.306502],[27.608018,-26.304585],[27.607765,-26.302522],[27.608737,-26.302323],[27.610214,-26.301085],[27.612455,-26.300274],[27.623476,-26.299601],[27.623644,-26.298507],[27.621836,-26.29245],[27.626968,-26.29102],[27.624486,-26.281723],[27.622664,-26.274814],[27.619631,-26.275408],[27.618398,-26.275575],[27.618146,-26.27464],[27.617594,-26.27219],[27.617014,-26.269791],[27.616434,-26.267234],[27.615815,-26.264638],[27.615319,-26.262403],[27.614362,-26.25836],[27.610818,-26.259127],[27.601721,-26.261015],[27.5996,-26.26145],[27.59445,-26.262541],[27.594024,-26.262609],[27.59302,-26.266847],[27.592829,-26.267545],[27.592951,-26.268148],[27.593887,-26.271762],[27.595322,-26.277218],[27.596204,-26.28071],[27.599535,-26.280671],[27.599964,-26.282359],[27.601169,-26.286925],[27.601714,-26.288667],[27.603065,-26.294561],[27.602251,-26.295927],[27.598092,-26.294691],[27.597447,-26.294706],[27.596051,-26.294353],[27.594347,-26.286925],[27.593833,-26.284546],[27.592536,-26.27916],[27.592329,-26.278899],[27.592352,-26.278338],[27.591991,-26.276719],[27.591131,-26.27319],[27.589888,-26.277343],[27.587145,-26.28641],[27.586715,-26.287872],[27.586358,-26.288816],[27.586001,-26.289396],[27.585346,-26.290133],[27.584857,-26.290526],[27.583664,-26.291146],[27.582812,-26.291387],[27.581893,-26.291493],[27.580257,-26.291574],[27.57913,-26.28599],[27.578373,-26.282421],[27.577365,-26.277298],[27.576631,-26.273865],[27.575794,-26.269471],[27.575629,-26.268526],[27.575194,-26.266566],[27.575109,-26.266584],[27.57373,-26.262609],[27.572371,-26.262819],[27.56328,-26.26417],[27.55872,-26.26486],[27.54707,-26.26659],[27.545115,-26.266899],[27.54495,-26.2693],[27.54471,-26.27198],[27.537556,-26.273529],[27.535339,-26.28326],[27.534229,-26.288179],[27.531919,-26.29833],[27.530849,-26.30307],[27.52606,-26.30257],[27.52586,-26.31308],[27.52586,-26.313499],[27.525431,-26.33556],[27.525212,-26.347219],[27.525209,-26.347321],[27.54031,-26.34462],[27.54785,-26.343281],[27.548519,-26.345619],[27.55106,-26.35421],[27.551189,-26.354679],[27.55106,-26.35524],[27.550831,-26.35778],[27.55064,-26.3587],[27.55051,-26.35973],[27.550211,-26.36058],[27.549459,-26.361759],[27.549311,-26.362289],[27.5494,-26.36305],[27.549811,-26.364015]]],[[[27.579599,-26.607531],[27.59676,-26.60812],[27.60549,-26.60844],[27.6108,-26.608669],[27.61434,-26.60881],[27.618441,-26.609011],[27.624451,-26.60924],[27.634121,-26.6117],[27.64357,-26.614111],[27.64994,-26.61578],[27.657749,-26.617741],[27.65958,-26.6042],[27.667931,-26.61055],[27.668989,-26.603621],[27.669209,-26.602249],[27.67112,-26.59363],[27.67317,-26.584471],[27.674999,-26.576229],[27.67561,-26.573521],[27.678869,-26.56065],[27.67791,-26.552139],[27.67671,-26.54143],[27.676411,-26.538691],[27.67898,-26.536591],[27.676371,-26.531179],[27.675751,-26.529261],[27.67564,-26.529079],[27.675529,-26.528061],[27.675501,-26.526911],[27.6756,-26.52623],[27.67598,-26.524349],[27.68136,-26.52524],[27.68722,-26.52626],[27.693871,-26.52738],[27.710131,-26.53001],[27.71036,-26.52787],[27.71143,-26.51705],[27.71208,-26.51092],[27.713409,-26.49794],[27.71431,-26.489389],[27.712919,-26.478979],[27.710699,-26.46229],[27.709669,-26.45467],[27.713369,-26.4424],[27.72086,-26.436501],[27.727011,-26.431669],[27.727539,-26.43121],[27.727699,-26.431499],[27.732349,-26.438721],[27.738461,-26.43828],[27.745239,-26.43778],[27.74715,-26.42831],[27.74859,-26.42108],[27.74898,-26.41917],[27.751419,-26.419161],[27.75839,-26.419161],[27.76129,-26.419149],[27.758101,-26.40206],[27.75614,-26.39163],[27.754736,-26.384109],[27.75403,-26.37871],[27.751863,-26.361996],[27.782801,-26.363325],[27.802259,-26.364146],[27.802851,-26.364111],[27.81159,-26.364475],[27.81045,-26.33289],[27.811012,-26.329598],[27.812245,-26.322137],[27.81353,-26.314315],[27.814908,-26.306199],[27.81529,-26.303391],[27.81525,-26.299358],[27.815249,-26.299266],[27.812081,-26.300114],[27.811978,-26.298642],[27.811907,-26.29704],[27.811747,-26.296156],[27.811844,-26.295499],[27.811696,-26.294943],[27.811359,-26.294181],[27.811237,-26.293669],[27.811999,-26.293522],[27.812394,-26.293077],[27.812754,-26.293371],[27.815222,-26.294947],[27.815149,-26.286921],[27.815041,-26.28554],[27.81484,-26.285],[27.814211,-26.284731],[27.813801,-26.284769],[27.813681,-26.28565],[27.808451,-26.2861],[27.799669,-26.28684],[27.792299,-26.28747],[27.789721,-26.303909],[27.782801,-26.30435],[27.783835,-26.30795],[27.782011,-26.308452],[27.777918,-26.309528],[27.772773,-26.310931],[27.766284,-26.312673],[27.764693,-26.313141],[27.755529,-26.316007],[27.756849,-26.319341],[27.762366,-26.317665],[27.767207,-26.319307],[27.767203,-26.319502],[27.766484,-26.321519],[27.764065,-26.328142],[27.761234,-26.328301],[27.75364,-26.328796],[27.750044,-26.32902],[27.748316,-26.329086],[27.744327,-26.329338],[27.740208,-26.329618],[27.739488,-26.329683],[27.739274,-26.329441],[27.739554,-26.32704],[27.739871,-26.323911],[27.740021,-26.32279],[27.740278,-26.320427],[27.739645,-26.320641],[27.734581,-26.322232],[27.732379,-26.322891],[27.732572,-26.320978],[27.733118,-26.316123],[27.733735,-26.310261],[27.733952,-26.307585],[27.731447,-26.307776],[27.729912,-26.307845],[27.724103,-26.308207],[27.720784,-26.308432],[27.720035,-26.308463],[27.714726,-26.308794],[27.710383,-26.309087],[27.707207,-26.309274],[27.695844,-26.30999],[27.696147,-26.310437],[27.696422,-26.311731],[27.696939,-26.312665],[27.697193,-26.312836],[27.69826,-26.313144],[27.699219,-26.313723],[27.699219,-26.313922],[27.698722,-26.315478],[27.698369,-26.316302],[27.698758,-26.318193],[27.699002,-26.318383],[27.6995,-26.31841],[27.701395,-26.318307],[27.70228,-26.328569],[27.702435,-26.329929],[27.70253,-26.33191],[27.702125,-26.33197],[27.700299,-26.33203],[27.698091,-26.332185],[27.697816,-26.332054],[27.696861,-26.332149],[27.695226,-26.332161],[27.694916,-26.332245],[27.693639,-26.332304],[27.693508,-26.332471],[27.691252,-26.332794],[27.690119,-26.332865],[27.689701,-26.332782],[27.688973,-26.332794],[27.686488,-26.332969],[27.683982,-26.33306],[27.682733,-26.333183],[27.684187,-26.33609],[27.684961,-26.33774],[27.685496,-26.338653],[27.686298,-26.340304],[27.689027,-26.346048],[27.691265,-26.350719],[27.696275,-26.350782],[27.697834,-26.350782],[27.702158,-26.350848],[27.704193,-26.350624],[27.705622,-26.351557],[27.706052,-26.352071],[27.706584,-26.35251],[27.70847,-26.354695],[27.708993,-26.355124],[27.709366,-26.355591],[27.710636,-26.355115],[27.712252,-26.354592],[27.712765,-26.354517],[27.713438,-26.354574],[27.714362,-26.35476],[27.716473,-26.355358],[27.7158,-26.354228],[27.715305,-26.353248],[27.715091,-26.352669],[27.715119,-26.352052],[27.715254,-26.351793],[27.717602,-26.349236],[27.721787,-26.344958],[27.723693,-26.342958],[27.724148,-26.342326],[27.724038,-26.34161],[27.7262,-26.341173],[27.729345,-26.340626],[27.731701,-26.340299],[27.732332,-26.344863],[27.732963,-26.34922],[27.732826,-26.349367],[27.733268,-26.352772],[27.733655,-26.355597],[27.7339,-26.356671],[27.73503,-26.357781],[27.735966,-26.358519],[27.737478,-26.358865],[27.738633,-26.35917],[27.743657,-26.360341],[27.744614,-26.360524],[27.746802,-26.361028],[27.745685,-26.361896],[27.744479,-26.363347],[27.743363,-26.364741],[27.74224,-26.36578],[27.740727,-26.366694],[27.738195,-26.368179],[27.735057,-26.369979],[27.731361,-26.372155],[27.724541,-26.37613],[27.722462,-26.377301],[27.720349,-26.37857],[27.719875,-26.378898],[27.718222,-26.380286],[27.71643,-26.381939],[27.715621,-26.382811],[27.712971,-26.381221],[27.712357,-26.380816],[27.710928,-26.379087],[27.70871,-26.37645],[27.708696,-26.376171],[27.709156,-26.37463],[27.706234,-26.374637],[27.705823,-26.373807],[27.702998,-26.370062],[27.702796,-26.369651],[27.702101,-26.36472],[27.701995,-26.364396],[27.70127,-26.363021],[27.700307,-26.361842],[27.700016,-26.361551],[27.699147,-26.361755],[27.698754,-26.361755],[27.698297,-26.36157],[27.697364,-26.360853],[27.69562,-26.359436],[27.694836,-26.359353],[27.691422,-26.358609],[27.688594,-26.357952],[27.68728,-26.357675],[27.685399,-26.357219],[27.682356,-26.356513],[27.677087,-26.355359],[27.676907,-26.355282],[27.674473,-26.353623],[27.673878,-26.353318],[27.674156,-26.352255],[27.674703,-26.349899],[27.67537,-26.347281],[27.675631,-26.345711],[27.675846,-26.345164],[27.676503,-26.342474],[27.676734,-26.341638],[27.67705,-26.340114],[27.677468,-26.338663],[27.677598,-26.3379],[27.678549,-26.333907],[27.678708,-26.333564],[27.679238,-26.333486],[27.678181,-26.332624],[27.677453,-26.332207],[27.67636,-26.331043],[27.673967,-26.330773],[27.674387,-26.327175],[27.674586,-26.325702],[27.674785,-26.323917],[27.675887,-26.314777],[27.675937,-26.314222],[27.676336,-26.311214],[27.676445,-26.308386],[27.674934,-26.308417],[27.674093,-26.308503],[27.673058,-26.308523],[27.668788,-26.308807],[27.66483,-26.309037],[27.66008,-26.309338],[27.659925,-26.308716],[27.658812,-26.30885],[27.658517,-26.308519],[27.658184,-26.307746],[27.657623,-26.307807],[27.657184,-26.307383],[27.656623,-26.307459],[27.656305,-26.30814],[27.656533,-26.309019],[27.655927,-26.309064],[27.654669,-26.309806],[27.655351,-26.310155],[27.655624,-26.310836],[27.656942,-26.312048],[27.656942,-26.312399],[27.653808,-26.312647],[27.64985,-26.312914],[27.646453,-26.313102],[27.646476,-26.313327],[27.638595,-26.313828],[27.638381,-26.313971],[27.635558,-26.325635],[27.635729,-26.325918],[27.635332,-26.326261],[27.63449,-26.327155],[27.63487,-26.327111],[27.636969,-26.326571],[27.641909,-26.325358],[27.64425,-26.324815],[27.646523,-26.336222],[27.649033,-26.348874],[27.644085,-26.35057],[27.636839,-26.353187],[27.634027,-26.354257],[27.630446,-26.35553],[27.629809,-26.355797],[27.630418,-26.358209],[27.63091,-26.359441],[27.631157,-26.360445],[27.631024,-26.361696],[27.631896,-26.363611],[27.633469,-26.37028],[27.633524,-26.373962],[27.633377,-26.37474],[27.633321,-26.376141],[27.633573,-26.376609],[27.633526,-26.378879],[27.633463,-26.379944],[27.633515,-26.383557],[27.633712,-26.388513],[27.633807,-26.39238],[27.633796,-26.393697],[27.633868,-26.397697],[27.633317,-26.405762],[27.632963,-26.411333],[27.632494,-26.41784],[27.632184,-26.421961],[27.631906,-26.426544],[27.631735,-26.427266],[27.631659,-26.428399],[27.631098,-26.438899],[27.631066,-26.439785],[27.630591,-26.445565],[27.630167,-26.451433],[27.630053,-26.452838],[27.629908,-26.452738],[27.62945,-26.45941],[27.629379,-26.46011],[27.627911,-26.476351],[27.62756,-26.480181],[27.62656,-26.491301],[27.626329,-26.493799],[27.61799,-26.49284],[27.607149,-26.4916],[27.60594,-26.50272],[27.60408,-26.521271],[27.603109,-26.530649],[27.61215,-26.532869],[27.612471,-26.532961],[27.60853,-26.54554],[27.60499,-26.55699],[27.60458,-26.579929],[27.60437,-26.591961],[27.571939,-26.58223],[27.55728,-26.57782],[27.545691,-26.57443],[27.56147,-26.583481],[27.56592,-26.58606],[27.58272,-26.595779],[27.582371,-26.59716],[27.579599,-26.607531]],[[27.650022,-26.358656],[27.651532,-26.358989],[27.655246,-26.359722],[27.659311,-26.360474],[27.659981,-26.360616],[27.659947,-26.360993],[27.660081,-26.36137],[27.66081,-26.362099],[27.660622,-26.363453],[27.662146,-26.363679],[27.662913,-26.363348],[27.663969,-26.36318],[27.664547,-26.363457],[27.66572,-26.364236],[27.666416,-26.364646],[27.667061,-26.365467],[27.667069,-26.366841],[27.666937,-26.367313],[27.666472,-26.368253],[27.665838,-26.369002],[27.664509,-26.368802],[27.663183,-26.36847],[27.662736,-26.368231],[27.659899,-26.367588],[27.659691,-26.369188],[27.65972,-26.369714],[27.659436,-26.371852],[27.658624,-26.371757],[27.657183,-26.371372],[27.655668,-26.371068],[27.655093,-26.37104],[27.653789,-26.370722],[27.653321,-26.370736],[27.652956,-26.37053],[27.652529,-26.370633],[27.652029,-26.370544],[27.652172,-26.370144],[27.651743,-26.370112],[27.650088,-26.370164],[27.650022,-26.358656]],[[27.65033,-26.42258],[27.65066,-26.420537],[27.650792,-26.419375],[27.650953,-26.418525],[27.650969,-26.417643],[27.651069,-26.417226],[27.651468,-26.41661],[27.652444,-26.415543],[27.653012,-26.415376],[27.65378,-26.415476],[27.65509,-26.415543],[27.655991,-26.415718],[27.657636,-26.415677],[27.659906,-26.415677],[27.659964,-26.415576],[27.659938,-26.413413],[27.65995,-26.40952],[27.660077,-26.408948],[27.66049,-26.408141],[27.66113,-26.407283],[27.661691,-26.406058],[27.662787,-26.404553],[27.66549,-26.406204],[27.666108,-26.406666],[27.666807,-26.407291],[27.668395,-26.406483],[27.668387,-26.405942],[27.668578,-26.405415],[27.668922,-26.404975],[27.669507,-26.404646],[27.671089,-26.404639],[27.672231,-26.404704],[27.672575,-26.404595],[27.673965,-26.403965],[27.675634,-26.403526],[27.676279,-26.402977],[27.677113,-26.402626],[27.677962,-26.401535],[27.678404,-26.400584],[27.67905,-26.399034],[27.679246,-26.398125],[27.680031,-26.397452],[27.679635,-26.395798],[27.679148,-26.394847],[27.679247,-26.394338],[27.682776,-26.391756],[27.684901,-26.390228],[27.686188,-26.389246],[27.688553,-26.387503],[27.689431,-26.38682],[27.690533,-26.385887],[27.691681,-26.387115],[27.698173,-26.39399],[27.70606,-26.402384],[27.705193,-26.403189],[27.707475,-26.40953],[27.708809,-26.413279],[27.707913,-26.413598],[27.701968,-26.415599],[27.6999,-26.416195],[27.69506,-26.417119],[27.692654,-26.41761],[27.691533,-26.41801],[27.685546,-26.420658],[27.683606,-26.421498],[27.682557,-26.422053],[27.67915,-26.424138],[27.67704,-26.425476],[27.675722,-26.426469],[27.67428,-26.427758],[27.670929,-26.431391],[27.670575,-26.431045],[27.670245,-26.430326],[27.669542,-26.429832],[27.667766,-26.428678],[27.666468,-26.427782],[27.66601,-26.42726],[27.665359,-26.426963],[27.663949,-26.426159],[27.663688,-26.425822],[27.663543,-26.424781],[27.663214,-26.424234],[27.66274,-26.423776],[27.661309,-26.422969],[27.660699,-26.422466],[27.659959,-26.422426],[27.65748,-26.42243],[27.656074,-26.422458],[27.654945,-26.422434],[27.654603,-26.422511],[27.653438,-26.423411],[27.652783,-26.423547],[27.65207,-26.42345],[27.6508,-26.42315],[27.65052,-26.42298],[27.65033,-26.42258]]]]}},{"type":"Feature","properties":{"id":"rand-west-zenzele","name":"Zenzele","labelPriority":"secondary","selectionBasis":"census-main-place","subPlaceCount":2},"geometry":{"type":"MultiPolygon","coordinates":[[[[27.693009,-26.264525],[27.696275,-26.264965],[27.696535,-26.264588],[27.696439,-26.264412],[27.697717,-26.259634],[27.697949,-26.258671],[27.698525,-26.255722],[27.698737,-26.25365],[27.699044,-26.252072],[27.699273,-26.251553],[27.699345,-26.251087],[27.699023,-26.250987],[27.694495,-26.25054],[27.694549,-26.251334],[27.694488,-26.252741],[27.694402,-26.253199],[27.694163,-26.253503],[27.693113,-26.254309],[27.692817,-26.255647],[27.692792,-26.256939],[27.692534,-26.258693],[27.693164,-26.258729],[27.692996,-26.259745],[27.692824,-26.261799],[27.693504,-26.261889],[27.693139,-26.263689],[27.693009,-26.264525]]],[[[28.425142,-26.13107],[28.426437,-26.130419],[28.426479,-26.130335],[28.428665,-26.129251],[28.428759,-26.129329],[28.429998,-26.128681],[28.433971,-26.126682],[28.436177,-26.125588],[28.437213,-26.125103],[28.436909,-26.12465],[28.43618,-26.123864],[28.435082,-26.122949],[28.434952,-26.123037],[28.434312,-26.122511],[28.433162,-26.123073],[28.431654,-26.122319],[28.430442,-26.123103],[28.429856,-26.122422],[28.429203,-26.122397],[28.429139,-26.122943],[28.429448,-26.123378],[28.427142,-26.124816],[28.424171,-26.126612],[28.42361,-26.126863],[28.422607,-26.127486],[28.423666,-26.12907],[28.425142,-26.13107]]]]}},{"type":"Feature","properties":{"id":"merafong-khutsong","name":"Khutsong","labelPriority":"primary","selectionBasis":"census-main-place","subPlaceCount":9},"geometry":{"type":"MultiPolygon","coordinates":[[[[27.343186,-26.366997],[27.350003,-26.36492],[27.34971,-26.362791],[27.349047,-26.359011],[27.348881,-26.358788],[27.348732,-26.35766],[27.347881,-26.352805],[27.347183,-26.352083],[27.34618,-26.348425],[27.345951,-26.348425],[27.345397,-26.347928],[27.341013,-26.349675],[27.340182,-26.35015],[27.337858,-26.35113],[27.335978,-26.351872],[27.33322,-26.34604],[27.329407,-26.337874],[27.327705,-26.3341],[27.327826,-26.334108],[27.335825,-26.331807],[27.338419,-26.33107],[27.336233,-26.327353],[27.334505,-26.324143],[27.333555,-26.322462],[27.332956,-26.321551],[27.332567,-26.321066],[27.329167,-26.316004],[27.329006,-26.315577],[27.328521,-26.314998],[27.327932,-26.314067],[27.326602,-26.312076],[27.325912,-26.310989],[27.322868,-26.312628],[27.319608,-26.314344],[27.316019,-26.3164],[27.315433,-26.316662],[27.314321,-26.317279],[27.314556,-26.317666],[27.313609,-26.318308],[27.312776,-26.318753],[27.312076,-26.319212],[27.309923,-26.320274],[27.308063,-26.321359],[27.305367,-26.322831],[27.2983,-26.326845],[27.295339,-26.328327],[27.293387,-26.329423],[27.292561,-26.329951],[27.290866,-26.330834],[27.291365,-26.333312],[27.291853,-26.335478],[27.291913,-26.336709],[27.292102,-26.337482],[27.292393,-26.338087],[27.292518,-26.338903],[27.292819,-26.340003],[27.293265,-26.342199],[27.29819,-26.341078],[27.299306,-26.340514],[27.299557,-26.340326],[27.300322,-26.341215],[27.300232,-26.342227],[27.298466,-26.342182],[27.296573,-26.343712],[27.299419,-26.346571],[27.299758,-26.346332],[27.299783,-26.344326],[27.300397,-26.344326],[27.300397,-26.343849],[27.304874,-26.343962],[27.305137,-26.343686],[27.305175,-26.341956],[27.305413,-26.34148],[27.310868,-26.33778],[27.312367,-26.33688],[27.313045,-26.336816],[27.314122,-26.337275],[27.317249,-26.344168],[27.315107,-26.345198],[27.314751,-26.345241],[27.312467,-26.347129],[27.311914,-26.348198],[27.312286,-26.34859],[27.313247,-26.349239],[27.313541,-26.34921],[27.315019,-26.349942],[27.316134,-26.350438],[27.317521,-26.351313],[27.31843,-26.352237],[27.315174,-26.354264],[27.314543,-26.35456],[27.314592,-26.354699],[27.315137,-26.354918],[27.316619,-26.356563],[27.316554,-26.35732],[27.317514,-26.358476],[27.317604,-26.358777],[27.318052,-26.359233],[27.320336,-26.362333],[27.318433,-26.364399],[27.318638,-26.36466],[27.321957,-26.363301],[27.328279,-26.36065],[27.33322,-26.358558],[27.335427,-26.362412],[27.335647,-26.362329],[27.336571,-26.3643],[27.33742,-26.365889],[27.338936,-26.368556],[27.343186,-26.366997]]],[[[28.371275,-25.715904],[28.371912,-25.716578],[28.373205,-25.717243],[28.374365,-25.717777],[28.375047,-25.718274],[28.375958,-25.719075],[28.376075,-25.718875],[28.376198,-25.718089],[28.375996,-25.717315],[28.378486,-25.716724],[28.378493,-25.716585],[28.38003,-25.715098],[28.379971,-25.714707],[28.380697,-25.714456],[28.380476,-25.714006],[28.378901,-25.711758],[28.376562,-25.71312],[28.37607,-25.713432],[28.371275,-25.715904]]]]}},{"type":"Feature","properties":{"id":"merafong-kokosi","name":"Kokosi","labelPriority":"primary","selectionBasis":"census-main-place","subPlaceCount":6},"geometry":{"type":"Polygon","coordinates":[[[27.480677,-26.505132],[27.480494,-26.504803],[27.479509,-26.504444],[27.479066,-26.504492],[27.478296,-26.504111],[27.477963,-26.503748],[27.477874,-26.503385],[27.478102,-26.503085],[27.477874,-26.502539],[27.47792,-26.502074],[27.477747,-26.501911],[27.477346,-26.501892],[27.476855,-26.502038],[27.476573,-26.501537],[27.475617,-26.501119],[27.474925,-26.501018],[27.474506,-26.5007],[27.473951,-26.500044],[27.473651,-26.49999],[27.472886,-26.500135],[27.471384,-26.499116],[27.47132,-26.498761],[27.471448,-26.49816],[27.471238,-26.497887],[27.470892,-26.497878],[27.47011,-26.498561],[27.469691,-26.498588],[27.469154,-26.498288],[27.468911,-26.497969],[27.469159,-26.497538],[27.468955,-26.497181],[27.469108,-26.496897],[27.469968,-26.49678],[27.470602,-26.496766],[27.471339,-26.496335],[27.471331,-26.496044],[27.471987,-26.495811],[27.472017,-26.494783],[27.469582,-26.494761],[27.469611,-26.492705],[27.468955,-26.492676],[27.468182,-26.49253],[27.462976,-26.49097],[27.462597,-26.49089],[27.461096,-26.490758],[27.458843,-26.490605],[27.457582,-26.490459],[27.457582,-26.491546],[27.457487,-26.492092],[27.457676,-26.49565],[27.45791,-26.499325],[27.457926,-26.500103],[27.45822,-26.500141],[27.458163,-26.502102],[27.458199,-26.508949],[27.458158,-26.516611],[27.459705,-26.516577],[27.460186,-26.516689],[27.462142,-26.516591],[27.462226,-26.519236],[27.463323,-26.519295],[27.465088,-26.519191],[27.465359,-26.51881],[27.467018,-26.516011],[27.468709,-26.51278],[27.471318,-26.511197],[27.471366,-26.511278],[27.47684,-26.508023],[27.480464,-26.505828],[27.480464,-26.505468],[27.480677,-26.505132]]]}},{"type":"Feature","properties":{"id":"merafong-wedela","name":"Wedela","labelPriority":"secondary","selectionBasis":"census-main-place","subPlaceCount":2},"geometry":{"type":"Polygon","coordinates":[[[27.372367,-26.472574],[27.372381,-26.47284],[27.373002,-26.472634],[27.377925,-26.472752],[27.379623,-26.47227],[27.38041,-26.473249],[27.381158,-26.472646],[27.381464,-26.472499],[27.382278,-26.472844],[27.383103,-26.47277],[27.383626,-26.472543],[27.383557,-26.472297],[27.383557,-26.471261],[27.384657,-26.470966],[27.384713,-26.470822],[27.386668,-26.470681],[27.387026,-26.470458],[27.387051,-26.470945],[27.388045,-26.470825],[27.388971,-26.47079],[27.390379,-26.470991],[27.392544,-26.470388],[27.392655,-26.470569],[27.393442,-26.47017],[27.393962,-26.470056],[27.394632,-26.469718],[27.394237,-26.468057],[27.393924,-26.466475],[27.392897,-26.461918],[27.391382,-26.456957],[27.390436,-26.454107],[27.390322,-26.453655],[27.389576,-26.453729],[27.387978,-26.454187],[27.387853,-26.454265],[27.384531,-26.455202],[27.384416,-26.455196],[27.382677,-26.455699],[27.381772,-26.456547],[27.380113,-26.457999],[27.379128,-26.45881],[27.379139,-26.459414],[27.37716,-26.459071],[27.377146,-26.460492],[27.379101,-26.460546],[27.379145,-26.462383],[27.376834,-26.46315],[27.375951,-26.463493],[27.376408,-26.465637],[27.37834,-26.465674],[27.378857,-26.465138],[27.37913,-26.46522],[27.379983,-26.46523],[27.380567,-26.465733],[27.381426,-26.464926],[27.38184,-26.465496],[27.382025,-26.466007],[27.381855,-26.467694],[27.381796,-26.467857],[27.380353,-26.468427],[27.379744,-26.468445],[27.378894,-26.468319],[27.379036,-26.468044],[27.377157,-26.467361],[27.376011,-26.467425],[27.375309,-26.467562],[27.37534,-26.467702],[27.372558,-26.468321],[27.372928,-26.469642],[27.373098,-26.469761],[27.374138,-26.469572],[27.374389,-26.470222],[27.37485,-26.470112],[27.374938,-26.470403],[27.375185,-26.470348],[27.375034,-26.470785],[27.374434,-26.47075],[27.374274,-26.471332],[27.373666,-26.471242],[27.373215,-26.471304],[27.373202,-26.471643],[27.372534,-26.471621],[27.372367,-26.472574]]]}},{"type":"Feature","properties":{"id":"merafong-fochville","name":"Fochville","labelPriority":"secondary","selectionBasis":"census-main-place","subPlaceCount":1},"geometry":{"type":"Polygon","coordinates":[[[27.480677,-26.505132],[27.480494,-26.504803],[27.479509,-26.504444],[27.479066,-26.504492],[27.478296,-26.504111],[27.477963,-26.503748],[27.477874,-26.503385],[27.478102,-26.503085],[27.477874,-26.502539],[27.47792,-26.502074],[27.477747,-26.501911],[27.477346,-26.501892],[27.476855,-26.502038],[27.476573,-26.501537],[27.475617,-26.501119],[27.474925,-26.501018],[27.474506,-26.5007],[27.473951,-26.500044],[27.473651,-26.49999],[27.472886,-26.500135],[27.471384,-26.499116],[27.47132,-26.498761],[27.471448,-26.49816],[27.471238,-26.497887],[27.470892,-26.497878],[27.47011,-26.498561],[27.469691,-26.498588],[27.469154,-26.498288],[27.468911,-26.497969],[27.469159,-26.497538],[27.468955,-26.497181],[27.469108,-26.496897],[27.469968,-26.49678],[27.470602,-26.496766],[27.471339,-26.496335],[27.471331,-26.496044],[27.471987,-26.495811],[27.472017,-26.494783],[27.469582,-26.494761],[27.469611,-26.492705],[27.475149,-26.492718],[27.480704,-26.492743],[27.483417,-26.492739],[27.486455,-26.492775],[27.486402,-26.490762],[27.486101,-26.483268],[27.485974,-26.479705],[27.485862,-26.477633],[27.485825,-26.475606],[27.481768,-26.476134],[27.479928,-26.476302],[27.474638,-26.476956],[27.466518,-26.477907],[27.462739,-26.477832],[27.460777,-26.47781],[27.461006,-26.477031],[27.461932,-26.475564],[27.462539,-26.47476],[27.463849,-26.473471],[27.464569,-26.472896],[27.466177,-26.471876],[27.467882,-26.471088],[27.469743,-26.470496],[27.478959,-26.469617],[27.481231,-26.46941],[27.481655,-26.469144],[27.482529,-26.468396],[27.483672,-26.468061],[27.484484,-26.46814],[27.484185,-26.466554],[27.488844,-26.465938],[27.490757,-26.465629],[27.492169,-26.465042],[27.49289,-26.464921],[27.493548,-26.465233],[27.493972,-26.464568],[27.49458,-26.463846],[27.495733,-26.465015],[27.499673,-26.468616],[27.500873,-26.469858],[27.501621,-26.470734],[27.502835,-26.472259],[27.504021,-26.473897],[27.504868,-26.475337],[27.50556,-26.476734],[27.506182,-26.478161],[27.507029,-26.480377],[27.507608,-26.482636],[27.507918,-26.484401],[27.508088,-26.485601],[27.508215,-26.486971],[27.508201,-26.489512],[27.508158,-26.491023],[27.508082,-26.492277],[27.507633,-26.494604],[27.506207,-26.499773],[27.506099,-26.500312],[27.503911,-26.500922],[27.502941,-26.500893],[27.502232,-26.500676],[27.5012,-26.500033],[27.501031,-26.500235],[27.500969,-26.500826],[27.500504,-26.500918],[27.500194,-26.500365],[27.500295,-26.50008],[27.500108,-26.500007],[27.498962,-26.499915],[27.499116,-26.500637],[27.499041,-26.500772],[27.498233,-26.501177],[27.496892,-26.500817],[27.496477,-26.500855],[27.495564,-26.5013],[27.494766,-26.50213],[27.492665,-26.501718],[27.491666,-26.502276],[27.491774,-26.502451],[27.490953,-26.502676],[27.490703,-26.502917],[27.490301,-26.502896],[27.490156,-26.502371],[27.490003,-26.502264],[27.489516,-26.503119],[27.489697,-26.503418],[27.489539,-26.503796],[27.489228,-26.504124],[27.489033,-26.504076],[27.488694,-26.503631],[27.488016,-26.503637],[27.487476,-26.503757],[27.484906,-26.50541],[27.484609,-26.505515],[27.484375,-26.505884],[27.484566,-26.506203],[27.484042,-26.506001],[27.483633,-26.505442],[27.483146,-26.505549],[27.483126,-26.506001],[27.482954,-26.506379],[27.482733,-26.506344],[27.481824,-26.505891],[27.481356,-26.505287],[27.480872,-26.505042],[27.480677,-26.505132]]]}},{"type":"Feature","properties":{"id":"merafong-carletonville","name":"Carletonville","labelPriority":"secondary","selectionBasis":"census-main-place","subPlaceCount":16},"geometry":{"type":"MultiPolygon","coordinates":[[[[27.343186,-26.366997],[27.343196,-26.368141],[27.343576,-26.37417],[27.343713,-26.376752],[27.34424,-26.381495],[27.344625,-26.387462],[27.344639,-26.388146],[27.348878,-26.387192],[27.350867,-26.386726],[27.354344,-26.38596],[27.359865,-26.384718],[27.362626,-26.384082],[27.367922,-26.382922],[27.380798,-26.380002],[27.383684,-26.379371],[27.390134,-26.377933],[27.391948,-26.377503],[27.397341,-26.376311],[27.397714,-26.376212],[27.404873,-26.374604],[27.406636,-26.374231],[27.4084,-26.373816],[27.413032,-26.372789],[27.412483,-26.372208],[27.411867,-26.371436],[27.411519,-26.37089],[27.410921,-26.369695],[27.410689,-26.369016],[27.41041,-26.367744],[27.410329,-26.366607],[27.410405,-26.36551],[27.410753,-26.364047],[27.411159,-26.363054],[27.411769,-26.361986],[27.412593,-26.36093],[27.413266,-26.360152],[27.413847,-26.361272],[27.415913,-26.35945],[27.419825,-26.359061],[27.424062,-26.358597],[27.433188,-26.357674],[27.431116,-26.350173],[27.43011,-26.3466],[27.429062,-26.343005],[27.428645,-26.341343],[27.42866,-26.341179],[27.425994,-26.341089],[27.425522,-26.341257],[27.425148,-26.338965],[27.424693,-26.335999],[27.416533,-26.33781],[27.4103,-26.339171],[27.404491,-26.340459],[27.401417,-26.341176],[27.397533,-26.342705],[27.397071,-26.342866],[27.395086,-26.343382],[27.390393,-26.3444],[27.390635,-26.345346],[27.391217,-26.348123],[27.392163,-26.351591],[27.390068,-26.352252],[27.389331,-26.352402],[27.388028,-26.352835],[27.385334,-26.353646],[27.384292,-26.354039],[27.379049,-26.355691],[27.378869,-26.35528],[27.378333,-26.355415],[27.374307,-26.356689],[27.374394,-26.357181],[27.370792,-26.35833],[27.369534,-26.358704],[27.36855,-26.35922],[27.36816,-26.359363],[27.364609,-26.360475],[27.361985,-26.361317],[27.361311,-26.361558],[27.360978,-26.361382],[27.360679,-26.36142],[27.358913,-26.36206],[27.356644,-26.362768],[27.352135,-26.364268],[27.350003,-26.36492],[27.343186,-26.366997]]],[[[27.362511,-26.327357],[27.363548,-26.332487],[27.364096,-26.33513],[27.366313,-26.346115],[27.366761,-26.348282],[27.366845,-26.348489],[27.370754,-26.347644],[27.37831,-26.345978],[27.378095,-26.345414],[27.377499,-26.344774],[27.377377,-26.343601],[27.376415,-26.337965],[27.375907,-26.334776],[27.375753,-26.333429],[27.375516,-26.332298],[27.374979,-26.328875],[27.37446,-26.325307],[27.374121,-26.323367],[27.372093,-26.32367],[27.371279,-26.323939],[27.37058,-26.324335],[27.36827,-26.32587],[27.367399,-26.326284],[27.365741,-26.326708],[27.362511,-26.327357]]],[[[27.465427,-26.330167],[27.466155,-26.332412],[27.46788,-26.332017],[27.468836,-26.335323],[27.469205,-26.336373],[27.471044,-26.342554],[27.471296,-26.342899],[27.471741,-26.343098],[27.476421,-26.343337],[27.482584,-26.343692],[27.488501,-26.34386],[27.495924,-26.344324],[27.498294,-26.33524],[27.500851,-26.325032],[27.503283,-26.31574],[27.503334,-26.315494],[27.494172,-26.319561],[27.491237,-26.320876],[27.489279,-26.321731],[27.48844,-26.321873],[27.483783,-26.322933],[27.477775,-26.324243],[27.47447,-26.324991],[27.470333,-26.325864],[27.466342,-26.326779],[27.467215,-26.329897],[27.465427,-26.330167]]],[[[27.498056,-26.361051],[27.501911,-26.361274],[27.503402,-26.361302],[27.503483,-26.356558],[27.503572,-26.350012],[27.498415,-26.350628],[27.49826,-26.354837],[27.498169,-26.358064],[27.498056,-26.361051]]]]}},{"type":"Feature","properties":{"id":"merafong-welverdiend","name":"Welverdiend","labelPriority":"secondary","selectionBasis":"census-main-place","subPlaceCount":2},"geometry":{"type":"Polygon","coordinates":[[[27.26445,-26.376408],[27.265246,-26.377485],[27.266372,-26.379144],[27.26976,-26.384211],[27.272028,-26.388236],[27.27399,-26.391819],[27.274355,-26.392414],[27.276941,-26.391492],[27.283718,-26.389014],[27.288876,-26.386783],[27.289082,-26.386745],[27.296229,-26.384147],[27.294655,-26.37973],[27.293342,-26.376243],[27.30188,-26.372672],[27.303937,-26.371827],[27.308842,-26.369769],[27.310574,-26.369055],[27.310228,-26.368424],[27.309934,-26.368355],[27.30936,-26.367361],[27.308514,-26.366171],[27.307236,-26.364284],[27.306151,-26.362561],[27.305646,-26.361847],[27.303916,-26.359201],[27.303787,-26.358959],[27.30292,-26.359475],[27.300841,-26.361239],[27.299727,-26.360238],[27.29913,-26.360742],[27.297564,-26.359269],[27.29709,-26.359671],[27.296503,-26.359856],[27.295771,-26.361273],[27.295306,-26.361825],[27.294641,-26.362343],[27.290961,-26.363408],[27.286369,-26.362983],[27.281271,-26.362085],[27.277912,-26.362485],[27.275734,-26.3648],[27.273498,-26.367046],[27.271759,-26.366997],[27.270773,-26.367026],[27.272023,-26.368404],[27.270219,-26.370305],[27.269498,-26.370877],[27.269155,-26.371343],[27.268143,-26.372478],[27.267694,-26.372909],[27.266885,-26.373842],[27.266009,-26.374624],[27.265753,-26.374955],[27.264599,-26.376167],[27.26445,-26.376408]]]}}]}