{"type":"FeatureCollection","features":[{"type":"Feature","properties":{"id":"relation/3118439","name":"Park Station - CBD (Gautrain J2)","network":"Gautrain Bus"},"geometry":{"type":"LineString","coordinates":[[28.042596,-26.195048],[28.04242,-26.195068],[28.041816,-26.195139],[28.041786,-26.195143]]}},{"type":"Feature","properties":{"id":"relation/3118439","name":"Park Station - CBD (Gautrain J2)","network":"Gautrain Bus"},"geometry":{"type":"LineString","coordinates":[[28.041786,-26.195143],[28.041334,-26.195184],[28.040882,-26.195226],[28.040853,-26.195229],[28.040779,-26.195236],[28.040725,-26.195245]]}},{"type":"Feature","properties":{"id":"relation/3118439","name":"Park Station - CBD (Gautrain J2)","network":"Gautrain Bus"},"geometry":{"type":"LineString","coordinates":[[28.040725,-26.195245],[28.040007,-26.195329]]}},{"type":"Feature","properties":{"id":"relation/3118439","name":"Park Station - CBD (Gautrain J2)","network":"Gautrain Bus"},"geometry":{"type":"LineString","coordinates":[[28.040007,-26.195329],[28.039049,-26.195428],[28.038981,-26.195438],[28.038755,-26.195463],[28.038231,-26.195526],[28.037391,-26.195624]]}},{"type":"Feature","properties":{"id":"relation/3118439","name":"Park Station - CBD (Gautrain J2)","network":"Gautrain Bus"},"geometry":{"type":"LineString","coordinates":[[28.037391,-26.195624],[28.037437,-26.195972],[28.037488,-26.196393]]}},{"type":"Feature","properties":{"id":"relation/3118439","name":"Park Station - CBD (Gautrain J2)","network":"Gautrain Bus"},"geometry":{"type":"LineString","coordinates":[[28.037488,-26.196393],[28.037537,-26.196732]]}},{"type":"Feature","properties":{"id":"relation/3118439","name":"Park Station - CBD (Gautrain J2)","network":"Gautrain Bus"},"geometry":{"type":"LineString","coordinates":[[28.037537,-26.196732],[28.037786,-26.198539]]}},{"type":"Feature","properties":{"id":"relation/3118439","name":"Park Station - CBD (Gautrain J2)","network":"Gautrain Bus"},"geometry":{"type":"LineString","coordinates":[[28.037786,-26.198539],[28.037817,-26.198752]]}},{"type":"Feature","properties":{"id":"relation/3118439","name":"Park Station - CBD (Gautrain J2)","network":"Gautrain Bus"},"geometry":{"type":"LineString","coordinates":[[28.037817,-26.198752],[28.037858,-26.198896],[28.037889,-26.199003],[28.037943,-26.199109],[28.037971,-26.199153],[28.038108,-26.199326],[28.038311,-26.199577]]}},{"type":"Feature","properties":{"id":"relation/3118439","name":"Park Station - CBD (Gautrain J2)","network":"Gautrain Bus"},"geometry":{"type":"LineString","coordinates":[[28.038311,-26.199577],[28.038648,-26.199949],[28.038824,-26.20015]]}},{"type":"Feature","properties":{"id":"relation/3118439","name":"Park Station - CBD (Gautrain J2)","network":"Gautrain Bus"},"geometry":{"type":"LineString","coordinates":[[28.038824,-26.20015],[28.038913,-26.200282],[28.038983,-26.200427],[28.039104,-26.201181],[28.039211,-26.201956],[28.03929,-26.202539],[28.039309,-26.202718],[28.039357,-26.203035],[28.039426,-26.203475],[28.039525,-26.204239],[28.039622,-26.204961],[28.039719,-26.205749],[28.039802,-26.206325],[28.039889,-26.206992],[28.039894,-26.207033],[28.040004,-26.207757]]}},{"type":"Feature","properties":{"id":"relation/3118439","name":"Park Station - CBD (Gautrain J2)","network":"Gautrain Bus"},"geometry":{"type":"LineString","coordinates":[[28.040004,-26.207757],[28.040834,-26.207665]]}},{"type":"Feature","properties":{"id":"relation/3118439","name":"Park Station - CBD (Gautrain J2)","network":"Gautrain Bus"},"geometry":{"type":"LineString","coordinates":[[28.040834,-26.207665],[28.041668,-26.207582]]}},{"type":"Feature","properties":{"id":"relation/3118439","name":"Park Station - CBD (Gautrain J2)","network":"Gautrain Bus"},"geometry":{"type":"LineString","coordinates":[[28.041668,-26.207582],[28.04196,-26.207548],[28.042507,-26.207485],[28.042587,-26.207478],[28.044293,-26.20727],[28.045111,-26.20718],[28.045446,-26.207145],[28.045914,-26.207096],[28.046911,-26.206986],[28.04771,-26.206901],[28.048669,-26.206773],[28.048879,-26.206751]]}},{"type":"Feature","properties":{"id":"relation/3118439","name":"Park Station - CBD (Gautrain J2)","network":"Gautrain Bus"},"geometry":{"type":"LineString","coordinates":[[28.048879,-26.206751],[28.049171,-26.206727]]}},{"type":"Feature","properties":{"id":"relation/3118439","name":"Park Station - CBD (Gautrain J2)","network":"Gautrain Bus"},"geometry":{"type":"LineString","coordinates":[[28.049171,-26.206727],[28.04954,-26.206682],[28.050454,-26.206591]]}},{"type":"Feature","properties":{"id":"relation/3118439","name":"Park Station - CBD (Gautrain J2)","network":"Gautrain Bus"},"geometry":{"type":"LineString","coordinates":[[28.050454,-26.206591],[28.051248,-26.206496]]}},{"type":"Feature","properties":{"id":"relation/3118439","name":"Park Station - CBD (Gautrain J2)","network":"Gautrain Bus"},"geometry":{"type":"LineString","coordinates":[[28.051248,-26.206496],[28.051339,-26.207201]]}},{"type":"Feature","properties":{"id":"relation/3118439","name":"Park Station - CBD (Gautrain J2)","network":"Gautrain Bus"},"geometry":{"type":"LineString","coordinates":[[28.051339,-26.207201],[28.050551,-26.207275]]}},{"type":"Feature","properties":{"id":"relation/3118439","name":"Park Station - CBD (Gautrain J2)","network":"Gautrain Bus"},"geometry":{"type":"LineString","coordinates":[[28.050551,-26.207275],[28.050401,-26.207266],[28.050148,-26.20725],[28.049735,-26.207225],[28.048744,-26.20732]]}},{"type":"Feature","properties":{"id":"relation/3118439","name":"Park Station - CBD (Gautrain J2)","network":"Gautrain Bus"},"geometry":{"type":"LineString","coordinates":[[28.048744,-26.20732],[28.04778,-26.207429]]}},{"type":"Feature","properties":{"id":"relation/3118439","name":"Park Station - CBD (Gautrain J2)","network":"Gautrain Bus"},"geometry":{"type":"LineString","coordinates":[[28.04778,-26.207429],[28.046983,-26.207517],[28.045986,-26.207649],[28.04517,-26.207737],[28.044363,-26.207833]]}},{"type":"Feature","properties":{"id":"relation/3118439","name":"Park Station - CBD (Gautrain J2)","network":"Gautrain Bus"},"geometry":{"type":"LineString","coordinates":[[28.044363,-26.207833],[28.043566,-26.207913]]}},{"type":"Feature","properties":{"id":"relation/3118439","name":"Park Station - CBD (Gautrain J2)","network":"Gautrain Bus"},"geometry":{"type":"LineString","coordinates":[[28.043566,-26.207913],[28.042672,-26.208026],[28.04258,-26.208036]]}},{"type":"Feature","properties":{"id":"relation/3118439","name":"Park Station - CBD (Gautrain J2)","network":"Gautrain Bus"},"geometry":{"type":"LineString","coordinates":[[28.04258,-26.208036],[28.041737,-26.208121]]}},{"type":"Feature","properties":{"id":"relation/3118439","name":"Park Station - CBD (Gautrain J2)","network":"Gautrain Bus"},"geometry":{"type":"LineString","coordinates":[[28.041737,-26.208121],[28.040909,-26.208212]]}},{"type":"Feature","properties":{"id":"relation/3118439","name":"Park Station - CBD (Gautrain J2)","network":"Gautrain Bus"},"geometry":{"type":"LineString","coordinates":[[28.040909,-26.208212],[28.040085,-26.208301]]}},{"type":"Feature","properties":{"id":"relation/3118439","name":"Park Station - CBD (Gautrain J2)","network":"Gautrain Bus"},"geometry":{"type":"LineString","coordinates":[[28.040085,-26.208301],[28.039256,-26.208392]]}},{"type":"Feature","properties":{"id":"relation/3118439","name":"Park Station - CBD (Gautrain J2)","network":"Gautrain Bus"},"geometry":{"type":"LineString","coordinates":[[28.039256,-26.208392],[28.038498,-26.208479]]}},{"type":"Feature","properties":{"id":"relation/3118439","name":"Park Station - CBD (Gautrain J2)","network":"Gautrain Bus"},"geometry":{"type":"LineString","coordinates":[[28.038498,-26.208479],[28.038422,-26.20793]]}},{"type":"Feature","properties":{"id":"relation/3118439","name":"Park Station - CBD (Gautrain J2)","network":"Gautrain Bus"},"geometry":{"type":"LineString","coordinates":[[28.038422,-26.20793],[28.038323,-26.207216]]}},{"type":"Feature","properties":{"id":"relation/3118439","name":"Park Station - CBD (Gautrain J2)","network":"Gautrain Bus"},"geometry":{"type":"LineString","coordinates":[[28.038323,-26.207216],[28.038316,-26.207178],[28.038293,-26.207011]]}},{"type":"Feature","properties":{"id":"relation/3118439","name":"Park Station - CBD (Gautrain J2)","network":"Gautrain Bus"},"geometry":{"type":"LineString","coordinates":[[28.038293,-26.207011],[28.038222,-26.206506]]}},{"type":"Feature","properties":{"id":"relation/3118439","name":"Park Station - CBD (Gautrain J2)","network":"Gautrain Bus"},"geometry":{"type":"LineString","coordinates":[[28.038222,-26.206506],[28.038139,-26.205928]]}},{"type":"Feature","properties":{"id":"relation/3118439","name":"Park Station - CBD (Gautrain J2)","network":"Gautrain Bus"},"geometry":{"type":"LineString","coordinates":[[28.038139,-26.205928],[28.038025,-26.205152]]}},{"type":"Feature","properties":{"id":"relation/3118439","name":"Park Station - CBD (Gautrain J2)","network":"Gautrain Bus"},"geometry":{"type":"LineString","coordinates":[[28.038025,-26.205152],[28.037926,-26.204419]]}},{"type":"Feature","properties":{"id":"relation/3118439","name":"Park Station - CBD (Gautrain J2)","network":"Gautrain Bus"},"geometry":{"type":"LineString","coordinates":[[28.037926,-26.204419],[28.037824,-26.20366]]}},{"type":"Feature","properties":{"id":"relation/3118439","name":"Park Station - CBD (Gautrain J2)","network":"Gautrain Bus"},"geometry":{"type":"LineString","coordinates":[[28.037824,-26.20366],[28.037724,-26.202899]]}},{"type":"Feature","properties":{"id":"relation/3118439","name":"Park Station - CBD (Gautrain J2)","network":"Gautrain Bus"},"geometry":{"type":"LineString","coordinates":[[28.037724,-26.202899],[28.037638,-26.202144]]}},{"type":"Feature","properties":{"id":"relation/3118439","name":"Park Station - CBD (Gautrain J2)","network":"Gautrain Bus"},"geometry":{"type":"LineString","coordinates":[[28.037638,-26.202144],[28.03752,-26.201363]]}},{"type":"Feature","properties":{"id":"relation/3118439","name":"Park Station - CBD (Gautrain J2)","network":"Gautrain Bus"},"geometry":{"type":"LineString","coordinates":[[28.03752,-26.201363],[28.037456,-26.20083],[28.037446,-26.200647],[28.037443,-26.200506],[28.037448,-26.200412],[28.037459,-26.20028]]}},{"type":"Feature","properties":{"id":"relation/3118439","name":"Park Station - CBD (Gautrain J2)","network":"Gautrain Bus"},"geometry":{"type":"LineString","coordinates":[[28.037459,-26.20028],[28.03754,-26.199925]]}},{"type":"Feature","properties":{"id":"relation/3118439","name":"Park Station - CBD (Gautrain J2)","network":"Gautrain Bus"},"geometry":{"type":"LineString","coordinates":[[28.03754,-26.199925],[28.037636,-26.199638],[28.037668,-26.199507],[28.037816,-26.19915]]}},{"type":"Feature","properties":{"id":"relation/3118439","name":"Park Station - CBD (Gautrain J2)","network":"Gautrain Bus"},"geometry":{"type":"LineString","coordinates":[[28.037816,-26.19915],[28.037818,-26.198922],[28.037817,-26.198752]]}},{"type":"Feature","properties":{"id":"relation/3118439","name":"Park Station - CBD (Gautrain J2)","network":"Gautrain Bus"},"geometry":{"type":"LineString","coordinates":[[28.037311,-26.195013],[28.037391,-26.195624]]}},{"type":"Feature","properties":{"id":"relation/3118439","name":"Park Station - CBD (Gautrain J2)","network":"Gautrain Bus"},"geometry":{"type":"LineString","coordinates":[[28.037311,-26.195013],[28.038146,-26.194917]]}},{"type":"Feature","properties":{"id":"relation/3118439","name":"Park Station - CBD (Gautrain J2)","network":"Gautrain Bus"},"geometry":{"type":"LineString","coordinates":[[28.038146,-26.194917],[28.038902,-26.194829],[28.038972,-26.194821],[28.039278,-26.194798],[28.039912,-26.194744],[28.040297,-26.194698],[28.040617,-26.194652]]}},{"type":"Feature","properties":{"id":"relation/3118439","name":"Park Station - CBD (Gautrain J2)","network":"Gautrain Bus"},"geometry":{"type":"LineString","coordinates":[[28.040617,-26.194652],[28.040656,-26.194646],[28.040717,-26.194639],[28.040768,-26.194632]]}},{"type":"Feature","properties":{"id":"relation/3118439","name":"Park Station - CBD (Gautrain J2)","network":"Gautrain Bus"},"geometry":{"type":"LineString","coordinates":[[28.040768,-26.194632],[28.041704,-26.194525]]}},{"type":"Feature","properties":{"id":"relation/3118439","name":"Park Station - CBD (Gautrain J2)","network":"Gautrain Bus"},"geometry":{"type":"LineString","coordinates":[[28.041704,-26.194525],[28.042505,-26.194435]]}},{"type":"Feature","properties":{"id":"relation/3118439","name":"Park Station - CBD (Gautrain J2)","network":"Gautrain Bus"},"geometry":{"type":"LineString","coordinates":[[28.042505,-26.194435],[28.042549,-26.194737]]}},{"type":"Feature","properties":{"id":"relation/3118439","name":"Park Station - CBD (Gautrain J2)","network":"Gautrain Bus"},"geometry":{"type":"LineString","coordinates":[[28.042549,-26.194737],[28.042596,-26.195048]]}},{"type":"Feature","properties":{"id":"relation/3120312","name":"RF1","network":"Gautrain Bus"},"geometry":{"type":"LineString","coordinates":[[28.225333,-26.127996],[28.22531,-26.127939],[28.225303,-26.127903],[28.225302,-26.127866],[28.225311,-26.127827],[28.225333,-26.127754],[28.225641,-26.126784],[28.225674,-26.12668]]}},{"type":"Feature","properties":{"id":"relation/3120312","name":"RF1","network":"Gautrain Bus"},"geometry":{"type":"LineString","coordinates":[[28.225674,-26.12668],[28.225585,-26.12666],[28.225184,-26.126555]]}},{"type":"Feature","properties":{"id":"relation/3120312","name":"RF1","network":"Gautrain Bus"},"geometry":{"type":"LineString","coordinates":[[28.229803,-26.124169],[28.229884,-26.12416],[28.230488,-26.124094],[28.230866,-26.124048]]}},{"type":"Feature","properties":{"id":"relation/3120312","name":"RF1","network":"Gautrain Bus"},"geometry":{"type":"LineString","coordinates":[[28.230866,-26.124048],[28.230907,-26.124366],[28.231036,-26.125241]]}},{"type":"Feature","properties":{"id":"relation/3120312","name":"RF1","network":"Gautrain Bus"},"geometry":{"type":"LineString","coordinates":[[28.231036,-26.125241],[28.232522,-26.124898],[28.232703,-26.124851]]}},{"type":"Feature","properties":{"id":"relation/3120312","name":"RF1","network":"Gautrain Bus"},"geometry":{"type":"LineString","coordinates":[[28.232703,-26.124851],[28.232422,-26.124395]]}},{"type":"Feature","properties":{"id":"relation/3120312","name":"RF1","network":"Gautrain Bus"},"geometry":{"type":"LineString","coordinates":[[28.232422,-26.124395],[28.232364,-26.124365],[28.232323,-26.124329],[28.23227,-26.124259],[28.232217,-26.124205],[28.232144,-26.124145],[28.232065,-26.124094],[28.23192,-26.124014]]}},{"type":"Feature","properties":{"id":"relation/3120312","name":"RF1","network":"Gautrain Bus"},"geometry":{"type":"LineString","coordinates":[[28.231955,-26.123726],[28.232044,-26.123629],[28.232098,-26.123529],[28.232122,-26.123473],[28.23217,-26.123294],[28.232183,-26.123214],[28.232211,-26.123125],[28.232265,-26.123024]]}},{"type":"Feature","properties":{"id":"relation/3120312","name":"RF1","network":"Gautrain Bus"},"geometry":{"type":"LineString","coordinates":[[28.232265,-26.123024],[28.232307,-26.122779],[28.232364,-26.122469],[28.232399,-26.122217],[28.23242,-26.122099],[28.232633,-26.120851],[28.232744,-26.120206],[28.232808,-26.119796],[28.232866,-26.11943],[28.232931,-26.119026],[28.233346,-26.11669],[28.233458,-26.115975],[28.233466,-26.115918]]}},{"type":"Feature","properties":{"id":"relation/3120312","name":"RF1","network":"Gautrain Bus"},"geometry":{"type":"LineString","coordinates":[[28.233466,-26.115918],[28.23343,-26.115837]]}},{"type":"Feature","properties":{"id":"relation/3120312","name":"RF1","network":"Gautrain Bus"},"geometry":{"type":"LineString","coordinates":[[28.23343,-26.115837],[28.233415,-26.11578],[28.233369,-26.115607],[28.233336,-26.115469],[28.233305,-26.115306],[28.233113,-26.11428],[28.233027,-26.113842],[28.232975,-26.113711],[28.232935,-26.113649],[28.23286,-26.113554],[28.232676,-26.113335],[28.232359,-26.112952],[28.232296,-26.112863]]}},{"type":"Feature","properties":{"id":"relation/3120312","name":"RF1","network":"Gautrain Bus"},"geometry":{"type":"LineString","coordinates":[[28.232296,-26.112863],[28.232232,-26.112779]]}},{"type":"Feature","properties":{"id":"relation/3120312","name":"RF1","network":"Gautrain Bus"},"geometry":{"type":"LineString","coordinates":[[28.232232,-26.112779],[28.232309,-26.112727]]}},{"type":"Feature","properties":{"id":"relation/3120312","name":"RF1","network":"Gautrain Bus"},"geometry":{"type":"LineString","coordinates":[[28.232309,-26.112727],[28.235018,-26.110849],[28.235415,-26.110576],[28.235969,-26.110236]]}},{"type":"Feature","properties":{"id":"relation/3120312","name":"RF1","network":"Gautrain Bus"},"geometry":{"type":"LineString","coordinates":[[28.235408,-26.108497],[28.23546,-26.108787],[28.235567,-26.109342],[28.235648,-26.109651],[28.235671,-26.109746],[28.235714,-26.109834],[28.235763,-26.109904],[28.235801,-26.109956],[28.235813,-26.109978],[28.235969,-26.110236]]}},{"type":"Feature","properties":{"id":"relation/3120312","name":"RF1","network":"Gautrain Bus"},"geometry":{"type":"LineString","coordinates":[[28.235285,-26.107311],[28.235287,-26.107334],[28.235338,-26.107717],[28.235388,-26.108108],[28.235417,-26.108375],[28.235408,-26.108497]]}},{"type":"Feature","properties":{"id":"relation/3120312","name":"RF1","network":"Gautrain Bus"},"geometry":{"type":"LineString","coordinates":[[28.235281,-26.107265],[28.235285,-26.107311]]}},{"type":"Feature","properties":{"id":"relation/3120312","name":"RF1","network":"Gautrain Bus"},"geometry":{"type":"LineString","coordinates":[[28.235272,-26.107205],[28.235281,-26.107265]]}},{"type":"Feature","properties":{"id":"relation/3120312","name":"RF1","network":"Gautrain Bus"},"geometry":{"type":"LineString","coordinates":[[28.235209,-26.107212],[28.235272,-26.107205]]}},{"type":"Feature","properties":{"id":"relation/3120312","name":"RF1","network":"Gautrain Bus"},"geometry":{"type":"LineString","coordinates":[[28.234651,-26.107294],[28.234751,-26.107272],[28.234861,-26.107248],[28.235038,-26.107228],[28.235113,-26.107221],[28.235209,-26.107212]]}},{"type":"Feature","properties":{"id":"relation/3120312","name":"RF1","network":"Gautrain Bus"},"geometry":{"type":"LineString","coordinates":[[28.233481,-26.10739],[28.234167,-26.107336],[28.234366,-26.10732],[28.234651,-26.107294]]}},{"type":"Feature","properties":{"id":"relation/3120312","name":"RF1","network":"Gautrain Bus"},"geometry":{"type":"LineString","coordinates":[[28.232934,-26.107443],[28.232995,-26.107437],[28.233481,-26.10739]]}},{"type":"Feature","properties":{"id":"relation/3120312","name":"RF1","network":"Gautrain Bus"},"geometry":{"type":"LineString","coordinates":[[28.232553,-26.107472],[28.232854,-26.107449],[28.232934,-26.107443]]}},{"type":"Feature","properties":{"id":"relation/3120312","name":"RF1","network":"Gautrain Bus"},"geometry":{"type":"LineString","coordinates":[[28.231994,-26.107523],[28.232553,-26.107472]]}},{"type":"Feature","properties":{"id":"relation/3120312","name":"RF1","network":"Gautrain Bus"},"geometry":{"type":"LineString","coordinates":[[28.231768,-26.107543],[28.231994,-26.107523]]}},{"type":"Feature","properties":{"id":"relation/3120312","name":"RF1","network":"Gautrain Bus"},"geometry":{"type":"LineString","coordinates":[[28.231768,-26.107543],[28.231699,-26.106757],[28.231669,-26.106371]]}},{"type":"Feature","properties":{"id":"relation/3120312","name":"RF1","network":"Gautrain Bus"},"geometry":{"type":"LineString","coordinates":[[28.231669,-26.106371],[28.231595,-26.105574]]}},{"type":"Feature","properties":{"id":"relation/3120312","name":"RF1","network":"Gautrain Bus"},"geometry":{"type":"LineString","coordinates":[[28.231595,-26.105574],[28.230801,-26.10538],[28.230541,-26.105309]]}},{"type":"Feature","properties":{"id":"relation/3120312","name":"RF1","network":"Gautrain Bus"},"geometry":{"type":"LineString","coordinates":[[28.230541,-26.105309],[28.230304,-26.105249]]}},{"type":"Feature","properties":{"id":"relation/3120312","name":"RF1","network":"Gautrain Bus"},"geometry":{"type":"LineString","coordinates":[[28.230304,-26.105249],[28.230037,-26.105179]]}},{"type":"Feature","properties":{"id":"relation/3120312","name":"RF1","network":"Gautrain Bus"},"geometry":{"type":"LineString","coordinates":[[28.230037,-26.105179],[28.229755,-26.105101]]}},{"type":"Feature","properties":{"id":"relation/3120312","name":"RF1","network":"Gautrain Bus"},"geometry":{"type":"LineString","coordinates":[[28.229755,-26.105101],[28.229304,-26.104982],[28.229286,-26.104978],[28.228929,-26.104886]]}},{"type":"Feature","properties":{"id":"relation/3120312","name":"RF1","network":"Gautrain Bus"},"geometry":{"type":"LineString","coordinates":[[28.228929,-26.104886],[28.228619,-26.104809],[28.228354,-26.104742],[28.228119,-26.104687]]}},{"type":"Feature","properties":{"id":"relation/3120312","name":"RF1","network":"Gautrain Bus"},"geometry":{"type":"LineString","coordinates":[[28.228119,-26.104687],[28.227815,-26.104628],[28.22776,-26.104617],[28.227698,-26.104611],[28.227638,-26.104615]]}},{"type":"Feature","properties":{"id":"relation/3120312","name":"RF1","network":"Gautrain Bus"},"geometry":{"type":"LineString","coordinates":[[28.227638,-26.104615],[28.227008,-26.104742]]}},{"type":"Feature","properties":{"id":"relation/3120312","name":"RF1","network":"Gautrain Bus"},"geometry":{"type":"LineString","coordinates":[[28.227008,-26.104742],[28.226878,-26.104781]]}},{"type":"Feature","properties":{"id":"relation/3120312","name":"RF1","network":"Gautrain Bus"},"geometry":{"type":"LineString","coordinates":[[28.226878,-26.104781],[28.226745,-26.104369]]}},{"type":"Feature","properties":{"id":"relation/3120312","name":"RF1","network":"Gautrain Bus"},"geometry":{"type":"LineString","coordinates":[[28.226745,-26.104369],[28.226632,-26.104045]]}},{"type":"Feature","properties":{"id":"relation/3120312","name":"RF1","network":"Gautrain Bus"},"geometry":{"type":"LineString","coordinates":[[28.226632,-26.104045],[28.226544,-26.103719]]}},{"type":"Feature","properties":{"id":"relation/3120312","name":"RF1","network":"Gautrain Bus"},"geometry":{"type":"LineString","coordinates":[[28.226544,-26.103719],[28.226426,-26.10333],[28.226213,-26.102633],[28.226134,-26.102462],[28.226101,-26.102409],[28.226067,-26.102356],[28.225993,-26.102241],[28.225946,-26.10217]]}},{"type":"Feature","properties":{"id":"relation/3120312","name":"RF1","network":"Gautrain Bus"},"geometry":{"type":"LineString","coordinates":[[28.225946,-26.10217],[28.225754,-26.101945],[28.225663,-26.101833]]}},{"type":"Feature","properties":{"id":"relation/3120312","name":"RF1","network":"Gautrain Bus"},"geometry":{"type":"LineString","coordinates":[[28.225663,-26.101833],[28.225503,-26.101636],[28.225388,-26.101482]]}},{"type":"Feature","properties":{"id":"relation/3120312","name":"RF1","network":"Gautrain Bus"},"geometry":{"type":"LineString","coordinates":[[28.225388,-26.101482],[28.225291,-26.101369],[28.224995,-26.10101],[28.224873,-26.100872]]}},{"type":"Feature","properties":{"id":"relation/3120312","name":"RF1","network":"Gautrain Bus"},"geometry":{"type":"LineString","coordinates":[[28.224873,-26.100872],[28.225027,-26.100867],[28.225557,-26.100863],[28.225917,-26.100874]]}},{"type":"Feature","properties":{"id":"relation/3120312","name":"RF1","network":"Gautrain Bus"},"geometry":{"type":"LineString","coordinates":[[28.225917,-26.100874],[28.226414,-26.10091],[28.226714,-26.10095],[28.227439,-26.101071],[28.227516,-26.101091],[28.227594,-26.101112],[28.228065,-26.101237],[28.229745,-26.101766]]}},{"type":"Feature","properties":{"id":"relation/3120312","name":"RF1","network":"Gautrain Bus"},"geometry":{"type":"LineString","coordinates":[[28.229745,-26.101766],[28.229826,-26.101792],[28.22991,-26.101819]]}},{"type":"Feature","properties":{"id":"relation/3120312","name":"RF1","network":"Gautrain Bus"},"geometry":{"type":"LineString","coordinates":[[28.22991,-26.101819],[28.230298,-26.101947],[28.230767,-26.102082]]}},{"type":"Feature","properties":{"id":"relation/3120312","name":"RF1","network":"Gautrain Bus"},"geometry":{"type":"LineString","coordinates":[[28.230767,-26.102082],[28.231701,-26.102325]]}},{"type":"Feature","properties":{"id":"relation/3120312","name":"RF1","network":"Gautrain Bus"},"geometry":{"type":"LineString","coordinates":[[28.231701,-26.102325],[28.232443,-26.10251]]}},{"type":"Feature","properties":{"id":"relation/3120312","name":"RF1","network":"Gautrain Bus"},"geometry":{"type":"LineString","coordinates":[[28.232443,-26.10251],[28.232555,-26.102537]]}},{"type":"Feature","properties":{"id":"relation/3120312","name":"RF1","network":"Gautrain Bus"},"geometry":{"type":"LineString","coordinates":[[28.232555,-26.102537],[28.232581,-26.102445]]}},{"type":"Feature","properties":{"id":"relation/3120312","name":"RF1","network":"Gautrain Bus"},"geometry":{"type":"LineString","coordinates":[[28.232581,-26.102445],[28.232758,-26.101826]]}},{"type":"Feature","properties":{"id":"relation/3120312","name":"RF1","network":"Gautrain Bus"},"geometry":{"type":"LineString","coordinates":[[28.232758,-26.101826],[28.232896,-26.101372],[28.232932,-26.101256]]}},{"type":"Feature","properties":{"id":"relation/3120312","name":"RF1","network":"Gautrain Bus"},"geometry":{"type":"LineString","coordinates":[[28.232932,-26.101256],[28.232961,-26.101147],[28.233079,-26.100699],[28.233119,-26.100518],[28.233152,-26.100369],[28.233173,-26.100316],[28.233195,-26.100286],[28.233218,-26.100259]]}},{"type":"Feature","properties":{"id":"relation/3120312","name":"RF1","network":"Gautrain Bus"},"geometry":{"type":"LineString","coordinates":[[28.233218,-26.100259],[28.233214,-26.100326],[28.233193,-26.100488],[28.23317,-26.100704],[28.23316,-26.100794],[28.233145,-26.100936],[28.233102,-26.101177],[28.23308,-26.101298]]}},{"type":"Feature","properties":{"id":"relation/3120312","name":"RF1","network":"Gautrain Bus"},"geometry":{"type":"LineString","coordinates":[[28.23308,-26.101298],[28.233052,-26.101403],[28.232909,-26.101925]]}},{"type":"Feature","properties":{"id":"relation/3120312","name":"RF1","network":"Gautrain Bus"},"geometry":{"type":"LineString","coordinates":[[28.232909,-26.101925],[28.232891,-26.101988],[28.232875,-26.102044],[28.232745,-26.102489],[28.23272,-26.102575]]}},{"type":"Feature","properties":{"id":"relation/3120312","name":"RF1","network":"Gautrain Bus"},"geometry":{"type":"LineString","coordinates":[[28.23272,-26.102575],[28.232672,-26.10271]]}},{"type":"Feature","properties":{"id":"relation/3120312","name":"RF1","network":"Gautrain Bus"},"geometry":{"type":"LineString","coordinates":[[28.232672,-26.10271],[28.232515,-26.102661]]}},{"type":"Feature","properties":{"id":"relation/3120312","name":"RF1","network":"Gautrain Bus"},"geometry":{"type":"LineString","coordinates":[[28.232515,-26.102661],[28.232416,-26.102637]]}},{"type":"Feature","properties":{"id":"relation/3120312","name":"RF1","network":"Gautrain Bus"},"geometry":{"type":"LineString","coordinates":[[28.232416,-26.102637],[28.232258,-26.102599],[28.231844,-26.102495]]}},{"type":"Feature","properties":{"id":"relation/3120312","name":"RF1","network":"Gautrain Bus"},"geometry":{"type":"LineString","coordinates":[[28.231844,-26.102495],[28.231379,-26.102379],[28.23029,-26.102092]]}},{"type":"Feature","properties":{"id":"relation/3120312","name":"RF1","network":"Gautrain Bus"},"geometry":{"type":"LineString","coordinates":[[28.23029,-26.102092],[28.230113,-26.102038],[28.229884,-26.101962]]}},{"type":"Feature","properties":{"id":"relation/3120312","name":"RF1","network":"Gautrain Bus"},"geometry":{"type":"LineString","coordinates":[[28.229884,-26.101962],[28.229799,-26.101934],[28.22972,-26.101907]]}},{"type":"Feature","properties":{"id":"relation/3120312","name":"RF1","network":"Gautrain Bus"},"geometry":{"type":"LineString","coordinates":[[28.22972,-26.101907],[28.229485,-26.101827],[28.228446,-26.101484],[28.227986,-26.101346],[28.227555,-26.10125],[28.227488,-26.101235],[28.227403,-26.101217],[28.227294,-26.101194],[28.227013,-26.101134],[28.226795,-26.101101]]}},{"type":"Feature","properties":{"id":"relation/3120312","name":"RF1","network":"Gautrain Bus"},"geometry":{"type":"LineString","coordinates":[[28.226795,-26.101101],[28.226389,-26.101045]]}},{"type":"Feature","properties":{"id":"relation/3120312","name":"RF1","network":"Gautrain Bus"},"geometry":{"type":"LineString","coordinates":[[28.233218,-26.100259],[28.233219,-26.100253],[28.233238,-26.100175]]}},{"type":"Feature","properties":{"id":"relation/3120312","name":"RF1","network":"Gautrain Bus"},"geometry":{"type":"LineString","coordinates":[[28.233238,-26.100175],[28.233281,-26.100053],[28.233416,-26.099644],[28.233533,-26.099257],[28.233719,-26.098618]]}},{"type":"Feature","properties":{"id":"relation/3120312","name":"RF1","network":"Gautrain Bus"},"geometry":{"type":"LineString","coordinates":[[28.233719,-26.098618],[28.233829,-26.098285]]}},{"type":"Feature","properties":{"id":"relation/3120312","name":"RF1","network":"Gautrain Bus"},"geometry":{"type":"LineString","coordinates":[[28.233829,-26.098285],[28.233951,-26.097884],[28.233971,-26.097816]]}},{"type":"Feature","properties":{"id":"relation/3120312","name":"RF1","network":"Gautrain Bus"},"geometry":{"type":"LineString","coordinates":[[28.248122,-26.078713],[28.248135,-26.078779],[28.248147,-26.078849]]}},{"type":"Feature","properties":{"id":"relation/3120312","name":"RF1","network":"Gautrain Bus"},"geometry":{"type":"LineString","coordinates":[[28.248147,-26.078849],[28.248231,-26.07936],[28.248246,-26.079545],[28.248247,-26.079751],[28.248237,-26.079884],[28.248218,-26.080155]]}},{"type":"Feature","properties":{"id":"relation/3120312","name":"RF1","network":"Gautrain Bus"},"geometry":{"type":"LineString","coordinates":[[28.248218,-26.080155],[28.248284,-26.080603],[28.248366,-26.081084],[28.248479,-26.081676],[28.248489,-26.081721],[28.248824,-26.083305],[28.249029,-26.08428],[28.249135,-26.084838],[28.249197,-26.085204]]}},{"type":"Feature","properties":{"id":"relation/3120312","name":"RF1","network":"Gautrain Bus"},"geometry":{"type":"LineString","coordinates":[[28.248017,-26.078868],[28.248006,-26.0788],[28.247994,-26.07873]]}},{"type":"Feature","properties":{"id":"relation/3120312","name":"RF1","network":"Gautrain Bus"},"geometry":{"type":"LineString","coordinates":[[28.248218,-26.080155],[28.248192,-26.080068],[28.248149,-26.07986],[28.248141,-26.079775],[28.248116,-26.079552],[28.248099,-26.079384],[28.248017,-26.078868]]}},{"type":"Feature","properties":{"id":"relation/3120312","name":"RF1","network":"Gautrain Bus"},"geometry":{"type":"LineString","coordinates":[[28.249197,-26.085204],[28.249252,-26.085337],[28.249308,-26.085521],[28.249359,-26.085703],[28.249401,-26.085862],[28.249444,-26.086032]]}},{"type":"Feature","properties":{"id":"relation/3120312","name":"RF1","network":"Gautrain Bus"},"geometry":{"type":"LineString","coordinates":[[28.249444,-26.086032],[28.249643,-26.087033]]}},{"type":"Feature","properties":{"id":"relation/3120312","name":"RF1","network":"Gautrain Bus"},"geometry":{"type":"LineString","coordinates":[[28.249517,-26.087055],[28.249381,-26.086306],[28.24932,-26.085982],[28.249272,-26.085723],[28.24924,-26.085557],[28.249201,-26.085355],[28.249197,-26.085204]]}},{"type":"Feature","properties":{"id":"relation/3120312","name":"RF1","network":"Gautrain Bus"},"geometry":{"type":"LineString","coordinates":[[28.249517,-26.087055],[28.249643,-26.087033]]}},{"type":"Feature","properties":{"id":"relation/3120312","name":"RF1","network":"Gautrain Bus"},"geometry":{"type":"LineString","coordinates":[[28.249643,-26.087033],[28.250886,-26.086866]]}},{"type":"Feature","properties":{"id":"relation/3120312","name":"RF1","network":"Gautrain Bus"},"geometry":{"type":"LineString","coordinates":[[28.250886,-26.086866],[28.251433,-26.086787],[28.251463,-26.086782],[28.251599,-26.086759]]}},{"type":"Feature","properties":{"id":"relation/3120312","name":"RF1","network":"Gautrain Bus"},"geometry":{"type":"LineString","coordinates":[[28.251599,-26.086759],[28.251722,-26.086737],[28.251872,-26.086712],[28.252032,-26.086681],[28.252223,-26.086651],[28.252587,-26.086595],[28.253072,-26.08653],[28.253202,-26.086506],[28.253275,-26.086487],[28.253389,-26.086448]]}},{"type":"Feature","properties":{"id":"relation/3120312","name":"RF1","network":"Gautrain Bus"},"geometry":{"type":"LineString","coordinates":[[28.253389,-26.086448],[28.253479,-26.086403],[28.25359,-26.086341],[28.253672,-26.086292]]}},{"type":"Feature","properties":{"id":"relation/3120312","name":"RF1","network":"Gautrain Bus"},"geometry":{"type":"LineString","coordinates":[[28.253672,-26.086292],[28.254004,-26.086111],[28.254092,-26.086059],[28.254179,-26.086016],[28.254329,-26.085933],[28.254534,-26.08583],[28.254789,-26.085704],[28.255048,-26.085579],[28.255644,-26.085285],[28.255884,-26.085153],[28.256889,-26.084625],[28.25709,-26.084525],[28.257196,-26.084474]]}},{"type":"Feature","properties":{"id":"relation/3120312","name":"RF1","network":"Gautrain Bus"},"geometry":{"type":"LineString","coordinates":[[28.257196,-26.084474],[28.257034,-26.083274],[28.257022,-26.083187],[28.256809,-26.081653],[28.25679,-26.081523],[28.256757,-26.081299],[28.256719,-26.081037],[28.256684,-26.080795],[28.256644,-26.080528],[28.256626,-26.080411],[28.256536,-26.079817],[28.256528,-26.07976],[28.256505,-26.079614],[28.256498,-26.079558],[28.256467,-26.079383],[28.256381,-26.078788],[28.256334,-26.078604],[28.256289,-26.078433],[28.256151,-26.078009],[28.255787,-26.077124],[28.255768,-26.077096],[28.255658,-26.076918],[28.255606,-26.076843],[28.255477,-26.07666],[28.255345,-26.076473],[28.255293,-26.076395],[28.255239,-26.076315]]}},{"type":"Feature","properties":{"id":"relation/3120312","name":"RF1","network":"Gautrain Bus"},"geometry":{"type":"LineString","coordinates":[[28.255239,-26.076315],[28.255184,-26.076238]]}},{"type":"Feature","properties":{"id":"relation/3120312","name":"RF1","network":"Gautrain Bus"},"geometry":{"type":"LineString","coordinates":[[28.255239,-26.076315],[28.255167,-26.076356],[28.255038,-26.076431],[28.254628,-26.076672],[28.254065,-26.076988],[28.253898,-26.077082]]}},{"type":"Feature","properties":{"id":"relation/3120312","name":"RF1","network":"Gautrain Bus"},"geometry":{"type":"LineString","coordinates":[[28.253898,-26.077082],[28.253878,-26.077111],[28.253849,-26.077134],[28.253805,-26.077146],[28.253759,-26.077142]]}},{"type":"Feature","properties":{"id":"relation/3120312","name":"RF1","network":"Gautrain Bus"},"geometry":{"type":"LineString","coordinates":[[28.248209,-26.078769],[28.248135,-26.078779]]}},{"type":"Feature","properties":{"id":"relation/3120312","name":"RF1","network":"Gautrain Bus"},"geometry":{"type":"LineString","coordinates":[[28.253759,-26.077142],[28.2536,-26.077238],[28.252564,-26.077867],[28.252196,-26.078068],[28.25211,-26.078112],[28.252004,-26.078153],[28.251697,-26.078261],[28.251513,-26.078312],[28.251426,-26.07833],[28.251327,-26.078351],[28.251104,-26.07839],[28.251045,-26.0784],[28.250258,-26.078496],[28.250089,-26.078521],[28.249534,-26.078584],[28.249522,-26.078585],[28.249383,-26.078607],[28.249314,-26.07862],[28.24886,-26.078683],[28.248209,-26.078769]]}},{"type":"Feature","properties":{"id":"relation/3120312","name":"RF1","network":"Gautrain Bus"},"geometry":{"type":"LineString","coordinates":[[28.247933,-26.07881],[28.247142,-26.078925],[28.246681,-26.078998],[28.24634,-26.079051],[28.246224,-26.07909],[28.246155,-26.079116],[28.246072,-26.079164],[28.24587,-26.079297],[28.245741,-26.079332]]}},{"type":"Feature","properties":{"id":"relation/3120312","name":"RF1","network":"Gautrain Bus"},"geometry":{"type":"LineString","coordinates":[[28.248135,-26.078779],[28.248006,-26.0788],[28.247933,-26.07881]]}},{"type":"Feature","properties":{"id":"relation/3120312","name":"RF1","network":"Gautrain Bus"},"geometry":{"type":"LineString","coordinates":[[28.253859,-26.076966],[28.253997,-26.07689],[28.255109,-26.076279],[28.255184,-26.076238]]}},{"type":"Feature","properties":{"id":"relation/3120312","name":"RF1","network":"Gautrain Bus"},"geometry":{"type":"LineString","coordinates":[[28.248202,-26.078702],[28.24885,-26.078616],[28.249288,-26.078549],[28.249487,-26.078524],[28.250242,-26.078423],[28.251028,-26.078307],[28.251092,-26.078296],[28.25127,-26.078264],[28.251405,-26.078234],[28.251468,-26.078218],[28.251988,-26.078054],[28.252058,-26.078027],[28.252126,-26.07799],[28.252248,-26.077919],[28.253542,-26.07716],[28.253686,-26.077075]]}},{"type":"Feature","properties":{"id":"relation/3120312","name":"RF1","network":"Gautrain Bus"},"geometry":{"type":"LineString","coordinates":[[28.248122,-26.078713],[28.248202,-26.078702]]}},{"type":"Feature","properties":{"id":"relation/3120312","name":"RF1","network":"Gautrain Bus"},"geometry":{"type":"LineString","coordinates":[[28.253686,-26.077075],[28.253694,-26.077],[28.253713,-26.076977],[28.253738,-26.07696],[28.253768,-26.076949],[28.253799,-26.076947],[28.253859,-26.076966]]}},{"type":"Feature","properties":{"id":"relation/3120312","name":"RF1","network":"Gautrain Bus"},"geometry":{"type":"LineString","coordinates":[[28.233971,-26.097816],[28.234171,-26.097194],[28.234527,-26.096034],[28.234768,-26.095257]]}},{"type":"Feature","properties":{"id":"relation/3120312","name":"RF1","network":"Gautrain Bus"},"geometry":{"type":"LineString","coordinates":[[28.234768,-26.095257],[28.234849,-26.095008]]}},{"type":"Feature","properties":{"id":"relation/3120312","name":"RF1","network":"Gautrain Bus"},"geometry":{"type":"LineString","coordinates":[[28.226389,-26.101045],[28.225766,-26.100994]]}},{"type":"Feature","properties":{"id":"relation/3120312","name":"RF1","network":"Gautrain Bus"},"geometry":{"type":"LineString","coordinates":[[28.225766,-26.100994],[28.22557,-26.101031],[28.225495,-26.101052],[28.225444,-26.101083],[28.225411,-26.101126],[28.225393,-26.101187],[28.225396,-26.101248],[28.225419,-26.101341]]}},{"type":"Feature","properties":{"id":"relation/3120312","name":"RF1","network":"Gautrain Bus"},"geometry":{"type":"LineString","coordinates":[[28.225419,-26.101341],[28.226038,-26.102106]]}},{"type":"Feature","properties":{"id":"relation/3120312","name":"RF1","network":"Gautrain Bus"},"geometry":{"type":"LineString","coordinates":[[28.226038,-26.102106],[28.226287,-26.102505],[28.226314,-26.102563],[28.226352,-26.102649],[28.226524,-26.103207]]}},{"type":"Feature","properties":{"id":"relation/3120312","name":"RF1","network":"Gautrain Bus"},"geometry":{"type":"LineString","coordinates":[[28.226524,-26.103207],[28.226669,-26.103683]]}},{"type":"Feature","properties":{"id":"relation/3120312","name":"RF1","network":"Gautrain Bus"},"geometry":{"type":"LineString","coordinates":[[28.226669,-26.103683],[28.226873,-26.103633],[28.227021,-26.103606],[28.227146,-26.103593],[28.227263,-26.103603],[28.227326,-26.103612],[28.228706,-26.103959],[28.22965,-26.104197],[28.230009,-26.104288]]}},{"type":"Feature","properties":{"id":"relation/3120312","name":"RF1","network":"Gautrain Bus"},"geometry":{"type":"LineString","coordinates":[[28.230009,-26.104288],[28.230071,-26.104304],[28.230539,-26.104423]]}},{"type":"Feature","properties":{"id":"relation/3120312","name":"RF1","network":"Gautrain Bus"},"geometry":{"type":"LineString","coordinates":[[28.230539,-26.104423],[28.231262,-26.104602],[28.231347,-26.104622],[28.231402,-26.104638]]}},{"type":"Feature","properties":{"id":"relation/3120312","name":"RF1","network":"Gautrain Bus"},"geometry":{"type":"LineString","coordinates":[[28.231402,-26.104638],[28.231745,-26.104732],[28.23183,-26.104756]]}},{"type":"Feature","properties":{"id":"relation/3120312","name":"RF1","network":"Gautrain Bus"},"geometry":{"type":"LineString","coordinates":[[28.23183,-26.104756],[28.231999,-26.104797]]}},{"type":"Feature","properties":{"id":"relation/3120312","name":"RF1","network":"Gautrain Bus"},"geometry":{"type":"LineString","coordinates":[[28.231999,-26.104797],[28.231975,-26.104896],[28.231929,-26.105086]]}},{"type":"Feature","properties":{"id":"relation/3120312","name":"RF1","network":"Gautrain Bus"},"geometry":{"type":"LineString","coordinates":[[28.231929,-26.105086],[28.231822,-26.105423],[28.231778,-26.105617]]}},{"type":"Feature","properties":{"id":"relation/3120312","name":"RF1","network":"Gautrain Bus"},"geometry":{"type":"LineString","coordinates":[[28.231778,-26.105617],[28.231807,-26.105835],[28.231831,-26.106022],[28.231855,-26.106204],[28.231911,-26.106633],[28.231994,-26.107523]]}},{"type":"Feature","properties":{"id":"relation/3120312","name":"RF1","network":"Gautrain Bus"},"geometry":{"type":"LineString","coordinates":[[28.234788,-26.107302],[28.234753,-26.1073],[28.234651,-26.107294]]}},{"type":"Feature","properties":{"id":"relation/3120312","name":"RF1","network":"Gautrain Bus"},"geometry":{"type":"LineString","coordinates":[[28.235268,-26.107725],[28.235167,-26.107507],[28.235103,-26.107436],[28.235059,-26.107393],[28.235049,-26.107383],[28.234991,-26.107351],[28.234893,-26.107319],[28.234832,-26.107311],[28.234799,-26.107305],[28.234788,-26.107302]]}},{"type":"Feature","properties":{"id":"relation/3120312","name":"RF1","network":"Gautrain Bus"},"geometry":{"type":"LineString","coordinates":[[28.235408,-26.108497],[28.235357,-26.10841],[28.235309,-26.108116],[28.235268,-26.107725]]}},{"type":"Feature","properties":{"id":"relation/3120312","name":"RF1","network":"Gautrain Bus"},"geometry":{"type":"LineString","coordinates":[[28.235969,-26.110236],[28.236035,-26.110332]]}},{"type":"Feature","properties":{"id":"relation/3120312","name":"RF1","network":"Gautrain Bus"},"geometry":{"type":"LineString","coordinates":[[28.236035,-26.110332],[28.235089,-26.110958],[28.233018,-26.112374]]}},{"type":"Feature","properties":{"id":"relation/3120312","name":"RF1","network":"Gautrain Bus"},"geometry":{"type":"LineString","coordinates":[[28.233018,-26.112374],[28.232387,-26.112802]]}},{"type":"Feature","properties":{"id":"relation/3120312","name":"RF1","network":"Gautrain Bus"},"geometry":{"type":"LineString","coordinates":[[28.232387,-26.112802],[28.232465,-26.112881],[28.232781,-26.113264],[28.232935,-26.113449],[28.232964,-26.113484],[28.233055,-26.113612],[28.23311,-26.113686],[28.233126,-26.113719],[28.233151,-26.113805],[28.233418,-26.11514],[28.233447,-26.115285],[28.233488,-26.115553],[28.233495,-26.115594],[28.233508,-26.1157],[28.233511,-26.115773],[28.233508,-26.115838]]}},{"type":"Feature","properties":{"id":"relation/3120312","name":"RF1","network":"Gautrain Bus"},"geometry":{"type":"LineString","coordinates":[[28.233508,-26.115838],[28.233466,-26.115918]]}},{"type":"Feature","properties":{"id":"relation/3120312","name":"RF1","network":"Gautrain Bus"},"geometry":{"type":"LineString","coordinates":[[28.232265,-26.123024],[28.23228,-26.123139],[28.232278,-26.123232],[28.232272,-26.123332],[28.232254,-26.123507],[28.232256,-26.123617],[28.23225,-26.123668],[28.232236,-26.123729]]}},{"type":"Feature","properties":{"id":"relation/3120312","name":"RF1","network":"Gautrain Bus"},"geometry":{"type":"LineString","coordinates":[[28.231955,-26.123726],[28.232007,-26.123696],[28.232054,-26.123678],[28.232105,-26.123671],[28.232142,-26.123673],[28.232182,-26.123682],[28.232212,-26.123701],[28.232236,-26.123729],[28.232237,-26.123763],[28.232228,-26.123794],[28.232206,-26.123832],[28.232178,-26.123863],[28.232124,-26.12391],[28.232085,-26.123942],[28.232023,-26.123982],[28.231972,-26.124004],[28.23192,-26.124014],[28.231885,-26.124002],[28.231862,-26.123976],[28.231853,-26.12394],[28.231848,-26.123896],[28.231847,-26.123868],[28.231855,-26.123839],[28.231871,-26.1238],[28.231955,-26.123726]]}},{"type":"Feature","properties":{"id":"relation/3120312","name":"RF1","network":"Gautrain Bus"},"geometry":{"type":"LineString","coordinates":[[28.232237,-26.123763],[28.232265,-26.123793],[28.232284,-26.12383],[28.232296,-26.123871],[28.232346,-26.124095],[28.232404,-26.124239],[28.232422,-26.124322],[28.232422,-26.124395]]}},{"type":"Feature","properties":{"id":"relation/3120312","name":"RF1","network":"Gautrain Bus"},"geometry":{"type":"LineString","coordinates":[[28.225983,-26.12393],[28.225997,-26.123884]]}},{"type":"Feature","properties":{"id":"relation/3120312","name":"RF1","network":"Gautrain Bus"},"geometry":{"type":"LineString","coordinates":[[28.225184,-26.126555],[28.225929,-26.124095],[28.225971,-26.123966],[28.225983,-26.12393]]}},{"type":"Feature","properties":{"id":"relation/3120312","name":"RF1","network":"Gautrain Bus"},"geometry":{"type":"LineString","coordinates":[[28.225997,-26.123884],[28.226179,-26.123961]]}},{"type":"Feature","properties":{"id":"relation/3120312","name":"RF1","network":"Gautrain Bus"},"geometry":{"type":"LineString","coordinates":[[28.226179,-26.123961],[28.227665,-26.124337],[28.22778,-26.124365],[28.227873,-26.124381],[28.22797,-26.124383],[28.228113,-26.124372],[28.229036,-26.12426],[28.229169,-26.124247]]}},{"type":"Feature","properties":{"id":"relation/3120312","name":"RF1","network":"Gautrain Bus"},"geometry":{"type":"LineString","coordinates":[[28.229169,-26.124247],[28.229319,-26.124238]]}},{"type":"Feature","properties":{"id":"relation/3120312","name":"RF1","network":"Gautrain Bus"},"geometry":{"type":"LineString","coordinates":[[28.229319,-26.124238],[28.22946,-26.124217],[28.229803,-26.124169]]}},{"type":"Feature","properties":{"id":"relation/3120312","name":"RF1","network":"Gautrain Bus"},"geometry":{"type":"LineString","coordinates":[[28.224642,-26.12832],[28.224654,-26.128283],[28.225049,-26.126994],[28.225184,-26.126555]]}},{"type":"Feature","properties":{"id":"relation/3120312","name":"RF1","network":"Gautrain Bus"},"geometry":{"type":"LineString","coordinates":[[28.224642,-26.12832],[28.224746,-26.128349],[28.224873,-26.128384],[28.225018,-26.12842],[28.225067,-26.128421],[28.225103,-26.128415],[28.225135,-26.128404],[28.225313,-26.128327],[28.225366,-26.128292],[28.225393,-26.128261],[28.225413,-26.128226],[28.225422,-26.128203],[28.225423,-26.12816],[28.225407,-26.128125],[28.225333,-26.127996]]}},{"type":"Feature","properties":{"id":"relation/3120312","name":"RF1","network":"Gautrain Bus"},"geometry":{"type":"LineString","coordinates":[[28.242252,-26.082586],[28.24224,-26.082619],[28.242186,-26.082704],[28.24213,-26.082779],[28.24207,-26.082854],[28.242002,-26.082929],[28.241918,-26.083006]]}},{"type":"Feature","properties":{"id":"relation/3120312","name":"RF1","network":"Gautrain Bus"},"geometry":{"type":"LineString","coordinates":[[28.241918,-26.083006],[28.241911,-26.083032],[28.241895,-26.083054],[28.241872,-26.08307]]}},{"type":"Feature","properties":{"id":"relation/3120312","name":"RF1","network":"Gautrain Bus"},"geometry":{"type":"LineString","coordinates":[[28.242252,-26.082586],[28.242277,-26.082558],[28.242638,-26.082144],[28.243685,-26.081043],[28.243796,-26.080934],[28.244224,-26.080518],[28.24463,-26.08014],[28.244663,-26.080109],[28.245741,-26.079332]]}},{"type":"Feature","properties":{"id":"relation/3120312","name":"RF1","network":"Gautrain Bus"},"geometry":{"type":"LineString","coordinates":[[28.247922,-26.07874],[28.247994,-26.07873],[28.248122,-26.078713]]}},{"type":"Feature","properties":{"id":"relation/3120312","name":"RF1","network":"Gautrain Bus"},"geometry":{"type":"LineString","coordinates":[[28.245741,-26.079332],[28.245796,-26.079232],[28.246019,-26.079093],[28.246117,-26.079037],[28.24619,-26.07901],[28.246286,-26.07898],[28.246652,-26.078922],[28.247132,-26.078855],[28.247922,-26.07874]]}},{"type":"Feature","properties":{"id":"relation/3120312","name":"RF1","network":"Gautrain Bus"},"geometry":{"type":"LineString","coordinates":[[28.241872,-26.08307],[28.241368,-26.083717]]}},{"type":"Feature","properties":{"id":"relation/3120312","name":"RF1","network":"Gautrain Bus"},"geometry":{"type":"LineString","coordinates":[[28.241368,-26.083717],[28.241228,-26.083892],[28.241074,-26.084069]]}},{"type":"Feature","properties":{"id":"relation/3120312","name":"RF1","network":"Gautrain Bus"},"geometry":{"type":"LineString","coordinates":[[28.241074,-26.084069],[28.240928,-26.084244],[28.240795,-26.084398],[28.240684,-26.084519],[28.240592,-26.084605]]}},{"type":"Feature","properties":{"id":"relation/3120312","name":"RF1","network":"Gautrain Bus"},"geometry":{"type":"LineString","coordinates":[[28.240592,-26.084605],[28.240659,-26.084496],[28.240751,-26.084368],[28.24087,-26.084215],[28.240934,-26.084133],[28.241018,-26.08403]]}},{"type":"Feature","properties":{"id":"relation/3120312","name":"RF1","network":"Gautrain Bus"},"geometry":{"type":"LineString","coordinates":[[28.241018,-26.08403],[28.24116,-26.083842],[28.241306,-26.083659]]}},{"type":"Feature","properties":{"id":"relation/3120312","name":"RF1","network":"Gautrain Bus"},"geometry":{"type":"LineString","coordinates":[[28.241306,-26.083659],[28.241756,-26.083037]]}},{"type":"Feature","properties":{"id":"relation/3120312","name":"RF1","network":"Gautrain Bus"},"geometry":{"type":"LineString","coordinates":[[28.241756,-26.083037],[28.241743,-26.083009],[28.241745,-26.082982],[28.241757,-26.082958],[28.241776,-26.082939],[28.241802,-26.082926],[28.241831,-26.082922],[28.24186,-26.082926],[28.241886,-26.082939]]}},{"type":"Feature","properties":{"id":"relation/3120312","name":"RF1","network":"Gautrain Bus"},"geometry":{"type":"LineString","coordinates":[[28.241886,-26.082939],[28.24204,-26.082779],[28.242085,-26.082732],[28.242172,-26.082642],[28.24222,-26.0826],[28.242252,-26.082586]]}},{"type":"Feature","properties":{"id":"relation/3120312","name":"RF1","network":"Gautrain Bus"},"geometry":{"type":"LineString","coordinates":[[28.239832,-26.085556],[28.239939,-26.0854],[28.24006,-26.085247],[28.240192,-26.085082],[28.240383,-26.084842],[28.240592,-26.084605]]}},{"type":"Feature","properties":{"id":"relation/3120312","name":"RF1","network":"Gautrain Bus"},"geometry":{"type":"LineString","coordinates":[[28.239654,-26.085893],[28.239766,-26.08567],[28.239832,-26.085556]]}},{"type":"Feature","properties":{"id":"relation/3120312","name":"RF1","network":"Gautrain Bus"},"geometry":{"type":"LineString","coordinates":[[28.237641,-26.089773],[28.237915,-26.089255],[28.238596,-26.08795],[28.239001,-26.087185],[28.239097,-26.087002],[28.239199,-26.08681],[28.23952,-26.086162],[28.239654,-26.085893]]}},{"type":"Feature","properties":{"id":"relation/3120312","name":"RF1","network":"Gautrain Bus"},"geometry":{"type":"LineString","coordinates":[[28.237428,-26.090176],[28.237641,-26.089773]]}},{"type":"Feature","properties":{"id":"relation/3120312","name":"RF1","network":"Gautrain Bus"},"geometry":{"type":"LineString","coordinates":[[28.237378,-26.090219],[28.237428,-26.090176]]}},{"type":"Feature","properties":{"id":"relation/3120312","name":"RF1","network":"Gautrain Bus"},"geometry":{"type":"LineString","coordinates":[[28.23734,-26.090252],[28.237378,-26.090219]]}},{"type":"Feature","properties":{"id":"relation/3120312","name":"RF1","network":"Gautrain Bus"},"geometry":{"type":"LineString","coordinates":[[28.237301,-26.090332],[28.23734,-26.090252]]}},{"type":"Feature","properties":{"id":"relation/3120312","name":"RF1","network":"Gautrain Bus"},"geometry":{"type":"LineString","coordinates":[[28.237259,-26.090413],[28.237301,-26.090332]]}},{"type":"Feature","properties":{"id":"relation/3120312","name":"RF1","network":"Gautrain Bus"},"geometry":{"type":"LineString","coordinates":[[28.237104,-26.090709],[28.237259,-26.090413]]}},{"type":"Feature","properties":{"id":"relation/3120312","name":"RF1","network":"Gautrain Bus"},"geometry":{"type":"LineString","coordinates":[[28.236606,-26.091618],[28.23664,-26.091553],[28.236678,-26.091485],[28.236809,-26.091245],[28.237104,-26.090709]]}},{"type":"Feature","properties":{"id":"relation/3120312","name":"RF1","network":"Gautrain Bus"},"geometry":{"type":"LineString","coordinates":[[28.236064,-26.092607],[28.236114,-26.092517],[28.236565,-26.091694],[28.236606,-26.091618]]}},{"type":"Feature","properties":{"id":"relation/3120312","name":"RF1","network":"Gautrain Bus"},"geometry":{"type":"LineString","coordinates":[[28.234884,-26.094816],[28.234926,-26.094734],[28.23502,-26.09455],[28.235534,-26.093586],[28.236011,-26.092705],[28.236064,-26.092607]]}},{"type":"Feature","properties":{"id":"relation/3120312","name":"RF1","network":"Gautrain Bus"},"geometry":{"type":"LineString","coordinates":[[28.234849,-26.095008],[28.234867,-26.094907],[28.234884,-26.094816]]}},{"type":"Feature","properties":{"id":"relation/3120312","name":"RF1","network":"Gautrain Bus"},"geometry":{"type":"LineString","coordinates":[[28.235858,-26.093206],[28.235628,-26.093623]]}},{"type":"Feature","properties":{"id":"relation/3120312","name":"RF1","network":"Gautrain Bus"},"geometry":{"type":"LineString","coordinates":[[28.235628,-26.093623],[28.235238,-26.094352]]}},{"type":"Feature","properties":{"id":"relation/3120312","name":"RF1","network":"Gautrain Bus"},"geometry":{"type":"LineString","coordinates":[[28.235238,-26.094352],[28.23503,-26.094728],[28.23501,-26.094768],[28.234971,-26.094851]]}},{"type":"Feature","properties":{"id":"relation/3120312","name":"RF1","network":"Gautrain Bus"},"geometry":{"type":"LineString","coordinates":[[28.234971,-26.094851],[28.234913,-26.094926],[28.234849,-26.095008]]}},{"type":"Feature","properties":{"id":"relation/3120312","name":"RF1","network":"Gautrain Bus"},"geometry":{"type":"LineString","coordinates":[[28.237425,-26.090295],[28.237385,-26.090378]]}},{"type":"Feature","properties":{"id":"relation/3120312","name":"RF1","network":"Gautrain Bus"},"geometry":{"type":"LineString","coordinates":[[28.237428,-26.090242],[28.237425,-26.090295]]}},{"type":"Feature","properties":{"id":"relation/3120312","name":"RF1","network":"Gautrain Bus"},"geometry":{"type":"LineString","coordinates":[[28.237428,-26.090176],[28.237428,-26.090242]]}},{"type":"Feature","properties":{"id":"relation/3120312","name":"RF1","network":"Gautrain Bus"},"geometry":{"type":"LineString","coordinates":[[28.237345,-26.090453],[28.237006,-26.091084],[28.236905,-26.091273],[28.236734,-26.091591],[28.236695,-26.091661],[28.236655,-26.091737],[28.236349,-26.092294]]}},{"type":"Feature","properties":{"id":"relation/3120312","name":"RF1","network":"Gautrain Bus"},"geometry":{"type":"LineString","coordinates":[[28.237385,-26.090378],[28.237345,-26.090453]]}},{"type":"Feature","properties":{"id":"relation/3120312","name":"RF1","network":"Gautrain Bus"},"geometry":{"type":"LineString","coordinates":[[28.236349,-26.092294],[28.236204,-26.092561],[28.236158,-26.092646]]}},{"type":"Feature","properties":{"id":"relation/3120312","name":"RF1","network":"Gautrain Bus"},"geometry":{"type":"LineString","coordinates":[[28.236158,-26.092646],[28.236105,-26.092746],[28.235858,-26.093206]]}},{"type":"Feature","properties":{"id":"relation/3120317","name":"RF2","network":"Gautrain Bus"},"geometry":{"type":"LineString","coordinates":[[28.225333,-26.127996],[28.22531,-26.127939],[28.225303,-26.127903],[28.225302,-26.127866],[28.225311,-26.127827],[28.225333,-26.127754],[28.225641,-26.126784],[28.225674,-26.12668]]}},{"type":"Feature","properties":{"id":"relation/3120317","name":"RF2","network":"Gautrain Bus"},"geometry":{"type":"LineString","coordinates":[[28.225674,-26.12668],[28.225585,-26.12666],[28.225184,-26.126555]]}},{"type":"Feature","properties":{"id":"relation/3120317","name":"RF2","network":"Gautrain Bus"},"geometry":{"type":"LineString","coordinates":[[28.225983,-26.12393],[28.225997,-26.123884]]}},{"type":"Feature","properties":{"id":"relation/3120317","name":"RF2","network":"Gautrain Bus"},"geometry":{"type":"LineString","coordinates":[[28.225184,-26.126555],[28.225929,-26.124095],[28.225971,-26.123966],[28.225983,-26.12393]]}},{"type":"Feature","properties":{"id":"relation/3120317","name":"RF2","network":"Gautrain Bus"},"geometry":{"type":"LineString","coordinates":[[28.225997,-26.123884],[28.226179,-26.123961]]}},{"type":"Feature","properties":{"id":"relation/3120317","name":"RF2","network":"Gautrain Bus"},"geometry":{"type":"LineString","coordinates":[[28.226179,-26.123961],[28.227665,-26.124337],[28.22778,-26.124365],[28.227873,-26.124381],[28.22797,-26.124383],[28.228113,-26.124372],[28.229036,-26.12426],[28.229169,-26.124247]]}},{"type":"Feature","properties":{"id":"relation/3120317","name":"RF2","network":"Gautrain Bus"},"geometry":{"type":"LineString","coordinates":[[28.229169,-26.124247],[28.229319,-26.124238]]}},{"type":"Feature","properties":{"id":"relation/3120317","name":"RF2","network":"Gautrain Bus"},"geometry":{"type":"LineString","coordinates":[[28.229319,-26.124238],[28.229362,-26.124585],[28.22938,-26.124858],[28.229389,-26.125128],[28.229376,-26.12544],[28.229335,-26.125812],[28.229284,-26.126143],[28.229219,-26.126427],[28.228839,-26.127645],[28.228746,-26.127878],[28.228643,-26.128072],[28.228532,-26.128253],[28.228404,-26.12841],[28.228293,-26.128545],[28.228178,-26.128666],[28.228073,-26.128762],[28.227913,-26.128895],[28.22777,-26.128999],[28.227623,-26.12909],[28.227438,-26.129185],[28.226082,-26.129773],[28.225947,-26.129835],[28.225533,-26.130004],[28.225092,-26.130161],[28.224928,-26.130214],[28.224796,-26.130256],[28.22466,-26.130285]]}},{"type":"Feature","properties":{"id":"relation/3120317","name":"RF2","network":"Gautrain Bus"},"geometry":{"type":"LineString","coordinates":[[28.22466,-26.130285],[28.224774,-26.130194],[28.224881,-26.130143],[28.225047,-26.130069],[28.22535,-26.129945],[28.225502,-26.129886],[28.225878,-26.129734],[28.226027,-26.129678],[28.226526,-26.129465],[28.227262,-26.129133],[28.227442,-26.129042],[28.227587,-26.128963],[28.227666,-26.128907],[28.227853,-26.128771],[28.228034,-26.128609],[28.228171,-26.128473],[28.22827,-26.128353],[28.228366,-26.128223],[28.228468,-26.128068],[28.228524,-26.127972],[28.228601,-26.127826],[28.228675,-26.127651],[28.228818,-26.127225],[28.229047,-26.126458],[28.229131,-26.12611],[28.229169,-26.125875],[28.229201,-26.125594],[28.229228,-26.125179],[28.229228,-26.124936],[28.229211,-26.124644],[28.229169,-26.124247]]}},{"type":"Feature","properties":{"id":"relation/3120317","name":"RF2","network":"Gautrain Bus"},"geometry":{"type":"LineString","coordinates":[[28.224274,-26.130504],[28.224475,-26.130371],[28.22466,-26.130285]]}},{"type":"Feature","properties":{"id":"relation/3120317","name":"RF2","network":"Gautrain Bus"},"geometry":{"type":"LineString","coordinates":[[28.223627,-26.131547],[28.223724,-26.131234],[28.223792,-26.131081],[28.223864,-26.130952],[28.223975,-26.130796],[28.224132,-26.130623],[28.224274,-26.130504]]}},{"type":"Feature","properties":{"id":"relation/3120317","name":"RF2","network":"Gautrain Bus"},"geometry":{"type":"LineString","coordinates":[[28.223515,-26.131886],[28.223627,-26.131547]]}},{"type":"Feature","properties":{"id":"relation/3120317","name":"RF2","network":"Gautrain Bus"},"geometry":{"type":"LineString","coordinates":[[28.2234,-26.132259],[28.223515,-26.131886]]}},{"type":"Feature","properties":{"id":"relation/3120317","name":"RF2","network":"Gautrain Bus"},"geometry":{"type":"LineString","coordinates":[[28.2234,-26.132259],[28.223305,-26.132524]]}},{"type":"Feature","properties":{"id":"relation/3120317","name":"RF2","network":"Gautrain Bus"},"geometry":{"type":"LineString","coordinates":[[28.223305,-26.132524],[28.223304,-26.132601],[28.223295,-26.13267],[28.223255,-26.132807],[28.223163,-26.133087]]}},{"type":"Feature","properties":{"id":"relation/3120317","name":"RF2","network":"Gautrain Bus"},"geometry":{"type":"LineString","coordinates":[[28.223283,-26.133503],[28.223545,-26.133588]]}},{"type":"Feature","properties":{"id":"relation/3120317","name":"RF2","network":"Gautrain Bus"},"geometry":{"type":"LineString","coordinates":[[28.223545,-26.133588],[28.223717,-26.133633]]}},{"type":"Feature","properties":{"id":"relation/3120317","name":"RF2","network":"Gautrain Bus"},"geometry":{"type":"LineString","coordinates":[[28.223717,-26.133633],[28.223931,-26.1337]]}},{"type":"Feature","properties":{"id":"relation/3120317","name":"RF2","network":"Gautrain Bus"},"geometry":{"type":"LineString","coordinates":[[28.223931,-26.1337],[28.22408,-26.133751]]}},{"type":"Feature","properties":{"id":"relation/3120317","name":"RF2","network":"Gautrain Bus"},"geometry":{"type":"LineString","coordinates":[[28.22408,-26.133751],[28.224287,-26.13382],[28.224306,-26.133826],[28.224547,-26.133901]]}},{"type":"Feature","properties":{"id":"relation/3120317","name":"RF2","network":"Gautrain Bus"},"geometry":{"type":"LineString","coordinates":[[28.224547,-26.133901],[28.22582,-26.134298]]}},{"type":"Feature","properties":{"id":"relation/3120317","name":"RF2","network":"Gautrain Bus"},"geometry":{"type":"LineString","coordinates":[[28.22582,-26.134298],[28.226184,-26.134407],[28.226239,-26.134422],[28.226443,-26.134449]]}},{"type":"Feature","properties":{"id":"relation/3120317","name":"RF2","network":"Gautrain Bus"},"geometry":{"type":"LineString","coordinates":[[28.226443,-26.134449],[28.226522,-26.134464]]}},{"type":"Feature","properties":{"id":"relation/3120317","name":"RF2","network":"Gautrain Bus"},"geometry":{"type":"LineString","coordinates":[[28.226522,-26.134464],[28.226502,-26.134555]]}},{"type":"Feature","properties":{"id":"relation/3120317","name":"RF2","network":"Gautrain Bus"},"geometry":{"type":"LineString","coordinates":[[28.226502,-26.134555],[28.226461,-26.134696],[28.226388,-26.13493],[28.226335,-26.135015]]}},{"type":"Feature","properties":{"id":"relation/3120317","name":"RF2","network":"Gautrain Bus"},"geometry":{"type":"LineString","coordinates":[[28.226386,-26.135281],[28.226359,-26.135217],[28.22634,-26.135163],[28.226333,-26.135104],[28.226332,-26.13503],[28.226335,-26.135015]]}},{"type":"Feature","properties":{"id":"relation/3120317","name":"RF2","network":"Gautrain Bus"},"geometry":{"type":"LineString","coordinates":[[28.226417,-26.135346],[28.226386,-26.135281]]}},{"type":"Feature","properties":{"id":"relation/3120317","name":"RF2","network":"Gautrain Bus"},"geometry":{"type":"LineString","coordinates":[[28.226482,-26.135428],[28.226417,-26.135346]]}},{"type":"Feature","properties":{"id":"relation/3120317","name":"RF2","network":"Gautrain Bus"},"geometry":{"type":"LineString","coordinates":[[28.226718,-26.135637],[28.226667,-26.135604],[28.226592,-26.135532],[28.226482,-26.135428]]}},{"type":"Feature","properties":{"id":"relation/3120317","name":"RF2","network":"Gautrain Bus"},"geometry":{"type":"LineString","coordinates":[[28.226335,-26.135015],[28.226309,-26.134892]]}},{"type":"Feature","properties":{"id":"relation/3120317","name":"RF2","network":"Gautrain Bus"},"geometry":{"type":"LineString","coordinates":[[28.226309,-26.134892],[28.226284,-26.134776],[28.22625,-26.134703],[28.226209,-26.134642],[28.226168,-26.1346],[28.226071,-26.134525]]}},{"type":"Feature","properties":{"id":"relation/3120317","name":"RF2","network":"Gautrain Bus"},"geometry":{"type":"LineString","coordinates":[[28.226071,-26.134525],[28.225591,-26.134373],[28.224573,-26.134038]]}},{"type":"Feature","properties":{"id":"relation/3120317","name":"RF2","network":"Gautrain Bus"},"geometry":{"type":"LineString","coordinates":[[28.224573,-26.134038],[28.224029,-26.133873]]}},{"type":"Feature","properties":{"id":"relation/3120317","name":"RF2","network":"Gautrain Bus"},"geometry":{"type":"LineString","coordinates":[[28.224029,-26.133873],[28.223876,-26.133821],[28.2237,-26.133763]]}},{"type":"Feature","properties":{"id":"relation/3120317","name":"RF2","network":"Gautrain Bus"},"geometry":{"type":"LineString","coordinates":[[28.226618,-26.135668],[28.226667,-26.135604]]}},{"type":"Feature","properties":{"id":"relation/3120317","name":"RF2","network":"Gautrain Bus"},"geometry":{"type":"LineString","coordinates":[[28.226534,-26.13576],[28.226618,-26.135668]]}},{"type":"Feature","properties":{"id":"relation/3120317","name":"RF2","network":"Gautrain Bus"},"geometry":{"type":"LineString","coordinates":[[28.226447,-26.135852],[28.226534,-26.13576]]}},{"type":"Feature","properties":{"id":"relation/3120317","name":"RF2","network":"Gautrain Bus"},"geometry":{"type":"LineString","coordinates":[[28.225435,-26.136423],[28.225596,-26.136403],[28.225735,-26.13637],[28.225857,-26.136327],[28.225971,-26.13626],[28.226082,-26.136198],[28.226209,-26.136093],[28.226344,-26.135957],[28.226447,-26.135852]]}},{"type":"Feature","properties":{"id":"relation/3120317","name":"RF2","network":"Gautrain Bus"},"geometry":{"type":"LineString","coordinates":[[28.225112,-26.136394],[28.225302,-26.136418],[28.225435,-26.136423]]}},{"type":"Feature","properties":{"id":"relation/3120317","name":"RF2","network":"Gautrain Bus"},"geometry":{"type":"LineString","coordinates":[[28.2247,-26.136297],[28.224917,-26.136345],[28.225035,-26.136374],[28.225112,-26.136394]]}},{"type":"Feature","properties":{"id":"relation/3120317","name":"RF2","network":"Gautrain Bus"},"geometry":{"type":"LineString","coordinates":[[28.224351,-26.136184],[28.224451,-26.136211],[28.224527,-26.136229],[28.2247,-26.136297]]}},{"type":"Feature","properties":{"id":"relation/3120317","name":"RF2","network":"Gautrain Bus"},"geometry":{"type":"LineString","coordinates":[[28.224151,-26.136165],[28.224216,-26.136161],[28.224283,-26.13617],[28.224351,-26.136184]]}},{"type":"Feature","properties":{"id":"relation/3120317","name":"RF2","network":"Gautrain Bus"},"geometry":{"type":"LineString","coordinates":[[28.223739,-26.136309],[28.223853,-26.13624],[28.223968,-26.136202],[28.224042,-26.136182],[28.224151,-26.136165]]}},{"type":"Feature","properties":{"id":"relation/3120317","name":"RF2","network":"Gautrain Bus"},"geometry":{"type":"LineString","coordinates":[[28.226718,-26.135637],[28.226618,-26.135668]]}},{"type":"Feature","properties":{"id":"relation/3120317","name":"RF2","network":"Gautrain Bus"},"geometry":{"type":"LineString","coordinates":[[28.22282,-26.137365],[28.222854,-26.137316],[28.222948,-26.137198],[28.223063,-26.13703],[28.223107,-26.136966],[28.223267,-26.136754],[28.223381,-26.136615],[28.223452,-26.136534],[28.223536,-26.136455],[28.223635,-26.136372],[28.223696,-26.136332],[28.223739,-26.136309]]}},{"type":"Feature","properties":{"id":"relation/3120317","name":"RF2","network":"Gautrain Bus"},"geometry":{"type":"LineString","coordinates":[[28.222761,-26.137452],[28.22282,-26.137365]]}},{"type":"Feature","properties":{"id":"relation/3120317","name":"RF2","network":"Gautrain Bus"},"geometry":{"type":"LineString","coordinates":[[28.222594,-26.137695],[28.222761,-26.137452]]}},{"type":"Feature","properties":{"id":"relation/3120317","name":"RF2","network":"Gautrain Bus"},"geometry":{"type":"LineString","coordinates":[[28.222388,-26.138071],[28.222563,-26.137752],[28.222594,-26.137695]]}},{"type":"Feature","properties":{"id":"relation/3120317","name":"RF2","network":"Gautrain Bus"},"geometry":{"type":"LineString","coordinates":[[28.222954,-26.142363],[28.222921,-26.142323],[28.222867,-26.142262],[28.222805,-26.142213],[28.222707,-26.142155],[28.2214,-26.141508],[28.221283,-26.141428],[28.221183,-26.141334],[28.221118,-26.141225],[28.22107,-26.141114],[28.221012,-26.140996],[28.221001,-26.140887],[28.221002,-26.140718],[28.221045,-26.140581],[28.221131,-26.140407],[28.221381,-26.139903],[28.221675,-26.139391],[28.221867,-26.138998],[28.222026,-26.138687],[28.222134,-26.138516],[28.222274,-26.138288],[28.222388,-26.138071]]}},{"type":"Feature","properties":{"id":"relation/3120317","name":"RF2","network":"Gautrain Bus"},"geometry":{"type":"LineString","coordinates":[[28.222954,-26.142363],[28.223017,-26.142421],[28.223088,-26.142531],[28.223145,-26.142656],[28.223327,-26.143082],[28.223638,-26.143831]]}},{"type":"Feature","properties":{"id":"relation/3120317","name":"RF2","network":"Gautrain Bus"},"geometry":{"type":"LineString","coordinates":[[28.223638,-26.143831],[28.223882,-26.144388],[28.224073,-26.144854]]}},{"type":"Feature","properties":{"id":"relation/3120317","name":"RF2","network":"Gautrain Bus"},"geometry":{"type":"LineString","coordinates":[[28.224073,-26.144854],[28.224098,-26.144916],[28.22414,-26.14502],[28.224187,-26.145151],[28.224222,-26.145288],[28.224232,-26.145413],[28.224208,-26.145513],[28.224173,-26.145586]]}},{"type":"Feature","properties":{"id":"relation/3120317","name":"RF2","network":"Gautrain Bus"},"geometry":{"type":"LineString","coordinates":[[28.223982,-26.146186],[28.224148,-26.145683],[28.224173,-26.145586]]}},{"type":"Feature","properties":{"id":"relation/3120317","name":"RF2","network":"Gautrain Bus"},"geometry":{"type":"LineString","coordinates":[[28.223816,-26.146754],[28.223982,-26.146186]]}},{"type":"Feature","properties":{"id":"relation/3120317","name":"RF2","network":"Gautrain Bus"},"geometry":{"type":"LineString","coordinates":[[28.223672,-26.147221],[28.223816,-26.146754]]}},{"type":"Feature","properties":{"id":"relation/3120317","name":"RF2","network":"Gautrain Bus"},"geometry":{"type":"LineString","coordinates":[[28.223436,-26.147997],[28.22355,-26.147605],[28.223672,-26.147221]]}},{"type":"Feature","properties":{"id":"relation/3120317","name":"RF2","network":"Gautrain Bus"},"geometry":{"type":"LineString","coordinates":[[28.223354,-26.148622],[28.223354,-26.148549],[28.223358,-26.148359],[28.223369,-26.148282],[28.223381,-26.148203],[28.223436,-26.147997]]}},{"type":"Feature","properties":{"id":"relation/3120317","name":"RF2","network":"Gautrain Bus"},"geometry":{"type":"LineString","coordinates":[[28.22336,-26.148858],[28.223354,-26.148622]]}},{"type":"Feature","properties":{"id":"relation/3120317","name":"RF2","network":"Gautrain Bus"},"geometry":{"type":"LineString","coordinates":[[28.223358,-26.148922],[28.223358,-26.148882],[28.22336,-26.148858]]}},{"type":"Feature","properties":{"id":"relation/3120317","name":"RF2","network":"Gautrain Bus"},"geometry":{"type":"LineString","coordinates":[[28.223358,-26.148922],[28.223274,-26.148926],[28.223193,-26.148932],[28.22312,-26.148933],[28.223002,-26.14893],[28.222851,-26.148889],[28.222731,-26.148858],[28.222382,-26.148772],[28.22226,-26.14874],[28.222237,-26.148731],[28.222001,-26.148664],[28.221768,-26.148597],[28.221578,-26.148554],[28.221523,-26.148541],[28.221273,-26.148465],[28.221142,-26.14842],[28.221021,-26.148358],[28.220918,-26.14828],[28.220821,-26.148204],[28.220763,-26.148137],[28.220735,-26.148104],[28.220638,-26.147941],[28.220609,-26.147863],[28.220552,-26.147703],[28.220488,-26.147475],[28.220408,-26.147142],[28.220363,-26.146937],[28.220335,-26.146806],[28.220295,-26.146602],[28.220269,-26.146422]]}},{"type":"Feature","properties":{"id":"relation/3120317","name":"RF2","network":"Gautrain Bus"},"geometry":{"type":"LineString","coordinates":[[28.220269,-26.146422],[28.220263,-26.146374]]}},{"type":"Feature","properties":{"id":"relation/3120317","name":"RF2","network":"Gautrain Bus"},"geometry":{"type":"LineString","coordinates":[[28.220263,-26.146374],[28.220261,-26.146244]]}},{"type":"Feature","properties":{"id":"relation/3120317","name":"RF2","network":"Gautrain Bus"},"geometry":{"type":"LineString","coordinates":[[28.220303,-26.146368],[28.220312,-26.146417]]}},{"type":"Feature","properties":{"id":"relation/3120317","name":"RF2","network":"Gautrain Bus"},"geometry":{"type":"LineString","coordinates":[[28.220261,-26.146244],[28.220303,-26.146368]]}},{"type":"Feature","properties":{"id":"relation/3120317","name":"RF2","network":"Gautrain Bus"},"geometry":{"type":"LineString","coordinates":[[28.220261,-26.146244],[28.220226,-26.146005],[28.220198,-26.145683],[28.220194,-26.145545],[28.22019,-26.144934]]}},{"type":"Feature","properties":{"id":"relation/3120317","name":"RF2","network":"Gautrain Bus"},"geometry":{"type":"LineString","coordinates":[[28.22019,-26.144934],[28.220199,-26.144594]]}},{"type":"Feature","properties":{"id":"relation/3120317","name":"RF2","network":"Gautrain Bus"},"geometry":{"type":"LineString","coordinates":[[28.220199,-26.144594],[28.221165,-26.144613],[28.221411,-26.144618],[28.221513,-26.144626],[28.221548,-26.144636],[28.221578,-26.144657],[28.221602,-26.144684],[28.221619,-26.144705],[28.221629,-26.144729],[28.221634,-26.144793],[28.221619,-26.144871],[28.221603,-26.144903],[28.221582,-26.144932],[28.221556,-26.144949],[28.221521,-26.144959],[28.22149,-26.144968],[28.221459,-26.144972],[28.220705,-26.14495],[28.22019,-26.144934]]}},{"type":"Feature","properties":{"id":"relation/3120317","name":"RF2","network":"Gautrain Bus"},"geometry":{"type":"LineString","coordinates":[[28.220312,-26.146417],[28.220322,-26.146457],[28.220354,-26.146581],[28.220429,-26.146927],[28.22045,-26.14702],[28.220499,-26.147244],[28.220559,-26.147459],[28.220608,-26.14761],[28.22064,-26.147688],[28.220668,-26.147791],[28.2207,-26.147882],[28.220719,-26.147913],[28.220741,-26.147951],[28.220782,-26.148012],[28.220828,-26.148075],[28.220851,-26.148108],[28.220938,-26.148168],[28.221002,-26.148212],[28.221071,-26.148253],[28.221153,-26.148291],[28.221295,-26.148334],[28.221562,-26.148394],[28.221619,-26.148409],[28.221831,-26.148466],[28.222042,-26.148514],[28.222261,-26.14853],[28.222297,-26.148537],[28.222439,-26.148573],[28.222541,-26.148599]]}},{"type":"Feature","properties":{"id":"relation/3120317","name":"RF2","network":"Gautrain Bus"},"geometry":{"type":"LineString","coordinates":[[28.222541,-26.148599],[28.222787,-26.14869],[28.222921,-26.148732],[28.223244,-26.148832],[28.223321,-26.148853],[28.22336,-26.148858]]}},{"type":"Feature","properties":{"id":"relation/3120317","name":"RF2","network":"Gautrain Bus"},"geometry":{"type":"LineString","coordinates":[[28.224173,-26.145586],[28.224168,-26.145418],[28.224162,-26.145316],[28.224116,-26.145141]]}},{"type":"Feature","properties":{"id":"relation/3120317","name":"RF2","network":"Gautrain Bus"},"geometry":{"type":"LineString","coordinates":[[28.224116,-26.145141],[28.224081,-26.14504],[28.224041,-26.144946],[28.224019,-26.144896]]}},{"type":"Feature","properties":{"id":"relation/3120317","name":"RF2","network":"Gautrain Bus"},"geometry":{"type":"LineString","coordinates":[[28.224019,-26.144896],[28.22398,-26.144808],[28.223921,-26.144658],[28.223577,-26.143847]]}},{"type":"Feature","properties":{"id":"relation/3120317","name":"RF2","network":"Gautrain Bus"},"geometry":{"type":"LineString","coordinates":[[28.223577,-26.143847],[28.223261,-26.143091],[28.22302,-26.142509],[28.222954,-26.142363]]}},{"type":"Feature","properties":{"id":"relation/3120317","name":"RF2","network":"Gautrain Bus"},"geometry":{"type":"LineString","coordinates":[[28.2237,-26.133763],[28.223541,-26.133697]]}},{"type":"Feature","properties":{"id":"relation/3120317","name":"RF2","network":"Gautrain Bus"},"geometry":{"type":"LineString","coordinates":[[28.223541,-26.133697],[28.223372,-26.133615],[28.223199,-26.133553],[28.223015,-26.13349]]}},{"type":"Feature","properties":{"id":"relation/3120317","name":"RF2","network":"Gautrain Bus"},"geometry":{"type":"LineString","coordinates":[[28.223015,-26.13349],[28.222927,-26.133456]]}},{"type":"Feature","properties":{"id":"relation/3120317","name":"RF2","network":"Gautrain Bus"},"geometry":{"type":"LineString","coordinates":[[28.222927,-26.133456],[28.222947,-26.133399]]}},{"type":"Feature","properties":{"id":"relation/3120317","name":"RF2","network":"Gautrain Bus"},"geometry":{"type":"LineString","coordinates":[[28.222947,-26.133399],[28.223065,-26.133052]]}},{"type":"Feature","properties":{"id":"relation/3120317","name":"RF2","network":"Gautrain Bus"},"geometry":{"type":"LineString","coordinates":[[28.223065,-26.133052],[28.223162,-26.132787],[28.223216,-26.132656],[28.223252,-26.132587],[28.223305,-26.132524]]}},{"type":"Feature","properties":{"id":"relation/3120317","name":"RF2","network":"Gautrain Bus"},"geometry":{"type":"LineString","coordinates":[[28.223163,-26.133087],[28.223158,-26.133288],[28.223164,-26.133318],[28.223173,-26.13335],[28.223188,-26.133381],[28.223207,-26.133413],[28.223227,-26.133437],[28.223251,-26.133462],[28.223283,-26.133503]]}},{"type":"Feature","properties":{"id":"relation/3120317","name":"RF2","network":"Gautrain Bus"},"geometry":{"type":"LineString","coordinates":[[28.224642,-26.12832],[28.224654,-26.128283],[28.225049,-26.126994],[28.225184,-26.126555]]}},{"type":"Feature","properties":{"id":"relation/3120317","name":"RF2","network":"Gautrain Bus"},"geometry":{"type":"LineString","coordinates":[[28.224642,-26.12832],[28.224746,-26.128349],[28.224873,-26.128384],[28.225018,-26.12842],[28.225067,-26.128421],[28.225103,-26.128415],[28.225135,-26.128404],[28.225313,-26.128327],[28.225366,-26.128292],[28.225393,-26.128261],[28.225413,-26.128226],[28.225422,-26.128203],[28.225423,-26.12816],[28.225407,-26.128125],[28.225333,-26.127996]]}},{"type":"Feature","properties":{"id":"relation/3148217","name":"Park Station - Parktown (Gautrain J1)","network":"Gautrain Bus"},"geometry":{"type":"LineString","coordinates":[[28.042596,-26.195048],[28.04242,-26.195068],[28.041816,-26.195139],[28.041786,-26.195143]]}},{"type":"Feature","properties":{"id":"relation/3148217","name":"Park Station - Parktown (Gautrain J1)","network":"Gautrain Bus"},"geometry":{"type":"LineString","coordinates":[[28.041786,-26.195143],[28.041334,-26.195184],[28.040882,-26.195226],[28.040853,-26.195229],[28.040779,-26.195236],[28.040725,-26.195245]]}},{"type":"Feature","properties":{"id":"relation/3148217","name":"Park Station - Parktown (Gautrain J1)","network":"Gautrain Bus"},"geometry":{"type":"LineString","coordinates":[[28.040725,-26.195245],[28.040617,-26.194652],[28.040602,-26.194556],[28.040567,-26.194334],[28.040538,-26.194168],[28.040517,-26.194028],[28.040496,-26.193851]]}},{"type":"Feature","properties":{"id":"relation/3148217","name":"Park Station - Parktown (Gautrain J1)","network":"Gautrain Bus"},"geometry":{"type":"LineString","coordinates":[[28.040496,-26.193851],[28.040473,-26.193617],[28.040439,-26.193422],[28.040413,-26.193343]]}},{"type":"Feature","properties":{"id":"relation/3148217","name":"Park Station - Parktown (Gautrain J1)","network":"Gautrain Bus"},"geometry":{"type":"LineString","coordinates":[[28.040413,-26.193343],[28.040384,-26.193286],[28.040343,-26.193229],[28.040242,-26.193116]]}},{"type":"Feature","properties":{"id":"relation/3148217","name":"Park Station - Parktown (Gautrain J1)","network":"Gautrain Bus"},"geometry":{"type":"LineString","coordinates":[[28.040242,-26.193116],[28.040067,-26.192962]]}},{"type":"Feature","properties":{"id":"relation/3148217","name":"Park Station - Parktown (Gautrain J1)","network":"Gautrain Bus"},"geometry":{"type":"LineString","coordinates":[[28.040067,-26.192962],[28.03971,-26.192682],[28.039505,-26.192521],[28.039312,-26.19234],[28.039249,-26.19227]]}},{"type":"Feature","properties":{"id":"relation/3148217","name":"Park Station - Parktown (Gautrain J1)","network":"Gautrain Bus"},"geometry":{"type":"LineString","coordinates":[[28.039249,-26.19227],[28.039204,-26.192164],[28.039184,-26.192015],[28.039104,-26.191418],[28.03909,-26.191315],[28.039084,-26.191273],[28.039054,-26.191083],[28.039046,-26.191036],[28.038989,-26.190674]]}},{"type":"Feature","properties":{"id":"relation/3148217","name":"Park Station - Parktown (Gautrain J1)","network":"Gautrain Bus"},"geometry":{"type":"LineString","coordinates":[[28.038989,-26.190674],[28.038925,-26.190335]]}},{"type":"Feature","properties":{"id":"relation/3148217","name":"Park Station - Parktown (Gautrain J1)","network":"Gautrain Bus"},"geometry":{"type":"LineString","coordinates":[[28.038925,-26.190335],[28.03894,-26.190208],[28.038963,-26.190142],[28.039014,-26.190063],[28.039064,-26.190013],[28.039155,-26.189948]]}},{"type":"Feature","properties":{"id":"relation/3148217","name":"Park Station - Parktown (Gautrain J1)","network":"Gautrain Bus"},"geometry":{"type":"LineString","coordinates":[[28.039155,-26.189948],[28.040108,-26.18984]]}},{"type":"Feature","properties":{"id":"relation/3148217","name":"Park Station - Parktown (Gautrain J1)","network":"Gautrain Bus"},"geometry":{"type":"LineString","coordinates":[[28.040108,-26.18984],[28.040824,-26.189754]]}},{"type":"Feature","properties":{"id":"relation/3148217","name":"Park Station - Parktown (Gautrain J1)","network":"Gautrain Bus"},"geometry":{"type":"LineString","coordinates":[[28.040824,-26.189754],[28.040894,-26.189734],[28.040933,-26.189713],[28.040966,-26.18969],[28.040998,-26.18966],[28.041031,-26.189621],[28.041055,-26.189581],[28.041064,-26.189542],[28.041067,-26.189484],[28.041064,-26.189386],[28.041033,-26.189139]]}},{"type":"Feature","properties":{"id":"relation/3148217","name":"Park Station - Parktown (Gautrain J1)","network":"Gautrain Bus"},"geometry":{"type":"LineString","coordinates":[[28.041033,-26.189139],[28.040993,-26.188744],[28.040966,-26.188405]]}},{"type":"Feature","properties":{"id":"relation/3148217","name":"Park Station - Parktown (Gautrain J1)","network":"Gautrain Bus"},"geometry":{"type":"LineString","coordinates":[[28.040966,-26.188405],[28.040954,-26.188259],[28.04095,-26.188123],[28.040953,-26.188005],[28.040987,-26.187527]]}},{"type":"Feature","properties":{"id":"relation/3148217","name":"Park Station - Parktown (Gautrain J1)","network":"Gautrain Bus"},"geometry":{"type":"LineString","coordinates":[[28.040987,-26.187527],[28.040999,-26.187323],[28.040996,-26.187273],[28.040993,-26.187237],[28.040983,-26.187189],[28.04097,-26.18713]]}},{"type":"Feature","properties":{"id":"relation/3148217","name":"Park Station - Parktown (Gautrain J1)","network":"Gautrain Bus"},"geometry":{"type":"LineString","coordinates":[[28.04097,-26.18713],[28.040902,-26.186902],[28.040886,-26.186832],[28.040872,-26.18674],[28.040861,-26.186603],[28.040856,-26.186529]]}},{"type":"Feature","properties":{"id":"relation/3148217","name":"Park Station - Parktown (Gautrain J1)","network":"Gautrain Bus"},"geometry":{"type":"LineString","coordinates":[[28.040856,-26.186529],[28.040846,-26.186174],[28.040839,-26.185969]]}},{"type":"Feature","properties":{"id":"relation/3148217","name":"Park Station - Parktown (Gautrain J1)","network":"Gautrain Bus"},"geometry":{"type":"LineString","coordinates":[[28.040839,-26.185969],[28.040844,-26.185717],[28.040857,-26.185583],[28.040875,-26.185409]]}},{"type":"Feature","properties":{"id":"relation/3148217","name":"Park Station - Parktown (Gautrain J1)","network":"Gautrain Bus"},"geometry":{"type":"LineString","coordinates":[[28.040875,-26.185409],[28.040881,-26.185347],[28.040903,-26.185255]]}},{"type":"Feature","properties":{"id":"relation/3148217","name":"Park Station - Parktown (Gautrain J1)","network":"Gautrain Bus"},"geometry":{"type":"LineString","coordinates":[[28.040903,-26.185255],[28.040966,-26.184905],[28.040996,-26.184667],[28.040988,-26.184498],[28.040972,-26.184335],[28.040929,-26.184157],[28.040878,-26.18401],[28.0408,-26.183853],[28.040693,-26.183673],[28.040323,-26.183174],[28.040048,-26.182783]]}},{"type":"Feature","properties":{"id":"relation/3148217","name":"Park Station - Parktown (Gautrain J1)","network":"Gautrain Bus"},"geometry":{"type":"LineString","coordinates":[[28.040048,-26.182783],[28.039753,-26.182373],[28.039648,-26.182235]]}},{"type":"Feature","properties":{"id":"relation/3148217","name":"Park Station - Parktown (Gautrain J1)","network":"Gautrain Bus"},"geometry":{"type":"LineString","coordinates":[[28.039648,-26.182235],[28.039367,-26.18229],[28.038974,-26.182364],[28.038719,-26.182405]]}},{"type":"Feature","properties":{"id":"relation/3148217","name":"Park Station - Parktown (Gautrain J1)","network":"Gautrain Bus"},"geometry":{"type":"LineString","coordinates":[[28.038719,-26.182405],[28.038385,-26.182455],[28.037957,-26.182513]]}},{"type":"Feature","properties":{"id":"relation/3148217","name":"Park Station - Parktown (Gautrain J1)","network":"Gautrain Bus"},"geometry":{"type":"LineString","coordinates":[[28.037957,-26.182513],[28.037053,-26.182647],[28.036741,-26.182694],[28.036499,-26.182729],[28.036027,-26.182797]]}},{"type":"Feature","properties":{"id":"relation/3148217","name":"Park Station - Parktown (Gautrain J1)","network":"Gautrain Bus"},"geometry":{"type":"LineString","coordinates":[[28.035669,-26.180329],[28.035653,-26.180393],[28.035642,-26.180468],[28.03564,-26.180603],[28.035654,-26.180721],[28.035742,-26.181231],[28.035798,-26.181536],[28.035816,-26.181631],[28.035908,-26.182156],[28.035921,-26.182228],[28.036011,-26.182741],[28.036027,-26.182797]]}},{"type":"Feature","properties":{"id":"relation/3148217","name":"Park Station - Parktown (Gautrain J1)","network":"Gautrain Bus"},"geometry":{"type":"LineString","coordinates":[[28.035669,-26.180329],[28.035703,-26.180221],[28.035743,-26.180126],[28.035794,-26.180028],[28.035893,-26.179892],[28.03615,-26.179578],[28.036366,-26.179316],[28.036699,-26.178876]]}},{"type":"Feature","properties":{"id":"relation/3148217","name":"Park Station - Parktown (Gautrain J1)","network":"Gautrain Bus"},"geometry":{"type":"LineString","coordinates":[[28.036699,-26.178876],[28.036696,-26.178816],[28.036712,-26.178787]]}},{"type":"Feature","properties":{"id":"relation/3148217","name":"Park Station - Parktown (Gautrain J1)","network":"Gautrain Bus"},"geometry":{"type":"LineString","coordinates":[[28.036712,-26.178787],[28.036751,-26.178723]]}},{"type":"Feature","properties":{"id":"relation/3148217","name":"Park Station - Parktown (Gautrain J1)","network":"Gautrain Bus"},"geometry":{"type":"LineString","coordinates":[[28.036751,-26.178723],[28.036811,-26.178755]]}},{"type":"Feature","properties":{"id":"relation/3148217","name":"Park Station - Parktown (Gautrain J1)","network":"Gautrain Bus"},"geometry":{"type":"LineString","coordinates":[[28.036811,-26.178755],[28.036883,-26.178798],[28.037075,-26.178936]]}},{"type":"Feature","properties":{"id":"relation/3148217","name":"Park Station - Parktown (Gautrain J1)","network":"Gautrain Bus"},"geometry":{"type":"LineString","coordinates":[[28.037075,-26.178936],[28.037244,-26.179081],[28.037403,-26.179226],[28.037507,-26.179317]]}},{"type":"Feature","properties":{"id":"relation/3148217","name":"Park Station - Parktown (Gautrain J1)","network":"Gautrain Bus"},"geometry":{"type":"LineString","coordinates":[[28.037507,-26.179317],[28.037646,-26.179432]]}},{"type":"Feature","properties":{"id":"relation/3148217","name":"Park Station - Parktown (Gautrain J1)","network":"Gautrain Bus"},"geometry":{"type":"LineString","coordinates":[[28.037646,-26.179432],[28.037686,-26.17947],[28.037937,-26.179728],[28.037972,-26.179775],[28.038179,-26.180056],[28.038318,-26.180238],[28.038694,-26.180734]]}},{"type":"Feature","properties":{"id":"relation/3148217","name":"Park Station - Parktown (Gautrain J1)","network":"Gautrain Bus"},"geometry":{"type":"LineString","coordinates":[[28.038694,-26.180734],[28.03902,-26.181166]]}},{"type":"Feature","properties":{"id":"relation/3148217","name":"Park Station - Parktown (Gautrain J1)","network":"Gautrain Bus"},"geometry":{"type":"LineString","coordinates":[[28.03902,-26.181166],[28.039301,-26.18157]]}},{"type":"Feature","properties":{"id":"relation/3148217","name":"Park Station - Parktown (Gautrain J1)","network":"Gautrain Bus"},"geometry":{"type":"LineString","coordinates":[[28.039301,-26.18157],[28.03956,-26.181926],[28.039722,-26.182126]]}},{"type":"Feature","properties":{"id":"relation/3148217","name":"Park Station - Parktown (Gautrain J1)","network":"Gautrain Bus"},"geometry":{"type":"LineString","coordinates":[[28.039722,-26.182126],[28.03978,-26.182207],[28.039962,-26.18245],[28.040384,-26.183028],[28.040616,-26.183342],[28.040748,-26.183526],[28.040827,-26.183655],[28.040899,-26.183781],[28.04096,-26.183907],[28.041011,-26.184034],[28.041046,-26.184167],[28.041082,-26.184324],[28.041091,-26.184413],[28.041095,-26.18451],[28.04105,-26.185259]]}},{"type":"Feature","properties":{"id":"relation/3148217","name":"Park Station - Parktown (Gautrain J1)","network":"Gautrain Bus"},"geometry":{"type":"LineString","coordinates":[[28.037888,-26.179194],[28.037982,-26.179093],[28.038076,-26.179007],[28.038167,-26.178933],[28.038251,-26.178877],[28.038382,-26.1788],[28.038543,-26.178735],[28.038969,-26.178583],[28.039108,-26.178542],[28.039557,-26.178408],[28.039801,-26.178335],[28.039848,-26.178321],[28.040556,-26.178082],[28.041093,-26.177907]]}},{"type":"Feature","properties":{"id":"relation/3148217","name":"Park Station - Parktown (Gautrain J1)","network":"Gautrain Bus"},"geometry":{"type":"LineString","coordinates":[[28.041093,-26.177907],[28.041539,-26.177733]]}},{"type":"Feature","properties":{"id":"relation/3148217","name":"Park Station - Parktown (Gautrain J1)","network":"Gautrain Bus"},"geometry":{"type":"LineString","coordinates":[[28.041539,-26.177733],[28.042151,-26.177544],[28.042365,-26.177477],[28.043156,-26.177207],[28.043367,-26.177147],[28.043792,-26.177009],[28.04411,-26.176904],[28.044237,-26.176861],[28.044314,-26.176843],[28.044428,-26.176829]]}},{"type":"Feature","properties":{"id":"relation/3148217","name":"Park Station - Parktown (Gautrain J1)","network":"Gautrain Bus"},"geometry":{"type":"LineString","coordinates":[[28.044428,-26.176829],[28.044506,-26.176828],[28.044582,-26.176829],[28.04466,-26.176839],[28.044732,-26.176858],[28.044791,-26.176884],[28.044864,-26.176929],[28.04496,-26.176994]]}},{"type":"Feature","properties":{"id":"relation/3148217","name":"Park Station - Parktown (Gautrain J1)","network":"Gautrain Bus"},"geometry":{"type":"LineString","coordinates":[[28.04496,-26.176994],[28.045033,-26.177085],[28.04509,-26.177173]]}},{"type":"Feature","properties":{"id":"relation/3148217","name":"Park Station - Parktown (Gautrain J1)","network":"Gautrain Bus"},"geometry":{"type":"LineString","coordinates":[[28.04509,-26.177173],[28.045164,-26.177284],[28.045528,-26.177818],[28.045781,-26.178211],[28.045816,-26.178273],[28.045963,-26.178553]]}},{"type":"Feature","properties":{"id":"relation/3148217","name":"Park Station - Parktown (Gautrain J1)","network":"Gautrain Bus"},"geometry":{"type":"LineString","coordinates":[[28.045963,-26.178553],[28.046027,-26.178677],[28.046146,-26.178918]]}},{"type":"Feature","properties":{"id":"relation/3148217","name":"Park Station - Parktown (Gautrain J1)","network":"Gautrain Bus"},"geometry":{"type":"LineString","coordinates":[[28.046146,-26.178918],[28.046206,-26.179027]]}},{"type":"Feature","properties":{"id":"relation/3148217","name":"Park Station - Parktown (Gautrain J1)","network":"Gautrain Bus"},"geometry":{"type":"LineString","coordinates":[[28.046206,-26.179027],[28.046155,-26.179153],[28.046108,-26.179252],[28.046032,-26.179397],[28.045969,-26.179519],[28.04589,-26.179664],[28.045811,-26.1798],[28.045698,-26.179971],[28.04558,-26.180125],[28.045431,-26.180282],[28.045289,-26.180423],[28.045149,-26.180536],[28.045059,-26.1806],[28.044988,-26.180642],[28.044885,-26.180707],[28.044782,-26.180767],[28.044652,-26.180828],[28.044515,-26.180889],[28.044192,-26.181018],[28.043772,-26.181175],[28.043627,-26.181234]]}},{"type":"Feature","properties":{"id":"relation/3148217","name":"Park Station - Parktown (Gautrain J1)","network":"Gautrain Bus"},"geometry":{"type":"LineString","coordinates":[[28.042903,-26.18151],[28.042871,-26.181544],[28.042836,-26.181587],[28.042794,-26.181651],[28.042755,-26.181704],[28.04273,-26.181756],[28.0427,-26.181833]]}},{"type":"Feature","properties":{"id":"relation/3148217","name":"Park Station - Parktown (Gautrain J1)","network":"Gautrain Bus"},"geometry":{"type":"LineString","coordinates":[[28.0427,-26.181833],[28.042747,-26.182171]]}},{"type":"Feature","properties":{"id":"relation/3148217","name":"Park Station - Parktown (Gautrain J1)","network":"Gautrain Bus"},"geometry":{"type":"LineString","coordinates":[[28.042747,-26.182171],[28.042764,-26.182276],[28.042823,-26.182555]]}},{"type":"Feature","properties":{"id":"relation/3148217","name":"Park Station - Parktown (Gautrain J1)","network":"Gautrain Bus"},"geometry":{"type":"LineString","coordinates":[[28.042823,-26.182555],[28.04288,-26.18277],[28.043079,-26.183402],[28.043217,-26.183828],[28.04328,-26.184006],[28.043309,-26.184078],[28.043352,-26.184153],[28.043407,-26.184228],[28.043494,-26.184314],[28.04357,-26.18438],[28.043641,-26.184436],[28.043796,-26.184567],[28.043877,-26.184637],[28.043945,-26.184716],[28.043997,-26.184794],[28.044043,-26.184888],[28.044051,-26.184923],[28.04407,-26.185],[28.04407,-26.185065],[28.044056,-26.185159]]}},{"type":"Feature","properties":{"id":"relation/3148217","name":"Park Station - Parktown (Gautrain J1)","network":"Gautrain Bus"},"geometry":{"type":"LineString","coordinates":[[28.044056,-26.185159],[28.04405,-26.185432]]}},{"type":"Feature","properties":{"id":"relation/3148217","name":"Park Station - Parktown (Gautrain J1)","network":"Gautrain Bus"},"geometry":{"type":"LineString","coordinates":[[28.04405,-26.185432],[28.044038,-26.185555]]}},{"type":"Feature","properties":{"id":"relation/3148217","name":"Park Station - Parktown (Gautrain J1)","network":"Gautrain Bus"},"geometry":{"type":"LineString","coordinates":[[28.044038,-26.185555],[28.0429,-26.185466],[28.042391,-26.185431],[28.042179,-26.18542],[28.041962,-26.185411],[28.04174,-26.185413]]}},{"type":"Feature","properties":{"id":"relation/3148217","name":"Park Station - Parktown (Gautrain J1)","network":"Gautrain Bus"},"geometry":{"type":"LineString","coordinates":[[28.04174,-26.185413],[28.041044,-26.185413]]}},{"type":"Feature","properties":{"id":"relation/3148217","name":"Park Station - Parktown (Gautrain J1)","network":"Gautrain Bus"},"geometry":{"type":"LineString","coordinates":[[28.041044,-26.185413],[28.041022,-26.185729],[28.040992,-26.186039]]}},{"type":"Feature","properties":{"id":"relation/3148217","name":"Park Station - Parktown (Gautrain J1)","network":"Gautrain Bus"},"geometry":{"type":"LineString","coordinates":[[28.040992,-26.186039],[28.040973,-26.186388],[28.040966,-26.186464],[28.040969,-26.18655],[28.040972,-26.186631],[28.040991,-26.186734],[28.041035,-26.186893]]}},{"type":"Feature","properties":{"id":"relation/3148217","name":"Park Station - Parktown (Gautrain J1)","network":"Gautrain Bus"},"geometry":{"type":"LineString","coordinates":[[28.041035,-26.186893],[28.041068,-26.18699],[28.041094,-26.187076],[28.041115,-26.187164],[28.041111,-26.187252],[28.041115,-26.187396],[28.04109,-26.1877],[28.041083,-26.187843],[28.041071,-26.188041]]}},{"type":"Feature","properties":{"id":"relation/3148217","name":"Park Station - Parktown (Gautrain J1)","network":"Gautrain Bus"},"geometry":{"type":"LineString","coordinates":[[28.041071,-26.188041],[28.041071,-26.188225],[28.04111,-26.188642]]}},{"type":"Feature","properties":{"id":"relation/3148217","name":"Park Station - Parktown (Gautrain J1)","network":"Gautrain Bus"},"geometry":{"type":"LineString","coordinates":[[28.04111,-26.188642],[28.041119,-26.188732],[28.041162,-26.189122],[28.04118,-26.189266],[28.041204,-26.189577],[28.041212,-26.189682],[28.041218,-26.189879]]}},{"type":"Feature","properties":{"id":"relation/3148217","name":"Park Station - Parktown (Gautrain J1)","network":"Gautrain Bus"},"geometry":{"type":"LineString","coordinates":[[28.041218,-26.189879],[28.041242,-26.190138],[28.041278,-26.190517]]}},{"type":"Feature","properties":{"id":"relation/3148217","name":"Park Station - Parktown (Gautrain J1)","network":"Gautrain Bus"},"geometry":{"type":"LineString","coordinates":[[28.041278,-26.190517],[28.041308,-26.190772],[28.041323,-26.190875],[28.041344,-26.191017],[28.041416,-26.191459]]}},{"type":"Feature","properties":{"id":"relation/3148217","name":"Park Station - Parktown (Gautrain J1)","network":"Gautrain Bus"},"geometry":{"type":"LineString","coordinates":[[28.041416,-26.191459],[28.041481,-26.191899]]}},{"type":"Feature","properties":{"id":"relation/3148217","name":"Park Station - Parktown (Gautrain J1)","network":"Gautrain Bus"},"geometry":{"type":"LineString","coordinates":[[28.041481,-26.191899],[28.041499,-26.19205],[28.041491,-26.192181],[28.041473,-26.192271],[28.041449,-26.192347]]}},{"type":"Feature","properties":{"id":"relation/3148217","name":"Park Station - Parktown (Gautrain J1)","network":"Gautrain Bus"},"geometry":{"type":"LineString","coordinates":[[28.041449,-26.192347],[28.041414,-26.192422],[28.041369,-26.192487],[28.041338,-26.192521],[28.041319,-26.192541],[28.041151,-26.192663],[28.041064,-26.192697]]}},{"type":"Feature","properties":{"id":"relation/3148217","name":"Park Station - Parktown (Gautrain J1)","network":"Gautrain Bus"},"geometry":{"type":"LineString","coordinates":[[28.041064,-26.192697],[28.040858,-26.192845],[28.040738,-26.192943],[28.040659,-26.193027],[28.040604,-26.193125],[28.040578,-26.193183],[28.040566,-26.193249],[28.040559,-26.193328],[28.040568,-26.193446],[28.040615,-26.193762],[28.040678,-26.19418]]}},{"type":"Feature","properties":{"id":"relation/3148217","name":"Park Station - Parktown (Gautrain J1)","network":"Gautrain Bus"},"geometry":{"type":"LineString","coordinates":[[28.040678,-26.19418],[28.040749,-26.194535],[28.040768,-26.194632]]}},{"type":"Feature","properties":{"id":"relation/3148217","name":"Park Station - Parktown (Gautrain J1)","network":"Gautrain Bus"},"geometry":{"type":"LineString","coordinates":[[28.040768,-26.194632],[28.041704,-26.194525]]}},{"type":"Feature","properties":{"id":"relation/3148217","name":"Park Station - Parktown (Gautrain J1)","network":"Gautrain Bus"},"geometry":{"type":"LineString","coordinates":[[28.041704,-26.194525],[28.042505,-26.194435]]}},{"type":"Feature","properties":{"id":"relation/3148217","name":"Park Station - Parktown (Gautrain J1)","network":"Gautrain Bus"},"geometry":{"type":"LineString","coordinates":[[28.042505,-26.194435],[28.042549,-26.194737]]}},{"type":"Feature","properties":{"id":"relation/3148217","name":"Park Station - Parktown (Gautrain J1)","network":"Gautrain Bus"},"geometry":{"type":"LineString","coordinates":[[28.042549,-26.194737],[28.042596,-26.195048]]}},{"type":"Feature","properties":{"id":"relation/3148217","name":"Park Station - Parktown (Gautrain J1)","network":"Gautrain Bus"},"geometry":{"type":"LineString","coordinates":[[28.037507,-26.179317],[28.03759,-26.17932],[28.037623,-26.17932],[28.037659,-26.179314],[28.037706,-26.179303],[28.037769,-26.179282],[28.037832,-26.179258]]}},{"type":"Feature","properties":{"id":"relation/3170386","name":"Midrand - Sunninghill (Gautrain M3)","network":"Gautrain Bus"},"geometry":{"type":"LineString","coordinates":[[28.136217,-25.9954],[28.136228,-25.995424],[28.136373,-25.995368],[28.136406,-25.995354],[28.136394,-25.99533],[28.136217,-25.9954]]}},{"type":"Feature","properties":{"id":"relation/3170386","name":"Midrand - Sunninghill (Gautrain M3)","network":"Gautrain Bus"},"geometry":{"type":"LineString","coordinates":[[28.136549,-25.995358],[28.136571,-25.9954],[28.136611,-25.995475],[28.136656,-25.99556],[28.136696,-25.995637],[28.136744,-25.995728]]}},{"type":"Feature","properties":{"id":"relation/3170386","name":"Midrand - Sunninghill (Gautrain M3)","network":"Gautrain Bus"},"geometry":{"type":"LineString","coordinates":[[28.136744,-25.995728],[28.136846,-25.995683],[28.13691,-25.995655],[28.136967,-25.995593],[28.136993,-25.995529],[28.136987,-25.995449],[28.136925,-25.995297],[28.136748,-25.994941],[28.136699,-25.994877],[28.136594,-25.99482],[28.136457,-25.994798],[28.13635,-25.994828],[28.136178,-25.994902],[28.135753,-25.9951]]}},{"type":"Feature","properties":{"id":"relation/3170386","name":"Midrand - Sunninghill (Gautrain M3)","network":"Gautrain Bus"},"geometry":{"type":"LineString","coordinates":[[28.135753,-25.9951],[28.135321,-25.995307],[28.135026,-25.995447],[28.134859,-25.995517]]}},{"type":"Feature","properties":{"id":"relation/3170386","name":"Midrand - Sunninghill (Gautrain M3)","network":"Gautrain Bus"},"geometry":{"type":"LineString","coordinates":[[28.134859,-25.995517],[28.134794,-25.995544]]}},{"type":"Feature","properties":{"id":"relation/3170386","name":"Midrand - Sunninghill (Gautrain M3)","network":"Gautrain Bus"},"geometry":{"type":"LineString","coordinates":[[28.134794,-25.995544],[28.134675,-25.995594]]}},{"type":"Feature","properties":{"id":"relation/3170386","name":"Midrand - Sunninghill (Gautrain M3)","network":"Gautrain Bus"},"geometry":{"type":"LineString","coordinates":[[28.134675,-25.995594],[28.134606,-25.995622]]}},{"type":"Feature","properties":{"id":"relation/3170386","name":"Midrand - Sunninghill (Gautrain M3)","network":"Gautrain Bus"},"geometry":{"type":"LineString","coordinates":[[28.134606,-25.995622],[28.134244,-25.995767]]}},{"type":"Feature","properties":{"id":"relation/3170386","name":"Midrand - Sunninghill (Gautrain M3)","network":"Gautrain Bus"},"geometry":{"type":"LineString","coordinates":[[28.134244,-25.995767],[28.132804,-25.996381],[28.1313,-25.997058],[28.131119,-25.997139]]}},{"type":"Feature","properties":{"id":"relation/3170386","name":"Midrand - Sunninghill (Gautrain M3)","network":"Gautrain Bus"},"geometry":{"type":"LineString","coordinates":[[28.131119,-25.997139],[28.131066,-25.997163]]}},{"type":"Feature","properties":{"id":"relation/3170386","name":"Midrand - Sunninghill (Gautrain M3)","network":"Gautrain Bus"},"geometry":{"type":"LineString","coordinates":[[28.131066,-25.997163],[28.131111,-25.997194]]}},{"type":"Feature","properties":{"id":"relation/3170386","name":"Midrand - Sunninghill (Gautrain M3)","network":"Gautrain Bus"},"geometry":{"type":"LineString","coordinates":[[28.131111,-25.997194],[28.131241,-25.997284],[28.131427,-25.997413],[28.131845,-25.997694],[28.132485,-25.998124],[28.133614,-25.998934]]}},{"type":"Feature","properties":{"id":"relation/3170386","name":"Midrand - Sunninghill (Gautrain M3)","network":"Gautrain Bus"},"geometry":{"type":"LineString","coordinates":[[28.133614,-25.998934],[28.133574,-25.999032]]}},{"type":"Feature","properties":{"id":"relation/3170386","name":"Midrand - Sunninghill (Gautrain M3)","network":"Gautrain Bus"},"geometry":{"type":"LineString","coordinates":[[28.133574,-25.999032],[28.133342,-25.999332],[28.132379,-26.000579],[28.132072,-26.000975]]}},{"type":"Feature","properties":{"id":"relation/3170386","name":"Midrand - Sunninghill (Gautrain M3)","network":"Gautrain Bus"},"geometry":{"type":"LineString","coordinates":[[28.132072,-26.000975],[28.132046,-26.001101]]}},{"type":"Feature","properties":{"id":"relation/3170386","name":"Midrand - Sunninghill (Gautrain M3)","network":"Gautrain Bus"},"geometry":{"type":"LineString","coordinates":[[28.132046,-26.001101],[28.13206,-26.001137],[28.13206,-26.001174],[28.132047,-26.001211],[28.132021,-26.001243],[28.131983,-26.001265],[28.131939,-26.001275],[28.131893,-26.00127]]}},{"type":"Feature","properties":{"id":"relation/3170386","name":"Midrand - Sunninghill (Gautrain M3)","network":"Gautrain Bus"},"geometry":{"type":"LineString","coordinates":[[28.131823,-26.001224],[28.131805,-26.00119],[28.1318,-26.001152],[28.131808,-26.001114],[28.13183,-26.001082],[28.131858,-26.001061],[28.131862,-26.001057],[28.131902,-26.001042],[28.131944,-26.00104]]}},{"type":"Feature","properties":{"id":"relation/3170386","name":"Midrand - Sunninghill (Gautrain M3)","network":"Gautrain Bus"},"geometry":{"type":"LineString","coordinates":[[28.131944,-26.00104],[28.132072,-26.000975]]}},{"type":"Feature","properties":{"id":"relation/3170386","name":"Midrand - Sunninghill (Gautrain M3)","network":"Gautrain Bus"},"geometry":{"type":"LineString","coordinates":[[28.131893,-26.00127],[28.131789,-26.001333]]}},{"type":"Feature","properties":{"id":"relation/3170386","name":"Midrand - Sunninghill (Gautrain M3)","network":"Gautrain Bus"},"geometry":{"type":"LineString","coordinates":[[28.131789,-26.001333],[28.131823,-26.001224]]}},{"type":"Feature","properties":{"id":"relation/3170386","name":"Midrand - Sunninghill (Gautrain M3)","network":"Gautrain Bus"},"geometry":{"type":"LineString","coordinates":[[28.131789,-26.001333],[28.131636,-26.001528],[28.131273,-26.002],[28.130887,-26.002465],[28.130801,-26.002573],[28.130404,-26.003071],[28.129781,-26.003853],[28.129747,-26.003897],[28.129726,-26.003924],[28.129559,-26.00414],[28.129471,-26.004254],[28.129268,-26.004508],[28.129232,-26.004554],[28.128949,-26.004908],[28.128838,-26.005046],[28.128814,-26.005076],[28.128746,-26.005162],[28.128535,-26.005426],[28.128326,-26.005688],[28.128269,-26.00576],[28.12791,-26.00621],[28.127676,-26.00651],[28.127529,-26.006698],[28.126957,-26.007411],[28.126299,-26.008248],[28.126125,-26.008459],[28.126002,-26.008618],[28.125834,-26.008831],[28.125463,-26.009296],[28.1253,-26.009503],[28.125197,-26.009634],[28.124959,-26.009936],[28.124904,-26.010006],[28.124658,-26.010329]]}},{"type":"Feature","properties":{"id":"relation/3170386","name":"Midrand - Sunninghill (Gautrain M3)","network":"Gautrain Bus"},"geometry":{"type":"LineString","coordinates":[[28.124658,-26.010329],[28.124611,-26.010411],[28.124568,-26.010475],[28.124489,-26.010578],[28.124404,-26.010679],[28.124316,-26.010782]]}},{"type":"Feature","properties":{"id":"relation/3170386","name":"Midrand - Sunninghill (Gautrain M3)","network":"Gautrain Bus"},"geometry":{"type":"LineString","coordinates":[[28.124316,-26.010782],[28.124183,-26.010946]]}},{"type":"Feature","properties":{"id":"relation/3170386","name":"Midrand - Sunninghill (Gautrain M3)","network":"Gautrain Bus"},"geometry":{"type":"LineString","coordinates":[[28.124183,-26.010946],[28.123955,-26.011231]]}},{"type":"Feature","properties":{"id":"relation/3170386","name":"Midrand - Sunninghill (Gautrain M3)","network":"Gautrain Bus"},"geometry":{"type":"LineString","coordinates":[[28.123955,-26.011231],[28.123888,-26.011324]]}},{"type":"Feature","properties":{"id":"relation/3170386","name":"Midrand - Sunninghill (Gautrain M3)","network":"Gautrain Bus"},"geometry":{"type":"LineString","coordinates":[[28.123888,-26.011324],[28.123842,-26.011292]]}},{"type":"Feature","properties":{"id":"relation/3170386","name":"Midrand - Sunninghill (Gautrain M3)","network":"Gautrain Bus"},"geometry":{"type":"LineString","coordinates":[[28.123842,-26.011292],[28.123471,-26.011043]]}},{"type":"Feature","properties":{"id":"relation/3170386","name":"Midrand - Sunninghill (Gautrain M3)","network":"Gautrain Bus"},"geometry":{"type":"LineString","coordinates":[[28.123471,-26.011043],[28.122298,-26.010263]]}},{"type":"Feature","properties":{"id":"relation/3170386","name":"Midrand - Sunninghill (Gautrain M3)","network":"Gautrain Bus"},"geometry":{"type":"LineString","coordinates":[[28.122298,-26.010263],[28.122085,-26.010124],[28.121845,-26.009943],[28.121708,-26.009837]]}},{"type":"Feature","properties":{"id":"relation/3170386","name":"Midrand - Sunninghill (Gautrain M3)","network":"Gautrain Bus"},"geometry":{"type":"LineString","coordinates":[[28.121708,-26.009837],[28.121321,-26.009586]]}},{"type":"Feature","properties":{"id":"relation/3170386","name":"Midrand - Sunninghill (Gautrain M3)","network":"Gautrain Bus"},"geometry":{"type":"LineString","coordinates":[[28.121321,-26.009586],[28.121251,-26.009542]]}},{"type":"Feature","properties":{"id":"relation/3170386","name":"Midrand - Sunninghill (Gautrain M3)","network":"Gautrain Bus"},"geometry":{"type":"LineString","coordinates":[[28.121251,-26.009542],[28.121151,-26.00948]]}},{"type":"Feature","properties":{"id":"relation/3170386","name":"Midrand - Sunninghill (Gautrain M3)","network":"Gautrain Bus"},"geometry":{"type":"LineString","coordinates":[[28.121151,-26.00948],[28.12107,-26.009436]]}},{"type":"Feature","properties":{"id":"relation/3170386","name":"Midrand - Sunninghill (Gautrain M3)","network":"Gautrain Bus"},"geometry":{"type":"LineString","coordinates":[[28.12107,-26.009436],[28.120788,-26.009242]]}},{"type":"Feature","properties":{"id":"relation/3170386","name":"Midrand - Sunninghill (Gautrain M3)","network":"Gautrain Bus"},"geometry":{"type":"LineString","coordinates":[[28.120788,-26.009242],[28.11995,-26.008673],[28.119756,-26.008515],[28.119507,-26.008314]]}},{"type":"Feature","properties":{"id":"relation/3170386","name":"Midrand - Sunninghill (Gautrain M3)","network":"Gautrain Bus"},"geometry":{"type":"LineString","coordinates":[[28.121131,-26.009306],[28.121206,-26.009352]]}},{"type":"Feature","properties":{"id":"relation/3170386","name":"Midrand - Sunninghill (Gautrain M3)","network":"Gautrain Bus"},"geometry":{"type":"LineString","coordinates":[[28.120573,-26.008914],[28.121131,-26.009306]]}},{"type":"Feature","properties":{"id":"relation/3170386","name":"Midrand - Sunninghill (Gautrain M3)","network":"Gautrain Bus"},"geometry":{"type":"LineString","coordinates":[[28.121206,-26.009352],[28.121307,-26.00942]]}},{"type":"Feature","properties":{"id":"relation/3170386","name":"Midrand - Sunninghill (Gautrain M3)","network":"Gautrain Bus"},"geometry":{"type":"LineString","coordinates":[[28.121307,-26.00942],[28.121379,-26.009468]]}},{"type":"Feature","properties":{"id":"relation/3170386","name":"Midrand - Sunninghill (Gautrain M3)","network":"Gautrain Bus"},"geometry":{"type":"LineString","coordinates":[[28.121379,-26.009468],[28.121628,-26.009634]]}},{"type":"Feature","properties":{"id":"relation/3170386","name":"Midrand - Sunninghill (Gautrain M3)","network":"Gautrain Bus"},"geometry":{"type":"LineString","coordinates":[[28.121628,-26.009634],[28.122285,-26.01007],[28.122734,-26.010406],[28.123409,-26.010875],[28.12357,-26.010979]]}},{"type":"Feature","properties":{"id":"relation/3170386","name":"Midrand - Sunninghill (Gautrain M3)","network":"Gautrain Bus"},"geometry":{"type":"LineString","coordinates":[[28.12357,-26.010979],[28.12391,-26.0112]]}},{"type":"Feature","properties":{"id":"relation/3170386","name":"Midrand - Sunninghill (Gautrain M3)","network":"Gautrain Bus"},"geometry":{"type":"LineString","coordinates":[[28.12391,-26.0112],[28.124124,-26.01095],[28.124151,-26.010919]]}},{"type":"Feature","properties":{"id":"relation/3170386","name":"Midrand - Sunninghill (Gautrain M3)","network":"Gautrain Bus"},"geometry":{"type":"LineString","coordinates":[[28.124151,-26.010919],[28.124278,-26.010757],[28.124312,-26.01071],[28.124443,-26.010554],[28.124484,-26.010506],[28.124531,-26.010451],[28.124582,-26.010392],[28.124658,-26.010329]]}},{"type":"Feature","properties":{"id":"relation/3170386","name":"Midrand - Sunninghill (Gautrain M3)","network":"Gautrain Bus"},"geometry":{"type":"LineString","coordinates":[[28.133574,-25.999032],[28.132398,-25.998233],[28.131824,-25.997854],[28.131326,-25.997506],[28.13097,-25.997255]]}},{"type":"Feature","properties":{"id":"relation/3170386","name":"Midrand - Sunninghill (Gautrain M3)","network":"Gautrain Bus"},"geometry":{"type":"LineString","coordinates":[[28.13097,-25.997255],[28.130928,-25.997225]]}},{"type":"Feature","properties":{"id":"relation/3170386","name":"Midrand - Sunninghill (Gautrain M3)","network":"Gautrain Bus"},"geometry":{"type":"LineString","coordinates":[[28.130928,-25.997225],[28.130814,-25.997164]]}},{"type":"Feature","properties":{"id":"relation/3170386","name":"Midrand - Sunninghill (Gautrain M3)","network":"Gautrain Bus"},"geometry":{"type":"LineString","coordinates":[[28.119054,-26.007901],[28.118412,-26.007172],[28.117821,-26.006536],[28.117672,-26.006377]]}},{"type":"Feature","properties":{"id":"relation/3170386","name":"Midrand - Sunninghill (Gautrain M3)","network":"Gautrain Bus"},"geometry":{"type":"LineString","coordinates":[[28.117672,-26.006377],[28.117172,-26.005823]]}},{"type":"Feature","properties":{"id":"relation/3170386","name":"Midrand - Sunninghill (Gautrain M3)","network":"Gautrain Bus"},"geometry":{"type":"LineString","coordinates":[[28.117172,-26.005823],[28.117073,-26.005718]]}},{"type":"Feature","properties":{"id":"relation/3170386","name":"Midrand - Sunninghill (Gautrain M3)","network":"Gautrain Bus"},"geometry":{"type":"LineString","coordinates":[[28.116334,-26.006937],[28.116351,-26.006865],[28.116396,-26.006773],[28.116508,-26.006568],[28.116703,-26.006259]]}},{"type":"Feature","properties":{"id":"relation/3170386","name":"Midrand - Sunninghill (Gautrain M3)","network":"Gautrain Bus"},"geometry":{"type":"LineString","coordinates":[[28.116703,-26.006259],[28.117073,-26.005718]]}},{"type":"Feature","properties":{"id":"relation/3170386","name":"Midrand - Sunninghill (Gautrain M3)","network":"Gautrain Bus"},"geometry":{"type":"LineString","coordinates":[[28.117073,-26.005718],[28.117168,-26.005607]]}},{"type":"Feature","properties":{"id":"relation/3170386","name":"Midrand - Sunninghill (Gautrain M3)","network":"Gautrain Bus"},"geometry":{"type":"LineString","coordinates":[[28.119507,-26.008314],[28.119054,-26.007901]]}},{"type":"Feature","properties":{"id":"relation/3170386","name":"Midrand - Sunninghill (Gautrain M3)","network":"Gautrain Bus"},"geometry":{"type":"LineString","coordinates":[[28.117258,-26.005697],[28.117172,-26.005823]]}},{"type":"Feature","properties":{"id":"relation/3170386","name":"Midrand - Sunninghill (Gautrain M3)","network":"Gautrain Bus"},"geometry":{"type":"LineString","coordinates":[[28.117172,-26.005823],[28.116815,-26.006347],[28.116548,-26.006688],[28.116424,-26.006864],[28.116388,-26.006901],[28.116334,-26.006937]]}},{"type":"Feature","properties":{"id":"relation/3170386","name":"Midrand - Sunninghill (Gautrain M3)","network":"Gautrain Bus"},"geometry":{"type":"LineString","coordinates":[[28.113165,-26.011238],[28.113357,-26.010978]]}},{"type":"Feature","properties":{"id":"relation/3170386","name":"Midrand - Sunninghill (Gautrain M3)","network":"Gautrain Bus"},"geometry":{"type":"LineString","coordinates":[[28.113357,-26.010978],[28.113532,-26.010723],[28.113691,-26.01048]]}},{"type":"Feature","properties":{"id":"relation/3170386","name":"Midrand - Sunninghill (Gautrain M3)","network":"Gautrain Bus"},"geometry":{"type":"LineString","coordinates":[[28.113691,-26.01048],[28.114206,-26.009798]]}},{"type":"Feature","properties":{"id":"relation/3170386","name":"Midrand - Sunninghill (Gautrain M3)","network":"Gautrain Bus"},"geometry":{"type":"LineString","coordinates":[[28.114206,-26.009798],[28.114218,-26.009782],[28.114265,-26.009714]]}},{"type":"Feature","properties":{"id":"relation/3170386","name":"Midrand - Sunninghill (Gautrain M3)","network":"Gautrain Bus"},"geometry":{"type":"LineString","coordinates":[[28.114265,-26.009714],[28.114482,-26.009425]]}},{"type":"Feature","properties":{"id":"relation/3170386","name":"Midrand - Sunninghill (Gautrain M3)","network":"Gautrain Bus"},"geometry":{"type":"LineString","coordinates":[[28.114482,-26.009425],[28.114651,-26.009195]]}},{"type":"Feature","properties":{"id":"relation/3170386","name":"Midrand - Sunninghill (Gautrain M3)","network":"Gautrain Bus"},"geometry":{"type":"LineString","coordinates":[[28.114651,-26.009195],[28.115406,-26.008183],[28.115821,-26.007632],[28.116089,-26.007279],[28.116176,-26.007164],[28.116268,-26.007032],[28.116334,-26.006937]]}},{"type":"Feature","properties":{"id":"relation/3170386","name":"Midrand - Sunninghill (Gautrain M3)","network":"Gautrain Bus"},"geometry":{"type":"LineString","coordinates":[[28.092008,-26.017489],[28.092259,-26.016975],[28.092432,-26.016663],[28.092706,-26.016252],[28.092867,-26.016044],[28.093102,-26.015781],[28.093286,-26.015596],[28.093553,-26.015351],[28.093772,-26.015175],[28.093978,-26.015033],[28.094385,-26.014762],[28.094831,-26.014529],[28.09518,-26.01437],[28.095391,-26.014299]]}},{"type":"Feature","properties":{"id":"relation/3170386","name":"Midrand - Sunninghill (Gautrain M3)","network":"Gautrain Bus"},"geometry":{"type":"LineString","coordinates":[[28.095391,-26.014299],[28.095748,-26.014183]]}},{"type":"Feature","properties":{"id":"relation/3170386","name":"Midrand - Sunninghill (Gautrain M3)","network":"Gautrain Bus"},"geometry":{"type":"LineString","coordinates":[[28.095748,-26.014183],[28.095918,-26.014142]]}},{"type":"Feature","properties":{"id":"relation/3170386","name":"Midrand - Sunninghill (Gautrain M3)","network":"Gautrain Bus"},"geometry":{"type":"LineString","coordinates":[[28.095918,-26.014142],[28.09605,-26.014112]]}},{"type":"Feature","properties":{"id":"relation/3170386","name":"Midrand - Sunninghill (Gautrain M3)","network":"Gautrain Bus"},"geometry":{"type":"LineString","coordinates":[[28.09605,-26.014112],[28.096176,-26.014087]]}},{"type":"Feature","properties":{"id":"relation/3170386","name":"Midrand - Sunninghill (Gautrain M3)","network":"Gautrain Bus"},"geometry":{"type":"LineString","coordinates":[[28.096176,-26.014087],[28.096591,-26.014005],[28.097619,-26.013843],[28.098306,-26.013733]]}},{"type":"Feature","properties":{"id":"relation/3170386","name":"Midrand - Sunninghill (Gautrain M3)","network":"Gautrain Bus"},"geometry":{"type":"LineString","coordinates":[[28.098306,-26.013733],[28.09849,-26.013696],[28.098686,-26.013658],[28.098872,-26.013626],[28.099053,-26.013574]]}},{"type":"Feature","properties":{"id":"relation/3170386","name":"Midrand - Sunninghill (Gautrain M3)","network":"Gautrain Bus"},"geometry":{"type":"LineString","coordinates":[[28.099053,-26.013574],[28.099196,-26.013533]]}},{"type":"Feature","properties":{"id":"relation/3170386","name":"Midrand - Sunninghill (Gautrain M3)","network":"Gautrain Bus"},"geometry":{"type":"LineString","coordinates":[[28.099196,-26.013533],[28.099328,-26.013494]]}},{"type":"Feature","properties":{"id":"relation/3170386","name":"Midrand - Sunninghill (Gautrain M3)","network":"Gautrain Bus"},"geometry":{"type":"LineString","coordinates":[[28.099328,-26.013494],[28.099506,-26.013443]]}},{"type":"Feature","properties":{"id":"relation/3170386","name":"Midrand - Sunninghill (Gautrain M3)","network":"Gautrain Bus"},"geometry":{"type":"LineString","coordinates":[[28.099506,-26.013443],[28.09971,-26.013387],[28.099839,-26.013338],[28.099986,-26.013273],[28.100113,-26.013211],[28.100266,-26.013112],[28.100404,-26.013017],[28.100561,-26.012886],[28.100903,-26.012596],[28.101361,-26.012217],[28.101669,-26.01193],[28.10197,-26.011607],[28.10217,-26.011341],[28.102289,-26.011183],[28.102398,-26.011002]]}},{"type":"Feature","properties":{"id":"relation/3170386","name":"Midrand - Sunninghill (Gautrain M3)","network":"Gautrain Bus"},"geometry":{"type":"LineString","coordinates":[[28.102398,-26.011002],[28.10271,-26.010486],[28.102757,-26.010384]]}},{"type":"Feature","properties":{"id":"relation/3170386","name":"Midrand - Sunninghill (Gautrain M3)","network":"Gautrain Bus"},"geometry":{"type":"LineString","coordinates":[[28.102757,-26.010384],[28.103049,-26.009821]]}},{"type":"Feature","properties":{"id":"relation/3170386","name":"Midrand - Sunninghill (Gautrain M3)","network":"Gautrain Bus"},"geometry":{"type":"LineString","coordinates":[[28.103049,-26.009821],[28.103191,-26.009593]]}},{"type":"Feature","properties":{"id":"relation/3170386","name":"Midrand - Sunninghill (Gautrain M3)","network":"Gautrain Bus"},"geometry":{"type":"LineString","coordinates":[[28.102657,-26.00935],[28.103191,-26.009593]]}},{"type":"Feature","properties":{"id":"relation/3170386","name":"Midrand - Sunninghill (Gautrain M3)","network":"Gautrain Bus"},"geometry":{"type":"LineString","coordinates":[[28.102049,-26.009073],[28.102657,-26.00935]]}},{"type":"Feature","properties":{"id":"relation/3170386","name":"Midrand - Sunninghill (Gautrain M3)","network":"Gautrain Bus"},"geometry":{"type":"LineString","coordinates":[[28.101005,-26.008667],[28.101472,-26.008844],[28.102049,-26.009073]]}},{"type":"Feature","properties":{"id":"relation/3170386","name":"Midrand - Sunninghill (Gautrain M3)","network":"Gautrain Bus"},"geometry":{"type":"LineString","coordinates":[[28.09933,-26.00804],[28.099601,-26.008131],[28.101005,-26.008667]]}},{"type":"Feature","properties":{"id":"relation/3170386","name":"Midrand - Sunninghill (Gautrain M3)","network":"Gautrain Bus"},"geometry":{"type":"LineString","coordinates":[[28.103191,-26.009593],[28.103335,-26.009657]]}},{"type":"Feature","properties":{"id":"relation/3170386","name":"Midrand - Sunninghill (Gautrain M3)","network":"Gautrain Bus"},"geometry":{"type":"LineString","coordinates":[[28.103335,-26.009657],[28.103784,-26.00986]]}},{"type":"Feature","properties":{"id":"relation/3170386","name":"Midrand - Sunninghill (Gautrain M3)","network":"Gautrain Bus"},"geometry":{"type":"LineString","coordinates":[[28.103784,-26.00986],[28.105467,-26.010652]]}},{"type":"Feature","properties":{"id":"relation/3170386","name":"Midrand - Sunninghill (Gautrain M3)","network":"Gautrain Bus"},"geometry":{"type":"LineString","coordinates":[[28.105467,-26.010652],[28.105963,-26.010852],[28.106358,-26.011042]]}},{"type":"Feature","properties":{"id":"relation/3170386","name":"Midrand - Sunninghill (Gautrain M3)","network":"Gautrain Bus"},"geometry":{"type":"LineString","coordinates":[[28.106358,-26.011042],[28.10663,-26.011175],[28.10694,-26.011308],[28.107735,-26.011684]]}},{"type":"Feature","properties":{"id":"relation/3170386","name":"Midrand - Sunninghill (Gautrain M3)","network":"Gautrain Bus"},"geometry":{"type":"LineString","coordinates":[[28.107735,-26.011684],[28.10877,-26.012157]]}},{"type":"Feature","properties":{"id":"relation/3170386","name":"Midrand - Sunninghill (Gautrain M3)","network":"Gautrain Bus"},"geometry":{"type":"LineString","coordinates":[[28.10877,-26.012157],[28.108992,-26.012261]]}},{"type":"Feature","properties":{"id":"relation/3170386","name":"Midrand - Sunninghill (Gautrain M3)","network":"Gautrain Bus"},"geometry":{"type":"LineString","coordinates":[[28.108992,-26.012261],[28.109082,-26.012303]]}},{"type":"Feature","properties":{"id":"relation/3170386","name":"Midrand - Sunninghill (Gautrain M3)","network":"Gautrain Bus"},"geometry":{"type":"LineString","coordinates":[[28.109082,-26.012303],[28.109211,-26.01236]]}},{"type":"Feature","properties":{"id":"relation/3170386","name":"Midrand - Sunninghill (Gautrain M3)","network":"Gautrain Bus"},"geometry":{"type":"LineString","coordinates":[[28.108955,-26.01248],[28.109082,-26.012303]]}},{"type":"Feature","properties":{"id":"relation/3170386","name":"Midrand - Sunninghill (Gautrain M3)","network":"Gautrain Bus"},"geometry":{"type":"LineString","coordinates":[[28.109082,-26.012303],[28.109132,-26.012219]]}},{"type":"Feature","properties":{"id":"relation/3170386","name":"Midrand - Sunninghill (Gautrain M3)","network":"Gautrain Bus"},"geometry":{"type":"LineString","coordinates":[[28.109132,-26.012219],[28.109244,-26.012033]]}},{"type":"Feature","properties":{"id":"relation/3170386","name":"Midrand - Sunninghill (Gautrain M3)","network":"Gautrain Bus"},"geometry":{"type":"LineString","coordinates":[[28.109244,-26.012033],[28.10948,-26.011754]]}},{"type":"Feature","properties":{"id":"relation/3170386","name":"Midrand - Sunninghill (Gautrain M3)","network":"Gautrain Bus"},"geometry":{"type":"LineString","coordinates":[[28.10948,-26.011754],[28.10976,-26.011369],[28.109851,-26.011235],[28.109876,-26.011189]]}},{"type":"Feature","properties":{"id":"relation/3170386","name":"Midrand - Sunninghill (Gautrain M3)","network":"Gautrain Bus"},"geometry":{"type":"LineString","coordinates":[[28.109876,-26.011189],[28.11003,-26.011009]]}},{"type":"Feature","properties":{"id":"relation/3170386","name":"Midrand - Sunninghill (Gautrain M3)","network":"Gautrain Bus"},"geometry":{"type":"LineString","coordinates":[[28.11003,-26.011009],[28.110179,-26.0108]]}},{"type":"Feature","properties":{"id":"relation/3170386","name":"Midrand - Sunninghill (Gautrain M3)","network":"Gautrain Bus"},"geometry":{"type":"LineString","coordinates":[[28.110179,-26.0108],[28.110424,-26.010476]]}},{"type":"Feature","properties":{"id":"relation/3170386","name":"Midrand - Sunninghill (Gautrain M3)","network":"Gautrain Bus"},"geometry":{"type":"LineString","coordinates":[[28.110571,-26.010438],[28.110301,-26.010805]]}},{"type":"Feature","properties":{"id":"relation/3170386","name":"Midrand - Sunninghill (Gautrain M3)","network":"Gautrain Bus"},"geometry":{"type":"LineString","coordinates":[[28.110301,-26.010805],[28.110004,-26.011212],[28.109864,-26.011413]]}},{"type":"Feature","properties":{"id":"relation/3170386","name":"Midrand - Sunninghill (Gautrain M3)","network":"Gautrain Bus"},"geometry":{"type":"LineString","coordinates":[[28.109864,-26.011413],[28.109473,-26.012003]]}},{"type":"Feature","properties":{"id":"relation/3170386","name":"Midrand - Sunninghill (Gautrain M3)","network":"Gautrain Bus"},"geometry":{"type":"LineString","coordinates":[[28.109473,-26.012003],[28.109261,-26.012285]]}},{"type":"Feature","properties":{"id":"relation/3170386","name":"Midrand - Sunninghill (Gautrain M3)","network":"Gautrain Bus"},"geometry":{"type":"LineString","coordinates":[[28.109261,-26.012285],[28.109211,-26.01236]]}},{"type":"Feature","properties":{"id":"relation/3170386","name":"Midrand - Sunninghill (Gautrain M3)","network":"Gautrain Bus"},"geometry":{"type":"LineString","coordinates":[[28.109211,-26.01236],[28.109092,-26.012539]]}},{"type":"Feature","properties":{"id":"relation/3170386","name":"Midrand - Sunninghill (Gautrain M3)","network":"Gautrain Bus"},"geometry":{"type":"LineString","coordinates":[[28.109092,-26.012539],[28.108955,-26.01248]]}},{"type":"Feature","properties":{"id":"relation/3170386","name":"Midrand - Sunninghill (Gautrain M3)","network":"Gautrain Bus"},"geometry":{"type":"LineString","coordinates":[[28.108955,-26.01248],[28.108852,-26.012427]]}},{"type":"Feature","properties":{"id":"relation/3170386","name":"Midrand - Sunninghill (Gautrain M3)","network":"Gautrain Bus"},"geometry":{"type":"LineString","coordinates":[[28.108852,-26.012427],[28.108494,-26.012246]]}},{"type":"Feature","properties":{"id":"relation/3170386","name":"Midrand - Sunninghill (Gautrain M3)","network":"Gautrain Bus"},"geometry":{"type":"LineString","coordinates":[[28.108494,-26.012246],[28.108166,-26.012101],[28.106002,-26.011113],[28.104476,-26.010455]]}},{"type":"Feature","properties":{"id":"relation/3170386","name":"Midrand - Sunninghill (Gautrain M3)","network":"Gautrain Bus"},"geometry":{"type":"LineString","coordinates":[[28.104476,-26.010455],[28.103663,-26.010084]]}},{"type":"Feature","properties":{"id":"relation/3170386","name":"Midrand - Sunninghill (Gautrain M3)","network":"Gautrain Bus"},"geometry":{"type":"LineString","coordinates":[[28.103663,-26.010084],[28.103187,-26.009885]]}},{"type":"Feature","properties":{"id":"relation/3170386","name":"Midrand - Sunninghill (Gautrain M3)","network":"Gautrain Bus"},"geometry":{"type":"LineString","coordinates":[[28.103187,-26.009885],[28.103049,-26.009821]]}},{"type":"Feature","properties":{"id":"relation/3170386","name":"Midrand - Sunninghill (Gautrain M3)","network":"Gautrain Bus"},"geometry":{"type":"LineString","coordinates":[[28.103049,-26.009821],[28.102578,-26.009599]]}},{"type":"Feature","properties":{"id":"relation/3170386","name":"Midrand - Sunninghill (Gautrain M3)","network":"Gautrain Bus"},"geometry":{"type":"LineString","coordinates":[[28.102578,-26.009599],[28.102052,-26.009338],[28.101388,-26.009024],[28.101034,-26.008858]]}},{"type":"Feature","properties":{"id":"relation/3170386","name":"Midrand - Sunninghill (Gautrain M3)","network":"Gautrain Bus"},"geometry":{"type":"LineString","coordinates":[[28.101034,-26.008858],[28.100224,-26.008473],[28.099686,-26.008229],[28.09933,-26.00804]]}},{"type":"Feature","properties":{"id":"relation/3170386","name":"Midrand - Sunninghill (Gautrain M3)","network":"Gautrain Bus"},"geometry":{"type":"LineString","coordinates":[[28.103187,-26.009885],[28.102886,-26.010447]]}},{"type":"Feature","properties":{"id":"relation/3170386","name":"Midrand - Sunninghill (Gautrain M3)","network":"Gautrain Bus"},"geometry":{"type":"LineString","coordinates":[[28.102886,-26.010447],[28.102671,-26.010842]]}},{"type":"Feature","properties":{"id":"relation/3170386","name":"Midrand - Sunninghill (Gautrain M3)","network":"Gautrain Bus"},"geometry":{"type":"LineString","coordinates":[[28.102671,-26.010842],[28.102351,-26.011337],[28.102235,-26.011501],[28.101911,-26.011895],[28.101572,-26.012228],[28.101132,-26.0126],[28.101111,-26.012617],[28.10077,-26.012897],[28.10062,-26.013025],[28.100503,-26.013115],[28.100333,-26.013236],[28.10017,-26.013335],[28.099945,-26.01343]]}},{"type":"Feature","properties":{"id":"relation/3170386","name":"Midrand - Sunninghill (Gautrain M3)","network":"Gautrain Bus"},"geometry":{"type":"LineString","coordinates":[[28.099945,-26.01343],[28.099578,-26.013547]]}},{"type":"Feature","properties":{"id":"relation/3170386","name":"Midrand - Sunninghill (Gautrain M3)","network":"Gautrain Bus"},"geometry":{"type":"LineString","coordinates":[[28.099578,-26.013547],[28.099491,-26.013575],[28.099403,-26.013603]]}},{"type":"Feature","properties":{"id":"relation/3170386","name":"Midrand - Sunninghill (Gautrain M3)","network":"Gautrain Bus"},"geometry":{"type":"LineString","coordinates":[[28.099403,-26.013603],[28.099252,-26.013646]]}},{"type":"Feature","properties":{"id":"relation/3170386","name":"Midrand - Sunninghill (Gautrain M3)","network":"Gautrain Bus"},"geometry":{"type":"LineString","coordinates":[[28.099252,-26.013646],[28.099122,-26.013681]]}},{"type":"Feature","properties":{"id":"relation/3170386","name":"Midrand - Sunninghill (Gautrain M3)","network":"Gautrain Bus"},"geometry":{"type":"LineString","coordinates":[[28.099122,-26.013681],[28.098893,-26.013741],[28.098409,-26.013846],[28.097737,-26.013958],[28.096717,-26.01412]]}},{"type":"Feature","properties":{"id":"relation/3170386","name":"Midrand - Sunninghill (Gautrain M3)","network":"Gautrain Bus"},"geometry":{"type":"LineString","coordinates":[[28.096717,-26.01412],[28.096555,-26.014149],[28.096207,-26.014221]]}},{"type":"Feature","properties":{"id":"relation/3170386","name":"Midrand - Sunninghill (Gautrain M3)","network":"Gautrain Bus"},"geometry":{"type":"LineString","coordinates":[[28.096207,-26.014221],[28.096081,-26.014254]]}},{"type":"Feature","properties":{"id":"relation/3170386","name":"Midrand - Sunninghill (Gautrain M3)","network":"Gautrain Bus"},"geometry":{"type":"LineString","coordinates":[[28.096081,-26.014254],[28.095946,-26.014284]]}},{"type":"Feature","properties":{"id":"relation/3170386","name":"Midrand - Sunninghill (Gautrain M3)","network":"Gautrain Bus"},"geometry":{"type":"LineString","coordinates":[[28.095946,-26.014284],[28.095778,-26.014323]]}},{"type":"Feature","properties":{"id":"relation/3170386","name":"Midrand - Sunninghill (Gautrain M3)","network":"Gautrain Bus"},"geometry":{"type":"LineString","coordinates":[[28.095778,-26.014323],[28.095543,-26.014388],[28.095367,-26.014453]]}},{"type":"Feature","properties":{"id":"relation/3170386","name":"Midrand - Sunninghill (Gautrain M3)","network":"Gautrain Bus"},"geometry":{"type":"LineString","coordinates":[[28.095367,-26.014453],[28.095101,-26.014561],[28.094739,-26.01473],[28.094379,-26.014932],[28.094073,-26.015131],[28.093793,-26.015333],[28.093536,-26.015553],[28.093328,-26.015746],[28.093125,-26.015962],[28.092948,-26.016168],[28.092724,-26.016482],[28.092571,-26.016713],[28.092424,-26.016973],[28.09229,-26.017259],[28.092166,-26.017536]]}},{"type":"Feature","properties":{"id":"relation/3170386","name":"Midrand - Sunninghill (Gautrain M3)","network":"Gautrain Bus"},"geometry":{"type":"LineString","coordinates":[[28.092166,-26.017536],[28.091708,-26.018528]]}},{"type":"Feature","properties":{"id":"relation/3170386","name":"Midrand - Sunninghill (Gautrain M3)","network":"Gautrain Bus"},"geometry":{"type":"LineString","coordinates":[[28.091708,-26.018528],[28.091556,-26.018819],[28.091278,-26.019346],[28.091119,-26.019571],[28.090956,-26.019773],[28.090618,-26.020138],[28.090399,-26.02034]]}},{"type":"Feature","properties":{"id":"relation/3170386","name":"Midrand - Sunninghill (Gautrain M3)","network":"Gautrain Bus"},"geometry":{"type":"LineString","coordinates":[[28.090399,-26.02034],[28.090227,-26.020465],[28.090061,-26.02059]]}},{"type":"Feature","properties":{"id":"relation/3170386","name":"Midrand - Sunninghill (Gautrain M3)","network":"Gautrain Bus"},"geometry":{"type":"LineString","coordinates":[[28.090061,-26.02059],[28.089944,-26.020679]]}},{"type":"Feature","properties":{"id":"relation/3170386","name":"Midrand - Sunninghill (Gautrain M3)","network":"Gautrain Bus"},"geometry":{"type":"LineString","coordinates":[[28.089944,-26.020679],[28.089843,-26.020754],[28.089719,-26.020834],[28.08949,-26.02096],[28.088759,-26.021345]]}},{"type":"Feature","properties":{"id":"relation/3170386","name":"Midrand - Sunninghill (Gautrain M3)","network":"Gautrain Bus"},"geometry":{"type":"LineString","coordinates":[[28.088759,-26.021345],[28.088387,-26.021532],[28.088032,-26.021683],[28.087729,-26.021846]]}},{"type":"Feature","properties":{"id":"relation/3170386","name":"Midrand - Sunninghill (Gautrain M3)","network":"Gautrain Bus"},"geometry":{"type":"LineString","coordinates":[[28.087662,-26.021737],[28.088148,-26.021493],[28.088688,-26.021216]]}},{"type":"Feature","properties":{"id":"relation/3170386","name":"Midrand - Sunninghill (Gautrain M3)","network":"Gautrain Bus"},"geometry":{"type":"LineString","coordinates":[[28.088688,-26.021216],[28.089427,-26.02085]]}},{"type":"Feature","properties":{"id":"relation/3170386","name":"Midrand - Sunninghill (Gautrain M3)","network":"Gautrain Bus"},"geometry":{"type":"LineString","coordinates":[[28.089427,-26.02085],[28.089844,-26.020587]]}},{"type":"Feature","properties":{"id":"relation/3170386","name":"Midrand - Sunninghill (Gautrain M3)","network":"Gautrain Bus"},"geometry":{"type":"LineString","coordinates":[[28.089844,-26.020587],[28.089967,-26.020512]]}},{"type":"Feature","properties":{"id":"relation/3170386","name":"Midrand - Sunninghill (Gautrain M3)","network":"Gautrain Bus"},"geometry":{"type":"LineString","coordinates":[[28.089967,-26.020512],[28.090279,-26.020275],[28.090374,-26.020192],[28.090521,-26.02005],[28.090651,-26.019904],[28.090838,-26.019692],[28.091029,-26.019427],[28.091211,-26.019158],[28.091312,-26.018959],[28.091416,-26.018754],[28.091558,-26.018463]]}},{"type":"Feature","properties":{"id":"relation/3170386","name":"Midrand - Sunninghill (Gautrain M3)","network":"Gautrain Bus"},"geometry":{"type":"LineString","coordinates":[[28.091558,-26.018463],[28.092008,-26.017489]]}},{"type":"Feature","properties":{"id":"relation/3170386","name":"Midrand - Sunninghill (Gautrain M3)","network":"Gautrain Bus"},"geometry":{"type":"LineString","coordinates":[[28.087729,-26.021846],[28.087601,-26.021913]]}},{"type":"Feature","properties":{"id":"relation/3170386","name":"Midrand - Sunninghill (Gautrain M3)","network":"Gautrain Bus"},"geometry":{"type":"LineString","coordinates":[[28.087601,-26.021913],[28.087073,-26.022187]]}},{"type":"Feature","properties":{"id":"relation/3170386","name":"Midrand - Sunninghill (Gautrain M3)","network":"Gautrain Bus"},"geometry":{"type":"LineString","coordinates":[[28.087073,-26.022187],[28.086281,-26.022584],[28.086186,-26.022633]]}},{"type":"Feature","properties":{"id":"relation/3170386","name":"Midrand - Sunninghill (Gautrain M3)","network":"Gautrain Bus"},"geometry":{"type":"LineString","coordinates":[[28.086186,-26.022633],[28.085594,-26.022973],[28.085256,-26.023154]]}},{"type":"Feature","properties":{"id":"relation/3170386","name":"Midrand - Sunninghill (Gautrain M3)","network":"Gautrain Bus"},"geometry":{"type":"LineString","coordinates":[[28.085256,-26.023154],[28.084988,-26.023332],[28.084739,-26.023504],[28.084527,-26.023643]]}},{"type":"Feature","properties":{"id":"relation/3170386","name":"Midrand - Sunninghill (Gautrain M3)","network":"Gautrain Bus"},"geometry":{"type":"LineString","coordinates":[[28.084527,-26.023643],[28.084057,-26.024033],[28.08371,-26.024428],[28.083629,-26.024546],[28.083565,-26.024687]]}},{"type":"Feature","properties":{"id":"relation/3170386","name":"Midrand - Sunninghill (Gautrain M3)","network":"Gautrain Bus"},"geometry":{"type":"LineString","coordinates":[[28.083565,-26.024687],[28.083575,-26.024755],[28.08356,-26.024821],[28.083542,-26.024859],[28.083472,-26.024919],[28.083378,-26.024951],[28.083341,-26.024953],[28.083269,-26.024941],[28.08322,-26.024919],[28.083178,-26.024887],[28.083145,-26.024846],[28.083121,-26.024788],[28.083118,-26.024725],[28.083136,-26.024665],[28.083148,-26.024645],[28.083212,-26.02458],[28.083296,-26.024546],[28.083315,-26.024543],[28.083375,-26.024543],[28.083438,-26.024558],[28.083494,-26.02459],[28.083537,-26.024634],[28.083565,-26.024687]]}},{"type":"Feature","properties":{"id":"relation/3170386","name":"Midrand - Sunninghill (Gautrain M3)","network":"Gautrain Bus"},"geometry":{"type":"LineString","coordinates":[[28.083375,-26.024543],[28.083459,-26.024488],[28.083528,-26.024423],[28.083614,-26.024339],[28.083791,-26.024146],[28.084248,-26.023703],[28.084458,-26.023523],[28.084707,-26.02334],[28.085152,-26.023031],[28.086146,-26.02246],[28.086831,-26.022163]]}},{"type":"Feature","properties":{"id":"relation/3170386","name":"Midrand - Sunninghill (Gautrain M3)","network":"Gautrain Bus"},"geometry":{"type":"LineString","coordinates":[[28.086831,-26.022163],[28.087219,-26.02196],[28.087526,-26.021807]]}},{"type":"Feature","properties":{"id":"relation/3170386","name":"Midrand - Sunninghill (Gautrain M3)","network":"Gautrain Bus"},"geometry":{"type":"LineString","coordinates":[[28.087526,-26.021807],[28.087662,-26.021737]]}},{"type":"Feature","properties":{"id":"relation/3170386","name":"Midrand - Sunninghill (Gautrain M3)","network":"Gautrain Bus"},"geometry":{"type":"LineString","coordinates":[[28.083269,-26.024941],[28.082919,-26.025379],[28.082627,-26.025806],[28.08241,-26.026133],[28.082285,-26.026347],[28.082229,-26.026436],[28.082042,-26.026741],[28.081893,-26.027058],[28.081641,-26.027673],[28.081256,-26.028803],[28.081168,-26.029078],[28.081093,-26.029397]]}},{"type":"Feature","properties":{"id":"relation/3170386","name":"Midrand - Sunninghill (Gautrain M3)","network":"Gautrain Bus"},"geometry":{"type":"LineString","coordinates":[[28.081093,-26.029397],[28.080965,-26.030082],[28.080946,-26.030188]]}},{"type":"Feature","properties":{"id":"relation/3170386","name":"Midrand - Sunninghill (Gautrain M3)","network":"Gautrain Bus"},"geometry":{"type":"LineString","coordinates":[[28.080946,-26.030188],[28.080919,-26.030357],[28.080777,-26.031243]]}},{"type":"Feature","properties":{"id":"relation/3170386","name":"Midrand - Sunninghill (Gautrain M3)","network":"Gautrain Bus"},"geometry":{"type":"LineString","coordinates":[[28.080777,-26.031243],[28.080694,-26.031761],[28.080674,-26.031881]]}},{"type":"Feature","properties":{"id":"relation/3170386","name":"Midrand - Sunninghill (Gautrain M3)","network":"Gautrain Bus"},"geometry":{"type":"LineString","coordinates":[[28.080674,-26.031881],[28.080646,-26.032049],[28.080507,-26.032874],[28.080466,-26.033141]]}},{"type":"Feature","properties":{"id":"relation/3170386","name":"Midrand - Sunninghill (Gautrain M3)","network":"Gautrain Bus"},"geometry":{"type":"LineString","coordinates":[[28.080466,-26.033141],[28.080412,-26.033541]]}},{"type":"Feature","properties":{"id":"relation/3170386","name":"Midrand - Sunninghill (Gautrain M3)","network":"Gautrain Bus"},"geometry":{"type":"LineString","coordinates":[[28.080393,-26.033897],[28.080401,-26.034114]]}},{"type":"Feature","properties":{"id":"relation/3170386","name":"Midrand - Sunninghill (Gautrain M3)","network":"Gautrain Bus"},"geometry":{"type":"LineString","coordinates":[[28.080401,-26.034114],[28.080405,-26.034197],[28.080418,-26.034468]]}},{"type":"Feature","properties":{"id":"relation/3170386","name":"Midrand - Sunninghill (Gautrain M3)","network":"Gautrain Bus"},"geometry":{"type":"LineString","coordinates":[[28.080418,-26.034468],[28.080458,-26.034859],[28.080503,-26.036115]]}},{"type":"Feature","properties":{"id":"relation/3170386","name":"Midrand - Sunninghill (Gautrain M3)","network":"Gautrain Bus"},"geometry":{"type":"LineString","coordinates":[[28.080503,-26.036115],[28.080526,-26.036551]]}},{"type":"Feature","properties":{"id":"relation/3170386","name":"Midrand - Sunninghill (Gautrain M3)","network":"Gautrain Bus"},"geometry":{"type":"LineString","coordinates":[[28.080526,-26.036551],[28.080533,-26.036716],[28.080581,-26.037339]]}},{"type":"Feature","properties":{"id":"relation/3170386","name":"Midrand - Sunninghill (Gautrain M3)","network":"Gautrain Bus"},"geometry":{"type":"LineString","coordinates":[[28.080581,-26.037339],[28.080594,-26.037485]]}},{"type":"Feature","properties":{"id":"relation/3170386","name":"Midrand - Sunninghill (Gautrain M3)","network":"Gautrain Bus"},"geometry":{"type":"LineString","coordinates":[[28.080594,-26.037485],[28.080623,-26.037874]]}},{"type":"Feature","properties":{"id":"relation/3170386","name":"Midrand - Sunninghill (Gautrain M3)","network":"Gautrain Bus"},"geometry":{"type":"LineString","coordinates":[[28.080623,-26.037874],[28.080631,-26.037964],[28.08064,-26.038082]]}},{"type":"Feature","properties":{"id":"relation/3170386","name":"Midrand - Sunninghill (Gautrain M3)","network":"Gautrain Bus"},"geometry":{"type":"LineString","coordinates":[[28.08064,-26.038082],[28.080646,-26.038146]]}},{"type":"Feature","properties":{"id":"relation/3170386","name":"Midrand - Sunninghill (Gautrain M3)","network":"Gautrain Bus"},"geometry":{"type":"LineString","coordinates":[[28.080646,-26.038146],[28.080671,-26.038408],[28.080684,-26.03854],[28.080713,-26.038747],[28.080756,-26.038934],[28.080784,-26.039042],[28.080836,-26.039178],[28.080952,-26.039436],[28.081055,-26.039617],[28.081194,-26.039833],[28.081326,-26.040009],[28.081505,-26.040203],[28.081741,-26.040419],[28.082025,-26.040615],[28.082278,-26.040747],[28.082617,-26.040889],[28.082922,-26.040976],[28.083202,-26.041043],[28.083477,-26.041077],[28.083944,-26.041146],[28.08447,-26.041225],[28.085141,-26.041316],[28.085377,-26.041357]]}},{"type":"Feature","properties":{"id":"relation/3170386","name":"Midrand - Sunninghill (Gautrain M3)","network":"Gautrain Bus"},"geometry":{"type":"LineString","coordinates":[[28.085377,-26.041357],[28.085668,-26.041402]]}},{"type":"Feature","properties":{"id":"relation/3170386","name":"Midrand - Sunninghill (Gautrain M3)","network":"Gautrain Bus"},"geometry":{"type":"LineString","coordinates":[[28.085668,-26.041402],[28.085878,-26.041429],[28.085988,-26.041444]]}},{"type":"Feature","properties":{"id":"relation/3170386","name":"Midrand - Sunninghill (Gautrain M3)","network":"Gautrain Bus"},"geometry":{"type":"LineString","coordinates":[[28.085988,-26.041444],[28.08613,-26.041469]]}},{"type":"Feature","properties":{"id":"relation/3170386","name":"Midrand - Sunninghill (Gautrain M3)","network":"Gautrain Bus"},"geometry":{"type":"LineString","coordinates":[[28.08613,-26.041469],[28.086087,-26.041594]]}},{"type":"Feature","properties":{"id":"relation/3170386","name":"Midrand - Sunninghill (Gautrain M3)","network":"Gautrain Bus"},"geometry":{"type":"LineString","coordinates":[[28.086087,-26.041594],[28.086058,-26.041648],[28.086056,-26.041652],[28.085973,-26.041791],[28.085963,-26.041814],[28.085949,-26.041837],[28.085935,-26.041856],[28.085922,-26.041872],[28.085903,-26.041895],[28.085886,-26.041912],[28.085869,-26.041927],[28.085829,-26.041947]]}},{"type":"Feature","properties":{"id":"relation/3170386","name":"Midrand - Sunninghill (Gautrain M3)","network":"Gautrain Bus"},"geometry":{"type":"LineString","coordinates":[[28.085829,-26.041947],[28.085795,-26.041958],[28.085766,-26.041962],[28.085739,-26.041966],[28.085717,-26.041967],[28.085693,-26.041967],[28.085662,-26.041964],[28.085637,-26.041959],[28.08561,-26.041947],[28.085578,-26.041933],[28.085497,-26.04188]]}},{"type":"Feature","properties":{"id":"relation/3170386","name":"Midrand - Sunninghill (Gautrain M3)","network":"Gautrain Bus"},"geometry":{"type":"LineString","coordinates":[[28.085497,-26.04188],[28.085188,-26.041809],[28.084524,-26.041648],[28.084037,-26.041523],[28.083792,-26.041463],[28.083643,-26.041429],[28.083556,-26.04141],[28.083454,-26.041391],[28.083321,-26.041369],[28.083155,-26.041344],[28.082986,-26.041322],[28.082803,-26.041301],[28.082417,-26.041262],[28.081999,-26.041226],[28.080225,-26.041074],[28.079905,-26.041041],[28.079681,-26.041018],[28.079527,-26.041],[28.079312,-26.040972],[28.078545,-26.040864],[28.077749,-26.040743],[28.076428,-26.040537],[28.073683,-26.040118],[28.072488,-26.039902],[28.071375,-26.03968]]}},{"type":"Feature","properties":{"id":"relation/3170386","name":"Midrand - Sunninghill (Gautrain M3)","network":"Gautrain Bus"},"geometry":{"type":"LineString","coordinates":[[28.071375,-26.03968],[28.071257,-26.03968]]}},{"type":"Feature","properties":{"id":"relation/3170386","name":"Midrand - Sunninghill (Gautrain M3)","network":"Gautrain Bus"},"geometry":{"type":"LineString","coordinates":[[28.071257,-26.03968],[28.07083,-26.039613]]}},{"type":"Feature","properties":{"id":"relation/3170386","name":"Midrand - Sunninghill (Gautrain M3)","network":"Gautrain Bus"},"geometry":{"type":"LineString","coordinates":[[28.07083,-26.039613],[28.070576,-26.039558],[28.07023,-26.039487],[28.070087,-26.039452],[28.06997,-26.039421]]}},{"type":"Feature","properties":{"id":"relation/3170386","name":"Midrand - Sunninghill (Gautrain M3)","network":"Gautrain Bus"},"geometry":{"type":"LineString","coordinates":[[28.06997,-26.039421],[28.069925,-26.039413]]}},{"type":"Feature","properties":{"id":"relation/3170386","name":"Midrand - Sunninghill (Gautrain M3)","network":"Gautrain Bus"},"geometry":{"type":"LineString","coordinates":[[28.069925,-26.039413],[28.069934,-26.039365]]}},{"type":"Feature","properties":{"id":"relation/3170386","name":"Midrand - Sunninghill (Gautrain M3)","network":"Gautrain Bus"},"geometry":{"type":"LineString","coordinates":[[28.069934,-26.039365],[28.069956,-26.039257],[28.069994,-26.03911],[28.070016,-26.039029]]}},{"type":"Feature","properties":{"id":"relation/3170386","name":"Midrand - Sunninghill (Gautrain M3)","network":"Gautrain Bus"},"geometry":{"type":"LineString","coordinates":[[28.070016,-26.039029],[28.070125,-26.038626]]}},{"type":"Feature","properties":{"id":"relation/3170386","name":"Midrand - Sunninghill (Gautrain M3)","network":"Gautrain Bus"},"geometry":{"type":"LineString","coordinates":[[28.070125,-26.038626],[28.070148,-26.038561],[28.070229,-26.038323]]}},{"type":"Feature","properties":{"id":"relation/3170386","name":"Midrand - Sunninghill (Gautrain M3)","network":"Gautrain Bus"},"geometry":{"type":"LineString","coordinates":[[28.070229,-26.038323],[28.070318,-26.038034]]}},{"type":"Feature","properties":{"id":"relation/3170386","name":"Midrand - Sunninghill (Gautrain M3)","network":"Gautrain Bus"},"geometry":{"type":"LineString","coordinates":[[28.070318,-26.038034],[28.070332,-26.037989]]}},{"type":"Feature","properties":{"id":"relation/3170386","name":"Midrand - Sunninghill (Gautrain M3)","network":"Gautrain Bus"},"geometry":{"type":"LineString","coordinates":[[28.070332,-26.037989],[28.070404,-26.037713]]}},{"type":"Feature","properties":{"id":"relation/3170386","name":"Midrand - Sunninghill (Gautrain M3)","network":"Gautrain Bus"},"geometry":{"type":"LineString","coordinates":[[28.070404,-26.037713],[28.070522,-26.03727]]}},{"type":"Feature","properties":{"id":"relation/3170386","name":"Midrand - Sunninghill (Gautrain M3)","network":"Gautrain Bus"},"geometry":{"type":"LineString","coordinates":[[28.070522,-26.03727],[28.070559,-26.037109]]}},{"type":"Feature","properties":{"id":"relation/3170386","name":"Midrand - Sunninghill (Gautrain M3)","network":"Gautrain Bus"},"geometry":{"type":"LineString","coordinates":[[28.070559,-26.037109],[28.070594,-26.036993]]}},{"type":"Feature","properties":{"id":"relation/3170386","name":"Midrand - Sunninghill (Gautrain M3)","network":"Gautrain Bus"},"geometry":{"type":"LineString","coordinates":[[28.070594,-26.036993],[28.07061,-26.036933],[28.070691,-26.036582]]}},{"type":"Feature","properties":{"id":"relation/3170386","name":"Midrand - Sunninghill (Gautrain M3)","network":"Gautrain Bus"},"geometry":{"type":"LineString","coordinates":[[28.070691,-26.036582],[28.070712,-26.036475],[28.070722,-26.036412],[28.070732,-26.036344],[28.070743,-26.036273]]}},{"type":"Feature","properties":{"id":"relation/3170386","name":"Midrand - Sunninghill (Gautrain M3)","network":"Gautrain Bus"},"geometry":{"type":"LineString","coordinates":[[28.070743,-26.036273],[28.070748,-26.036181],[28.070743,-26.036124],[28.070731,-26.036054],[28.070712,-26.035995],[28.070677,-26.035934],[28.070619,-26.035857]]}},{"type":"Feature","properties":{"id":"relation/3170386","name":"Midrand - Sunninghill (Gautrain M3)","network":"Gautrain Bus"},"geometry":{"type":"LineString","coordinates":[[28.070619,-26.035857],[28.070464,-26.035691],[28.070352,-26.035574]]}},{"type":"Feature","properties":{"id":"relation/3170386","name":"Midrand - Sunninghill (Gautrain M3)","network":"Gautrain Bus"},"geometry":{"type":"LineString","coordinates":[[28.070352,-26.035574],[28.070044,-26.035314]]}},{"type":"Feature","properties":{"id":"relation/3170386","name":"Midrand - Sunninghill (Gautrain M3)","network":"Gautrain Bus"},"geometry":{"type":"LineString","coordinates":[[28.070044,-26.035314],[28.069964,-26.035233],[28.069844,-26.035095]]}},{"type":"Feature","properties":{"id":"relation/3170386","name":"Midrand - Sunninghill (Gautrain M3)","network":"Gautrain Bus"},"geometry":{"type":"LineString","coordinates":[[28.069844,-26.035095],[28.069577,-26.03484]]}},{"type":"Feature","properties":{"id":"relation/3170386","name":"Midrand - Sunninghill (Gautrain M3)","network":"Gautrain Bus"},"geometry":{"type":"LineString","coordinates":[[28.069577,-26.03484],[28.069496,-26.034771],[28.069439,-26.034717],[28.069384,-26.034664],[28.06934,-26.034618],[28.069307,-26.034576],[28.069284,-26.034539]]}},{"type":"Feature","properties":{"id":"relation/3170386","name":"Midrand - Sunninghill (Gautrain M3)","network":"Gautrain Bus"},"geometry":{"type":"LineString","coordinates":[[28.069284,-26.034539],[28.069258,-26.034475],[28.069234,-26.034386]]}},{"type":"Feature","properties":{"id":"relation/3170386","name":"Midrand - Sunninghill (Gautrain M3)","network":"Gautrain Bus"},"geometry":{"type":"LineString","coordinates":[[28.069311,-26.034376],[28.069234,-26.034386]]}},{"type":"Feature","properties":{"id":"relation/3170386","name":"Midrand - Sunninghill (Gautrain M3)","network":"Gautrain Bus"},"geometry":{"type":"LineString","coordinates":[[28.069311,-26.034376],[28.069317,-26.034422],[28.069325,-26.034457],[28.06935,-26.034505],[28.069379,-26.034552],[28.069404,-26.034588],[28.069431,-26.034624],[28.069471,-26.034665],[28.069611,-26.034803]]}},{"type":"Feature","properties":{"id":"relation/3170386","name":"Midrand - Sunninghill (Gautrain M3)","network":"Gautrain Bus"},"geometry":{"type":"LineString","coordinates":[[28.069611,-26.034803],[28.069822,-26.034985]]}},{"type":"Feature","properties":{"id":"relation/3170386","name":"Midrand - Sunninghill (Gautrain M3)","network":"Gautrain Bus"},"geometry":{"type":"LineString","coordinates":[[28.069822,-26.034985],[28.070034,-26.035184]]}},{"type":"Feature","properties":{"id":"relation/3170386","name":"Midrand - Sunninghill (Gautrain M3)","network":"Gautrain Bus"},"geometry":{"type":"LineString","coordinates":[[28.070034,-26.035184],[28.07011,-26.035265]]}},{"type":"Feature","properties":{"id":"relation/3170386","name":"Midrand - Sunninghill (Gautrain M3)","network":"Gautrain Bus"},"geometry":{"type":"LineString","coordinates":[[28.07011,-26.035265],[28.070409,-26.035527]]}},{"type":"Feature","properties":{"id":"relation/3170386","name":"Midrand - Sunninghill (Gautrain M3)","network":"Gautrain Bus"},"geometry":{"type":"LineString","coordinates":[[28.070409,-26.035527],[28.070498,-26.035607],[28.070611,-26.035711],[28.070685,-26.035785],[28.07072,-26.03583]]}},{"type":"Feature","properties":{"id":"relation/3170386","name":"Midrand - Sunninghill (Gautrain M3)","network":"Gautrain Bus"},"geometry":{"type":"LineString","coordinates":[[28.07072,-26.03583],[28.070739,-26.03587],[28.070759,-26.035925],[28.070785,-26.036],[28.070799,-26.036038],[28.070812,-26.03609]]}},{"type":"Feature","properties":{"id":"relation/3170386","name":"Midrand - Sunninghill (Gautrain M3)","network":"Gautrain Bus"},"geometry":{"type":"LineString","coordinates":[[28.070812,-26.03609],[28.070819,-26.036156],[28.07082,-26.036205],[28.070815,-26.036276],[28.070804,-26.036343],[28.07079,-26.036411],[28.070778,-26.036454],[28.070745,-26.036589]]}},{"type":"Feature","properties":{"id":"relation/3170386","name":"Midrand - Sunninghill (Gautrain M3)","network":"Gautrain Bus"},"geometry":{"type":"LineString","coordinates":[[28.070745,-26.036589],[28.07065,-26.036942],[28.070636,-26.037]]}},{"type":"Feature","properties":{"id":"relation/3170386","name":"Midrand - Sunninghill (Gautrain M3)","network":"Gautrain Bus"},"geometry":{"type":"LineString","coordinates":[[28.070636,-26.037],[28.070606,-26.03712]]}},{"type":"Feature","properties":{"id":"relation/3170386","name":"Midrand - Sunninghill (Gautrain M3)","network":"Gautrain Bus"},"geometry":{"type":"LineString","coordinates":[[28.069981,-26.039375],[28.06997,-26.039421]]}},{"type":"Feature","properties":{"id":"relation/3170386","name":"Midrand - Sunninghill (Gautrain M3)","network":"Gautrain Bus"},"geometry":{"type":"LineString","coordinates":[[28.070064,-26.039039],[28.069981,-26.039375]]}},{"type":"Feature","properties":{"id":"relation/3170386","name":"Midrand - Sunninghill (Gautrain M3)","network":"Gautrain Bus"},"geometry":{"type":"LineString","coordinates":[[28.07018,-26.038659],[28.070064,-26.039039]]}},{"type":"Feature","properties":{"id":"relation/3170386","name":"Midrand - Sunninghill (Gautrain M3)","network":"Gautrain Bus"},"geometry":{"type":"LineString","coordinates":[[28.070278,-26.038329],[28.07018,-26.038659]]}},{"type":"Feature","properties":{"id":"relation/3170386","name":"Midrand - Sunninghill (Gautrain M3)","network":"Gautrain Bus"},"geometry":{"type":"LineString","coordinates":[[28.070366,-26.038049],[28.07034,-26.038135],[28.070278,-26.038329]]}},{"type":"Feature","properties":{"id":"relation/3170386","name":"Midrand - Sunninghill (Gautrain M3)","network":"Gautrain Bus"},"geometry":{"type":"LineString","coordinates":[[28.070379,-26.038002],[28.070366,-26.038049]]}},{"type":"Feature","properties":{"id":"relation/3170386","name":"Midrand - Sunninghill (Gautrain M3)","network":"Gautrain Bus"},"geometry":{"type":"LineString","coordinates":[[28.070478,-26.037659],[28.070379,-26.038002]]}},{"type":"Feature","properties":{"id":"relation/3170386","name":"Midrand - Sunninghill (Gautrain M3)","network":"Gautrain Bus"},"geometry":{"type":"LineString","coordinates":[[28.070571,-26.03728],[28.070478,-26.037659]]}},{"type":"Feature","properties":{"id":"relation/3170386","name":"Midrand - Sunninghill (Gautrain M3)","network":"Gautrain Bus"},"geometry":{"type":"LineString","coordinates":[[28.070606,-26.03712],[28.070571,-26.03728]]}},{"type":"Feature","properties":{"id":"relation/3170386","name":"Midrand - Sunninghill (Gautrain M3)","network":"Gautrain Bus"},"geometry":{"type":"LineString","coordinates":[[28.08022,-26.03391],[28.080233,-26.033795],[28.080258,-26.033589]]}},{"type":"Feature","properties":{"id":"relation/3170386","name":"Midrand - Sunninghill (Gautrain M3)","network":"Gautrain Bus"},"geometry":{"type":"LineString","coordinates":[[28.080258,-26.033589],[28.080376,-26.032743],[28.080423,-26.032421]]}},{"type":"Feature","properties":{"id":"relation/3170386","name":"Midrand - Sunninghill (Gautrain M3)","network":"Gautrain Bus"},"geometry":{"type":"LineString","coordinates":[[28.080423,-26.032421],[28.080486,-26.032032],[28.080508,-26.031897]]}},{"type":"Feature","properties":{"id":"relation/3170386","name":"Midrand - Sunninghill (Gautrain M3)","network":"Gautrain Bus"},"geometry":{"type":"LineString","coordinates":[[28.080508,-26.031897],[28.080535,-26.031742],[28.080698,-26.030828]]}},{"type":"Feature","properties":{"id":"relation/3170386","name":"Midrand - Sunninghill (Gautrain M3)","network":"Gautrain Bus"},"geometry":{"type":"LineString","coordinates":[[28.080698,-26.030828],[28.080772,-26.030341],[28.080799,-26.030164]]}},{"type":"Feature","properties":{"id":"relation/3170386","name":"Midrand - Sunninghill (Gautrain M3)","network":"Gautrain Bus"},"geometry":{"type":"LineString","coordinates":[[28.080799,-26.030164],[28.08082,-26.030059],[28.080969,-26.029326],[28.081023,-26.029098],[28.081084,-26.02887],[28.081236,-26.028416],[28.081508,-26.027599],[28.081678,-26.027178],[28.082077,-26.026414],[28.082183,-26.026231],[28.082328,-26.026006],[28.082606,-26.025579],[28.083145,-26.024846]]}},{"type":"Feature","properties":{"id":"relation/3170386","name":"Midrand - Sunninghill (Gautrain M3)","network":"Gautrain Bus"},"geometry":{"type":"LineString","coordinates":[[28.069234,-26.034386],[28.069189,-26.034394],[28.068947,-26.034431]]}},{"type":"Feature","properties":{"id":"relation/3170386","name":"Midrand - Sunninghill (Gautrain M3)","network":"Gautrain Bus"},"geometry":{"type":"LineString","coordinates":[[28.068947,-26.034431],[28.068742,-26.034463],[28.068031,-26.034571],[28.0679,-26.034591]]}},{"type":"Feature","properties":{"id":"relation/3170386","name":"Midrand - Sunninghill (Gautrain M3)","network":"Gautrain Bus"},"geometry":{"type":"LineString","coordinates":[[28.0679,-26.034591],[28.067831,-26.034182],[28.067782,-26.033952],[28.067756,-26.03385],[28.067711,-26.033721],[28.067653,-26.033589],[28.067621,-26.033527],[28.067585,-26.033458],[28.067516,-26.033339],[28.067413,-26.033197],[28.067358,-26.033135],[28.067287,-26.03305],[28.067195,-26.03296],[28.067029,-26.032828],[28.066873,-26.032721],[28.066639,-26.03259],[28.066537,-26.032537],[28.066425,-26.032484],[28.066226,-26.032409],[28.066153,-26.032382],[28.066036,-26.032351],[28.065903,-26.032319],[28.065648,-26.032293]]}},{"type":"Feature","properties":{"id":"relation/3170386","name":"Midrand - Sunninghill (Gautrain M3)","network":"Gautrain Bus"},"geometry":{"type":"LineString","coordinates":[[28.065648,-26.032293],[28.065611,-26.03229],[28.065566,-26.032289],[28.065444,-26.032293],[28.065265,-26.032312],[28.065025,-26.032356],[28.064446,-26.032509],[28.06441,-26.032519]]}},{"type":"Feature","properties":{"id":"relation/3170386","name":"Midrand - Sunninghill (Gautrain M3)","network":"Gautrain Bus"},"geometry":{"type":"LineString","coordinates":[[28.06441,-26.032519],[28.06437,-26.032528],[28.064116,-26.032585]]}},{"type":"Feature","properties":{"id":"relation/3170386","name":"Midrand - Sunninghill (Gautrain M3)","network":"Gautrain Bus"},"geometry":{"type":"LineString","coordinates":[[28.063755,-26.03267],[28.064009,-26.032596],[28.064053,-26.032586],[28.064085,-26.032584],[28.064116,-26.032585]]}},{"type":"Feature","properties":{"id":"relation/3170386","name":"Midrand - Sunninghill (Gautrain M3)","network":"Gautrain Bus"},"geometry":{"type":"LineString","coordinates":[[28.063545,-26.032281],[28.063683,-26.032557],[28.063755,-26.03267]]}},{"type":"Feature","properties":{"id":"relation/3170386","name":"Midrand - Sunninghill (Gautrain M3)","network":"Gautrain Bus"},"geometry":{"type":"LineString","coordinates":[[28.063424,-26.032052],[28.063545,-26.032281]]}},{"type":"Feature","properties":{"id":"relation/3170386","name":"Midrand - Sunninghill (Gautrain M3)","network":"Gautrain Bus"},"geometry":{"type":"LineString","coordinates":[[28.063349,-26.031919],[28.063424,-26.032052]]}},{"type":"Feature","properties":{"id":"relation/3170386","name":"Midrand - Sunninghill (Gautrain M3)","network":"Gautrain Bus"},"geometry":{"type":"LineString","coordinates":[[28.063254,-26.031756],[28.063349,-26.031919]]}},{"type":"Feature","properties":{"id":"relation/3170386","name":"Midrand - Sunninghill (Gautrain M3)","network":"Gautrain Bus"},"geometry":{"type":"LineString","coordinates":[[28.06271,-26.030799],[28.06281,-26.030893],[28.062872,-26.030968],[28.062937,-26.031055],[28.062989,-26.031146],[28.063054,-26.031282],[28.063088,-26.031384],[28.063129,-26.031501],[28.06316,-26.031577],[28.06321,-26.031682],[28.063254,-26.031756]]}},{"type":"Feature","properties":{"id":"relation/3170386","name":"Midrand - Sunninghill (Gautrain M3)","network":"Gautrain Bus"},"geometry":{"type":"LineString","coordinates":[[28.062345,-26.030602],[28.062464,-26.030656],[28.062592,-26.030725],[28.06271,-26.030799]]}},{"type":"Feature","properties":{"id":"relation/3170386","name":"Midrand - Sunninghill (Gautrain M3)","network":"Gautrain Bus"},"geometry":{"type":"LineString","coordinates":[[28.061563,-26.030525],[28.061733,-26.030527],[28.062053,-26.03054],[28.062162,-26.03055],[28.062194,-26.030557],[28.062245,-26.030568],[28.062345,-26.030602]]}},{"type":"Feature","properties":{"id":"relation/3170386","name":"Midrand - Sunninghill (Gautrain M3)","network":"Gautrain Bus"},"geometry":{"type":"LineString","coordinates":[[28.060954,-26.030513],[28.061563,-26.030525]]}},{"type":"Feature","properties":{"id":"relation/3170386","name":"Midrand - Sunninghill (Gautrain M3)","network":"Gautrain Bus"},"geometry":{"type":"LineString","coordinates":[[28.060793,-26.030507],[28.060954,-26.030513]]}},{"type":"Feature","properties":{"id":"relation/3170386","name":"Midrand - Sunninghill (Gautrain M3)","network":"Gautrain Bus"},"geometry":{"type":"LineString","coordinates":[[28.060793,-26.030507],[28.060862,-26.030315]]}},{"type":"Feature","properties":{"id":"relation/3170386","name":"Midrand - Sunninghill (Gautrain M3)","network":"Gautrain Bus"},"geometry":{"type":"LineString","coordinates":[[28.060862,-26.030315],[28.061,-26.029945]]}},{"type":"Feature","properties":{"id":"relation/3170386","name":"Midrand - Sunninghill (Gautrain M3)","network":"Gautrain Bus"},"geometry":{"type":"LineString","coordinates":[[28.061,-26.029945],[28.061261,-26.029185]]}},{"type":"Feature","properties":{"id":"relation/3170386","name":"Midrand - Sunninghill (Gautrain M3)","network":"Gautrain Bus"},"geometry":{"type":"LineString","coordinates":[[28.061261,-26.029185],[28.061427,-26.028732]]}},{"type":"Feature","properties":{"id":"relation/3170386","name":"Midrand - Sunninghill (Gautrain M3)","network":"Gautrain Bus"},"geometry":{"type":"LineString","coordinates":[[28.061427,-26.028732],[28.061496,-26.028518],[28.06155,-26.028373]]}},{"type":"Feature","properties":{"id":"relation/3170386","name":"Midrand - Sunninghill (Gautrain M3)","network":"Gautrain Bus"},"geometry":{"type":"LineString","coordinates":[[28.06155,-26.028373],[28.061583,-26.028286]]}},{"type":"Feature","properties":{"id":"relation/3170386","name":"Midrand - Sunninghill (Gautrain M3)","network":"Gautrain Bus"},"geometry":{"type":"LineString","coordinates":[[28.061583,-26.028286],[28.061668,-26.028045]]}},{"type":"Feature","properties":{"id":"relation/3170386","name":"Midrand - Sunninghill (Gautrain M3)","network":"Gautrain Bus"},"geometry":{"type":"LineString","coordinates":[[28.061668,-26.028045],[28.061697,-26.027967]]}},{"type":"Feature","properties":{"id":"relation/3170386","name":"Midrand - Sunninghill (Gautrain M3)","network":"Gautrain Bus"},"geometry":{"type":"LineString","coordinates":[[28.061697,-26.027967],[28.061811,-26.02767]]}},{"type":"Feature","properties":{"id":"relation/3170386","name":"Midrand - Sunninghill (Gautrain M3)","network":"Gautrain Bus"},"geometry":{"type":"LineString","coordinates":[[28.061811,-26.02767],[28.061965,-26.027299]]}},{"type":"Feature","properties":{"id":"relation/3170386","name":"Midrand - Sunninghill (Gautrain M3)","network":"Gautrain Bus"},"geometry":{"type":"LineString","coordinates":[[28.061965,-26.027299],[28.062199,-26.026592]]}},{"type":"Feature","properties":{"id":"relation/3170386","name":"Midrand - Sunninghill (Gautrain M3)","network":"Gautrain Bus"},"geometry":{"type":"LineString","coordinates":[[28.062199,-26.026592],[28.062332,-26.026114],[28.06237,-26.025938],[28.0624,-26.025759]]}},{"type":"Feature","properties":{"id":"relation/3170386","name":"Midrand - Sunninghill (Gautrain M3)","network":"Gautrain Bus"},"geometry":{"type":"LineString","coordinates":[[28.0624,-26.025759],[28.06246,-26.025308]]}},{"type":"Feature","properties":{"id":"relation/3170386","name":"Midrand - Sunninghill (Gautrain M3)","network":"Gautrain Bus"},"geometry":{"type":"LineString","coordinates":[[28.061668,-26.028045],[28.061834,-26.028124]]}},{"type":"Feature","properties":{"id":"relation/3170386","name":"Midrand - Sunninghill (Gautrain M3)","network":"Gautrain Bus"},"geometry":{"type":"LineString","coordinates":[[28.061834,-26.028124],[28.061918,-26.028157]]}},{"type":"Feature","properties":{"id":"relation/3170386","name":"Midrand - Sunninghill (Gautrain M3)","network":"Gautrain Bus"},"geometry":{"type":"LineString","coordinates":[[28.061918,-26.028157],[28.062179,-26.028261]]}},{"type":"Feature","properties":{"id":"relation/3170386","name":"Midrand - Sunninghill (Gautrain M3)","network":"Gautrain Bus"},"geometry":{"type":"LineString","coordinates":[[28.062179,-26.028261],[28.062758,-26.028517],[28.063864,-26.029019],[28.066266,-26.030133],[28.068081,-26.030923],[28.068533,-26.031131]]}},{"type":"Feature","properties":{"id":"relation/3170386","name":"Midrand - Sunninghill (Gautrain M3)","network":"Gautrain Bus"},"geometry":{"type":"LineString","coordinates":[[28.068533,-26.031131],[28.069582,-26.031608],[28.069661,-26.031644]]}},{"type":"Feature","properties":{"id":"relation/3170386","name":"Midrand - Sunninghill (Gautrain M3)","network":"Gautrain Bus"},"geometry":{"type":"LineString","coordinates":[[28.069661,-26.031644],[28.069767,-26.031685]]}},{"type":"Feature","properties":{"id":"relation/3170386","name":"Midrand - Sunninghill (Gautrain M3)","network":"Gautrain Bus"},"geometry":{"type":"LineString","coordinates":[[28.069767,-26.031685],[28.069853,-26.031724],[28.070305,-26.031927]]}},{"type":"Feature","properties":{"id":"relation/3170386","name":"Midrand - Sunninghill (Gautrain M3)","network":"Gautrain Bus"},"geometry":{"type":"LineString","coordinates":[[28.070305,-26.031927],[28.070962,-26.032208]]}},{"type":"Feature","properties":{"id":"relation/3170386","name":"Midrand - Sunninghill (Gautrain M3)","network":"Gautrain Bus"},"geometry":{"type":"LineString","coordinates":[[28.070962,-26.032208],[28.073298,-26.033257],[28.073555,-26.033365],[28.073851,-26.033475],[28.074227,-26.033597],[28.074505,-26.033684],[28.074884,-26.033778],[28.075258,-26.03386],[28.075692,-26.03393],[28.076053,-26.033976],[28.076294,-26.033998],[28.076655,-26.034027],[28.076919,-26.034034],[28.077202,-26.034034],[28.077727,-26.034017],[28.078122,-26.034003],[28.079297,-26.033938]]}},{"type":"Feature","properties":{"id":"relation/3170386","name":"Midrand - Sunninghill (Gautrain M3)","network":"Gautrain Bus"},"geometry":{"type":"LineString","coordinates":[[28.079297,-26.033938],[28.079769,-26.033925]]}},{"type":"Feature","properties":{"id":"relation/3170386","name":"Midrand - Sunninghill (Gautrain M3)","network":"Gautrain Bus"},"geometry":{"type":"LineString","coordinates":[[28.079769,-26.033925],[28.080145,-26.033913],[28.08022,-26.03391]]}},{"type":"Feature","properties":{"id":"relation/3170386","name":"Midrand - Sunninghill (Gautrain M3)","network":"Gautrain Bus"},"geometry":{"type":"LineString","coordinates":[[28.130814,-25.997164],[28.130965,-25.997093]]}},{"type":"Feature","properties":{"id":"relation/3170386","name":"Midrand - Sunninghill (Gautrain M3)","network":"Gautrain Bus"},"geometry":{"type":"LineString","coordinates":[[28.130965,-25.997093],[28.131021,-25.997066]]}},{"type":"Feature","properties":{"id":"relation/3170386","name":"Midrand - Sunninghill (Gautrain M3)","network":"Gautrain Bus"},"geometry":{"type":"LineString","coordinates":[[28.131021,-25.997066],[28.131463,-25.996854],[28.132756,-25.996278],[28.133538,-25.995951],[28.134185,-25.995664]]}},{"type":"Feature","properties":{"id":"relation/3170386","name":"Midrand - Sunninghill (Gautrain M3)","network":"Gautrain Bus"},"geometry":{"type":"LineString","coordinates":[[28.134185,-25.995664],[28.134533,-25.995504]]}},{"type":"Feature","properties":{"id":"relation/3170386","name":"Midrand - Sunninghill (Gautrain M3)","network":"Gautrain Bus"},"geometry":{"type":"LineString","coordinates":[[28.134533,-25.995504],[28.134608,-25.995469]]}},{"type":"Feature","properties":{"id":"relation/3170386","name":"Midrand - Sunninghill (Gautrain M3)","network":"Gautrain Bus"},"geometry":{"type":"LineString","coordinates":[[28.134608,-25.995469],[28.134729,-25.99542]]}},{"type":"Feature","properties":{"id":"relation/3170386","name":"Midrand - Sunninghill (Gautrain M3)","network":"Gautrain Bus"},"geometry":{"type":"LineString","coordinates":[[28.134729,-25.99542],[28.134797,-25.995393]]}},{"type":"Feature","properties":{"id":"relation/3170386","name":"Midrand - Sunninghill (Gautrain M3)","network":"Gautrain Bus"},"geometry":{"type":"LineString","coordinates":[[28.134797,-25.995393],[28.135005,-25.99531]]}},{"type":"Feature","properties":{"id":"relation/3170386","name":"Midrand - Sunninghill (Gautrain M3)","network":"Gautrain Bus"},"geometry":{"type":"LineString","coordinates":[[28.135005,-25.99531],[28.135299,-25.995177],[28.136283,-25.994743],[28.136401,-25.994697],[28.136553,-25.994692],[28.136661,-25.994724],[28.136756,-25.994798],[28.136841,-25.99492],[28.137089,-25.995434],[28.137097,-25.995496],[28.137091,-25.995558],[28.137071,-25.99562],[28.137034,-25.995677],[28.136971,-25.995732],[28.136788,-25.995808],[28.136592,-25.995884],[28.136349,-25.995987],[28.136259,-25.996022],[28.136179,-25.996054]]}},{"type":"Feature","properties":{"id":"relation/3170386","name":"Midrand - Sunninghill (Gautrain M3)","network":"Gautrain Bus"},"geometry":{"type":"LineString","coordinates":[[28.136179,-25.996054],[28.136129,-25.995964]]}},{"type":"Feature","properties":{"id":"relation/3170386","name":"Midrand - Sunninghill (Gautrain M3)","network":"Gautrain Bus"},"geometry":{"type":"LineString","coordinates":[[28.136129,-25.995964],[28.136303,-25.995896]]}},{"type":"Feature","properties":{"id":"relation/3170386","name":"Midrand - Sunninghill (Gautrain M3)","network":"Gautrain Bus"},"geometry":{"type":"LineString","coordinates":[[28.136349,-25.995987],[28.136303,-25.995896],[28.136258,-25.995809],[28.136221,-25.995736],[28.13617,-25.995635],[28.136139,-25.995574],[28.136119,-25.995535]]}},{"type":"Feature","properties":{"id":"relation/3170386","name":"Midrand - Sunninghill (Gautrain M3)","network":"Gautrain Bus"},"geometry":{"type":"LineString","coordinates":[[28.136119,-25.995535],[28.136167,-25.995478],[28.136455,-25.995355],[28.136549,-25.995358]]}},{"type":"Feature","properties":{"id":"relation/3170386","name":"Midrand - Sunninghill (Gautrain M3)","network":"Gautrain Bus"},"geometry":{"type":"LineString","coordinates":[[28.117168,-26.005607],[28.117258,-26.005697],[28.119131,-26.007747]]}},{"type":"Feature","properties":{"id":"relation/3170386","name":"Midrand - Sunninghill (Gautrain M3)","network":"Gautrain Bus"},"geometry":{"type":"LineString","coordinates":[[28.119575,-26.008158],[28.119805,-26.00835],[28.120038,-26.008533],[28.120388,-26.008785]]}},{"type":"Feature","properties":{"id":"relation/3170386","name":"Midrand - Sunninghill (Gautrain M3)","network":"Gautrain Bus"},"geometry":{"type":"LineString","coordinates":[[28.120388,-26.008785],[28.120573,-26.008914]]}},{"type":"Feature","properties":{"id":"relation/3170386","name":"Midrand - Sunninghill (Gautrain M3)","network":"Gautrain Bus"},"geometry":{"type":"LineString","coordinates":[[28.119131,-26.007747],[28.119575,-26.008158]]}},{"type":"Feature","properties":{"id":"relation/3170386","name":"Midrand - Sunninghill (Gautrain M3)","network":"Gautrain Bus"},"geometry":{"type":"LineString","coordinates":[[28.109342,-26.01985],[28.109218,-26.019823],[28.109088,-26.019745],[28.108844,-26.019586]]}},{"type":"Feature","properties":{"id":"relation/3170386","name":"Midrand - Sunninghill (Gautrain M3)","network":"Gautrain Bus"},"geometry":{"type":"LineString","coordinates":[[28.108844,-26.019586],[28.10874,-26.019517]]}},{"type":"Feature","properties":{"id":"relation/3170386","name":"Midrand - Sunninghill (Gautrain M3)","network":"Gautrain Bus"},"geometry":{"type":"LineString","coordinates":[[28.10874,-26.019517],[28.108117,-26.019058],[28.107747,-26.018779],[28.107502,-26.018606],[28.107428,-26.018554],[28.107315,-26.018467],[28.107203,-26.01838],[28.10696,-26.018233],[28.106542,-26.017985],[28.105896,-26.017584]]}},{"type":"Feature","properties":{"id":"relation/3170386","name":"Midrand - Sunninghill (Gautrain M3)","network":"Gautrain Bus"},"geometry":{"type":"LineString","coordinates":[[28.105896,-26.017584],[28.105731,-26.017488],[28.105276,-26.017224],[28.10505,-26.017086]]}},{"type":"Feature","properties":{"id":"relation/3170386","name":"Midrand - Sunninghill (Gautrain M3)","network":"Gautrain Bus"},"geometry":{"type":"LineString","coordinates":[[28.10505,-26.017086],[28.104825,-26.016949],[28.104274,-26.016603]]}},{"type":"Feature","properties":{"id":"relation/3170386","name":"Midrand - Sunninghill (Gautrain M3)","network":"Gautrain Bus"},"geometry":{"type":"LineString","coordinates":[[28.104274,-26.016603],[28.104052,-26.016474],[28.103722,-26.016283]]}},{"type":"Feature","properties":{"id":"relation/3170386","name":"Midrand - Sunninghill (Gautrain M3)","network":"Gautrain Bus"},"geometry":{"type":"LineString","coordinates":[[28.103722,-26.016283],[28.103631,-26.016242]]}},{"type":"Feature","properties":{"id":"relation/3170386","name":"Midrand - Sunninghill (Gautrain M3)","network":"Gautrain Bus"},"geometry":{"type":"LineString","coordinates":[[28.103631,-26.016242],[28.103482,-26.016173]]}},{"type":"Feature","properties":{"id":"relation/3170386","name":"Midrand - Sunninghill (Gautrain M3)","network":"Gautrain Bus"},"geometry":{"type":"LineString","coordinates":[[28.103482,-26.016173],[28.103383,-26.016127]]}},{"type":"Feature","properties":{"id":"relation/3170386","name":"Midrand - Sunninghill (Gautrain M3)","network":"Gautrain Bus"},"geometry":{"type":"LineString","coordinates":[[28.103383,-26.016127],[28.102412,-26.015677],[28.102321,-26.015635]]}},{"type":"Feature","properties":{"id":"relation/3170386","name":"Midrand - Sunninghill (Gautrain M3)","network":"Gautrain Bus"},"geometry":{"type":"LineString","coordinates":[[28.102321,-26.015635],[28.102278,-26.015615],[28.102217,-26.015587],[28.102076,-26.015521],[28.10132,-26.01518],[28.10051,-26.014814]]}},{"type":"Feature","properties":{"id":"relation/3170386","name":"Midrand - Sunninghill (Gautrain M3)","network":"Gautrain Bus"},"geometry":{"type":"LineString","coordinates":[[28.10051,-26.014814],[28.100393,-26.014761]]}},{"type":"Feature","properties":{"id":"relation/3170386","name":"Midrand - Sunninghill (Gautrain M3)","network":"Gautrain Bus"},"geometry":{"type":"LineString","coordinates":[[28.100393,-26.014761],[28.100226,-26.014686],[28.100185,-26.014667],[28.099961,-26.014565],[28.099879,-26.01452],[28.099816,-26.014486],[28.099714,-26.014399],[28.099639,-26.014291],[28.099421,-26.013927]]}},{"type":"Feature","properties":{"id":"relation/3170386","name":"Midrand - Sunninghill (Gautrain M3)","network":"Gautrain Bus"},"geometry":{"type":"LineString","coordinates":[[28.099421,-26.013927],[28.099324,-26.013764]]}},{"type":"Feature","properties":{"id":"relation/3170386","name":"Midrand - Sunninghill (Gautrain M3)","network":"Gautrain Bus"},"geometry":{"type":"LineString","coordinates":[[28.099324,-26.013764],[28.099252,-26.013646]]}},{"type":"Feature","properties":{"id":"relation/3170386","name":"Midrand - Sunninghill (Gautrain M3)","network":"Gautrain Bus"},"geometry":{"type":"LineString","coordinates":[[28.10595,-26.017504],[28.106639,-26.017915]]}},{"type":"Feature","properties":{"id":"relation/3170386","name":"Midrand - Sunninghill (Gautrain M3)","network":"Gautrain Bus"},"geometry":{"type":"LineString","coordinates":[[28.106639,-26.017915],[28.107281,-26.018294],[28.107391,-26.018383]]}},{"type":"Feature","properties":{"id":"relation/3170386","name":"Midrand - Sunninghill (Gautrain M3)","network":"Gautrain Bus"},"geometry":{"type":"LineString","coordinates":[[28.107391,-26.018383],[28.107506,-26.01846]]}},{"type":"Feature","properties":{"id":"relation/3170386","name":"Midrand - Sunninghill (Gautrain M3)","network":"Gautrain Bus"},"geometry":{"type":"LineString","coordinates":[[28.107506,-26.01846],[28.107589,-26.01852],[28.108612,-26.019259],[28.108828,-26.019415]]}},{"type":"Feature","properties":{"id":"relation/3170386","name":"Midrand - Sunninghill (Gautrain M3)","network":"Gautrain Bus"},"geometry":{"type":"LineString","coordinates":[[28.108828,-26.019415],[28.10893,-26.01949]]}},{"type":"Feature","properties":{"id":"relation/3170386","name":"Midrand - Sunninghill (Gautrain M3)","network":"Gautrain Bus"},"geometry":{"type":"LineString","coordinates":[[28.10893,-26.01949],[28.109101,-26.019621],[28.109342,-26.01985]]}},{"type":"Feature","properties":{"id":"relation/3170386","name":"Midrand - Sunninghill (Gautrain M3)","network":"Gautrain Bus"},"geometry":{"type":"LineString","coordinates":[[28.105101,-26.01698],[28.10595,-26.017504]]}},{"type":"Feature","properties":{"id":"relation/3170386","name":"Midrand - Sunninghill (Gautrain M3)","network":"Gautrain Bus"},"geometry":{"type":"LineString","coordinates":[[28.099403,-26.013603],[28.099466,-26.013717]]}},{"type":"Feature","properties":{"id":"relation/3170386","name":"Midrand - Sunninghill (Gautrain M3)","network":"Gautrain Bus"},"geometry":{"type":"LineString","coordinates":[[28.099466,-26.013717],[28.099518,-26.013812],[28.09957,-26.013906],[28.099687,-26.014116],[28.099786,-26.014277],[28.099836,-26.01434],[28.099903,-26.014398],[28.099983,-26.014448],[28.100294,-26.014587]]}},{"type":"Feature","properties":{"id":"relation/3170386","name":"Midrand - Sunninghill (Gautrain M3)","network":"Gautrain Bus"},"geometry":{"type":"LineString","coordinates":[[28.100294,-26.014587],[28.100455,-26.014654]]}},{"type":"Feature","properties":{"id":"relation/3170386","name":"Midrand - Sunninghill (Gautrain M3)","network":"Gautrain Bus"},"geometry":{"type":"LineString","coordinates":[[28.100455,-26.014654],[28.100565,-26.014708]]}},{"type":"Feature","properties":{"id":"relation/3170386","name":"Midrand - Sunninghill (Gautrain M3)","network":"Gautrain Bus"},"geometry":{"type":"LineString","coordinates":[[28.100565,-26.014708],[28.101135,-26.014958],[28.101379,-26.015062],[28.101841,-26.015267],[28.102133,-26.015414],[28.102276,-26.015482],[28.102389,-26.015535]]}},{"type":"Feature","properties":{"id":"relation/3170386","name":"Midrand - Sunninghill (Gautrain M3)","network":"Gautrain Bus"},"geometry":{"type":"LineString","coordinates":[[28.102389,-26.015535],[28.102461,-26.015569],[28.102778,-26.015719]]}},{"type":"Feature","properties":{"id":"relation/3170386","name":"Midrand - Sunninghill (Gautrain M3)","network":"Gautrain Bus"},"geometry":{"type":"LineString","coordinates":[[28.102778,-26.015719],[28.103444,-26.016035]]}},{"type":"Feature","properties":{"id":"relation/3170386","name":"Midrand - Sunninghill (Gautrain M3)","network":"Gautrain Bus"},"geometry":{"type":"LineString","coordinates":[[28.103444,-26.016035],[28.103536,-26.016078]]}},{"type":"Feature","properties":{"id":"relation/3170386","name":"Midrand - Sunninghill (Gautrain M3)","network":"Gautrain Bus"},"geometry":{"type":"LineString","coordinates":[[28.103536,-26.016078],[28.103588,-26.016103],[28.103685,-26.016149]]}},{"type":"Feature","properties":{"id":"relation/3170386","name":"Midrand - Sunninghill (Gautrain M3)","network":"Gautrain Bus"},"geometry":{"type":"LineString","coordinates":[[28.103685,-26.016149],[28.10378,-26.016189]]}},{"type":"Feature","properties":{"id":"relation/3170386","name":"Midrand - Sunninghill (Gautrain M3)","network":"Gautrain Bus"},"geometry":{"type":"LineString","coordinates":[[28.10378,-26.016189],[28.104094,-26.016366],[28.104482,-26.016611],[28.105,-26.016917],[28.105101,-26.01698]]}},{"type":"Feature","properties":{"id":"relation/3278185","name":"Centurion - Techno Park (Gautrain C1)","network":"Gautrain Bus"},"geometry":{"type":"LineString","coordinates":[[28.19778,-25.885832],[28.197694,-25.885775],[28.197592,-25.885697],[28.197524,-25.885631],[28.1974,-25.885482],[28.197325,-25.885366],[28.197152,-25.885023],[28.196838,-25.884391],[28.196489,-25.883666],[28.196423,-25.883541],[28.196361,-25.883442],[28.196296,-25.883362],[28.196151,-25.883236],[28.196008,-25.883146],[28.195861,-25.883082],[28.195708,-25.883047],[28.195542,-25.883023],[28.195245,-25.882975],[28.195023,-25.882939]]}},{"type":"Feature","properties":{"id":"relation/3278185","name":"Centurion - Techno Park (Gautrain C1)","network":"Gautrain Bus"},"geometry":{"type":"LineString","coordinates":[[28.195023,-25.882939],[28.195043,-25.882728],[28.195045,-25.8821],[28.195053,-25.881198],[28.195055,-25.880996],[28.19506,-25.88031],[28.195063,-25.880052],[28.195068,-25.879972],[28.195082,-25.879858],[28.195097,-25.879761],[28.195115,-25.879673],[28.195136,-25.879586],[28.195166,-25.879484],[28.195202,-25.879382],[28.195234,-25.879301],[28.195288,-25.879187],[28.195335,-25.879096],[28.19544,-25.878926],[28.195582,-25.878729],[28.195767,-25.878497],[28.196014,-25.878177],[28.196176,-25.877978],[28.196305,-25.877841],[28.196386,-25.877766],[28.196452,-25.877707],[28.196675,-25.877536],[28.196789,-25.877451],[28.19699,-25.877297],[28.197694,-25.876778],[28.198212,-25.876393],[28.198297,-25.876323],[28.198383,-25.876253],[28.198516,-25.876159],[28.198572,-25.87612]]}},{"type":"Feature","properties":{"id":"relation/3278185","name":"Centurion - Techno Park (Gautrain C1)","network":"Gautrain Bus"},"geometry":{"type":"LineString","coordinates":[[28.198572,-25.87612],[28.198668,-25.875989],[28.198692,-25.87593],[28.198702,-25.875872],[28.198694,-25.875747]]}},{"type":"Feature","properties":{"id":"relation/3278185","name":"Centurion - Techno Park (Gautrain C1)","network":"Gautrain Bus"},"geometry":{"type":"LineString","coordinates":[[28.198694,-25.875747],[28.19677,-25.873643],[28.196533,-25.873373],[28.19624,-25.873051],[28.196083,-25.872811],[28.195746,-25.872423]]}},{"type":"Feature","properties":{"id":"relation/3278185","name":"Centurion - Techno Park (Gautrain C1)","network":"Gautrain Bus"},"geometry":{"type":"LineString","coordinates":[[28.195746,-25.872423],[28.195684,-25.872351],[28.195546,-25.872212]]}},{"type":"Feature","properties":{"id":"relation/3278185","name":"Centurion - Techno Park (Gautrain C1)","network":"Gautrain Bus"},"geometry":{"type":"LineString","coordinates":[[28.195546,-25.872212],[28.195656,-25.87214]]}},{"type":"Feature","properties":{"id":"relation/3278185","name":"Centurion - Techno Park (Gautrain C1)","network":"Gautrain Bus"},"geometry":{"type":"LineString","coordinates":[[28.195656,-25.87214],[28.195744,-25.872075]]}},{"type":"Feature","properties":{"id":"relation/3278185","name":"Centurion - Techno Park (Gautrain C1)","network":"Gautrain Bus"},"geometry":{"type":"LineString","coordinates":[[28.195744,-25.872075],[28.195864,-25.871986],[28.196049,-25.871848],[28.196817,-25.871341],[28.197542,-25.870925],[28.198647,-25.870392]]}},{"type":"Feature","properties":{"id":"relation/3278185","name":"Centurion - Techno Park (Gautrain C1)","network":"Gautrain Bus"},"geometry":{"type":"LineString","coordinates":[[28.198647,-25.870392],[28.19859,-25.870304],[28.198462,-25.870105],[28.198325,-25.869925],[28.198211,-25.869809],[28.19784,-25.869606],[28.197529,-25.869442],[28.197283,-25.86925]]}},{"type":"Feature","properties":{"id":"relation/3278185","name":"Centurion - Techno Park (Gautrain C1)","network":"Gautrain Bus"},"geometry":{"type":"LineString","coordinates":[[28.197283,-25.86925],[28.197247,-25.86922],[28.197164,-25.869137],[28.196615,-25.868621],[28.195858,-25.868008]]}},{"type":"Feature","properties":{"id":"relation/3278185","name":"Centurion - Techno Park (Gautrain C1)","network":"Gautrain Bus"},"geometry":{"type":"LineString","coordinates":[[28.195858,-25.868008],[28.195445,-25.867706]]}},{"type":"Feature","properties":{"id":"relation/3278185","name":"Centurion - Techno Park (Gautrain C1)","network":"Gautrain Bus"},"geometry":{"type":"LineString","coordinates":[[28.195445,-25.867706],[28.195328,-25.867622],[28.195184,-25.867503]]}},{"type":"Feature","properties":{"id":"relation/3278185","name":"Centurion - Techno Park (Gautrain C1)","network":"Gautrain Bus"},"geometry":{"type":"LineString","coordinates":[[28.195184,-25.867503],[28.195091,-25.86743]]}},{"type":"Feature","properties":{"id":"relation/3278185","name":"Centurion - Techno Park (Gautrain C1)","network":"Gautrain Bus"},"geometry":{"type":"LineString","coordinates":[[28.195091,-25.86743],[28.19514,-25.86737],[28.195262,-25.86722],[28.195344,-25.867115],[28.195425,-25.867009],[28.195473,-25.86694],[28.195516,-25.866867],[28.19555,-25.866808],[28.195587,-25.866736],[28.195632,-25.866633],[28.195668,-25.866549],[28.195708,-25.866445],[28.195794,-25.866216],[28.195808,-25.866154],[28.195816,-25.866091],[28.195817,-25.866041],[28.195808,-25.865964]]}},{"type":"Feature","properties":{"id":"relation/3278185","name":"Centurion - Techno Park (Gautrain C1)","network":"Gautrain Bus"},"geometry":{"type":"LineString","coordinates":[[28.195808,-25.865964],[28.195777,-25.86588],[28.195756,-25.865837],[28.19548,-25.865346],[28.195407,-25.865213],[28.195261,-25.864953],[28.194876,-25.86431],[28.194835,-25.864239],[28.194758,-25.864102],[28.194723,-25.864033],[28.194704,-25.863995],[28.194658,-25.86389],[28.19464,-25.863834],[28.194613,-25.86374],[28.194604,-25.863694],[28.194595,-25.86363],[28.194583,-25.863504],[28.194576,-25.863359],[28.194579,-25.863305],[28.194591,-25.863108],[28.194596,-25.863061],[28.194605,-25.862976]]}},{"type":"Feature","properties":{"id":"relation/3278185","name":"Centurion - Techno Park (Gautrain C1)","network":"Gautrain Bus"},"geometry":{"type":"LineString","coordinates":[[28.194605,-25.862976],[28.194633,-25.862881]]}},{"type":"Feature","properties":{"id":"relation/3278185","name":"Centurion - Techno Park (Gautrain C1)","network":"Gautrain Bus"},"geometry":{"type":"LineString","coordinates":[[28.194633,-25.862881],[28.194661,-25.862793],[28.194809,-25.862484]]}},{"type":"Feature","properties":{"id":"relation/3278185","name":"Centurion - Techno Park (Gautrain C1)","network":"Gautrain Bus"},"geometry":{"type":"LineString","coordinates":[[28.194809,-25.862484],[28.194844,-25.862418],[28.194963,-25.862242]]}},{"type":"Feature","properties":{"id":"relation/3278185","name":"Centurion - Techno Park (Gautrain C1)","network":"Gautrain Bus"},"geometry":{"type":"LineString","coordinates":[[28.194963,-25.862242],[28.195104,-25.862084],[28.195242,-25.861961],[28.195343,-25.861876]]}},{"type":"Feature","properties":{"id":"relation/3278185","name":"Centurion - Techno Park (Gautrain C1)","network":"Gautrain Bus"},"geometry":{"type":"LineString","coordinates":[[28.195343,-25.861876],[28.196301,-25.861063]]}},{"type":"Feature","properties":{"id":"relation/3278185","name":"Centurion - Techno Park (Gautrain C1)","network":"Gautrain Bus"},"geometry":{"type":"LineString","coordinates":[[28.196301,-25.861063],[28.196514,-25.86087],[28.19661,-25.860766]]}},{"type":"Feature","properties":{"id":"relation/3278185","name":"Centurion - Techno Park (Gautrain C1)","network":"Gautrain Bus"},"geometry":{"type":"LineString","coordinates":[[28.19661,-25.860766],[28.196652,-25.860716],[28.196716,-25.860641],[28.196807,-25.860537],[28.197159,-25.860063]]}},{"type":"Feature","properties":{"id":"relation/3278185","name":"Centurion - Techno Park (Gautrain C1)","network":"Gautrain Bus"},"geometry":{"type":"LineString","coordinates":[[28.197159,-25.860063],[28.197199,-25.859991],[28.197225,-25.859935],[28.197241,-25.859876],[28.197249,-25.859815],[28.197257,-25.85975]]}},{"type":"Feature","properties":{"id":"relation/3278185","name":"Centurion - Techno Park (Gautrain C1)","network":"Gautrain Bus"},"geometry":{"type":"LineString","coordinates":[[28.197257,-25.85975],[28.197248,-25.859598],[28.197238,-25.85953],[28.197225,-25.859478],[28.197206,-25.85942],[28.197178,-25.859357],[28.197129,-25.859269],[28.197089,-25.859213],[28.197051,-25.859166],[28.196985,-25.859097],[28.196929,-25.859047],[28.196807,-25.858963],[28.196719,-25.858898],[28.196281,-25.858576],[28.196094,-25.858429],[28.19589,-25.858268],[28.195845,-25.858229],[28.195642,-25.858061],[28.195569,-25.857992],[28.19553,-25.857957],[28.195487,-25.857918],[28.195167,-25.85759],[28.195,-25.857409],[28.194933,-25.857339],[28.194769,-25.857158],[28.194581,-25.856954],[28.194346,-25.856699]]}},{"type":"Feature","properties":{"id":"relation/3278185","name":"Centurion - Techno Park (Gautrain C1)","network":"Gautrain Bus"},"geometry":{"type":"LineString","coordinates":[[28.194346,-25.856699],[28.194052,-25.856431],[28.193674,-25.856123],[28.193597,-25.856057]]}},{"type":"Feature","properties":{"id":"relation/3278185","name":"Centurion - Techno Park (Gautrain C1)","network":"Gautrain Bus"},"geometry":{"type":"LineString","coordinates":[[28.193597,-25.856057],[28.192819,-25.855435]]}},{"type":"Feature","properties":{"id":"relation/3278185","name":"Centurion - Techno Park (Gautrain C1)","network":"Gautrain Bus"},"geometry":{"type":"LineString","coordinates":[[28.192819,-25.855435],[28.192688,-25.855348]]}},{"type":"Feature","properties":{"id":"relation/3278185","name":"Centurion - Techno Park (Gautrain C1)","network":"Gautrain Bus"},"geometry":{"type":"LineString","coordinates":[[28.192688,-25.855348],[28.191976,-25.85482]]}},{"type":"Feature","properties":{"id":"relation/3278185","name":"Centurion - Techno Park (Gautrain C1)","network":"Gautrain Bus"},"geometry":{"type":"LineString","coordinates":[[28.191976,-25.85482],[28.191851,-25.854726],[28.191774,-25.854668],[28.191461,-25.854432],[28.191368,-25.854362],[28.191273,-25.85429]]}},{"type":"Feature","properties":{"id":"relation/3278185","name":"Centurion - Techno Park (Gautrain C1)","network":"Gautrain Bus"},"geometry":{"type":"LineString","coordinates":[[28.191273,-25.85429],[28.190861,-25.853989],[28.190665,-25.853847]]}},{"type":"Feature","properties":{"id":"relation/3278185","name":"Centurion - Techno Park (Gautrain C1)","network":"Gautrain Bus"},"geometry":{"type":"LineString","coordinates":[[28.190665,-25.853847],[28.190073,-25.853416],[28.189953,-25.853282],[28.189909,-25.853207],[28.189765,-25.852972]]}},{"type":"Feature","properties":{"id":"relation/3278185","name":"Centurion - Techno Park (Gautrain C1)","network":"Gautrain Bus"},"geometry":{"type":"LineString","coordinates":[[28.189765,-25.852972],[28.189408,-25.852421],[28.189339,-25.852314]]}},{"type":"Feature","properties":{"id":"relation/3278185","name":"Centurion - Techno Park (Gautrain C1)","network":"Gautrain Bus"},"geometry":{"type":"LineString","coordinates":[[28.189339,-25.852314],[28.188995,-25.851824]]}},{"type":"Feature","properties":{"id":"relation/3278185","name":"Centurion - Techno Park (Gautrain C1)","network":"Gautrain Bus"},"geometry":{"type":"LineString","coordinates":[[28.188995,-25.851824],[28.188959,-25.851766]]}},{"type":"Feature","properties":{"id":"relation/3278185","name":"Centurion - Techno Park (Gautrain C1)","network":"Gautrain Bus"},"geometry":{"type":"LineString","coordinates":[[28.188959,-25.851766],[28.189116,-25.851678]]}},{"type":"Feature","properties":{"id":"relation/3278185","name":"Centurion - Techno Park (Gautrain C1)","network":"Gautrain Bus"},"geometry":{"type":"LineString","coordinates":[[28.189116,-25.851678],[28.189261,-25.851526]]}},{"type":"Feature","properties":{"id":"relation/3278185","name":"Centurion - Techno Park (Gautrain C1)","network":"Gautrain Bus"},"geometry":{"type":"LineString","coordinates":[[28.189261,-25.851526],[28.189422,-25.851437]]}},{"type":"Feature","properties":{"id":"relation/3278185","name":"Centurion - Techno Park (Gautrain C1)","network":"Gautrain Bus"},"geometry":{"type":"LineString","coordinates":[[28.189422,-25.851437],[28.189506,-25.85139]]}},{"type":"Feature","properties":{"id":"relation/3278185","name":"Centurion - Techno Park (Gautrain C1)","network":"Gautrain Bus"},"geometry":{"type":"LineString","coordinates":[[28.189506,-25.85139],[28.189505,-25.851371],[28.189504,-25.851355],[28.189514,-25.85132],[28.189535,-25.85129],[28.189565,-25.851266],[28.189601,-25.851252],[28.189641,-25.851248],[28.18968,-25.851254],[28.189715,-25.85127],[28.189747,-25.851296],[28.189758,-25.851317],[28.189767,-25.851342],[28.18977,-25.851367],[28.189767,-25.851393]]}},{"type":"Feature","properties":{"id":"relation/3278185","name":"Centurion - Techno Park (Gautrain C1)","network":"Gautrain Bus"},"geometry":{"type":"LineString","coordinates":[[28.189767,-25.851393],[28.189786,-25.851395],[28.189903,-25.851409],[28.189928,-25.851414],[28.18995,-25.851427],[28.190435,-25.851795],[28.190524,-25.851854],[28.190536,-25.851868],[28.190544,-25.851885],[28.190545,-25.851897],[28.190546,-25.851914],[28.190542,-25.851929],[28.190534,-25.851951],[28.190522,-25.851969],[28.19028,-25.852246],[28.190264,-25.852261],[28.190247,-25.852272],[28.190226,-25.852274],[28.190205,-25.852269],[28.190181,-25.852262],[28.19016,-25.852249],[28.190139,-25.852223],[28.190117,-25.852195],[28.190068,-25.852136],[28.190033,-25.852092],[28.189832,-25.851813]]}},{"type":"Feature","properties":{"id":"relation/3278185","name":"Centurion - Techno Park (Gautrain C1)","network":"Gautrain Bus"},"geometry":{"type":"LineString","coordinates":[[28.189832,-25.851813],[28.189815,-25.851785],[28.189802,-25.851752],[28.189795,-25.851722],[28.189794,-25.851689],[28.189795,-25.851634],[28.189793,-25.85159]]}},{"type":"Feature","properties":{"id":"relation/3278185","name":"Centurion - Techno Park (Gautrain C1)","network":"Gautrain Bus"},"geometry":{"type":"LineString","coordinates":[[28.189793,-25.85159],[28.189766,-25.851553],[28.189705,-25.851471]]}},{"type":"Feature","properties":{"id":"relation/3278185","name":"Centurion - Techno Park (Gautrain C1)","network":"Gautrain Bus"},"geometry":{"type":"LineString","coordinates":[[28.189705,-25.851471],[28.189679,-25.851481],[28.189651,-25.851487],[28.189623,-25.851487],[28.189596,-25.851481],[28.18957,-25.851471]]}},{"type":"Feature","properties":{"id":"relation/3278185","name":"Centurion - Techno Park (Gautrain C1)","network":"Gautrain Bus"},"geometry":{"type":"LineString","coordinates":[[28.18957,-25.851471],[28.189534,-25.85149]]}},{"type":"Feature","properties":{"id":"relation/3278185","name":"Centurion - Techno Park (Gautrain C1)","network":"Gautrain Bus"},"geometry":{"type":"LineString","coordinates":[[28.189534,-25.85149],[28.189269,-25.851631]]}},{"type":"Feature","properties":{"id":"relation/3278185","name":"Centurion - Techno Park (Gautrain C1)","network":"Gautrain Bus"},"geometry":{"type":"LineString","coordinates":[[28.189269,-25.851631],[28.189162,-25.851748]]}},{"type":"Feature","properties":{"id":"relation/3278185","name":"Centurion - Techno Park (Gautrain C1)","network":"Gautrain Bus"},"geometry":{"type":"LineString","coordinates":[[28.189162,-25.851748],[28.189313,-25.851981],[28.189989,-25.852978],[28.190065,-25.853093],[28.190159,-25.853206]]}},{"type":"Feature","properties":{"id":"relation/3278185","name":"Centurion - Techno Park (Gautrain C1)","network":"Gautrain Bus"},"geometry":{"type":"LineString","coordinates":[[28.190159,-25.853206],[28.190235,-25.853287],[28.190416,-25.85343],[28.19081,-25.853716]]}},{"type":"Feature","properties":{"id":"relation/3278185","name":"Centurion - Techno Park (Gautrain C1)","network":"Gautrain Bus"},"geometry":{"type":"LineString","coordinates":[[28.19081,-25.853716],[28.19108,-25.853963]]}},{"type":"Feature","properties":{"id":"relation/3278185","name":"Centurion - Techno Park (Gautrain C1)","network":"Gautrain Bus"},"geometry":{"type":"LineString","coordinates":[[28.19108,-25.853963],[28.19127,-25.854097]]}},{"type":"Feature","properties":{"id":"relation/3278185","name":"Centurion - Techno Park (Gautrain C1)","network":"Gautrain Bus"},"geometry":{"type":"LineString","coordinates":[[28.19127,-25.854097],[28.19135,-25.854153],[28.191506,-25.854263]]}},{"type":"Feature","properties":{"id":"relation/3278185","name":"Centurion - Techno Park (Gautrain C1)","network":"Gautrain Bus"},"geometry":{"type":"LineString","coordinates":[[28.191506,-25.854263],[28.191612,-25.854338],[28.191992,-25.854625]]}},{"type":"Feature","properties":{"id":"relation/3278185","name":"Centurion - Techno Park (Gautrain C1)","network":"Gautrain Bus"},"geometry":{"type":"LineString","coordinates":[[28.191992,-25.854625],[28.192348,-25.854884],[28.192796,-25.855233]]}},{"type":"Feature","properties":{"id":"relation/3278185","name":"Centurion - Techno Park (Gautrain C1)","network":"Gautrain Bus"},"geometry":{"type":"LineString","coordinates":[[28.192796,-25.855233],[28.192914,-25.855319]]}},{"type":"Feature","properties":{"id":"relation/3278185","name":"Centurion - Techno Park (Gautrain C1)","network":"Gautrain Bus"},"geometry":{"type":"LineString","coordinates":[[28.192914,-25.855319],[28.193246,-25.855566],[28.193419,-25.855715],[28.193686,-25.855972],[28.193731,-25.856016],[28.193761,-25.856047],[28.194121,-25.856385],[28.194425,-25.856689],[28.19483,-25.857116],[28.195136,-25.857463],[28.195228,-25.85755],[28.195592,-25.857898]]}},{"type":"Feature","properties":{"id":"relation/3278185","name":"Centurion - Techno Park (Gautrain C1)","network":"Gautrain Bus"},"geometry":{"type":"LineString","coordinates":[[28.195592,-25.857898],[28.195701,-25.858]]}},{"type":"Feature","properties":{"id":"relation/3278185","name":"Centurion - Techno Park (Gautrain C1)","network":"Gautrain Bus"},"geometry":{"type":"LineString","coordinates":[[28.195701,-25.858],[28.195903,-25.858186],[28.196062,-25.858317],[28.196138,-25.85838],[28.196765,-25.858851],[28.196878,-25.858935],[28.197123,-25.859137]]}},{"type":"Feature","properties":{"id":"relation/3278185","name":"Centurion - Techno Park (Gautrain C1)","network":"Gautrain Bus"},"geometry":{"type":"LineString","coordinates":[[28.197123,-25.859137],[28.197192,-25.859214],[28.197237,-25.859272],[28.197272,-25.859325],[28.19731,-25.859397],[28.197338,-25.859468],[28.197352,-25.85952],[28.197367,-25.859578],[28.197377,-25.859642],[28.197384,-25.85971]]}},{"type":"Feature","properties":{"id":"relation/3278185","name":"Centurion - Techno Park (Gautrain C1)","network":"Gautrain Bus"},"geometry":{"type":"LineString","coordinates":[[28.197384,-25.85971],[28.197385,-25.859813],[28.197383,-25.859888],[28.197368,-25.859946],[28.197339,-25.860022],[28.197314,-25.860076],[28.19728,-25.860137],[28.197253,-25.860179],[28.197208,-25.860243],[28.197054,-25.860438],[28.196832,-25.860709],[28.196809,-25.86074],[28.196722,-25.860837]]}},{"type":"Feature","properties":{"id":"relation/3278185","name":"Centurion - Techno Park (Gautrain C1)","network":"Gautrain Bus"},"geometry":{"type":"LineString","coordinates":[[28.196722,-25.860837],[28.196612,-25.860953],[28.196284,-25.861257],[28.195967,-25.861522]]}},{"type":"Feature","properties":{"id":"relation/3278185","name":"Centurion - Techno Park (Gautrain C1)","network":"Gautrain Bus"},"geometry":{"type":"LineString","coordinates":[[28.195967,-25.861522],[28.195423,-25.861951]]}},{"type":"Feature","properties":{"id":"relation/3278185","name":"Centurion - Techno Park (Gautrain C1)","network":"Gautrain Bus"},"geometry":{"type":"LineString","coordinates":[[28.195423,-25.861951],[28.195164,-25.862177],[28.195101,-25.862252]]}},{"type":"Feature","properties":{"id":"relation/3278185","name":"Centurion - Techno Park (Gautrain C1)","network":"Gautrain Bus"},"geometry":{"type":"LineString","coordinates":[[28.195101,-25.862252],[28.194974,-25.862405],[28.194906,-25.862509]]}},{"type":"Feature","properties":{"id":"relation/3278185","name":"Centurion - Techno Park (Gautrain C1)","network":"Gautrain Bus"},"geometry":{"type":"LineString","coordinates":[[28.194906,-25.862509],[28.194833,-25.862669],[28.194737,-25.862903]]}},{"type":"Feature","properties":{"id":"relation/3278185","name":"Centurion - Techno Park (Gautrain C1)","network":"Gautrain Bus"},"geometry":{"type":"LineString","coordinates":[[28.194737,-25.862903],[28.194717,-25.862991],[28.194698,-25.863076],[28.194691,-25.863147],[28.194687,-25.863207],[28.194689,-25.863408]]}},{"type":"Feature","properties":{"id":"relation/3278185","name":"Centurion - Techno Park (Gautrain C1)","network":"Gautrain Bus"},"geometry":{"type":"LineString","coordinates":[[28.194689,-25.863408],[28.194712,-25.863574],[28.194723,-25.863636],[28.194781,-25.863844],[28.194795,-25.86389],[28.194842,-25.864013]]}},{"type":"Feature","properties":{"id":"relation/3278185","name":"Centurion - Techno Park (Gautrain C1)","network":"Gautrain Bus"},"geometry":{"type":"LineString","coordinates":[[28.194842,-25.864013],[28.195057,-25.864437],[28.195516,-25.865275]]}},{"type":"Feature","properties":{"id":"relation/3278185","name":"Centurion - Techno Park (Gautrain C1)","network":"Gautrain Bus"},"geometry":{"type":"LineString","coordinates":[[28.195516,-25.865275],[28.195831,-25.865864],[28.195863,-25.865942]]}},{"type":"Feature","properties":{"id":"relation/3278185","name":"Centurion - Techno Park (Gautrain C1)","network":"Gautrain Bus"},"geometry":{"type":"LineString","coordinates":[[28.195863,-25.865942],[28.195876,-25.866016],[28.195876,-25.866057],[28.195874,-25.866102],[28.195861,-25.86617],[28.195847,-25.86623],[28.195758,-25.866491],[28.195706,-25.866623],[28.195626,-25.866819],[28.195531,-25.866999]]}},{"type":"Feature","properties":{"id":"relation/3278185","name":"Centurion - Techno Park (Gautrain C1)","network":"Gautrain Bus"},"geometry":{"type":"LineString","coordinates":[[28.195531,-25.866999],[28.195476,-25.867202],[28.195444,-25.867287],[28.195432,-25.867319],[28.195427,-25.867362],[28.195432,-25.86741],[28.195442,-25.867455],[28.195462,-25.8675],[28.19556,-25.867612]]}},{"type":"Feature","properties":{"id":"relation/3278185","name":"Centurion - Techno Park (Gautrain C1)","network":"Gautrain Bus"},"geometry":{"type":"LineString","coordinates":[[28.19556,-25.867612],[28.195739,-25.867759],[28.195946,-25.86793]]}},{"type":"Feature","properties":{"id":"relation/3278185","name":"Centurion - Techno Park (Gautrain C1)","network":"Gautrain Bus"},"geometry":{"type":"LineString","coordinates":[[28.195946,-25.86793],[28.196437,-25.868309],[28.19728,-25.869033],[28.197298,-25.869047],[28.197377,-25.869126],[28.197405,-25.869154]]}},{"type":"Feature","properties":{"id":"relation/3278185","name":"Centurion - Techno Park (Gautrain C1)","network":"Gautrain Bus"},"geometry":{"type":"LineString","coordinates":[[28.197405,-25.869154],[28.197589,-25.86931],[28.197844,-25.869471],[28.198215,-25.869676],[28.198359,-25.869804],[28.1985,-25.86994],[28.198652,-25.870115],[28.198738,-25.870235]]}},{"type":"Feature","properties":{"id":"relation/3278185","name":"Centurion - Techno Park (Gautrain C1)","network":"Gautrain Bus"},"geometry":{"type":"LineString","coordinates":[[28.198738,-25.870235],[28.198799,-25.870322],[28.198889,-25.870461]]}},{"type":"Feature","properties":{"id":"relation/3278185","name":"Centurion - Techno Park (Gautrain C1)","network":"Gautrain Bus"},"geometry":{"type":"LineString","coordinates":[[28.198889,-25.870461],[28.198745,-25.87053],[28.197848,-25.870936],[28.197713,-25.871004],[28.19736,-25.871214],[28.19676,-25.871605],[28.196049,-25.872074],[28.195874,-25.872212]]}},{"type":"Feature","properties":{"id":"relation/3278185","name":"Centurion - Techno Park (Gautrain C1)","network":"Gautrain Bus"},"geometry":{"type":"LineString","coordinates":[[28.195874,-25.872212],[28.19579,-25.872277]]}},{"type":"Feature","properties":{"id":"relation/3278185","name":"Centurion - Techno Park (Gautrain C1)","network":"Gautrain Bus"},"geometry":{"type":"LineString","coordinates":[[28.19579,-25.872277],[28.195684,-25.872351],[28.195556,-25.87245]]}},{"type":"Feature","properties":{"id":"relation/3278185","name":"Centurion - Techno Park (Gautrain C1)","network":"Gautrain Bus"},"geometry":{"type":"LineString","coordinates":[[28.195556,-25.87245],[28.195486,-25.872503],[28.195384,-25.872562],[28.194918,-25.872958],[28.194034,-25.873682],[28.193644,-25.873998],[28.193478,-25.874137],[28.19321,-25.87436]]}},{"type":"Feature","properties":{"id":"relation/3278185","name":"Centurion - Techno Park (Gautrain C1)","network":"Gautrain Bus"},"geometry":{"type":"LineString","coordinates":[[28.19321,-25.87436],[28.192898,-25.874655],[28.192523,-25.875066],[28.192424,-25.875201]]}},{"type":"Feature","properties":{"id":"relation/3278185","name":"Centurion - Techno Park (Gautrain C1)","network":"Gautrain Bus"},"geometry":{"type":"LineString","coordinates":[[28.192424,-25.875201],[28.192381,-25.87526]]}},{"type":"Feature","properties":{"id":"relation/3278185","name":"Centurion - Techno Park (Gautrain C1)","network":"Gautrain Bus"},"geometry":{"type":"LineString","coordinates":[[28.192381,-25.87526],[28.192202,-25.875169]]}},{"type":"Feature","properties":{"id":"relation/3278185","name":"Centurion - Techno Park (Gautrain C1)","network":"Gautrain Bus"},"geometry":{"type":"LineString","coordinates":[[28.192202,-25.875169],[28.191841,-25.874933],[28.191763,-25.874888],[28.191707,-25.874863],[28.191561,-25.874801],[28.191488,-25.874777],[28.191363,-25.874749],[28.191066,-25.874716],[28.190868,-25.874694],[28.190571,-25.874656],[28.190164,-25.874599],[28.190003,-25.874583],[28.189905,-25.87458],[28.189706,-25.874575]]}},{"type":"Feature","properties":{"id":"relation/3278185","name":"Centurion - Techno Park (Gautrain C1)","network":"Gautrain Bus"},"geometry":{"type":"LineString","coordinates":[[28.189484,-25.873788],[28.189471,-25.873752],[28.189449,-25.873688],[28.189382,-25.873497],[28.189311,-25.873353],[28.189207,-25.87319],[28.189026,-25.87296],[28.188928,-25.87287],[28.188709,-25.872671]]}},{"type":"Feature","properties":{"id":"relation/3278185","name":"Centurion - Techno Park (Gautrain C1)","network":"Gautrain Bus"},"geometry":{"type":"LineString","coordinates":[[28.188709,-25.872671],[28.188423,-25.872413]]}},{"type":"Feature","properties":{"id":"relation/3278185","name":"Centurion - Techno Park (Gautrain C1)","network":"Gautrain Bus"},"geometry":{"type":"LineString","coordinates":[[28.188423,-25.872413],[28.188415,-25.872405],[28.188302,-25.872308],[28.188202,-25.872223],[28.188092,-25.872151],[28.188009,-25.872102],[28.187944,-25.872066],[28.187861,-25.872028],[28.187812,-25.872006],[28.187732,-25.871975],[28.18767,-25.871952],[28.187593,-25.871927],[28.187533,-25.871913],[28.187458,-25.871897],[28.186977,-25.871824],[28.186855,-25.871813],[28.186753,-25.871808],[28.186629,-25.871806],[28.186451,-25.871804],[28.186438,-25.871805],[28.186377,-25.871808],[28.186217,-25.871825],[28.186108,-25.871847],[28.186095,-25.87185],[28.186057,-25.871859],[28.186,-25.871874],[28.185837,-25.871924],[28.185747,-25.871953],[28.185545,-25.872021],[28.185377,-25.87208],[28.185209,-25.872144],[28.184832,-25.872297],[28.184659,-25.872373],[28.184409,-25.872487],[28.184241,-25.872573],[28.184054,-25.872662],[28.183852,-25.872769],[28.183504,-25.872967],[28.183383,-25.87304],[28.183213,-25.873145],[28.183008,-25.87328],[28.182885,-25.873365],[28.182705,-25.873489],[28.182362,-25.873745]]}},{"type":"Feature","properties":{"id":"relation/3278185","name":"Centurion - Techno Park (Gautrain C1)","network":"Gautrain Bus"},"geometry":{"type":"LineString","coordinates":[[28.182362,-25.873745],[28.182213,-25.873897]]}},{"type":"Feature","properties":{"id":"relation/3278185","name":"Centurion - Techno Park (Gautrain C1)","network":"Gautrain Bus"},"geometry":{"type":"LineString","coordinates":[[28.182213,-25.873897],[28.182217,-25.873915],[28.182218,-25.873934],[28.182214,-25.873952],[28.182205,-25.873969],[28.182161,-25.874006],[28.182134,-25.874012],[28.182107,-25.874012],[28.182081,-25.874006]]}},{"type":"Feature","properties":{"id":"relation/3278185","name":"Centurion - Techno Park (Gautrain C1)","network":"Gautrain Bus"},"geometry":{"type":"LineString","coordinates":[[28.182081,-25.874006],[28.181948,-25.874084]]}},{"type":"Feature","properties":{"id":"relation/3278185","name":"Centurion - Techno Park (Gautrain C1)","network":"Gautrain Bus"},"geometry":{"type":"LineString","coordinates":[[28.181948,-25.874084],[28.181923,-25.874105],[28.181778,-25.874235],[28.181608,-25.874394],[28.181552,-25.874445],[28.18153,-25.874466],[28.18145,-25.874549],[28.181367,-25.874634],[28.181257,-25.874745],[28.181205,-25.874797],[28.18118,-25.874822],[28.181081,-25.874934],[28.181036,-25.874994],[28.180993,-25.87506],[28.180951,-25.87514],[28.180916,-25.875224],[28.180889,-25.875309],[28.180874,-25.875364],[28.180865,-25.875409],[28.180841,-25.875562]]}},{"type":"Feature","properties":{"id":"relation/3278185","name":"Centurion - Techno Park (Gautrain C1)","network":"Gautrain Bus"},"geometry":{"type":"LineString","coordinates":[[28.180841,-25.875562],[28.180812,-25.875724],[28.180778,-25.875922]]}},{"type":"Feature","properties":{"id":"relation/3278185","name":"Centurion - Techno Park (Gautrain C1)","network":"Gautrain Bus"},"geometry":{"type":"LineString","coordinates":[[28.180778,-25.875922],[28.180731,-25.876196]]}},{"type":"Feature","properties":{"id":"relation/3278185","name":"Centurion - Techno Park (Gautrain C1)","network":"Gautrain Bus"},"geometry":{"type":"LineString","coordinates":[[28.180648,-25.876422],[28.180731,-25.876196]]}},{"type":"Feature","properties":{"id":"relation/3278185","name":"Centurion - Techno Park (Gautrain C1)","network":"Gautrain Bus"},"geometry":{"type":"LineString","coordinates":[[28.180614,-25.876524],[28.180605,-25.876506],[28.180601,-25.876487],[28.180604,-25.876466],[28.180613,-25.876448],[28.180629,-25.876432],[28.180648,-25.876422]]}},{"type":"Feature","properties":{"id":"relation/3278185","name":"Centurion - Techno Park (Gautrain C1)","network":"Gautrain Bus"},"geometry":{"type":"LineString","coordinates":[[28.180608,-25.876744],[28.180619,-25.876672],[28.180622,-25.87658],[28.180614,-25.876524]]}},{"type":"Feature","properties":{"id":"relation/3278185","name":"Centurion - Techno Park (Gautrain C1)","network":"Gautrain Bus"},"geometry":{"type":"LineString","coordinates":[[28.180713,-25.876546],[28.180608,-25.876744]]}},{"type":"Feature","properties":{"id":"relation/3278185","name":"Centurion - Techno Park (Gautrain C1)","network":"Gautrain Bus"},"geometry":{"type":"LineString","coordinates":[[28.180746,-25.876456],[28.180753,-25.876477],[28.180752,-25.876498],[28.180745,-25.876517],[28.180731,-25.876534],[28.180713,-25.876546]]}},{"type":"Feature","properties":{"id":"relation/3278185","name":"Centurion - Techno Park (Gautrain C1)","network":"Gautrain Bus"},"geometry":{"type":"LineString","coordinates":[[28.180731,-25.876196],[28.180732,-25.876314],[28.180738,-25.876389],[28.180746,-25.876456]]}},{"type":"Feature","properties":{"id":"relation/3278185","name":"Centurion - Techno Park (Gautrain C1)","network":"Gautrain Bus"},"geometry":{"type":"LineString","coordinates":[[28.180608,-25.876744],[28.180576,-25.876807],[28.18053,-25.876879],[28.180499,-25.876923],[28.18045,-25.876982],[28.180411,-25.877024],[28.180327,-25.877093]]}},{"type":"Feature","properties":{"id":"relation/3278185","name":"Centurion - Techno Park (Gautrain C1)","network":"Gautrain Bus"},"geometry":{"type":"LineString","coordinates":[[28.180327,-25.877093],[28.180289,-25.877129],[28.180267,-25.877148],[28.180231,-25.877173],[28.180177,-25.877207],[28.180097,-25.877252],[28.179707,-25.877438],[28.179224,-25.877654],[28.179205,-25.877663],[28.178953,-25.87778],[28.178525,-25.877968],[28.178372,-25.878038],[28.178301,-25.878064],[28.178217,-25.878091],[28.178138,-25.878108],[28.178061,-25.878119],[28.178016,-25.878125],[28.177943,-25.878129],[28.177884,-25.878126],[28.177864,-25.87812],[28.177837,-25.87811]]}},{"type":"Feature","properties":{"id":"relation/3278185","name":"Centurion - Techno Park (Gautrain C1)","network":"Gautrain Bus"},"geometry":{"type":"LineString","coordinates":[[28.177837,-25.87811],[28.177783,-25.878106],[28.176771,-25.877998]]}},{"type":"Feature","properties":{"id":"relation/3278185","name":"Centurion - Techno Park (Gautrain C1)","network":"Gautrain Bus"},"geometry":{"type":"LineString","coordinates":[[28.176771,-25.877998],[28.176709,-25.878],[28.176639,-25.878008],[28.176575,-25.878023]]}},{"type":"Feature","properties":{"id":"relation/3278185","name":"Centurion - Techno Park (Gautrain C1)","network":"Gautrain Bus"},"geometry":{"type":"LineString","coordinates":[[28.176575,-25.878023],[28.176556,-25.878048],[28.176531,-25.87807],[28.176503,-25.878087],[28.176471,-25.878098],[28.176421,-25.878104],[28.176372,-25.878096],[28.176327,-25.878076],[28.1763,-25.878054],[28.176278,-25.878027],[28.176264,-25.877997]]}},{"type":"Feature","properties":{"id":"relation/3278185","name":"Centurion - Techno Park (Gautrain C1)","network":"Gautrain Bus"},"geometry":{"type":"LineString","coordinates":[[28.176264,-25.877997],[28.176206,-25.877972],[28.176101,-25.877935],[28.176036,-25.877911]]}},{"type":"Feature","properties":{"id":"relation/3278185","name":"Centurion - Techno Park (Gautrain C1)","network":"Gautrain Bus"},"geometry":{"type":"LineString","coordinates":[[28.175734,-25.877879],[28.175653,-25.877889],[28.175355,-25.87788]]}},{"type":"Feature","properties":{"id":"relation/3278185","name":"Centurion - Techno Park (Gautrain C1)","network":"Gautrain Bus"},"geometry":{"type":"LineString","coordinates":[[28.175355,-25.87788],[28.175192,-25.877867],[28.175018,-25.877857],[28.174899,-25.877863],[28.174737,-25.877882]]}},{"type":"Feature","properties":{"id":"relation/3278185","name":"Centurion - Techno Park (Gautrain C1)","network":"Gautrain Bus"},"geometry":{"type":"LineString","coordinates":[[28.174737,-25.877882],[28.174562,-25.877928],[28.174424,-25.877977]]}},{"type":"Feature","properties":{"id":"relation/3278185","name":"Centurion - Techno Park (Gautrain C1)","network":"Gautrain Bus"},"geometry":{"type":"LineString","coordinates":[[28.174424,-25.877977],[28.174361,-25.87801],[28.174284,-25.878052],[28.173962,-25.878254]]}},{"type":"Feature","properties":{"id":"relation/3278185","name":"Centurion - Techno Park (Gautrain C1)","network":"Gautrain Bus"},"geometry":{"type":"LineString","coordinates":[[28.173962,-25.878254],[28.173799,-25.878365],[28.173673,-25.878445],[28.173563,-25.878507],[28.173425,-25.878582]]}},{"type":"Feature","properties":{"id":"relation/3278185","name":"Centurion - Techno Park (Gautrain C1)","network":"Gautrain Bus"},"geometry":{"type":"LineString","coordinates":[[28.173425,-25.878582],[28.17327,-25.878696],[28.173177,-25.878773],[28.173047,-25.878903],[28.172906,-25.879062],[28.172704,-25.879289],[28.172425,-25.879617]]}},{"type":"Feature","properties":{"id":"relation/3278185","name":"Centurion - Techno Park (Gautrain C1)","network":"Gautrain Bus"},"geometry":{"type":"LineString","coordinates":[[28.172425,-25.879617],[28.172379,-25.8797],[28.17214,-25.880025]]}},{"type":"Feature","properties":{"id":"relation/3278185","name":"Centurion - Techno Park (Gautrain C1)","network":"Gautrain Bus"},"geometry":{"type":"LineString","coordinates":[[28.17214,-25.880025],[28.171831,-25.880447]]}},{"type":"Feature","properties":{"id":"relation/3278185","name":"Centurion - Techno Park (Gautrain C1)","network":"Gautrain Bus"},"geometry":{"type":"LineString","coordinates":[[28.171831,-25.880447],[28.171755,-25.880552],[28.171675,-25.880656],[28.171561,-25.880789],[28.171366,-25.881019],[28.171306,-25.881062]]}},{"type":"Feature","properties":{"id":"relation/3278185","name":"Centurion - Techno Park (Gautrain C1)","network":"Gautrain Bus"},"geometry":{"type":"LineString","coordinates":[[28.170988,-25.881479],[28.170948,-25.88156],[28.17069,-25.881949],[28.170584,-25.882121]]}},{"type":"Feature","properties":{"id":"relation/3278185","name":"Centurion - Techno Park (Gautrain C1)","network":"Gautrain Bus"},"geometry":{"type":"LineString","coordinates":[[28.170584,-25.882121],[28.170331,-25.882586]]}},{"type":"Feature","properties":{"id":"relation/3278185","name":"Centurion - Techno Park (Gautrain C1)","network":"Gautrain Bus"},"geometry":{"type":"LineString","coordinates":[[28.170331,-25.882586],[28.170299,-25.88265]]}},{"type":"Feature","properties":{"id":"relation/3278185","name":"Centurion - Techno Park (Gautrain C1)","network":"Gautrain Bus"},"geometry":{"type":"LineString","coordinates":[[28.170299,-25.88265],[28.170236,-25.88279],[28.170169,-25.882919]]}},{"type":"Feature","properties":{"id":"relation/3278185","name":"Centurion - Techno Park (Gautrain C1)","network":"Gautrain Bus"},"geometry":{"type":"LineString","coordinates":[[28.170169,-25.882919],[28.170021,-25.883286]]}},{"type":"Feature","properties":{"id":"relation/3278185","name":"Centurion - Techno Park (Gautrain C1)","network":"Gautrain Bus"},"geometry":{"type":"LineString","coordinates":[[28.170021,-25.883286],[28.169916,-25.883568]]}},{"type":"Feature","properties":{"id":"relation/3278185","name":"Centurion - Techno Park (Gautrain C1)","network":"Gautrain Bus"},"geometry":{"type":"LineString","coordinates":[[28.169916,-25.883568],[28.169909,-25.883587]]}},{"type":"Feature","properties":{"id":"relation/3278185","name":"Centurion - Techno Park (Gautrain C1)","network":"Gautrain Bus"},"geometry":{"type":"LineString","coordinates":[[28.169909,-25.883587],[28.169766,-25.884015]]}},{"type":"Feature","properties":{"id":"relation/3278185","name":"Centurion - Techno Park (Gautrain C1)","network":"Gautrain Bus"},"geometry":{"type":"LineString","coordinates":[[28.169348,-25.885234],[28.169331,-25.885283],[28.169305,-25.885369],[28.169285,-25.885498],[28.169279,-25.885615],[28.16929,-25.885742],[28.169305,-25.885842],[28.169324,-25.885927],[28.169374,-25.886093]]}},{"type":"Feature","properties":{"id":"relation/3278185","name":"Centurion - Techno Park (Gautrain C1)","network":"Gautrain Bus"},"geometry":{"type":"LineString","coordinates":[[28.169374,-25.886093],[28.169512,-25.886221]]}},{"type":"Feature","properties":{"id":"relation/3278185","name":"Centurion - Techno Park (Gautrain C1)","network":"Gautrain Bus"},"geometry":{"type":"LineString","coordinates":[[28.169441,-25.886251],[28.169475,-25.886232],[28.169512,-25.886221],[28.169552,-25.886217],[28.169593,-25.886221],[28.169631,-25.886233],[28.16968,-25.886265],[28.169715,-25.88631],[28.169731,-25.886358],[28.169729,-25.886409],[28.169711,-25.886457],[28.169682,-25.886492],[28.169645,-25.886519],[28.169601,-25.886536],[28.169551,-25.886542],[28.169501,-25.886536],[28.169451,-25.886515],[28.169411,-25.886481],[28.169383,-25.886439],[28.169371,-25.88639],[28.169374,-25.886349],[28.169388,-25.88631],[28.169412,-25.886276],[28.169441,-25.886251]]}},{"type":"Feature","properties":{"id":"relation/3278185","name":"Centurion - Techno Park (Gautrain C1)","network":"Gautrain Bus"},"geometry":{"type":"LineString","coordinates":[[28.169711,-25.886457],[28.169741,-25.886529],[28.169752,-25.886554],[28.169782,-25.886626]]}},{"type":"Feature","properties":{"id":"relation/3278185","name":"Centurion - Techno Park (Gautrain C1)","network":"Gautrain Bus"},"geometry":{"type":"LineString","coordinates":[[28.169782,-25.886626],[28.169897,-25.886706],[28.170066,-25.886805],[28.170397,-25.886924],[28.170707,-25.887035]]}},{"type":"Feature","properties":{"id":"relation/3278185","name":"Centurion - Techno Park (Gautrain C1)","network":"Gautrain Bus"},"geometry":{"type":"LineString","coordinates":[[28.170707,-25.887035],[28.17085,-25.88705],[28.170918,-25.887052],[28.170964,-25.887051],[28.171053,-25.887045]]}},{"type":"Feature","properties":{"id":"relation/3278185","name":"Centurion - Techno Park (Gautrain C1)","network":"Gautrain Bus"},"geometry":{"type":"LineString","coordinates":[[28.171269,-25.887068],[28.171293,-25.887097],[28.171309,-25.88713],[28.171316,-25.887174],[28.171309,-25.887217],[28.171288,-25.887257],[28.171256,-25.88729],[28.171226,-25.887309],[28.171192,-25.887321],[28.17114,-25.887327],[28.171089,-25.887318],[28.171043,-25.887296],[28.171007,-25.887263],[28.170981,-25.887214],[28.170975,-25.887166],[28.170986,-25.887119],[28.171013,-25.887077],[28.171053,-25.887045],[28.171077,-25.887033],[28.171103,-25.887025],[28.171139,-25.88702],[28.171175,-25.887023],[28.171209,-25.887031],[28.171241,-25.887047],[28.171269,-25.887068]]}},{"type":"Feature","properties":{"id":"relation/3278185","name":"Centurion - Techno Park (Gautrain C1)","network":"Gautrain Bus"},"geometry":{"type":"LineString","coordinates":[[28.171309,-25.88713],[28.171413,-25.887189],[28.171492,-25.887242],[28.171664,-25.887307],[28.172194,-25.887515],[28.172292,-25.887565],[28.172673,-25.88781]]}},{"type":"Feature","properties":{"id":"relation/3278185","name":"Centurion - Techno Park (Gautrain C1)","network":"Gautrain Bus"},"geometry":{"type":"LineString","coordinates":[[28.172673,-25.88781],[28.173116,-25.888179],[28.173518,-25.888638],[28.173547,-25.888678],[28.173673,-25.888845],[28.173818,-25.889051],[28.174188,-25.889675]]}},{"type":"Feature","properties":{"id":"relation/3278185","name":"Centurion - Techno Park (Gautrain C1)","network":"Gautrain Bus"},"geometry":{"type":"LineString","coordinates":[[28.174188,-25.889675],[28.174053,-25.889696],[28.173607,-25.889767]]}},{"type":"Feature","properties":{"id":"relation/3278185","name":"Centurion - Techno Park (Gautrain C1)","network":"Gautrain Bus"},"geometry":{"type":"LineString","coordinates":[[28.173607,-25.889767],[28.173169,-25.889836],[28.172951,-25.889903],[28.172636,-25.890029],[28.172531,-25.890073]]}},{"type":"Feature","properties":{"id":"relation/3278185","name":"Centurion - Techno Park (Gautrain C1)","network":"Gautrain Bus"},"geometry":{"type":"LineString","coordinates":[[28.172531,-25.890073],[28.172036,-25.890368],[28.171665,-25.890714],[28.171416,-25.891014],[28.171306,-25.891176],[28.171209,-25.891339],[28.171016,-25.891833],[28.170922,-25.892088]]}},{"type":"Feature","properties":{"id":"relation/3278185","name":"Centurion - Techno Park (Gautrain C1)","network":"Gautrain Bus"},"geometry":{"type":"LineString","coordinates":[[28.185801,-25.892574],[28.186014,-25.892566],[28.186909,-25.892546],[28.18723,-25.892527],[28.187786,-25.89246],[28.187925,-25.892445]]}},{"type":"Feature","properties":{"id":"relation/3278185","name":"Centurion - Techno Park (Gautrain C1)","network":"Gautrain Bus"},"geometry":{"type":"LineString","coordinates":[[28.190653,-25.892063],[28.188882,-25.892303],[28.188449,-25.892366],[28.188252,-25.892396],[28.188036,-25.892427],[28.187925,-25.892445]]}},{"type":"Feature","properties":{"id":"relation/3278185","name":"Centurion - Techno Park (Gautrain C1)","network":"Gautrain Bus"},"geometry":{"type":"LineString","coordinates":[[28.190653,-25.892063],[28.191242,-25.891924]]}},{"type":"Feature","properties":{"id":"relation/3278185","name":"Centurion - Techno Park (Gautrain C1)","network":"Gautrain Bus"},"geometry":{"type":"LineString","coordinates":[[28.191242,-25.891924],[28.191269,-25.891883],[28.191315,-25.891861],[28.191378,-25.891863],[28.191413,-25.891886]]}},{"type":"Feature","properties":{"id":"relation/3278185","name":"Centurion - Techno Park (Gautrain C1)","network":"Gautrain Bus"},"geometry":{"type":"LineString","coordinates":[[28.191413,-25.891886],[28.191652,-25.891864],[28.191879,-25.891796],[28.192282,-25.891648]]}},{"type":"Feature","properties":{"id":"relation/3278185","name":"Centurion - Techno Park (Gautrain C1)","network":"Gautrain Bus"},"geometry":{"type":"LineString","coordinates":[[28.192282,-25.891648],[28.192671,-25.891465],[28.193183,-25.891213],[28.194053,-25.89079],[28.194362,-25.890619],[28.194527,-25.890499],[28.19463,-25.890398],[28.195392,-25.8893],[28.195685,-25.888863],[28.196008,-25.888492],[28.196283,-25.888243],[28.196832,-25.887732],[28.197562,-25.887066],[28.197734,-25.886896],[28.197798,-25.886831],[28.197975,-25.886607]]}},{"type":"Feature","properties":{"id":"relation/3278185","name":"Centurion - Techno Park (Gautrain C1)","network":"Gautrain Bus"},"geometry":{"type":"LineString","coordinates":[[28.192282,-25.891648],[28.192109,-25.891761],[28.191926,-25.891851],[28.191697,-25.891925],[28.191516,-25.891981],[28.191409,-25.892015]]}},{"type":"Feature","properties":{"id":"relation/3278185","name":"Centurion - Techno Park (Gautrain C1)","network":"Gautrain Bus"},"geometry":{"type":"LineString","coordinates":[[28.191409,-25.892015],[28.191394,-25.892026],[28.191363,-25.892038],[28.191311,-25.892037],[28.191289,-25.892025]]}},{"type":"Feature","properties":{"id":"relation/3278185","name":"Centurion - Techno Park (Gautrain C1)","network":"Gautrain Bus"},"geometry":{"type":"LineString","coordinates":[[28.191289,-25.892025],[28.190653,-25.892063]]}},{"type":"Feature","properties":{"id":"relation/3278185","name":"Centurion - Techno Park (Gautrain C1)","network":"Gautrain Bus"},"geometry":{"type":"LineString","coordinates":[[28.184341,-25.892636],[28.183011,-25.892632]]}},{"type":"Feature","properties":{"id":"relation/3278185","name":"Centurion - Techno Park (Gautrain C1)","network":"Gautrain Bus"},"geometry":{"type":"LineString","coordinates":[[28.184422,-25.892633],[28.184341,-25.892636]]}},{"type":"Feature","properties":{"id":"relation/3278185","name":"Centurion - Techno Park (Gautrain C1)","network":"Gautrain Bus"},"geometry":{"type":"LineString","coordinates":[[28.184822,-25.892615],[28.184422,-25.892633]]}},{"type":"Feature","properties":{"id":"relation/3278185","name":"Centurion - Techno Park (Gautrain C1)","network":"Gautrain Bus"},"geometry":{"type":"LineString","coordinates":[[28.185248,-25.892609],[28.184822,-25.892615]]}},{"type":"Feature","properties":{"id":"relation/3278185","name":"Centurion - Techno Park (Gautrain C1)","network":"Gautrain Bus"},"geometry":{"type":"LineString","coordinates":[[28.185801,-25.892574],[28.185248,-25.892609]]}},{"type":"Feature","properties":{"id":"relation/3278185","name":"Centurion - Techno Park (Gautrain C1)","network":"Gautrain Bus"},"geometry":{"type":"LineString","coordinates":[[28.185251,-25.892547],[28.185801,-25.892574]]}},{"type":"Feature","properties":{"id":"relation/3278185","name":"Centurion - Techno Park (Gautrain C1)","network":"Gautrain Bus"},"geometry":{"type":"LineString","coordinates":[[28.18441,-25.892559],[28.185099,-25.892546],[28.185251,-25.892547]]}},{"type":"Feature","properties":{"id":"relation/3278185","name":"Centurion - Techno Park (Gautrain C1)","network":"Gautrain Bus"},"geometry":{"type":"LineString","coordinates":[[28.18433,-25.89256],[28.18441,-25.892559]]}},{"type":"Feature","properties":{"id":"relation/3278185","name":"Centurion - Techno Park (Gautrain C1)","network":"Gautrain Bus"},"geometry":{"type":"LineString","coordinates":[[28.183713,-25.892575],[28.18433,-25.89256]]}},{"type":"Feature","properties":{"id":"relation/3278185","name":"Centurion - Techno Park (Gautrain C1)","network":"Gautrain Bus"},"geometry":{"type":"LineString","coordinates":[[28.183011,-25.892632],[28.183713,-25.892575]]}},{"type":"Feature","properties":{"id":"relation/3278185","name":"Centurion - Techno Park (Gautrain C1)","network":"Gautrain Bus"},"geometry":{"type":"LineString","coordinates":[[28.183011,-25.892632],[28.182453,-25.892638]]}},{"type":"Feature","properties":{"id":"relation/3278185","name":"Centurion - Techno Park (Gautrain C1)","network":"Gautrain Bus"},"geometry":{"type":"LineString","coordinates":[[28.181268,-25.892663],[28.182453,-25.892638]]}},{"type":"Feature","properties":{"id":"relation/3278185","name":"Centurion - Techno Park (Gautrain C1)","network":"Gautrain Bus"},"geometry":{"type":"LineString","coordinates":[[28.180696,-25.892682],[28.181155,-25.892667],[28.181268,-25.892663]]}},{"type":"Feature","properties":{"id":"relation/3278185","name":"Centurion - Techno Park (Gautrain C1)","network":"Gautrain Bus"},"geometry":{"type":"LineString","coordinates":[[28.178548,-25.892691],[28.17937,-25.892669],[28.179965,-25.892663],[28.180423,-25.892669],[28.180696,-25.892682]]}},{"type":"Feature","properties":{"id":"relation/3278185","name":"Centurion - Techno Park (Gautrain C1)","network":"Gautrain Bus"},"geometry":{"type":"LineString","coordinates":[[28.177611,-25.89271],[28.178084,-25.892703],[28.178548,-25.892691]]}},{"type":"Feature","properties":{"id":"relation/3278185","name":"Centurion - Techno Park (Gautrain C1)","network":"Gautrain Bus"},"geometry":{"type":"LineString","coordinates":[[28.176408,-25.892713],[28.176741,-25.892728],[28.176947,-25.892725],[28.177611,-25.89271]]}},{"type":"Feature","properties":{"id":"relation/3278185","name":"Centurion - Techno Park (Gautrain C1)","network":"Gautrain Bus"},"geometry":{"type":"LineString","coordinates":[[28.175827,-25.892655],[28.176047,-25.892683],[28.176408,-25.892713]]}},{"type":"Feature","properties":{"id":"relation/3278185","name":"Centurion - Techno Park (Gautrain C1)","network":"Gautrain Bus"},"geometry":{"type":"LineString","coordinates":[[28.173683,-25.892344],[28.173799,-25.892362],[28.175681,-25.892634],[28.175827,-25.892655]]}},{"type":"Feature","properties":{"id":"relation/3278185","name":"Centurion - Techno Park (Gautrain C1)","network":"Gautrain Bus"},"geometry":{"type":"LineString","coordinates":[[28.166676,-25.891784],[28.167281,-25.891773],[28.167525,-25.891785],[28.168074,-25.891846],[28.168964,-25.891934],[28.169571,-25.891984],[28.170202,-25.892032],[28.170701,-25.892073],[28.170909,-25.892086],[28.170922,-25.892088],[28.171651,-25.892151],[28.172618,-25.892236],[28.173141,-25.89228],[28.173683,-25.892344]]}},{"type":"Feature","properties":{"id":"relation/3278185","name":"Centurion - Techno Park (Gautrain C1)","network":"Gautrain Bus"},"geometry":{"type":"LineString","coordinates":[[28.175807,-25.892814],[28.173659,-25.892614],[28.172847,-25.892525],[28.172356,-25.892477],[28.171973,-25.892438],[28.171659,-25.892402],[28.170839,-25.892298],[28.170734,-25.892292],[28.170616,-25.892282],[28.169539,-25.892134],[28.168799,-25.892057],[28.168279,-25.892003],[28.167277,-25.89186],[28.166676,-25.891784]]}},{"type":"Feature","properties":{"id":"relation/3278185","name":"Centurion - Techno Park (Gautrain C1)","network":"Gautrain Bus"},"geometry":{"type":"LineString","coordinates":[[28.180696,-25.892682],[28.180432,-25.892695],[28.179922,-25.892718],[28.179671,-25.892728]]}},{"type":"Feature","properties":{"id":"relation/3278185","name":"Centurion - Techno Park (Gautrain C1)","network":"Gautrain Bus"},"geometry":{"type":"LineString","coordinates":[[28.179671,-25.892728],[28.17854,-25.892773]]}},{"type":"Feature","properties":{"id":"relation/3278185","name":"Centurion - Techno Park (Gautrain C1)","network":"Gautrain Bus"},"geometry":{"type":"LineString","coordinates":[[28.17854,-25.892773],[28.177994,-25.892799]]}},{"type":"Feature","properties":{"id":"relation/3278185","name":"Centurion - Techno Park (Gautrain C1)","network":"Gautrain Bus"},"geometry":{"type":"LineString","coordinates":[[28.177994,-25.892799],[28.177392,-25.89282],[28.176891,-25.892842],[28.176677,-25.892842],[28.176391,-25.892841]]}},{"type":"Feature","properties":{"id":"relation/3278185","name":"Centurion - Techno Park (Gautrain C1)","network":"Gautrain Bus"},"geometry":{"type":"LineString","coordinates":[[28.19859,-25.885816],[28.198732,-25.885626],[28.198838,-25.885467],[28.198993,-25.885196],[28.199171,-25.884863],[28.199855,-25.883637],[28.200098,-25.883219],[28.200355,-25.882851]]}},{"type":"Feature","properties":{"id":"relation/3278185","name":"Centurion - Techno Park (Gautrain C1)","network":"Gautrain Bus"},"geometry":{"type":"LineString","coordinates":[[28.200355,-25.882851],[28.20052,-25.882502]]}},{"type":"Feature","properties":{"id":"relation/3278185","name":"Centurion - Techno Park (Gautrain C1)","network":"Gautrain Bus"},"geometry":{"type":"LineString","coordinates":[[28.200664,-25.882602],[28.200355,-25.882851]]}},{"type":"Feature","properties":{"id":"relation/3278185","name":"Centurion - Techno Park (Gautrain C1)","network":"Gautrain Bus"},"geometry":{"type":"LineString","coordinates":[[28.20052,-25.882502],[28.200509,-25.882453],[28.200516,-25.882404],[28.200539,-25.882359],[28.200578,-25.882323],[28.200627,-25.8823],[28.200682,-25.882292],[28.200737,-25.8823]]}},{"type":"Feature","properties":{"id":"relation/3278185","name":"Centurion - Techno Park (Gautrain C1)","network":"Gautrain Bus"},"geometry":{"type":"LineString","coordinates":[[28.200737,-25.8823],[28.200781,-25.88232],[28.200816,-25.882351],[28.200841,-25.882389],[28.200853,-25.882432],[28.20085,-25.882478],[28.200833,-25.882521],[28.200802,-25.882558],[28.200761,-25.882584],[28.200714,-25.882599],[28.200664,-25.882602],[28.200618,-25.882591],[28.200576,-25.88257],[28.200543,-25.88254],[28.20052,-25.882502]]}},{"type":"Feature","properties":{"id":"relation/3278185","name":"Centurion - Techno Park (Gautrain C1)","network":"Gautrain Bus"},"geometry":{"type":"LineString","coordinates":[[28.200737,-25.8823],[28.200895,-25.882252],[28.20104,-25.882193]]}},{"type":"Feature","properties":{"id":"relation/3278185","name":"Centurion - Techno Park (Gautrain C1)","network":"Gautrain Bus"},"geometry":{"type":"LineString","coordinates":[[28.201069,-25.882269],[28.20102,-25.882292],[28.20096,-25.882329],[28.200853,-25.882432]]}},{"type":"Feature","properties":{"id":"relation/3278185","name":"Centurion - Techno Park (Gautrain C1)","network":"Gautrain Bus"},"geometry":{"type":"LineString","coordinates":[[28.20104,-25.882193],[28.201364,-25.882039],[28.202819,-25.881346]]}},{"type":"Feature","properties":{"id":"relation/3278185","name":"Centurion - Techno Park (Gautrain C1)","network":"Gautrain Bus"},"geometry":{"type":"LineString","coordinates":[[28.203392,-25.881192],[28.201446,-25.882097],[28.201069,-25.882269]]}},{"type":"Feature","properties":{"id":"relation/3278185","name":"Centurion - Techno Park (Gautrain C1)","network":"Gautrain Bus"},"geometry":{"type":"LineString","coordinates":[[28.202819,-25.881346],[28.203043,-25.881234]]}},{"type":"Feature","properties":{"id":"relation/3278185","name":"Centurion - Techno Park (Gautrain C1)","network":"Gautrain Bus"},"geometry":{"type":"LineString","coordinates":[[28.203043,-25.881234],[28.203541,-25.881001]]}},{"type":"Feature","properties":{"id":"relation/3278185","name":"Centurion - Techno Park (Gautrain C1)","network":"Gautrain Bus"},"geometry":{"type":"LineString","coordinates":[[28.203609,-25.881073],[28.203392,-25.881192]]}},{"type":"Feature","properties":{"id":"relation/3278185","name":"Centurion - Techno Park (Gautrain C1)","network":"Gautrain Bus"},"geometry":{"type":"LineString","coordinates":[[28.203541,-25.881001],[28.203724,-25.880908]]}},{"type":"Feature","properties":{"id":"relation/3278185","name":"Centurion - Techno Park (Gautrain C1)","network":"Gautrain Bus"},"geometry":{"type":"LineString","coordinates":[[28.203789,-25.880985],[28.203609,-25.881073]]}},{"type":"Feature","properties":{"id":"relation/3278185","name":"Centurion - Techno Park (Gautrain C1)","network":"Gautrain Bus"},"geometry":{"type":"LineString","coordinates":[[28.203724,-25.880908],[28.204238,-25.880664]]}},{"type":"Feature","properties":{"id":"relation/3278185","name":"Centurion - Techno Park (Gautrain C1)","network":"Gautrain Bus"},"geometry":{"type":"LineString","coordinates":[[28.204284,-25.88072],[28.203789,-25.880985]]}},{"type":"Feature","properties":{"id":"relation/3278185","name":"Centurion - Techno Park (Gautrain C1)","network":"Gautrain Bus"},"geometry":{"type":"LineString","coordinates":[[28.204238,-25.880664],[28.2049,-25.880349],[28.205115,-25.880257],[28.20525,-25.880197],[28.205363,-25.880161]]}},{"type":"Feature","properties":{"id":"relation/3278185","name":"Centurion - Techno Park (Gautrain C1)","network":"Gautrain Bus"},"geometry":{"type":"LineString","coordinates":[[28.204594,-25.880567],[28.204284,-25.88072]]}},{"type":"Feature","properties":{"id":"relation/3278185","name":"Centurion - Techno Park (Gautrain C1)","network":"Gautrain Bus"},"geometry":{"type":"LineString","coordinates":[[28.204951,-25.88039],[28.204594,-25.880567]]}},{"type":"Feature","properties":{"id":"relation/3278185","name":"Centurion - Techno Park (Gautrain C1)","network":"Gautrain Bus"},"geometry":{"type":"LineString","coordinates":[[28.205363,-25.880161],[28.205262,-25.880236],[28.205123,-25.880305],[28.204951,-25.88039]]}},{"type":"Feature","properties":{"id":"relation/3278185","name":"Centurion - Techno Park (Gautrain C1)","network":"Gautrain Bus"},"geometry":{"type":"LineString","coordinates":[[28.205363,-25.880161],[28.205786,-25.879945],[28.206392,-25.879622],[28.206992,-25.879302],[28.20742,-25.87907],[28.207989,-25.878783],[28.208376,-25.878594]]}},{"type":"Feature","properties":{"id":"relation/3278185","name":"Centurion - Techno Park (Gautrain C1)","network":"Gautrain Bus"},"geometry":{"type":"LineString","coordinates":[[28.208376,-25.878594],[28.208471,-25.878547],[28.208618,-25.878465]]}},{"type":"Feature","properties":{"id":"relation/3278185","name":"Centurion - Techno Park (Gautrain C1)","network":"Gautrain Bus"},"geometry":{"type":"LineString","coordinates":[[28.208618,-25.878465],[28.209164,-25.878162],[28.209486,-25.877988],[28.209833,-25.877801],[28.210182,-25.87761],[28.210528,-25.877415],[28.210685,-25.877327],[28.210867,-25.877217]]}},{"type":"Feature","properties":{"id":"relation/3278185","name":"Centurion - Techno Park (Gautrain C1)","network":"Gautrain Bus"},"geometry":{"type":"LineString","coordinates":[[28.210867,-25.877217],[28.211015,-25.87712],[28.211189,-25.877011],[28.211324,-25.876916],[28.211435,-25.876819]]}},{"type":"Feature","properties":{"id":"relation/3278185","name":"Centurion - Techno Park (Gautrain C1)","network":"Gautrain Bus"},"geometry":{"type":"LineString","coordinates":[[28.211435,-25.876819],[28.211439,-25.876804],[28.211446,-25.87679],[28.211466,-25.87677],[28.211492,-25.876758],[28.211521,-25.876755],[28.21156,-25.876767]]}},{"type":"Feature","properties":{"id":"relation/3278185","name":"Centurion - Techno Park (Gautrain C1)","network":"Gautrain Bus"},"geometry":{"type":"LineString","coordinates":[[28.21156,-25.876767],[28.211583,-25.876789],[28.211594,-25.876818],[28.211592,-25.876848],[28.211579,-25.876871],[28.211557,-25.876888],[28.211531,-25.876898],[28.211502,-25.876899],[28.211473,-25.876889],[28.211451,-25.876871],[28.211437,-25.876847],[28.211435,-25.876819]]}},{"type":"Feature","properties":{"id":"relation/3278185","name":"Centurion - Techno Park (Gautrain C1)","network":"Gautrain Bus"},"geometry":{"type":"LineString","coordinates":[[28.211502,-25.876899],[28.211351,-25.876978],[28.211222,-25.877045],[28.211111,-25.877108],[28.211037,-25.877151],[28.210965,-25.877183],[28.210867,-25.877217]]}},{"type":"Feature","properties":{"id":"relation/3278185","name":"Centurion - Techno Park (Gautrain C1)","network":"Gautrain Bus"},"geometry":{"type":"LineString","coordinates":[[28.21156,-25.876767],[28.211603,-25.87675],[28.211639,-25.876742],[28.211666,-25.876739],[28.211692,-25.876731],[28.211779,-25.876701],[28.211904,-25.876647],[28.211985,-25.876619]]}},{"type":"Feature","properties":{"id":"relation/3278185","name":"Centurion - Techno Park (Gautrain C1)","network":"Gautrain Bus"},"geometry":{"type":"LineString","coordinates":[[28.211985,-25.876619],[28.21192,-25.876669],[28.211792,-25.87674],[28.211729,-25.876777],[28.211698,-25.876792],[28.211672,-25.876809],[28.211641,-25.876825],[28.211592,-25.876848]]}},{"type":"Feature","properties":{"id":"relation/3278185","name":"Centurion - Techno Park (Gautrain C1)","network":"Gautrain Bus"},"geometry":{"type":"LineString","coordinates":[[28.211985,-25.876619],[28.212098,-25.876559],[28.212208,-25.876503],[28.212258,-25.876478],[28.212475,-25.876374],[28.212578,-25.876328],[28.212681,-25.876297],[28.212744,-25.876285],[28.212802,-25.876281],[28.212844,-25.876281],[28.212937,-25.876288],[28.213037,-25.876301],[28.213164,-25.876334],[28.213248,-25.876366],[28.213315,-25.876397],[28.213383,-25.876433],[28.213495,-25.87651]]}},{"type":"Feature","properties":{"id":"relation/3278185","name":"Centurion - Techno Park (Gautrain C1)","network":"Gautrain Bus"},"geometry":{"type":"LineString","coordinates":[[28.213495,-25.87651],[28.213667,-25.876577]]}},{"type":"Feature","properties":{"id":"relation/3278185","name":"Centurion - Techno Park (Gautrain C1)","network":"Gautrain Bus"},"geometry":{"type":"LineString","coordinates":[[28.213667,-25.876577],[28.213684,-25.876573],[28.213707,-25.876575],[28.213727,-25.876585],[28.213742,-25.876601],[28.213749,-25.876623]]}},{"type":"Feature","properties":{"id":"relation/3278185","name":"Centurion - Techno Park (Gautrain C1)","network":"Gautrain Bus"},"geometry":{"type":"LineString","coordinates":[[28.213918,-25.876786],[28.213866,-25.876767],[28.213807,-25.876735],[28.213703,-25.876679]]}},{"type":"Feature","properties":{"id":"relation/3278185","name":"Centurion - Techno Park (Gautrain C1)","network":"Gautrain Bus"},"geometry":{"type":"LineString","coordinates":[[28.21363,-25.876617],[28.213573,-25.876579],[28.213534,-25.87655],[28.213511,-25.876531],[28.213495,-25.87651]]}},{"type":"Feature","properties":{"id":"relation/3278185","name":"Centurion - Techno Park (Gautrain C1)","network":"Gautrain Bus"},"geometry":{"type":"LineString","coordinates":[[28.213749,-25.876623],[28.213747,-25.876642],[28.213737,-25.876659],[28.213722,-25.876672],[28.213703,-25.876679],[28.213674,-25.876679],[28.213648,-25.876666],[28.213633,-25.876644],[28.21363,-25.876617]]}},{"type":"Feature","properties":{"id":"relation/3278185","name":"Centurion - Techno Park (Gautrain C1)","network":"Gautrain Bus"},"geometry":{"type":"LineString","coordinates":[[28.21363,-25.876617],[28.213637,-25.8766],[28.21365,-25.876586],[28.213667,-25.876577]]}},{"type":"Feature","properties":{"id":"relation/3278185","name":"Centurion - Techno Park (Gautrain C1)","network":"Gautrain Bus"},"geometry":{"type":"LineString","coordinates":[[28.213749,-25.876623],[28.213847,-25.876707],[28.213888,-25.876747],[28.213918,-25.876786]]}},{"type":"Feature","properties":{"id":"relation/3278185","name":"Centurion - Techno Park (Gautrain C1)","network":"Gautrain Bus"},"geometry":{"type":"LineString","coordinates":[[28.213918,-25.876786],[28.213971,-25.876821],[28.214078,-25.876891],[28.214136,-25.87693],[28.215018,-25.877495],[28.215177,-25.877595],[28.215204,-25.877613],[28.215251,-25.877637],[28.21532,-25.87766],[28.215391,-25.87768],[28.215639,-25.877736],[28.215931,-25.877805],[28.216104,-25.877834],[28.216256,-25.877863],[28.216425,-25.877885],[28.216524,-25.877898],[28.216597,-25.877909],[28.216688,-25.877921],[28.216759,-25.877928],[28.216868,-25.877934],[28.216933,-25.877936],[28.217045,-25.877938],[28.217131,-25.877935],[28.217223,-25.877931],[28.217436,-25.877919],[28.217651,-25.877903],[28.217974,-25.877874],[28.218145,-25.877859],[28.218476,-25.877828]]}},{"type":"Feature","properties":{"id":"relation/3278185","name":"Centurion - Techno Park (Gautrain C1)","network":"Gautrain Bus"},"geometry":{"type":"LineString","coordinates":[[28.218476,-25.877828],[28.218701,-25.877809],[28.219075,-25.877776],[28.219149,-25.877769],[28.219423,-25.877743]]}},{"type":"Feature","properties":{"id":"relation/3278185","name":"Centurion - Techno Park (Gautrain C1)","network":"Gautrain Bus"},"geometry":{"type":"LineString","coordinates":[[28.219423,-25.877743],[28.220318,-25.877667]]}},{"type":"Feature","properties":{"id":"relation/3278185","name":"Centurion - Techno Park (Gautrain C1)","network":"Gautrain Bus"},"geometry":{"type":"LineString","coordinates":[[28.220318,-25.877667],[28.220666,-25.877636],[28.2214,-25.87757],[28.22147,-25.877564],[28.222333,-25.877484],[28.223001,-25.877429]]}},{"type":"Feature","properties":{"id":"relation/3278185","name":"Centurion - Techno Park (Gautrain C1)","network":"Gautrain Bus"},"geometry":{"type":"LineString","coordinates":[[28.223001,-25.877429],[28.223483,-25.877383]]}},{"type":"Feature","properties":{"id":"relation/3278185","name":"Centurion - Techno Park (Gautrain C1)","network":"Gautrain Bus"},"geometry":{"type":"LineString","coordinates":[[28.223483,-25.877383],[28.224386,-25.877306]]}},{"type":"Feature","properties":{"id":"relation/3278185","name":"Centurion - Techno Park (Gautrain C1)","network":"Gautrain Bus"},"geometry":{"type":"LineString","coordinates":[[28.224386,-25.877306],[28.224509,-25.877298]]}},{"type":"Feature","properties":{"id":"relation/3278185","name":"Centurion - Techno Park (Gautrain C1)","network":"Gautrain Bus"},"geometry":{"type":"LineString","coordinates":[[28.224509,-25.877298],[28.224817,-25.877272],[28.225447,-25.877208],[28.226129,-25.877138],[28.226681,-25.877067],[28.226861,-25.877039],[28.226955,-25.877022],[28.227758,-25.87683],[28.227804,-25.876817],[28.228043,-25.876742],[28.228147,-25.876705],[28.228239,-25.876671],[28.228327,-25.876637],[28.228609,-25.876524],[28.228715,-25.876479],[28.228798,-25.876442],[28.228978,-25.876357],[28.229081,-25.876304],[28.229175,-25.876256],[28.22935,-25.876162],[28.229483,-25.87609],[28.229576,-25.876036],[28.229681,-25.875971],[28.229777,-25.875911],[28.229938,-25.875808],[28.230027,-25.875748],[28.230076,-25.875713],[28.230176,-25.875642],[28.23024,-25.875596],[28.230358,-25.875508],[28.230454,-25.875433],[28.230537,-25.875365],[28.230605,-25.875306],[28.230664,-25.875258],[28.230703,-25.875223],[28.230882,-25.87506],[28.231077,-25.874872],[28.231176,-25.874769],[28.231274,-25.874664],[28.231365,-25.874562],[28.231415,-25.874504],[28.231466,-25.874444],[28.231521,-25.874377],[28.231643,-25.874223],[28.231779,-25.87404],[28.231942,-25.873812]]}},{"type":"Feature","properties":{"id":"relation/3278185","name":"Centurion - Techno Park (Gautrain C1)","network":"Gautrain Bus"},"geometry":{"type":"LineString","coordinates":[[28.231942,-25.873812],[28.232007,-25.87372],[28.232176,-25.873472],[28.23247,-25.873053]]}},{"type":"Feature","properties":{"id":"relation/3278185","name":"Centurion - Techno Park (Gautrain C1)","network":"Gautrain Bus"},"geometry":{"type":"LineString","coordinates":[[28.23247,-25.873053],[28.232733,-25.872665],[28.232892,-25.872435],[28.232932,-25.872375]]}},{"type":"Feature","properties":{"id":"relation/3278185","name":"Centurion - Techno Park (Gautrain C1)","network":"Gautrain Bus"},"geometry":{"type":"LineString","coordinates":[[28.232932,-25.872375],[28.233182,-25.872012],[28.233365,-25.871751]]}},{"type":"Feature","properties":{"id":"relation/3278185","name":"Centurion - Techno Park (Gautrain C1)","network":"Gautrain Bus"},"geometry":{"type":"LineString","coordinates":[[28.233365,-25.871751],[28.233496,-25.871562],[28.233612,-25.8714],[28.233739,-25.871217],[28.233912,-25.870965],[28.234106,-25.870683],[28.2343,-25.870417],[28.234497,-25.870132],[28.234864,-25.869602]]}},{"type":"Feature","properties":{"id":"relation/3278185","name":"Centurion - Techno Park (Gautrain C1)","network":"Gautrain Bus"},"geometry":{"type":"LineString","coordinates":[[28.234864,-25.869602],[28.235032,-25.869343],[28.235208,-25.869088]]}},{"type":"Feature","properties":{"id":"relation/3278185","name":"Centurion - Techno Park (Gautrain C1)","network":"Gautrain Bus"},"geometry":{"type":"LineString","coordinates":[[28.235208,-25.869088],[28.235321,-25.868929]]}},{"type":"Feature","properties":{"id":"relation/3278185","name":"Centurion - Techno Park (Gautrain C1)","network":"Gautrain Bus"},"geometry":{"type":"LineString","coordinates":[[28.235321,-25.868929],[28.235509,-25.868653],[28.23559,-25.868538]]}},{"type":"Feature","properties":{"id":"relation/3278185","name":"Centurion - Techno Park (Gautrain C1)","network":"Gautrain Bus"},"geometry":{"type":"LineString","coordinates":[[28.23559,-25.868538],[28.235691,-25.868388],[28.235853,-25.868152],[28.236069,-25.867841],[28.236483,-25.86721],[28.237622,-25.86561],[28.238099,-25.864927],[28.238394,-25.864538],[28.23879,-25.864134],[28.239005,-25.863928],[28.239394,-25.863632],[28.239664,-25.863433],[28.239951,-25.863266],[28.240363,-25.863045],[28.240869,-25.862832],[28.241282,-25.862697],[28.241753,-25.862574],[28.242461,-25.86246],[28.242723,-25.862436],[28.243562,-25.862428],[28.243705,-25.862438],[28.244161,-25.862494],[28.244311,-25.862512]]}},{"type":"Feature","properties":{"id":"relation/3278185","name":"Centurion - Techno Park (Gautrain C1)","network":"Gautrain Bus"},"geometry":{"type":"LineString","coordinates":[[28.244311,-25.862512],[28.244494,-25.862527],[28.244623,-25.862548],[28.245064,-25.862641]]}},{"type":"Feature","properties":{"id":"relation/3278188","name":"Centurion - Rooihuiskraal (Gautrain C2)","network":"Gautrain Bus"},"geometry":{"type":"LineString","coordinates":[[28.189832,-25.851813],[28.189815,-25.851785],[28.189802,-25.851752],[28.189795,-25.851722],[28.189794,-25.851689],[28.189795,-25.851634],[28.189793,-25.85159]]}},{"type":"Feature","properties":{"id":"relation/3278188","name":"Centurion - Rooihuiskraal (Gautrain C2)","network":"Gautrain Bus"},"geometry":{"type":"LineString","coordinates":[[28.189793,-25.85159],[28.189766,-25.851553],[28.189705,-25.851471]]}},{"type":"Feature","properties":{"id":"relation/3278188","name":"Centurion - Rooihuiskraal (Gautrain C2)","network":"Gautrain Bus"},"geometry":{"type":"LineString","coordinates":[[28.189705,-25.851471],[28.189679,-25.851481],[28.189651,-25.851487],[28.189623,-25.851487],[28.189596,-25.851481],[28.18957,-25.851471]]}},{"type":"Feature","properties":{"id":"relation/3278188","name":"Centurion - Rooihuiskraal (Gautrain C2)","network":"Gautrain Bus"},"geometry":{"type":"LineString","coordinates":[[28.18957,-25.851471],[28.189534,-25.85149]]}},{"type":"Feature","properties":{"id":"relation/3278188","name":"Centurion - Rooihuiskraal (Gautrain C2)","network":"Gautrain Bus"},"geometry":{"type":"LineString","coordinates":[[28.189534,-25.85149],[28.189269,-25.851631]]}},{"type":"Feature","properties":{"id":"relation/3278188","name":"Centurion - Rooihuiskraal (Gautrain C2)","network":"Gautrain Bus"},"geometry":{"type":"LineString","coordinates":[[28.189269,-25.851631],[28.189162,-25.851748]]}},{"type":"Feature","properties":{"id":"relation/3278188","name":"Centurion - Rooihuiskraal (Gautrain C2)","network":"Gautrain Bus"},"geometry":{"type":"LineString","coordinates":[[28.189162,-25.851748],[28.189313,-25.851981],[28.189989,-25.852978],[28.190065,-25.853093],[28.190159,-25.853206]]}},{"type":"Feature","properties":{"id":"relation/3278188","name":"Centurion - Rooihuiskraal (Gautrain C2)","network":"Gautrain Bus"},"geometry":{"type":"LineString","coordinates":[[28.190159,-25.853206],[28.190235,-25.853287],[28.190416,-25.85343],[28.19081,-25.853716]]}},{"type":"Feature","properties":{"id":"relation/3278188","name":"Centurion - Rooihuiskraal (Gautrain C2)","network":"Gautrain Bus"},"geometry":{"type":"LineString","coordinates":[[28.19081,-25.853716],[28.19108,-25.853963]]}},{"type":"Feature","properties":{"id":"relation/3278188","name":"Centurion - Rooihuiskraal (Gautrain C2)","network":"Gautrain Bus"},"geometry":{"type":"LineString","coordinates":[[28.19108,-25.853963],[28.19127,-25.854097]]}},{"type":"Feature","properties":{"id":"relation/3278188","name":"Centurion - Rooihuiskraal (Gautrain C2)","network":"Gautrain Bus"},"geometry":{"type":"LineString","coordinates":[[28.19127,-25.854097],[28.19135,-25.854153],[28.191506,-25.854263]]}},{"type":"Feature","properties":{"id":"relation/3278188","name":"Centurion - Rooihuiskraal (Gautrain C2)","network":"Gautrain Bus"},"geometry":{"type":"LineString","coordinates":[[28.191506,-25.854263],[28.191612,-25.854338],[28.191992,-25.854625]]}},{"type":"Feature","properties":{"id":"relation/3278188","name":"Centurion - Rooihuiskraal (Gautrain C2)","network":"Gautrain Bus"},"geometry":{"type":"LineString","coordinates":[[28.191992,-25.854625],[28.192348,-25.854884],[28.192796,-25.855233]]}},{"type":"Feature","properties":{"id":"relation/3278188","name":"Centurion - Rooihuiskraal (Gautrain C2)","network":"Gautrain Bus"},"geometry":{"type":"LineString","coordinates":[[28.192796,-25.855233],[28.192914,-25.855319]]}},{"type":"Feature","properties":{"id":"relation/3278188","name":"Centurion - Rooihuiskraal (Gautrain C2)","network":"Gautrain Bus"},"geometry":{"type":"LineString","coordinates":[[28.192914,-25.855319],[28.192819,-25.855435]]}},{"type":"Feature","properties":{"id":"relation/3278188","name":"Centurion - Rooihuiskraal (Gautrain C2)","network":"Gautrain Bus"},"geometry":{"type":"LineString","coordinates":[[28.192819,-25.855435],[28.192517,-25.855777],[28.192327,-25.856073]]}},{"type":"Feature","properties":{"id":"relation/3278188","name":"Centurion - Rooihuiskraal (Gautrain C2)","network":"Gautrain Bus"},"geometry":{"type":"LineString","coordinates":[[28.192327,-25.856073],[28.192247,-25.85624],[28.191948,-25.856948]]}},{"type":"Feature","properties":{"id":"relation/3278188","name":"Centurion - Rooihuiskraal (Gautrain C2)","network":"Gautrain Bus"},"geometry":{"type":"LineString","coordinates":[[28.191948,-25.856948],[28.191833,-25.857221]]}},{"type":"Feature","properties":{"id":"relation/3278188","name":"Centurion - Rooihuiskraal (Gautrain C2)","network":"Gautrain Bus"},"geometry":{"type":"LineString","coordinates":[[28.191833,-25.857221],[28.191577,-25.857829]]}},{"type":"Feature","properties":{"id":"relation/3278188","name":"Centurion - Rooihuiskraal (Gautrain C2)","network":"Gautrain Bus"},"geometry":{"type":"LineString","coordinates":[[28.191577,-25.857829],[28.19151,-25.857959],[28.191469,-25.858037],[28.191292,-25.858381]]}},{"type":"Feature","properties":{"id":"relation/3278188","name":"Centurion - Rooihuiskraal (Gautrain C2)","network":"Gautrain Bus"},"geometry":{"type":"LineString","coordinates":[[28.191292,-25.858381],[28.191217,-25.85847],[28.190854,-25.858904],[28.190816,-25.85895]]}},{"type":"Feature","properties":{"id":"relation/3278188","name":"Centurion - Rooihuiskraal (Gautrain C2)","network":"Gautrain Bus"},"geometry":{"type":"LineString","coordinates":[[28.190816,-25.85895],[28.190611,-25.859172],[28.190558,-25.85923],[28.190453,-25.859344],[28.189858,-25.859991]]}},{"type":"Feature","properties":{"id":"relation/3278188","name":"Centurion - Rooihuiskraal (Gautrain C2)","network":"Gautrain Bus"},"geometry":{"type":"LineString","coordinates":[[28.189858,-25.859991],[28.189655,-25.86021]]}},{"type":"Feature","properties":{"id":"relation/3278188","name":"Centurion - Rooihuiskraal (Gautrain C2)","network":"Gautrain Bus"},"geometry":{"type":"LineString","coordinates":[[28.189655,-25.86021],[28.189266,-25.860636],[28.189226,-25.86068],[28.188819,-25.861125]]}},{"type":"Feature","properties":{"id":"relation/3278188","name":"Centurion - Rooihuiskraal (Gautrain C2)","network":"Gautrain Bus"},"geometry":{"type":"LineString","coordinates":[[28.188819,-25.861125],[28.188473,-25.861503]]}},{"type":"Feature","properties":{"id":"relation/3278188","name":"Centurion - Rooihuiskraal (Gautrain C2)","network":"Gautrain Bus"},"geometry":{"type":"LineString","coordinates":[[28.188473,-25.861503],[28.18817,-25.861838]]}},{"type":"Feature","properties":{"id":"relation/3278188","name":"Centurion - Rooihuiskraal (Gautrain C2)","network":"Gautrain Bus"},"geometry":{"type":"LineString","coordinates":[[28.18817,-25.861838],[28.188129,-25.861884],[28.187838,-25.862206],[28.187737,-25.862318],[28.187515,-25.862563]]}},{"type":"Feature","properties":{"id":"relation/3278188","name":"Centurion - Rooihuiskraal (Gautrain C2)","network":"Gautrain Bus"},"geometry":{"type":"LineString","coordinates":[[28.187515,-25.862563],[28.187355,-25.862723],[28.187144,-25.862928]]}},{"type":"Feature","properties":{"id":"relation/3278188","name":"Centurion - Rooihuiskraal (Gautrain C2)","network":"Gautrain Bus"},"geometry":{"type":"LineString","coordinates":[[28.187144,-25.862928],[28.186876,-25.863191]]}},{"type":"Feature","properties":{"id":"relation/3278188","name":"Centurion - Rooihuiskraal (Gautrain C2)","network":"Gautrain Bus"},"geometry":{"type":"LineString","coordinates":[[28.186876,-25.863191],[28.186703,-25.863386]]}},{"type":"Feature","properties":{"id":"relation/3278188","name":"Centurion - Rooihuiskraal (Gautrain C2)","network":"Gautrain Bus"},"geometry":{"type":"LineString","coordinates":[[28.186703,-25.863386],[28.186448,-25.86367]]}},{"type":"Feature","properties":{"id":"relation/3278188","name":"Centurion - Rooihuiskraal (Gautrain C2)","network":"Gautrain Bus"},"geometry":{"type":"LineString","coordinates":[[28.186448,-25.86367],[28.186291,-25.863843],[28.186154,-25.863965]]}},{"type":"Feature","properties":{"id":"relation/3278188","name":"Centurion - Rooihuiskraal (Gautrain C2)","network":"Gautrain Bus"},"geometry":{"type":"LineString","coordinates":[[28.186154,-25.863965],[28.185989,-25.86411],[28.185904,-25.86416],[28.185481,-25.864433],[28.185192,-25.864614],[28.185178,-25.864623],[28.185068,-25.86469],[28.184802,-25.864855],[28.184765,-25.864877],[28.184227,-25.865184],[28.18297,-25.865955]]}},{"type":"Feature","properties":{"id":"relation/3278188","name":"Centurion - Rooihuiskraal (Gautrain C2)","network":"Gautrain Bus"},"geometry":{"type":"LineString","coordinates":[[28.18297,-25.865955],[28.182695,-25.86625]]}},{"type":"Feature","properties":{"id":"relation/3278188","name":"Centurion - Rooihuiskraal (Gautrain C2)","network":"Gautrain Bus"},"geometry":{"type":"LineString","coordinates":[[28.182695,-25.86625],[28.182365,-25.866609]]}},{"type":"Feature","properties":{"id":"relation/3278188","name":"Centurion - Rooihuiskraal (Gautrain C2)","network":"Gautrain Bus"},"geometry":{"type":"LineString","coordinates":[[28.182365,-25.866609],[28.182007,-25.866987]]}},{"type":"Feature","properties":{"id":"relation/3278188","name":"Centurion - Rooihuiskraal (Gautrain C2)","network":"Gautrain Bus"},"geometry":{"type":"LineString","coordinates":[[28.182007,-25.866987],[28.181755,-25.867256],[28.181279,-25.867731],[28.1806,-25.868312],[28.18007,-25.86867],[28.179941,-25.86875]]}},{"type":"Feature","properties":{"id":"relation/3278188","name":"Centurion - Rooihuiskraal (Gautrain C2)","network":"Gautrain Bus"},"geometry":{"type":"LineString","coordinates":[[28.179941,-25.86875],[28.17947,-25.869042]]}},{"type":"Feature","properties":{"id":"relation/3278188","name":"Centurion - Rooihuiskraal (Gautrain C2)","network":"Gautrain Bus"},"geometry":{"type":"LineString","coordinates":[[28.17947,-25.869042],[28.179239,-25.869181],[28.179016,-25.869317]]}},{"type":"Feature","properties":{"id":"relation/3278188","name":"Centurion - Rooihuiskraal (Gautrain C2)","network":"Gautrain Bus"},"geometry":{"type":"LineString","coordinates":[[28.179016,-25.869317],[28.177037,-25.870515]]}},{"type":"Feature","properties":{"id":"relation/3278188","name":"Centurion - Rooihuiskraal (Gautrain C2)","network":"Gautrain Bus"},"geometry":{"type":"LineString","coordinates":[[28.177037,-25.870515],[28.176983,-25.87056],[28.176925,-25.870606],[28.176816,-25.870676],[28.176299,-25.870978]]}},{"type":"Feature","properties":{"id":"relation/3278188","name":"Centurion - Rooihuiskraal (Gautrain C2)","network":"Gautrain Bus"},"geometry":{"type":"LineString","coordinates":[[28.176299,-25.870978],[28.176018,-25.871152],[28.175792,-25.871297]]}},{"type":"Feature","properties":{"id":"relation/3278188","name":"Centurion - Rooihuiskraal (Gautrain C2)","network":"Gautrain Bus"},"geometry":{"type":"LineString","coordinates":[[28.175792,-25.871297],[28.175495,-25.871477]]}},{"type":"Feature","properties":{"id":"relation/3278188","name":"Centurion - Rooihuiskraal (Gautrain C2)","network":"Gautrain Bus"},"geometry":{"type":"LineString","coordinates":[[28.175495,-25.871477],[28.175088,-25.871717],[28.174606,-25.872016],[28.174481,-25.872092],[28.174359,-25.872159],[28.174255,-25.872217]]}},{"type":"Feature","properties":{"id":"relation/3278188","name":"Centurion - Rooihuiskraal (Gautrain C2)","network":"Gautrain Bus"},"geometry":{"type":"LineString","coordinates":[[28.174255,-25.872217],[28.174025,-25.87233],[28.173937,-25.872372],[28.173701,-25.872503]]}},{"type":"Feature","properties":{"id":"relation/3278188","name":"Centurion - Rooihuiskraal (Gautrain C2)","network":"Gautrain Bus"},"geometry":{"type":"LineString","coordinates":[[28.173701,-25.872503],[28.173517,-25.872575],[28.173341,-25.872638],[28.173197,-25.872691]]}},{"type":"Feature","properties":{"id":"relation/3278188","name":"Centurion - Rooihuiskraal (Gautrain C2)","network":"Gautrain Bus"},"geometry":{"type":"LineString","coordinates":[[28.173197,-25.872691],[28.173019,-25.872746],[28.172831,-25.872793],[28.172735,-25.87282],[28.172544,-25.872862],[28.172459,-25.872875]]}},{"type":"Feature","properties":{"id":"relation/3278188","name":"Centurion - Rooihuiskraal (Gautrain C2)","network":"Gautrain Bus"},"geometry":{"type":"LineString","coordinates":[[28.172459,-25.872875],[28.172067,-25.872962],[28.171679,-25.873033],[28.171333,-25.873085],[28.171086,-25.873108],[28.170916,-25.873122],[28.170673,-25.873137]]}},{"type":"Feature","properties":{"id":"relation/3278188","name":"Centurion - Rooihuiskraal (Gautrain C2)","network":"Gautrain Bus"},"geometry":{"type":"LineString","coordinates":[[28.169293,-25.873086],[28.1696,-25.873116],[28.169887,-25.873138],[28.170272,-25.87315],[28.170481,-25.873147],[28.170673,-25.873137]]}},{"type":"Feature","properties":{"id":"relation/3278188","name":"Centurion - Rooihuiskraal (Gautrain C2)","network":"Gautrain Bus"},"geometry":{"type":"LineString","coordinates":[[28.168829,-25.873025],[28.169293,-25.873086]]}},{"type":"Feature","properties":{"id":"relation/3278188","name":"Centurion - Rooihuiskraal (Gautrain C2)","network":"Gautrain Bus"},"geometry":{"type":"LineString","coordinates":[[28.168829,-25.873025],[28.168589,-25.873028],[28.168404,-25.873025],[28.16821,-25.873017],[28.168038,-25.873014],[28.167866,-25.873029],[28.167688,-25.87306],[28.16748,-25.873123],[28.167368,-25.873166],[28.16729,-25.873204],[28.16718,-25.873265],[28.16704,-25.873352],[28.166876,-25.873479],[28.166746,-25.873608],[28.166625,-25.873745],[28.166155,-25.874282],[28.165772,-25.874699],[28.165145,-25.875429],[28.16509,-25.875486],[28.164976,-25.875604],[28.164947,-25.875636],[28.164705,-25.875903],[28.164295,-25.876369],[28.164063,-25.876617],[28.163704,-25.877004],[28.163642,-25.877079],[28.163548,-25.877182],[28.16344,-25.877279],[28.163307,-25.877368],[28.163163,-25.877449],[28.163049,-25.877503],[28.16291,-25.877541]]}},{"type":"Feature","properties":{"id":"relation/3278188","name":"Centurion - Rooihuiskraal (Gautrain C2)","network":"Gautrain Bus"},"geometry":{"type":"LineString","coordinates":[[28.16291,-25.877541],[28.162221,-25.877674]]}},{"type":"Feature","properties":{"id":"relation/3278188","name":"Centurion - Rooihuiskraal (Gautrain C2)","network":"Gautrain Bus"},"geometry":{"type":"LineString","coordinates":[[28.162221,-25.877674],[28.161815,-25.877761]]}},{"type":"Feature","properties":{"id":"relation/3278188","name":"Centurion - Rooihuiskraal (Gautrain C2)","network":"Gautrain Bus"},"geometry":{"type":"LineString","coordinates":[[28.161815,-25.877761],[28.161525,-25.877812]]}},{"type":"Feature","properties":{"id":"relation/3278188","name":"Centurion - Rooihuiskraal (Gautrain C2)","network":"Gautrain Bus"},"geometry":{"type":"LineString","coordinates":[[28.161525,-25.877812],[28.161531,-25.877719]]}},{"type":"Feature","properties":{"id":"relation/3278188","name":"Centurion - Rooihuiskraal (Gautrain C2)","network":"Gautrain Bus"},"geometry":{"type":"LineString","coordinates":[[28.161531,-25.877719],[28.161566,-25.877168]]}},{"type":"Feature","properties":{"id":"relation/3278188","name":"Centurion - Rooihuiskraal (Gautrain C2)","network":"Gautrain Bus"},"geometry":{"type":"LineString","coordinates":[[28.161566,-25.877168],[28.161593,-25.876819]]}},{"type":"Feature","properties":{"id":"relation/3278188","name":"Centurion - Rooihuiskraal (Gautrain C2)","network":"Gautrain Bus"},"geometry":{"type":"LineString","coordinates":[[28.161593,-25.876819],[28.161624,-25.876533],[28.16165,-25.876395],[28.161683,-25.876238],[28.161744,-25.876015],[28.161842,-25.875704],[28.161898,-25.875516],[28.161937,-25.87536],[28.161965,-25.875199],[28.161993,-25.874954]]}},{"type":"Feature","properties":{"id":"relation/3278188","name":"Centurion - Rooihuiskraal (Gautrain C2)","network":"Gautrain Bus"},"geometry":{"type":"LineString","coordinates":[[28.161993,-25.874954],[28.162033,-25.874392],[28.162063,-25.873942]]}},{"type":"Feature","properties":{"id":"relation/3278188","name":"Centurion - Rooihuiskraal (Gautrain C2)","network":"Gautrain Bus"},"geometry":{"type":"LineString","coordinates":[[28.162063,-25.873942],[28.16207,-25.873729]]}},{"type":"Feature","properties":{"id":"relation/3278188","name":"Centurion - Rooihuiskraal (Gautrain C2)","network":"Gautrain Bus"},"geometry":{"type":"LineString","coordinates":[[28.16207,-25.873729],[28.162044,-25.873357],[28.162071,-25.872592],[28.162063,-25.872515],[28.162039,-25.872452],[28.162001,-25.8724],[28.161953,-25.872355],[28.161891,-25.872322],[28.16177,-25.872294],[28.161351,-25.872241],[28.161148,-25.872202],[28.161008,-25.872167]]}},{"type":"Feature","properties":{"id":"relation/3278188","name":"Centurion - Rooihuiskraal (Gautrain C2)","network":"Gautrain Bus"},"geometry":{"type":"LineString","coordinates":[[28.161008,-25.872167],[28.160934,-25.87216],[28.160787,-25.872145]]}},{"type":"Feature","properties":{"id":"relation/3278188","name":"Centurion - Rooihuiskraal (Gautrain C2)","network":"Gautrain Bus"},"geometry":{"type":"LineString","coordinates":[[28.160787,-25.872145],[28.160528,-25.872137]]}},{"type":"Feature","properties":{"id":"relation/3278188","name":"Centurion - Rooihuiskraal (Gautrain C2)","network":"Gautrain Bus"},"geometry":{"type":"LineString","coordinates":[[28.160528,-25.872137],[28.160256,-25.872125],[28.160063,-25.872127]]}},{"type":"Feature","properties":{"id":"relation/3278188","name":"Centurion - Rooihuiskraal (Gautrain C2)","network":"Gautrain Bus"},"geometry":{"type":"LineString","coordinates":[[28.160063,-25.872127],[28.159449,-25.872168]]}},{"type":"Feature","properties":{"id":"relation/3278188","name":"Centurion - Rooihuiskraal (Gautrain C2)","network":"Gautrain Bus"},"geometry":{"type":"LineString","coordinates":[[28.159449,-25.872168],[28.159265,-25.872182],[28.159145,-25.872192],[28.158966,-25.872204],[28.158799,-25.872211],[28.158717,-25.872207]]}},{"type":"Feature","properties":{"id":"relation/3278188","name":"Centurion - Rooihuiskraal (Gautrain C2)","network":"Gautrain Bus"},"geometry":{"type":"LineString","coordinates":[[28.158717,-25.872207],[28.158169,-25.872247],[28.156968,-25.872334],[28.156749,-25.872348],[28.156547,-25.872366],[28.155766,-25.87242],[28.154162,-25.872535],[28.153956,-25.872551],[28.1532,-25.872606]]}},{"type":"Feature","properties":{"id":"relation/3278188","name":"Centurion - Rooihuiskraal (Gautrain C2)","network":"Gautrain Bus"},"geometry":{"type":"LineString","coordinates":[[28.1532,-25.872606],[28.152409,-25.872669]]}},{"type":"Feature","properties":{"id":"relation/3278188","name":"Centurion - Rooihuiskraal (Gautrain C2)","network":"Gautrain Bus"},"geometry":{"type":"LineString","coordinates":[[28.152409,-25.872669],[28.152456,-25.87313]]}},{"type":"Feature","properties":{"id":"relation/3278188","name":"Centurion - Rooihuiskraal (Gautrain C2)","network":"Gautrain Bus"},"geometry":{"type":"LineString","coordinates":[[28.152456,-25.87313],[28.152466,-25.873351],[28.152467,-25.873438],[28.15246,-25.873558],[28.152322,-25.874355],[28.15216,-25.875076],[28.152095,-25.875368],[28.151855,-25.87648],[28.151785,-25.876813],[28.151729,-25.877082],[28.151595,-25.877671],[28.15157,-25.877844],[28.151525,-25.878069],[28.1515,-25.878176],[28.151445,-25.87834],[28.15137,-25.878495],[28.151307,-25.878606],[28.151221,-25.878724],[28.151066,-25.878876],[28.150823,-25.87906],[28.150502,-25.879239]]}},{"type":"Feature","properties":{"id":"relation/3278188","name":"Centurion - Rooihuiskraal (Gautrain C2)","network":"Gautrain Bus"},"geometry":{"type":"LineString","coordinates":[[28.149779,-25.879352],[28.149951,-25.879333],[28.150114,-25.87931],[28.150224,-25.879292],[28.150354,-25.879261],[28.150431,-25.879249],[28.150502,-25.879239]]}},{"type":"Feature","properties":{"id":"relation/3278188","name":"Centurion - Rooihuiskraal (Gautrain C2)","network":"Gautrain Bus"},"geometry":{"type":"LineString","coordinates":[[28.150502,-25.879239],[28.150448,-25.879276],[28.150404,-25.879295],[28.150331,-25.879319],[28.150209,-25.87935],[28.150108,-25.879368],[28.150014,-25.879385]]}},{"type":"Feature","properties":{"id":"relation/3278188","name":"Centurion - Rooihuiskraal (Gautrain C2)","network":"Gautrain Bus"},"geometry":{"type":"LineString","coordinates":[[28.150014,-25.879385],[28.149964,-25.879394],[28.149847,-25.879416],[28.149792,-25.879424]]}},{"type":"Feature","properties":{"id":"relation/3278188","name":"Centurion - Rooihuiskraal (Gautrain C2)","network":"Gautrain Bus"},"geometry":{"type":"LineString","coordinates":[[28.149743,-25.879451],[28.149719,-25.879449],[28.149698,-25.879438],[28.149691,-25.879432],[28.14968,-25.879415],[28.149675,-25.879395],[28.149679,-25.879375],[28.149691,-25.879357],[28.149703,-25.879348],[28.149718,-25.879341],[28.149735,-25.879338],[28.149752,-25.87934],[28.149767,-25.879345],[28.149779,-25.879352],[28.149793,-25.879368],[28.1498,-25.879386],[28.149799,-25.879406],[28.149792,-25.879424],[28.149786,-25.879431],[28.149767,-25.879445],[28.149743,-25.879451]]}},{"type":"Feature","properties":{"id":"relation/3278188","name":"Centurion - Rooihuiskraal (Gautrain C2)","network":"Gautrain Bus"},"geometry":{"type":"LineString","coordinates":[[28.148748,-25.879535],[28.148868,-25.879507],[28.149182,-25.879448],[28.149307,-25.879425],[28.149465,-25.879402],[28.149691,-25.879357]]}},{"type":"Feature","properties":{"id":"relation/3278188","name":"Centurion - Rooihuiskraal (Gautrain C2)","network":"Gautrain Bus"},"geometry":{"type":"LineString","coordinates":[[28.149691,-25.879432],[28.14964,-25.879443],[28.149582,-25.879453],[28.149443,-25.879469],[28.14932,-25.879482],[28.1492,-25.879496],[28.149027,-25.879517],[28.14887,-25.879535],[28.148748,-25.879535]]}},{"type":"Feature","properties":{"id":"relation/3278188","name":"Centurion - Rooihuiskraal (Gautrain C2)","network":"Gautrain Bus"},"geometry":{"type":"LineString","coordinates":[[28.148748,-25.879535],[28.147824,-25.879672]]}},{"type":"Feature","properties":{"id":"relation/3278188","name":"Centurion - Rooihuiskraal (Gautrain C2)","network":"Gautrain Bus"},"geometry":{"type":"LineString","coordinates":[[28.147824,-25.879672],[28.14732,-25.879749]]}},{"type":"Feature","properties":{"id":"relation/3278188","name":"Centurion - Rooihuiskraal (Gautrain C2)","network":"Gautrain Bus"},"geometry":{"type":"LineString","coordinates":[[28.14732,-25.879749],[28.146083,-25.879934],[28.145911,-25.87996],[28.14509,-25.880083],[28.14479,-25.880128],[28.144778,-25.88013]]}},{"type":"Feature","properties":{"id":"relation/3278188","name":"Centurion - Rooihuiskraal (Gautrain C2)","network":"Gautrain Bus"},"geometry":{"type":"LineString","coordinates":[[28.144597,-25.880138],[28.144778,-25.88013]]}},{"type":"Feature","properties":{"id":"relation/3278188","name":"Centurion - Rooihuiskraal (Gautrain C2)","network":"Gautrain Bus"},"geometry":{"type":"LineString","coordinates":[[28.144778,-25.88013],[28.144617,-25.880183]]}},{"type":"Feature","properties":{"id":"relation/3278188","name":"Centurion - Rooihuiskraal (Gautrain C2)","network":"Gautrain Bus"},"geometry":{"type":"LineString","coordinates":[[28.144537,-25.880143],[28.144556,-25.880133],[28.144577,-25.880131],[28.144597,-25.880138],[28.144612,-25.880152],[28.144618,-25.88017],[28.144618,-25.880178],[28.144617,-25.880183],[28.144615,-25.88019],[28.144604,-25.880206]]}},{"type":"Feature","properties":{"id":"relation/3278188","name":"Centurion - Rooihuiskraal (Gautrain C2)","network":"Gautrain Bus"},"geometry":{"type":"LineString","coordinates":[[28.144604,-25.880206],[28.144585,-25.880215],[28.144564,-25.880217],[28.144544,-25.88021],[28.14454,-25.880207]]}},{"type":"Feature","properties":{"id":"relation/3278188","name":"Centurion - Rooihuiskraal (Gautrain C2)","network":"Gautrain Bus"},"geometry":{"type":"LineString","coordinates":[[28.14454,-25.880207],[28.144529,-25.880196]]}},{"type":"Feature","properties":{"id":"relation/3278188","name":"Centurion - Rooihuiskraal (Gautrain C2)","network":"Gautrain Bus"},"geometry":{"type":"LineString","coordinates":[[28.144529,-25.880196],[28.144522,-25.880178],[28.144525,-25.880159],[28.144537,-25.880143]]}},{"type":"Feature","properties":{"id":"relation/3278188","name":"Centurion - Rooihuiskraal (Gautrain C2)","network":"Gautrain Bus"},"geometry":{"type":"LineString","coordinates":[[28.144359,-25.880191],[28.144537,-25.880143]]}},{"type":"Feature","properties":{"id":"relation/3278188","name":"Centurion - Rooihuiskraal (Gautrain C2)","network":"Gautrain Bus"},"geometry":{"type":"LineString","coordinates":[[28.144529,-25.880196],[28.144359,-25.880191]]}},{"type":"Feature","properties":{"id":"relation/3278188","name":"Centurion - Rooihuiskraal (Gautrain C2)","network":"Gautrain Bus"},"geometry":{"type":"LineString","coordinates":[[28.144359,-25.880191],[28.144269,-25.880205],[28.144203,-25.880215],[28.144135,-25.880225],[28.144068,-25.880235],[28.143612,-25.880302],[28.14358,-25.880307],[28.143526,-25.880315],[28.143304,-25.880348],[28.142387,-25.880483]]}},{"type":"Feature","properties":{"id":"relation/3278188","name":"Centurion - Rooihuiskraal (Gautrain C2)","network":"Gautrain Bus"},"geometry":{"type":"LineString","coordinates":[[28.142387,-25.880483],[28.141993,-25.880534]]}},{"type":"Feature","properties":{"id":"relation/3278188","name":"Centurion - Rooihuiskraal (Gautrain C2)","network":"Gautrain Bus"},"geometry":{"type":"LineString","coordinates":[[28.141993,-25.880534],[28.141244,-25.88065]]}},{"type":"Feature","properties":{"id":"relation/3278188","name":"Centurion - Rooihuiskraal (Gautrain C2)","network":"Gautrain Bus"},"geometry":{"type":"LineString","coordinates":[[28.141244,-25.88065],[28.141358,-25.881366]]}},{"type":"Feature","properties":{"id":"relation/3278188","name":"Centurion - Rooihuiskraal (Gautrain C2)","network":"Gautrain Bus"},"geometry":{"type":"LineString","coordinates":[[28.141358,-25.881366],[28.141372,-25.881578]]}},{"type":"Feature","properties":{"id":"relation/3278188","name":"Centurion - Rooihuiskraal (Gautrain C2)","network":"Gautrain Bus"},"geometry":{"type":"LineString","coordinates":[[28.141372,-25.881578],[28.14144,-25.882336]]}},{"type":"Feature","properties":{"id":"relation/3278188","name":"Centurion - Rooihuiskraal (Gautrain C2)","network":"Gautrain Bus"},"geometry":{"type":"LineString","coordinates":[[28.14144,-25.882336],[28.141452,-25.882474]]}},{"type":"Feature","properties":{"id":"relation/3278188","name":"Centurion - Rooihuiskraal (Gautrain C2)","network":"Gautrain Bus"},"geometry":{"type":"LineString","coordinates":[[28.141452,-25.882474],[28.141453,-25.882602]]}},{"type":"Feature","properties":{"id":"relation/3278188","name":"Centurion - Rooihuiskraal (Gautrain C2)","network":"Gautrain Bus"},"geometry":{"type":"LineString","coordinates":[[28.141453,-25.882602],[28.141318,-25.882598]]}},{"type":"Feature","properties":{"id":"relation/3278188","name":"Centurion - Rooihuiskraal (Gautrain C2)","network":"Gautrain Bus"},"geometry":{"type":"LineString","coordinates":[[28.141318,-25.882598],[28.141187,-25.882586]]}},{"type":"Feature","properties":{"id":"relation/3278188","name":"Centurion - Rooihuiskraal (Gautrain C2)","network":"Gautrain Bus"},"geometry":{"type":"LineString","coordinates":[[28.141187,-25.882586],[28.140902,-25.88256]]}},{"type":"Feature","properties":{"id":"relation/3278188","name":"Centurion - Rooihuiskraal (Gautrain C2)","network":"Gautrain Bus"},"geometry":{"type":"LineString","coordinates":[[28.140902,-25.88256],[28.140877,-25.882556],[28.140729,-25.882533],[28.140573,-25.882494],[28.140452,-25.882453],[28.140354,-25.882411],[28.140269,-25.882371]]}},{"type":"Feature","properties":{"id":"relation/3278188","name":"Centurion - Rooihuiskraal (Gautrain C2)","network":"Gautrain Bus"},"geometry":{"type":"LineString","coordinates":[[28.140269,-25.882371],[28.140148,-25.882314],[28.139963,-25.882205],[28.139714,-25.882022],[28.139622,-25.88195]]}},{"type":"Feature","properties":{"id":"relation/3278188","name":"Centurion - Rooihuiskraal (Gautrain C2)","network":"Gautrain Bus"},"geometry":{"type":"LineString","coordinates":[[28.139622,-25.88195],[28.139553,-25.8819],[28.13938,-25.881792],[28.139313,-25.881755],[28.139207,-25.881697],[28.139047,-25.88161]]}},{"type":"Feature","properties":{"id":"relation/3278188","name":"Centurion - Rooihuiskraal (Gautrain C2)","network":"Gautrain Bus"},"geometry":{"type":"LineString","coordinates":[[28.139047,-25.88161],[28.13897,-25.881578],[28.138792,-25.881502],[28.138604,-25.881441],[28.138416,-25.881411],[28.138123,-25.881355],[28.138055,-25.881343]]}},{"type":"Feature","properties":{"id":"relation/3278188","name":"Centurion - Rooihuiskraal (Gautrain C2)","network":"Gautrain Bus"},"geometry":{"type":"LineString","coordinates":[[28.138055,-25.881343],[28.13795,-25.881333],[28.137826,-25.881323],[28.137683,-25.881326],[28.137404,-25.881365]]}},{"type":"Feature","properties":{"id":"relation/3278188","name":"Centurion - Rooihuiskraal (Gautrain C2)","network":"Gautrain Bus"},"geometry":{"type":"LineString","coordinates":[[28.137404,-25.881365],[28.136924,-25.881429],[28.136727,-25.88146],[28.136543,-25.881466],[28.136235,-25.881471],[28.135783,-25.88143]]}},{"type":"Feature","properties":{"id":"relation/3278188","name":"Centurion - Rooihuiskraal (Gautrain C2)","network":"Gautrain Bus"},"geometry":{"type":"LineString","coordinates":[[28.135757,-25.873849],[28.135017,-25.874022],[28.13486,-25.874064],[28.134616,-25.874142],[28.133234,-25.874671],[28.132799,-25.874833],[28.13181,-25.875204],[28.131767,-25.875226],[28.131718,-25.875254],[28.131672,-25.875285],[28.131436,-25.875488],[28.131242,-25.875708],[28.131201,-25.875767],[28.131169,-25.875831],[28.131142,-25.875919],[28.13067,-25.877492]]}},{"type":"Feature","properties":{"id":"relation/3278188","name":"Centurion - Rooihuiskraal (Gautrain C2)","network":"Gautrain Bus"},"geometry":{"type":"LineString","coordinates":[[28.135599,-25.873111],[28.135673,-25.873444],[28.135757,-25.873849]]}},{"type":"Feature","properties":{"id":"relation/3278188","name":"Centurion - Rooihuiskraal (Gautrain C2)","network":"Gautrain Bus"},"geometry":{"type":"LineString","coordinates":[[28.135599,-25.873111],[28.135578,-25.873072],[28.135564,-25.873028],[28.135494,-25.872751],[28.135458,-25.872632]]}},{"type":"Feature","properties":{"id":"relation/3278188","name":"Centurion - Rooihuiskraal (Gautrain C2)","network":"Gautrain Bus"},"geometry":{"type":"LineString","coordinates":[[28.135458,-25.872632],[28.135445,-25.872568]]}},{"type":"Feature","properties":{"id":"relation/3278188","name":"Centurion - Rooihuiskraal (Gautrain C2)","network":"Gautrain Bus"},"geometry":{"type":"LineString","coordinates":[[28.135445,-25.872568],[28.13537,-25.872218]]}},{"type":"Feature","properties":{"id":"relation/3278188","name":"Centurion - Rooihuiskraal (Gautrain C2)","network":"Gautrain Bus"},"geometry":{"type":"LineString","coordinates":[[28.13537,-25.872218],[28.135324,-25.871979]]}},{"type":"Feature","properties":{"id":"relation/3278188","name":"Centurion - Rooihuiskraal (Gautrain C2)","network":"Gautrain Bus"},"geometry":{"type":"LineString","coordinates":[[28.135324,-25.871979],[28.135255,-25.871671]]}},{"type":"Feature","properties":{"id":"relation/3278188","name":"Centurion - Rooihuiskraal (Gautrain C2)","network":"Gautrain Bus"},"geometry":{"type":"LineString","coordinates":[[28.135255,-25.871671],[28.135188,-25.871322],[28.135191,-25.871278]]}},{"type":"Feature","properties":{"id":"relation/3278188","name":"Centurion - Rooihuiskraal (Gautrain C2)","network":"Gautrain Bus"},"geometry":{"type":"LineString","coordinates":[[28.135112,-25.870933],[28.135191,-25.871278]]}},{"type":"Feature","properties":{"id":"relation/3278188","name":"Centurion - Rooihuiskraal (Gautrain C2)","network":"Gautrain Bus"},"geometry":{"type":"LineString","coordinates":[[28.135112,-25.870933],[28.13504,-25.870782]]}},{"type":"Feature","properties":{"id":"relation/3278188","name":"Centurion - Rooihuiskraal (Gautrain C2)","network":"Gautrain Bus"},"geometry":{"type":"LineString","coordinates":[[28.13504,-25.870782],[28.135017,-25.870775],[28.134996,-25.870763],[28.13498,-25.870747],[28.134969,-25.870727],[28.134964,-25.870706],[28.134966,-25.870675],[28.134972,-25.870663],[28.134985,-25.870645]]}},{"type":"Feature","properties":{"id":"relation/3278188","name":"Centurion - Rooihuiskraal (Gautrain C2)","network":"Gautrain Bus"},"geometry":{"type":"LineString","coordinates":[[28.134985,-25.870645],[28.135009,-25.870625],[28.13504,-25.870615],[28.135073,-25.870614],[28.135104,-25.870624]]}},{"type":"Feature","properties":{"id":"relation/3278188","name":"Centurion - Rooihuiskraal (Gautrain C2)","network":"Gautrain Bus"},"geometry":{"type":"LineString","coordinates":[[28.135104,-25.870624],[28.135129,-25.870642]]}},{"type":"Feature","properties":{"id":"relation/3278188","name":"Centurion - Rooihuiskraal (Gautrain C2)","network":"Gautrain Bus"},"geometry":{"type":"LineString","coordinates":[[28.135129,-25.870642],[28.135335,-25.870647]]}},{"type":"Feature","properties":{"id":"relation/3278188","name":"Centurion - Rooihuiskraal (Gautrain C2)","network":"Gautrain Bus"},"geometry":{"type":"LineString","coordinates":[[28.135335,-25.870647],[28.136021,-25.870543]]}},{"type":"Feature","properties":{"id":"relation/3278188","name":"Centurion - Rooihuiskraal (Gautrain C2)","network":"Gautrain Bus"},"geometry":{"type":"LineString","coordinates":[[28.136021,-25.870543],[28.136445,-25.870437],[28.136929,-25.870368]]}},{"type":"Feature","properties":{"id":"relation/3278188","name":"Centurion - Rooihuiskraal (Gautrain C2)","network":"Gautrain Bus"},"geometry":{"type":"LineString","coordinates":[[28.136929,-25.870368],[28.137268,-25.870318]]}},{"type":"Feature","properties":{"id":"relation/3278188","name":"Centurion - Rooihuiskraal (Gautrain C2)","network":"Gautrain Bus"},"geometry":{"type":"LineString","coordinates":[[28.137268,-25.870318],[28.137629,-25.870239]]}},{"type":"Feature","properties":{"id":"relation/3278188","name":"Centurion - Rooihuiskraal (Gautrain C2)","network":"Gautrain Bus"},"geometry":{"type":"LineString","coordinates":[[28.137629,-25.870239],[28.138356,-25.870124]]}},{"type":"Feature","properties":{"id":"relation/3278188","name":"Centurion - Rooihuiskraal (Gautrain C2)","network":"Gautrain Bus"},"geometry":{"type":"LineString","coordinates":[[28.138356,-25.870124],[28.138459,-25.870108]]}},{"type":"Feature","properties":{"id":"relation/3278188","name":"Centurion - Rooihuiskraal (Gautrain C2)","network":"Gautrain Bus"},"geometry":{"type":"LineString","coordinates":[[28.138459,-25.870108],[28.138589,-25.870084]]}},{"type":"Feature","properties":{"id":"relation/3278188","name":"Centurion - Rooihuiskraal (Gautrain C2)","network":"Gautrain Bus"},"geometry":{"type":"LineString","coordinates":[[28.138589,-25.870084],[28.138597,-25.870116],[28.138606,-25.870154]]}},{"type":"Feature","properties":{"id":"relation/3278188","name":"Centurion - Rooihuiskraal (Gautrain C2)","network":"Gautrain Bus"},"geometry":{"type":"LineString","coordinates":[[28.138606,-25.870154],[28.138623,-25.870224]]}},{"type":"Feature","properties":{"id":"relation/3278188","name":"Centurion - Rooihuiskraal (Gautrain C2)","network":"Gautrain Bus"},"geometry":{"type":"LineString","coordinates":[[28.138623,-25.870224],[28.138676,-25.870454],[28.138712,-25.870618],[28.138788,-25.870953],[28.138953,-25.871711],[28.139018,-25.872018]]}},{"type":"Feature","properties":{"id":"relation/3278188","name":"Centurion - Rooihuiskraal (Gautrain C2)","network":"Gautrain Bus"},"geometry":{"type":"LineString","coordinates":[[28.139018,-25.872018],[28.139213,-25.872937],[28.139275,-25.873197]]}},{"type":"Feature","properties":{"id":"relation/3278188","name":"Centurion - Rooihuiskraal (Gautrain C2)","network":"Gautrain Bus"},"geometry":{"type":"LineString","coordinates":[[28.139275,-25.873197],[28.139439,-25.873156]]}},{"type":"Feature","properties":{"id":"relation/3278188","name":"Centurion - Rooihuiskraal (Gautrain C2)","network":"Gautrain Bus"},"geometry":{"type":"LineString","coordinates":[[28.139439,-25.873156],[28.139555,-25.873118],[28.139689,-25.873073]]}},{"type":"Feature","properties":{"id":"relation/3278188","name":"Centurion - Rooihuiskraal (Gautrain C2)","network":"Gautrain Bus"},"geometry":{"type":"LineString","coordinates":[[28.139689,-25.873073],[28.139793,-25.873054]]}},{"type":"Feature","properties":{"id":"relation/3278188","name":"Centurion - Rooihuiskraal (Gautrain C2)","network":"Gautrain Bus"},"geometry":{"type":"LineString","coordinates":[[28.140961,-25.872686],[28.140597,-25.872795],[28.140158,-25.872935],[28.139915,-25.873018],[28.139793,-25.873054]]}},{"type":"Feature","properties":{"id":"relation/3278188","name":"Centurion - Rooihuiskraal (Gautrain C2)","network":"Gautrain Bus"},"geometry":{"type":"LineString","coordinates":[[28.141088,-25.872645],[28.140961,-25.872686]]}},{"type":"Feature","properties":{"id":"relation/3278188","name":"Centurion - Rooihuiskraal (Gautrain C2)","network":"Gautrain Bus"},"geometry":{"type":"LineString","coordinates":[[28.141747,-25.872433],[28.141353,-25.872561],[28.141088,-25.872645]]}},{"type":"Feature","properties":{"id":"relation/3278188","name":"Centurion - Rooihuiskraal (Gautrain C2)","network":"Gautrain Bus"},"geometry":{"type":"LineString","coordinates":[[28.130354,-25.878477],[28.130474,-25.878084],[28.130618,-25.877599],[28.130643,-25.87753],[28.13067,-25.877492]]}},{"type":"Feature","properties":{"id":"relation/3278188","name":"Centurion - Rooihuiskraal (Gautrain C2)","network":"Gautrain Bus"},"geometry":{"type":"LineString","coordinates":[[28.130333,-25.878548],[28.130354,-25.878477]]}},{"type":"Feature","properties":{"id":"relation/3278188","name":"Centurion - Rooihuiskraal (Gautrain C2)","network":"Gautrain Bus"},"geometry":{"type":"LineString","coordinates":[[28.142023,-25.872343],[28.141747,-25.872433]]}},{"type":"Feature","properties":{"id":"relation/3278188","name":"Centurion - Rooihuiskraal (Gautrain C2)","network":"Gautrain Bus"},"geometry":{"type":"LineString","coordinates":[[28.152087,-25.870469],[28.151793,-25.870503],[28.151113,-25.87058],[28.15004,-25.870699],[28.149968,-25.870712],[28.149908,-25.870729],[28.149851,-25.870762],[28.149802,-25.870808],[28.149365,-25.87127],[28.149086,-25.871571],[28.149023,-25.87162],[28.148943,-25.871655],[28.148873,-25.871671],[28.148524,-25.871695],[28.148329,-25.871707],[28.147547,-25.871765],[28.146646,-25.871833],[28.145868,-25.871886],[28.144875,-25.871951],[28.14402,-25.872027],[28.143074,-25.872095],[28.142886,-25.872112],[28.142767,-25.872129],[28.14266,-25.872152],[28.142538,-25.872187],[28.142023,-25.872343]]}},{"type":"Feature","properties":{"id":"relation/3278188","name":"Centurion - Rooihuiskraal (Gautrain C2)","network":"Gautrain Bus"},"geometry":{"type":"LineString","coordinates":[[28.15213,-25.870463],[28.152087,-25.870469]]}},{"type":"Feature","properties":{"id":"relation/3278188","name":"Centurion - Rooihuiskraal (Gautrain C2)","network":"Gautrain Bus"},"geometry":{"type":"LineString","coordinates":[[28.152116,-25.870538],[28.152087,-25.870469]]}},{"type":"Feature","properties":{"id":"relation/3278188","name":"Centurion - Rooihuiskraal (Gautrain C2)","network":"Gautrain Bus"},"geometry":{"type":"LineString","coordinates":[[28.15213,-25.870463],[28.152116,-25.870538]]}},{"type":"Feature","properties":{"id":"relation/3278188","name":"Centurion - Rooihuiskraal (Gautrain C2)","network":"Gautrain Bus"},"geometry":{"type":"LineString","coordinates":[[28.152116,-25.870538],[28.152225,-25.871342],[28.152316,-25.871992]]}},{"type":"Feature","properties":{"id":"relation/3278188","name":"Centurion - Rooihuiskraal (Gautrain C2)","network":"Gautrain Bus"},"geometry":{"type":"LineString","coordinates":[[28.152316,-25.871992],[28.152358,-25.87231],[28.152392,-25.872558],[28.152409,-25.872669]]}},{"type":"Feature","properties":{"id":"relation/3278188","name":"Centurion - Rooihuiskraal (Gautrain C2)","network":"Gautrain Bus"},"geometry":{"type":"LineString","coordinates":[[28.158717,-25.872207],[28.158781,-25.872192],[28.158967,-25.872166],[28.159258,-25.872129],[28.159436,-25.872112]]}},{"type":"Feature","properties":{"id":"relation/3278188","name":"Centurion - Rooihuiskraal (Gautrain C2)","network":"Gautrain Bus"},"geometry":{"type":"LineString","coordinates":[[28.159436,-25.872112],[28.159712,-25.872089],[28.160064,-25.872071]]}},{"type":"Feature","properties":{"id":"relation/3278188","name":"Centurion - Rooihuiskraal (Gautrain C2)","network":"Gautrain Bus"},"geometry":{"type":"LineString","coordinates":[[28.160064,-25.872071],[28.160244,-25.872069],[28.160523,-25.87208]]}},{"type":"Feature","properties":{"id":"relation/3278188","name":"Centurion - Rooihuiskraal (Gautrain C2)","network":"Gautrain Bus"},"geometry":{"type":"LineString","coordinates":[[28.160523,-25.87208],[28.160788,-25.872094]]}},{"type":"Feature","properties":{"id":"relation/3278188","name":"Centurion - Rooihuiskraal (Gautrain C2)","network":"Gautrain Bus"},"geometry":{"type":"LineString","coordinates":[[28.160788,-25.872094],[28.161068,-25.872109]]}},{"type":"Feature","properties":{"id":"relation/3278188","name":"Centurion - Rooihuiskraal (Gautrain C2)","network":"Gautrain Bus"},"geometry":{"type":"LineString","coordinates":[[28.161068,-25.872109],[28.161384,-25.872123],[28.162056,-25.872145],[28.162165,-25.872149]]}},{"type":"Feature","properties":{"id":"relation/3278188","name":"Centurion - Rooihuiskraal (Gautrain C2)","network":"Gautrain Bus"},"geometry":{"type":"LineString","coordinates":[[28.162165,-25.872149],[28.162273,-25.872154]]}},{"type":"Feature","properties":{"id":"relation/3278188","name":"Centurion - Rooihuiskraal (Gautrain C2)","network":"Gautrain Bus"},"geometry":{"type":"LineString","coordinates":[[28.162273,-25.872154],[28.162271,-25.872271]]}},{"type":"Feature","properties":{"id":"relation/3278188","name":"Centurion - Rooihuiskraal (Gautrain C2)","network":"Gautrain Bus"},"geometry":{"type":"LineString","coordinates":[[28.162271,-25.872271],[28.162255,-25.872691],[28.162188,-25.873412],[28.162148,-25.873743]]}},{"type":"Feature","properties":{"id":"relation/3278188","name":"Centurion - Rooihuiskraal (Gautrain C2)","network":"Gautrain Bus"},"geometry":{"type":"LineString","coordinates":[[28.162148,-25.873743],[28.16212,-25.873951]]}},{"type":"Feature","properties":{"id":"relation/3278188","name":"Centurion - Rooihuiskraal (Gautrain C2)","network":"Gautrain Bus"},"geometry":{"type":"LineString","coordinates":[[28.16212,-25.873951],[28.162073,-25.874395],[28.162033,-25.874956]]}},{"type":"Feature","properties":{"id":"relation/3278188","name":"Centurion - Rooihuiskraal (Gautrain C2)","network":"Gautrain Bus"},"geometry":{"type":"LineString","coordinates":[[28.162033,-25.874956],[28.162002,-25.875277],[28.16198,-25.875524],[28.161918,-25.876211]]}},{"type":"Feature","properties":{"id":"relation/3278188","name":"Centurion - Rooihuiskraal (Gautrain C2)","network":"Gautrain Bus"},"geometry":{"type":"LineString","coordinates":[[28.161918,-25.876211],[28.16184,-25.877211]]}},{"type":"Feature","properties":{"id":"relation/3278188","name":"Centurion - Rooihuiskraal (Gautrain C2)","network":"Gautrain Bus"},"geometry":{"type":"LineString","coordinates":[[28.16184,-25.877211],[28.161934,-25.877415],[28.16197,-25.877464],[28.162019,-25.8775],[28.162073,-25.877529],[28.162148,-25.877554],[28.16226,-25.877566]]}},{"type":"Feature","properties":{"id":"relation/3278188","name":"Centurion - Rooihuiskraal (Gautrain C2)","network":"Gautrain Bus"},"geometry":{"type":"LineString","coordinates":[[28.16226,-25.877566],[28.16246,-25.877518],[28.162801,-25.877451],[28.162966,-25.877407],[28.163125,-25.877339],[28.163252,-25.877263],[28.163384,-25.877169],[28.163548,-25.877012],[28.163611,-25.876938],[28.163806,-25.876716],[28.164386,-25.876098],[28.164983,-25.875422],[28.165033,-25.875363],[28.16596,-25.874361],[28.166584,-25.873667]]}},{"type":"Feature","properties":{"id":"relation/3278188","name":"Centurion - Rooihuiskraal (Gautrain C2)","network":"Gautrain Bus"},"geometry":{"type":"LineString","coordinates":[[28.166584,-25.873667],[28.16715,-25.873039]]}},{"type":"Feature","properties":{"id":"relation/3278188","name":"Centurion - Rooihuiskraal (Gautrain C2)","network":"Gautrain Bus"},"geometry":{"type":"LineString","coordinates":[[28.16715,-25.873039],[28.167253,-25.872926],[28.167299,-25.872869],[28.167345,-25.872809]]}},{"type":"Feature","properties":{"id":"relation/3278188","name":"Centurion - Rooihuiskraal (Gautrain C2)","network":"Gautrain Bus"},"geometry":{"type":"LineString","coordinates":[[28.167345,-25.872809],[28.167376,-25.872813]]}},{"type":"Feature","properties":{"id":"relation/3278188","name":"Centurion - Rooihuiskraal (Gautrain C2)","network":"Gautrain Bus"},"geometry":{"type":"LineString","coordinates":[[28.167376,-25.872813],[28.167611,-25.872843],[28.167836,-25.872873],[28.167943,-25.872889],[28.168017,-25.872905],[28.168109,-25.872934]]}},{"type":"Feature","properties":{"id":"relation/3278188","name":"Centurion - Rooihuiskraal (Gautrain C2)","network":"Gautrain Bus"},"geometry":{"type":"LineString","coordinates":[[28.168829,-25.873025],[28.168109,-25.872934]]}},{"type":"Feature","properties":{"id":"relation/3278188","name":"Centurion - Rooihuiskraal (Gautrain C2)","network":"Gautrain Bus"},"geometry":{"type":"LineString","coordinates":[[28.176293,-25.870913],[28.176782,-25.870638],[28.176887,-25.870577],[28.176945,-25.870549],[28.177037,-25.870515]]}},{"type":"Feature","properties":{"id":"relation/3278188","name":"Centurion - Rooihuiskraal (Gautrain C2)","network":"Gautrain Bus"},"geometry":{"type":"LineString","coordinates":[[28.175736,-25.871255],[28.176293,-25.870913]]}},{"type":"Feature","properties":{"id":"relation/3278188","name":"Centurion - Rooihuiskraal (Gautrain C2)","network":"Gautrain Bus"},"geometry":{"type":"LineString","coordinates":[[28.175463,-25.871409],[28.175736,-25.871255]]}},{"type":"Feature","properties":{"id":"relation/3278188","name":"Centurion - Rooihuiskraal (Gautrain C2)","network":"Gautrain Bus"},"geometry":{"type":"LineString","coordinates":[[28.174215,-25.872181],[28.174351,-25.872106],[28.174455,-25.872048],[28.174583,-25.871977],[28.175063,-25.871683],[28.175244,-25.87156],[28.175387,-25.871461],[28.175463,-25.871409]]}},{"type":"Feature","properties":{"id":"relation/3278188","name":"Centurion - Rooihuiskraal (Gautrain C2)","network":"Gautrain Bus"},"geometry":{"type":"LineString","coordinates":[[28.173668,-25.87244],[28.173972,-25.872301],[28.174215,-25.872181]]}},{"type":"Feature","properties":{"id":"relation/3278188","name":"Centurion - Rooihuiskraal (Gautrain C2)","network":"Gautrain Bus"},"geometry":{"type":"LineString","coordinates":[[28.173144,-25.872643],[28.173303,-25.872586],[28.173483,-25.872522],[28.173668,-25.87244]]}},{"type":"Feature","properties":{"id":"relation/3278188","name":"Centurion - Rooihuiskraal (Gautrain C2)","network":"Gautrain Bus"},"geometry":{"type":"LineString","coordinates":[[28.172459,-25.872875],[28.172553,-25.872837],[28.17276,-25.872768],[28.172818,-25.872749],[28.173007,-25.87269],[28.173144,-25.872643]]}},{"type":"Feature","properties":{"id":"relation/3278188","name":"Centurion - Rooihuiskraal (Gautrain C2)","network":"Gautrain Bus"},"geometry":{"type":"LineString","coordinates":[[28.18297,-25.865955],[28.183561,-25.865193]]}},{"type":"Feature","properties":{"id":"relation/3278188","name":"Centurion - Rooihuiskraal (Gautrain C2)","network":"Gautrain Bus"},"geometry":{"type":"LineString","coordinates":[[28.183561,-25.865193],[28.18368,-25.86504],[28.183852,-25.864765]]}},{"type":"Feature","properties":{"id":"relation/3278188","name":"Centurion - Rooihuiskraal (Gautrain C2)","network":"Gautrain Bus"},"geometry":{"type":"LineString","coordinates":[[28.183852,-25.864765],[28.184021,-25.864501],[28.184129,-25.864329]]}},{"type":"Feature","properties":{"id":"relation/3278188","name":"Centurion - Rooihuiskraal (Gautrain C2)","network":"Gautrain Bus"},"geometry":{"type":"LineString","coordinates":[[28.184129,-25.864329],[28.184282,-25.864106]]}},{"type":"Feature","properties":{"id":"relation/3278188","name":"Centurion - Rooihuiskraal (Gautrain C2)","network":"Gautrain Bus"},"geometry":{"type":"LineString","coordinates":[[28.184282,-25.864106],[28.184356,-25.863997],[28.18454,-25.863733],[28.184622,-25.863617]]}},{"type":"Feature","properties":{"id":"relation/3278188","name":"Centurion - Rooihuiskraal (Gautrain C2)","network":"Gautrain Bus"},"geometry":{"type":"LineString","coordinates":[[28.184622,-25.863617],[28.184643,-25.86359],[28.185173,-25.862958],[28.185213,-25.86291]]}},{"type":"Feature","properties":{"id":"relation/3278188","name":"Centurion - Rooihuiskraal (Gautrain C2)","network":"Gautrain Bus"},"geometry":{"type":"LineString","coordinates":[[28.185213,-25.86291],[28.185363,-25.862731],[28.185388,-25.862702]]}},{"type":"Feature","properties":{"id":"relation/3278188","name":"Centurion - Rooihuiskraal (Gautrain C2)","network":"Gautrain Bus"},"geometry":{"type":"LineString","coordinates":[[28.185388,-25.862702],[28.185436,-25.86265],[28.18588,-25.862168],[28.18592,-25.862125]]}},{"type":"Feature","properties":{"id":"relation/3278188","name":"Centurion - Rooihuiskraal (Gautrain C2)","network":"Gautrain Bus"},"geometry":{"type":"LineString","coordinates":[[28.18592,-25.862125],[28.186368,-25.861639],[28.186422,-25.86158],[28.186646,-25.861337],[28.186844,-25.861123]]}},{"type":"Feature","properties":{"id":"relation/3278188","name":"Centurion - Rooihuiskraal (Gautrain C2)","network":"Gautrain Bus"},"geometry":{"type":"LineString","coordinates":[[28.186844,-25.861123],[28.187306,-25.860621]]}},{"type":"Feature","properties":{"id":"relation/3278188","name":"Centurion - Rooihuiskraal (Gautrain C2)","network":"Gautrain Bus"},"geometry":{"type":"LineString","coordinates":[[28.187306,-25.860621],[28.187739,-25.860151],[28.187881,-25.86],[28.188059,-25.859803]]}},{"type":"Feature","properties":{"id":"relation/3278188","name":"Centurion - Rooihuiskraal (Gautrain C2)","network":"Gautrain Bus"},"geometry":{"type":"LineString","coordinates":[[28.188059,-25.859803],[28.188493,-25.859332]]}},{"type":"Feature","properties":{"id":"relation/3278188","name":"Centurion - Rooihuiskraal (Gautrain C2)","network":"Gautrain Bus"},"geometry":{"type":"LineString","coordinates":[[28.188493,-25.859332],[28.188802,-25.858988],[28.18887,-25.858911],[28.188883,-25.858897],[28.18929,-25.858439]]}},{"type":"Feature","properties":{"id":"relation/3278188","name":"Centurion - Rooihuiskraal (Gautrain C2)","network":"Gautrain Bus"},"geometry":{"type":"LineString","coordinates":[[28.18929,-25.858439],[28.189627,-25.858081]]}},{"type":"Feature","properties":{"id":"relation/3278188","name":"Centurion - Rooihuiskraal (Gautrain C2)","network":"Gautrain Bus"},"geometry":{"type":"LineString","coordinates":[[28.189627,-25.858081],[28.189941,-25.8577],[28.190138,-25.857492]]}},{"type":"Feature","properties":{"id":"relation/3278188","name":"Centurion - Rooihuiskraal (Gautrain C2)","network":"Gautrain Bus"},"geometry":{"type":"LineString","coordinates":[[28.190138,-25.857492],[28.190183,-25.857451],[28.190332,-25.857313],[28.190346,-25.857302],[28.190531,-25.857163],[28.190865,-25.856903],[28.191129,-25.856711]]}},{"type":"Feature","properties":{"id":"relation/3278188","name":"Centurion - Rooihuiskraal (Gautrain C2)","network":"Gautrain Bus"},"geometry":{"type":"LineString","coordinates":[[28.191129,-25.856711],[28.191466,-25.856502]]}},{"type":"Feature","properties":{"id":"relation/3278188","name":"Centurion - Rooihuiskraal (Gautrain C2)","network":"Gautrain Bus"},"geometry":{"type":"LineString","coordinates":[[28.191466,-25.856502],[28.191486,-25.856488],[28.191924,-25.856199],[28.192036,-25.856112],[28.192187,-25.855965]]}},{"type":"Feature","properties":{"id":"relation/3278188","name":"Centurion - Rooihuiskraal (Gautrain C2)","network":"Gautrain Bus"},"geometry":{"type":"LineString","coordinates":[[28.192187,-25.855965],[28.192688,-25.855348]]}},{"type":"Feature","properties":{"id":"relation/3278188","name":"Centurion - Rooihuiskraal (Gautrain C2)","network":"Gautrain Bus"},"geometry":{"type":"LineString","coordinates":[[28.192688,-25.855348],[28.191976,-25.85482]]}},{"type":"Feature","properties":{"id":"relation/3278188","name":"Centurion - Rooihuiskraal (Gautrain C2)","network":"Gautrain Bus"},"geometry":{"type":"LineString","coordinates":[[28.191976,-25.85482],[28.191851,-25.854726],[28.191774,-25.854668],[28.191461,-25.854432],[28.191368,-25.854362],[28.191273,-25.85429]]}},{"type":"Feature","properties":{"id":"relation/3278188","name":"Centurion - Rooihuiskraal (Gautrain C2)","network":"Gautrain Bus"},"geometry":{"type":"LineString","coordinates":[[28.191273,-25.85429],[28.190861,-25.853989],[28.190665,-25.853847]]}},{"type":"Feature","properties":{"id":"relation/3278188","name":"Centurion - Rooihuiskraal (Gautrain C2)","network":"Gautrain Bus"},"geometry":{"type":"LineString","coordinates":[[28.190665,-25.853847],[28.190073,-25.853416],[28.189953,-25.853282],[28.189909,-25.853207],[28.189765,-25.852972]]}},{"type":"Feature","properties":{"id":"relation/3278188","name":"Centurion - Rooihuiskraal (Gautrain C2)","network":"Gautrain Bus"},"geometry":{"type":"LineString","coordinates":[[28.189765,-25.852972],[28.189408,-25.852421],[28.189339,-25.852314]]}},{"type":"Feature","properties":{"id":"relation/3278188","name":"Centurion - Rooihuiskraal (Gautrain C2)","network":"Gautrain Bus"},"geometry":{"type":"LineString","coordinates":[[28.189339,-25.852314],[28.188995,-25.851824]]}},{"type":"Feature","properties":{"id":"relation/3278188","name":"Centurion - Rooihuiskraal (Gautrain C2)","network":"Gautrain Bus"},"geometry":{"type":"LineString","coordinates":[[28.188995,-25.851824],[28.188959,-25.851766]]}},{"type":"Feature","properties":{"id":"relation/3278188","name":"Centurion - Rooihuiskraal (Gautrain C2)","network":"Gautrain Bus"},"geometry":{"type":"LineString","coordinates":[[28.188959,-25.851766],[28.189116,-25.851678]]}},{"type":"Feature","properties":{"id":"relation/3278188","name":"Centurion - Rooihuiskraal (Gautrain C2)","network":"Gautrain Bus"},"geometry":{"type":"LineString","coordinates":[[28.189116,-25.851678],[28.189261,-25.851526]]}},{"type":"Feature","properties":{"id":"relation/3278188","name":"Centurion - Rooihuiskraal (Gautrain C2)","network":"Gautrain Bus"},"geometry":{"type":"LineString","coordinates":[[28.189261,-25.851526],[28.189422,-25.851437]]}},{"type":"Feature","properties":{"id":"relation/3278188","name":"Centurion - Rooihuiskraal (Gautrain C2)","network":"Gautrain Bus"},"geometry":{"type":"LineString","coordinates":[[28.189422,-25.851437],[28.189506,-25.85139]]}},{"type":"Feature","properties":{"id":"relation/3278188","name":"Centurion - Rooihuiskraal (Gautrain C2)","network":"Gautrain Bus"},"geometry":{"type":"LineString","coordinates":[[28.189506,-25.85139],[28.189505,-25.851371],[28.189504,-25.851355],[28.189514,-25.85132],[28.189535,-25.85129],[28.189565,-25.851266],[28.189601,-25.851252],[28.189641,-25.851248],[28.18968,-25.851254],[28.189715,-25.85127],[28.189747,-25.851296],[28.189758,-25.851317],[28.189767,-25.851342],[28.18977,-25.851367],[28.189767,-25.851393]]}},{"type":"Feature","properties":{"id":"relation/3278188","name":"Centurion - Rooihuiskraal (Gautrain C2)","network":"Gautrain Bus"},"geometry":{"type":"LineString","coordinates":[[28.189767,-25.851393],[28.189786,-25.851395],[28.189903,-25.851409],[28.189928,-25.851414],[28.18995,-25.851427],[28.190435,-25.851795],[28.190524,-25.851854],[28.190536,-25.851868],[28.190544,-25.851885],[28.190545,-25.851897],[28.190546,-25.851914],[28.190542,-25.851929],[28.190534,-25.851951],[28.190522,-25.851969],[28.19028,-25.852246],[28.190264,-25.852261],[28.190247,-25.852272],[28.190226,-25.852274],[28.190205,-25.852269],[28.190181,-25.852262],[28.19016,-25.852249],[28.190139,-25.852223],[28.190117,-25.852195],[28.190068,-25.852136],[28.190033,-25.852092],[28.189832,-25.851813]]}},{"type":"Feature","properties":{"id":"relation/3278188","name":"Centurion - Rooihuiskraal (Gautrain C2)","network":"Gautrain Bus"},"geometry":{"type":"LineString","coordinates":[[28.135783,-25.88143],[28.135416,-25.881396],[28.1351,-25.881341],[28.134943,-25.881306],[28.13469,-25.88124],[28.134345,-25.881116],[28.134073,-25.881006],[28.134013,-25.880975],[28.133674,-25.880747],[28.131588,-25.879153]]}},{"type":"Feature","properties":{"id":"relation/3278188","name":"Centurion - Rooihuiskraal (Gautrain C2)","network":"Gautrain Bus"},"geometry":{"type":"LineString","coordinates":[[28.131588,-25.879153],[28.13149,-25.879115],[28.131328,-25.879025],[28.131075,-25.878886],[28.130995,-25.878846]]}},{"type":"Feature","properties":{"id":"relation/3278188","name":"Centurion - Rooihuiskraal (Gautrain C2)","network":"Gautrain Bus"},"geometry":{"type":"LineString","coordinates":[[28.130995,-25.878846],[28.130906,-25.878806],[28.130384,-25.878566]]}},{"type":"Feature","properties":{"id":"relation/3278188","name":"Centurion - Rooihuiskraal (Gautrain C2)","network":"Gautrain Bus"},"geometry":{"type":"LineString","coordinates":[[28.130384,-25.878566],[28.130333,-25.878548]]}},{"type":"Feature","properties":{"id":"relation/3278220","name":"Centurion - Wierda Park (Gautrain C3)","network":"Gautrain Bus"},"geometry":{"type":"LineString","coordinates":[[28.189832,-25.851813],[28.189815,-25.851785],[28.189802,-25.851752],[28.189795,-25.851722],[28.189794,-25.851689],[28.189795,-25.851634],[28.189793,-25.85159]]}},{"type":"Feature","properties":{"id":"relation/3278220","name":"Centurion - Wierda Park (Gautrain C3)","network":"Gautrain Bus"},"geometry":{"type":"LineString","coordinates":[[28.189793,-25.85159],[28.189766,-25.851553],[28.189705,-25.851471]]}},{"type":"Feature","properties":{"id":"relation/3278220","name":"Centurion - Wierda Park (Gautrain C3)","network":"Gautrain Bus"},"geometry":{"type":"LineString","coordinates":[[28.189705,-25.851471],[28.189679,-25.851481],[28.189651,-25.851487],[28.189623,-25.851487],[28.189596,-25.851481],[28.18957,-25.851471]]}},{"type":"Feature","properties":{"id":"relation/3278220","name":"Centurion - Wierda Park (Gautrain C3)","network":"Gautrain Bus"},"geometry":{"type":"LineString","coordinates":[[28.18957,-25.851471],[28.189534,-25.85149]]}},{"type":"Feature","properties":{"id":"relation/3278220","name":"Centurion - Wierda Park (Gautrain C3)","network":"Gautrain Bus"},"geometry":{"type":"LineString","coordinates":[[28.189534,-25.85149],[28.189269,-25.851631]]}},{"type":"Feature","properties":{"id":"relation/3278220","name":"Centurion - Wierda Park (Gautrain C3)","network":"Gautrain Bus"},"geometry":{"type":"LineString","coordinates":[[28.189269,-25.851631],[28.189162,-25.851748]]}},{"type":"Feature","properties":{"id":"relation/3278220","name":"Centurion - Wierda Park (Gautrain C3)","network":"Gautrain Bus"},"geometry":{"type":"LineString","coordinates":[[28.189162,-25.851748],[28.188995,-25.851824]]}},{"type":"Feature","properties":{"id":"relation/3278220","name":"Centurion - Wierda Park (Gautrain C3)","network":"Gautrain Bus"},"geometry":{"type":"LineString","coordinates":[[28.188995,-25.851824],[28.188959,-25.851766]]}},{"type":"Feature","properties":{"id":"relation/3278220","name":"Centurion - Wierda Park (Gautrain C3)","network":"Gautrain Bus"},"geometry":{"type":"LineString","coordinates":[[28.188959,-25.851766],[28.188539,-25.851149]]}},{"type":"Feature","properties":{"id":"relation/3278220","name":"Centurion - Wierda Park (Gautrain C3)","network":"Gautrain Bus"},"geometry":{"type":"LineString","coordinates":[[28.188539,-25.851149],[28.188174,-25.850603]]}},{"type":"Feature","properties":{"id":"relation/3278220","name":"Centurion - Wierda Park (Gautrain C3)","network":"Gautrain Bus"},"geometry":{"type":"LineString","coordinates":[[28.188174,-25.850603],[28.187844,-25.850987],[28.187616,-25.851207]]}},{"type":"Feature","properties":{"id":"relation/3278220","name":"Centurion - Wierda Park (Gautrain C3)","network":"Gautrain Bus"},"geometry":{"type":"LineString","coordinates":[[28.185084,-25.854526],[28.185062,-25.854625]]}},{"type":"Feature","properties":{"id":"relation/3278220","name":"Centurion - Wierda Park (Gautrain C3)","network":"Gautrain Bus"},"geometry":{"type":"LineString","coordinates":[[28.185062,-25.854625],[28.185002,-25.854699],[28.184712,-25.855016],[28.184402,-25.855336]]}},{"type":"Feature","properties":{"id":"relation/3278220","name":"Centurion - Wierda Park (Gautrain C3)","network":"Gautrain Bus"},"geometry":{"type":"LineString","coordinates":[[28.184402,-25.855336],[28.184339,-25.855401],[28.183879,-25.855909]]}},{"type":"Feature","properties":{"id":"relation/3278220","name":"Centurion - Wierda Park (Gautrain C3)","network":"Gautrain Bus"},"geometry":{"type":"LineString","coordinates":[[28.183879,-25.855909],[28.183456,-25.856375],[28.183234,-25.856614]]}},{"type":"Feature","properties":{"id":"relation/3278220","name":"Centurion - Wierda Park (Gautrain C3)","network":"Gautrain Bus"},"geometry":{"type":"LineString","coordinates":[[28.183234,-25.856614],[28.182723,-25.8572]]}},{"type":"Feature","properties":{"id":"relation/3278220","name":"Centurion - Wierda Park (Gautrain C3)","network":"Gautrain Bus"},"geometry":{"type":"LineString","coordinates":[[28.182723,-25.8572],[28.182209,-25.857717],[28.181924,-25.857997],[28.181713,-25.858169]]}},{"type":"Feature","properties":{"id":"relation/3278220","name":"Centurion - Wierda Park (Gautrain C3)","network":"Gautrain Bus"},"geometry":{"type":"LineString","coordinates":[[28.181713,-25.858169],[28.181418,-25.858364],[28.181139,-25.858519],[28.181043,-25.858572]]}},{"type":"Feature","properties":{"id":"relation/3278220","name":"Centurion - Wierda Park (Gautrain C3)","network":"Gautrain Bus"},"geometry":{"type":"LineString","coordinates":[[28.181043,-25.858572],[28.180262,-25.858974]]}},{"type":"Feature","properties":{"id":"relation/3278220","name":"Centurion - Wierda Park (Gautrain C3)","network":"Gautrain Bus"},"geometry":{"type":"LineString","coordinates":[[28.180262,-25.858974],[28.180036,-25.859023]]}},{"type":"Feature","properties":{"id":"relation/3278220","name":"Centurion - Wierda Park (Gautrain C3)","network":"Gautrain Bus"},"geometry":{"type":"LineString","coordinates":[[28.180036,-25.859023],[28.179261,-25.859189]]}},{"type":"Feature","properties":{"id":"relation/3278220","name":"Centurion - Wierda Park (Gautrain C3)","network":"Gautrain Bus"},"geometry":{"type":"LineString","coordinates":[[28.179261,-25.859189],[28.178472,-25.859346]]}},{"type":"Feature","properties":{"id":"relation/3278220","name":"Centurion - Wierda Park (Gautrain C3)","network":"Gautrain Bus"},"geometry":{"type":"LineString","coordinates":[[28.178472,-25.859346],[28.177862,-25.859491],[28.177569,-25.859585]]}},{"type":"Feature","properties":{"id":"relation/3278220","name":"Centurion - Wierda Park (Gautrain C3)","network":"Gautrain Bus"},"geometry":{"type":"LineString","coordinates":[[28.177569,-25.859585],[28.177351,-25.859691],[28.17677,-25.859996]]}},{"type":"Feature","properties":{"id":"relation/3278220","name":"Centurion - Wierda Park (Gautrain C3)","network":"Gautrain Bus"},"geometry":{"type":"LineString","coordinates":[[28.17677,-25.859996],[28.176418,-25.86018],[28.175318,-25.860781]]}},{"type":"Feature","properties":{"id":"relation/3278220","name":"Centurion - Wierda Park (Gautrain C3)","network":"Gautrain Bus"},"geometry":{"type":"LineString","coordinates":[[28.175318,-25.860781],[28.175059,-25.860924]]}},{"type":"Feature","properties":{"id":"relation/3278220","name":"Centurion - Wierda Park (Gautrain C3)","network":"Gautrain Bus"},"geometry":{"type":"LineString","coordinates":[[28.175059,-25.860924],[28.174849,-25.861038]]}},{"type":"Feature","properties":{"id":"relation/3278220","name":"Centurion - Wierda Park (Gautrain C3)","network":"Gautrain Bus"},"geometry":{"type":"LineString","coordinates":[[28.174849,-25.861038],[28.174799,-25.861067],[28.17465,-25.861154],[28.17429,-25.861365]]}},{"type":"Feature","properties":{"id":"relation/3278220","name":"Centurion - Wierda Park (Gautrain C3)","network":"Gautrain Bus"},"geometry":{"type":"LineString","coordinates":[[28.17429,-25.861365],[28.173818,-25.861651]]}},{"type":"Feature","properties":{"id":"relation/3278220","name":"Centurion - Wierda Park (Gautrain C3)","network":"Gautrain Bus"},"geometry":{"type":"LineString","coordinates":[[28.173818,-25.861651],[28.173522,-25.861828],[28.17338,-25.86191],[28.173201,-25.861994]]}},{"type":"Feature","properties":{"id":"relation/3278220","name":"Centurion - Wierda Park (Gautrain C3)","network":"Gautrain Bus"},"geometry":{"type":"LineString","coordinates":[[28.173201,-25.861994],[28.172953,-25.862104],[28.172741,-25.862186],[28.172535,-25.862255],[28.172155,-25.862356]]}},{"type":"Feature","properties":{"id":"relation/3278220","name":"Centurion - Wierda Park (Gautrain C3)","network":"Gautrain Bus"},"geometry":{"type":"LineString","coordinates":[[28.172155,-25.862356],[28.171795,-25.862428],[28.171378,-25.862483],[28.171287,-25.862487],[28.171203,-25.862492],[28.170881,-25.862508]]}},{"type":"Feature","properties":{"id":"relation/3278220","name":"Centurion - Wierda Park (Gautrain C3)","network":"Gautrain Bus"},"geometry":{"type":"LineString","coordinates":[[28.170881,-25.862508],[28.168695,-25.862449],[28.168196,-25.862441],[28.167691,-25.862427],[28.167385,-25.862418],[28.167257,-25.862415]]}},{"type":"Feature","properties":{"id":"relation/3278220","name":"Centurion - Wierda Park (Gautrain C3)","network":"Gautrain Bus"},"geometry":{"type":"LineString","coordinates":[[28.167257,-25.862415],[28.166602,-25.862397]]}},{"type":"Feature","properties":{"id":"relation/3278220","name":"Centurion - Wierda Park (Gautrain C3)","network":"Gautrain Bus"},"geometry":{"type":"LineString","coordinates":[[28.166602,-25.862397],[28.166529,-25.862396]]}},{"type":"Feature","properties":{"id":"relation/3278220","name":"Centurion - Wierda Park (Gautrain C3)","network":"Gautrain Bus"},"geometry":{"type":"LineString","coordinates":[[28.166529,-25.862396],[28.166235,-25.86239],[28.166017,-25.862386],[28.165644,-25.86238]]}},{"type":"Feature","properties":{"id":"relation/3278220","name":"Centurion - Wierda Park (Gautrain C3)","network":"Gautrain Bus"},"geometry":{"type":"LineString","coordinates":[[28.165644,-25.86238],[28.165523,-25.862378],[28.165298,-25.862381],[28.164356,-25.862362],[28.163758,-25.862354]]}},{"type":"Feature","properties":{"id":"relation/3278220","name":"Centurion - Wierda Park (Gautrain C3)","network":"Gautrain Bus"},"geometry":{"type":"LineString","coordinates":[[28.163758,-25.862354],[28.163072,-25.862346],[28.162972,-25.862344],[28.162931,-25.862343]]}},{"type":"Feature","properties":{"id":"relation/3278220","name":"Centurion - Wierda Park (Gautrain C3)","network":"Gautrain Bus"},"geometry":{"type":"LineString","coordinates":[[28.162931,-25.862343],[28.162869,-25.862344]]}},{"type":"Feature","properties":{"id":"relation/3278220","name":"Centurion - Wierda Park (Gautrain C3)","network":"Gautrain Bus"},"geometry":{"type":"LineString","coordinates":[[28.162869,-25.862344],[28.16231,-25.86233],[28.162069,-25.86233],[28.161861,-25.862321],[28.161634,-25.86231]]}},{"type":"Feature","properties":{"id":"relation/3278220","name":"Centurion - Wierda Park (Gautrain C3)","network":"Gautrain Bus"},"geometry":{"type":"LineString","coordinates":[[28.161634,-25.86231],[28.161387,-25.862303]]}},{"type":"Feature","properties":{"id":"relation/3278220","name":"Centurion - Wierda Park (Gautrain C3)","network":"Gautrain Bus"},"geometry":{"type":"LineString","coordinates":[[28.161387,-25.862303],[28.161153,-25.862291],[28.160796,-25.862294],[28.160457,-25.862313],[28.160148,-25.862352],[28.159894,-25.862405],[28.159667,-25.862473]]}},{"type":"Feature","properties":{"id":"relation/3278220","name":"Centurion - Wierda Park (Gautrain C3)","network":"Gautrain Bus"},"geometry":{"type":"LineString","coordinates":[[28.159667,-25.862473],[28.159355,-25.862616],[28.159182,-25.86271]]}},{"type":"Feature","properties":{"id":"relation/3278220","name":"Centurion - Wierda Park (Gautrain C3)","network":"Gautrain Bus"},"geometry":{"type":"LineString","coordinates":[[28.159182,-25.86271],[28.159147,-25.862658]]}},{"type":"Feature","properties":{"id":"relation/3278220","name":"Centurion - Wierda Park (Gautrain C3)","network":"Gautrain Bus"},"geometry":{"type":"LineString","coordinates":[[28.159147,-25.862658],[28.158906,-25.862242]]}},{"type":"Feature","properties":{"id":"relation/3278220","name":"Centurion - Wierda Park (Gautrain C3)","network":"Gautrain Bus"},"geometry":{"type":"LineString","coordinates":[[28.158906,-25.862242],[28.158541,-25.8617],[28.158445,-25.861558]]}},{"type":"Feature","properties":{"id":"relation/3278220","name":"Centurion - Wierda Park (Gautrain C3)","network":"Gautrain Bus"},"geometry":{"type":"LineString","coordinates":[[28.158445,-25.861558],[28.158225,-25.861229],[28.158064,-25.861019],[28.157966,-25.860909],[28.157879,-25.860816],[28.157557,-25.860487],[28.157355,-25.860378],[28.157168,-25.860308],[28.156822,-25.860215],[28.15633,-25.860082],[28.156199,-25.860046],[28.156031,-25.859999],[28.155877,-25.859968],[28.155684,-25.859934],[28.155313,-25.859933],[28.155159,-25.859942],[28.154964,-25.859965],[28.153242,-25.860251],[28.15321,-25.860257],[28.153177,-25.86026],[28.153151,-25.860261],[28.15312,-25.86026],[28.151993,-25.860263],[28.150571,-25.860268],[28.149126,-25.860262],[28.148237,-25.860253]]}},{"type":"Feature","properties":{"id":"relation/3278220","name":"Centurion - Wierda Park (Gautrain C3)","network":"Gautrain Bus"},"geometry":{"type":"LineString","coordinates":[[28.148237,-25.860253],[28.147729,-25.860257]]}},{"type":"Feature","properties":{"id":"relation/3278220","name":"Centurion - Wierda Park (Gautrain C3)","network":"Gautrain Bus"},"geometry":{"type":"LineString","coordinates":[[28.147729,-25.860257],[28.147711,-25.860278],[28.147686,-25.860293],[28.147652,-25.860299],[28.147617,-25.860293],[28.147578,-25.860266]]}},{"type":"Feature","properties":{"id":"relation/3278220","name":"Centurion - Wierda Park (Gautrain C3)","network":"Gautrain Bus"},"geometry":{"type":"LineString","coordinates":[[28.147578,-25.860266],[28.147573,-25.860258],[28.147564,-25.860236],[28.147562,-25.860214]]}},{"type":"Feature","properties":{"id":"relation/3278220","name":"Centurion - Wierda Park (Gautrain C3)","network":"Gautrain Bus"},"geometry":{"type":"LineString","coordinates":[[28.147562,-25.860214],[28.147363,-25.859959],[28.147295,-25.859818],[28.147211,-25.859672]]}},{"type":"Feature","properties":{"id":"relation/3278220","name":"Centurion - Wierda Park (Gautrain C3)","network":"Gautrain Bus"},"geometry":{"type":"LineString","coordinates":[[28.145617,-25.857932],[28.145806,-25.85814],[28.145847,-25.858185],[28.146502,-25.858897],[28.146763,-25.859181],[28.147003,-25.859444],[28.147211,-25.859672]]}},{"type":"Feature","properties":{"id":"relation/3278220","name":"Centurion - Wierda Park (Gautrain C3)","network":"Gautrain Bus"},"geometry":{"type":"LineString","coordinates":[[28.145617,-25.857932],[28.145527,-25.857853],[28.14529,-25.85764],[28.145231,-25.857591],[28.145156,-25.85753]]}},{"type":"Feature","properties":{"id":"relation/3278220","name":"Centurion - Wierda Park (Gautrain C3)","network":"Gautrain Bus"},"geometry":{"type":"LineString","coordinates":[[28.145156,-25.85753],[28.145102,-25.857484],[28.144883,-25.857272]]}},{"type":"Feature","properties":{"id":"relation/3278220","name":"Centurion - Wierda Park (Gautrain C3)","network":"Gautrain Bus"},"geometry":{"type":"LineString","coordinates":[[28.144883,-25.857272],[28.143985,-25.856289]]}},{"type":"Feature","properties":{"id":"relation/3278220","name":"Centurion - Wierda Park (Gautrain C3)","network":"Gautrain Bus"},"geometry":{"type":"LineString","coordinates":[[28.143985,-25.856289],[28.143939,-25.856234]]}},{"type":"Feature","properties":{"id":"relation/3278220","name":"Centurion - Wierda Park (Gautrain C3)","network":"Gautrain Bus"},"geometry":{"type":"LineString","coordinates":[[28.143939,-25.856234],[28.143731,-25.856008],[28.143291,-25.855528]]}},{"type":"Feature","properties":{"id":"relation/3278220","name":"Centurion - Wierda Park (Gautrain C3)","network":"Gautrain Bus"},"geometry":{"type":"LineString","coordinates":[[28.143291,-25.855528],[28.142942,-25.855185]]}},{"type":"Feature","properties":{"id":"relation/3278220","name":"Centurion - Wierda Park (Gautrain C3)","network":"Gautrain Bus"},"geometry":{"type":"LineString","coordinates":[[28.142117,-25.855822],[28.142942,-25.855185]]}},{"type":"Feature","properties":{"id":"relation/3278220","name":"Centurion - Wierda Park (Gautrain C3)","network":"Gautrain Bus"},"geometry":{"type":"LineString","coordinates":[[28.141576,-25.856222],[28.142117,-25.855822]]}},{"type":"Feature","properties":{"id":"relation/3278220","name":"Centurion - Wierda Park (Gautrain C3)","network":"Gautrain Bus"},"geometry":{"type":"LineString","coordinates":[[28.141032,-25.856608],[28.141576,-25.856222]]}},{"type":"Feature","properties":{"id":"relation/3278220","name":"Centurion - Wierda Park (Gautrain C3)","network":"Gautrain Bus"},"geometry":{"type":"LineString","coordinates":[[28.141032,-25.856608],[28.141364,-25.856972]]}},{"type":"Feature","properties":{"id":"relation/3278220","name":"Centurion - Wierda Park (Gautrain C3)","network":"Gautrain Bus"},"geometry":{"type":"LineString","coordinates":[[28.141364,-25.856972],[28.14149,-25.857111],[28.141712,-25.857364],[28.142006,-25.857696]]}},{"type":"Feature","properties":{"id":"relation/3278220","name":"Centurion - Wierda Park (Gautrain C3)","network":"Gautrain Bus"},"geometry":{"type":"LineString","coordinates":[[28.142006,-25.857696],[28.142073,-25.857773]]}},{"type":"Feature","properties":{"id":"relation/3278220","name":"Centurion - Wierda Park (Gautrain C3)","network":"Gautrain Bus"},"geometry":{"type":"LineString","coordinates":[[28.142073,-25.857773],[28.142688,-25.858446],[28.142892,-25.85867]]}},{"type":"Feature","properties":{"id":"relation/3278220","name":"Centurion - Wierda Park (Gautrain C3)","network":"Gautrain Bus"},"geometry":{"type":"LineString","coordinates":[[28.142892,-25.85867],[28.142974,-25.858755]]}},{"type":"Feature","properties":{"id":"relation/3278220","name":"Centurion - Wierda Park (Gautrain C3)","network":"Gautrain Bus"},"geometry":{"type":"LineString","coordinates":[[28.142974,-25.858755],[28.143828,-25.859687],[28.144737,-25.860701],[28.145433,-25.861471],[28.145454,-25.86149],[28.14548,-25.861516],[28.145502,-25.861536],[28.145526,-25.861555],[28.145576,-25.861592],[28.145675,-25.861664]]}},{"type":"Feature","properties":{"id":"relation/3278220","name":"Centurion - Wierda Park (Gautrain C3)","network":"Gautrain Bus"},"geometry":{"type":"LineString","coordinates":[[28.147578,-25.860266],[28.147508,-25.860304],[28.147453,-25.860342],[28.147409,-25.860372],[28.145675,-25.861664]]}},{"type":"Feature","properties":{"id":"relation/3278220","name":"Centurion - Wierda Park (Gautrain C3)","network":"Gautrain Bus"},"geometry":{"type":"LineString","coordinates":[[28.147562,-25.860214],[28.147567,-25.860192],[28.147579,-25.860173],[28.147596,-25.860157],[28.147617,-25.860146],[28.14764,-25.86014],[28.147665,-25.860141],[28.147691,-25.860149]]}},{"type":"Feature","properties":{"id":"relation/3278220","name":"Centurion - Wierda Park (Gautrain C3)","network":"Gautrain Bus"},"geometry":{"type":"LineString","coordinates":[[28.147691,-25.860149],[28.147983,-25.860173],[28.148039,-25.860187],[28.148095,-25.860204],[28.148237,-25.860253]]}},{"type":"Feature","properties":{"id":"relation/3278220","name":"Centurion - Wierda Park (Gautrain C3)","network":"Gautrain Bus"},"geometry":{"type":"LineString","coordinates":[[28.158906,-25.862242],[28.159006,-25.86233],[28.159047,-25.862376],[28.159092,-25.86243],[28.159141,-25.862468],[28.159155,-25.862477],[28.159212,-25.862503],[28.159246,-25.862511],[28.159299,-25.862514],[28.159376,-25.862507],[28.159425,-25.862501],[28.159494,-25.862491]]}},{"type":"Feature","properties":{"id":"relation/3278220","name":"Centurion - Wierda Park (Gautrain C3)","network":"Gautrain Bus"},"geometry":{"type":"LineString","coordinates":[[28.159494,-25.862491],[28.15965,-25.862422]]}},{"type":"Feature","properties":{"id":"relation/3278220","name":"Centurion - Wierda Park (Gautrain C3)","network":"Gautrain Bus"},"geometry":{"type":"LineString","coordinates":[[28.15965,-25.862422],[28.159868,-25.862348],[28.160128,-25.862293],[28.160435,-25.862256],[28.160794,-25.862237],[28.161162,-25.862243],[28.161388,-25.862248]]}},{"type":"Feature","properties":{"id":"relation/3278220","name":"Centurion - Wierda Park (Gautrain C3)","network":"Gautrain Bus"},"geometry":{"type":"LineString","coordinates":[[28.161388,-25.862248],[28.161903,-25.862262]]}},{"type":"Feature","properties":{"id":"relation/3278220","name":"Centurion - Wierda Park (Gautrain C3)","network":"Gautrain Bus"},"geometry":{"type":"LineString","coordinates":[[28.161903,-25.862262],[28.162285,-25.862272],[28.162855,-25.862272],[28.162872,-25.862271]]}},{"type":"Feature","properties":{"id":"relation/3278220","name":"Centurion - Wierda Park (Gautrain C3)","network":"Gautrain Bus"},"geometry":{"type":"LineString","coordinates":[[28.162872,-25.862271],[28.162934,-25.862269]]}},{"type":"Feature","properties":{"id":"relation/3278220","name":"Centurion - Wierda Park (Gautrain C3)","network":"Gautrain Bus"},"geometry":{"type":"LineString","coordinates":[[28.162934,-25.862269],[28.162954,-25.862268],[28.163088,-25.862266],[28.163559,-25.862267]]}},{"type":"Feature","properties":{"id":"relation/3278220","name":"Centurion - Wierda Park (Gautrain C3)","network":"Gautrain Bus"},"geometry":{"type":"LineString","coordinates":[[28.163559,-25.862267],[28.164608,-25.86228],[28.164917,-25.862284],[28.165645,-25.862294]]}},{"type":"Feature","properties":{"id":"relation/3278220","name":"Centurion - Wierda Park (Gautrain C3)","network":"Gautrain Bus"},"geometry":{"type":"LineString","coordinates":[[28.165645,-25.862294],[28.166541,-25.862306]]}},{"type":"Feature","properties":{"id":"relation/3278220","name":"Centurion - Wierda Park (Gautrain C3)","network":"Gautrain Bus"},"geometry":{"type":"LineString","coordinates":[[28.166541,-25.862306],[28.166613,-25.862308]]}},{"type":"Feature","properties":{"id":"relation/3278220","name":"Centurion - Wierda Park (Gautrain C3)","network":"Gautrain Bus"},"geometry":{"type":"LineString","coordinates":[[28.166613,-25.862308],[28.166921,-25.862309],[28.167447,-25.862332]]}},{"type":"Feature","properties":{"id":"relation/3278220","name":"Centurion - Wierda Park (Gautrain C3)","network":"Gautrain Bus"},"geometry":{"type":"LineString","coordinates":[[28.167447,-25.862332],[28.16775,-25.862345],[28.168075,-25.862354],[28.168692,-25.862377],[28.170624,-25.862441],[28.170878,-25.862439]]}},{"type":"Feature","properties":{"id":"relation/3278220","name":"Centurion - Wierda Park (Gautrain C3)","network":"Gautrain Bus"},"geometry":{"type":"LineString","coordinates":[[28.170878,-25.862439],[28.171256,-25.862448],[28.171361,-25.862444],[28.171771,-25.862388],[28.172132,-25.862317]]}},{"type":"Feature","properties":{"id":"relation/3278220","name":"Centurion - Wierda Park (Gautrain C3)","network":"Gautrain Bus"},"geometry":{"type":"LineString","coordinates":[[28.172132,-25.862317],[28.172462,-25.862227],[28.172696,-25.862148],[28.172825,-25.862101],[28.172989,-25.862025],[28.173171,-25.861947]]}},{"type":"Feature","properties":{"id":"relation/3278220","name":"Centurion - Wierda Park (Gautrain C3)","network":"Gautrain Bus"},"geometry":{"type":"LineString","coordinates":[[28.173171,-25.861947],[28.173485,-25.861787],[28.173792,-25.861616]]}},{"type":"Feature","properties":{"id":"relation/3278220","name":"Centurion - Wierda Park (Gautrain C3)","network":"Gautrain Bus"},"geometry":{"type":"LineString","coordinates":[[28.173792,-25.861616],[28.174264,-25.861291]]}},{"type":"Feature","properties":{"id":"relation/3278220","name":"Centurion - Wierda Park (Gautrain C3)","network":"Gautrain Bus"},"geometry":{"type":"LineString","coordinates":[[28.174264,-25.861291],[28.174495,-25.861143],[28.174749,-25.860986]]}},{"type":"Feature","properties":{"id":"relation/3278220","name":"Centurion - Wierda Park (Gautrain C3)","network":"Gautrain Bus"},"geometry":{"type":"LineString","coordinates":[[28.174749,-25.860986],[28.174796,-25.860961]]}},{"type":"Feature","properties":{"id":"relation/3278220","name":"Centurion - Wierda Park (Gautrain C3)","network":"Gautrain Bus"},"geometry":{"type":"LineString","coordinates":[[28.174796,-25.860961],[28.175078,-25.860809],[28.175405,-25.860639]]}},{"type":"Feature","properties":{"id":"relation/3278220","name":"Centurion - Wierda Park (Gautrain C3)","network":"Gautrain Bus"},"geometry":{"type":"LineString","coordinates":[[28.175405,-25.860639],[28.176663,-25.859967],[28.176905,-25.859842]]}},{"type":"Feature","properties":{"id":"relation/3278220","name":"Centurion - Wierda Park (Gautrain C3)","network":"Gautrain Bus"},"geometry":{"type":"LineString","coordinates":[[28.176905,-25.859842],[28.177533,-25.859515]]}},{"type":"Feature","properties":{"id":"relation/3278220","name":"Centurion - Wierda Park (Gautrain C3)","network":"Gautrain Bus"},"geometry":{"type":"LineString","coordinates":[[28.177533,-25.859515],[28.17783,-25.859418],[28.178169,-25.859335]]}},{"type":"Feature","properties":{"id":"relation/3278220","name":"Centurion - Wierda Park (Gautrain C3)","network":"Gautrain Bus"},"geometry":{"type":"LineString","coordinates":[[28.178169,-25.859335],[28.178909,-25.859164]]}},{"type":"Feature","properties":{"id":"relation/3278220","name":"Centurion - Wierda Park (Gautrain C3)","network":"Gautrain Bus"},"geometry":{"type":"LineString","coordinates":[[28.178909,-25.859164],[28.179958,-25.858917]]}},{"type":"Feature","properties":{"id":"relation/3278220","name":"Centurion - Wierda Park (Gautrain C3)","network":"Gautrain Bus"},"geometry":{"type":"LineString","coordinates":[[28.179958,-25.858917],[28.180192,-25.858851]]}},{"type":"Feature","properties":{"id":"relation/3278220","name":"Centurion - Wierda Park (Gautrain C3)","network":"Gautrain Bus"},"geometry":{"type":"LineString","coordinates":[[28.180192,-25.858851],[28.180678,-25.858627],[28.181061,-25.858442],[28.181528,-25.858173]]}},{"type":"Feature","properties":{"id":"relation/3278220","name":"Centurion - Wierda Park (Gautrain C3)","network":"Gautrain Bus"},"geometry":{"type":"LineString","coordinates":[[28.181528,-25.858173],[28.181725,-25.858022],[28.181922,-25.857851],[28.182262,-25.857499]]}},{"type":"Feature","properties":{"id":"relation/3278220","name":"Centurion - Wierda Park (Gautrain C3)","network":"Gautrain Bus"},"geometry":{"type":"LineString","coordinates":[[28.182262,-25.857499],[28.182623,-25.857125]]}},{"type":"Feature","properties":{"id":"relation/3278220","name":"Centurion - Wierda Park (Gautrain C3)","network":"Gautrain Bus"},"geometry":{"type":"LineString","coordinates":[[28.182623,-25.857125],[28.182864,-25.856872],[28.183232,-25.856475]]}},{"type":"Feature","properties":{"id":"relation/3278220","name":"Centurion - Wierda Park (Gautrain C3)","network":"Gautrain Bus"},"geometry":{"type":"LineString","coordinates":[[28.183232,-25.856475],[28.183376,-25.856317],[28.183801,-25.855847]]}},{"type":"Feature","properties":{"id":"relation/3278220","name":"Centurion - Wierda Park (Gautrain C3)","network":"Gautrain Bus"},"geometry":{"type":"LineString","coordinates":[[28.183801,-25.855847],[28.184453,-25.855153]]}},{"type":"Feature","properties":{"id":"relation/3278220","name":"Centurion - Wierda Park (Gautrain C3)","network":"Gautrain Bus"},"geometry":{"type":"LineString","coordinates":[[28.184453,-25.855153],[28.184555,-25.855047],[28.184918,-25.854642],[28.18499,-25.854567]]}},{"type":"Feature","properties":{"id":"relation/3278220","name":"Centurion - Wierda Park (Gautrain C3)","network":"Gautrain Bus"},"geometry":{"type":"LineString","coordinates":[[28.18499,-25.854567],[28.185084,-25.854526]]}},{"type":"Feature","properties":{"id":"relation/3278220","name":"Centurion - Wierda Park (Gautrain C3)","network":"Gautrain Bus"},"geometry":{"type":"LineString","coordinates":[[28.185084,-25.854526],[28.185507,-25.854045],[28.18563,-25.853892],[28.185846,-25.853606],[28.18596,-25.853463],[28.186216,-25.853102],[28.186607,-25.852586],[28.186758,-25.852372]]}},{"type":"Feature","properties":{"id":"relation/3278220","name":"Centurion - Wierda Park (Gautrain C3)","network":"Gautrain Bus"},"geometry":{"type":"LineString","coordinates":[[28.186758,-25.852372],[28.187308,-25.851582]]}},{"type":"Feature","properties":{"id":"relation/3278220","name":"Centurion - Wierda Park (Gautrain C3)","network":"Gautrain Bus"},"geometry":{"type":"LineString","coordinates":[[28.187308,-25.851582],[28.187616,-25.851207]]}},{"type":"Feature","properties":{"id":"relation/3278220","name":"Centurion - Wierda Park (Gautrain C3)","network":"Gautrain Bus"},"geometry":{"type":"LineString","coordinates":[[28.187616,-25.851207],[28.187707,-25.851014]]}},{"type":"Feature","properties":{"id":"relation/3278220","name":"Centurion - Wierda Park (Gautrain C3)","network":"Gautrain Bus"},"geometry":{"type":"LineString","coordinates":[[28.187707,-25.851014],[28.187762,-25.850879],[28.187904,-25.850652],[28.188052,-25.850426]]}},{"type":"Feature","properties":{"id":"relation/3278220","name":"Centurion - Wierda Park (Gautrain C3)","network":"Gautrain Bus"},"geometry":{"type":"LineString","coordinates":[[28.188052,-25.850426],[28.188203,-25.850247]]}},{"type":"Feature","properties":{"id":"relation/3278220","name":"Centurion - Wierda Park (Gautrain C3)","network":"Gautrain Bus"},"geometry":{"type":"LineString","coordinates":[[28.188203,-25.850247],[28.188327,-25.850453]]}},{"type":"Feature","properties":{"id":"relation/3278220","name":"Centurion - Wierda Park (Gautrain C3)","network":"Gautrain Bus"},"geometry":{"type":"LineString","coordinates":[[28.188327,-25.850453],[28.188458,-25.850629]]}},{"type":"Feature","properties":{"id":"relation/3278220","name":"Centurion - Wierda Park (Gautrain C3)","network":"Gautrain Bus"},"geometry":{"type":"LineString","coordinates":[[28.188458,-25.850629],[28.188603,-25.850841],[28.188725,-25.85104]]}},{"type":"Feature","properties":{"id":"relation/3278220","name":"Centurion - Wierda Park (Gautrain C3)","network":"Gautrain Bus"},"geometry":{"type":"LineString","coordinates":[[28.188725,-25.85104],[28.18896,-25.851427],[28.189116,-25.851678]]}},{"type":"Feature","properties":{"id":"relation/3278220","name":"Centurion - Wierda Park (Gautrain C3)","network":"Gautrain Bus"},"geometry":{"type":"LineString","coordinates":[[28.189116,-25.851678],[28.189261,-25.851526]]}},{"type":"Feature","properties":{"id":"relation/3278220","name":"Centurion - Wierda Park (Gautrain C3)","network":"Gautrain Bus"},"geometry":{"type":"LineString","coordinates":[[28.189261,-25.851526],[28.189422,-25.851437]]}},{"type":"Feature","properties":{"id":"relation/3278220","name":"Centurion - Wierda Park (Gautrain C3)","network":"Gautrain Bus"},"geometry":{"type":"LineString","coordinates":[[28.189422,-25.851437],[28.189506,-25.85139]]}},{"type":"Feature","properties":{"id":"relation/3278220","name":"Centurion - Wierda Park (Gautrain C3)","network":"Gautrain Bus"},"geometry":{"type":"LineString","coordinates":[[28.189506,-25.85139],[28.189505,-25.851371],[28.189504,-25.851355],[28.189514,-25.85132],[28.189535,-25.85129],[28.189565,-25.851266],[28.189601,-25.851252],[28.189641,-25.851248],[28.18968,-25.851254],[28.189715,-25.85127],[28.189747,-25.851296],[28.189758,-25.851317],[28.189767,-25.851342],[28.18977,-25.851367],[28.189767,-25.851393]]}},{"type":"Feature","properties":{"id":"relation/3278220","name":"Centurion - Wierda Park (Gautrain C3)","network":"Gautrain Bus"},"geometry":{"type":"LineString","coordinates":[[28.189767,-25.851393],[28.189786,-25.851395],[28.189903,-25.851409],[28.189928,-25.851414],[28.18995,-25.851427],[28.190435,-25.851795],[28.190524,-25.851854],[28.190536,-25.851868],[28.190544,-25.851885],[28.190545,-25.851897],[28.190546,-25.851914],[28.190542,-25.851929],[28.190534,-25.851951],[28.190522,-25.851969],[28.19028,-25.852246],[28.190264,-25.852261],[28.190247,-25.852272],[28.190226,-25.852274],[28.190205,-25.852269],[28.190181,-25.852262],[28.19016,-25.852249],[28.190139,-25.852223],[28.190117,-25.852195],[28.190068,-25.852136],[28.190033,-25.852092],[28.189832,-25.851813]]}},{"type":"Feature","properties":{"id":"relation/3279698","name":"Centurion - Southdowns (Gautrain C4)","network":"Gautrain Bus"},"geometry":{"type":"LineString","coordinates":[[28.189832,-25.851813],[28.189815,-25.851785],[28.189802,-25.851752],[28.189795,-25.851722],[28.189794,-25.851689],[28.189795,-25.851634],[28.189793,-25.85159]]}},{"type":"Feature","properties":{"id":"relation/3279698","name":"Centurion - Southdowns (Gautrain C4)","network":"Gautrain Bus"},"geometry":{"type":"LineString","coordinates":[[28.189793,-25.85159],[28.189766,-25.851553],[28.189705,-25.851471]]}},{"type":"Feature","properties":{"id":"relation/3279698","name":"Centurion - Southdowns (Gautrain C4)","network":"Gautrain Bus"},"geometry":{"type":"LineString","coordinates":[[28.189705,-25.851471],[28.189679,-25.851481],[28.189651,-25.851487],[28.189623,-25.851487],[28.189596,-25.851481],[28.18957,-25.851471]]}},{"type":"Feature","properties":{"id":"relation/3279698","name":"Centurion - Southdowns (Gautrain C4)","network":"Gautrain Bus"},"geometry":{"type":"LineString","coordinates":[[28.18957,-25.851471],[28.189534,-25.85149]]}},{"type":"Feature","properties":{"id":"relation/3279698","name":"Centurion - Southdowns (Gautrain C4)","network":"Gautrain Bus"},"geometry":{"type":"LineString","coordinates":[[28.189534,-25.85149],[28.189269,-25.851631]]}},{"type":"Feature","properties":{"id":"relation/3279698","name":"Centurion - Southdowns (Gautrain C4)","network":"Gautrain Bus"},"geometry":{"type":"LineString","coordinates":[[28.189269,-25.851631],[28.189162,-25.851748]]}},{"type":"Feature","properties":{"id":"relation/3279698","name":"Centurion - Southdowns (Gautrain C4)","network":"Gautrain Bus"},"geometry":{"type":"LineString","coordinates":[[28.189162,-25.851748],[28.188995,-25.851824]]}},{"type":"Feature","properties":{"id":"relation/3279698","name":"Centurion - Southdowns (Gautrain C4)","network":"Gautrain Bus"},"geometry":{"type":"LineString","coordinates":[[28.188995,-25.851824],[28.188959,-25.851766]]}},{"type":"Feature","properties":{"id":"relation/3279698","name":"Centurion - Southdowns (Gautrain C4)","network":"Gautrain Bus"},"geometry":{"type":"LineString","coordinates":[[28.188959,-25.851766],[28.188539,-25.851149]]}},{"type":"Feature","properties":{"id":"relation/3279698","name":"Centurion - Southdowns (Gautrain C4)","network":"Gautrain Bus"},"geometry":{"type":"LineString","coordinates":[[28.188539,-25.851149],[28.188174,-25.850603]]}},{"type":"Feature","properties":{"id":"relation/3279698","name":"Centurion - Southdowns (Gautrain C4)","network":"Gautrain Bus"},"geometry":{"type":"LineString","coordinates":[[28.188174,-25.850603],[28.188119,-25.85053]]}},{"type":"Feature","properties":{"id":"relation/3279698","name":"Centurion - Southdowns (Gautrain C4)","network":"Gautrain Bus"},"geometry":{"type":"LineString","coordinates":[[28.188119,-25.85053],[28.188052,-25.850426]]}},{"type":"Feature","properties":{"id":"relation/3279698","name":"Centurion - Southdowns (Gautrain C4)","network":"Gautrain Bus"},"geometry":{"type":"LineString","coordinates":[[28.188052,-25.850426],[28.188203,-25.850247]]}},{"type":"Feature","properties":{"id":"relation/3279698","name":"Centurion - Southdowns (Gautrain C4)","network":"Gautrain Bus"},"geometry":{"type":"LineString","coordinates":[[28.188203,-25.850247],[28.189068,-25.849303],[28.189219,-25.849133]]}},{"type":"Feature","properties":{"id":"relation/3279698","name":"Centurion - Southdowns (Gautrain C4)","network":"Gautrain Bus"},"geometry":{"type":"LineString","coordinates":[[28.189219,-25.849133],[28.189766,-25.848589]]}},{"type":"Feature","properties":{"id":"relation/3279698","name":"Centurion - Southdowns (Gautrain C4)","network":"Gautrain Bus"},"geometry":{"type":"LineString","coordinates":[[28.189766,-25.848589],[28.19043,-25.847839]]}},{"type":"Feature","properties":{"id":"relation/3279698","name":"Centurion - Southdowns (Gautrain C4)","network":"Gautrain Bus"},"geometry":{"type":"LineString","coordinates":[[28.19043,-25.847839],[28.190798,-25.847447],[28.190901,-25.847331],[28.190966,-25.847259],[28.191231,-25.846946],[28.191428,-25.846721]]}},{"type":"Feature","properties":{"id":"relation/3279698","name":"Centurion - Southdowns (Gautrain C4)","network":"Gautrain Bus"},"geometry":{"type":"LineString","coordinates":[[28.191428,-25.846721],[28.191668,-25.846471]]}},{"type":"Feature","properties":{"id":"relation/3279698","name":"Centurion - Southdowns (Gautrain C4)","network":"Gautrain Bus"},"geometry":{"type":"LineString","coordinates":[[28.191668,-25.846471],[28.191871,-25.846287],[28.192266,-25.845843],[28.192355,-25.845757]]}},{"type":"Feature","properties":{"id":"relation/3279698","name":"Centurion - Southdowns (Gautrain C4)","network":"Gautrain Bus"},"geometry":{"type":"LineString","coordinates":[[28.192355,-25.845757],[28.192409,-25.845801],[28.192486,-25.845864]]}},{"type":"Feature","properties":{"id":"relation/3279698","name":"Centurion - Southdowns (Gautrain C4)","network":"Gautrain Bus"},"geometry":{"type":"LineString","coordinates":[[28.192486,-25.845864],[28.192893,-25.846162]]}},{"type":"Feature","properties":{"id":"relation/3279698","name":"Centurion - Southdowns (Gautrain C4)","network":"Gautrain Bus"},"geometry":{"type":"LineString","coordinates":[[28.192893,-25.846162],[28.193362,-25.846508],[28.194305,-25.847231],[28.194861,-25.84764],[28.196782,-25.849081],[28.196968,-25.849213]]}},{"type":"Feature","properties":{"id":"relation/3279698","name":"Centurion - Southdowns (Gautrain C4)","network":"Gautrain Bus"},"geometry":{"type":"LineString","coordinates":[[28.196968,-25.849213],[28.197056,-25.849276],[28.197238,-25.849415],[28.197743,-25.849797]]}},{"type":"Feature","properties":{"id":"relation/3279698","name":"Centurion - Southdowns (Gautrain C4)","network":"Gautrain Bus"},"geometry":{"type":"LineString","coordinates":[[28.197743,-25.849797],[28.19784,-25.849867]]}},{"type":"Feature","properties":{"id":"relation/3279698","name":"Centurion - Southdowns (Gautrain C4)","network":"Gautrain Bus"},"geometry":{"type":"LineString","coordinates":[[28.19784,-25.849867],[28.198231,-25.850169]]}},{"type":"Feature","properties":{"id":"relation/3279698","name":"Centurion - Southdowns (Gautrain C4)","network":"Gautrain Bus"},"geometry":{"type":"LineString","coordinates":[[28.198231,-25.850169],[28.198404,-25.850304],[28.198432,-25.850325],[28.198675,-25.850505]]}},{"type":"Feature","properties":{"id":"relation/3279698","name":"Centurion - Southdowns (Gautrain C4)","network":"Gautrain Bus"},"geometry":{"type":"LineString","coordinates":[[28.198675,-25.850505],[28.200095,-25.851574],[28.201312,-25.852481],[28.201769,-25.85282],[28.201846,-25.852882],[28.201918,-25.85295]]}},{"type":"Feature","properties":{"id":"relation/3279698","name":"Centurion - Southdowns (Gautrain C4)","network":"Gautrain Bus"},"geometry":{"type":"LineString","coordinates":[[28.201918,-25.85295],[28.20227,-25.853359]]}},{"type":"Feature","properties":{"id":"relation/3279698","name":"Centurion - Southdowns (Gautrain C4)","network":"Gautrain Bus"},"geometry":{"type":"LineString","coordinates":[[28.20227,-25.853359],[28.202324,-25.853419]]}},{"type":"Feature","properties":{"id":"relation/3279698","name":"Centurion - Southdowns (Gautrain C4)","network":"Gautrain Bus"},"geometry":{"type":"LineString","coordinates":[[28.202324,-25.853419],[28.202715,-25.853915]]}},{"type":"Feature","properties":{"id":"relation/3279698","name":"Centurion - Southdowns (Gautrain C4)","network":"Gautrain Bus"},"geometry":{"type":"LineString","coordinates":[[28.202715,-25.853915],[28.203246,-25.854566]]}},{"type":"Feature","properties":{"id":"relation/3279698","name":"Centurion - Southdowns (Gautrain C4)","network":"Gautrain Bus"},"geometry":{"type":"LineString","coordinates":[[28.203246,-25.854566],[28.203632,-25.855035]]}},{"type":"Feature","properties":{"id":"relation/3279698","name":"Centurion - Southdowns (Gautrain C4)","network":"Gautrain Bus"},"geometry":{"type":"LineString","coordinates":[[28.203632,-25.855035],[28.203684,-25.855097]]}},{"type":"Feature","properties":{"id":"relation/3279698","name":"Centurion - Southdowns (Gautrain C4)","network":"Gautrain Bus"},"geometry":{"type":"LineString","coordinates":[[28.203684,-25.855097],[28.204109,-25.855594]]}},{"type":"Feature","properties":{"id":"relation/3279698","name":"Centurion - Southdowns (Gautrain C4)","network":"Gautrain Bus"},"geometry":{"type":"LineString","coordinates":[[28.204109,-25.855594],[28.204347,-25.855869],[28.204662,-25.856232]]}},{"type":"Feature","properties":{"id":"relation/3279698","name":"Centurion - Southdowns (Gautrain C4)","network":"Gautrain Bus"},"geometry":{"type":"LineString","coordinates":[[28.204662,-25.856232],[28.20512,-25.856758]]}},{"type":"Feature","properties":{"id":"relation/3279698","name":"Centurion - Southdowns (Gautrain C4)","network":"Gautrain Bus"},"geometry":{"type":"LineString","coordinates":[[28.20512,-25.856758],[28.205529,-25.857268]]}},{"type":"Feature","properties":{"id":"relation/3279698","name":"Centurion - Southdowns (Gautrain C4)","network":"Gautrain Bus"},"geometry":{"type":"LineString","coordinates":[[28.205529,-25.857268],[28.206226,-25.858102],[28.20633,-25.858226],[28.206928,-25.858964]]}},{"type":"Feature","properties":{"id":"relation/3279698","name":"Centurion - Southdowns (Gautrain C4)","network":"Gautrain Bus"},"geometry":{"type":"LineString","coordinates":[[28.206928,-25.858964],[28.207257,-25.859362]]}},{"type":"Feature","properties":{"id":"relation/3279698","name":"Centurion - Southdowns (Gautrain C4)","network":"Gautrain Bus"},"geometry":{"type":"LineString","coordinates":[[28.207257,-25.859362],[28.207316,-25.859434],[28.208884,-25.861365]]}},{"type":"Feature","properties":{"id":"relation/3279698","name":"Centurion - Southdowns (Gautrain C4)","network":"Gautrain Bus"},"geometry":{"type":"LineString","coordinates":[[28.208884,-25.861365],[28.20933,-25.861923]]}},{"type":"Feature","properties":{"id":"relation/3279698","name":"Centurion - Southdowns (Gautrain C4)","network":"Gautrain Bus"},"geometry":{"type":"LineString","coordinates":[[28.20933,-25.861923],[28.20971,-25.862398]]}},{"type":"Feature","properties":{"id":"relation/3279698","name":"Centurion - Southdowns (Gautrain C4)","network":"Gautrain Bus"},"geometry":{"type":"LineString","coordinates":[[28.20971,-25.862398],[28.210002,-25.862764]]}},{"type":"Feature","properties":{"id":"relation/3279698","name":"Centurion - Southdowns (Gautrain C4)","network":"Gautrain Bus"},"geometry":{"type":"LineString","coordinates":[[28.210002,-25.862764],[28.210091,-25.862876]]}},{"type":"Feature","properties":{"id":"relation/3279698","name":"Centurion - Southdowns (Gautrain C4)","network":"Gautrain Bus"},"geometry":{"type":"LineString","coordinates":[[28.210091,-25.862876],[28.210207,-25.86302]]}},{"type":"Feature","properties":{"id":"relation/3279698","name":"Centurion - Southdowns (Gautrain C4)","network":"Gautrain Bus"},"geometry":{"type":"LineString","coordinates":[[28.210207,-25.86302],[28.210348,-25.863197],[28.210435,-25.8633]]}},{"type":"Feature","properties":{"id":"relation/3279698","name":"Centurion - Southdowns (Gautrain C4)","network":"Gautrain Bus"},"geometry":{"type":"LineString","coordinates":[[28.210435,-25.8633],[28.210766,-25.863719]]}},{"type":"Feature","properties":{"id":"relation/3279698","name":"Centurion - Southdowns (Gautrain C4)","network":"Gautrain Bus"},"geometry":{"type":"LineString","coordinates":[[28.210766,-25.863719],[28.210829,-25.863793]]}},{"type":"Feature","properties":{"id":"relation/3279698","name":"Centurion - Southdowns (Gautrain C4)","network":"Gautrain Bus"},"geometry":{"type":"LineString","coordinates":[[28.210829,-25.863793],[28.210943,-25.863943]]}},{"type":"Feature","properties":{"id":"relation/3279698","name":"Centurion - Southdowns (Gautrain C4)","network":"Gautrain Bus"},"geometry":{"type":"LineString","coordinates":[[28.210943,-25.863943],[28.210826,-25.864001]]}},{"type":"Feature","properties":{"id":"relation/3279698","name":"Centurion - Southdowns (Gautrain C4)","network":"Gautrain Bus"},"geometry":{"type":"LineString","coordinates":[[28.210826,-25.864001],[28.210727,-25.864055]]}},{"type":"Feature","properties":{"id":"relation/3279698","name":"Centurion - Southdowns (Gautrain C4)","network":"Gautrain Bus"},"geometry":{"type":"LineString","coordinates":[[28.210727,-25.864055],[28.209906,-25.864503]]}},{"type":"Feature","properties":{"id":"relation/3279698","name":"Centurion - Southdowns (Gautrain C4)","network":"Gautrain Bus"},"geometry":{"type":"LineString","coordinates":[[28.209906,-25.864503],[28.209282,-25.864835],[28.208271,-25.865406],[28.208198,-25.865447],[28.206484,-25.866405]]}},{"type":"Feature","properties":{"id":"relation/3279698","name":"Centurion - Southdowns (Gautrain C4)","network":"Gautrain Bus"},"geometry":{"type":"LineString","coordinates":[[28.206,-25.866664],[28.206484,-25.866405]]}},{"type":"Feature","properties":{"id":"relation/3279698","name":"Centurion - Southdowns (Gautrain C4)","network":"Gautrain Bus"},"geometry":{"type":"LineString","coordinates":[[28.205393,-25.866999],[28.206,-25.866664]]}},{"type":"Feature","properties":{"id":"relation/3279698","name":"Centurion - Southdowns (Gautrain C4)","network":"Gautrain Bus"},"geometry":{"type":"LineString","coordinates":[[28.204693,-25.867405],[28.205393,-25.866999]]}},{"type":"Feature","properties":{"id":"relation/3279698","name":"Centurion - Southdowns (Gautrain C4)","network":"Gautrain Bus"},"geometry":{"type":"LineString","coordinates":[[28.204693,-25.867405],[28.204266,-25.867649],[28.20396,-25.867818],[28.203492,-25.868076],[28.202241,-25.868753],[28.202169,-25.868792],[28.202124,-25.868819],[28.201763,-25.86903],[28.200722,-25.869589],[28.199775,-25.870045],[28.198986,-25.870416],[28.198889,-25.870461]]}},{"type":"Feature","properties":{"id":"relation/3279698","name":"Centurion - Southdowns (Gautrain C4)","network":"Gautrain Bus"},"geometry":{"type":"LineString","coordinates":[[28.198889,-25.870461],[28.198745,-25.87053],[28.197848,-25.870936],[28.197713,-25.871004],[28.19736,-25.871214],[28.19676,-25.871605],[28.196049,-25.872074],[28.195874,-25.872212]]}},{"type":"Feature","properties":{"id":"relation/3279698","name":"Centurion - Southdowns (Gautrain C4)","network":"Gautrain Bus"},"geometry":{"type":"LineString","coordinates":[[28.195874,-25.872212],[28.19579,-25.872277]]}},{"type":"Feature","properties":{"id":"relation/3279698","name":"Centurion - Southdowns (Gautrain C4)","network":"Gautrain Bus"},"geometry":{"type":"LineString","coordinates":[[28.19579,-25.872277],[28.19586,-25.87234]]}},{"type":"Feature","properties":{"id":"relation/3279698","name":"Centurion - Southdowns (Gautrain C4)","network":"Gautrain Bus"},"geometry":{"type":"LineString","coordinates":[[28.19586,-25.87234],[28.195984,-25.872452],[28.199058,-25.875798],[28.200866,-25.877779],[28.200959,-25.877867],[28.201211,-25.87813],[28.201962,-25.87896],[28.202563,-25.879635]]}},{"type":"Feature","properties":{"id":"relation/3279698","name":"Centurion - Southdowns (Gautrain C4)","network":"Gautrain Bus"},"geometry":{"type":"LineString","coordinates":[[28.202563,-25.879635],[28.203327,-25.88048]]}},{"type":"Feature","properties":{"id":"relation/3279698","name":"Centurion - Southdowns (Gautrain C4)","network":"Gautrain Bus"},"geometry":{"type":"LineString","coordinates":[[28.203327,-25.88048],[28.203724,-25.880908],[28.203789,-25.880985]]}},{"type":"Feature","properties":{"id":"relation/3279698","name":"Centurion - Southdowns (Gautrain C4)","network":"Gautrain Bus"},"geometry":{"type":"LineString","coordinates":[[28.203789,-25.880985],[28.20399,-25.881212],[28.204331,-25.881589],[28.20487,-25.882263],[28.205608,-25.883309],[28.206008,-25.883985],[28.206423,-25.884749],[28.206631,-25.885201],[28.206687,-25.885293],[28.206805,-25.885421]]}},{"type":"Feature","properties":{"id":"relation/3279698","name":"Centurion - Southdowns (Gautrain C4)","network":"Gautrain Bus"},"geometry":{"type":"LineString","coordinates":[[28.206805,-25.885421],[28.206825,-25.885437],[28.206857,-25.885479],[28.206874,-25.885528],[28.206873,-25.885578],[28.20686,-25.885617]]}},{"type":"Feature","properties":{"id":"relation/3279698","name":"Centurion - Southdowns (Gautrain C4)","network":"Gautrain Bus"},"geometry":{"type":"LineString","coordinates":[[28.20686,-25.885617],[28.206868,-25.885794],[28.206877,-25.885846],[28.206894,-25.885918],[28.206927,-25.886018],[28.207002,-25.886236],[28.2071,-25.886537],[28.207291,-25.887213],[28.207393,-25.887602],[28.207452,-25.887887],[28.207469,-25.887969],[28.207477,-25.888035],[28.207509,-25.888347]]}},{"type":"Feature","properties":{"id":"relation/3279698","name":"Centurion - Southdowns (Gautrain C4)","network":"Gautrain Bus"},"geometry":{"type":"LineString","coordinates":[[28.207509,-25.888347],[28.207565,-25.888773],[28.207589,-25.889018],[28.207616,-25.889359],[28.207632,-25.889724],[28.207643,-25.889979],[28.207654,-25.890051],[28.207678,-25.890104],[28.207702,-25.890144],[28.207749,-25.890179],[28.207849,-25.890222],[28.208073,-25.890268],[28.208593,-25.890383],[28.20871,-25.890413],[28.208913,-25.890487],[28.209227,-25.890625]]}},{"type":"Feature","properties":{"id":"relation/3279698","name":"Centurion - Southdowns (Gautrain C4)","network":"Gautrain Bus"},"geometry":{"type":"LineString","coordinates":[[28.209227,-25.890625],[28.209373,-25.890657]]}},{"type":"Feature","properties":{"id":"relation/3279698","name":"Centurion - Southdowns (Gautrain C4)","network":"Gautrain Bus"},"geometry":{"type":"LineString","coordinates":[[28.209373,-25.890657],[28.209415,-25.890634],[28.209463,-25.890625],[28.209511,-25.890631],[28.209554,-25.890652],[28.209587,-25.890685],[28.209605,-25.890726]]}},{"type":"Feature","properties":{"id":"relation/3279698","name":"Centurion - Southdowns (Gautrain C4)","network":"Gautrain Bus"},"geometry":{"type":"LineString","coordinates":[[28.209605,-25.890726],[28.209635,-25.890758],[28.209664,-25.890785],[28.209686,-25.89081],[28.209718,-25.890843]]}},{"type":"Feature","properties":{"id":"relation/3279698","name":"Centurion - Southdowns (Gautrain C4)","network":"Gautrain Bus"},"geometry":{"type":"LineString","coordinates":[[28.209718,-25.890843],[28.210133,-25.891045],[28.210543,-25.891281]]}},{"type":"Feature","properties":{"id":"relation/3279698","name":"Centurion - Southdowns (Gautrain C4)","network":"Gautrain Bus"},"geometry":{"type":"LineString","coordinates":[[28.210543,-25.891281],[28.210588,-25.891292],[28.210624,-25.891297],[28.21065,-25.891302],[28.210718,-25.891309]]}},{"type":"Feature","properties":{"id":"relation/3279698","name":"Centurion - Southdowns (Gautrain C4)","network":"Gautrain Bus"},"geometry":{"type":"LineString","coordinates":[[28.210718,-25.891309],[28.210765,-25.891296],[28.210815,-25.891298],[28.21086,-25.891315],[28.210896,-25.891346],[28.210919,-25.891386],[28.210924,-25.89143],[28.210912,-25.891473]]}},{"type":"Feature","properties":{"id":"relation/3279698","name":"Centurion - Southdowns (Gautrain C4)","network":"Gautrain Bus"},"geometry":{"type":"LineString","coordinates":[[28.210912,-25.891473],[28.210882,-25.891512],[28.210839,-25.891538],[28.210787,-25.891548],[28.210737,-25.891541],[28.210693,-25.891519],[28.210666,-25.891491],[28.210649,-25.891458],[28.210643,-25.891422]]}},{"type":"Feature","properties":{"id":"relation/3279698","name":"Centurion - Southdowns (Gautrain C4)","network":"Gautrain Bus"},"geometry":{"type":"LineString","coordinates":[[28.210643,-25.891422],[28.210613,-25.891376],[28.210596,-25.891353],[28.210581,-25.891332],[28.21056,-25.891303],[28.210543,-25.891281]]}},{"type":"Feature","properties":{"id":"relation/3279698","name":"Centurion - Southdowns (Gautrain C4)","network":"Gautrain Bus"},"geometry":{"type":"LineString","coordinates":[[28.209718,-25.890843],[28.209697,-25.890841],[28.209673,-25.89084],[28.209641,-25.890838],[28.209561,-25.890846]]}},{"type":"Feature","properties":{"id":"relation/3279698","name":"Centurion - Southdowns (Gautrain C4)","network":"Gautrain Bus"},"geometry":{"type":"LineString","coordinates":[[28.209561,-25.890846],[28.209526,-25.890867],[28.209485,-25.890877],[28.209448,-25.890877],[28.209412,-25.890868],[28.20938,-25.890851],[28.209354,-25.890827],[28.209339,-25.890804],[28.209329,-25.890779],[28.209326,-25.890752]]}},{"type":"Feature","properties":{"id":"relation/3279698","name":"Centurion - Southdowns (Gautrain C4)","network":"Gautrain Bus"},"geometry":{"type":"LineString","coordinates":[[28.209326,-25.890752],[28.209227,-25.890625]]}},{"type":"Feature","properties":{"id":"relation/3279698","name":"Centurion - Southdowns (Gautrain C4)","network":"Gautrain Bus"},"geometry":{"type":"LineString","coordinates":[[28.207509,-25.888347],[28.207378,-25.88784],[28.206741,-25.885963],[28.206677,-25.885808],[28.206661,-25.885763],[28.20664,-25.885708]]}},{"type":"Feature","properties":{"id":"relation/3279698","name":"Centurion - Southdowns (Gautrain C4)","network":"Gautrain Bus"},"geometry":{"type":"LineString","coordinates":[[28.20664,-25.885708],[28.206599,-25.885692],[28.206548,-25.885651],[28.206518,-25.885597],[28.206511,-25.885536],[28.206534,-25.885471]]}},{"type":"Feature","properties":{"id":"relation/3279698","name":"Centurion - Southdowns (Gautrain C4)","network":"Gautrain Bus"},"geometry":{"type":"LineString","coordinates":[[28.206534,-25.885471],[28.206365,-25.885038],[28.206165,-25.884606],[28.205862,-25.884038],[28.20562,-25.88363],[28.205422,-25.883326],[28.20514,-25.882915],[28.20492,-25.8826],[28.204811,-25.882462],[28.204629,-25.882229],[28.204381,-25.881936],[28.204163,-25.881675],[28.204035,-25.881526],[28.203897,-25.881384]]}},{"type":"Feature","properties":{"id":"relation/3279698","name":"Centurion - Southdowns (Gautrain C4)","network":"Gautrain Bus"},"geometry":{"type":"LineString","coordinates":[[28.203897,-25.881384],[28.203687,-25.881147],[28.203609,-25.881073]]}},{"type":"Feature","properties":{"id":"relation/3279698","name":"Centurion - Southdowns (Gautrain C4)","network":"Gautrain Bus"},"geometry":{"type":"LineString","coordinates":[[28.203609,-25.881073],[28.203541,-25.881001]]}},{"type":"Feature","properties":{"id":"relation/3279698","name":"Centurion - Southdowns (Gautrain C4)","network":"Gautrain Bus"},"geometry":{"type":"LineString","coordinates":[[28.203541,-25.881001],[28.203229,-25.880666],[28.202414,-25.879779]]}},{"type":"Feature","properties":{"id":"relation/3279698","name":"Centurion - Southdowns (Gautrain C4)","network":"Gautrain Bus"},"geometry":{"type":"LineString","coordinates":[[28.202414,-25.879779],[28.20183,-25.879163],[28.201378,-25.878685]]}},{"type":"Feature","properties":{"id":"relation/3279698","name":"Centurion - Southdowns (Gautrain C4)","network":"Gautrain Bus"},"geometry":{"type":"LineString","coordinates":[[28.201378,-25.878685],[28.200733,-25.877994]]}},{"type":"Feature","properties":{"id":"relation/3279698","name":"Centurion - Southdowns (Gautrain C4)","network":"Gautrain Bus"},"geometry":{"type":"LineString","coordinates":[[28.200733,-25.877994],[28.20067,-25.877931],[28.199456,-25.876583],[28.199158,-25.876252],[28.198863,-25.875925],[28.198694,-25.875747]]}},{"type":"Feature","properties":{"id":"relation/3279698","name":"Centurion - Southdowns (Gautrain C4)","network":"Gautrain Bus"},"geometry":{"type":"LineString","coordinates":[[28.198694,-25.875747],[28.19677,-25.873643],[28.196533,-25.873373],[28.19624,-25.873051],[28.196083,-25.872811],[28.195746,-25.872423]]}},{"type":"Feature","properties":{"id":"relation/3279698","name":"Centurion - Southdowns (Gautrain C4)","network":"Gautrain Bus"},"geometry":{"type":"LineString","coordinates":[[28.195746,-25.872423],[28.195684,-25.872351],[28.195546,-25.872212]]}},{"type":"Feature","properties":{"id":"relation/3279698","name":"Centurion - Southdowns (Gautrain C4)","network":"Gautrain Bus"},"geometry":{"type":"LineString","coordinates":[[28.195546,-25.872212],[28.195656,-25.87214]]}},{"type":"Feature","properties":{"id":"relation/3279698","name":"Centurion - Southdowns (Gautrain C4)","network":"Gautrain Bus"},"geometry":{"type":"LineString","coordinates":[[28.195656,-25.87214],[28.195744,-25.872075]]}},{"type":"Feature","properties":{"id":"relation/3279698","name":"Centurion - Southdowns (Gautrain C4)","network":"Gautrain Bus"},"geometry":{"type":"LineString","coordinates":[[28.195744,-25.872075],[28.195864,-25.871986],[28.196049,-25.871848],[28.196817,-25.871341],[28.197542,-25.870925],[28.198647,-25.870392]]}},{"type":"Feature","properties":{"id":"relation/3279698","name":"Centurion - Southdowns (Gautrain C4)","network":"Gautrain Bus"},"geometry":{"type":"LineString","coordinates":[[28.198647,-25.870392],[28.198799,-25.870322],[28.198898,-25.870276]]}},{"type":"Feature","properties":{"id":"relation/3279698","name":"Centurion - Southdowns (Gautrain C4)","network":"Gautrain Bus"},"geometry":{"type":"LineString","coordinates":[[28.198898,-25.870276],[28.199702,-25.869909],[28.200775,-25.869372],[28.201815,-25.868813],[28.202035,-25.868694],[28.202065,-25.868679],[28.202142,-25.868633],[28.202185,-25.868602],[28.203036,-25.868137],[28.203237,-25.868045],[28.203375,-25.867986],[28.203433,-25.867961],[28.203734,-25.867822],[28.20441,-25.867528],[28.204693,-25.867405]]}},{"type":"Feature","properties":{"id":"relation/3279698","name":"Centurion - Southdowns (Gautrain C4)","network":"Gautrain Bus"},"geometry":{"type":"LineString","coordinates":[[28.206484,-25.866405],[28.207374,-25.865706],[28.207679,-25.865532],[28.208092,-25.8653],[28.208169,-25.865257],[28.209231,-25.864657],[28.209687,-25.864405],[28.209897,-25.864293]]}},{"type":"Feature","properties":{"id":"relation/3279698","name":"Centurion - Southdowns (Gautrain C4)","network":"Gautrain Bus"},"geometry":{"type":"LineString","coordinates":[[28.209897,-25.864293],[28.210623,-25.863905]]}},{"type":"Feature","properties":{"id":"relation/3279698","name":"Centurion - Southdowns (Gautrain C4)","network":"Gautrain Bus"},"geometry":{"type":"LineString","coordinates":[[28.210623,-25.863905],[28.210718,-25.863851]]}},{"type":"Feature","properties":{"id":"relation/3279698","name":"Centurion - Southdowns (Gautrain C4)","network":"Gautrain Bus"},"geometry":{"type":"LineString","coordinates":[[28.210718,-25.863851],[28.210659,-25.863778]]}},{"type":"Feature","properties":{"id":"relation/3279698","name":"Centurion - Southdowns (Gautrain C4)","network":"Gautrain Bus"},"geometry":{"type":"LineString","coordinates":[[28.210659,-25.863778],[28.210551,-25.863643],[28.210243,-25.863263]]}},{"type":"Feature","properties":{"id":"relation/3279698","name":"Centurion - Southdowns (Gautrain C4)","network":"Gautrain Bus"},"geometry":{"type":"LineString","coordinates":[[28.210243,-25.863263],[28.21008,-25.863029]]}},{"type":"Feature","properties":{"id":"relation/3279698","name":"Centurion - Southdowns (Gautrain C4)","network":"Gautrain Bus"},"geometry":{"type":"LineString","coordinates":[[28.21008,-25.863029],[28.209992,-25.86291]]}},{"type":"Feature","properties":{"id":"relation/3279698","name":"Centurion - Southdowns (Gautrain C4)","network":"Gautrain Bus"},"geometry":{"type":"LineString","coordinates":[[28.209992,-25.86291],[28.209921,-25.862825]]}},{"type":"Feature","properties":{"id":"relation/3279698","name":"Centurion - Southdowns (Gautrain C4)","network":"Gautrain Bus"},"geometry":{"type":"LineString","coordinates":[[28.209921,-25.862825],[28.209808,-25.862688]]}},{"type":"Feature","properties":{"id":"relation/3279698","name":"Centurion - Southdowns (Gautrain C4)","network":"Gautrain Bus"},"geometry":{"type":"LineString","coordinates":[[28.209808,-25.862688],[28.209199,-25.861967]]}},{"type":"Feature","properties":{"id":"relation/3279698","name":"Centurion - Southdowns (Gautrain C4)","network":"Gautrain Bus"},"geometry":{"type":"LineString","coordinates":[[28.209199,-25.861967],[28.208747,-25.861403]]}},{"type":"Feature","properties":{"id":"relation/3279698","name":"Centurion - Southdowns (Gautrain C4)","network":"Gautrain Bus"},"geometry":{"type":"LineString","coordinates":[[28.208747,-25.861403],[28.207476,-25.859832]]}},{"type":"Feature","properties":{"id":"relation/3279698","name":"Centurion - Southdowns (Gautrain C4)","network":"Gautrain Bus"},"geometry":{"type":"LineString","coordinates":[[28.207476,-25.859832],[28.207154,-25.859434]]}},{"type":"Feature","properties":{"id":"relation/3279698","name":"Centurion - Southdowns (Gautrain C4)","network":"Gautrain Bus"},"geometry":{"type":"LineString","coordinates":[[28.207154,-25.859434],[28.206826,-25.859032]]}},{"type":"Feature","properties":{"id":"relation/3279698","name":"Centurion - Southdowns (Gautrain C4)","network":"Gautrain Bus"},"geometry":{"type":"LineString","coordinates":[[28.206826,-25.859032],[28.206755,-25.858942],[28.206436,-25.85856],[28.205407,-25.857312]]}},{"type":"Feature","properties":{"id":"relation/3279698","name":"Centurion - Southdowns (Gautrain C4)","network":"Gautrain Bus"},"geometry":{"type":"LineString","coordinates":[[28.205407,-25.857312],[28.205013,-25.856836]]}},{"type":"Feature","properties":{"id":"relation/3279698","name":"Centurion - Southdowns (Gautrain C4)","network":"Gautrain Bus"},"geometry":{"type":"LineString","coordinates":[[28.205013,-25.856836],[28.204629,-25.856387]]}},{"type":"Feature","properties":{"id":"relation/3279698","name":"Centurion - Southdowns (Gautrain C4)","network":"Gautrain Bus"},"geometry":{"type":"LineString","coordinates":[[28.204629,-25.856387],[28.204562,-25.856302],[28.204356,-25.856048],[28.204035,-25.855661]]}},{"type":"Feature","properties":{"id":"relation/3279698","name":"Centurion - Southdowns (Gautrain C4)","network":"Gautrain Bus"},"geometry":{"type":"LineString","coordinates":[[28.204035,-25.855661],[28.203614,-25.85519]]}},{"type":"Feature","properties":{"id":"relation/3279698","name":"Centurion - Southdowns (Gautrain C4)","network":"Gautrain Bus"},"geometry":{"type":"LineString","coordinates":[[28.203614,-25.85519],[28.203562,-25.855126]]}},{"type":"Feature","properties":{"id":"relation/3279698","name":"Centurion - Southdowns (Gautrain C4)","network":"Gautrain Bus"},"geometry":{"type":"LineString","coordinates":[[28.203562,-25.855126],[28.20316,-25.854616]]}},{"type":"Feature","properties":{"id":"relation/3279698","name":"Centurion - Southdowns (Gautrain C4)","network":"Gautrain Bus"},"geometry":{"type":"LineString","coordinates":[[28.20316,-25.854616],[28.20273,-25.854098]]}},{"type":"Feature","properties":{"id":"relation/3279698","name":"Centurion - Southdowns (Gautrain C4)","network":"Gautrain Bus"},"geometry":{"type":"LineString","coordinates":[[28.20273,-25.854098],[28.202247,-25.853513]]}},{"type":"Feature","properties":{"id":"relation/3279698","name":"Centurion - Southdowns (Gautrain C4)","network":"Gautrain Bus"},"geometry":{"type":"LineString","coordinates":[[28.202247,-25.853513],[28.202194,-25.853456]]}},{"type":"Feature","properties":{"id":"relation/3279698","name":"Centurion - Southdowns (Gautrain C4)","network":"Gautrain Bus"},"geometry":{"type":"LineString","coordinates":[[28.202194,-25.853456],[28.202082,-25.853319],[28.201812,-25.853006]]}},{"type":"Feature","properties":{"id":"relation/3279698","name":"Centurion - Southdowns (Gautrain C4)","network":"Gautrain Bus"},"geometry":{"type":"LineString","coordinates":[[28.201812,-25.853006],[28.201773,-25.852965],[28.201729,-25.852924],[28.201248,-25.852553],[28.199231,-25.851073]]}},{"type":"Feature","properties":{"id":"relation/3279698","name":"Centurion - Southdowns (Gautrain C4)","network":"Gautrain Bus"},"geometry":{"type":"LineString","coordinates":[[28.199231,-25.851073],[28.198601,-25.850597]]}},{"type":"Feature","properties":{"id":"relation/3279698","name":"Centurion - Southdowns (Gautrain C4)","network":"Gautrain Bus"},"geometry":{"type":"LineString","coordinates":[[28.198601,-25.850597],[28.197758,-25.849962]]}},{"type":"Feature","properties":{"id":"relation/3279698","name":"Centurion - Southdowns (Gautrain C4)","network":"Gautrain Bus"},"geometry":{"type":"LineString","coordinates":[[28.197758,-25.849962],[28.197664,-25.849885]]}},{"type":"Feature","properties":{"id":"relation/3279698","name":"Centurion - Southdowns (Gautrain C4)","network":"Gautrain Bus"},"geometry":{"type":"LineString","coordinates":[[28.197664,-25.849885],[28.197063,-25.849423]]}},{"type":"Feature","properties":{"id":"relation/3279698","name":"Centurion - Southdowns (Gautrain C4)","network":"Gautrain Bus"},"geometry":{"type":"LineString","coordinates":[[28.197063,-25.849423],[28.196876,-25.849284],[28.196553,-25.849046],[28.196137,-25.848743],[28.195835,-25.848518],[28.195123,-25.847987],[28.194081,-25.847197],[28.193765,-25.846964],[28.193267,-25.846589],[28.193247,-25.846572],[28.192406,-25.845947]]}},{"type":"Feature","properties":{"id":"relation/3279698","name":"Centurion - Southdowns (Gautrain C4)","network":"Gautrain Bus"},"geometry":{"type":"LineString","coordinates":[[28.192406,-25.845947],[28.192043,-25.846341]]}},{"type":"Feature","properties":{"id":"relation/3279698","name":"Centurion - Southdowns (Gautrain C4)","network":"Gautrain Bus"},"geometry":{"type":"LineString","coordinates":[[28.192043,-25.846341],[28.191995,-25.846394],[28.191402,-25.847042]]}},{"type":"Feature","properties":{"id":"relation/3279698","name":"Centurion - Southdowns (Gautrain C4)","network":"Gautrain Bus"},"geometry":{"type":"LineString","coordinates":[[28.191402,-25.847042],[28.190917,-25.847567],[28.190723,-25.84779]]}},{"type":"Feature","properties":{"id":"relation/3279698","name":"Centurion - Southdowns (Gautrain C4)","network":"Gautrain Bus"},"geometry":{"type":"LineString","coordinates":[[28.190723,-25.84779],[28.190591,-25.847924]]}},{"type":"Feature","properties":{"id":"relation/3279698","name":"Centurion - Southdowns (Gautrain C4)","network":"Gautrain Bus"},"geometry":{"type":"LineString","coordinates":[[28.190591,-25.847924],[28.190323,-25.84821],[28.189896,-25.84869]]}},{"type":"Feature","properties":{"id":"relation/3279698","name":"Centurion - Southdowns (Gautrain C4)","network":"Gautrain Bus"},"geometry":{"type":"LineString","coordinates":[[28.189896,-25.84869],[28.189602,-25.849003]]}},{"type":"Feature","properties":{"id":"relation/3279698","name":"Centurion - Southdowns (Gautrain C4)","network":"Gautrain Bus"},"geometry":{"type":"LineString","coordinates":[[28.189602,-25.849003],[28.189339,-25.849325]]}},{"type":"Feature","properties":{"id":"relation/3279698","name":"Centurion - Southdowns (Gautrain C4)","network":"Gautrain Bus"},"geometry":{"type":"LineString","coordinates":[[28.189339,-25.849325],[28.189059,-25.849648]]}},{"type":"Feature","properties":{"id":"relation/3279698","name":"Centurion - Southdowns (Gautrain C4)","network":"Gautrain Bus"},"geometry":{"type":"LineString","coordinates":[[28.189059,-25.849648],[28.188735,-25.849987]]}},{"type":"Feature","properties":{"id":"relation/3279698","name":"Centurion - Southdowns (Gautrain C4)","network":"Gautrain Bus"},"geometry":{"type":"LineString","coordinates":[[28.188735,-25.849987],[28.188525,-25.850226],[28.188491,-25.850259]]}},{"type":"Feature","properties":{"id":"relation/3279698","name":"Centurion - Southdowns (Gautrain C4)","network":"Gautrain Bus"},"geometry":{"type":"LineString","coordinates":[[28.188491,-25.850259],[28.188327,-25.850453]]}},{"type":"Feature","properties":{"id":"relation/3279698","name":"Centurion - Southdowns (Gautrain C4)","network":"Gautrain Bus"},"geometry":{"type":"LineString","coordinates":[[28.188327,-25.850453],[28.188458,-25.850629]]}},{"type":"Feature","properties":{"id":"relation/3279698","name":"Centurion - Southdowns (Gautrain C4)","network":"Gautrain Bus"},"geometry":{"type":"LineString","coordinates":[[28.188458,-25.850629],[28.188603,-25.850841],[28.188725,-25.85104]]}},{"type":"Feature","properties":{"id":"relation/3279698","name":"Centurion - Southdowns (Gautrain C4)","network":"Gautrain Bus"},"geometry":{"type":"LineString","coordinates":[[28.188725,-25.85104],[28.18896,-25.851427],[28.189116,-25.851678]]}},{"type":"Feature","properties":{"id":"relation/3279698","name":"Centurion - Southdowns (Gautrain C4)","network":"Gautrain Bus"},"geometry":{"type":"LineString","coordinates":[[28.189116,-25.851678],[28.189261,-25.851526]]}},{"type":"Feature","properties":{"id":"relation/3279698","name":"Centurion - Southdowns (Gautrain C4)","network":"Gautrain Bus"},"geometry":{"type":"LineString","coordinates":[[28.189261,-25.851526],[28.189422,-25.851437]]}},{"type":"Feature","properties":{"id":"relation/3279698","name":"Centurion - Southdowns (Gautrain C4)","network":"Gautrain Bus"},"geometry":{"type":"LineString","coordinates":[[28.189422,-25.851437],[28.189506,-25.85139]]}},{"type":"Feature","properties":{"id":"relation/3279698","name":"Centurion - Southdowns (Gautrain C4)","network":"Gautrain Bus"},"geometry":{"type":"LineString","coordinates":[[28.189506,-25.85139],[28.189505,-25.851371],[28.189504,-25.851355],[28.189514,-25.85132],[28.189535,-25.85129],[28.189565,-25.851266],[28.189601,-25.851252],[28.189641,-25.851248],[28.18968,-25.851254],[28.189715,-25.85127],[28.189747,-25.851296],[28.189758,-25.851317],[28.189767,-25.851342],[28.18977,-25.851367],[28.189767,-25.851393]]}},{"type":"Feature","properties":{"id":"relation/3279698","name":"Centurion - Southdowns (Gautrain C4)","network":"Gautrain Bus"},"geometry":{"type":"LineString","coordinates":[[28.189767,-25.851393],[28.189786,-25.851395],[28.189903,-25.851409],[28.189928,-25.851414],[28.18995,-25.851427],[28.190435,-25.851795],[28.190524,-25.851854],[28.190536,-25.851868],[28.190544,-25.851885],[28.190545,-25.851897],[28.190546,-25.851914],[28.190542,-25.851929],[28.190534,-25.851951],[28.190522,-25.851969],[28.19028,-25.852246],[28.190264,-25.852261],[28.190247,-25.852272],[28.190226,-25.852274],[28.190205,-25.852269],[28.190181,-25.852262],[28.19016,-25.852249],[28.190139,-25.852223],[28.190117,-25.852195],[28.190068,-25.852136],[28.190033,-25.852092],[28.189832,-25.851813]]}},{"type":"Feature","properties":{"id":"relation/3281059","name":"Sandton - Gallo Manor (Gautrain S2)","network":"Gautrain Bus"},"geometry":{"type":"LineString","coordinates":[[28.056733,-26.108068],[28.05699,-26.108343],[28.057068,-26.108427]]}},{"type":"Feature","properties":{"id":"relation/3281059","name":"Sandton - Gallo Manor (Gautrain S2)","network":"Gautrain Bus"},"geometry":{"type":"LineString","coordinates":[[28.057068,-26.108427],[28.057626,-26.108064]]}},{"type":"Feature","properties":{"id":"relation/3281059","name":"Sandton - Gallo Manor (Gautrain S2)","network":"Gautrain Bus"},"geometry":{"type":"LineString","coordinates":[[28.057626,-26.108064],[28.057888,-26.107886]]}},{"type":"Feature","properties":{"id":"relation/3281059","name":"Sandton - Gallo Manor (Gautrain S2)","network":"Gautrain Bus"},"geometry":{"type":"LineString","coordinates":[[28.057888,-26.107886],[28.05798,-26.107822]]}},{"type":"Feature","properties":{"id":"relation/3281059","name":"Sandton - Gallo Manor (Gautrain S2)","network":"Gautrain Bus"},"geometry":{"type":"LineString","coordinates":[[28.05798,-26.107822],[28.058112,-26.107729]]}},{"type":"Feature","properties":{"id":"relation/3281059","name":"Sandton - Gallo Manor (Gautrain S2)","network":"Gautrain Bus"},"geometry":{"type":"LineString","coordinates":[[28.058112,-26.107729],[28.058224,-26.107804]]}},{"type":"Feature","properties":{"id":"relation/3281059","name":"Sandton - Gallo Manor (Gautrain S2)","network":"Gautrain Bus"},"geometry":{"type":"LineString","coordinates":[[28.058224,-26.107804],[28.058315,-26.107873]]}},{"type":"Feature","properties":{"id":"relation/3281059","name":"Sandton - Gallo Manor (Gautrain S2)","network":"Gautrain Bus"},"geometry":{"type":"LineString","coordinates":[[28.058315,-26.107873],[28.058601,-26.108111],[28.05906,-26.108492]]}},{"type":"Feature","properties":{"id":"relation/3281059","name":"Sandton - Gallo Manor (Gautrain S2)","network":"Gautrain Bus"},"geometry":{"type":"LineString","coordinates":[[28.05906,-26.108492],[28.059336,-26.108712],[28.059428,-26.108785]]}},{"type":"Feature","properties":{"id":"relation/3281059","name":"Sandton - Gallo Manor (Gautrain S2)","network":"Gautrain Bus"},"geometry":{"type":"LineString","coordinates":[[28.059428,-26.108785],[28.05947,-26.108767],[28.059524,-26.108744],[28.059661,-26.10869],[28.05985,-26.108613],[28.061221,-26.108055],[28.061385,-26.107989],[28.061449,-26.107964],[28.061866,-26.107803],[28.062058,-26.107728],[28.062315,-26.107629]]}},{"type":"Feature","properties":{"id":"relation/3281059","name":"Sandton - Gallo Manor (Gautrain S2)","network":"Gautrain Bus"},"geometry":{"type":"LineString","coordinates":[[28.062315,-26.107629],[28.062998,-26.107361],[28.063365,-26.107214],[28.064078,-26.106932],[28.064291,-26.106846],[28.064827,-26.106629]]}},{"type":"Feature","properties":{"id":"relation/3281059","name":"Sandton - Gallo Manor (Gautrain S2)","network":"Gautrain Bus"},"geometry":{"type":"LineString","coordinates":[[28.064827,-26.106629],[28.065289,-26.106445]]}},{"type":"Feature","properties":{"id":"relation/3281059","name":"Sandton - Gallo Manor (Gautrain S2)","network":"Gautrain Bus"},"geometry":{"type":"LineString","coordinates":[[28.065289,-26.106445],[28.065825,-26.106206],[28.065975,-26.10614]]}},{"type":"Feature","properties":{"id":"relation/3281059","name":"Sandton - Gallo Manor (Gautrain S2)","network":"Gautrain Bus"},"geometry":{"type":"LineString","coordinates":[[28.065975,-26.10614],[28.066122,-26.106074],[28.066485,-26.105909]]}},{"type":"Feature","properties":{"id":"relation/3281059","name":"Sandton - Gallo Manor (Gautrain S2)","network":"Gautrain Bus"},"geometry":{"type":"LineString","coordinates":[[28.066485,-26.105909],[28.06664,-26.105834],[28.067117,-26.105611],[28.068061,-26.105203],[28.068896,-26.10486],[28.069245,-26.104717],[28.069883,-26.104449],[28.070227,-26.104316],[28.070387,-26.104248],[28.070475,-26.104208],[28.07063,-26.104136]]}},{"type":"Feature","properties":{"id":"relation/3281059","name":"Sandton - Gallo Manor (Gautrain S2)","network":"Gautrain Bus"},"geometry":{"type":"LineString","coordinates":[[28.07063,-26.104136],[28.07087,-26.104006],[28.07099,-26.103931],[28.071091,-26.103852]]}},{"type":"Feature","properties":{"id":"relation/3281059","name":"Sandton - Gallo Manor (Gautrain S2)","network":"Gautrain Bus"},"geometry":{"type":"LineString","coordinates":[[28.071091,-26.103852],[28.071459,-26.103565],[28.071654,-26.1034]]}},{"type":"Feature","properties":{"id":"relation/3281059","name":"Sandton - Gallo Manor (Gautrain S2)","network":"Gautrain Bus"},"geometry":{"type":"LineString","coordinates":[[28.071654,-26.1034],[28.071877,-26.103205]]}},{"type":"Feature","properties":{"id":"relation/3281059","name":"Sandton - Gallo Manor (Gautrain S2)","network":"Gautrain Bus"},"geometry":{"type":"LineString","coordinates":[[28.071877,-26.103205],[28.072158,-26.102915],[28.072378,-26.102667],[28.072746,-26.102277],[28.072807,-26.102197],[28.072856,-26.102126],[28.072891,-26.102055],[28.072936,-26.101953],[28.072979,-26.101837],[28.073026,-26.101691],[28.073073,-26.101554],[28.0731,-26.101483],[28.073296,-26.100971],[28.073357,-26.100853],[28.073423,-26.100736],[28.073553,-26.100558],[28.073663,-26.100446],[28.073818,-26.100315],[28.074057,-26.100153]]}},{"type":"Feature","properties":{"id":"relation/3281059","name":"Sandton - Gallo Manor (Gautrain S2)","network":"Gautrain Bus"},"geometry":{"type":"LineString","coordinates":[[28.074057,-26.100153],[28.074205,-26.10007],[28.074281,-26.100031],[28.074629,-26.099886]]}},{"type":"Feature","properties":{"id":"relation/3281059","name":"Sandton - Gallo Manor (Gautrain S2)","network":"Gautrain Bus"},"geometry":{"type":"LineString","coordinates":[[28.074629,-26.099886],[28.07492,-26.09977]]}},{"type":"Feature","properties":{"id":"relation/3281059","name":"Sandton - Gallo Manor (Gautrain S2)","network":"Gautrain Bus"},"geometry":{"type":"LineString","coordinates":[[28.07492,-26.09977],[28.075586,-26.09951]]}},{"type":"Feature","properties":{"id":"relation/3281059","name":"Sandton - Gallo Manor (Gautrain S2)","network":"Gautrain Bus"},"geometry":{"type":"LineString","coordinates":[[28.075586,-26.09951],[28.075795,-26.099432]]}},{"type":"Feature","properties":{"id":"relation/3281059","name":"Sandton - Gallo Manor (Gautrain S2)","network":"Gautrain Bus"},"geometry":{"type":"LineString","coordinates":[[28.075795,-26.099432],[28.07706,-26.098921]]}},{"type":"Feature","properties":{"id":"relation/3281059","name":"Sandton - Gallo Manor (Gautrain S2)","network":"Gautrain Bus"},"geometry":{"type":"LineString","coordinates":[[28.07706,-26.098921],[28.078686,-26.098302],[28.080261,-26.0977],[28.080638,-26.097554],[28.080947,-26.097435],[28.081024,-26.097402]]}},{"type":"Feature","properties":{"id":"relation/3281059","name":"Sandton - Gallo Manor (Gautrain S2)","network":"Gautrain Bus"},"geometry":{"type":"LineString","coordinates":[[28.081024,-26.097402],[28.081039,-26.097392],[28.081065,-26.09738],[28.081186,-26.09732],[28.081202,-26.097312],[28.081248,-26.097291],[28.081511,-26.097156],[28.081615,-26.097091],[28.081696,-26.097035],[28.081763,-26.096985],[28.081851,-26.096922],[28.082015,-26.096758],[28.082181,-26.096582],[28.082299,-26.096431],[28.082415,-26.09625],[28.082517,-26.096069],[28.082589,-26.095906],[28.082655,-26.095674],[28.082694,-26.095476],[28.082717,-26.095322],[28.082727,-26.0951],[28.08271,-26.094896],[28.082644,-26.094627],[28.082587,-26.094424],[28.082525,-26.09429],[28.08248,-26.0942],[28.082427,-26.094112],[28.082323,-26.093963]]}},{"type":"Feature","properties":{"id":"relation/3281059","name":"Sandton - Gallo Manor (Gautrain S2)","network":"Gautrain Bus"},"geometry":{"type":"LineString","coordinates":[[28.082323,-26.093963],[28.082234,-26.093855],[28.082173,-26.093783],[28.082119,-26.093726],[28.081988,-26.093615]]}},{"type":"Feature","properties":{"id":"relation/3281059","name":"Sandton - Gallo Manor (Gautrain S2)","network":"Gautrain Bus"},"geometry":{"type":"LineString","coordinates":[[28.081988,-26.093615],[28.081956,-26.093587],[28.081807,-26.093481],[28.081628,-26.093367],[28.081387,-26.093243],[28.08098,-26.093055],[28.080801,-26.092945],[28.080605,-26.092816],[28.080516,-26.092751],[28.080345,-26.092614],[28.080131,-26.092404]]}},{"type":"Feature","properties":{"id":"relation/3281059","name":"Sandton - Gallo Manor (Gautrain S2)","network":"Gautrain Bus"},"geometry":{"type":"LineString","coordinates":[[28.080131,-26.092404],[28.080079,-26.092353],[28.079994,-26.092245],[28.079904,-26.09213],[28.07963,-26.091703],[28.079573,-26.091613]]}},{"type":"Feature","properties":{"id":"relation/3281059","name":"Sandton - Gallo Manor (Gautrain S2)","network":"Gautrain Bus"},"geometry":{"type":"LineString","coordinates":[[28.079573,-26.091613],[28.079524,-26.091495]]}},{"type":"Feature","properties":{"id":"relation/3281059","name":"Sandton - Gallo Manor (Gautrain S2)","network":"Gautrain Bus"},"geometry":{"type":"LineString","coordinates":[[28.079524,-26.091495],[28.079426,-26.091186],[28.079407,-26.091107],[28.079382,-26.091017],[28.079329,-26.09068],[28.079326,-26.090614],[28.079318,-26.090439],[28.079317,-26.090322],[28.079317,-26.090058],[28.079315,-26.089954],[28.079315,-26.089833],[28.079336,-26.089093],[28.079336,-26.088878],[28.079348,-26.088081]]}},{"type":"Feature","properties":{"id":"relation/3281059","name":"Sandton - Gallo Manor (Gautrain S2)","network":"Gautrain Bus"},"geometry":{"type":"LineString","coordinates":[[28.079348,-26.088081],[28.079341,-26.087677]]}},{"type":"Feature","properties":{"id":"relation/3281059","name":"Sandton - Gallo Manor (Gautrain S2)","network":"Gautrain Bus"},"geometry":{"type":"LineString","coordinates":[[28.079341,-26.087677],[28.079349,-26.087565]]}},{"type":"Feature","properties":{"id":"relation/3281059","name":"Sandton - Gallo Manor (Gautrain S2)","network":"Gautrain Bus"},"geometry":{"type":"LineString","coordinates":[[28.079349,-26.087565],[28.079364,-26.087302],[28.079368,-26.08678]]}},{"type":"Feature","properties":{"id":"relation/3281059","name":"Sandton - Gallo Manor (Gautrain S2)","network":"Gautrain Bus"},"geometry":{"type":"LineString","coordinates":[[28.079368,-26.08678],[28.079382,-26.086582],[28.079392,-26.086348],[28.079397,-26.086159]]}},{"type":"Feature","properties":{"id":"relation/3281059","name":"Sandton - Gallo Manor (Gautrain S2)","network":"Gautrain Bus"},"geometry":{"type":"LineString","coordinates":[[28.079397,-26.086159],[28.079433,-26.085901]]}},{"type":"Feature","properties":{"id":"relation/3281059","name":"Sandton - Gallo Manor (Gautrain S2)","network":"Gautrain Bus"},"geometry":{"type":"LineString","coordinates":[[28.079433,-26.085901],[28.079523,-26.085341]]}},{"type":"Feature","properties":{"id":"relation/3281059","name":"Sandton - Gallo Manor (Gautrain S2)","network":"Gautrain Bus"},"geometry":{"type":"LineString","coordinates":[[28.079523,-26.085341],[28.079533,-26.085266],[28.079541,-26.085196],[28.079545,-26.085137],[28.079547,-26.085038],[28.079538,-26.084954],[28.079531,-26.084892]]}},{"type":"Feature","properties":{"id":"relation/3281059","name":"Sandton - Gallo Manor (Gautrain S2)","network":"Gautrain Bus"},"geometry":{"type":"LineString","coordinates":[[28.079531,-26.084892],[28.079515,-26.084502],[28.079511,-26.084401]]}},{"type":"Feature","properties":{"id":"relation/3281059","name":"Sandton - Gallo Manor (Gautrain S2)","network":"Gautrain Bus"},"geometry":{"type":"LineString","coordinates":[[28.079511,-26.084401],[28.079515,-26.084331],[28.07953,-26.084014]]}},{"type":"Feature","properties":{"id":"relation/3281059","name":"Sandton - Gallo Manor (Gautrain S2)","network":"Gautrain Bus"},"geometry":{"type":"LineString","coordinates":[[28.07953,-26.084014],[28.079529,-26.083611]]}},{"type":"Feature","properties":{"id":"relation/3281059","name":"Sandton - Gallo Manor (Gautrain S2)","network":"Gautrain Bus"},"geometry":{"type":"LineString","coordinates":[[28.079529,-26.083611],[28.079537,-26.08273]]}},{"type":"Feature","properties":{"id":"relation/3281059","name":"Sandton - Gallo Manor (Gautrain S2)","network":"Gautrain Bus"},"geometry":{"type":"LineString","coordinates":[[28.079537,-26.08273],[28.079531,-26.08241]]}},{"type":"Feature","properties":{"id":"relation/3281059","name":"Sandton - Gallo Manor (Gautrain S2)","network":"Gautrain Bus"},"geometry":{"type":"LineString","coordinates":[[28.079531,-26.08241],[28.079535,-26.082155],[28.079535,-26.082131]]}},{"type":"Feature","properties":{"id":"relation/3281059","name":"Sandton - Gallo Manor (Gautrain S2)","network":"Gautrain Bus"},"geometry":{"type":"LineString","coordinates":[[28.079535,-26.082131],[28.079536,-26.08209],[28.079537,-26.082051]]}},{"type":"Feature","properties":{"id":"relation/3281059","name":"Sandton - Gallo Manor (Gautrain S2)","network":"Gautrain Bus"},"geometry":{"type":"LineString","coordinates":[[28.079537,-26.082051],[28.079536,-26.081998]]}},{"type":"Feature","properties":{"id":"relation/3281059","name":"Sandton - Gallo Manor (Gautrain S2)","network":"Gautrain Bus"},"geometry":{"type":"LineString","coordinates":[[28.079536,-26.081998],[28.079535,-26.081893],[28.079539,-26.081544],[28.079587,-26.080484],[28.079609,-26.079965],[28.079628,-26.079587],[28.079632,-26.079449],[28.079636,-26.079377],[28.079644,-26.079249],[28.079669,-26.078983],[28.079689,-26.078742],[28.07971,-26.078459],[28.079733,-26.078067]]}},{"type":"Feature","properties":{"id":"relation/3281059","name":"Sandton - Gallo Manor (Gautrain S2)","network":"Gautrain Bus"},"geometry":{"type":"LineString","coordinates":[[28.079733,-26.078067],[28.079732,-26.077886],[28.079732,-26.077787],[28.079719,-26.077603]]}},{"type":"Feature","properties":{"id":"relation/3281059","name":"Sandton - Gallo Manor (Gautrain S2)","network":"Gautrain Bus"},"geometry":{"type":"LineString","coordinates":[[28.079719,-26.077603],[28.0797,-26.077499],[28.079669,-26.077394],[28.079644,-26.077317],[28.079588,-26.077166]]}},{"type":"Feature","properties":{"id":"relation/3281059","name":"Sandton - Gallo Manor (Gautrain S2)","network":"Gautrain Bus"},"geometry":{"type":"LineString","coordinates":[[28.079588,-26.077166],[28.079571,-26.077126]]}},{"type":"Feature","properties":{"id":"relation/3281059","name":"Sandton - Gallo Manor (Gautrain S2)","network":"Gautrain Bus"},"geometry":{"type":"LineString","coordinates":[[28.079571,-26.077126],[28.079439,-26.076757],[28.079222,-26.076159],[28.079092,-26.075796],[28.078851,-26.075121],[28.078842,-26.075097],[28.078517,-26.074184]]}},{"type":"Feature","properties":{"id":"relation/3281059","name":"Sandton - Gallo Manor (Gautrain S2)","network":"Gautrain Bus"},"geometry":{"type":"LineString","coordinates":[[28.078517,-26.074184],[28.078346,-26.073719]]}},{"type":"Feature","properties":{"id":"relation/3281059","name":"Sandton - Gallo Manor (Gautrain S2)","network":"Gautrain Bus"},"geometry":{"type":"LineString","coordinates":[[28.078346,-26.073719],[28.078082,-26.072978]]}},{"type":"Feature","properties":{"id":"relation/3281059","name":"Sandton - Gallo Manor (Gautrain S2)","network":"Gautrain Bus"},"geometry":{"type":"LineString","coordinates":[[28.078082,-26.072978],[28.07798,-26.072717],[28.077936,-26.072583]]}},{"type":"Feature","properties":{"id":"relation/3281059","name":"Sandton - Gallo Manor (Gautrain S2)","network":"Gautrain Bus"},"geometry":{"type":"LineString","coordinates":[[28.077936,-26.072583],[28.077898,-26.072478],[28.077754,-26.072047],[28.077524,-26.07142]]}},{"type":"Feature","properties":{"id":"relation/3281059","name":"Sandton - Gallo Manor (Gautrain S2)","network":"Gautrain Bus"},"geometry":{"type":"LineString","coordinates":[[28.077524,-26.07142],[28.077356,-26.070941]]}},{"type":"Feature","properties":{"id":"relation/3281059","name":"Sandton - Gallo Manor (Gautrain S2)","network":"Gautrain Bus"},"geometry":{"type":"LineString","coordinates":[[28.077356,-26.070941],[28.076692,-26.069079],[28.076366,-26.068403],[28.075908,-26.067589]]}},{"type":"Feature","properties":{"id":"relation/3281059","name":"Sandton - Gallo Manor (Gautrain S2)","network":"Gautrain Bus"},"geometry":{"type":"LineString","coordinates":[[28.075908,-26.067589],[28.075754,-26.06735]]}},{"type":"Feature","properties":{"id":"relation/3281059","name":"Sandton - Gallo Manor (Gautrain S2)","network":"Gautrain Bus"},"geometry":{"type":"LineString","coordinates":[[28.075754,-26.06735],[28.075725,-26.067324],[28.075645,-26.067245],[28.075561,-26.067158],[28.075512,-26.067128],[28.075454,-26.067115],[28.075387,-26.067119],[28.075317,-26.067132],[28.075194,-26.067157]]}},{"type":"Feature","properties":{"id":"relation/3281059","name":"Sandton - Gallo Manor (Gautrain S2)","network":"Gautrain Bus"},"geometry":{"type":"LineString","coordinates":[[28.075194,-26.067157],[28.075066,-26.067219],[28.074856,-26.06732],[28.074446,-26.067514]]}},{"type":"Feature","properties":{"id":"relation/3281475","name":"Sandton - Fourways (Gautrain S5)","network":"Gautrain Bus"},"geometry":{"type":"LineString","coordinates":[[28.056733,-26.108068],[28.05699,-26.108343],[28.057068,-26.108427]]}},{"type":"Feature","properties":{"id":"relation/3281475","name":"Sandton - Fourways (Gautrain S5)","network":"Gautrain Bus"},"geometry":{"type":"LineString","coordinates":[[28.057068,-26.108427],[28.057626,-26.108064]]}},{"type":"Feature","properties":{"id":"relation/3281475","name":"Sandton - Fourways (Gautrain S5)","network":"Gautrain Bus"},"geometry":{"type":"LineString","coordinates":[[28.057626,-26.108064],[28.057888,-26.107886]]}},{"type":"Feature","properties":{"id":"relation/3281475","name":"Sandton - Fourways (Gautrain S5)","network":"Gautrain Bus"},"geometry":{"type":"LineString","coordinates":[[28.057888,-26.107886],[28.05798,-26.107822]]}},{"type":"Feature","properties":{"id":"relation/3281475","name":"Sandton - Fourways (Gautrain S5)","network":"Gautrain Bus"},"geometry":{"type":"LineString","coordinates":[[28.05798,-26.107822],[28.057855,-26.107727]]}},{"type":"Feature","properties":{"id":"relation/3281475","name":"Sandton - Fourways (Gautrain S5)","network":"Gautrain Bus"},"geometry":{"type":"LineString","coordinates":[[28.057855,-26.107727],[28.0577,-26.107601]]}},{"type":"Feature","properties":{"id":"relation/3281475","name":"Sandton - Fourways (Gautrain S5)","network":"Gautrain Bus"},"geometry":{"type":"LineString","coordinates":[[28.0577,-26.107601],[28.05708,-26.107086]]}},{"type":"Feature","properties":{"id":"relation/3281475","name":"Sandton - Fourways (Gautrain S5)","network":"Gautrain Bus"},"geometry":{"type":"LineString","coordinates":[[28.05708,-26.107086],[28.057065,-26.107073],[28.0569,-26.106948]]}},{"type":"Feature","properties":{"id":"relation/3281475","name":"Sandton - Fourways (Gautrain S5)","network":"Gautrain Bus"},"geometry":{"type":"LineString","coordinates":[[28.0569,-26.106948],[28.056791,-26.106862],[28.056682,-26.106774]]}},{"type":"Feature","properties":{"id":"relation/3281475","name":"Sandton - Fourways (Gautrain S5)","network":"Gautrain Bus"},"geometry":{"type":"LineString","coordinates":[[28.056682,-26.106774],[28.056218,-26.106384],[28.056094,-26.10628],[28.056075,-26.106265],[28.055725,-26.105986],[28.055351,-26.105688]]}},{"type":"Feature","properties":{"id":"relation/3281475","name":"Sandton - Fourways (Gautrain S5)","network":"Gautrain Bus"},"geometry":{"type":"LineString","coordinates":[[28.055351,-26.105688],[28.054957,-26.105374]]}},{"type":"Feature","properties":{"id":"relation/3281475","name":"Sandton - Fourways (Gautrain S5)","network":"Gautrain Bus"},"geometry":{"type":"LineString","coordinates":[[28.054957,-26.105374],[28.054907,-26.105334]]}},{"type":"Feature","properties":{"id":"relation/3281475","name":"Sandton - Fourways (Gautrain S5)","network":"Gautrain Bus"},"geometry":{"type":"LineString","coordinates":[[28.054907,-26.105334],[28.054843,-26.105284]]}},{"type":"Feature","properties":{"id":"relation/3281475","name":"Sandton - Fourways (Gautrain S5)","network":"Gautrain Bus"},"geometry":{"type":"LineString","coordinates":[[28.054843,-26.105284],[28.054795,-26.105246]]}},{"type":"Feature","properties":{"id":"relation/3281475","name":"Sandton - Fourways (Gautrain S5)","network":"Gautrain Bus"},"geometry":{"type":"LineString","coordinates":[[28.054795,-26.105246],[28.054259,-26.10479]]}},{"type":"Feature","properties":{"id":"relation/3281475","name":"Sandton - Fourways (Gautrain S5)","network":"Gautrain Bus"},"geometry":{"type":"LineString","coordinates":[[28.054259,-26.10479],[28.054094,-26.104646]]}},{"type":"Feature","properties":{"id":"relation/3281475","name":"Sandton - Fourways (Gautrain S5)","network":"Gautrain Bus"},"geometry":{"type":"LineString","coordinates":[[28.054094,-26.104646],[28.054052,-26.104611]]}},{"type":"Feature","properties":{"id":"relation/3281475","name":"Sandton - Fourways (Gautrain S5)","network":"Gautrain Bus"},"geometry":{"type":"LineString","coordinates":[[28.054052,-26.104611],[28.053941,-26.104521]]}},{"type":"Feature","properties":{"id":"relation/3281475","name":"Sandton - Fourways (Gautrain S5)","network":"Gautrain Bus"},"geometry":{"type":"LineString","coordinates":[[28.053941,-26.104521],[28.053858,-26.10445]]}},{"type":"Feature","properties":{"id":"relation/3281475","name":"Sandton - Fourways (Gautrain S5)","network":"Gautrain Bus"},"geometry":{"type":"LineString","coordinates":[[28.053858,-26.10445],[28.053581,-26.10421],[28.053476,-26.10412],[28.052977,-26.103675],[28.052748,-26.103491]]}},{"type":"Feature","properties":{"id":"relation/3281475","name":"Sandton - Fourways (Gautrain S5)","network":"Gautrain Bus"},"geometry":{"type":"LineString","coordinates":[[28.052748,-26.103491],[28.052469,-26.103287]]}},{"type":"Feature","properties":{"id":"relation/3281475","name":"Sandton - Fourways (Gautrain S5)","network":"Gautrain Bus"},"geometry":{"type":"LineString","coordinates":[[28.052469,-26.103287],[28.052387,-26.103228]]}},{"type":"Feature","properties":{"id":"relation/3281475","name":"Sandton - Fourways (Gautrain S5)","network":"Gautrain Bus"},"geometry":{"type":"LineString","coordinates":[[28.052387,-26.103228],[28.052301,-26.103155]]}},{"type":"Feature","properties":{"id":"relation/3281475","name":"Sandton - Fourways (Gautrain S5)","network":"Gautrain Bus"},"geometry":{"type":"LineString","coordinates":[[28.052301,-26.103155],[28.052218,-26.103092]]}},{"type":"Feature","properties":{"id":"relation/3281475","name":"Sandton - Fourways (Gautrain S5)","network":"Gautrain Bus"},"geometry":{"type":"LineString","coordinates":[[28.052218,-26.103092],[28.052002,-26.102927],[28.051965,-26.102899],[28.051181,-26.102237],[28.051125,-26.102186],[28.051072,-26.102132],[28.051017,-26.102068],[28.050959,-26.101996],[28.050909,-26.101922],[28.050873,-26.101862],[28.050826,-26.101767],[28.050759,-26.101606]]}},{"type":"Feature","properties":{"id":"relation/3281475","name":"Sandton - Fourways (Gautrain S5)","network":"Gautrain Bus"},"geometry":{"type":"LineString","coordinates":[[28.050759,-26.101606],[28.05063,-26.101281]]}},{"type":"Feature","properties":{"id":"relation/3281475","name":"Sandton - Fourways (Gautrain S5)","network":"Gautrain Bus"},"geometry":{"type":"LineString","coordinates":[[28.05063,-26.101281],[28.050492,-26.100969]]}},{"type":"Feature","properties":{"id":"relation/3281475","name":"Sandton - Fourways (Gautrain S5)","network":"Gautrain Bus"},"geometry":{"type":"LineString","coordinates":[[28.050492,-26.100969],[28.050449,-26.100884]]}},{"type":"Feature","properties":{"id":"relation/3281475","name":"Sandton - Fourways (Gautrain S5)","network":"Gautrain Bus"},"geometry":{"type":"LineString","coordinates":[[28.050449,-26.100884],[28.050398,-26.100766]]}},{"type":"Feature","properties":{"id":"relation/3281475","name":"Sandton - Fourways (Gautrain S5)","network":"Gautrain Bus"},"geometry":{"type":"LineString","coordinates":[[28.050398,-26.100766],[28.050367,-26.100703]]}},{"type":"Feature","properties":{"id":"relation/3281475","name":"Sandton - Fourways (Gautrain S5)","network":"Gautrain Bus"},"geometry":{"type":"LineString","coordinates":[[28.050367,-26.100703],[28.050289,-26.100487],[28.050256,-26.100386],[28.050219,-26.100267],[28.050181,-26.100138],[28.050158,-26.100043],[28.050146,-26.099981],[28.050141,-26.099935],[28.05014,-26.099875],[28.050144,-26.099817],[28.050152,-26.099767],[28.050166,-26.099703],[28.050184,-26.099634],[28.050203,-26.099576],[28.050355,-26.099144],[28.050404,-26.099024]]}},{"type":"Feature","properties":{"id":"relation/3281475","name":"Sandton - Fourways (Gautrain S5)","network":"Gautrain Bus"},"geometry":{"type":"LineString","coordinates":[[28.050404,-26.099024],[28.050454,-26.098893],[28.050515,-26.098732]]}},{"type":"Feature","properties":{"id":"relation/3281475","name":"Sandton - Fourways (Gautrain S5)","network":"Gautrain Bus"},"geometry":{"type":"LineString","coordinates":[[28.050515,-26.098732],[28.050565,-26.09859],[28.050747,-26.09808],[28.050935,-26.097547]]}},{"type":"Feature","properties":{"id":"relation/3281475","name":"Sandton - Fourways (Gautrain S5)","network":"Gautrain Bus"},"geometry":{"type":"LineString","coordinates":[[28.050935,-26.097547],[28.05103,-26.097294]]}},{"type":"Feature","properties":{"id":"relation/3281475","name":"Sandton - Fourways (Gautrain S5)","network":"Gautrain Bus"},"geometry":{"type":"LineString","coordinates":[[28.05103,-26.097294],[28.051096,-26.09711],[28.051252,-26.096678],[28.05138,-26.096321],[28.051384,-26.096311],[28.051785,-26.095196],[28.051861,-26.094969]]}},{"type":"Feature","properties":{"id":"relation/3281475","name":"Sandton - Fourways (Gautrain S5)","network":"Gautrain Bus"},"geometry":{"type":"LineString","coordinates":[[28.051861,-26.094969],[28.051857,-26.094954],[28.051857,-26.094939]]}},{"type":"Feature","properties":{"id":"relation/3281475","name":"Sandton - Fourways (Gautrain S5)","network":"Gautrain Bus"},"geometry":{"type":"LineString","coordinates":[[28.051857,-26.094939],[28.051755,-26.094753],[28.051687,-26.094567]]}},{"type":"Feature","properties":{"id":"relation/3281475","name":"Sandton - Fourways (Gautrain S5)","network":"Gautrain Bus"},"geometry":{"type":"LineString","coordinates":[[28.051687,-26.094567],[28.051179,-26.093564],[28.050828,-26.09289]]}},{"type":"Feature","properties":{"id":"relation/3281475","name":"Sandton - Fourways (Gautrain S5)","network":"Gautrain Bus"},"geometry":{"type":"LineString","coordinates":[[28.050828,-26.09289],[28.050671,-26.09258]]}},{"type":"Feature","properties":{"id":"relation/3281475","name":"Sandton - Fourways (Gautrain S5)","network":"Gautrain Bus"},"geometry":{"type":"LineString","coordinates":[[28.050556,-26.092295],[28.050671,-26.09258]]}},{"type":"Feature","properties":{"id":"relation/3281475","name":"Sandton - Fourways (Gautrain S5)","network":"Gautrain Bus"},"geometry":{"type":"LineString","coordinates":[[28.050246,-26.091718],[28.050356,-26.091933],[28.050556,-26.092295]]}},{"type":"Feature","properties":{"id":"relation/3281475","name":"Sandton - Fourways (Gautrain S5)","network":"Gautrain Bus"},"geometry":{"type":"LineString","coordinates":[[28.04991,-26.09111],[28.049953,-26.09116],[28.04999,-26.091214],[28.050023,-26.091272],[28.050112,-26.091456],[28.050246,-26.091718]]}},{"type":"Feature","properties":{"id":"relation/3281475","name":"Sandton - Fourways (Gautrain S5)","network":"Gautrain Bus"},"geometry":{"type":"LineString","coordinates":[[28.049521,-26.090745],[28.049859,-26.091062],[28.04991,-26.09111]]}},{"type":"Feature","properties":{"id":"relation/3281475","name":"Sandton - Fourways (Gautrain S5)","network":"Gautrain Bus"},"geometry":{"type":"LineString","coordinates":[[28.046362,-26.086969],[28.046626,-26.087341],[28.04681,-26.087599],[28.046971,-26.087813],[28.047099,-26.087988],[28.047655,-26.088751],[28.048023,-26.089254],[28.04806,-26.089308],[28.048121,-26.089383],[28.048167,-26.089441],[28.048267,-26.089556],[28.048424,-26.089711],[28.048694,-26.089967],[28.049035,-26.09029],[28.049521,-26.090745]]}},{"type":"Feature","properties":{"id":"relation/3281475","name":"Sandton - Fourways (Gautrain S5)","network":"Gautrain Bus"},"geometry":{"type":"LineString","coordinates":[[28.046362,-26.086969],[28.046653,-26.086883],[28.046745,-26.086855],[28.046835,-26.086825],[28.046916,-26.086795],[28.047009,-26.086759],[28.04711,-26.086718],[28.047172,-26.086689],[28.047269,-26.086641],[28.047341,-26.086601],[28.047521,-26.086506],[28.047704,-26.086407],[28.04784,-26.086332],[28.047994,-26.086251],[28.048554,-26.08595],[28.049066,-26.085677],[28.049372,-26.085521],[28.049523,-26.08544],[28.049685,-26.085353],[28.049787,-26.085295],[28.049972,-26.085197],[28.05092,-26.084713],[28.051288,-26.084513]]}},{"type":"Feature","properties":{"id":"relation/3281475","name":"Sandton - Fourways (Gautrain S5)","network":"Gautrain Bus"},"geometry":{"type":"LineString","coordinates":[[28.051213,-26.084078],[28.051253,-26.084309],[28.051288,-26.084513]]}},{"type":"Feature","properties":{"id":"relation/3281475","name":"Sandton - Fourways (Gautrain S5)","network":"Gautrain Bus"},"geometry":{"type":"LineString","coordinates":[[28.046853,-26.075908],[28.047324,-26.076181],[28.047391,-26.076222],[28.047451,-26.076264],[28.047501,-26.076303],[28.047689,-26.076492],[28.047896,-26.076779],[28.04814,-26.07722],[28.048609,-26.078063],[28.048631,-26.078102],[28.048656,-26.078145],[28.048893,-26.078638],[28.049877,-26.080876],[28.05053,-26.082346],[28.050542,-26.082374],[28.05099,-26.083413],[28.05112,-26.083789],[28.051213,-26.084078]]}},{"type":"Feature","properties":{"id":"relation/3281475","name":"Sandton - Fourways (Gautrain S5)","network":"Gautrain Bus"},"geometry":{"type":"LineString","coordinates":[[28.046853,-26.075908],[28.046717,-26.075858],[28.046566,-26.075775],[28.046047,-26.07549]]}},{"type":"Feature","properties":{"id":"relation/3281475","name":"Sandton - Fourways (Gautrain S5)","network":"Gautrain Bus"},"geometry":{"type":"LineString","coordinates":[[28.046047,-26.07549],[28.045324,-26.075047]]}},{"type":"Feature","properties":{"id":"relation/3281475","name":"Sandton - Fourways (Gautrain S5)","network":"Gautrain Bus"},"geometry":{"type":"LineString","coordinates":[[28.044099,-26.074476],[28.044777,-26.074764],[28.045017,-26.074888],[28.045324,-26.075047]]}},{"type":"Feature","properties":{"id":"relation/3281475","name":"Sandton - Fourways (Gautrain S5)","network":"Gautrain Bus"},"geometry":{"type":"LineString","coordinates":[[28.039249,-26.073653],[28.039948,-26.073649],[28.040912,-26.07369],[28.041512,-26.073741],[28.042263,-26.073858],[28.042534,-26.073932],[28.042806,-26.074021],[28.043123,-26.074126],[28.0436,-26.074282],[28.044099,-26.074476]]}},{"type":"Feature","properties":{"id":"relation/3281475","name":"Sandton - Fourways (Gautrain S5)","network":"Gautrain Bus"},"geometry":{"type":"LineString","coordinates":[[28.038386,-26.073589],[28.038587,-26.073633],[28.038843,-26.073656],[28.039249,-26.073653]]}},{"type":"Feature","properties":{"id":"relation/3281475","name":"Sandton - Fourways (Gautrain S5)","network":"Gautrain Bus"},"geometry":{"type":"LineString","coordinates":[[28.037797,-26.073332],[28.038159,-26.073502],[28.038386,-26.073589]]}},{"type":"Feature","properties":{"id":"relation/3281475","name":"Sandton - Fourways (Gautrain S5)","network":"Gautrain Bus"},"geometry":{"type":"LineString","coordinates":[[28.036455,-26.073681],[28.036904,-26.073579],[28.037035,-26.073542],[28.037159,-26.073486],[28.037273,-26.073403],[28.037358,-26.073314],[28.037408,-26.073275],[28.037462,-26.073251],[28.037542,-26.073241],[28.037634,-26.073251],[28.03769,-26.073271],[28.037797,-26.073332]]}},{"type":"Feature","properties":{"id":"relation/3281475","name":"Sandton - Fourways (Gautrain S5)","network":"Gautrain Bus"},"geometry":{"type":"LineString","coordinates":[[28.036455,-26.073681],[28.036409,-26.073705],[28.036344,-26.073726],[28.036196,-26.073766],[28.036091,-26.073791],[28.035836,-26.073863],[28.035716,-26.073886],[28.035582,-26.073922],[28.035241,-26.074004],[28.035087,-26.074047]]}},{"type":"Feature","properties":{"id":"relation/3281475","name":"Sandton - Fourways (Gautrain S5)","network":"Gautrain Bus"},"geometry":{"type":"LineString","coordinates":[[28.035087,-26.074047],[28.035051,-26.074055],[28.034984,-26.07407]]}},{"type":"Feature","properties":{"id":"relation/3281475","name":"Sandton - Fourways (Gautrain S5)","network":"Gautrain Bus"},"geometry":{"type":"LineString","coordinates":[[28.034984,-26.07407],[28.03487,-26.074099],[28.03483,-26.07411],[28.032845,-26.074558],[28.031877,-26.0748],[28.031585,-26.074876],[28.031071,-26.075003],[28.031028,-26.075011],[28.030992,-26.075019],[28.030876,-26.075044],[28.030219,-26.075187],[28.029679,-26.075322],[28.029412,-26.07539]]}},{"type":"Feature","properties":{"id":"relation/3281475","name":"Sandton - Fourways (Gautrain S5)","network":"Gautrain Bus"},"geometry":{"type":"LineString","coordinates":[[28.029412,-26.07539],[28.028961,-26.075517],[28.028594,-26.075613],[28.028257,-26.075701],[28.028051,-26.075748],[28.027795,-26.075807],[28.027718,-26.075825],[28.027499,-26.075859],[28.027404,-26.075869]]}},{"type":"Feature","properties":{"id":"relation/3281475","name":"Sandton - Fourways (Gautrain S5)","network":"Gautrain Bus"},"geometry":{"type":"LineString","coordinates":[[28.027404,-26.075869],[28.027331,-26.075871]]}},{"type":"Feature","properties":{"id":"relation/3281475","name":"Sandton - Fourways (Gautrain S5)","network":"Gautrain Bus"},"geometry":{"type":"LineString","coordinates":[[28.027331,-26.075871],[28.027255,-26.075869],[28.027177,-26.075856],[28.027126,-26.075847]]}},{"type":"Feature","properties":{"id":"relation/3281475","name":"Sandton - Fourways (Gautrain S5)","network":"Gautrain Bus"},"geometry":{"type":"LineString","coordinates":[[28.027126,-26.075847],[28.026969,-26.075821],[28.026789,-26.075783]]}},{"type":"Feature","properties":{"id":"relation/3281475","name":"Sandton - Fourways (Gautrain S5)","network":"Gautrain Bus"},"geometry":{"type":"LineString","coordinates":[[28.026789,-26.075783],[28.026689,-26.075763]]}},{"type":"Feature","properties":{"id":"relation/3281475","name":"Sandton - Fourways (Gautrain S5)","network":"Gautrain Bus"},"geometry":{"type":"LineString","coordinates":[[28.026689,-26.075763],[28.026498,-26.075728]]}},{"type":"Feature","properties":{"id":"relation/3281475","name":"Sandton - Fourways (Gautrain S5)","network":"Gautrain Bus"},"geometry":{"type":"LineString","coordinates":[[28.026498,-26.075728],[28.026443,-26.075718]]}},{"type":"Feature","properties":{"id":"relation/3281475","name":"Sandton - Fourways (Gautrain S5)","network":"Gautrain Bus"},"geometry":{"type":"LineString","coordinates":[[28.026443,-26.075718],[28.026305,-26.075689]]}},{"type":"Feature","properties":{"id":"relation/3281475","name":"Sandton - Fourways (Gautrain S5)","network":"Gautrain Bus"},"geometry":{"type":"LineString","coordinates":[[28.026305,-26.075689],[28.026316,-26.075644],[28.026324,-26.075604],[28.02634,-26.075533]]}},{"type":"Feature","properties":{"id":"relation/3281475","name":"Sandton - Fourways (Gautrain S5)","network":"Gautrain Bus"},"geometry":{"type":"LineString","coordinates":[[28.02634,-26.075533],[28.026448,-26.075075],[28.026493,-26.074884],[28.026568,-26.074532],[28.026605,-26.074297],[28.026619,-26.074188],[28.026639,-26.073904],[28.02665,-26.073691],[28.026654,-26.073499],[28.026654,-26.073331],[28.026644,-26.073046],[28.026635,-26.072868],[28.026625,-26.072746],[28.026605,-26.072525],[28.026585,-26.072363],[28.026562,-26.072193],[28.026493,-26.071852],[28.026418,-26.071511],[28.026289,-26.071058],[28.026181,-26.070679]]}},{"type":"Feature","properties":{"id":"relation/3281475","name":"Sandton - Fourways (Gautrain S5)","network":"Gautrain Bus"},"geometry":{"type":"LineString","coordinates":[[28.026181,-26.070679],[28.025782,-26.069289],[28.02544,-26.068085]]}},{"type":"Feature","properties":{"id":"relation/3281475","name":"Sandton - Fourways (Gautrain S5)","network":"Gautrain Bus"},"geometry":{"type":"LineString","coordinates":[[28.02544,-26.068085],[28.025342,-26.067733],[28.025233,-26.067347],[28.025217,-26.067286]]}},{"type":"Feature","properties":{"id":"relation/3281475","name":"Sandton - Fourways (Gautrain S5)","network":"Gautrain Bus"},"geometry":{"type":"LineString","coordinates":[[28.025217,-26.067286],[28.025159,-26.067082],[28.024915,-26.066257],[28.024583,-26.065073],[28.02448,-26.064698],[28.024439,-26.064499],[28.024393,-26.064269]]}},{"type":"Feature","properties":{"id":"relation/3281475","name":"Sandton - Fourways (Gautrain S5)","network":"Gautrain Bus"},"geometry":{"type":"LineString","coordinates":[[28.024393,-26.064269],[28.024354,-26.064056],[28.024304,-26.063812],[28.024298,-26.063784]]}},{"type":"Feature","properties":{"id":"relation/3281475","name":"Sandton - Fourways (Gautrain S5)","network":"Gautrain Bus"},"geometry":{"type":"LineString","coordinates":[[28.024298,-26.063784],[28.02429,-26.063745],[28.02424,-26.063504],[28.024185,-26.06324],[28.024094,-26.062857],[28.02403,-26.062599],[28.02372,-26.061365]]}},{"type":"Feature","properties":{"id":"relation/3281475","name":"Sandton - Fourways (Gautrain S5)","network":"Gautrain Bus"},"geometry":{"type":"LineString","coordinates":[[28.02372,-26.061365],[28.023547,-26.060678],[28.023527,-26.0606]]}},{"type":"Feature","properties":{"id":"relation/3281475","name":"Sandton - Fourways (Gautrain S5)","network":"Gautrain Bus"},"geometry":{"type":"LineString","coordinates":[[28.023527,-26.0606],[28.023503,-26.060493]]}},{"type":"Feature","properties":{"id":"relation/3281475","name":"Sandton - Fourways (Gautrain S5)","network":"Gautrain Bus"},"geometry":{"type":"LineString","coordinates":[[28.023503,-26.060493],[28.023353,-26.059939],[28.023217,-26.059452]]}},{"type":"Feature","properties":{"id":"relation/3281475","name":"Sandton - Fourways (Gautrain S5)","network":"Gautrain Bus"},"geometry":{"type":"LineString","coordinates":[[28.023217,-26.059452],[28.023017,-26.058773],[28.022921,-26.058447]]}},{"type":"Feature","properties":{"id":"relation/3281475","name":"Sandton - Fourways (Gautrain S5)","network":"Gautrain Bus"},"geometry":{"type":"LineString","coordinates":[[28.022921,-26.058447],[28.022705,-26.057731],[28.022671,-26.057605]]}},{"type":"Feature","properties":{"id":"relation/3281475","name":"Sandton - Fourways (Gautrain S5)","network":"Gautrain Bus"},"geometry":{"type":"LineString","coordinates":[[28.022671,-26.057605],[28.022613,-26.057421]]}},{"type":"Feature","properties":{"id":"relation/3281475","name":"Sandton - Fourways (Gautrain S5)","network":"Gautrain Bus"},"geometry":{"type":"LineString","coordinates":[[28.022613,-26.057421],[28.022568,-26.057259],[28.022179,-26.055851]]}},{"type":"Feature","properties":{"id":"relation/3281475","name":"Sandton - Fourways (Gautrain S5)","network":"Gautrain Bus"},"geometry":{"type":"LineString","coordinates":[[28.022179,-26.055851],[28.021893,-26.05488]]}},{"type":"Feature","properties":{"id":"relation/3281475","name":"Sandton - Fourways (Gautrain S5)","network":"Gautrain Bus"},"geometry":{"type":"LineString","coordinates":[[28.021893,-26.05488],[28.021763,-26.054412],[28.021627,-26.053983],[28.021439,-26.05343],[28.021418,-26.053368],[28.021339,-26.053004],[28.021273,-26.05249],[28.021227,-26.052128],[28.02113,-26.051579],[28.021102,-26.051226],[28.021026,-26.050583],[28.02102,-26.050531],[28.020971,-26.05006],[28.020906,-26.049551],[28.020854,-26.04922],[28.020802,-26.048961],[28.020763,-26.048844],[28.020704,-26.048627],[28.020655,-26.048443]]}},{"type":"Feature","properties":{"id":"relation/3281475","name":"Sandton - Fourways (Gautrain S5)","network":"Gautrain Bus"},"geometry":{"type":"LineString","coordinates":[[28.020655,-26.048443],[28.020548,-26.048109],[28.020458,-26.04786]]}},{"type":"Feature","properties":{"id":"relation/3281475","name":"Sandton - Fourways (Gautrain S5)","network":"Gautrain Bus"},"geometry":{"type":"LineString","coordinates":[[28.020458,-26.04786],[28.020317,-26.047516],[28.020286,-26.047435]]}},{"type":"Feature","properties":{"id":"relation/3281475","name":"Sandton - Fourways (Gautrain S5)","network":"Gautrain Bus"},"geometry":{"type":"LineString","coordinates":[[28.020286,-26.047435],[28.020214,-26.047277],[28.020111,-26.047068],[28.020056,-26.046962],[28.019834,-26.046569],[28.019634,-26.046281]]}},{"type":"Feature","properties":{"id":"relation/3281475","name":"Sandton - Fourways (Gautrain S5)","network":"Gautrain Bus"},"geometry":{"type":"LineString","coordinates":[[28.019634,-26.046281],[28.019426,-26.046025],[28.019063,-26.045563],[28.018522,-26.045029],[28.018411,-26.044931],[28.018348,-26.044885],[28.018309,-26.044851],[28.018284,-26.04483],[28.01752,-26.044166],[28.01716,-26.043877],[28.016514,-26.043331]]}},{"type":"Feature","properties":{"id":"relation/3281475","name":"Sandton - Fourways (Gautrain S5)","network":"Gautrain Bus"},"geometry":{"type":"LineString","coordinates":[[28.016514,-26.043331],[28.016294,-26.043149],[28.015723,-26.042671]]}},{"type":"Feature","properties":{"id":"relation/3281475","name":"Sandton - Fourways (Gautrain S5)","network":"Gautrain Bus"},"geometry":{"type":"LineString","coordinates":[[28.015723,-26.042671],[28.015635,-26.042595]]}},{"type":"Feature","properties":{"id":"relation/3281475","name":"Sandton - Fourways (Gautrain S5)","network":"Gautrain Bus"},"geometry":{"type":"LineString","coordinates":[[28.015635,-26.042595],[28.015414,-26.042397],[28.015288,-26.042284],[28.014873,-26.041764],[28.014438,-26.041045],[28.014048,-26.040386]]}},{"type":"Feature","properties":{"id":"relation/3281475","name":"Sandton - Fourways (Gautrain S5)","network":"Gautrain Bus"},"geometry":{"type":"LineString","coordinates":[[28.014048,-26.040386],[28.013826,-26.040037]]}},{"type":"Feature","properties":{"id":"relation/3281475","name":"Sandton - Fourways (Gautrain S5)","network":"Gautrain Bus"},"geometry":{"type":"LineString","coordinates":[[28.013826,-26.040037],[28.013235,-26.039085]]}},{"type":"Feature","properties":{"id":"relation/3281475","name":"Sandton - Fourways (Gautrain S5)","network":"Gautrain Bus"},"geometry":{"type":"LineString","coordinates":[[28.013235,-26.039085],[28.013196,-26.039023]]}},{"type":"Feature","properties":{"id":"relation/3281475","name":"Sandton - Fourways (Gautrain S5)","network":"Gautrain Bus"},"geometry":{"type":"LineString","coordinates":[[28.013196,-26.039023],[28.013044,-26.038789]]}},{"type":"Feature","properties":{"id":"relation/3281475","name":"Sandton - Fourways (Gautrain S5)","network":"Gautrain Bus"},"geometry":{"type":"LineString","coordinates":[[28.013044,-26.038789],[28.012912,-26.038594]]}},{"type":"Feature","properties":{"id":"relation/3281475","name":"Sandton - Fourways (Gautrain S5)","network":"Gautrain Bus"},"geometry":{"type":"LineString","coordinates":[[28.012912,-26.038594],[28.01286,-26.038519]]}},{"type":"Feature","properties":{"id":"relation/3281475","name":"Sandton - Fourways (Gautrain S5)","network":"Gautrain Bus"},"geometry":{"type":"LineString","coordinates":[[28.01286,-26.038519],[28.012386,-26.037744]]}},{"type":"Feature","properties":{"id":"relation/3281475","name":"Sandton - Fourways (Gautrain S5)","network":"Gautrain Bus"},"geometry":{"type":"LineString","coordinates":[[28.012386,-26.037744],[28.012324,-26.037652],[28.012247,-26.037527],[28.011799,-26.036835]]}},{"type":"Feature","properties":{"id":"relation/3281475","name":"Sandton - Fourways (Gautrain S5)","network":"Gautrain Bus"},"geometry":{"type":"LineString","coordinates":[[28.011799,-26.036835],[28.011773,-26.036795],[28.011448,-26.036262],[28.011292,-26.036007]]}},{"type":"Feature","properties":{"id":"relation/3281475","name":"Sandton - Fourways (Gautrain S5)","network":"Gautrain Bus"},"geometry":{"type":"LineString","coordinates":[[28.011292,-26.036007],[28.011194,-26.035838],[28.011049,-26.035543],[28.011004,-26.035451]]}},{"type":"Feature","properties":{"id":"relation/3281475","name":"Sandton - Fourways (Gautrain S5)","network":"Gautrain Bus"},"geometry":{"type":"LineString","coordinates":[[28.011004,-26.035451],[28.010943,-26.035328],[28.010902,-26.035246],[28.010445,-26.03432]]}},{"type":"Feature","properties":{"id":"relation/3281475","name":"Sandton - Fourways (Gautrain S5)","network":"Gautrain Bus"},"geometry":{"type":"LineString","coordinates":[[28.010445,-26.03432],[28.01021,-26.033822]]}},{"type":"Feature","properties":{"id":"relation/3281475","name":"Sandton - Fourways (Gautrain S5)","network":"Gautrain Bus"},"geometry":{"type":"LineString","coordinates":[[28.01021,-26.033822],[28.010126,-26.03362],[28.009943,-26.033085],[28.00986,-26.032807],[28.009848,-26.032774],[28.009823,-26.032684]]}},{"type":"Feature","properties":{"id":"relation/3281475","name":"Sandton - Fourways (Gautrain S5)","network":"Gautrain Bus"},"geometry":{"type":"LineString","coordinates":[[28.009823,-26.032684],[28.00966,-26.032099],[28.009566,-26.031346],[28.009534,-26.030282],[28.009537,-26.029578],[28.009501,-26.028836],[28.009441,-26.028213],[28.009392,-26.02768]]}},{"type":"Feature","properties":{"id":"relation/3281475","name":"Sandton - Fourways (Gautrain S5)","network":"Gautrain Bus"},"geometry":{"type":"LineString","coordinates":[[28.009392,-26.02768],[28.009337,-26.027262]]}},{"type":"Feature","properties":{"id":"relation/3281475","name":"Sandton - Fourways (Gautrain S5)","network":"Gautrain Bus"},"geometry":{"type":"LineString","coordinates":[[28.009337,-26.027262],[28.009265,-26.026861],[28.009256,-26.026812]]}},{"type":"Feature","properties":{"id":"relation/3281475","name":"Sandton - Fourways (Gautrain S5)","network":"Gautrain Bus"},"geometry":{"type":"LineString","coordinates":[[28.009256,-26.026812],[28.009243,-26.026734]]}},{"type":"Feature","properties":{"id":"relation/3281475","name":"Sandton - Fourways (Gautrain S5)","network":"Gautrain Bus"},"geometry":{"type":"LineString","coordinates":[[28.009243,-26.026734],[28.009471,-26.026689]]}},{"type":"Feature","properties":{"id":"relation/3281475","name":"Sandton - Fourways (Gautrain S5)","network":"Gautrain Bus"},"geometry":{"type":"LineString","coordinates":[[28.009471,-26.026689],[28.00955,-26.02667],[28.009902,-26.026585],[28.010192,-26.026495]]}},{"type":"Feature","properties":{"id":"relation/3281475","name":"Sandton - Fourways (Gautrain S5)","network":"Gautrain Bus"},"geometry":{"type":"LineString","coordinates":[[28.010192,-26.026495],[28.011147,-26.026221]]}},{"type":"Feature","properties":{"id":"relation/3281475","name":"Sandton - Fourways (Gautrain S5)","network":"Gautrain Bus"},"geometry":{"type":"LineString","coordinates":[[28.011147,-26.026221],[28.011291,-26.026151],[28.011367,-26.026106],[28.011423,-26.026058],[28.011463,-26.026011],[28.011499,-26.025961],[28.011519,-26.025915],[28.011525,-26.025897]]}},{"type":"Feature","properties":{"id":"relation/3281475","name":"Sandton - Fourways (Gautrain S5)","network":"Gautrain Bus"},"geometry":{"type":"LineString","coordinates":[[28.011525,-26.025897],[28.011509,-26.025843],[28.011503,-26.025766],[28.011474,-26.025623],[28.011436,-26.025412],[28.01144,-26.025352],[28.011481,-26.025029],[28.011493,-26.024881],[28.011503,-26.024813]]}},{"type":"Feature","properties":{"id":"relation/3281475","name":"Sandton - Fourways (Gautrain S5)","network":"Gautrain Bus"},"geometry":{"type":"LineString","coordinates":[[28.011503,-26.024813],[28.011483,-26.024806],[28.011457,-26.024775],[28.011432,-26.024733],[28.011426,-26.024684],[28.011431,-26.024658],[28.011447,-26.024625]]}},{"type":"Feature","properties":{"id":"relation/3281475","name":"Sandton - Fourways (Gautrain S5)","network":"Gautrain Bus"},"geometry":{"type":"LineString","coordinates":[[28.011447,-26.024625],[28.011474,-26.024596],[28.011534,-26.024567],[28.01158,-26.024562],[28.011643,-26.024579],[28.01168,-26.024606],[28.011701,-26.024634],[28.011708,-26.024649],[28.011715,-26.024671],[28.011716,-26.024711],[28.011704,-26.024747],[28.011676,-26.024785],[28.011647,-26.024806],[28.011608,-26.02482]]}},{"type":"Feature","properties":{"id":"relation/3281475","name":"Sandton - Fourways (Gautrain S5)","network":"Gautrain Bus"},"geometry":{"type":"LineString","coordinates":[[28.011608,-26.02482],[28.011593,-26.025015],[28.011551,-26.025347],[28.011549,-26.025406],[28.011564,-26.025567],[28.011575,-26.025657],[28.011602,-26.025734],[28.011659,-26.025849],[28.011719,-26.026018]]}},{"type":"Feature","properties":{"id":"relation/3281475","name":"Sandton - Fourways (Gautrain S5)","network":"Gautrain Bus"},"geometry":{"type":"LineString","coordinates":[[28.011719,-26.026018],[28.01177,-26.026034],[28.01179,-26.026048],[28.011813,-26.026064],[28.011851,-26.026125],[28.011853,-26.026194],[28.011835,-26.026237],[28.011803,-26.026273],[28.011761,-26.026298]]}},{"type":"Feature","properties":{"id":"relation/3281475","name":"Sandton - Fourways (Gautrain S5)","network":"Gautrain Bus"},"geometry":{"type":"LineString","coordinates":[[28.011761,-26.026298],[28.011708,-26.026311],[28.011653,-26.026307],[28.011602,-26.026287]]}},{"type":"Feature","properties":{"id":"relation/3281475","name":"Sandton - Fourways (Gautrain S5)","network":"Gautrain Bus"},"geometry":{"type":"LineString","coordinates":[[28.011602,-26.026287],[28.01135,-26.02633],[28.010835,-26.026468],[28.010515,-26.026559],[28.010267,-26.026625],[28.010106,-26.026661]]}},{"type":"Feature","properties":{"id":"relation/3281475","name":"Sandton - Fourways (Gautrain S5)","network":"Gautrain Bus"},"geometry":{"type":"LineString","coordinates":[[28.010106,-26.026661],[28.009861,-26.02676],[28.009754,-26.02683],[28.009685,-26.026895],[28.009636,-26.026971],[28.009603,-26.02711],[28.009581,-26.027273],[28.009578,-26.027498]]}},{"type":"Feature","properties":{"id":"relation/3281475","name":"Sandton - Fourways (Gautrain S5)","network":"Gautrain Bus"},"geometry":{"type":"LineString","coordinates":[[28.009578,-26.027498],[28.009593,-26.027714],[28.009651,-26.028288],[28.009695,-26.028816],[28.009745,-26.029578],[28.009741,-26.030264],[28.009794,-26.03128],[28.009848,-26.031801]]}},{"type":"Feature","properties":{"id":"relation/3281475","name":"Sandton - Fourways (Gautrain S5)","network":"Gautrain Bus"},"geometry":{"type":"LineString","coordinates":[[28.009848,-26.031801],[28.009891,-26.032095],[28.010034,-26.032649],[28.010059,-26.03276]]}},{"type":"Feature","properties":{"id":"relation/3281475","name":"Sandton - Fourways (Gautrain S5)","network":"Gautrain Bus"},"geometry":{"type":"LineString","coordinates":[[28.010059,-26.03276],[28.010179,-26.033212]]}},{"type":"Feature","properties":{"id":"relation/3281475","name":"Sandton - Fourways (Gautrain S5)","network":"Gautrain Bus"},"geometry":{"type":"LineString","coordinates":[[28.010179,-26.033212],[28.010339,-26.033625],[28.010421,-26.033822]]}},{"type":"Feature","properties":{"id":"relation/3281475","name":"Sandton - Fourways (Gautrain S5)","network":"Gautrain Bus"},"geometry":{"type":"LineString","coordinates":[[28.010421,-26.033822],[28.010528,-26.034081],[28.010656,-26.034354]]}},{"type":"Feature","properties":{"id":"relation/3281475","name":"Sandton - Fourways (Gautrain S5)","network":"Gautrain Bus"},"geometry":{"type":"LineString","coordinates":[[28.010656,-26.034354],[28.010759,-26.034575],[28.011001,-26.03504]]}},{"type":"Feature","properties":{"id":"relation/3281475","name":"Sandton - Fourways (Gautrain S5)","network":"Gautrain Bus"},"geometry":{"type":"LineString","coordinates":[[28.011001,-26.03504],[28.011383,-26.035775],[28.011982,-26.036803],[28.012212,-26.037154]]}},{"type":"Feature","properties":{"id":"relation/3281475","name":"Sandton - Fourways (Gautrain S5)","network":"Gautrain Bus"},"geometry":{"type":"LineString","coordinates":[[28.012212,-26.037154],[28.012451,-26.037523]]}},{"type":"Feature","properties":{"id":"relation/3281475","name":"Sandton - Fourways (Gautrain S5)","network":"Gautrain Bus"},"geometry":{"type":"LineString","coordinates":[[28.012451,-26.037523],[28.013026,-26.038453]]}},{"type":"Feature","properties":{"id":"relation/3281475","name":"Sandton - Fourways (Gautrain S5)","network":"Gautrain Bus"},"geometry":{"type":"LineString","coordinates":[[28.013026,-26.038453],[28.013092,-26.038568]]}},{"type":"Feature","properties":{"id":"relation/3281475","name":"Sandton - Fourways (Gautrain S5)","network":"Gautrain Bus"},"geometry":{"type":"LineString","coordinates":[[28.013092,-26.038568],[28.013181,-26.038717]]}},{"type":"Feature","properties":{"id":"relation/3281475","name":"Sandton - Fourways (Gautrain S5)","network":"Gautrain Bus"},"geometry":{"type":"LineString","coordinates":[[28.013181,-26.038717],[28.013381,-26.039028]]}},{"type":"Feature","properties":{"id":"relation/3281475","name":"Sandton - Fourways (Gautrain S5)","network":"Gautrain Bus"},"geometry":{"type":"LineString","coordinates":[[28.013381,-26.039028],[28.01394,-26.03987]]}},{"type":"Feature","properties":{"id":"relation/3281475","name":"Sandton - Fourways (Gautrain S5)","network":"Gautrain Bus"},"geometry":{"type":"LineString","coordinates":[[28.01394,-26.03987],[28.014263,-26.040423]]}},{"type":"Feature","properties":{"id":"relation/3281475","name":"Sandton - Fourways (Gautrain S5)","network":"Gautrain Bus"},"geometry":{"type":"LineString","coordinates":[[28.014263,-26.040423],[28.014576,-26.040929],[28.015005,-26.041623],[28.015177,-26.041915]]}},{"type":"Feature","properties":{"id":"relation/3281475","name":"Sandton - Fourways (Gautrain S5)","network":"Gautrain Bus"},"geometry":{"type":"LineString","coordinates":[[28.015177,-26.041915],[28.015449,-26.042205],[28.015606,-26.042353],[28.015778,-26.042502],[28.015868,-26.042583]]}},{"type":"Feature","properties":{"id":"relation/3281475","name":"Sandton - Fourways (Gautrain S5)","network":"Gautrain Bus"},"geometry":{"type":"LineString","coordinates":[[28.015868,-26.042583],[28.016217,-26.042889],[28.01757,-26.044012],[28.018153,-26.044517],[28.018397,-26.044728],[28.018423,-26.044752],[28.018458,-26.044784],[28.018632,-26.044954],[28.019214,-26.045541],[28.019499,-26.045855],[28.019736,-26.046177],[28.019956,-26.04652],[28.020049,-26.04667],[28.020175,-26.046893],[28.020232,-26.047003]]}},{"type":"Feature","properties":{"id":"relation/3281475","name":"Sandton - Fourways (Gautrain S5)","network":"Gautrain Bus"},"geometry":{"type":"LineString","coordinates":[[28.020232,-26.047003],[28.020288,-26.04711],[28.020421,-26.047374],[28.020456,-26.047459]]}},{"type":"Feature","properties":{"id":"relation/3281475","name":"Sandton - Fourways (Gautrain S5)","network":"Gautrain Bus"},"geometry":{"type":"LineString","coordinates":[[28.020456,-26.047459],[28.02067,-26.047966]]}},{"type":"Feature","properties":{"id":"relation/3281475","name":"Sandton - Fourways (Gautrain S5)","network":"Gautrain Bus"},"geometry":{"type":"LineString","coordinates":[[28.02067,-26.047966],[28.020749,-26.04818],[28.020794,-26.048314],[28.020844,-26.048477],[28.020902,-26.048669],[28.020958,-26.04894],[28.021048,-26.049431],[28.021136,-26.050021],[28.021158,-26.050192],[28.021225,-26.050819],[28.021266,-26.051195],[28.021298,-26.051424],[28.021405,-26.052379],[28.02144,-26.052635],[28.021502,-26.052939],[28.021604,-26.053357]]}},{"type":"Feature","properties":{"id":"relation/3281475","name":"Sandton - Fourways (Gautrain S5)","network":"Gautrain Bus"},"geometry":{"type":"LineString","coordinates":[[28.021604,-26.053357],[28.02187,-26.054314],[28.022105,-26.055081],[28.022256,-26.055504],[28.022706,-26.056709],[28.022776,-26.056903]]}},{"type":"Feature","properties":{"id":"relation/3281475","name":"Sandton - Fourways (Gautrain S5)","network":"Gautrain Bus"},"geometry":{"type":"LineString","coordinates":[[28.022776,-26.056903],[28.02284,-26.057087],[28.022938,-26.057447],[28.023057,-26.057935]]}},{"type":"Feature","properties":{"id":"relation/3281475","name":"Sandton - Fourways (Gautrain S5)","network":"Gautrain Bus"},"geometry":{"type":"LineString","coordinates":[[28.023057,-26.057935],[28.023196,-26.058627],[28.023292,-26.059057]]}},{"type":"Feature","properties":{"id":"relation/3281475","name":"Sandton - Fourways (Gautrain S5)","network":"Gautrain Bus"},"geometry":{"type":"LineString","coordinates":[[28.023292,-26.059057],[28.023508,-26.059933]]}},{"type":"Feature","properties":{"id":"relation/3281475","name":"Sandton - Fourways (Gautrain S5)","network":"Gautrain Bus"},"geometry":{"type":"LineString","coordinates":[[28.023508,-26.059933],[28.023658,-26.060524]]}},{"type":"Feature","properties":{"id":"relation/3281475","name":"Sandton - Fourways (Gautrain S5)","network":"Gautrain Bus"},"geometry":{"type":"LineString","coordinates":[[28.023658,-26.060524],[28.023684,-26.060628]]}},{"type":"Feature","properties":{"id":"relation/3281475","name":"Sandton - Fourways (Gautrain S5)","network":"Gautrain Bus"},"geometry":{"type":"LineString","coordinates":[[28.023684,-26.060628],[28.023697,-26.060684],[28.023737,-26.060867],[28.02378,-26.061042]]}},{"type":"Feature","properties":{"id":"relation/3281475","name":"Sandton - Fourways (Gautrain S5)","network":"Gautrain Bus"},"geometry":{"type":"LineString","coordinates":[[28.02378,-26.061042],[28.024209,-26.062743],[28.024354,-26.063323]]}},{"type":"Feature","properties":{"id":"relation/3281475","name":"Sandton - Fourways (Gautrain S5)","network":"Gautrain Bus"},"geometry":{"type":"LineString","coordinates":[[28.024354,-26.063323],[28.024459,-26.063718],[28.024468,-26.063749]]}},{"type":"Feature","properties":{"id":"relation/3281475","name":"Sandton - Fourways (Gautrain S5)","network":"Gautrain Bus"},"geometry":{"type":"LineString","coordinates":[[28.024468,-26.063749],[28.024477,-26.063783],[28.024593,-26.064216]]}},{"type":"Feature","properties":{"id":"relation/3281475","name":"Sandton - Fourways (Gautrain S5)","network":"Gautrain Bus"},"geometry":{"type":"LineString","coordinates":[[28.024593,-26.064216],[28.024799,-26.065051],[28.025164,-26.066344]]}},{"type":"Feature","properties":{"id":"relation/3281475","name":"Sandton - Fourways (Gautrain S5)","network":"Gautrain Bus"},"geometry":{"type":"LineString","coordinates":[[28.025164,-26.066344],[28.025288,-26.066771]]}},{"type":"Feature","properties":{"id":"relation/3281475","name":"Sandton - Fourways (Gautrain S5)","network":"Gautrain Bus"},"geometry":{"type":"LineString","coordinates":[[28.025288,-26.066771],[28.025418,-26.067253],[28.025431,-26.0673]]}},{"type":"Feature","properties":{"id":"relation/3281475","name":"Sandton - Fourways (Gautrain S5)","network":"Gautrain Bus"},"geometry":{"type":"LineString","coordinates":[[28.025431,-26.0673],[28.025438,-26.067324],[28.025513,-26.0676],[28.025614,-26.067853]]}},{"type":"Feature","properties":{"id":"relation/3281475","name":"Sandton - Fourways (Gautrain S5)","network":"Gautrain Bus"},"geometry":{"type":"LineString","coordinates":[[28.025614,-26.067853],[28.025742,-26.068366],[28.025817,-26.068666]]}},{"type":"Feature","properties":{"id":"relation/3281475","name":"Sandton - Fourways (Gautrain S5)","network":"Gautrain Bus"},"geometry":{"type":"LineString","coordinates":[[28.025817,-26.068666],[28.026391,-26.070688],[28.02643,-26.070824],[28.026512,-26.071145],[28.026562,-26.071336],[28.026588,-26.071465],[28.026629,-26.071627],[28.02666,-26.07178],[28.026679,-26.071885],[28.026729,-26.072276],[28.026759,-26.072547],[28.026775,-26.07272],[28.026786,-26.07285],[28.026794,-26.07301],[28.026792,-26.073251],[28.026788,-26.07343],[28.026769,-26.073953],[28.026751,-26.074176],[28.02674,-26.07429],[28.026715,-26.074482],[28.026686,-26.074678],[28.026654,-26.074846],[28.026632,-26.074933]]}},{"type":"Feature","properties":{"id":"relation/3281475","name":"Sandton - Fourways (Gautrain S5)","network":"Gautrain Bus"},"geometry":{"type":"LineString","coordinates":[[28.026632,-26.074933],[28.026518,-26.075422]]}},{"type":"Feature","properties":{"id":"relation/3281475","name":"Sandton - Fourways (Gautrain S5)","network":"Gautrain Bus"},"geometry":{"type":"LineString","coordinates":[[28.026518,-26.075422],[28.026567,-26.07553],[28.02659,-26.075577],[28.026618,-26.075616],[28.026691,-26.075684]]}},{"type":"Feature","properties":{"id":"relation/3281475","name":"Sandton - Fourways (Gautrain S5)","network":"Gautrain Bus"},"geometry":{"type":"LineString","coordinates":[[28.026691,-26.075684],[28.026818,-26.075717]]}},{"type":"Feature","properties":{"id":"relation/3281475","name":"Sandton - Fourways (Gautrain S5)","network":"Gautrain Bus"},"geometry":{"type":"LineString","coordinates":[[28.026818,-26.075717],[28.026952,-26.075747],[28.027023,-26.075761],[28.027095,-26.075773],[28.027131,-26.075778]]}},{"type":"Feature","properties":{"id":"relation/3281475","name":"Sandton - Fourways (Gautrain S5)","network":"Gautrain Bus"},"geometry":{"type":"LineString","coordinates":[[28.027131,-26.075778],[28.027236,-26.075789],[28.027316,-26.075791]]}},{"type":"Feature","properties":{"id":"relation/3281475","name":"Sandton - Fourways (Gautrain S5)","network":"Gautrain Bus"},"geometry":{"type":"LineString","coordinates":[[28.027316,-26.075791],[28.027398,-26.075791]]}},{"type":"Feature","properties":{"id":"relation/3281475","name":"Sandton - Fourways (Gautrain S5)","network":"Gautrain Bus"},"geometry":{"type":"LineString","coordinates":[[28.027398,-26.075791],[28.027464,-26.075792],[28.027596,-26.075769],[28.027786,-26.075726],[28.027973,-26.075683],[28.028237,-26.075626],[28.028613,-26.075533],[28.028942,-26.075459],[28.029153,-26.075407],[28.029292,-26.075375],[28.029411,-26.075344]]}},{"type":"Feature","properties":{"id":"relation/3281475","name":"Sandton - Fourways (Gautrain S5)","network":"Gautrain Bus"},"geometry":{"type":"LineString","coordinates":[[28.029411,-26.075344],[28.029666,-26.075273],[28.030199,-26.075143],[28.030858,-26.074988],[28.030967,-26.074962]]}},{"type":"Feature","properties":{"id":"relation/3281475","name":"Sandton - Fourways (Gautrain S5)","network":"Gautrain Bus"},"geometry":{"type":"LineString","coordinates":[[28.030967,-26.074962],[28.031009,-26.074953],[28.031052,-26.074943]]}},{"type":"Feature","properties":{"id":"relation/3281475","name":"Sandton - Fourways (Gautrain S5)","network":"Gautrain Bus"},"geometry":{"type":"LineString","coordinates":[[28.031052,-26.074943],[28.032835,-26.074508],[28.034843,-26.074032],[28.034973,-26.074001]]}},{"type":"Feature","properties":{"id":"relation/3281475","name":"Sandton - Fourways (Gautrain S5)","network":"Gautrain Bus"},"geometry":{"type":"LineString","coordinates":[[28.034973,-26.074001],[28.035004,-26.073994],[28.035067,-26.07398]]}},{"type":"Feature","properties":{"id":"relation/3281475","name":"Sandton - Fourways (Gautrain S5)","network":"Gautrain Bus"},"geometry":{"type":"LineString","coordinates":[[28.035067,-26.07398],[28.035328,-26.073924],[28.035554,-26.07387],[28.035752,-26.073827],[28.035817,-26.073812]]}},{"type":"Feature","properties":{"id":"relation/3281475","name":"Sandton - Fourways (Gautrain S5)","network":"Gautrain Bus"},"geometry":{"type":"LineString","coordinates":[[28.035817,-26.073812],[28.035845,-26.073806],[28.036016,-26.073768],[28.036183,-26.073729],[28.0363,-26.073703],[28.036382,-26.073686],[28.036455,-26.073681]]}},{"type":"Feature","properties":{"id":"relation/3281475","name":"Sandton - Fourways (Gautrain S5)","network":"Gautrain Bus"},"geometry":{"type":"LineString","coordinates":[[28.045324,-26.075047],[28.046097,-26.075416]]}},{"type":"Feature","properties":{"id":"relation/3281475","name":"Sandton - Fourways (Gautrain S5)","network":"Gautrain Bus"},"geometry":{"type":"LineString","coordinates":[[28.046097,-26.075416],[28.046586,-26.075727],[28.046737,-26.075817],[28.046853,-26.075908]]}},{"type":"Feature","properties":{"id":"relation/3281475","name":"Sandton - Fourways (Gautrain S5)","network":"Gautrain Bus"},"geometry":{"type":"LineString","coordinates":[[28.051687,-26.094567],[28.051753,-26.094642],[28.051917,-26.094863]]}},{"type":"Feature","properties":{"id":"relation/3281475","name":"Sandton - Fourways (Gautrain S5)","network":"Gautrain Bus"},"geometry":{"type":"LineString","coordinates":[[28.051917,-26.094863],[28.051944,-26.094857],[28.051973,-26.094859],[28.051999,-26.094867],[28.052021,-26.094882],[28.052038,-26.094901],[28.052048,-26.094924],[28.05205,-26.094949],[28.052045,-26.094973],[28.05203,-26.094996],[28.052009,-26.095015],[28.051981,-26.095027],[28.051952,-26.095031],[28.051922,-26.095026]]}},{"type":"Feature","properties":{"id":"relation/3281475","name":"Sandton - Fourways (Gautrain S5)","network":"Gautrain Bus"},"geometry":{"type":"LineString","coordinates":[[28.051922,-26.095026],[28.051451,-26.096354],[28.051308,-26.096752],[28.051221,-26.096995],[28.051103,-26.097322]]}},{"type":"Feature","properties":{"id":"relation/3281475","name":"Sandton - Fourways (Gautrain S5)","network":"Gautrain Bus"},"geometry":{"type":"LineString","coordinates":[[28.051103,-26.097322],[28.05101,-26.097576]]}},{"type":"Feature","properties":{"id":"relation/3281475","name":"Sandton - Fourways (Gautrain S5)","network":"Gautrain Bus"},"geometry":{"type":"LineString","coordinates":[[28.05101,-26.097576],[28.050695,-26.098445]]}},{"type":"Feature","properties":{"id":"relation/3281475","name":"Sandton - Fourways (Gautrain S5)","network":"Gautrain Bus"},"geometry":{"type":"LineString","coordinates":[[28.050695,-26.098445],[28.050583,-26.098753]]}},{"type":"Feature","properties":{"id":"relation/3281475","name":"Sandton - Fourways (Gautrain S5)","network":"Gautrain Bus"},"geometry":{"type":"LineString","coordinates":[[28.050583,-26.098753],[28.050529,-26.09891],[28.050484,-26.099045]]}},{"type":"Feature","properties":{"id":"relation/3281475","name":"Sandton - Fourways (Gautrain S5)","network":"Gautrain Bus"},"geometry":{"type":"LineString","coordinates":[[28.050484,-26.099045],[28.050435,-26.099164],[28.050297,-26.099569],[28.050282,-26.099615],[28.05027,-26.099666],[28.050262,-26.099723],[28.050255,-26.099781],[28.050255,-26.099856],[28.050258,-26.099914],[28.050267,-26.099985],[28.050284,-26.100065]]}},{"type":"Feature","properties":{"id":"relation/3281475","name":"Sandton - Fourways (Gautrain S5)","network":"Gautrain Bus"},"geometry":{"type":"LineString","coordinates":[[28.050284,-26.100065],[28.050387,-26.100389],[28.0505,-26.10065]]}},{"type":"Feature","properties":{"id":"relation/3281475","name":"Sandton - Fourways (Gautrain S5)","network":"Gautrain Bus"},"geometry":{"type":"LineString","coordinates":[[28.0505,-26.10065],[28.050524,-26.100718]]}},{"type":"Feature","properties":{"id":"relation/3281475","name":"Sandton - Fourways (Gautrain S5)","network":"Gautrain Bus"},"geometry":{"type":"LineString","coordinates":[[28.050524,-26.100718],[28.05057,-26.100838]]}},{"type":"Feature","properties":{"id":"relation/3281475","name":"Sandton - Fourways (Gautrain S5)","network":"Gautrain Bus"},"geometry":{"type":"LineString","coordinates":[[28.05057,-26.100838],[28.050611,-26.100937]]}},{"type":"Feature","properties":{"id":"relation/3281475","name":"Sandton - Fourways (Gautrain S5)","network":"Gautrain Bus"},"geometry":{"type":"LineString","coordinates":[[28.050611,-26.100937],[28.050709,-26.101168],[28.050873,-26.101518],[28.050978,-26.101738],[28.051023,-26.101819],[28.051053,-26.101865],[28.051086,-26.101909],[28.051132,-26.101965],[28.051179,-26.102015],[28.051243,-26.102077],[28.051278,-26.102109],[28.051332,-26.102156],[28.052036,-26.102748]]}},{"type":"Feature","properties":{"id":"relation/3281475","name":"Sandton - Fourways (Gautrain S5)","network":"Gautrain Bus"},"geometry":{"type":"LineString","coordinates":[[28.052036,-26.102748],[28.05235,-26.103005]]}},{"type":"Feature","properties":{"id":"relation/3281475","name":"Sandton - Fourways (Gautrain S5)","network":"Gautrain Bus"},"geometry":{"type":"LineString","coordinates":[[28.05235,-26.103005],[28.052456,-26.103091]]}},{"type":"Feature","properties":{"id":"relation/3281475","name":"Sandton - Fourways (Gautrain S5)","network":"Gautrain Bus"},"geometry":{"type":"LineString","coordinates":[[28.052456,-26.103091],[28.052552,-26.103163]]}},{"type":"Feature","properties":{"id":"relation/3281475","name":"Sandton - Fourways (Gautrain S5)","network":"Gautrain Bus"},"geometry":{"type":"LineString","coordinates":[[28.052552,-26.103163],[28.052387,-26.103228]]}},{"type":"Feature","properties":{"id":"relation/3281475","name":"Sandton - Fourways (Gautrain S5)","network":"Gautrain Bus"},"geometry":{"type":"LineString","coordinates":[[28.052387,-26.103228],[28.052305,-26.103262]]}},{"type":"Feature","properties":{"id":"relation/3281475","name":"Sandton - Fourways (Gautrain S5)","network":"Gautrain Bus"},"geometry":{"type":"LineString","coordinates":[[28.052305,-26.103262],[28.052117,-26.103341],[28.051954,-26.10341],[28.051765,-26.103497],[28.05151,-26.103647],[28.051417,-26.103714],[28.051353,-26.103768],[28.051192,-26.103936],[28.051074,-26.104095],[28.050759,-26.104553],[28.050733,-26.104594],[28.050535,-26.104883],[28.050346,-26.105201],[28.050311,-26.105257]]}},{"type":"Feature","properties":{"id":"relation/3281475","name":"Sandton - Fourways (Gautrain S5)","network":"Gautrain Bus"},"geometry":{"type":"LineString","coordinates":[[28.050311,-26.105257],[28.050085,-26.105602]]}},{"type":"Feature","properties":{"id":"relation/3281475","name":"Sandton - Fourways (Gautrain S5)","network":"Gautrain Bus"},"geometry":{"type":"LineString","coordinates":[[28.050085,-26.105602],[28.050048,-26.105675],[28.050039,-26.105735],[28.05004,-26.105795],[28.050053,-26.105849],[28.050079,-26.1059],[28.050108,-26.105937],[28.05016,-26.105994]]}},{"type":"Feature","properties":{"id":"relation/3281475","name":"Sandton - Fourways (Gautrain S5)","network":"Gautrain Bus"},"geometry":{"type":"LineString","coordinates":[[28.05016,-26.105994],[28.051715,-26.106799]]}},{"type":"Feature","properties":{"id":"relation/3281475","name":"Sandton - Fourways (Gautrain S5)","network":"Gautrain Bus"},"geometry":{"type":"LineString","coordinates":[[28.051715,-26.106799],[28.051857,-26.106864]]}},{"type":"Feature","properties":{"id":"relation/3281475","name":"Sandton - Fourways (Gautrain S5)","network":"Gautrain Bus"},"geometry":{"type":"LineString","coordinates":[[28.051857,-26.106864],[28.052382,-26.107131],[28.052838,-26.107338],[28.052932,-26.10738]]}},{"type":"Feature","properties":{"id":"relation/3281475","name":"Sandton - Fourways (Gautrain S5)","network":"Gautrain Bus"},"geometry":{"type":"LineString","coordinates":[[28.052932,-26.10738],[28.053831,-26.107877]]}},{"type":"Feature","properties":{"id":"relation/3281475","name":"Sandton - Fourways (Gautrain S5)","network":"Gautrain Bus"},"geometry":{"type":"LineString","coordinates":[[28.053831,-26.107877],[28.053995,-26.107962],[28.054139,-26.108036]]}},{"type":"Feature","properties":{"id":"relation/3281475","name":"Sandton - Fourways (Gautrain S5)","network":"Gautrain Bus"},"geometry":{"type":"LineString","coordinates":[[28.054139,-26.108036],[28.054589,-26.108225]]}},{"type":"Feature","properties":{"id":"relation/3281475","name":"Sandton - Fourways (Gautrain S5)","network":"Gautrain Bus"},"geometry":{"type":"LineString","coordinates":[[28.054589,-26.108225],[28.054872,-26.108373],[28.055114,-26.108507],[28.055415,-26.108676]]}},{"type":"Feature","properties":{"id":"relation/3281475","name":"Sandton - Fourways (Gautrain S5)","network":"Gautrain Bus"},"geometry":{"type":"LineString","coordinates":[[28.055415,-26.108676],[28.055612,-26.108786]]}},{"type":"Feature","properties":{"id":"relation/3281475","name":"Sandton - Fourways (Gautrain S5)","network":"Gautrain Bus"},"geometry":{"type":"LineString","coordinates":[[28.055612,-26.108786],[28.056149,-26.109049]]}},{"type":"Feature","properties":{"id":"relation/3281475","name":"Sandton - Fourways (Gautrain S5)","network":"Gautrain Bus"},"geometry":{"type":"LineString","coordinates":[[28.056149,-26.109049],[28.056994,-26.108473]]}},{"type":"Feature","properties":{"id":"relation/3281475","name":"Sandton - Fourways (Gautrain S5)","network":"Gautrain Bus"},"geometry":{"type":"LineString","coordinates":[[28.056994,-26.108473],[28.05692,-26.108391],[28.056646,-26.108091],[28.056594,-26.107491],[28.056691,-26.107484],[28.056733,-26.108068]]}},{"type":"Feature","properties":{"id":"relation/3284350","name":"Rosebank - Melrose Arch (Gautrain RB2)","network":"Gautrain Bus"},"geometry":{"type":"LineString","coordinates":[[28.044594,-26.146846],[28.044611,-26.146936],[28.044616,-26.146999],[28.044616,-26.147044],[28.044613,-26.14707],[28.044586,-26.147183]]}},{"type":"Feature","properties":{"id":"relation/3284350","name":"Rosebank - Melrose Arch (Gautrain RB2)","network":"Gautrain Bus"},"geometry":{"type":"LineString","coordinates":[[28.044586,-26.147183],[28.044594,-26.147239],[28.044606,-26.147337]]}},{"type":"Feature","properties":{"id":"relation/3284350","name":"Rosebank - Melrose Arch (Gautrain RB2)","network":"Gautrain Bus"},"geometry":{"type":"LineString","coordinates":[[28.044606,-26.147337],[28.044634,-26.14749],[28.044712,-26.147916],[28.044757,-26.148499]]}},{"type":"Feature","properties":{"id":"relation/3284350","name":"Rosebank - Melrose Arch (Gautrain RB2)","network":"Gautrain Bus"},"geometry":{"type":"LineString","coordinates":[[28.044757,-26.148499],[28.044764,-26.148574],[28.044809,-26.148855],[28.04481,-26.148863]]}},{"type":"Feature","properties":{"id":"relation/3284350","name":"Rosebank - Melrose Arch (Gautrain RB2)","network":"Gautrain Bus"},"geometry":{"type":"LineString","coordinates":[[28.04481,-26.148863],[28.044884,-26.149042],[28.044915,-26.149117],[28.044941,-26.149164],[28.044975,-26.149195],[28.045018,-26.149212],[28.045057,-26.149214],[28.045114,-26.149211],[28.045253,-26.149196]]}},{"type":"Feature","properties":{"id":"relation/3284350","name":"Rosebank - Melrose Arch (Gautrain RB2)","network":"Gautrain Bus"},"geometry":{"type":"LineString","coordinates":[[28.045253,-26.149196],[28.045501,-26.149138],[28.045619,-26.149116]]}},{"type":"Feature","properties":{"id":"relation/3284350","name":"Rosebank - Melrose Arch (Gautrain RB2)","network":"Gautrain Bus"},"geometry":{"type":"LineString","coordinates":[[28.045619,-26.149116],[28.045703,-26.14912]]}},{"type":"Feature","properties":{"id":"relation/3284350","name":"Rosebank - Melrose Arch (Gautrain RB2)","network":"Gautrain Bus"},"geometry":{"type":"LineString","coordinates":[[28.045703,-26.14912],[28.045892,-26.14907],[28.046303,-26.148981]]}},{"type":"Feature","properties":{"id":"relation/3284350","name":"Rosebank - Melrose Arch (Gautrain RB2)","network":"Gautrain Bus"},"geometry":{"type":"LineString","coordinates":[[28.046303,-26.148981],[28.046786,-26.148858]]}},{"type":"Feature","properties":{"id":"relation/3284350","name":"Rosebank - Melrose Arch (Gautrain RB2)","network":"Gautrain Bus"},"geometry":{"type":"LineString","coordinates":[[28.046786,-26.148858],[28.047593,-26.148661],[28.049206,-26.148269]]}},{"type":"Feature","properties":{"id":"relation/3284350","name":"Rosebank - Melrose Arch (Gautrain RB2)","network":"Gautrain Bus"},"geometry":{"type":"LineString","coordinates":[[28.049206,-26.148269],[28.049646,-26.148149]]}},{"type":"Feature","properties":{"id":"relation/3284350","name":"Rosebank - Melrose Arch (Gautrain RB2)","network":"Gautrain Bus"},"geometry":{"type":"LineString","coordinates":[[28.049646,-26.148149],[28.050012,-26.14807]]}},{"type":"Feature","properties":{"id":"relation/3284350","name":"Rosebank - Melrose Arch (Gautrain RB2)","network":"Gautrain Bus"},"geometry":{"type":"LineString","coordinates":[[28.050012,-26.14807],[28.050807,-26.147867]]}},{"type":"Feature","properties":{"id":"relation/3284350","name":"Rosebank - Melrose Arch (Gautrain RB2)","network":"Gautrain Bus"},"geometry":{"type":"LineString","coordinates":[[28.050807,-26.147867],[28.050856,-26.14783],[28.05136,-26.147696]]}},{"type":"Feature","properties":{"id":"relation/3284350","name":"Rosebank - Melrose Arch (Gautrain RB2)","network":"Gautrain Bus"},"geometry":{"type":"LineString","coordinates":[[28.05136,-26.147696],[28.051678,-26.147614]]}},{"type":"Feature","properties":{"id":"relation/3284350","name":"Rosebank - Melrose Arch (Gautrain RB2)","network":"Gautrain Bus"},"geometry":{"type":"LineString","coordinates":[[28.051678,-26.147614],[28.051923,-26.147563]]}},{"type":"Feature","properties":{"id":"relation/3284350","name":"Rosebank - Melrose Arch (Gautrain RB2)","network":"Gautrain Bus"},"geometry":{"type":"LineString","coordinates":[[28.051923,-26.147563],[28.052411,-26.147452],[28.052476,-26.14746]]}},{"type":"Feature","properties":{"id":"relation/3284350","name":"Rosebank - Melrose Arch (Gautrain RB2)","network":"Gautrain Bus"},"geometry":{"type":"LineString","coordinates":[[28.052476,-26.14746],[28.052772,-26.14738],[28.052846,-26.147361],[28.053245,-26.147259]]}},{"type":"Feature","properties":{"id":"relation/3284350","name":"Rosebank - Melrose Arch (Gautrain RB2)","network":"Gautrain Bus"},"geometry":{"type":"LineString","coordinates":[[28.053245,-26.147259],[28.053729,-26.147138]]}},{"type":"Feature","properties":{"id":"relation/3284350","name":"Rosebank - Melrose Arch (Gautrain RB2)","network":"Gautrain Bus"},"geometry":{"type":"LineString","coordinates":[[28.053729,-26.147138],[28.054287,-26.146999]]}},{"type":"Feature","properties":{"id":"relation/3284350","name":"Rosebank - Melrose Arch (Gautrain RB2)","network":"Gautrain Bus"},"geometry":{"type":"LineString","coordinates":[[28.054287,-26.146999],[28.054842,-26.146861],[28.055138,-26.14678]]}},{"type":"Feature","properties":{"id":"relation/3284350","name":"Rosebank - Melrose Arch (Gautrain RB2)","network":"Gautrain Bus"},"geometry":{"type":"LineString","coordinates":[[28.055138,-26.14678],[28.055332,-26.146728],[28.055556,-26.146666],[28.055662,-26.146638]]}},{"type":"Feature","properties":{"id":"relation/3284350","name":"Rosebank - Melrose Arch (Gautrain RB2)","network":"Gautrain Bus"},"geometry":{"type":"LineString","coordinates":[[28.055662,-26.146638],[28.055766,-26.146615],[28.055909,-26.146584],[28.056391,-26.146481]]}},{"type":"Feature","properties":{"id":"relation/3284350","name":"Rosebank - Melrose Arch (Gautrain RB2)","network":"Gautrain Bus"},"geometry":{"type":"LineString","coordinates":[[28.056391,-26.146481],[28.05649,-26.146444],[28.056609,-26.146421],[28.056716,-26.146406],[28.056861,-26.146397],[28.057032,-26.146396]]}},{"type":"Feature","properties":{"id":"relation/3284350","name":"Rosebank - Melrose Arch (Gautrain RB2)","network":"Gautrain Bus"},"geometry":{"type":"LineString","coordinates":[[28.057032,-26.146396],[28.057304,-26.146419]]}},{"type":"Feature","properties":{"id":"relation/3284350","name":"Rosebank - Melrose Arch (Gautrain RB2)","network":"Gautrain Bus"},"geometry":{"type":"LineString","coordinates":[[28.057304,-26.146419],[28.057384,-26.14643],[28.057679,-26.146467],[28.057734,-26.146474],[28.05791,-26.146498]]}},{"type":"Feature","properties":{"id":"relation/3284350","name":"Rosebank - Melrose Arch (Gautrain RB2)","network":"Gautrain Bus"},"geometry":{"type":"LineString","coordinates":[[28.05791,-26.146498],[28.058362,-26.146569]]}},{"type":"Feature","properties":{"id":"relation/3284350","name":"Rosebank - Melrose Arch (Gautrain RB2)","network":"Gautrain Bus"},"geometry":{"type":"LineString","coordinates":[[28.058362,-26.146569],[28.058587,-26.146597],[28.058639,-26.146602]]}},{"type":"Feature","properties":{"id":"relation/3284350","name":"Rosebank - Melrose Arch (Gautrain RB2)","network":"Gautrain Bus"},"geometry":{"type":"LineString","coordinates":[[28.058639,-26.146602],[28.058727,-26.14661],[28.058808,-26.146619],[28.059211,-26.146666],[28.059438,-26.146692],[28.059556,-26.146709],[28.059786,-26.146736],[28.059974,-26.14675],[28.060125,-26.146758],[28.060381,-26.146761],[28.060446,-26.146782]]}},{"type":"Feature","properties":{"id":"relation/3284350","name":"Rosebank - Melrose Arch (Gautrain RB2)","network":"Gautrain Bus"},"geometry":{"type":"LineString","coordinates":[[28.060446,-26.146782],[28.060748,-26.146788],[28.061324,-26.1468],[28.061469,-26.1468],[28.061591,-26.146791]]}},{"type":"Feature","properties":{"id":"relation/3284350","name":"Rosebank - Melrose Arch (Gautrain RB2)","network":"Gautrain Bus"},"geometry":{"type":"LineString","coordinates":[[28.061591,-26.146791],[28.061905,-26.146711],[28.062508,-26.14656],[28.063073,-26.146416],[28.063226,-26.14638]]}},{"type":"Feature","properties":{"id":"relation/3284350","name":"Rosebank - Melrose Arch (Gautrain RB2)","network":"Gautrain Bus"},"geometry":{"type":"LineString","coordinates":[[28.063583,-26.145585],[28.063392,-26.146002],[28.063226,-26.14638]]}},{"type":"Feature","properties":{"id":"relation/3284350","name":"Rosebank - Melrose Arch (Gautrain RB2)","network":"Gautrain Bus"},"geometry":{"type":"LineString","coordinates":[[28.066998,-26.140827],[28.066764,-26.141155],[28.066578,-26.141409],[28.066453,-26.141581],[28.066179,-26.141956],[28.065969,-26.142246]]}},{"type":"Feature","properties":{"id":"relation/3284350","name":"Rosebank - Melrose Arch (Gautrain RB2)","network":"Gautrain Bus"},"geometry":{"type":"LineString","coordinates":[[28.065969,-26.142246],[28.065682,-26.142646]]}},{"type":"Feature","properties":{"id":"relation/3284350","name":"Rosebank - Melrose Arch (Gautrain RB2)","network":"Gautrain Bus"},"geometry":{"type":"LineString","coordinates":[[28.065682,-26.142646],[28.0656,-26.14276],[28.065424,-26.142995],[28.065211,-26.143295],[28.06487,-26.143764],[28.064709,-26.143988],[28.06443,-26.144372],[28.064212,-26.144665],[28.064077,-26.144851],[28.06396,-26.145012],[28.063887,-26.145111],[28.063769,-26.145273],[28.063691,-26.145376],[28.063644,-26.145457],[28.063613,-26.14552],[28.063583,-26.145585]]}},{"type":"Feature","properties":{"id":"relation/3284350","name":"Rosebank - Melrose Arch (Gautrain RB2)","network":"Gautrain Bus"},"geometry":{"type":"LineString","coordinates":[[28.060446,-26.146782],[28.060355,-26.146802],[28.059884,-26.146797]]}},{"type":"Feature","properties":{"id":"relation/3284350","name":"Rosebank - Melrose Arch (Gautrain RB2)","network":"Gautrain Bus"},"geometry":{"type":"LineString","coordinates":[[28.059884,-26.146797],[28.059636,-26.14679],[28.059427,-26.146776],[28.059287,-26.14677],[28.059148,-26.146754]]}},{"type":"Feature","properties":{"id":"relation/3284350","name":"Rosebank - Melrose Arch (Gautrain RB2)","network":"Gautrain Bus"},"geometry":{"type":"LineString","coordinates":[[28.059148,-26.146754],[28.058796,-26.146706],[28.058727,-26.146697],[28.058622,-26.146682]]}},{"type":"Feature","properties":{"id":"relation/3284350","name":"Rosebank - Melrose Arch (Gautrain RB2)","network":"Gautrain Bus"},"geometry":{"type":"LineString","coordinates":[[28.058622,-26.146682],[28.058568,-26.146676],[28.058376,-26.146655]]}},{"type":"Feature","properties":{"id":"relation/3284350","name":"Rosebank - Melrose Arch (Gautrain RB2)","network":"Gautrain Bus"},"geometry":{"type":"LineString","coordinates":[[28.058376,-26.146655],[28.057891,-26.146584]]}},{"type":"Feature","properties":{"id":"relation/3284350","name":"Rosebank - Melrose Arch (Gautrain RB2)","network":"Gautrain Bus"},"geometry":{"type":"LineString","coordinates":[[28.057891,-26.146584],[28.057703,-26.146568],[28.057657,-26.146563],[28.057308,-26.146525],[28.057282,-26.146521]]}},{"type":"Feature","properties":{"id":"relation/3284350","name":"Rosebank - Melrose Arch (Gautrain RB2)","network":"Gautrain Bus"},"geometry":{"type":"LineString","coordinates":[[28.057282,-26.146521],[28.057025,-26.14648]]}},{"type":"Feature","properties":{"id":"relation/3284350","name":"Rosebank - Melrose Arch (Gautrain RB2)","network":"Gautrain Bus"},"geometry":{"type":"LineString","coordinates":[[28.057025,-26.14648],[28.056882,-26.146464],[28.056743,-26.146457],[28.056632,-26.14646],[28.0565,-26.146475],[28.056391,-26.146481]]}},{"type":"Feature","properties":{"id":"relation/3284350","name":"Rosebank - Melrose Arch (Gautrain RB2)","network":"Gautrain Bus"},"geometry":{"type":"LineString","coordinates":[[28.052476,-26.14746],[28.052438,-26.147487],[28.051939,-26.147618]]}},{"type":"Feature","properties":{"id":"relation/3284350","name":"Rosebank - Melrose Arch (Gautrain RB2)","network":"Gautrain Bus"},"geometry":{"type":"LineString","coordinates":[[28.051939,-26.147618],[28.051695,-26.147676]]}},{"type":"Feature","properties":{"id":"relation/3284350","name":"Rosebank - Melrose Arch (Gautrain RB2)","network":"Gautrain Bus"},"geometry":{"type":"LineString","coordinates":[[28.051695,-26.147676],[28.051376,-26.14775]]}},{"type":"Feature","properties":{"id":"relation/3284350","name":"Rosebank - Melrose Arch (Gautrain RB2)","network":"Gautrain Bus"},"geometry":{"type":"LineString","coordinates":[[28.051376,-26.14775],[28.050871,-26.147874],[28.050807,-26.147867]]}},{"type":"Feature","properties":{"id":"relation/3284350","name":"Rosebank - Melrose Arch (Gautrain RB2)","network":"Gautrain Bus"},"geometry":{"type":"LineString","coordinates":[[28.045703,-26.14912],[28.045631,-26.149164]]}},{"type":"Feature","properties":{"id":"relation/3284350","name":"Rosebank - Melrose Arch (Gautrain RB2)","network":"Gautrain Bus"},"geometry":{"type":"LineString","coordinates":[[28.045631,-26.149164],[28.045537,-26.149199],[28.045384,-26.149257]]}},{"type":"Feature","properties":{"id":"relation/3284350","name":"Rosebank - Melrose Arch (Gautrain RB2)","network":"Gautrain Bus"},"geometry":{"type":"LineString","coordinates":[[28.045384,-26.149257],[28.045128,-26.149331],[28.04489,-26.149373]]}},{"type":"Feature","properties":{"id":"relation/3284350","name":"Rosebank - Melrose Arch (Gautrain RB2)","network":"Gautrain Bus"},"geometry":{"type":"LineString","coordinates":[[28.04489,-26.149373],[28.044769,-26.149378]]}},{"type":"Feature","properties":{"id":"relation/3284350","name":"Rosebank - Melrose Arch (Gautrain RB2)","network":"Gautrain Bus"},"geometry":{"type":"LineString","coordinates":[[28.044769,-26.149378],[28.044734,-26.149257],[28.044662,-26.148896],[28.044634,-26.148717]]}},{"type":"Feature","properties":{"id":"relation/3284350","name":"Rosebank - Melrose Arch (Gautrain RB2)","network":"Gautrain Bus"},"geometry":{"type":"LineString","coordinates":[[28.044634,-26.148717],[28.044608,-26.14852]]}},{"type":"Feature","properties":{"id":"relation/3284350","name":"Rosebank - Melrose Arch (Gautrain RB2)","network":"Gautrain Bus"},"geometry":{"type":"LineString","coordinates":[[28.044608,-26.14852],[28.044591,-26.148286],[28.044572,-26.148084],[28.044545,-26.147905],[28.044511,-26.147724],[28.044472,-26.147535],[28.044468,-26.147519],[28.044429,-26.147378],[28.044404,-26.147271],[28.044393,-26.147221]]}},{"type":"Feature","properties":{"id":"relation/3284350","name":"Rosebank - Melrose Arch (Gautrain RB2)","network":"Gautrain Bus"},"geometry":{"type":"LineString","coordinates":[[28.044393,-26.147221],[28.044329,-26.147171],[28.044281,-26.147138],[28.044254,-26.147118],[28.044244,-26.147107],[28.044238,-26.147094],[28.044206,-26.146985],[28.044197,-26.146942],[28.044191,-26.146909],[28.044168,-26.146768],[28.044146,-26.146597]]}},{"type":"Feature","properties":{"id":"relation/3284350","name":"Rosebank - Melrose Arch (Gautrain RB2)","network":"Gautrain Bus"},"geometry":{"type":"LineString","coordinates":[[28.06708,-26.135232],[28.067185,-26.135221]]}},{"type":"Feature","properties":{"id":"relation/3284350","name":"Rosebank - Melrose Arch (Gautrain RB2)","network":"Gautrain Bus"},"geometry":{"type":"LineString","coordinates":[[28.067185,-26.135221],[28.067271,-26.135202]]}},{"type":"Feature","properties":{"id":"relation/3284350","name":"Rosebank - Melrose Arch (Gautrain RB2)","network":"Gautrain Bus"},"geometry":{"type":"LineString","coordinates":[[28.067271,-26.135202],[28.067646,-26.135121],[28.067804,-26.13508],[28.067878,-26.135056],[28.067981,-26.135015],[28.06813,-26.134945],[28.068203,-26.134894],[28.068264,-26.134832],[28.068332,-26.134739],[28.068368,-26.134677],[28.068396,-26.134611],[28.068424,-26.134514],[28.068459,-26.134399],[28.068499,-26.134253],[28.068517,-26.134167],[28.068527,-26.134091],[28.068566,-26.133954],[28.068686,-26.133493],[28.068734,-26.133356],[28.068782,-26.133239],[28.06892,-26.132968],[28.068969,-26.132853],[28.068991,-26.132807],[28.069009,-26.132757],[28.069298,-26.132171],[28.069319,-26.132134],[28.069431,-26.131857],[28.069521,-26.131657],[28.069541,-26.131596],[28.069549,-26.131527],[28.069544,-26.131448],[28.069532,-26.131383],[28.069501,-26.131285],[28.069457,-26.131158],[28.06939,-26.131005]]}},{"type":"Feature","properties":{"id":"relation/3284350","name":"Rosebank - Melrose Arch (Gautrain RB2)","network":"Gautrain Bus"},"geometry":{"type":"LineString","coordinates":[[28.06939,-26.131005],[28.069341,-26.130909],[28.069297,-26.130836],[28.06926,-26.130797],[28.069218,-26.130756],[28.069174,-26.130716],[28.069108,-26.130669],[28.069046,-26.130622],[28.068984,-26.130564],[28.068941,-26.130519],[28.068901,-26.130461],[28.068849,-26.130364],[28.068816,-26.13029]]}},{"type":"Feature","properties":{"id":"relation/3284350","name":"Rosebank - Melrose Arch (Gautrain RB2)","network":"Gautrain Bus"},"geometry":{"type":"LineString","coordinates":[[28.068816,-26.13029],[28.068689,-26.129964],[28.068578,-26.129704]]}},{"type":"Feature","properties":{"id":"relation/3284350","name":"Rosebank - Melrose Arch (Gautrain RB2)","network":"Gautrain Bus"},"geometry":{"type":"LineString","coordinates":[[28.068578,-26.129704],[28.068559,-26.129659],[28.068529,-26.129588]]}},{"type":"Feature","properties":{"id":"relation/3284350","name":"Rosebank - Melrose Arch (Gautrain RB2)","network":"Gautrain Bus"},"geometry":{"type":"LineString","coordinates":[[28.068529,-26.129588],[28.068549,-26.129582],[28.068611,-26.129561]]}},{"type":"Feature","properties":{"id":"relation/3284350","name":"Rosebank - Melrose Arch (Gautrain RB2)","network":"Gautrain Bus"},"geometry":{"type":"LineString","coordinates":[[28.068611,-26.129561],[28.068645,-26.129625]]}},{"type":"Feature","properties":{"id":"relation/3284350","name":"Rosebank - Melrose Arch (Gautrain RB2)","network":"Gautrain Bus"},"geometry":{"type":"LineString","coordinates":[[28.068645,-26.129625],[28.068666,-26.129676]]}},{"type":"Feature","properties":{"id":"relation/3284350","name":"Rosebank - Melrose Arch (Gautrain RB2)","network":"Gautrain Bus"},"geometry":{"type":"LineString","coordinates":[[28.068666,-26.129676],[28.068688,-26.12973],[28.068718,-26.129787],[28.068743,-26.129845]]}},{"type":"Feature","properties":{"id":"relation/3284350","name":"Rosebank - Melrose Arch (Gautrain RB2)","network":"Gautrain Bus"},"geometry":{"type":"LineString","coordinates":[[28.068743,-26.129845],[28.068936,-26.130257]]}},{"type":"Feature","properties":{"id":"relation/3284350","name":"Rosebank - Melrose Arch (Gautrain RB2)","network":"Gautrain Bus"},"geometry":{"type":"LineString","coordinates":[[28.068936,-26.130257],[28.068976,-26.130359],[28.069001,-26.130407],[28.069024,-26.130444],[28.069053,-26.130481],[28.06909,-26.130526],[28.06912,-26.130559],[28.069156,-26.130591],[28.069211,-26.130628],[28.069277,-26.130674],[28.069328,-26.130721],[28.069396,-26.130808],[28.069502,-26.130971]]}},{"type":"Feature","properties":{"id":"relation/3284350","name":"Rosebank - Melrose Arch (Gautrain RB2)","network":"Gautrain Bus"},"geometry":{"type":"LineString","coordinates":[[28.066914,-26.131827],[28.06736,-26.131687],[28.067455,-26.131655],[28.067524,-26.131635],[28.068162,-26.131413],[28.068301,-26.131368],[28.068549,-26.131286],[28.068717,-26.131232],[28.06939,-26.131005],[28.069449,-26.130989],[28.069502,-26.130971]]}},{"type":"Feature","properties":{"id":"relation/3284350","name":"Rosebank - Melrose Arch (Gautrain RB2)","network":"Gautrain Bus"},"geometry":{"type":"LineString","coordinates":[[28.066914,-26.131827],[28.066788,-26.131912],[28.066312,-26.13208]]}},{"type":"Feature","properties":{"id":"relation/3284350","name":"Rosebank - Melrose Arch (Gautrain RB2)","network":"Gautrain Bus"},"geometry":{"type":"LineString","coordinates":[[28.066312,-26.13208],[28.066291,-26.13212],[28.066268,-26.132159],[28.066244,-26.132204],[28.066226,-26.132268]]}},{"type":"Feature","properties":{"id":"relation/3284350","name":"Rosebank - Melrose Arch (Gautrain RB2)","network":"Gautrain Bus"},"geometry":{"type":"LineString","coordinates":[[28.066226,-26.132268],[28.066253,-26.132314],[28.066337,-26.1325]]}},{"type":"Feature","properties":{"id":"relation/3284350","name":"Rosebank - Melrose Arch (Gautrain RB2)","network":"Gautrain Bus"},"geometry":{"type":"LineString","coordinates":[[28.066337,-26.1325],[28.066418,-26.132681],[28.066486,-26.132829]]}},{"type":"Feature","properties":{"id":"relation/3284350","name":"Rosebank - Melrose Arch (Gautrain RB2)","network":"Gautrain Bus"},"geometry":{"type":"LineString","coordinates":[[28.066486,-26.132829],[28.066517,-26.132899],[28.066552,-26.132978],[28.066907,-26.133938],[28.066987,-26.134147],[28.067021,-26.134287],[28.067046,-26.134395]]}},{"type":"Feature","properties":{"id":"relation/3284350","name":"Rosebank - Melrose Arch (Gautrain RB2)","network":"Gautrain Bus"},"geometry":{"type":"LineString","coordinates":[[28.067046,-26.134395],[28.06711,-26.134752],[28.067137,-26.134903]]}},{"type":"Feature","properties":{"id":"relation/3284350","name":"Rosebank - Melrose Arch (Gautrain RB2)","network":"Gautrain Bus"},"geometry":{"type":"LineString","coordinates":[[28.067137,-26.134903],[28.067177,-26.135166]]}},{"type":"Feature","properties":{"id":"relation/3284350","name":"Rosebank - Melrose Arch (Gautrain RB2)","network":"Gautrain Bus"},"geometry":{"type":"LineString","coordinates":[[28.067177,-26.135166],[28.067185,-26.135221]]}},{"type":"Feature","properties":{"id":"relation/3284350","name":"Rosebank - Melrose Arch (Gautrain RB2)","network":"Gautrain Bus"},"geometry":{"type":"LineString","coordinates":[[28.067185,-26.135221],[28.067196,-26.135293]]}},{"type":"Feature","properties":{"id":"relation/3284350","name":"Rosebank - Melrose Arch (Gautrain RB2)","network":"Gautrain Bus"},"geometry":{"type":"LineString","coordinates":[[28.067196,-26.135293],[28.067223,-26.135502],[28.067253,-26.135785],[28.067259,-26.136152],[28.067244,-26.136763],[28.067243,-26.136845],[28.067232,-26.137141],[28.067213,-26.137386],[28.067166,-26.137705],[28.067099,-26.138213],[28.06709,-26.138362],[28.067088,-26.138462],[28.067094,-26.138581],[28.067103,-26.138666],[28.067106,-26.138761]]}},{"type":"Feature","properties":{"id":"relation/3284350","name":"Rosebank - Melrose Arch (Gautrain RB2)","network":"Gautrain Bus"},"geometry":{"type":"LineString","coordinates":[[28.067128,-26.138878],[28.067156,-26.138985],[28.067209,-26.139132],[28.067282,-26.139294],[28.067329,-26.139374]]}},{"type":"Feature","properties":{"id":"relation/3284350","name":"Rosebank - Melrose Arch (Gautrain RB2)","network":"Gautrain Bus"},"geometry":{"type":"LineString","coordinates":[[28.067329,-26.139374],[28.06737,-26.139441]]}},{"type":"Feature","properties":{"id":"relation/3284350","name":"Rosebank - Melrose Arch (Gautrain RB2)","network":"Gautrain Bus"},"geometry":{"type":"LineString","coordinates":[[28.06737,-26.139441],[28.067411,-26.139501],[28.067421,-26.13952]]}},{"type":"Feature","properties":{"id":"relation/3284350","name":"Rosebank - Melrose Arch (Gautrain RB2)","network":"Gautrain Bus"},"geometry":{"type":"LineString","coordinates":[[28.067421,-26.13952],[28.067493,-26.139616],[28.067571,-26.139702],[28.067644,-26.139771]]}},{"type":"Feature","properties":{"id":"relation/3284350","name":"Rosebank - Melrose Arch (Gautrain RB2)","network":"Gautrain Bus"},"geometry":{"type":"LineString","coordinates":[[28.067644,-26.139771],[28.067677,-26.139792]]}},{"type":"Feature","properties":{"id":"relation/3284350","name":"Rosebank - Melrose Arch (Gautrain RB2)","network":"Gautrain Bus"},"geometry":{"type":"LineString","coordinates":[[28.067677,-26.139792],[28.067727,-26.139825]]}},{"type":"Feature","properties":{"id":"relation/3284350","name":"Rosebank - Melrose Arch (Gautrain RB2)","network":"Gautrain Bus"},"geometry":{"type":"LineString","coordinates":[[28.067727,-26.139825],[28.067693,-26.139881]]}},{"type":"Feature","properties":{"id":"relation/3284350","name":"Rosebank - Melrose Arch (Gautrain RB2)","network":"Gautrain Bus"},"geometry":{"type":"LineString","coordinates":[[28.067693,-26.139881],[28.06767,-26.139912],[28.067541,-26.1401]]}},{"type":"Feature","properties":{"id":"relation/3284350","name":"Rosebank - Melrose Arch (Gautrain RB2)","network":"Gautrain Bus"},"geometry":{"type":"LineString","coordinates":[[28.067541,-26.1401],[28.067364,-26.140369],[28.067084,-26.140751],[28.066998,-26.140827]]}},{"type":"Feature","properties":{"id":"relation/3284350","name":"Rosebank - Melrose Arch (Gautrain RB2)","network":"Gautrain Bus"},"geometry":{"type":"LineString","coordinates":[[28.066998,-26.140827],[28.067046,-26.14073],[28.06731,-26.14033],[28.067494,-26.140043]]}},{"type":"Feature","properties":{"id":"relation/3284350","name":"Rosebank - Melrose Arch (Gautrain RB2)","network":"Gautrain Bus"},"geometry":{"type":"LineString","coordinates":[[28.067494,-26.140043],[28.067504,-26.13999],[28.067488,-26.139908],[28.067469,-26.139839],[28.067443,-26.139766],[28.067441,-26.139734],[28.06744,-26.139711]]}},{"type":"Feature","properties":{"id":"relation/3284350","name":"Rosebank - Melrose Arch (Gautrain RB2)","network":"Gautrain Bus"},"geometry":{"type":"LineString","coordinates":[[28.06744,-26.139711],[28.067427,-26.139694]]}},{"type":"Feature","properties":{"id":"relation/3284350","name":"Rosebank - Melrose Arch (Gautrain RB2)","network":"Gautrain Bus"},"geometry":{"type":"LineString","coordinates":[[28.067427,-26.139694],[28.06732,-26.13955],[28.067284,-26.139486]]}},{"type":"Feature","properties":{"id":"relation/3284350","name":"Rosebank - Melrose Arch (Gautrain RB2)","network":"Gautrain Bus"},"geometry":{"type":"LineString","coordinates":[[28.067284,-26.139486],[28.067255,-26.139422]]}},{"type":"Feature","properties":{"id":"relation/3284350","name":"Rosebank - Melrose Arch (Gautrain RB2)","network":"Gautrain Bus"},"geometry":{"type":"LineString","coordinates":[[28.067255,-26.139422],[28.067154,-26.139184],[28.06711,-26.139085],[28.067046,-26.138902]]}},{"type":"Feature","properties":{"id":"relation/3284350","name":"Rosebank - Melrose Arch (Gautrain RB2)","network":"Gautrain Bus"},"geometry":{"type":"LineString","coordinates":[[28.067046,-26.138902],[28.067024,-26.138825]]}},{"type":"Feature","properties":{"id":"relation/3284350","name":"Rosebank - Melrose Arch (Gautrain RB2)","network":"Gautrain Bus"},"geometry":{"type":"LineString","coordinates":[[28.067024,-26.138825],[28.067004,-26.138735],[28.066993,-26.138664],[28.066983,-26.138577],[28.06698,-26.138459],[28.066997,-26.138288],[28.067066,-26.137827],[28.067103,-26.137507],[28.067125,-26.137322],[28.067147,-26.136851],[28.067149,-26.136764],[28.067152,-26.136688],[28.067154,-26.136612],[28.067163,-26.136344],[28.067174,-26.136019],[28.067169,-26.135868],[28.067161,-26.135754],[28.067148,-26.135664],[28.067091,-26.13531]]}},{"type":"Feature","properties":{"id":"relation/3284350","name":"Rosebank - Melrose Arch (Gautrain RB2)","network":"Gautrain Bus"},"geometry":{"type":"LineString","coordinates":[[28.067091,-26.13531],[28.06708,-26.135232]]}},{"type":"Feature","properties":{"id":"relation/3284350","name":"Rosebank - Melrose Arch (Gautrain RB2)","network":"Gautrain Bus"},"geometry":{"type":"LineString","coordinates":[[28.06708,-26.135232],[28.067072,-26.135177],[28.067017,-26.134811],[28.066961,-26.13439],[28.066944,-26.134322],[28.066909,-26.134187],[28.066849,-26.13402],[28.066534,-26.133174]]}},{"type":"Feature","properties":{"id":"relation/3284350","name":"Rosebank - Melrose Arch (Gautrain RB2)","network":"Gautrain Bus"},"geometry":{"type":"LineString","coordinates":[[28.066534,-26.133174],[28.066432,-26.13293],[28.066397,-26.132855]]}},{"type":"Feature","properties":{"id":"relation/3284350","name":"Rosebank - Melrose Arch (Gautrain RB2)","network":"Gautrain Bus"},"geometry":{"type":"LineString","coordinates":[[28.066397,-26.132855],[28.066337,-26.13271],[28.066237,-26.132475]]}},{"type":"Feature","properties":{"id":"relation/3284350","name":"Rosebank - Melrose Arch (Gautrain RB2)","network":"Gautrain Bus"},"geometry":{"type":"LineString","coordinates":[[28.066237,-26.132475],[28.066148,-26.132311],[28.066094,-26.132205]]}},{"type":"Feature","properties":{"id":"relation/3284350","name":"Rosebank - Melrose Arch (Gautrain RB2)","network":"Gautrain Bus"},"geometry":{"type":"LineString","coordinates":[[28.066094,-26.132205],[28.066076,-26.132169]]}},{"type":"Feature","properties":{"id":"relation/3284350","name":"Rosebank - Melrose Arch (Gautrain RB2)","network":"Gautrain Bus"},"geometry":{"type":"LineString","coordinates":[[28.066076,-26.132169],[28.066053,-26.13212]]}},{"type":"Feature","properties":{"id":"relation/3284350","name":"Rosebank - Melrose Arch (Gautrain RB2)","network":"Gautrain Bus"},"geometry":{"type":"LineString","coordinates":[[28.067106,-26.138761],[28.067128,-26.138878]]}},{"type":"Feature","properties":{"id":"relation/3284350","name":"Rosebank - Melrose Arch (Gautrain RB2)","network":"Gautrain Bus"},"geometry":{"type":"LineString","coordinates":[[28.069502,-26.130971],[28.069574,-26.131148],[28.069604,-26.131231],[28.069629,-26.131296],[28.069655,-26.131373],[28.069665,-26.13145],[28.069666,-26.131536],[28.069642,-26.131622]]}},{"type":"Feature","properties":{"id":"relation/3284350","name":"Rosebank - Melrose Arch (Gautrain RB2)","network":"Gautrain Bus"},"geometry":{"type":"LineString","coordinates":[[28.069642,-26.131622],[28.069599,-26.131724],[28.069536,-26.131873],[28.06941,-26.132173]]}},{"type":"Feature","properties":{"id":"relation/3284350","name":"Rosebank - Melrose Arch (Gautrain RB2)","network":"Gautrain Bus"},"geometry":{"type":"LineString","coordinates":[[28.06941,-26.132173],[28.069396,-26.13221],[28.069273,-26.132481],[28.069119,-26.1328],[28.069089,-26.132862]]}},{"type":"Feature","properties":{"id":"relation/3284350","name":"Rosebank - Melrose Arch (Gautrain RB2)","network":"Gautrain Bus"},"geometry":{"type":"LineString","coordinates":[[28.069089,-26.132862],[28.069074,-26.132892],[28.06902,-26.133003],[28.068928,-26.133181],[28.068847,-26.133405],[28.068802,-26.133558]]}},{"type":"Feature","properties":{"id":"relation/3284350","name":"Rosebank - Melrose Arch (Gautrain RB2)","network":"Gautrain Bus"},"geometry":{"type":"LineString","coordinates":[[28.068802,-26.133558],[28.068741,-26.133799],[28.068692,-26.133973],[28.068651,-26.134114]]}},{"type":"Feature","properties":{"id":"relation/3284350","name":"Rosebank - Melrose Arch (Gautrain RB2)","network":"Gautrain Bus"},"geometry":{"type":"LineString","coordinates":[[28.068651,-26.134114],[28.068635,-26.134189],[28.068623,-26.134249],[28.068584,-26.134415],[28.068548,-26.134536]]}},{"type":"Feature","properties":{"id":"relation/3284350","name":"Rosebank - Melrose Arch (Gautrain RB2)","network":"Gautrain Bus"},"geometry":{"type":"LineString","coordinates":[[28.068548,-26.134536],[28.068497,-26.134668],[28.068417,-26.134817],[28.068354,-26.134917]]}},{"type":"Feature","properties":{"id":"relation/3284350","name":"Rosebank - Melrose Arch (Gautrain RB2)","network":"Gautrain Bus"},"geometry":{"type":"LineString","coordinates":[[28.068354,-26.134917],[28.068273,-26.134968],[28.068205,-26.135014],[28.068094,-26.135059],[28.0679,-26.135127]]}},{"type":"Feature","properties":{"id":"relation/3284350","name":"Rosebank - Melrose Arch (Gautrain RB2)","network":"Gautrain Bus"},"geometry":{"type":"LineString","coordinates":[[28.0679,-26.135127],[28.067286,-26.135274]]}},{"type":"Feature","properties":{"id":"relation/3284350","name":"Rosebank - Melrose Arch (Gautrain RB2)","network":"Gautrain Bus"},"geometry":{"type":"LineString","coordinates":[[28.067286,-26.135274],[28.067196,-26.135293]]}},{"type":"Feature","properties":{"id":"relation/3284350","name":"Rosebank - Melrose Arch (Gautrain RB2)","network":"Gautrain Bus"},"geometry":{"type":"LineString","coordinates":[[28.067196,-26.135293],[28.067091,-26.13531]]}},{"type":"Feature","properties":{"id":"relation/3284350","name":"Rosebank - Melrose Arch (Gautrain RB2)","network":"Gautrain Bus"},"geometry":{"type":"LineString","coordinates":[[28.066206,-26.132056],[28.066307,-26.132014],[28.066738,-26.131847],[28.066914,-26.131827]]}},{"type":"Feature","properties":{"id":"relation/3284350","name":"Rosebank - Melrose Arch (Gautrain RB2)","network":"Gautrain Bus"},"geometry":{"type":"LineString","coordinates":[[28.066053,-26.13212],[28.066143,-26.132082],[28.066206,-26.132056]]}},{"type":"Feature","properties":{"id":"relation/3284809","name":"Rosebank-Illovo(Gautrain RB3)","network":"Gautrain Bus"},"geometry":{"type":"LineString","coordinates":[[28.044146,-26.146597],[28.044121,-26.146439],[28.04412,-26.146385],[28.044118,-26.146297],[28.044124,-26.146271],[28.04414,-26.146245],[28.044186,-26.146201],[28.044222,-26.146172]]}},{"type":"Feature","properties":{"id":"relation/3284809","name":"Rosebank-Illovo(Gautrain RB3)","network":"Gautrain Bus"},"geometry":{"type":"LineString","coordinates":[[28.044222,-26.146172],[28.044167,-26.145874]]}},{"type":"Feature","properties":{"id":"relation/3284809","name":"Rosebank-Illovo(Gautrain RB3)","network":"Gautrain Bus"},"geometry":{"type":"LineString","coordinates":[[28.044167,-26.145874],[28.044164,-26.145855],[28.044156,-26.145814],[28.044103,-26.145543],[28.044072,-26.145381]]}},{"type":"Feature","properties":{"id":"relation/3284809","name":"Rosebank-Illovo(Gautrain RB3)","network":"Gautrain Bus"},"geometry":{"type":"LineString","coordinates":[[28.044072,-26.145381],[28.04398,-26.144924]]}},{"type":"Feature","properties":{"id":"relation/3284809","name":"Rosebank-Illovo(Gautrain RB3)","network":"Gautrain Bus"},"geometry":{"type":"LineString","coordinates":[[28.04398,-26.144924],[28.043953,-26.144796],[28.043934,-26.144709]]}},{"type":"Feature","properties":{"id":"relation/3284809","name":"Rosebank-Illovo(Gautrain RB3)","network":"Gautrain Bus"},"geometry":{"type":"LineString","coordinates":[[28.043934,-26.144709],[28.043865,-26.144414],[28.043749,-26.143838]]}},{"type":"Feature","properties":{"id":"relation/3284809","name":"Rosebank-Illovo(Gautrain RB3)","network":"Gautrain Bus"},"geometry":{"type":"LineString","coordinates":[[28.043749,-26.143838],[28.043676,-26.143507],[28.043615,-26.143154],[28.043612,-26.143138],[28.043596,-26.143044]]}},{"type":"Feature","properties":{"id":"relation/3284809","name":"Rosebank-Illovo(Gautrain RB3)","network":"Gautrain Bus"},"geometry":{"type":"LineString","coordinates":[[28.043596,-26.143044],[28.043575,-26.142909],[28.043544,-26.142714],[28.043529,-26.142378]]}},{"type":"Feature","properties":{"id":"relation/3284809","name":"Rosebank-Illovo(Gautrain RB3)","network":"Gautrain Bus"},"geometry":{"type":"LineString","coordinates":[[28.043529,-26.142378],[28.043537,-26.142215],[28.04354,-26.142138]]}},{"type":"Feature","properties":{"id":"relation/3284809","name":"Rosebank-Illovo(Gautrain RB3)","network":"Gautrain Bus"},"geometry":{"type":"LineString","coordinates":[[28.04354,-26.142138],[28.043551,-26.142047]]}},{"type":"Feature","properties":{"id":"relation/3284809","name":"Rosebank-Illovo(Gautrain RB3)","network":"Gautrain Bus"},"geometry":{"type":"LineString","coordinates":[[28.043551,-26.142047],[28.043579,-26.141936],[28.04359,-26.141879],[28.043643,-26.141744],[28.043757,-26.141494],[28.043923,-26.141223],[28.044113,-26.14091],[28.044119,-26.1409],[28.044174,-26.140817],[28.044332,-26.140589],[28.044418,-26.140465],[28.044872,-26.139803],[28.044874,-26.1398],[28.044927,-26.139722],[28.045179,-26.139345],[28.045404,-26.139008],[28.04557,-26.138756],[28.045585,-26.138735],[28.04561,-26.138699],[28.04566,-26.138624],[28.045856,-26.138333],[28.045938,-26.138215],[28.046206,-26.137811],[28.046339,-26.137633],[28.046427,-26.137495],[28.046554,-26.137301],[28.046653,-26.137151],[28.046806,-26.136911]]}},{"type":"Feature","properties":{"id":"relation/3284809","name":"Rosebank-Illovo(Gautrain RB3)","network":"Gautrain Bus"},"geometry":{"type":"LineString","coordinates":[[28.046806,-26.136911],[28.046874,-26.136797]]}},{"type":"Feature","properties":{"id":"relation/3284809","name":"Rosebank-Illovo(Gautrain RB3)","network":"Gautrain Bus"},"geometry":{"type":"LineString","coordinates":[[28.046874,-26.136797],[28.047045,-26.136516]]}},{"type":"Feature","properties":{"id":"relation/3284809","name":"Rosebank-Illovo(Gautrain RB3)","network":"Gautrain Bus"},"geometry":{"type":"LineString","coordinates":[[28.047045,-26.136516],[28.046981,-26.136488],[28.046438,-26.136258],[28.045975,-26.136061]]}},{"type":"Feature","properties":{"id":"relation/3284809","name":"Rosebank-Illovo(Gautrain RB3)","network":"Gautrain Bus"},"geometry":{"type":"LineString","coordinates":[[28.046029,-26.135978],[28.045975,-26.136061]]}},{"type":"Feature","properties":{"id":"relation/3284809","name":"Rosebank-Illovo(Gautrain RB3)","network":"Gautrain Bus"},"geometry":{"type":"LineString","coordinates":[[28.046192,-26.135632],[28.046059,-26.135925],[28.046029,-26.135978]]}},{"type":"Feature","properties":{"id":"relation/3284809","name":"Rosebank-Illovo(Gautrain RB3)","network":"Gautrain Bus"},"geometry":{"type":"LineString","coordinates":[[28.046192,-26.135632],[28.04619,-26.135609],[28.046221,-26.135532]]}},{"type":"Feature","properties":{"id":"relation/3284809","name":"Rosebank-Illovo(Gautrain RB3)","network":"Gautrain Bus"},"geometry":{"type":"LineString","coordinates":[[28.046221,-26.135532],[28.046211,-26.135516],[28.046206,-26.135498],[28.046206,-26.13548],[28.046211,-26.135463],[28.046221,-26.135449],[28.046232,-26.135438],[28.046246,-26.13543],[28.046262,-26.135425]]}},{"type":"Feature","properties":{"id":"relation/3284809","name":"Rosebank-Illovo(Gautrain RB3)","network":"Gautrain Bus"},"geometry":{"type":"LineString","coordinates":[[28.046262,-26.135425],[28.046296,-26.135301],[28.046317,-26.135279]]}},{"type":"Feature","properties":{"id":"relation/3284809","name":"Rosebank-Illovo(Gautrain RB3)","network":"Gautrain Bus"},"geometry":{"type":"LineString","coordinates":[[28.046527,-26.134319],[28.046523,-26.134338],[28.046407,-26.134877],[28.046317,-26.135279]]}},{"type":"Feature","properties":{"id":"relation/3284809","name":"Rosebank-Illovo(Gautrain RB3)","network":"Gautrain Bus"},"geometry":{"type":"LineString","coordinates":[[28.046527,-26.134319],[28.046511,-26.13423],[28.0465,-26.134169],[28.046495,-26.134126],[28.046496,-26.134089],[28.046505,-26.134035],[28.046592,-26.133644],[28.04668,-26.13326],[28.046702,-26.13316],[28.046709,-26.133142],[28.046722,-26.133118],[28.046747,-26.133086],[28.046773,-26.133052],[28.046787,-26.13303],[28.046831,-26.13297]]}},{"type":"Feature","properties":{"id":"relation/3284809","name":"Rosebank-Illovo(Gautrain RB3)","network":"Gautrain Bus"},"geometry":{"type":"LineString","coordinates":[[28.04718,-26.131472],[28.047076,-26.131904],[28.047055,-26.132001],[28.046948,-26.132456],[28.046925,-26.132555],[28.046854,-26.132864],[28.046838,-26.132939],[28.046831,-26.13297]]}},{"type":"Feature","properties":{"id":"relation/3284809","name":"Rosebank-Illovo(Gautrain RB3)","network":"Gautrain Bus"},"geometry":{"type":"LineString","coordinates":[[28.04718,-26.131472],[28.047174,-26.131459],[28.047165,-26.131366]]}},{"type":"Feature","properties":{"id":"relation/3284809","name":"Rosebank-Illovo(Gautrain RB3)","network":"Gautrain Bus"},"geometry":{"type":"LineString","coordinates":[[28.047165,-26.131366],[28.047128,-26.131343],[28.047104,-26.131313],[28.047094,-26.131278],[28.047095,-26.131251],[28.047105,-26.131224],[28.047127,-26.131196],[28.047158,-26.131177],[28.047179,-26.131169],[28.047217,-26.131165]]}},{"type":"Feature","properties":{"id":"relation/3284809","name":"Rosebank-Illovo(Gautrain RB3)","network":"Gautrain Bus"},"geometry":{"type":"LineString","coordinates":[[28.047217,-26.131165],[28.047233,-26.13105],[28.047262,-26.131019]]}},{"type":"Feature","properties":{"id":"relation/3284809","name":"Rosebank-Illovo(Gautrain RB3)","network":"Gautrain Bus"},"geometry":{"type":"LineString","coordinates":[[28.047498,-26.130004],[28.047411,-26.130382],[28.047365,-26.130577],[28.047262,-26.131019]]}},{"type":"Feature","properties":{"id":"relation/3284809","name":"Rosebank-Illovo(Gautrain RB3)","network":"Gautrain Bus"},"geometry":{"type":"LineString","coordinates":[[28.047498,-26.130004],[28.047473,-26.12984],[28.047469,-26.129802],[28.047468,-26.129767],[28.047537,-26.129449],[28.047632,-26.128998],[28.047673,-26.128803],[28.047694,-26.128769],[28.047712,-26.128747],[28.047736,-26.12872],[28.047761,-26.128685],[28.047785,-26.128638],[28.047806,-26.128591],[28.047829,-26.128538]]}},{"type":"Feature","properties":{"id":"relation/3284809","name":"Rosebank-Illovo(Gautrain RB3)","network":"Gautrain Bus"},"geometry":{"type":"LineString","coordinates":[[28.048003,-26.127773],[28.047901,-26.12822],[28.047886,-26.128286],[28.04787,-26.128358],[28.047829,-26.128538]]}},{"type":"Feature","properties":{"id":"relation/3284809","name":"Rosebank-Illovo(Gautrain RB3)","network":"Gautrain Bus"},"geometry":{"type":"LineString","coordinates":[[28.048003,-26.127773],[28.047249,-26.127635],[28.046289,-26.12746]]}},{"type":"Feature","properties":{"id":"relation/3284809","name":"Rosebank-Illovo(Gautrain RB3)","network":"Gautrain Bus"},"geometry":{"type":"LineString","coordinates":[[28.046677,-26.120328],[28.046684,-26.120409],[28.046664,-26.120513],[28.046653,-26.120659],[28.046638,-26.1209],[28.046593,-26.121755],[28.04659,-26.121815],[28.046551,-26.122552],[28.046521,-26.123113],[28.046488,-26.123631],[28.046481,-26.123876],[28.046461,-26.12426],[28.046389,-26.125632],[28.046386,-26.125704],[28.046375,-26.125915],[28.046322,-26.126921],[28.046289,-26.12746]]}},{"type":"Feature","properties":{"id":"relation/3284809","name":"Rosebank-Illovo(Gautrain RB3)","network":"Gautrain Bus"},"geometry":{"type":"LineString","coordinates":[[28.046677,-26.120328],[28.046872,-26.120276]]}},{"type":"Feature","properties":{"id":"relation/3284809","name":"Rosebank-Illovo(Gautrain RB3)","network":"Gautrain Bus"},"geometry":{"type":"LineString","coordinates":[[28.046872,-26.120276],[28.046981,-26.120224]]}},{"type":"Feature","properties":{"id":"relation/3284809","name":"Rosebank-Illovo(Gautrain RB3)","network":"Gautrain Bus"},"geometry":{"type":"LineString","coordinates":[[28.046981,-26.120224],[28.047096,-26.120195]]}},{"type":"Feature","properties":{"id":"relation/3284809","name":"Rosebank-Illovo(Gautrain RB3)","network":"Gautrain Bus"},"geometry":{"type":"LineString","coordinates":[[28.047096,-26.120195],[28.047117,-26.120261],[28.047155,-26.12039],[28.047339,-26.121003],[28.04776,-26.122183],[28.047786,-26.12226],[28.047835,-26.122389],[28.048191,-26.1234]]}},{"type":"Feature","properties":{"id":"relation/3284809","name":"Rosebank-Illovo(Gautrain RB3)","network":"Gautrain Bus"},"geometry":{"type":"LineString","coordinates":[[28.048191,-26.1234],[28.048423,-26.124095],[28.048462,-26.124211]]}},{"type":"Feature","properties":{"id":"relation/3284809","name":"Rosebank-Illovo(Gautrain RB3)","network":"Gautrain Bus"},"geometry":{"type":"LineString","coordinates":[[28.048462,-26.124211],[28.048497,-26.124309],[28.048951,-26.125572],[28.049065,-26.125883],[28.049356,-26.126675]]}},{"type":"Feature","properties":{"id":"relation/3284809","name":"Rosebank-Illovo(Gautrain RB3)","network":"Gautrain Bus"},"geometry":{"type":"LineString","coordinates":[[28.049356,-26.126675],[28.049412,-26.126853],[28.049467,-26.127024],[28.049624,-26.127518]]}},{"type":"Feature","properties":{"id":"relation/3284809","name":"Rosebank-Illovo(Gautrain RB3)","network":"Gautrain Bus"},"geometry":{"type":"LineString","coordinates":[[28.049624,-26.127518],[28.049657,-26.127614]]}},{"type":"Feature","properties":{"id":"relation/3284809","name":"Rosebank-Illovo(Gautrain RB3)","network":"Gautrain Bus"},"geometry":{"type":"LineString","coordinates":[[28.049657,-26.127614],[28.049743,-26.127872],[28.049753,-26.128001],[28.049755,-26.128126],[28.049726,-26.128336],[28.049716,-26.128412],[28.04969,-26.12853],[28.049651,-26.128706],[28.04958,-26.129027]]}},{"type":"Feature","properties":{"id":"relation/3284809","name":"Rosebank-Illovo(Gautrain RB3)","network":"Gautrain Bus"},"geometry":{"type":"LineString","coordinates":[[28.04958,-26.129027],[28.049472,-26.129513]]}},{"type":"Feature","properties":{"id":"relation/3284809","name":"Rosebank-Illovo(Gautrain RB3)","network":"Gautrain Bus"},"geometry":{"type":"LineString","coordinates":[[28.049472,-26.129513],[28.049393,-26.129878],[28.049326,-26.130181],[28.049218,-26.130607],[28.049186,-26.130725],[28.049171,-26.13078],[28.049095,-26.13107]]}},{"type":"Feature","properties":{"id":"relation/3284809","name":"Rosebank-Illovo(Gautrain RB3)","network":"Gautrain Bus"},"geometry":{"type":"LineString","coordinates":[[28.049095,-26.13107],[28.049067,-26.131199],[28.048988,-26.131586]]}},{"type":"Feature","properties":{"id":"relation/3284809","name":"Rosebank-Illovo(Gautrain RB3)","network":"Gautrain Bus"},"geometry":{"type":"LineString","coordinates":[[28.048988,-26.131586],[28.049272,-26.131636],[28.049983,-26.131763],[28.050686,-26.131891],[28.051026,-26.131953],[28.051194,-26.131976]]}},{"type":"Feature","properties":{"id":"relation/3284809","name":"Rosebank-Illovo(Gautrain RB3)","network":"Gautrain Bus"},"geometry":{"type":"LineString","coordinates":[[28.051194,-26.131976],[28.051368,-26.132476]]}},{"type":"Feature","properties":{"id":"relation/3284809","name":"Rosebank-Illovo(Gautrain RB3)","network":"Gautrain Bus"},"geometry":{"type":"LineString","coordinates":[[28.051368,-26.132476],[28.05174,-26.133483],[28.051754,-26.133522],[28.051886,-26.133879]]}},{"type":"Feature","properties":{"id":"relation/3284809","name":"Rosebank-Illovo(Gautrain RB3)","network":"Gautrain Bus"},"geometry":{"type":"LineString","coordinates":[[28.051886,-26.133879],[28.051958,-26.134078],[28.051984,-26.13415]]}},{"type":"Feature","properties":{"id":"relation/3284809","name":"Rosebank-Illovo(Gautrain RB3)","network":"Gautrain Bus"},"geometry":{"type":"LineString","coordinates":[[28.051984,-26.13415],[28.052016,-26.134241]]}},{"type":"Feature","properties":{"id":"relation/3284809","name":"Rosebank-Illovo(Gautrain RB3)","network":"Gautrain Bus"},"geometry":{"type":"LineString","coordinates":[[28.052016,-26.134241],[28.052037,-26.134305],[28.052161,-26.13468]]}},{"type":"Feature","properties":{"id":"relation/3284809","name":"Rosebank-Illovo(Gautrain RB3)","network":"Gautrain Bus"},"geometry":{"type":"LineString","coordinates":[[28.052161,-26.13468],[28.052353,-26.135272],[28.052442,-26.135536],[28.052632,-26.136058],[28.052677,-26.136212]]}},{"type":"Feature","properties":{"id":"relation/3284809","name":"Rosebank-Illovo(Gautrain RB3)","network":"Gautrain Bus"},"geometry":{"type":"LineString","coordinates":[[28.052677,-26.136212],[28.05231,-26.136206],[28.051951,-26.13619],[28.051675,-26.136181],[28.050879,-26.13615],[28.050516,-26.136141],[28.049832,-26.136107],[28.049399,-26.136095],[28.048764,-26.136073],[28.048116,-26.136053]]}},{"type":"Feature","properties":{"id":"relation/3284809","name":"Rosebank-Illovo(Gautrain RB3)","network":"Gautrain Bus"},"geometry":{"type":"LineString","coordinates":[[28.048116,-26.136053],[28.048017,-26.136086],[28.047929,-26.136112],[28.04784,-26.136138],[28.047781,-26.136148],[28.047691,-26.136154],[28.047586,-26.136152],[28.047472,-26.136143]]}},{"type":"Feature","properties":{"id":"relation/3284809","name":"Rosebank-Illovo(Gautrain RB3)","network":"Gautrain Bus"},"geometry":{"type":"LineString","coordinates":[[28.047472,-26.136143],[28.047262,-26.136464],[28.047231,-26.13651]]}},{"type":"Feature","properties":{"id":"relation/3284809","name":"Rosebank-Illovo(Gautrain RB3)","network":"Gautrain Bus"},"geometry":{"type":"LineString","coordinates":[[28.047231,-26.13651],[28.047178,-26.13659]]}},{"type":"Feature","properties":{"id":"relation/3284809","name":"Rosebank-Illovo(Gautrain RB3)","network":"Gautrain Bus"},"geometry":{"type":"LineString","coordinates":[[28.047178,-26.13659],[28.047057,-26.136774],[28.046895,-26.137012]]}},{"type":"Feature","properties":{"id":"relation/3284809","name":"Rosebank-Illovo(Gautrain RB3)","network":"Gautrain Bus"},"geometry":{"type":"LineString","coordinates":[[28.046895,-26.137012],[28.046762,-26.137215],[28.046696,-26.137317],[28.046671,-26.137356],[28.046537,-26.137548],[28.046486,-26.13763],[28.046442,-26.137692],[28.046365,-26.137798],[28.046056,-26.138271],[28.045991,-26.138363],[28.045772,-26.138683],[28.045737,-26.13874],[28.045694,-26.138801],[28.045681,-26.13882],[28.045519,-26.139079],[28.045252,-26.139465],[28.045043,-26.139787],[28.044997,-26.139858],[28.044989,-26.13987],[28.044541,-26.140547],[28.044455,-26.140677],[28.044327,-26.14087],[28.044253,-26.140972],[28.044009,-26.141322],[28.043926,-26.141456],[28.043883,-26.141526],[28.04385,-26.141585],[28.043794,-26.141709],[28.043755,-26.141809],[28.043716,-26.141924],[28.043711,-26.141959],[28.043696,-26.14206]]}},{"type":"Feature","properties":{"id":"relation/3284809","name":"Rosebank-Illovo(Gautrain RB3)","network":"Gautrain Bus"},"geometry":{"type":"LineString","coordinates":[[28.043696,-26.14206],[28.043678,-26.14214],[28.043673,-26.142212],[28.043665,-26.142276],[28.043657,-26.142384],[28.043659,-26.14253],[28.043684,-26.142722],[28.043719,-26.142897],[28.043746,-26.143015],[28.043765,-26.143107],[28.043768,-26.143124],[28.044096,-26.144692],[28.044128,-26.144867]]}},{"type":"Feature","properties":{"id":"relation/3284809","name":"Rosebank-Illovo(Gautrain RB3)","network":"Gautrain Bus"},"geometry":{"type":"LineString","coordinates":[[28.044128,-26.144867],[28.044229,-26.145361]]}},{"type":"Feature","properties":{"id":"relation/3284809","name":"Rosebank-Illovo(Gautrain RB3)","network":"Gautrain Bus"},"geometry":{"type":"LineString","coordinates":[[28.044229,-26.145361],[28.044425,-26.146338]]}},{"type":"Feature","properties":{"id":"relation/3284809","name":"Rosebank-Illovo(Gautrain RB3)","network":"Gautrain Bus"},"geometry":{"type":"LineString","coordinates":[[28.044425,-26.146338],[28.044483,-26.146433],[28.0445,-26.146462],[28.044513,-26.146504],[28.044583,-26.146786],[28.044594,-26.146846]]}},{"type":"Feature","properties":{"id":"relation/3284813","name":"Rosebank - Hyde Park (Gautrain RB4)","network":"Gautrain Bus"},"geometry":{"type":"LineString","coordinates":[[28.044146,-26.146597],[28.044121,-26.146439],[28.04412,-26.146385],[28.044118,-26.146297],[28.044124,-26.146271],[28.04414,-26.146245],[28.044186,-26.146201],[28.044222,-26.146172]]}},{"type":"Feature","properties":{"id":"relation/3284813","name":"Rosebank - Hyde Park (Gautrain RB4)","network":"Gautrain Bus"},"geometry":{"type":"LineString","coordinates":[[28.044222,-26.146172],[28.044167,-26.145874]]}},{"type":"Feature","properties":{"id":"relation/3284813","name":"Rosebank - Hyde Park (Gautrain RB4)","network":"Gautrain Bus"},"geometry":{"type":"LineString","coordinates":[[28.044167,-26.145874],[28.044164,-26.145855],[28.044156,-26.145814],[28.044103,-26.145543],[28.044072,-26.145381]]}},{"type":"Feature","properties":{"id":"relation/3284813","name":"Rosebank - Hyde Park (Gautrain RB4)","network":"Gautrain Bus"},"geometry":{"type":"LineString","coordinates":[[28.044072,-26.145381],[28.04398,-26.144924]]}},{"type":"Feature","properties":{"id":"relation/3284813","name":"Rosebank - Hyde Park (Gautrain RB4)","network":"Gautrain Bus"},"geometry":{"type":"LineString","coordinates":[[28.04398,-26.144924],[28.043953,-26.144796],[28.043934,-26.144709]]}},{"type":"Feature","properties":{"id":"relation/3284813","name":"Rosebank - Hyde Park (Gautrain RB4)","network":"Gautrain Bus"},"geometry":{"type":"LineString","coordinates":[[28.043934,-26.144709],[28.043865,-26.144414],[28.043749,-26.143838]]}},{"type":"Feature","properties":{"id":"relation/3284813","name":"Rosebank - Hyde Park (Gautrain RB4)","network":"Gautrain Bus"},"geometry":{"type":"LineString","coordinates":[[28.043749,-26.143838],[28.043676,-26.143507],[28.043615,-26.143154],[28.043612,-26.143138],[28.043596,-26.143044]]}},{"type":"Feature","properties":{"id":"relation/3284813","name":"Rosebank - Hyde Park (Gautrain RB4)","network":"Gautrain Bus"},"geometry":{"type":"LineString","coordinates":[[28.043746,-26.143015],[28.043596,-26.143044],[28.043455,-26.143066],[28.043263,-26.143097],[28.042547,-26.143231],[28.041843,-26.143356]]}},{"type":"Feature","properties":{"id":"relation/3284813","name":"Rosebank - Hyde Park (Gautrain RB4)","network":"Gautrain Bus"},"geometry":{"type":"LineString","coordinates":[[28.041825,-26.143354],[28.041843,-26.143356]]}},{"type":"Feature","properties":{"id":"relation/3284813","name":"Rosebank - Hyde Park (Gautrain RB4)","network":"Gautrain Bus"},"geometry":{"type":"LineString","coordinates":[[28.041761,-26.143346],[28.041825,-26.143354]]}},{"type":"Feature","properties":{"id":"relation/3284813","name":"Rosebank - Hyde Park (Gautrain RB4)","network":"Gautrain Bus"},"geometry":{"type":"LineString","coordinates":[[28.041626,-26.14337],[28.041761,-26.143346]]}},{"type":"Feature","properties":{"id":"relation/3284813","name":"Rosebank - Hyde Park (Gautrain RB4)","network":"Gautrain Bus"},"geometry":{"type":"LineString","coordinates":[[28.040054,-26.143642],[28.040142,-26.143627],[28.040662,-26.143542],[28.040837,-26.14351],[28.040887,-26.143501],[28.040964,-26.143487],[28.04097,-26.143485],[28.041626,-26.14337]]}},{"type":"Feature","properties":{"id":"relation/3284813","name":"Rosebank - Hyde Park (Gautrain RB4)","network":"Gautrain Bus"},"geometry":{"type":"LineString","coordinates":[[28.040054,-26.143642],[28.040072,-26.143714]]}},{"type":"Feature","properties":{"id":"relation/3284813","name":"Rosebank - Hyde Park (Gautrain RB4)","network":"Gautrain Bus"},"geometry":{"type":"LineString","coordinates":[[28.040678,-26.143608],[28.04016,-26.143698],[28.040072,-26.143714]]}},{"type":"Feature","properties":{"id":"relation/3284813","name":"Rosebank - Hyde Park (Gautrain RB4)","network":"Gautrain Bus"},"geometry":{"type":"LineString","coordinates":[[28.041637,-26.143438],[28.040981,-26.143557],[28.040908,-26.14357],[28.040678,-26.143608]]}},{"type":"Feature","properties":{"id":"relation/3284813","name":"Rosebank - Hyde Park (Gautrain RB4)","network":"Gautrain Bus"},"geometry":{"type":"LineString","coordinates":[[28.041771,-26.143409],[28.041683,-26.14343],[28.041637,-26.143438]]}},{"type":"Feature","properties":{"id":"relation/3284813","name":"Rosebank - Hyde Park (Gautrain RB4)","network":"Gautrain Bus"},"geometry":{"type":"LineString","coordinates":[[28.041828,-26.143367],[28.041771,-26.143409]]}},{"type":"Feature","properties":{"id":"relation/3284813","name":"Rosebank - Hyde Park (Gautrain RB4)","network":"Gautrain Bus"},"geometry":{"type":"LineString","coordinates":[[28.041843,-26.143356],[28.041828,-26.143367]]}},{"type":"Feature","properties":{"id":"relation/3284813","name":"Rosebank - Hyde Park (Gautrain RB4)","network":"Gautrain Bus"},"geometry":{"type":"LineString","coordinates":[[28.040072,-26.143714],[28.040081,-26.14376],[28.040139,-26.144054],[28.040263,-26.144663],[28.040276,-26.144727],[28.040376,-26.145221],[28.040394,-26.145309],[28.040413,-26.145409],[28.040499,-26.145853],[28.04053,-26.145977],[28.04053,-26.145979],[28.040557,-26.146109],[28.040772,-26.147169],[28.040806,-26.147332],[28.040885,-26.147719],[28.04091,-26.147845],[28.040929,-26.147938]]}},{"type":"Feature","properties":{"id":"relation/3284813","name":"Rosebank - Hyde Park (Gautrain RB4)","network":"Gautrain Bus"},"geometry":{"type":"LineString","coordinates":[[28.040929,-26.147938],[28.04111,-26.148824],[28.041177,-26.149142]]}},{"type":"Feature","properties":{"id":"relation/3284813","name":"Rosebank - Hyde Park (Gautrain RB4)","network":"Gautrain Bus"},"geometry":{"type":"LineString","coordinates":[[28.041177,-26.149142],[28.041199,-26.149263]]}},{"type":"Feature","properties":{"id":"relation/3284813","name":"Rosebank - Hyde Park (Gautrain RB4)","network":"Gautrain Bus"},"geometry":{"type":"LineString","coordinates":[[28.041199,-26.149263],[28.03974,-26.149223]]}},{"type":"Feature","properties":{"id":"relation/3284813","name":"Rosebank - Hyde Park (Gautrain RB4)","network":"Gautrain Bus"},"geometry":{"type":"LineString","coordinates":[[28.03974,-26.149223],[28.039327,-26.149208]]}},{"type":"Feature","properties":{"id":"relation/3284813","name":"Rosebank - Hyde Park (Gautrain RB4)","network":"Gautrain Bus"},"geometry":{"type":"LineString","coordinates":[[28.039327,-26.149208],[28.038452,-26.14918],[28.037506,-26.149151],[28.035839,-26.149083],[28.035318,-26.149041]]}},{"type":"Feature","properties":{"id":"relation/3284813","name":"Rosebank - Hyde Park (Gautrain RB4)","network":"Gautrain Bus"},"geometry":{"type":"LineString","coordinates":[[28.035318,-26.149041],[28.034703,-26.149032],[28.034541,-26.149036]]}},{"type":"Feature","properties":{"id":"relation/3284813","name":"Rosebank - Hyde Park (Gautrain RB4)","network":"Gautrain Bus"},"geometry":{"type":"LineString","coordinates":[[28.034541,-26.149036],[28.034587,-26.148953],[28.034678,-26.148715],[28.034712,-26.148625],[28.034932,-26.148054],[28.035086,-26.147657]]}},{"type":"Feature","properties":{"id":"relation/3284813","name":"Rosebank - Hyde Park (Gautrain RB4)","network":"Gautrain Bus"},"geometry":{"type":"LineString","coordinates":[[28.035086,-26.147657],[28.035125,-26.14757],[28.035197,-26.147363]]}},{"type":"Feature","properties":{"id":"relation/3284813","name":"Rosebank - Hyde Park (Gautrain RB4)","network":"Gautrain Bus"},"geometry":{"type":"LineString","coordinates":[[28.035197,-26.147363],[28.035677,-26.146068]]}},{"type":"Feature","properties":{"id":"relation/3284813","name":"Rosebank - Hyde Park (Gautrain RB4)","network":"Gautrain Bus"},"geometry":{"type":"LineString","coordinates":[[28.035677,-26.146068],[28.035763,-26.145805],[28.035833,-26.145608],[28.035883,-26.145467]]}},{"type":"Feature","properties":{"id":"relation/3284813","name":"Rosebank - Hyde Park (Gautrain RB4)","network":"Gautrain Bus"},"geometry":{"type":"LineString","coordinates":[[28.035883,-26.145467],[28.035952,-26.145203],[28.035976,-26.144938]]}},{"type":"Feature","properties":{"id":"relation/3284813","name":"Rosebank - Hyde Park (Gautrain RB4)","network":"Gautrain Bus"},"geometry":{"type":"LineString","coordinates":[[28.035976,-26.144938],[28.035974,-26.144715],[28.035899,-26.144192],[28.035868,-26.143993],[28.035786,-26.14347],[28.035779,-26.14343]]}},{"type":"Feature","properties":{"id":"relation/3284813","name":"Rosebank - Hyde Park (Gautrain RB4)","network":"Gautrain Bus"},"geometry":{"type":"LineString","coordinates":[[28.035779,-26.14343],[28.035762,-26.143301]]}},{"type":"Feature","properties":{"id":"relation/3284813","name":"Rosebank - Hyde Park (Gautrain RB4)","network":"Gautrain Bus"},"geometry":{"type":"LineString","coordinates":[[28.035762,-26.143301],[28.035665,-26.142437]]}},{"type":"Feature","properties":{"id":"relation/3284813","name":"Rosebank - Hyde Park (Gautrain RB4)","network":"Gautrain Bus"},"geometry":{"type":"LineString","coordinates":[[28.035665,-26.142437],[28.035575,-26.141844],[28.035593,-26.141524]]}},{"type":"Feature","properties":{"id":"relation/3284813","name":"Rosebank - Hyde Park (Gautrain RB4)","network":"Gautrain Bus"},"geometry":{"type":"LineString","coordinates":[[28.035448,-26.13366],[28.035357,-26.134024],[28.035252,-26.134437],[28.035137,-26.13486],[28.034935,-26.135652],[28.034912,-26.135725],[28.034613,-26.136964],[28.034499,-26.137412],[28.03446,-26.137611],[28.034454,-26.13781],[28.034465,-26.137957],[28.034513,-26.138191],[28.034559,-26.138336],[28.034791,-26.139106],[28.035367,-26.140865],[28.035593,-26.141524]]}},{"type":"Feature","properties":{"id":"relation/3284813","name":"Rosebank - Hyde Park (Gautrain RB4)","network":"Gautrain Bus"},"geometry":{"type":"LineString","coordinates":[[28.035593,-26.141524],[28.035657,-26.141824],[28.035788,-26.14243]]}},{"type":"Feature","properties":{"id":"relation/3284813","name":"Rosebank - Hyde Park (Gautrain RB4)","network":"Gautrain Bus"},"geometry":{"type":"LineString","coordinates":[[28.035788,-26.14243],[28.035886,-26.143292]]}},{"type":"Feature","properties":{"id":"relation/3284813","name":"Rosebank - Hyde Park (Gautrain RB4)","network":"Gautrain Bus"},"geometry":{"type":"LineString","coordinates":[[28.035886,-26.143292],[28.035907,-26.143422]]}},{"type":"Feature","properties":{"id":"relation/3284813","name":"Rosebank - Hyde Park (Gautrain RB4)","network":"Gautrain Bus"},"geometry":{"type":"LineString","coordinates":[[28.035907,-26.143422],[28.035935,-26.143629],[28.035945,-26.143704],[28.036005,-26.144137],[28.036039,-26.144382],[28.036083,-26.144721],[28.036097,-26.144995]]}},{"type":"Feature","properties":{"id":"relation/3284813","name":"Rosebank - Hyde Park (Gautrain RB4)","network":"Gautrain Bus"},"geometry":{"type":"LineString","coordinates":[[28.036097,-26.144995],[28.036097,-26.145195],[28.036003,-26.145519]]}},{"type":"Feature","properties":{"id":"relation/3284813","name":"Rosebank - Hyde Park (Gautrain RB4)","network":"Gautrain Bus"},"geometry":{"type":"LineString","coordinates":[[28.036003,-26.145519],[28.035473,-26.146993]]}},{"type":"Feature","properties":{"id":"relation/3284813","name":"Rosebank - Hyde Park (Gautrain RB4)","network":"Gautrain Bus"},"geometry":{"type":"LineString","coordinates":[[28.035448,-26.13366],[28.035438,-26.133545],[28.035474,-26.133345],[28.035487,-26.133232],[28.035497,-26.133115]]}},{"type":"Feature","properties":{"id":"relation/3284813","name":"Rosebank - Hyde Park (Gautrain RB4)","network":"Gautrain Bus"},"geometry":{"type":"LineString","coordinates":[[28.035497,-26.133115],[28.03553,-26.132235]]}},{"type":"Feature","properties":{"id":"relation/3284813","name":"Rosebank - Hyde Park (Gautrain RB4)","network":"Gautrain Bus"},"geometry":{"type":"LineString","coordinates":[[28.03553,-26.132235],[28.035546,-26.131969],[28.035536,-26.131745]]}},{"type":"Feature","properties":{"id":"relation/3284813","name":"Rosebank - Hyde Park (Gautrain RB4)","network":"Gautrain Bus"},"geometry":{"type":"LineString","coordinates":[[28.035536,-26.131745],[28.035507,-26.131551],[28.035479,-26.131415],[28.035427,-26.131255],[28.035353,-26.131079],[28.03526,-26.130894],[28.035168,-26.130747],[28.035049,-26.13057],[28.034932,-26.130411]]}},{"type":"Feature","properties":{"id":"relation/3284813","name":"Rosebank - Hyde Park (Gautrain RB4)","network":"Gautrain Bus"},"geometry":{"type":"LineString","coordinates":[[28.034932,-26.130411],[28.03476,-26.130201]]}},{"type":"Feature","properties":{"id":"relation/3284813","name":"Rosebank - Hyde Park (Gautrain RB4)","network":"Gautrain Bus"},"geometry":{"type":"LineString","coordinates":[[28.03476,-26.130201],[28.034656,-26.130087],[28.034601,-26.130028],[28.03437,-26.129778],[28.034096,-26.129483],[28.033992,-26.129353],[28.033891,-26.129209],[28.033785,-26.129032],[28.033711,-26.128858],[28.033696,-26.128812],[28.033647,-26.128663],[28.033603,-26.128491]]}},{"type":"Feature","properties":{"id":"relation/3284813","name":"Rosebank - Hyde Park (Gautrain RB4)","network":"Gautrain Bus"},"geometry":{"type":"LineString","coordinates":[[28.033603,-26.128491],[28.033538,-26.128205],[28.033506,-26.128067],[28.033459,-26.127897],[28.033417,-26.127761]]}},{"type":"Feature","properties":{"id":"relation/3284813","name":"Rosebank - Hyde Park (Gautrain RB4)","network":"Gautrain Bus"},"geometry":{"type":"LineString","coordinates":[[28.033417,-26.127761],[28.033374,-26.127647],[28.033315,-26.127514],[28.03322,-26.127319]]}},{"type":"Feature","properties":{"id":"relation/3284813","name":"Rosebank - Hyde Park (Gautrain RB4)","network":"Gautrain Bus"},"geometry":{"type":"LineString","coordinates":[[28.03322,-26.127319],[28.033159,-26.127216]]}},{"type":"Feature","properties":{"id":"relation/3284813","name":"Rosebank - Hyde Park (Gautrain RB4)","network":"Gautrain Bus"},"geometry":{"type":"LineString","coordinates":[[28.033159,-26.127216],[28.033195,-26.1272]]}},{"type":"Feature","properties":{"id":"relation/3284813","name":"Rosebank - Hyde Park (Gautrain RB4)","network":"Gautrain Bus"},"geometry":{"type":"LineString","coordinates":[[28.033195,-26.1272],[28.033287,-26.127152]]}},{"type":"Feature","properties":{"id":"relation/3284813","name":"Rosebank - Hyde Park (Gautrain RB4)","network":"Gautrain Bus"},"geometry":{"type":"LineString","coordinates":[[28.033287,-26.127152],[28.033333,-26.127074]]}},{"type":"Feature","properties":{"id":"relation/3284813","name":"Rosebank - Hyde Park (Gautrain RB4)","network":"Gautrain Bus"},"geometry":{"type":"LineString","coordinates":[[28.033333,-26.127074],[28.033435,-26.126899],[28.033478,-26.126811],[28.033731,-26.126289],[28.033746,-26.126258],[28.034104,-26.125509],[28.034283,-26.125167],[28.034339,-26.125062],[28.034403,-26.124925],[28.034433,-26.124853],[28.034453,-26.124769],[28.034476,-26.124632]]}},{"type":"Feature","properties":{"id":"relation/3284813","name":"Rosebank - Hyde Park (Gautrain RB4)","network":"Gautrain Bus"},"geometry":{"type":"LineString","coordinates":[[28.034658,-26.124492],[28.034665,-26.124528],[28.034658,-26.124563],[28.034641,-26.124595],[28.034613,-26.124621],[28.034581,-26.124637],[28.034546,-26.124644],[28.03451,-26.124642],[28.034476,-26.124632],[28.034449,-26.124616],[28.034431,-26.124598],[28.034416,-26.124578],[28.034407,-26.124555]]}},{"type":"Feature","properties":{"id":"relation/3284813","name":"Rosebank - Hyde Park (Gautrain RB4)","network":"Gautrain Bus"},"geometry":{"type":"LineString","coordinates":[[28.034407,-26.124555],[28.034404,-26.12453],[28.034405,-26.124512],[28.034409,-26.124494],[28.034417,-26.124477],[28.034427,-26.124461],[28.034462,-26.12443],[28.034507,-26.124413],[28.034542,-26.124411],[28.034575,-26.124416]]}},{"type":"Feature","properties":{"id":"relation/3284813","name":"Rosebank - Hyde Park (Gautrain RB4)","network":"Gautrain Bus"},"geometry":{"type":"LineString","coordinates":[[28.034575,-26.124416],[28.034612,-26.124433],[28.03464,-26.124459],[28.034658,-26.124492]]}},{"type":"Feature","properties":{"id":"relation/3284813","name":"Rosebank - Hyde Park (Gautrain RB4)","network":"Gautrain Bus"},"geometry":{"type":"LineString","coordinates":[[28.034575,-26.124416],[28.034683,-26.124312],[28.034789,-26.124203]]}},{"type":"Feature","properties":{"id":"relation/3284813","name":"Rosebank - Hyde Park (Gautrain RB4)","network":"Gautrain Bus"},"geometry":{"type":"LineString","coordinates":[[28.034789,-26.124203],[28.034995,-26.123773],[28.035011,-26.123739],[28.035019,-26.123723],[28.035189,-26.123383]]}},{"type":"Feature","properties":{"id":"relation/3284813","name":"Rosebank - Hyde Park (Gautrain RB4)","network":"Gautrain Bus"},"geometry":{"type":"LineString","coordinates":[[28.035189,-26.123383],[28.035253,-26.123235]]}},{"type":"Feature","properties":{"id":"relation/3284813","name":"Rosebank - Hyde Park (Gautrain RB4)","network":"Gautrain Bus"},"geometry":{"type":"LineString","coordinates":[[28.035253,-26.123235],[28.035426,-26.122857],[28.035697,-26.122276],[28.035737,-26.122146],[28.035795,-26.12197],[28.035806,-26.121831],[28.035801,-26.121628],[28.035746,-26.121413],[28.035728,-26.121237],[28.035727,-26.121092],[28.035739,-26.120931]]}},{"type":"Feature","properties":{"id":"relation/3284813","name":"Rosebank - Hyde Park (Gautrain RB4)","network":"Gautrain Bus"},"geometry":{"type":"LineString","coordinates":[[28.035739,-26.120931],[28.035763,-26.120805],[28.035809,-26.120676],[28.035874,-26.12053],[28.035975,-26.120367],[28.036151,-26.120075],[28.036474,-26.119574]]}},{"type":"Feature","properties":{"id":"relation/3284813","name":"Rosebank - Hyde Park (Gautrain RB4)","network":"Gautrain Bus"},"geometry":{"type":"LineString","coordinates":[[28.036474,-26.119574],[28.036582,-26.119398],[28.036657,-26.119263]]}},{"type":"Feature","properties":{"id":"relation/3284813","name":"Rosebank - Hyde Park (Gautrain RB4)","network":"Gautrain Bus"},"geometry":{"type":"LineString","coordinates":[[28.033975,-26.117795],[28.034198,-26.118008],[28.03423,-26.118039],[28.034378,-26.11818],[28.034746,-26.118483],[28.034902,-26.11859],[28.034956,-26.118621],[28.035007,-26.118645],[28.035511,-26.118836],[28.036657,-26.119263]]}},{"type":"Feature","properties":{"id":"relation/3284813","name":"Rosebank - Hyde Park (Gautrain RB4)","network":"Gautrain Bus"},"geometry":{"type":"LineString","coordinates":[[28.033975,-26.117795],[28.033942,-26.117782],[28.033929,-26.117776],[28.033916,-26.117769],[28.033904,-26.117762],[28.033894,-26.117754],[28.033684,-26.117566],[28.033589,-26.117481],[28.033171,-26.117122],[28.033115,-26.117067],[28.033063,-26.117022],[28.032996,-26.11697],[28.032949,-26.116935],[28.032889,-26.116905],[28.03283,-26.116885],[28.032755,-26.116871],[28.032518,-26.116826],[28.032404,-26.116806],[28.032211,-26.116765]]}},{"type":"Feature","properties":{"id":"relation/3284813","name":"Rosebank - Hyde Park (Gautrain RB4)","network":"Gautrain Bus"},"geometry":{"type":"LineString","coordinates":[[28.032211,-26.116765],[28.032127,-26.116747]]}},{"type":"Feature","properties":{"id":"relation/3284813","name":"Rosebank - Hyde Park (Gautrain RB4)","network":"Gautrain Bus"},"geometry":{"type":"LineString","coordinates":[[28.032127,-26.116747],[28.03214,-26.116862]]}},{"type":"Feature","properties":{"id":"relation/3284813","name":"Rosebank - Hyde Park (Gautrain RB4)","network":"Gautrain Bus"},"geometry":{"type":"LineString","coordinates":[[28.03214,-26.116862],[28.032163,-26.117068],[28.032219,-26.118005],[28.032238,-26.118815],[28.032252,-26.119683],[28.032243,-26.120551],[28.032272,-26.123106]]}},{"type":"Feature","properties":{"id":"relation/3284813","name":"Rosebank - Hyde Park (Gautrain RB4)","network":"Gautrain Bus"},"geometry":{"type":"LineString","coordinates":[[28.032272,-26.123106],[28.032283,-26.124455],[28.03228,-26.124539],[28.032315,-26.125042],[28.032412,-26.125485],[28.032524,-26.125892]]}},{"type":"Feature","properties":{"id":"relation/3284813","name":"Rosebank - Hyde Park (Gautrain RB4)","network":"Gautrain Bus"},"geometry":{"type":"LineString","coordinates":[[28.032524,-26.125892],[28.032841,-26.126461],[28.032924,-26.126592]]}},{"type":"Feature","properties":{"id":"relation/3284813","name":"Rosebank - Hyde Park (Gautrain RB4)","network":"Gautrain Bus"},"geometry":{"type":"LineString","coordinates":[[28.032924,-26.126592],[28.032994,-26.12671]]}},{"type":"Feature","properties":{"id":"relation/3284813","name":"Rosebank - Hyde Park (Gautrain RB4)","network":"Gautrain Bus"},"geometry":{"type":"LineString","coordinates":[[28.032994,-26.12671],[28.033133,-26.126916]]}},{"type":"Feature","properties":{"id":"relation/3284813","name":"Rosebank - Hyde Park (Gautrain RB4)","network":"Gautrain Bus"},"geometry":{"type":"LineString","coordinates":[[28.033133,-26.126916],[28.033233,-26.127065]]}},{"type":"Feature","properties":{"id":"relation/3284813","name":"Rosebank - Hyde Park (Gautrain RB4)","network":"Gautrain Bus"},"geometry":{"type":"LineString","coordinates":[[28.033233,-26.127065],[28.033287,-26.127152]]}},{"type":"Feature","properties":{"id":"relation/3284813","name":"Rosebank - Hyde Park (Gautrain RB4)","network":"Gautrain Bus"},"geometry":{"type":"LineString","coordinates":[[28.033287,-26.127152],[28.033351,-26.12726]]}},{"type":"Feature","properties":{"id":"relation/3284813","name":"Rosebank - Hyde Park (Gautrain RB4)","network":"Gautrain Bus"},"geometry":{"type":"LineString","coordinates":[[28.033351,-26.12726],[28.033428,-26.127427],[28.033488,-26.127564],[28.033554,-26.127755],[28.033616,-26.127961],[28.03367,-26.12819],[28.033742,-26.12851],[28.033829,-26.128787],[28.033947,-26.129049],[28.034001,-26.129147],[28.034095,-26.129296],[28.034195,-26.129425],[28.034312,-26.129566]]}},{"type":"Feature","properties":{"id":"relation/3284813","name":"Rosebank - Hyde Park (Gautrain RB4)","network":"Gautrain Bus"},"geometry":{"type":"LineString","coordinates":[[28.034312,-26.129566],[28.034751,-26.130065],[28.034846,-26.130158]]}},{"type":"Feature","properties":{"id":"relation/3284813","name":"Rosebank - Hyde Park (Gautrain RB4)","network":"Gautrain Bus"},"geometry":{"type":"LineString","coordinates":[[28.034846,-26.130158],[28.034951,-26.130258],[28.035081,-26.1304],[28.035205,-26.130563],[28.035338,-26.130777],[28.035434,-26.130982],[28.035515,-26.131172],[28.035553,-26.131299]]}},{"type":"Feature","properties":{"id":"relation/3284813","name":"Rosebank - Hyde Park (Gautrain RB4)","network":"Gautrain Bus"},"geometry":{"type":"LineString","coordinates":[[28.035553,-26.131299],[28.035568,-26.13135],[28.035619,-26.131549],[28.03564,-26.131668],[28.03565,-26.131775]]}},{"type":"Feature","properties":{"id":"relation/3284813","name":"Rosebank - Hyde Park (Gautrain RB4)","network":"Gautrain Bus"},"geometry":{"type":"LineString","coordinates":[[28.03565,-26.131775],[28.03566,-26.131904],[28.035656,-26.132026],[28.035647,-26.132195],[28.035593,-26.133137]]}},{"type":"Feature","properties":{"id":"relation/3284813","name":"Rosebank - Hyde Park (Gautrain RB4)","network":"Gautrain Bus"},"geometry":{"type":"LineString","coordinates":[[28.035593,-26.133137],[28.035568,-26.133302],[28.035544,-26.133418],[28.035505,-26.133555],[28.035448,-26.13366]]}},{"type":"Feature","properties":{"id":"relation/3284813","name":"Rosebank - Hyde Park (Gautrain RB4)","network":"Gautrain Bus"},"geometry":{"type":"LineString","coordinates":[[28.035473,-26.146993],[28.035515,-26.14722],[28.035554,-26.147382]]}},{"type":"Feature","properties":{"id":"relation/3284813","name":"Rosebank - Hyde Park (Gautrain RB4)","network":"Gautrain Bus"},"geometry":{"type":"LineString","coordinates":[[28.035554,-26.147382],[28.0356,-26.147574],[28.035619,-26.14764],[28.035668,-26.14792],[28.035693,-26.148045],[28.035707,-26.148112],[28.035709,-26.148149],[28.035697,-26.148205]]}},{"type":"Feature","properties":{"id":"relation/3284813","name":"Rosebank - Hyde Park (Gautrain RB4)","network":"Gautrain Bus"},"geometry":{"type":"LineString","coordinates":[[28.035697,-26.148205],[28.035713,-26.148326],[28.035833,-26.148717],[28.035881,-26.148758],[28.035947,-26.148776],[28.037524,-26.148518],[28.037986,-26.148445],[28.038467,-26.148368],[28.038699,-26.148331]]}},{"type":"Feature","properties":{"id":"relation/3284813","name":"Rosebank - Hyde Park (Gautrain RB4)","network":"Gautrain Bus"},"geometry":{"type":"LineString","coordinates":[[28.038699,-26.148331],[28.039194,-26.148226]]}},{"type":"Feature","properties":{"id":"relation/3284813","name":"Rosebank - Hyde Park (Gautrain RB4)","network":"Gautrain Bus"},"geometry":{"type":"LineString","coordinates":[[28.039194,-26.148226],[28.039105,-26.1478],[28.039099,-26.147773]]}},{"type":"Feature","properties":{"id":"relation/3284813","name":"Rosebank - Hyde Park (Gautrain RB4)","network":"Gautrain Bus"},"geometry":{"type":"LineString","coordinates":[[28.039099,-26.147773],[28.039087,-26.147704],[28.039055,-26.147533],[28.038898,-26.146689],[28.038891,-26.146651],[28.038798,-26.146151],[28.038787,-26.146094],[28.038693,-26.145593]]}},{"type":"Feature","properties":{"id":"relation/3284813","name":"Rosebank - Hyde Park (Gautrain RB4)","network":"Gautrain Bus"},"geometry":{"type":"LineString","coordinates":[[28.038693,-26.145593],[28.038647,-26.145348]]}},{"type":"Feature","properties":{"id":"relation/3284813","name":"Rosebank - Hyde Park (Gautrain RB4)","network":"Gautrain Bus"},"geometry":{"type":"LineString","coordinates":[[28.038647,-26.145348],[28.038604,-26.145136],[28.038502,-26.144635],[28.038234,-26.143313]]}},{"type":"Feature","properties":{"id":"relation/3284813","name":"Rosebank - Hyde Park (Gautrain RB4)","network":"Gautrain Bus"},"geometry":{"type":"LineString","coordinates":[[28.038234,-26.143313],[28.038171,-26.143031]]}},{"type":"Feature","properties":{"id":"relation/3284813","name":"Rosebank - Hyde Park (Gautrain RB4)","network":"Gautrain Bus"},"geometry":{"type":"LineString","coordinates":[[28.038143,-26.14294],[28.038171,-26.143031]]}},{"type":"Feature","properties":{"id":"relation/3284813","name":"Rosebank - Hyde Park (Gautrain RB4)","network":"Gautrain Bus"},"geometry":{"type":"LineString","coordinates":[[28.038143,-26.14294],[28.038161,-26.142938],[28.038686,-26.142857],[28.039231,-26.142773],[28.039366,-26.14275]]}},{"type":"Feature","properties":{"id":"relation/3284813","name":"Rosebank - Hyde Park (Gautrain RB4)","network":"Gautrain Bus"},"geometry":{"type":"LineString","coordinates":[[28.039366,-26.14275],[28.039791,-26.142681],[28.039855,-26.142673]]}},{"type":"Feature","properties":{"id":"relation/3284813","name":"Rosebank - Hyde Park (Gautrain RB4)","network":"Gautrain Bus"},"geometry":{"type":"LineString","coordinates":[[28.039855,-26.142673],[28.039934,-26.142658],[28.040294,-26.142596],[28.041561,-26.142378],[28.043444,-26.142065]]}},{"type":"Feature","properties":{"id":"relation/3284813","name":"Rosebank - Hyde Park (Gautrain RB4)","network":"Gautrain Bus"},"geometry":{"type":"LineString","coordinates":[[28.043444,-26.142065],[28.043551,-26.142047]]}},{"type":"Feature","properties":{"id":"relation/3284813","name":"Rosebank - Hyde Park (Gautrain RB4)","network":"Gautrain Bus"},"geometry":{"type":"LineString","coordinates":[[28.043551,-26.142047],[28.043696,-26.14206]]}},{"type":"Feature","properties":{"id":"relation/3284813","name":"Rosebank - Hyde Park (Gautrain RB4)","network":"Gautrain Bus"},"geometry":{"type":"LineString","coordinates":[[28.043696,-26.14206],[28.043678,-26.14214],[28.043673,-26.142212],[28.043665,-26.142276],[28.043657,-26.142384],[28.043659,-26.14253],[28.043684,-26.142722],[28.043719,-26.142897],[28.043746,-26.143015],[28.043765,-26.143107],[28.043768,-26.143124],[28.044096,-26.144692],[28.044128,-26.144867]]}},{"type":"Feature","properties":{"id":"relation/3284813","name":"Rosebank - Hyde Park (Gautrain RB4)","network":"Gautrain Bus"},"geometry":{"type":"LineString","coordinates":[[28.044128,-26.144867],[28.044229,-26.145361]]}},{"type":"Feature","properties":{"id":"relation/3284813","name":"Rosebank - Hyde Park (Gautrain RB4)","network":"Gautrain Bus"},"geometry":{"type":"LineString","coordinates":[[28.044229,-26.145361],[28.044425,-26.146338]]}},{"type":"Feature","properties":{"id":"relation/3284813","name":"Rosebank - Hyde Park (Gautrain RB4)","network":"Gautrain Bus"},"geometry":{"type":"LineString","coordinates":[[28.044425,-26.146338],[28.044483,-26.146433],[28.0445,-26.146462],[28.044513,-26.146504],[28.044583,-26.146786],[28.044594,-26.146846]]}},{"type":"Feature","properties":{"id":"relation/3284815","name":"Rosebank - Killarney (Gautrain RB5)","network":"Gautrain Bus"},"geometry":{"type":"LineString","coordinates":[[28.044594,-26.146846],[28.044611,-26.146936],[28.044616,-26.146999],[28.044616,-26.147044],[28.044613,-26.14707],[28.044586,-26.147183]]}},{"type":"Feature","properties":{"id":"relation/3284815","name":"Rosebank - Killarney (Gautrain RB5)","network":"Gautrain Bus"},"geometry":{"type":"LineString","coordinates":[[28.044586,-26.147183],[28.044594,-26.147239],[28.044606,-26.147337]]}},{"type":"Feature","properties":{"id":"relation/3284815","name":"Rosebank - Killarney (Gautrain RB5)","network":"Gautrain Bus"},"geometry":{"type":"LineString","coordinates":[[28.044606,-26.147337],[28.044634,-26.14749],[28.044712,-26.147916],[28.044757,-26.148499]]}},{"type":"Feature","properties":{"id":"relation/3284815","name":"Rosebank - Killarney (Gautrain RB5)","network":"Gautrain Bus"},"geometry":{"type":"LineString","coordinates":[[28.044757,-26.148499],[28.044764,-26.148574],[28.044809,-26.148855],[28.04481,-26.148863]]}},{"type":"Feature","properties":{"id":"relation/3284815","name":"Rosebank - Killarney (Gautrain RB5)","network":"Gautrain Bus"},"geometry":{"type":"LineString","coordinates":[[28.04481,-26.148863],[28.044865,-26.149256],[28.04489,-26.149373],[28.044943,-26.149661],[28.044984,-26.149868],[28.045048,-26.150172],[28.045153,-26.150653],[28.045176,-26.150779],[28.045288,-26.151302],[28.045344,-26.151549]]}},{"type":"Feature","properties":{"id":"relation/3284815","name":"Rosebank - Killarney (Gautrain RB5)","network":"Gautrain Bus"},"geometry":{"type":"LineString","coordinates":[[28.045344,-26.151549],[28.045362,-26.151658],[28.045521,-26.152442]]}},{"type":"Feature","properties":{"id":"relation/3284815","name":"Rosebank - Killarney (Gautrain RB5)","network":"Gautrain Bus"},"geometry":{"type":"LineString","coordinates":[[28.045521,-26.152442],[28.045541,-26.152537],[28.04563,-26.152973],[28.045686,-26.153236],[28.045725,-26.153405],[28.045756,-26.153523],[28.045852,-26.153909],[28.045966,-26.154451],[28.046032,-26.154755],[28.046132,-26.155219]]}},{"type":"Feature","properties":{"id":"relation/3284815","name":"Rosebank - Killarney (Gautrain RB5)","network":"Gautrain Bus"},"geometry":{"type":"LineString","coordinates":[[28.046132,-26.155219],[28.046217,-26.155583]]}},{"type":"Feature","properties":{"id":"relation/3284815","name":"Rosebank - Killarney (Gautrain RB5)","network":"Gautrain Bus"},"geometry":{"type":"LineString","coordinates":[[28.046217,-26.155583],[28.046335,-26.156208],[28.046493,-26.156968],[28.046646,-26.157701],[28.046779,-26.158333],[28.047099,-26.159872],[28.04716,-26.160175]]}},{"type":"Feature","properties":{"id":"relation/3284815","name":"Rosebank - Killarney (Gautrain RB5)","network":"Gautrain Bus"},"geometry":{"type":"LineString","coordinates":[[28.04716,-26.160175],[28.047359,-26.160178],[28.049416,-26.160206],[28.049947,-26.160213],[28.05025,-26.160217],[28.050881,-26.160228],[28.051449,-26.160236],[28.053085,-26.160261],[28.05356,-26.160267],[28.05397,-26.160276],[28.054663,-26.160283],[28.055359,-26.160295],[28.055429,-26.160296],[28.055484,-26.160293],[28.055521,-26.160282]]}},{"type":"Feature","properties":{"id":"relation/3284815","name":"Rosebank - Killarney (Gautrain RB5)","network":"Gautrain Bus"},"geometry":{"type":"LineString","coordinates":[[28.049699,-26.164964],[28.049777,-26.164501],[28.049845,-26.164096],[28.049893,-26.163657],[28.049909,-26.163507],[28.049924,-26.163389],[28.049936,-26.163291],[28.049981,-26.162938],[28.050027,-26.162557],[28.05008,-26.162144],[28.050128,-26.161748],[28.050138,-26.161664],[28.05017,-26.161404],[28.050185,-26.161286],[28.050225,-26.160978],[28.050243,-26.160802],[28.050252,-26.1606],[28.05025,-26.160217]]}},{"type":"Feature","properties":{"id":"relation/3284815","name":"Rosebank - Killarney (Gautrain RB5)","network":"Gautrain Bus"},"geometry":{"type":"LineString","coordinates":[[28.049699,-26.164964],[28.049615,-26.165585],[28.049604,-26.165671],[28.049526,-26.166335],[28.049462,-26.166956]]}},{"type":"Feature","properties":{"id":"relation/3284815","name":"Rosebank - Killarney (Gautrain RB5)","network":"Gautrain Bus"},"geometry":{"type":"LineString","coordinates":[[28.049462,-26.166956],[28.049488,-26.16704]]}},{"type":"Feature","properties":{"id":"relation/3284815","name":"Rosebank - Killarney (Gautrain RB5)","network":"Gautrain Bus"},"geometry":{"type":"LineString","coordinates":[[28.049488,-26.16704],[28.051565,-26.167265],[28.052164,-26.167322],[28.052735,-26.167378]]}},{"type":"Feature","properties":{"id":"relation/3284815","name":"Rosebank - Killarney (Gautrain RB5)","network":"Gautrain Bus"},"geometry":{"type":"LineString","coordinates":[[28.053046,-26.165289],[28.053038,-26.165338],[28.053024,-26.165473],[28.053022,-26.165492],[28.052995,-26.165695],[28.052951,-26.166017],[28.052929,-26.166237],[28.052898,-26.166493],[28.052875,-26.16669],[28.052794,-26.167317],[28.052772,-26.167357],[28.052735,-26.167378]]}},{"type":"Feature","properties":{"id":"relation/3284815","name":"Rosebank - Killarney (Gautrain RB5)","network":"Gautrain Bus"},"geometry":{"type":"LineString","coordinates":[[28.053046,-26.165289],[28.0535,-26.165324],[28.054034,-26.165377]]}},{"type":"Feature","properties":{"id":"relation/3284815","name":"Rosebank - Killarney (Gautrain RB5)","network":"Gautrain Bus"},"geometry":{"type":"LineString","coordinates":[[28.054034,-26.165377],[28.054554,-26.16543]]}},{"type":"Feature","properties":{"id":"relation/3284815","name":"Rosebank - Killarney (Gautrain RB5)","network":"Gautrain Bus"},"geometry":{"type":"LineString","coordinates":[[28.054554,-26.16543],[28.054827,-26.165454],[28.05502,-26.165471],[28.055229,-26.165485],[28.055389,-26.165499]]}},{"type":"Feature","properties":{"id":"relation/3284815","name":"Rosebank - Killarney (Gautrain RB5)","network":"Gautrain Bus"},"geometry":{"type":"LineString","coordinates":[[28.055389,-26.165499],[28.055448,-26.165508]]}},{"type":"Feature","properties":{"id":"relation/3284815","name":"Rosebank - Killarney (Gautrain RB5)","network":"Gautrain Bus"},"geometry":{"type":"LineString","coordinates":[[28.055448,-26.165508],[28.055739,-26.165541]]}},{"type":"Feature","properties":{"id":"relation/3284815","name":"Rosebank - Killarney (Gautrain RB5)","network":"Gautrain Bus"},"geometry":{"type":"LineString","coordinates":[[28.055739,-26.165541],[28.05595,-26.165571]]}},{"type":"Feature","properties":{"id":"relation/3284815","name":"Rosebank - Killarney (Gautrain RB5)","network":"Gautrain Bus"},"geometry":{"type":"LineString","coordinates":[[28.05595,-26.165571],[28.055998,-26.165581],[28.056045,-26.165591]]}},{"type":"Feature","properties":{"id":"relation/3284815","name":"Rosebank - Killarney (Gautrain RB5)","network":"Gautrain Bus"},"geometry":{"type":"LineString","coordinates":[[28.056045,-26.165591],[28.056363,-26.165673]]}},{"type":"Feature","properties":{"id":"relation/3284815","name":"Rosebank - Killarney (Gautrain RB5)","network":"Gautrain Bus"},"geometry":{"type":"LineString","coordinates":[[28.056363,-26.165673],[28.056587,-26.165749],[28.056759,-26.165809],[28.056843,-26.165838],[28.056912,-26.165854]]}},{"type":"Feature","properties":{"id":"relation/3284815","name":"Rosebank - Killarney (Gautrain RB5)","network":"Gautrain Bus"},"geometry":{"type":"LineString","coordinates":[[28.058091,-26.162645],[28.057981,-26.162952],[28.057811,-26.163404],[28.057751,-26.163575],[28.057744,-26.163593],[28.05773,-26.163633],[28.057715,-26.163675],[28.057548,-26.164114],[28.057285,-26.164875],[28.05716,-26.165201],[28.056943,-26.165783],[28.056912,-26.165854]]}},{"type":"Feature","properties":{"id":"relation/3284815","name":"Rosebank - Killarney (Gautrain RB5)","network":"Gautrain Bus"},"geometry":{"type":"LineString","coordinates":[[28.058091,-26.162645],[28.05809,-26.162585],[28.058135,-26.162455],[28.058212,-26.162249],[28.058314,-26.161951]]}},{"type":"Feature","properties":{"id":"relation/3284815","name":"Rosebank - Killarney (Gautrain RB5)","network":"Gautrain Bus"},"geometry":{"type":"LineString","coordinates":[[28.058314,-26.161951],[28.058348,-26.161865],[28.058373,-26.161785],[28.058385,-26.161654],[28.058389,-26.161596],[28.058395,-26.161552],[28.058413,-26.161513]]}},{"type":"Feature","properties":{"id":"relation/3284815","name":"Rosebank - Killarney (Gautrain RB5)","network":"Gautrain Bus"},"geometry":{"type":"LineString","coordinates":[[28.058413,-26.161513],[28.058412,-26.161329],[28.058412,-26.160978],[28.058421,-26.160402],[28.058446,-26.159666],[28.058446,-26.15936],[28.058467,-26.158351],[28.058481,-26.157049],[28.058489,-26.156451],[28.05849,-26.155774]]}},{"type":"Feature","properties":{"id":"relation/3284815","name":"Rosebank - Killarney (Gautrain RB5)","network":"Gautrain Bus"},"geometry":{"type":"LineString","coordinates":[[28.05849,-26.155774],[28.058493,-26.155711],[28.058505,-26.155127],[28.058518,-26.154836]]}},{"type":"Feature","properties":{"id":"relation/3284815","name":"Rosebank - Killarney (Gautrain RB5)","network":"Gautrain Bus"},"geometry":{"type":"LineString","coordinates":[[28.058518,-26.154836],[28.058541,-26.154433],[28.058545,-26.154303],[28.058549,-26.154158],[28.058568,-26.153454],[28.058569,-26.153397],[28.058576,-26.153137],[28.058579,-26.152956],[28.058579,-26.152904],[28.058591,-26.151827],[28.058605,-26.151185],[28.058611,-26.150936],[28.058623,-26.150526],[28.058631,-26.150185],[28.058635,-26.150018],[28.058642,-26.149508],[28.058641,-26.1492],[28.058639,-26.148792]]}},{"type":"Feature","properties":{"id":"relation/3284815","name":"Rosebank - Killarney (Gautrain RB5)","network":"Gautrain Bus"},"geometry":{"type":"LineString","coordinates":[[28.058639,-26.148792],[28.058602,-26.148707],[28.058568,-26.14803],[28.058566,-26.147936],[28.058567,-26.147853],[28.05857,-26.147574],[28.058576,-26.147365]]}},{"type":"Feature","properties":{"id":"relation/3284815","name":"Rosebank - Killarney (Gautrain RB5)","network":"Gautrain Bus"},"geometry":{"type":"LineString","coordinates":[[28.058576,-26.147365],[28.058595,-26.147008],[28.058618,-26.146733],[28.058622,-26.146682]]}},{"type":"Feature","properties":{"id":"relation/3284815","name":"Rosebank - Killarney (Gautrain RB5)","network":"Gautrain Bus"},"geometry":{"type":"LineString","coordinates":[[28.058622,-26.146682],[28.058568,-26.146676],[28.058376,-26.146655]]}},{"type":"Feature","properties":{"id":"relation/3284815","name":"Rosebank - Killarney (Gautrain RB5)","network":"Gautrain Bus"},"geometry":{"type":"LineString","coordinates":[[28.058376,-26.146655],[28.057891,-26.146584]]}},{"type":"Feature","properties":{"id":"relation/3284815","name":"Rosebank - Killarney (Gautrain RB5)","network":"Gautrain Bus"},"geometry":{"type":"LineString","coordinates":[[28.057891,-26.146584],[28.057703,-26.146568],[28.057657,-26.146563],[28.057308,-26.146525],[28.057282,-26.146521]]}},{"type":"Feature","properties":{"id":"relation/3284815","name":"Rosebank - Killarney (Gautrain RB5)","network":"Gautrain Bus"},"geometry":{"type":"LineString","coordinates":[[28.057282,-26.146521],[28.057025,-26.14648]]}},{"type":"Feature","properties":{"id":"relation/3284815","name":"Rosebank - Killarney (Gautrain RB5)","network":"Gautrain Bus"},"geometry":{"type":"LineString","coordinates":[[28.057025,-26.14648],[28.056882,-26.146464],[28.056743,-26.146457],[28.056632,-26.14646],[28.0565,-26.146475],[28.056391,-26.146481]]}},{"type":"Feature","properties":{"id":"relation/3284815","name":"Rosebank - Killarney (Gautrain RB5)","network":"Gautrain Bus"},"geometry":{"type":"LineString","coordinates":[[28.055662,-26.146638],[28.055766,-26.146615],[28.055909,-26.146584],[28.056391,-26.146481]]}},{"type":"Feature","properties":{"id":"relation/3284815","name":"Rosebank - Killarney (Gautrain RB5)","network":"Gautrain Bus"},"geometry":{"type":"LineString","coordinates":[[28.055138,-26.14678],[28.055332,-26.146728],[28.055556,-26.146666],[28.055662,-26.146638]]}},{"type":"Feature","properties":{"id":"relation/3284815","name":"Rosebank - Killarney (Gautrain RB5)","network":"Gautrain Bus"},"geometry":{"type":"LineString","coordinates":[[28.054287,-26.146999],[28.054842,-26.146861],[28.055138,-26.14678]]}},{"type":"Feature","properties":{"id":"relation/3284815","name":"Rosebank - Killarney (Gautrain RB5)","network":"Gautrain Bus"},"geometry":{"type":"LineString","coordinates":[[28.053729,-26.147138],[28.054287,-26.146999]]}},{"type":"Feature","properties":{"id":"relation/3284815","name":"Rosebank - Killarney (Gautrain RB5)","network":"Gautrain Bus"},"geometry":{"type":"LineString","coordinates":[[28.053245,-26.147259],[28.053729,-26.147138]]}},{"type":"Feature","properties":{"id":"relation/3284815","name":"Rosebank - Killarney (Gautrain RB5)","network":"Gautrain Bus"},"geometry":{"type":"LineString","coordinates":[[28.052476,-26.14746],[28.052772,-26.14738],[28.052846,-26.147361],[28.053245,-26.147259]]}},{"type":"Feature","properties":{"id":"relation/3284815","name":"Rosebank - Killarney (Gautrain RB5)","network":"Gautrain Bus"},"geometry":{"type":"LineString","coordinates":[[28.052476,-26.14746],[28.052438,-26.147487],[28.051939,-26.147618]]}},{"type":"Feature","properties":{"id":"relation/3284815","name":"Rosebank - Killarney (Gautrain RB5)","network":"Gautrain Bus"},"geometry":{"type":"LineString","coordinates":[[28.051939,-26.147618],[28.051695,-26.147676]]}},{"type":"Feature","properties":{"id":"relation/3284815","name":"Rosebank - Killarney (Gautrain RB5)","network":"Gautrain Bus"},"geometry":{"type":"LineString","coordinates":[[28.051695,-26.147676],[28.051376,-26.14775]]}},{"type":"Feature","properties":{"id":"relation/3284815","name":"Rosebank - Killarney (Gautrain RB5)","network":"Gautrain Bus"},"geometry":{"type":"LineString","coordinates":[[28.051376,-26.14775],[28.050871,-26.147874],[28.050807,-26.147867]]}},{"type":"Feature","properties":{"id":"relation/3284815","name":"Rosebank - Killarney (Gautrain RB5)","network":"Gautrain Bus"},"geometry":{"type":"LineString","coordinates":[[28.050012,-26.14807],[28.050807,-26.147867]]}},{"type":"Feature","properties":{"id":"relation/3284815","name":"Rosebank - Killarney (Gautrain RB5)","network":"Gautrain Bus"},"geometry":{"type":"LineString","coordinates":[[28.049646,-26.148149],[28.050012,-26.14807]]}},{"type":"Feature","properties":{"id":"relation/3284815","name":"Rosebank - Killarney (Gautrain RB5)","network":"Gautrain Bus"},"geometry":{"type":"LineString","coordinates":[[28.049206,-26.148269],[28.049646,-26.148149]]}},{"type":"Feature","properties":{"id":"relation/3284815","name":"Rosebank - Killarney (Gautrain RB5)","network":"Gautrain Bus"},"geometry":{"type":"LineString","coordinates":[[28.046786,-26.148858],[28.047593,-26.148661],[28.049206,-26.148269]]}},{"type":"Feature","properties":{"id":"relation/3284815","name":"Rosebank - Killarney (Gautrain RB5)","network":"Gautrain Bus"},"geometry":{"type":"LineString","coordinates":[[28.046303,-26.148981],[28.046786,-26.148858]]}},{"type":"Feature","properties":{"id":"relation/3284815","name":"Rosebank - Killarney (Gautrain RB5)","network":"Gautrain Bus"},"geometry":{"type":"LineString","coordinates":[[28.045703,-26.14912],[28.045892,-26.14907],[28.046303,-26.148981]]}},{"type":"Feature","properties":{"id":"relation/3284815","name":"Rosebank - Killarney (Gautrain RB5)","network":"Gautrain Bus"},"geometry":{"type":"LineString","coordinates":[[28.045703,-26.14912],[28.045631,-26.149164]]}},{"type":"Feature","properties":{"id":"relation/3284815","name":"Rosebank - Killarney (Gautrain RB5)","network":"Gautrain Bus"},"geometry":{"type":"LineString","coordinates":[[28.045631,-26.149164],[28.045537,-26.149199],[28.045384,-26.149257]]}},{"type":"Feature","properties":{"id":"relation/3284815","name":"Rosebank - Killarney (Gautrain RB5)","network":"Gautrain Bus"},"geometry":{"type":"LineString","coordinates":[[28.045384,-26.149257],[28.045128,-26.149331],[28.04489,-26.149373]]}},{"type":"Feature","properties":{"id":"relation/3284815","name":"Rosebank - Killarney (Gautrain RB5)","network":"Gautrain Bus"},"geometry":{"type":"LineString","coordinates":[[28.04489,-26.149373],[28.044769,-26.149378]]}},{"type":"Feature","properties":{"id":"relation/3284815","name":"Rosebank - Killarney (Gautrain RB5)","network":"Gautrain Bus"},"geometry":{"type":"LineString","coordinates":[[28.044769,-26.149378],[28.044734,-26.149257],[28.044662,-26.148896],[28.044634,-26.148717]]}},{"type":"Feature","properties":{"id":"relation/3284815","name":"Rosebank - Killarney (Gautrain RB5)","network":"Gautrain Bus"},"geometry":{"type":"LineString","coordinates":[[28.044634,-26.148717],[28.044608,-26.14852]]}},{"type":"Feature","properties":{"id":"relation/3284815","name":"Rosebank - Killarney (Gautrain RB5)","network":"Gautrain Bus"},"geometry":{"type":"LineString","coordinates":[[28.044608,-26.14852],[28.044591,-26.148286],[28.044572,-26.148084],[28.044545,-26.147905],[28.044511,-26.147724],[28.044472,-26.147535],[28.044468,-26.147519],[28.044429,-26.147378],[28.044404,-26.147271],[28.044393,-26.147221]]}},{"type":"Feature","properties":{"id":"relation/3284815","name":"Rosebank - Killarney (Gautrain RB5)","network":"Gautrain Bus"},"geometry":{"type":"LineString","coordinates":[[28.044393,-26.147221],[28.044329,-26.147171],[28.044281,-26.147138],[28.044254,-26.147118],[28.044244,-26.147107],[28.044238,-26.147094],[28.044206,-26.146985],[28.044197,-26.146942],[28.044191,-26.146909],[28.044168,-26.146768],[28.044146,-26.146597]]}},{"type":"Feature","properties":{"id":"relation/3293441","name":"Sandton - Randburg (Gautrain S4)","network":"Gautrain Bus"},"geometry":{"type":"LineString","coordinates":[[27.984244,-26.097845],[27.984248,-26.097784],[27.984271,-26.09743],[27.984291,-26.097395],[27.984314,-26.097395],[27.98438,-26.097381],[27.984573,-26.097382],[27.984835,-26.097383],[27.984896,-26.097359],[27.984926,-26.097318],[27.984934,-26.096898],[27.984932,-26.096828],[27.984929,-26.096628]]}},{"type":"Feature","properties":{"id":"relation/3293441","name":"Sandton - Randburg (Gautrain S4)","network":"Gautrain Bus"},"geometry":{"type":"LineString","coordinates":[[27.984244,-26.097845],[27.985936,-26.09812]]}},{"type":"Feature","properties":{"id":"relation/3293441","name":"Sandton - Randburg (Gautrain S4)","network":"Gautrain Bus"},"geometry":{"type":"LineString","coordinates":[[27.985936,-26.09812],[27.986304,-26.098173],[27.986454,-26.098187],[27.986553,-26.098197]]}},{"type":"Feature","properties":{"id":"relation/3293441","name":"Sandton - Randburg (Gautrain S4)","network":"Gautrain Bus"},"geometry":{"type":"LineString","coordinates":[[27.986553,-26.098197],[27.98663,-26.098204]]}},{"type":"Feature","properties":{"id":"relation/3293441","name":"Sandton - Randburg (Gautrain S4)","network":"Gautrain Bus"},"geometry":{"type":"LineString","coordinates":[[27.98663,-26.098204],[27.986789,-26.098203]]}},{"type":"Feature","properties":{"id":"relation/3293441","name":"Sandton - Randburg (Gautrain S4)","network":"Gautrain Bus"},"geometry":{"type":"LineString","coordinates":[[27.986789,-26.098203],[27.986862,-26.098204]]}},{"type":"Feature","properties":{"id":"relation/3293441","name":"Sandton - Randburg (Gautrain S4)","network":"Gautrain Bus"},"geometry":{"type":"LineString","coordinates":[[27.986862,-26.098204],[27.987112,-26.098205],[27.987259,-26.098201]]}},{"type":"Feature","properties":{"id":"relation/3293441","name":"Sandton - Randburg (Gautrain S4)","network":"Gautrain Bus"},"geometry":{"type":"LineString","coordinates":[[27.987259,-26.098201],[27.987612,-26.0982],[27.987936,-26.0982]]}},{"type":"Feature","properties":{"id":"relation/3293441","name":"Sandton - Randburg (Gautrain S4)","network":"Gautrain Bus"},"geometry":{"type":"LineString","coordinates":[[27.987936,-26.0982],[27.98843,-26.098205],[27.988674,-26.098207]]}},{"type":"Feature","properties":{"id":"relation/3293441","name":"Sandton - Randburg (Gautrain S4)","network":"Gautrain Bus"},"geometry":{"type":"LineString","coordinates":[[27.988674,-26.098207],[27.988882,-26.098205],[27.989155,-26.0982]]}},{"type":"Feature","properties":{"id":"relation/3293441","name":"Sandton - Randburg (Gautrain S4)","network":"Gautrain Bus"},"geometry":{"type":"LineString","coordinates":[[27.989155,-26.0982],[27.989408,-26.098206],[27.989704,-26.098229],[27.990045,-26.098267],[27.990404,-26.098318],[27.99048,-26.098328]]}},{"type":"Feature","properties":{"id":"relation/3293441","name":"Sandton - Randburg (Gautrain S4)","network":"Gautrain Bus"},"geometry":{"type":"LineString","coordinates":[[27.99048,-26.098328],[27.990584,-26.098344]]}},{"type":"Feature","properties":{"id":"relation/3293441","name":"Sandton - Randburg (Gautrain S4)","network":"Gautrain Bus"},"geometry":{"type":"LineString","coordinates":[[27.990584,-26.098344],[27.990641,-26.098353],[27.991182,-26.098441],[27.991888,-26.098553],[27.992585,-26.098666],[27.993008,-26.098734]]}},{"type":"Feature","properties":{"id":"relation/3293441","name":"Sandton - Randburg (Gautrain S4)","network":"Gautrain Bus"},"geometry":{"type":"LineString","coordinates":[[27.993008,-26.098734],[27.993473,-26.098807],[27.993553,-26.098816],[27.99363,-26.098828]]}},{"type":"Feature","properties":{"id":"relation/3293441","name":"Sandton - Randburg (Gautrain S4)","network":"Gautrain Bus"},"geometry":{"type":"LineString","coordinates":[[27.99363,-26.098828],[27.993679,-26.098851],[27.993787,-26.098901]]}},{"type":"Feature","properties":{"id":"relation/3293441","name":"Sandton - Randburg (Gautrain S4)","network":"Gautrain Bus"},"geometry":{"type":"LineString","coordinates":[[27.993787,-26.098901],[27.994613,-26.099025]]}},{"type":"Feature","properties":{"id":"relation/3293441","name":"Sandton - Randburg (Gautrain S4)","network":"Gautrain Bus"},"geometry":{"type":"LineString","coordinates":[[27.994613,-26.099025],[27.99535,-26.099133],[27.995466,-26.099151]]}},{"type":"Feature","properties":{"id":"relation/3293441","name":"Sandton - Randburg (Gautrain S4)","network":"Gautrain Bus"},"geometry":{"type":"LineString","coordinates":[[27.995466,-26.099151],[27.995541,-26.099164],[27.9963,-26.09929]]}},{"type":"Feature","properties":{"id":"relation/3293441","name":"Sandton - Randburg (Gautrain S4)","network":"Gautrain Bus"},"geometry":{"type":"LineString","coordinates":[[27.9963,-26.09929],[27.996758,-26.099369],[27.997307,-26.099459]]}},{"type":"Feature","properties":{"id":"relation/3293441","name":"Sandton - Randburg (Gautrain S4)","network":"Gautrain Bus"},"geometry":{"type":"LineString","coordinates":[[27.997307,-26.099459],[27.997467,-26.099483],[27.997998,-26.099562],[27.998468,-26.099632]]}},{"type":"Feature","properties":{"id":"relation/3293441","name":"Sandton - Randburg (Gautrain S4)","network":"Gautrain Bus"},"geometry":{"type":"LineString","coordinates":[[27.998468,-26.099632],[27.999035,-26.099721],[27.99912,-26.099735]]}},{"type":"Feature","properties":{"id":"relation/3293441","name":"Sandton - Randburg (Gautrain S4)","network":"Gautrain Bus"},"geometry":{"type":"LineString","coordinates":[[27.99912,-26.099735],[27.999216,-26.099749],[28.000339,-26.099921]]}},{"type":"Feature","properties":{"id":"relation/3293441","name":"Sandton - Randburg (Gautrain S4)","network":"Gautrain Bus"},"geometry":{"type":"LineString","coordinates":[[28.000339,-26.099921],[28.000866,-26.099999]]}},{"type":"Feature","properties":{"id":"relation/3293441","name":"Sandton - Randburg (Gautrain S4)","network":"Gautrain Bus"},"geometry":{"type":"LineString","coordinates":[[28.000866,-26.099999],[28.000968,-26.099979],[28.00107,-26.099995],[28.001504,-26.100065]]}},{"type":"Feature","properties":{"id":"relation/3293441","name":"Sandton - Randburg (Gautrain S4)","network":"Gautrain Bus"},"geometry":{"type":"LineString","coordinates":[[28.001504,-26.100065],[28.001571,-26.100075],[28.00195,-26.100132]]}},{"type":"Feature","properties":{"id":"relation/3293441","name":"Sandton - Randburg (Gautrain S4)","network":"Gautrain Bus"},"geometry":{"type":"LineString","coordinates":[[28.00195,-26.100132],[28.002416,-26.100206]]}},{"type":"Feature","properties":{"id":"relation/3293441","name":"Sandton - Randburg (Gautrain S4)","network":"Gautrain Bus"},"geometry":{"type":"LineString","coordinates":[[28.002416,-26.100206],[28.002684,-26.100229],[28.002754,-26.100234]]}},{"type":"Feature","properties":{"id":"relation/3293441","name":"Sandton - Randburg (Gautrain S4)","network":"Gautrain Bus"},"geometry":{"type":"LineString","coordinates":[[28.002754,-26.100234],[28.002875,-26.100255]]}},{"type":"Feature","properties":{"id":"relation/3293441","name":"Sandton - Randburg (Gautrain S4)","network":"Gautrain Bus"},"geometry":{"type":"LineString","coordinates":[[28.002875,-26.100255],[28.00293,-26.100264],[28.003261,-26.100324],[28.003896,-26.100471],[28.004248,-26.100529],[28.004826,-26.100616],[28.004916,-26.100632],[28.005002,-26.100654]]}},{"type":"Feature","properties":{"id":"relation/3293441","name":"Sandton - Randburg (Gautrain S4)","network":"Gautrain Bus"},"geometry":{"type":"LineString","coordinates":[[28.005002,-26.100654],[28.005162,-26.100621],[28.005745,-26.100506],[28.00678,-26.100299],[28.007807,-26.100093],[28.008569,-26.099924],[28.008815,-26.099875],[28.009028,-26.099796],[28.009245,-26.099691],[28.009534,-26.099542]]}},{"type":"Feature","properties":{"id":"relation/3293441","name":"Sandton - Randburg (Gautrain S4)","network":"Gautrain Bus"},"geometry":{"type":"LineString","coordinates":[[28.009534,-26.099542],[28.0096,-26.099463],[28.009644,-26.099422],[28.009977,-26.099245]]}},{"type":"Feature","properties":{"id":"relation/3293441","name":"Sandton - Randburg (Gautrain S4)","network":"Gautrain Bus"},"geometry":{"type":"LineString","coordinates":[[28.009977,-26.099245],[28.010321,-26.099083]]}},{"type":"Feature","properties":{"id":"relation/3293441","name":"Sandton - Randburg (Gautrain S4)","network":"Gautrain Bus"},"geometry":{"type":"LineString","coordinates":[[28.010321,-26.099083],[28.010441,-26.099028],[28.010511,-26.098995]]}},{"type":"Feature","properties":{"id":"relation/3293441","name":"Sandton - Randburg (Gautrain S4)","network":"Gautrain Bus"},"geometry":{"type":"LineString","coordinates":[[28.010511,-26.098995],[28.010638,-26.098946]]}},{"type":"Feature","properties":{"id":"relation/3293441","name":"Sandton - Randburg (Gautrain S4)","network":"Gautrain Bus"},"geometry":{"type":"LineString","coordinates":[[28.010638,-26.098946],[28.010715,-26.098927],[28.010906,-26.098881],[28.011136,-26.098835],[28.011356,-26.098764],[28.011758,-26.098557],[28.012907,-26.097914]]}},{"type":"Feature","properties":{"id":"relation/3293441","name":"Sandton - Randburg (Gautrain S4)","network":"Gautrain Bus"},"geometry":{"type":"LineString","coordinates":[[28.012907,-26.097914],[28.013182,-26.097765],[28.013189,-26.097761],[28.013259,-26.097722]]}},{"type":"Feature","properties":{"id":"relation/3293441","name":"Sandton - Randburg (Gautrain S4)","network":"Gautrain Bus"},"geometry":{"type":"LineString","coordinates":[[28.013259,-26.097722],[28.013305,-26.097697],[28.013538,-26.097573]]}},{"type":"Feature","properties":{"id":"relation/3293441","name":"Sandton - Randburg (Gautrain S4)","network":"Gautrain Bus"},"geometry":{"type":"LineString","coordinates":[[28.013538,-26.097573],[28.013601,-26.097543],[28.013775,-26.097451],[28.014292,-26.097168]]}},{"type":"Feature","properties":{"id":"relation/3293441","name":"Sandton - Randburg (Gautrain S4)","network":"Gautrain Bus"},"geometry":{"type":"LineString","coordinates":[[28.014292,-26.097168],[28.014794,-26.096869]]}},{"type":"Feature","properties":{"id":"relation/3293441","name":"Sandton - Randburg (Gautrain S4)","network":"Gautrain Bus"},"geometry":{"type":"LineString","coordinates":[[28.014794,-26.096869],[28.015282,-26.096575],[28.015903,-26.09619]]}},{"type":"Feature","properties":{"id":"relation/3293441","name":"Sandton - Randburg (Gautrain S4)","network":"Gautrain Bus"},"geometry":{"type":"LineString","coordinates":[[28.015903,-26.09619],[28.016202,-26.095992],[28.016947,-26.095489],[28.017516,-26.095063],[28.018125,-26.094559],[28.018711,-26.094111],[28.019063,-26.093847]]}},{"type":"Feature","properties":{"id":"relation/3293441","name":"Sandton - Randburg (Gautrain S4)","network":"Gautrain Bus"},"geometry":{"type":"LineString","coordinates":[[28.019063,-26.093847],[28.019493,-26.093544]]}},{"type":"Feature","properties":{"id":"relation/3293441","name":"Sandton - Randburg (Gautrain S4)","network":"Gautrain Bus"},"geometry":{"type":"LineString","coordinates":[[28.019493,-26.093544],[28.020022,-26.093195],[28.020411,-26.092948],[28.02062,-26.092813],[28.021195,-26.092452],[28.021396,-26.092334],[28.021895,-26.092021],[28.02229,-26.091774]]}},{"type":"Feature","properties":{"id":"relation/3293441","name":"Sandton - Randburg (Gautrain S4)","network":"Gautrain Bus"},"geometry":{"type":"LineString","coordinates":[[28.02229,-26.091774],[28.022707,-26.091516],[28.023273,-26.091163]]}},{"type":"Feature","properties":{"id":"relation/3293441","name":"Sandton - Randburg (Gautrain S4)","network":"Gautrain Bus"},"geometry":{"type":"LineString","coordinates":[[28.023273,-26.091163],[28.023694,-26.090907],[28.023786,-26.090847]]}},{"type":"Feature","properties":{"id":"relation/3293441","name":"Sandton - Randburg (Gautrain S4)","network":"Gautrain Bus"},"geometry":{"type":"LineString","coordinates":[[28.023786,-26.090847],[28.023885,-26.090785],[28.024756,-26.090255]]}},{"type":"Feature","properties":{"id":"relation/3293441","name":"Sandton - Randburg (Gautrain S4)","network":"Gautrain Bus"},"geometry":{"type":"LineString","coordinates":[[28.024756,-26.090255],[28.025456,-26.089799],[28.025559,-26.089732]]}},{"type":"Feature","properties":{"id":"relation/3293441","name":"Sandton - Randburg (Gautrain S4)","network":"Gautrain Bus"},"geometry":{"type":"LineString","coordinates":[[28.025559,-26.089732],[28.025711,-26.089634]]}},{"type":"Feature","properties":{"id":"relation/3293441","name":"Sandton - Randburg (Gautrain S4)","network":"Gautrain Bus"},"geometry":{"type":"LineString","coordinates":[[28.025711,-26.089634],[28.025791,-26.089749]]}},{"type":"Feature","properties":{"id":"relation/3293441","name":"Sandton - Randburg (Gautrain S4)","network":"Gautrain Bus"},"geometry":{"type":"LineString","coordinates":[[28.025791,-26.089749],[28.026057,-26.090091]]}},{"type":"Feature","properties":{"id":"relation/3293441","name":"Sandton - Randburg (Gautrain S4)","network":"Gautrain Bus"},"geometry":{"type":"LineString","coordinates":[[28.026057,-26.090091],[28.026359,-26.090419],[28.026754,-26.09081],[28.026844,-26.090899],[28.027133,-26.091156],[28.02742,-26.091413]]}},{"type":"Feature","properties":{"id":"relation/3293441","name":"Sandton - Randburg (Gautrain S4)","network":"Gautrain Bus"},"geometry":{"type":"LineString","coordinates":[[28.02742,-26.091413],[28.027566,-26.091535],[28.02773,-26.091665]]}},{"type":"Feature","properties":{"id":"relation/3293441","name":"Sandton - Randburg (Gautrain S4)","network":"Gautrain Bus"},"geometry":{"type":"LineString","coordinates":[[28.02773,-26.091665],[28.028845,-26.09257],[28.029091,-26.09276],[28.029121,-26.092783]]}},{"type":"Feature","properties":{"id":"relation/3293441","name":"Sandton - Randburg (Gautrain S4)","network":"Gautrain Bus"},"geometry":{"type":"LineString","coordinates":[[28.029121,-26.092783],[28.029189,-26.09284],[28.029256,-26.092891],[28.029317,-26.092939]]}},{"type":"Feature","properties":{"id":"relation/3293441","name":"Sandton - Randburg (Gautrain S4)","network":"Gautrain Bus"},"geometry":{"type":"LineString","coordinates":[[28.029317,-26.092939],[28.029743,-26.093322],[28.030008,-26.093599],[28.030196,-26.093798],[28.030277,-26.093883],[28.030507,-26.094136],[28.030726,-26.094408],[28.030926,-26.094684],[28.031161,-26.095021],[28.031222,-26.095114],[28.031282,-26.095208],[28.031357,-26.09533],[28.031523,-26.095631],[28.031681,-26.095937],[28.031781,-26.096152],[28.031878,-26.096396],[28.032008,-26.096731],[28.032062,-26.096882],[28.032125,-26.097093],[28.032226,-26.097477],[28.032272,-26.097692],[28.032355,-26.098117],[28.032408,-26.098395],[28.032467,-26.098978]]}},{"type":"Feature","properties":{"id":"relation/3293441","name":"Sandton - Randburg (Gautrain S4)","network":"Gautrain Bus"},"geometry":{"type":"LineString","coordinates":[[28.032467,-26.098978],[28.032569,-26.099208],[28.032648,-26.099377],[28.032737,-26.099515],[28.032869,-26.099673],[28.033009,-26.099791],[28.033201,-26.099885],[28.033317,-26.099922],[28.033485,-26.099975],[28.034003,-26.100096]]}},{"type":"Feature","properties":{"id":"relation/3293441","name":"Sandton - Randburg (Gautrain S4)","network":"Gautrain Bus"},"geometry":{"type":"LineString","coordinates":[[28.034003,-26.100096],[28.034372,-26.100144],[28.034662,-26.100186],[28.035137,-26.100247],[28.035747,-26.100338],[28.036089,-26.100375],[28.036399,-26.100408]]}},{"type":"Feature","properties":{"id":"relation/3293441","name":"Sandton - Randburg (Gautrain S4)","network":"Gautrain Bus"},"geometry":{"type":"LineString","coordinates":[[28.036399,-26.100408],[28.0368,-26.100451],[28.036933,-26.100466]]}},{"type":"Feature","properties":{"id":"relation/3293441","name":"Sandton - Randburg (Gautrain S4)","network":"Gautrain Bus"},"geometry":{"type":"LineString","coordinates":[[28.036933,-26.100466],[28.037041,-26.100486],[28.037107,-26.100501]]}},{"type":"Feature","properties":{"id":"relation/3293441","name":"Sandton - Randburg (Gautrain S4)","network":"Gautrain Bus"},"geometry":{"type":"LineString","coordinates":[[28.037107,-26.100501],[28.037354,-26.100554]]}},{"type":"Feature","properties":{"id":"relation/3293441","name":"Sandton - Randburg (Gautrain S4)","network":"Gautrain Bus"},"geometry":{"type":"LineString","coordinates":[[28.037354,-26.100554],[28.037473,-26.100589],[28.037588,-26.100626],[28.037734,-26.100678],[28.037878,-26.100734],[28.038067,-26.100827],[28.038326,-26.10097],[28.040518,-26.102152]]}},{"type":"Feature","properties":{"id":"relation/3293441","name":"Sandton - Randburg (Gautrain S4)","network":"Gautrain Bus"},"geometry":{"type":"LineString","coordinates":[[28.040518,-26.102152],[28.045081,-26.104636],[28.045514,-26.104863],[28.046099,-26.105198]]}},{"type":"Feature","properties":{"id":"relation/3293441","name":"Sandton - Randburg (Gautrain S4)","network":"Gautrain Bus"},"geometry":{"type":"LineString","coordinates":[[28.046099,-26.105198],[28.046193,-26.105251]]}},{"type":"Feature","properties":{"id":"relation/3293441","name":"Sandton - Randburg (Gautrain S4)","network":"Gautrain Bus"},"geometry":{"type":"LineString","coordinates":[[28.046193,-26.105251],[28.046287,-26.105317]]}},{"type":"Feature","properties":{"id":"relation/3293441","name":"Sandton - Randburg (Gautrain S4)","network":"Gautrain Bus"},"geometry":{"type":"LineString","coordinates":[[28.046287,-26.105317],[28.046343,-26.105365]]}},{"type":"Feature","properties":{"id":"relation/3293441","name":"Sandton - Randburg (Gautrain S4)","network":"Gautrain Bus"},"geometry":{"type":"LineString","coordinates":[[28.046343,-26.105365],[28.046563,-26.105552]]}},{"type":"Feature","properties":{"id":"relation/3293441","name":"Sandton - Randburg (Gautrain S4)","network":"Gautrain Bus"},"geometry":{"type":"LineString","coordinates":[[28.046563,-26.105552],[28.046712,-26.10571],[28.046824,-26.105834],[28.046901,-26.10594],[28.046977,-26.106064],[28.047054,-26.1062],[28.047126,-26.106354],[28.047188,-26.106502],[28.047241,-26.106657],[28.047282,-26.106831],[28.047311,-26.106991],[28.047336,-26.107175],[28.047374,-26.10735],[28.047425,-26.107535],[28.047497,-26.107721],[28.04758,-26.107893],[28.04769,-26.108073],[28.047815,-26.108237],[28.04795,-26.10839],[28.048104,-26.108528],[28.048264,-26.108638],[28.048608,-26.108848]]}},{"type":"Feature","properties":{"id":"relation/3293441","name":"Sandton - Randburg (Gautrain S4)","network":"Gautrain Bus"},"geometry":{"type":"LineString","coordinates":[[28.048608,-26.108848],[28.048873,-26.108959],[28.049067,-26.109035],[28.049182,-26.109065],[28.049275,-26.109074],[28.049291,-26.109073],[28.049363,-26.109065],[28.049434,-26.109041],[28.049543,-26.109003]]}},{"type":"Feature","properties":{"id":"relation/3293441","name":"Sandton - Randburg (Gautrain S4)","network":"Gautrain Bus"},"geometry":{"type":"LineString","coordinates":[[28.049543,-26.109003],[28.050181,-26.108352],[28.050468,-26.108055],[28.05095,-26.107585],[28.051344,-26.107194],[28.05163,-26.106886],[28.051715,-26.106799]]}},{"type":"Feature","properties":{"id":"relation/3293441","name":"Sandton - Randburg (Gautrain S4)","network":"Gautrain Bus"},"geometry":{"type":"LineString","coordinates":[[28.051715,-26.106799],[28.051857,-26.106864]]}},{"type":"Feature","properties":{"id":"relation/3293441","name":"Sandton - Randburg (Gautrain S4)","network":"Gautrain Bus"},"geometry":{"type":"LineString","coordinates":[[28.051857,-26.106864],[28.052382,-26.107131],[28.052838,-26.107338],[28.052932,-26.10738]]}},{"type":"Feature","properties":{"id":"relation/3293441","name":"Sandton - Randburg (Gautrain S4)","network":"Gautrain Bus"},"geometry":{"type":"LineString","coordinates":[[28.052932,-26.10738],[28.053831,-26.107877]]}},{"type":"Feature","properties":{"id":"relation/3293441","name":"Sandton - Randburg (Gautrain S4)","network":"Gautrain Bus"},"geometry":{"type":"LineString","coordinates":[[28.053831,-26.107877],[28.053995,-26.107962],[28.054139,-26.108036]]}},{"type":"Feature","properties":{"id":"relation/3293441","name":"Sandton - Randburg (Gautrain S4)","network":"Gautrain Bus"},"geometry":{"type":"LineString","coordinates":[[28.054139,-26.108036],[28.054589,-26.108225]]}},{"type":"Feature","properties":{"id":"relation/3293441","name":"Sandton - Randburg (Gautrain S4)","network":"Gautrain Bus"},"geometry":{"type":"LineString","coordinates":[[28.054589,-26.108225],[28.054872,-26.108373],[28.055114,-26.108507],[28.055415,-26.108676]]}},{"type":"Feature","properties":{"id":"relation/3293441","name":"Sandton - Randburg (Gautrain S4)","network":"Gautrain Bus"},"geometry":{"type":"LineString","coordinates":[[28.055415,-26.108676],[28.055612,-26.108786]]}},{"type":"Feature","properties":{"id":"relation/3293441","name":"Sandton - Randburg (Gautrain S4)","network":"Gautrain Bus"},"geometry":{"type":"LineString","coordinates":[[28.055612,-26.108786],[28.056149,-26.109049]]}},{"type":"Feature","properties":{"id":"relation/3293441","name":"Sandton - Randburg (Gautrain S4)","network":"Gautrain Bus"},"geometry":{"type":"LineString","coordinates":[[28.056149,-26.109049],[28.056994,-26.108473]]}},{"type":"Feature","properties":{"id":"relation/3293441","name":"Sandton - Randburg (Gautrain S4)","network":"Gautrain Bus"},"geometry":{"type":"LineString","coordinates":[[28.056994,-26.108473],[28.05692,-26.108391],[28.056646,-26.108091],[28.056594,-26.107491],[28.056691,-26.107484],[28.056733,-26.108068]]}},{"type":"Feature","properties":{"id":"relation/3294014","name":"Midrand - Randjespark (Gautrain M1)","network":"Gautrain Bus"},"geometry":{"type":"LineString","coordinates":[[28.136478,-25.995245],[28.136517,-25.995294]]}},{"type":"Feature","properties":{"id":"relation/3294014","name":"Midrand - Randjespark (Gautrain M1)","network":"Gautrain Bus"},"geometry":{"type":"LineString","coordinates":[[28.136517,-25.995294],[28.136549,-25.995358]]}},{"type":"Feature","properties":{"id":"relation/3294014","name":"Midrand - Randjespark (Gautrain M1)","network":"Gautrain Bus"},"geometry":{"type":"LineString","coordinates":[[28.136549,-25.995358],[28.136571,-25.9954],[28.136611,-25.995475],[28.136656,-25.99556],[28.136696,-25.995637],[28.136744,-25.995728]]}},{"type":"Feature","properties":{"id":"relation/3294014","name":"Midrand - Randjespark (Gautrain M1)","network":"Gautrain Bus"},"geometry":{"type":"LineString","coordinates":[[28.136744,-25.995728],[28.136846,-25.995683],[28.13691,-25.995655],[28.136967,-25.995593],[28.136993,-25.995529],[28.136987,-25.995449],[28.136925,-25.995297],[28.136748,-25.994941],[28.136699,-25.994877],[28.136594,-25.99482],[28.136457,-25.994798],[28.13635,-25.994828],[28.136178,-25.994902],[28.135753,-25.9951]]}},{"type":"Feature","properties":{"id":"relation/3294014","name":"Midrand - Randjespark (Gautrain M1)","network":"Gautrain Bus"},"geometry":{"type":"LineString","coordinates":[[28.135753,-25.9951],[28.135321,-25.995307],[28.135026,-25.995447],[28.134859,-25.995517]]}},{"type":"Feature","properties":{"id":"relation/3294014","name":"Midrand - Randjespark (Gautrain M1)","network":"Gautrain Bus"},"geometry":{"type":"LineString","coordinates":[[28.134859,-25.995517],[28.134794,-25.995544]]}},{"type":"Feature","properties":{"id":"relation/3294014","name":"Midrand - Randjespark (Gautrain M1)","network":"Gautrain Bus"},"geometry":{"type":"LineString","coordinates":[[28.134794,-25.995544],[28.134675,-25.995594]]}},{"type":"Feature","properties":{"id":"relation/3294014","name":"Midrand - Randjespark (Gautrain M1)","network":"Gautrain Bus"},"geometry":{"type":"LineString","coordinates":[[28.134675,-25.995594],[28.134606,-25.995622]]}},{"type":"Feature","properties":{"id":"relation/3294014","name":"Midrand - Randjespark (Gautrain M1)","network":"Gautrain Bus"},"geometry":{"type":"LineString","coordinates":[[28.134606,-25.995622],[28.134244,-25.995767]]}},{"type":"Feature","properties":{"id":"relation/3294014","name":"Midrand - Randjespark (Gautrain M1)","network":"Gautrain Bus"},"geometry":{"type":"LineString","coordinates":[[28.134244,-25.995767],[28.132804,-25.996381],[28.1313,-25.997058],[28.131119,-25.997139]]}},{"type":"Feature","properties":{"id":"relation/3294014","name":"Midrand - Randjespark (Gautrain M1)","network":"Gautrain Bus"},"geometry":{"type":"LineString","coordinates":[[28.131119,-25.997139],[28.131066,-25.997163]]}},{"type":"Feature","properties":{"id":"relation/3294014","name":"Midrand - Randjespark (Gautrain M1)","network":"Gautrain Bus"},"geometry":{"type":"LineString","coordinates":[[28.131066,-25.997163],[28.130928,-25.997225]]}},{"type":"Feature","properties":{"id":"relation/3294014","name":"Midrand - Randjespark (Gautrain M1)","network":"Gautrain Bus"},"geometry":{"type":"LineString","coordinates":[[28.130928,-25.997225],[28.130814,-25.997164]]}},{"type":"Feature","properties":{"id":"relation/3294014","name":"Midrand - Randjespark (Gautrain M1)","network":"Gautrain Bus"},"geometry":{"type":"LineString","coordinates":[[28.130814,-25.997164],[28.130731,-25.99712]]}},{"type":"Feature","properties":{"id":"relation/3294014","name":"Midrand - Randjespark (Gautrain M1)","network":"Gautrain Bus"},"geometry":{"type":"LineString","coordinates":[[28.130731,-25.99712],[28.130623,-25.997063],[28.12991,-25.996681],[28.128662,-25.995949],[28.128541,-25.995903]]}},{"type":"Feature","properties":{"id":"relation/3294014","name":"Midrand - Randjespark (Gautrain M1)","network":"Gautrain Bus"},"geometry":{"type":"LineString","coordinates":[[28.128634,-25.995601],[28.128669,-25.995481],[28.128716,-25.995329],[28.128765,-25.995201]]}},{"type":"Feature","properties":{"id":"relation/3294014","name":"Midrand - Randjespark (Gautrain M1)","network":"Gautrain Bus"},"geometry":{"type":"LineString","coordinates":[[28.128765,-25.995201],[28.128739,-25.995078],[28.128703,-25.994986],[28.128655,-25.994924],[28.128575,-25.994865]]}},{"type":"Feature","properties":{"id":"relation/3294014","name":"Midrand - Randjespark (Gautrain M1)","network":"Gautrain Bus"},"geometry":{"type":"LineString","coordinates":[[28.128575,-25.994865],[28.128487,-25.99484],[28.128225,-25.994773],[28.127488,-25.994583],[28.127293,-25.994491]]}},{"type":"Feature","properties":{"id":"relation/3294014","name":"Midrand - Randjespark (Gautrain M1)","network":"Gautrain Bus"},"geometry":{"type":"LineString","coordinates":[[28.12688,-25.994376],[28.127293,-25.994491]]}},{"type":"Feature","properties":{"id":"relation/3294014","name":"Midrand - Randjespark (Gautrain M1)","network":"Gautrain Bus"},"geometry":{"type":"LineString","coordinates":[[28.12688,-25.994376],[28.127052,-25.993821],[28.127073,-25.993686],[28.127069,-25.993527],[28.127028,-25.99333],[28.126966,-25.993031],[28.126916,-25.992739]]}},{"type":"Feature","properties":{"id":"relation/3294014","name":"Midrand - Randjespark (Gautrain M1)","network":"Gautrain Bus"},"geometry":{"type":"LineString","coordinates":[[28.126916,-25.992739],[28.126941,-25.992558],[28.127082,-25.992058]]}},{"type":"Feature","properties":{"id":"relation/3294014","name":"Midrand - Randjespark (Gautrain M1)","network":"Gautrain Bus"},"geometry":{"type":"LineString","coordinates":[[28.127082,-25.992058],[28.127123,-25.991912],[28.127206,-25.991619],[28.127268,-25.991419],[28.127441,-25.990865],[28.128117,-25.988696],[28.128358,-25.987896],[28.128409,-25.987722],[28.128476,-25.987494]]}},{"type":"Feature","properties":{"id":"relation/3294014","name":"Midrand - Randjespark (Gautrain M1)","network":"Gautrain Bus"},"geometry":{"type":"LineString","coordinates":[[28.128476,-25.987494],[28.128514,-25.987329],[28.128581,-25.987097],[28.128657,-25.986833],[28.128824,-25.986291],[28.128906,-25.98604],[28.128973,-25.985859]]}},{"type":"Feature","properties":{"id":"relation/3294014","name":"Midrand - Randjespark (Gautrain M1)","network":"Gautrain Bus"},"geometry":{"type":"LineString","coordinates":[[28.128973,-25.985859],[28.129051,-25.985622],[28.129078,-25.985507],[28.129084,-25.985412],[28.129082,-25.985337],[28.129065,-25.985228],[28.129033,-25.985132],[28.128966,-25.984997],[28.128907,-25.984867],[28.128879,-25.984782],[28.128858,-25.984678],[28.128845,-25.98456],[28.128872,-25.984386],[28.129108,-25.983715],[28.12921,-25.983425],[28.129357,-25.983009],[28.129424,-25.982818],[28.129533,-25.982506],[28.129575,-25.982388],[28.12973,-25.981946],[28.1298,-25.981752],[28.130002,-25.981178],[28.130052,-25.981044],[28.130252,-25.980434],[28.130391,-25.980045],[28.130511,-25.979728],[28.130705,-25.979218],[28.130771,-25.979032],[28.13091,-25.97862]]}},{"type":"Feature","properties":{"id":"relation/3294014","name":"Midrand - Randjespark (Gautrain M1)","network":"Gautrain Bus"},"geometry":{"type":"LineString","coordinates":[[28.13091,-25.97862],[28.131323,-25.977434],[28.131601,-25.976657],[28.131823,-25.976037],[28.132135,-25.975165],[28.132384,-25.974465]]}},{"type":"Feature","properties":{"id":"relation/3294014","name":"Midrand - Randjespark (Gautrain M1)","network":"Gautrain Bus"},"geometry":{"type":"LineString","coordinates":[[28.132384,-25.974465],[28.13175,-25.974309],[28.131338,-25.974213],[28.130402,-25.973992],[28.130119,-25.973926],[28.130041,-25.973908],[28.129996,-25.973893],[28.129964,-25.973868],[28.129943,-25.973844],[28.129923,-25.973808]]}},{"type":"Feature","properties":{"id":"relation/3294014","name":"Midrand - Randjespark (Gautrain M1)","network":"Gautrain Bus"},"geometry":{"type":"LineString","coordinates":[[28.129923,-25.973808],[28.129914,-25.97377],[28.129914,-25.973735],[28.129928,-25.973675],[28.129953,-25.973605],[28.129969,-25.973557],[28.130004,-25.973454],[28.130471,-25.972138],[28.130635,-25.971677],[28.130652,-25.971634],[28.130674,-25.971561],[28.130746,-25.971347],[28.131036,-25.970501],[28.131062,-25.970425],[28.131243,-25.969915],[28.131252,-25.96989],[28.131286,-25.969797],[28.131416,-25.969431],[28.131653,-25.968767],[28.131733,-25.968544],[28.131812,-25.968317],[28.131962,-25.967894],[28.132135,-25.967402],[28.132199,-25.967219],[28.132332,-25.966856],[28.132391,-25.966695],[28.132487,-25.966434],[28.132636,-25.966035],[28.132661,-25.965966],[28.132711,-25.965831],[28.132793,-25.965608],[28.132868,-25.965385],[28.132899,-25.965285],[28.132912,-25.965247],[28.133062,-25.964815],[28.133327,-25.964045],[28.133632,-25.96317],[28.133667,-25.963071],[28.133686,-25.963017],[28.133951,-25.962256],[28.134231,-25.961452],[28.134295,-25.961268],[28.134524,-25.960642],[28.134551,-25.960566],[28.134622,-25.960372],[28.134826,-25.959814],[28.134872,-25.959658],[28.134896,-25.959577],[28.135172,-25.958814],[28.135204,-25.958725],[28.135427,-25.958097],[28.135685,-25.957367],[28.135914,-25.956699],[28.135952,-25.95663],[28.135996,-25.956581],[28.136047,-25.956551],[28.13611,-25.956528],[28.136184,-25.956527],[28.136296,-25.956518]]}},{"type":"Feature","properties":{"id":"relation/3294014","name":"Midrand - Randjespark (Gautrain M1)","network":"Gautrain Bus"},"geometry":{"type":"LineString","coordinates":[[28.137891,-25.957086],[28.137852,-25.957014],[28.13782,-25.956979],[28.137781,-25.956951],[28.137725,-25.956929],[28.137231,-25.956783],[28.136296,-25.956518]]}},{"type":"Feature","properties":{"id":"relation/3294014","name":"Midrand - Randjespark (Gautrain M1)","network":"Gautrain Bus"},"geometry":{"type":"LineString","coordinates":[[28.13585,-25.964616],[28.136313,-25.963293],[28.136931,-25.961523],[28.136985,-25.961369],[28.137049,-25.961189],[28.137062,-25.961137],[28.137072,-25.961078],[28.137073,-25.961041],[28.137073,-25.960951],[28.137064,-25.960886],[28.136989,-25.960637],[28.136951,-25.96053],[28.136915,-25.960426],[28.136883,-25.960274],[28.13688,-25.960167],[28.136891,-25.96009],[28.13691,-25.96002],[28.137195,-25.95921],[28.137751,-25.95762],[28.137791,-25.957505],[28.137866,-25.957288],[28.137893,-25.957201],[28.1379,-25.957142],[28.137896,-25.957107],[28.137891,-25.957086]]}},{"type":"Feature","properties":{"id":"relation/3294014","name":"Midrand - Randjespark (Gautrain M1)","network":"Gautrain Bus"},"geometry":{"type":"LineString","coordinates":[[28.132384,-25.974465],[28.132391,-25.974436],[28.132461,-25.974255],[28.132773,-25.973309],[28.133079,-25.97247],[28.133096,-25.972424],[28.133163,-25.972231],[28.133495,-25.971285],[28.133775,-25.970543],[28.134091,-25.969643],[28.134136,-25.969528],[28.134179,-25.969411],[28.134474,-25.968564],[28.134508,-25.968442],[28.134545,-25.968319],[28.134562,-25.968263],[28.134866,-25.967437],[28.134908,-25.967302],[28.135108,-25.966727],[28.135125,-25.966685],[28.135161,-25.966605],[28.135247,-25.966369],[28.135298,-25.966219],[28.135316,-25.96616],[28.135339,-25.966083],[28.13562,-25.965286],[28.13565,-25.965207],[28.13585,-25.964616]]}},{"type":"Feature","properties":{"id":"relation/3294014","name":"Midrand - Randjespark (Gautrain M1)","network":"Gautrain Bus"},"geometry":{"type":"LineString","coordinates":[[28.128973,-25.985859],[28.12894,-25.986055],[28.128881,-25.986313],[28.128801,-25.986568],[28.128716,-25.986845],[28.128636,-25.987089],[28.128555,-25.9873],[28.128476,-25.987494]]}},{"type":"Feature","properties":{"id":"relation/3294014","name":"Midrand - Randjespark (Gautrain M1)","network":"Gautrain Bus"},"geometry":{"type":"LineString","coordinates":[[28.127293,-25.994491],[28.127527,-25.994525],[28.127826,-25.994598],[28.128002,-25.994641],[28.128257,-25.994703],[28.128367,-25.99473]]}},{"type":"Feature","properties":{"id":"relation/3294014","name":"Midrand - Randjespark (Gautrain M1)","network":"Gautrain Bus"},"geometry":{"type":"LineString","coordinates":[[28.128367,-25.99473],[28.128619,-25.994792],[28.12878,-25.994831]]}},{"type":"Feature","properties":{"id":"relation/3294014","name":"Midrand - Randjespark (Gautrain M1)","network":"Gautrain Bus"},"geometry":{"type":"LineString","coordinates":[[28.12878,-25.994831],[28.128867,-25.994853]]}},{"type":"Feature","properties":{"id":"relation/3294014","name":"Midrand - Randjespark (Gautrain M1)","network":"Gautrain Bus"},"geometry":{"type":"LineString","coordinates":[[28.128867,-25.994853],[28.129,-25.994878]]}},{"type":"Feature","properties":{"id":"relation/3294014","name":"Midrand - Randjespark (Gautrain M1)","network":"Gautrain Bus"},"geometry":{"type":"LineString","coordinates":[[28.128965,-25.995013],[28.12885,-25.995406]]}},{"type":"Feature","properties":{"id":"relation/3294014","name":"Midrand - Randjespark (Gautrain M1)","network":"Gautrain Bus"},"geometry":{"type":"LineString","coordinates":[[28.128984,-25.994948],[28.128965,-25.995013]]}},{"type":"Feature","properties":{"id":"relation/3294014","name":"Midrand - Randjespark (Gautrain M1)","network":"Gautrain Bus"},"geometry":{"type":"LineString","coordinates":[[28.128692,-25.995875],[28.129246,-25.996173],[28.129982,-25.99657],[28.130548,-25.996875],[28.130893,-25.997055]]}},{"type":"Feature","properties":{"id":"relation/3294014","name":"Midrand - Randjespark (Gautrain M1)","network":"Gautrain Bus"},"geometry":{"type":"LineString","coordinates":[[28.130893,-25.997055],[28.130965,-25.997093]]}},{"type":"Feature","properties":{"id":"relation/3294014","name":"Midrand - Randjespark (Gautrain M1)","network":"Gautrain Bus"},"geometry":{"type":"LineString","coordinates":[[28.130965,-25.997093],[28.131021,-25.997066]]}},{"type":"Feature","properties":{"id":"relation/3294014","name":"Midrand - Randjespark (Gautrain M1)","network":"Gautrain Bus"},"geometry":{"type":"LineString","coordinates":[[28.131021,-25.997066],[28.131463,-25.996854],[28.132756,-25.996278],[28.133538,-25.995951],[28.134185,-25.995664]]}},{"type":"Feature","properties":{"id":"relation/3294014","name":"Midrand - Randjespark (Gautrain M1)","network":"Gautrain Bus"},"geometry":{"type":"LineString","coordinates":[[28.134185,-25.995664],[28.134533,-25.995504]]}},{"type":"Feature","properties":{"id":"relation/3294014","name":"Midrand - Randjespark (Gautrain M1)","network":"Gautrain Bus"},"geometry":{"type":"LineString","coordinates":[[28.134533,-25.995504],[28.134608,-25.995469]]}},{"type":"Feature","properties":{"id":"relation/3294014","name":"Midrand - Randjespark (Gautrain M1)","network":"Gautrain Bus"},"geometry":{"type":"LineString","coordinates":[[28.134608,-25.995469],[28.134729,-25.99542]]}},{"type":"Feature","properties":{"id":"relation/3294014","name":"Midrand - Randjespark (Gautrain M1)","network":"Gautrain Bus"},"geometry":{"type":"LineString","coordinates":[[28.134729,-25.99542],[28.134797,-25.995393]]}},{"type":"Feature","properties":{"id":"relation/3294014","name":"Midrand - Randjespark (Gautrain M1)","network":"Gautrain Bus"},"geometry":{"type":"LineString","coordinates":[[28.134797,-25.995393],[28.135005,-25.99531]]}},{"type":"Feature","properties":{"id":"relation/3294014","name":"Midrand - Randjespark (Gautrain M1)","network":"Gautrain Bus"},"geometry":{"type":"LineString","coordinates":[[28.135005,-25.99531],[28.135299,-25.995177],[28.136283,-25.994743],[28.136401,-25.994697],[28.136553,-25.994692],[28.136661,-25.994724],[28.136756,-25.994798],[28.136841,-25.99492],[28.137089,-25.995434],[28.137097,-25.995496],[28.137091,-25.995558],[28.137071,-25.99562],[28.137034,-25.995677],[28.136971,-25.995732],[28.136788,-25.995808],[28.136592,-25.995884],[28.136349,-25.995987],[28.136259,-25.996022],[28.136179,-25.996054]]}},{"type":"Feature","properties":{"id":"relation/3294014","name":"Midrand - Randjespark (Gautrain M1)","network":"Gautrain Bus"},"geometry":{"type":"LineString","coordinates":[[28.136179,-25.996054],[28.136129,-25.995964]]}},{"type":"Feature","properties":{"id":"relation/3294014","name":"Midrand - Randjespark (Gautrain M1)","network":"Gautrain Bus"},"geometry":{"type":"LineString","coordinates":[[28.136129,-25.995964],[28.136303,-25.995896]]}},{"type":"Feature","properties":{"id":"relation/3294014","name":"Midrand - Randjespark (Gautrain M1)","network":"Gautrain Bus"},"geometry":{"type":"LineString","coordinates":[[28.136349,-25.995987],[28.136303,-25.995896],[28.136258,-25.995809],[28.136221,-25.995736],[28.13617,-25.995635],[28.136139,-25.995574],[28.136119,-25.995535]]}},{"type":"Feature","properties":{"id":"relation/3294014","name":"Midrand - Randjespark (Gautrain M1)","network":"Gautrain Bus"},"geometry":{"type":"LineString","coordinates":[[28.136119,-25.995535],[28.136093,-25.995483]]}},{"type":"Feature","properties":{"id":"relation/3294014","name":"Midrand - Randjespark (Gautrain M1)","network":"Gautrain Bus"},"geometry":{"type":"LineString","coordinates":[[28.136093,-25.995483],[28.13607,-25.995437]]}},{"type":"Feature","properties":{"id":"relation/3294014","name":"Midrand - Randjespark (Gautrain M1)","network":"Gautrain Bus"},"geometry":{"type":"LineString","coordinates":[[28.136168,-25.995294],[28.13618,-25.995318],[28.136357,-25.995244],[28.136344,-25.99522],[28.136188,-25.995286],[28.136168,-25.995294]]}},{"type":"Feature","properties":{"id":"relation/3294014","name":"Midrand - Randjespark (Gautrain M1)","network":"Gautrain Bus"},"geometry":{"type":"LineString","coordinates":[[28.13607,-25.995437],[28.136124,-25.995363],[28.136383,-25.995255],[28.136478,-25.995245]]}},{"type":"Feature","properties":{"id":"relation/3294014","name":"Midrand - Randjespark (Gautrain M1)","network":"Gautrain Bus"},"geometry":{"type":"LineString","coordinates":[[28.129,-25.994878],[28.128984,-25.994948]]}},{"type":"Feature","properties":{"id":"relation/3299266","name":"Midrand - Noordwyk (Gautrain M2)","network":"Gautrain Bus"},"geometry":{"type":"LineString","coordinates":[[28.136193,-25.995346],[28.136201,-25.995362],[28.136207,-25.995374],[28.136383,-25.995303],[28.136369,-25.995275],[28.136193,-25.995346]]}},{"type":"Feature","properties":{"id":"relation/3299266","name":"Midrand - Noordwyk (Gautrain M2)","network":"Gautrain Bus"},"geometry":{"type":"LineString","coordinates":[[28.130731,-25.99712],[28.130623,-25.997063],[28.12991,-25.996681],[28.128662,-25.995949],[28.128541,-25.995903]]}},{"type":"Feature","properties":{"id":"relation/3299266","name":"Midrand - Noordwyk (Gautrain M2)","network":"Gautrain Bus"},"geometry":{"type":"LineString","coordinates":[[28.130814,-25.997164],[28.130731,-25.99712]]}},{"type":"Feature","properties":{"id":"relation/3299266","name":"Midrand - Noordwyk (Gautrain M2)","network":"Gautrain Bus"},"geometry":{"type":"LineString","coordinates":[[28.130928,-25.997225],[28.130814,-25.997164]]}},{"type":"Feature","properties":{"id":"relation/3299266","name":"Midrand - Noordwyk (Gautrain M2)","network":"Gautrain Bus"},"geometry":{"type":"LineString","coordinates":[[28.131066,-25.997163],[28.130928,-25.997225]]}},{"type":"Feature","properties":{"id":"relation/3299266","name":"Midrand - Noordwyk (Gautrain M2)","network":"Gautrain Bus"},"geometry":{"type":"LineString","coordinates":[[28.131119,-25.997139],[28.131066,-25.997163]]}},{"type":"Feature","properties":{"id":"relation/3299266","name":"Midrand - Noordwyk (Gautrain M2)","network":"Gautrain Bus"},"geometry":{"type":"LineString","coordinates":[[28.134244,-25.995767],[28.132804,-25.996381],[28.1313,-25.997058],[28.131119,-25.997139]]}},{"type":"Feature","properties":{"id":"relation/3299266","name":"Midrand - Noordwyk (Gautrain M2)","network":"Gautrain Bus"},"geometry":{"type":"LineString","coordinates":[[28.134606,-25.995622],[28.134244,-25.995767]]}},{"type":"Feature","properties":{"id":"relation/3299266","name":"Midrand - Noordwyk (Gautrain M2)","network":"Gautrain Bus"},"geometry":{"type":"LineString","coordinates":[[28.134675,-25.995594],[28.134606,-25.995622]]}},{"type":"Feature","properties":{"id":"relation/3299266","name":"Midrand - Noordwyk (Gautrain M2)","network":"Gautrain Bus"},"geometry":{"type":"LineString","coordinates":[[28.134794,-25.995544],[28.134675,-25.995594]]}},{"type":"Feature","properties":{"id":"relation/3299266","name":"Midrand - Noordwyk (Gautrain M2)","network":"Gautrain Bus"},"geometry":{"type":"LineString","coordinates":[[28.134859,-25.995517],[28.134794,-25.995544]]}},{"type":"Feature","properties":{"id":"relation/3299266","name":"Midrand - Noordwyk (Gautrain M2)","network":"Gautrain Bus"},"geometry":{"type":"LineString","coordinates":[[28.135753,-25.9951],[28.135321,-25.995307],[28.135026,-25.995447],[28.134859,-25.995517]]}},{"type":"Feature","properties":{"id":"relation/3299266","name":"Midrand - Noordwyk (Gautrain M2)","network":"Gautrain Bus"},"geometry":{"type":"LineString","coordinates":[[28.136744,-25.995728],[28.136846,-25.995683],[28.13691,-25.995655],[28.136967,-25.995593],[28.136993,-25.995529],[28.136987,-25.995449],[28.136925,-25.995297],[28.136748,-25.994941],[28.136699,-25.994877],[28.136594,-25.99482],[28.136457,-25.994798],[28.13635,-25.994828],[28.136178,-25.994902],[28.135753,-25.9951]]}},{"type":"Feature","properties":{"id":"relation/3299266","name":"Midrand - Noordwyk (Gautrain M2)","network":"Gautrain Bus"},"geometry":{"type":"LineString","coordinates":[[28.136549,-25.995358],[28.136571,-25.9954],[28.136611,-25.995475],[28.136656,-25.99556],[28.136696,-25.995637],[28.136744,-25.995728]]}},{"type":"Feature","properties":{"id":"relation/3299266","name":"Midrand - Noordwyk (Gautrain M2)","network":"Gautrain Bus"},"geometry":{"type":"LineString","coordinates":[[28.136517,-25.995294],[28.136549,-25.995358]]}},{"type":"Feature","properties":{"id":"relation/3299266","name":"Midrand - Noordwyk (Gautrain M2)","network":"Gautrain Bus"},"geometry":{"type":"LineString","coordinates":[[28.136093,-25.995483],[28.136143,-25.995414],[28.136426,-25.995299],[28.136517,-25.995294]]}},{"type":"Feature","properties":{"id":"relation/3299266","name":"Midrand - Noordwyk (Gautrain M2)","network":"Gautrain Bus"},"geometry":{"type":"LineString","coordinates":[[28.136119,-25.995535],[28.136093,-25.995483]]}},{"type":"Feature","properties":{"id":"relation/3299266","name":"Midrand - Noordwyk (Gautrain M2)","network":"Gautrain Bus"},"geometry":{"type":"LineString","coordinates":[[28.136349,-25.995987],[28.136303,-25.995896],[28.136258,-25.995809],[28.136221,-25.995736],[28.13617,-25.995635],[28.136139,-25.995574],[28.136119,-25.995535]]}},{"type":"Feature","properties":{"id":"relation/3299266","name":"Midrand - Noordwyk (Gautrain M2)","network":"Gautrain Bus"},"geometry":{"type":"LineString","coordinates":[[28.128634,-25.995601],[28.128669,-25.995481],[28.128716,-25.995329],[28.128765,-25.995201]]}},{"type":"Feature","properties":{"id":"relation/3299266","name":"Midrand - Noordwyk (Gautrain M2)","network":"Gautrain Bus"},"geometry":{"type":"LineString","coordinates":[[28.128765,-25.995201],[28.128739,-25.995078],[28.128703,-25.994986],[28.128655,-25.994924],[28.128575,-25.994865]]}},{"type":"Feature","properties":{"id":"relation/3299266","name":"Midrand - Noordwyk (Gautrain M2)","network":"Gautrain Bus"},"geometry":{"type":"LineString","coordinates":[[28.128575,-25.994865],[28.128487,-25.99484],[28.128225,-25.994773],[28.127488,-25.994583],[28.127293,-25.994491]]}},{"type":"Feature","properties":{"id":"relation/3299266","name":"Midrand - Noordwyk (Gautrain M2)","network":"Gautrain Bus"},"geometry":{"type":"LineString","coordinates":[[28.12688,-25.994376],[28.127293,-25.994491]]}},{"type":"Feature","properties":{"id":"relation/3299266","name":"Midrand - Noordwyk (Gautrain M2)","network":"Gautrain Bus"},"geometry":{"type":"LineString","coordinates":[[28.122718,-25.993343],[28.123422,-25.993523],[28.123729,-25.993601],[28.125858,-25.994125],[28.126224,-25.994215],[28.12688,-25.994376]]}},{"type":"Feature","properties":{"id":"relation/3299266","name":"Midrand - Noordwyk (Gautrain M2)","network":"Gautrain Bus"},"geometry":{"type":"LineString","coordinates":[[28.12204,-25.993178],[28.122718,-25.993343]]}},{"type":"Feature","properties":{"id":"relation/3299266","name":"Midrand - Noordwyk (Gautrain M2)","network":"Gautrain Bus"},"geometry":{"type":"LineString","coordinates":[[28.121459,-25.992269],[28.121504,-25.992443],[28.121616,-25.992826],[28.121652,-25.992906],[28.121699,-25.992978],[28.121747,-25.993036],[28.121819,-25.99309],[28.12204,-25.993178]]}},{"type":"Feature","properties":{"id":"relation/3299266","name":"Midrand - Noordwyk (Gautrain M2)","network":"Gautrain Bus"},"geometry":{"type":"LineString","coordinates":[[28.121459,-25.992269],[28.121401,-25.99216],[28.121365,-25.992031],[28.121314,-25.991857],[28.121279,-25.991738],[28.121226,-25.991565]]}},{"type":"Feature","properties":{"id":"relation/3299266","name":"Midrand - Noordwyk (Gautrain M2)","network":"Gautrain Bus"},"geometry":{"type":"LineString","coordinates":[[28.121226,-25.991565],[28.121196,-25.991499],[28.121167,-25.991448],[28.121134,-25.991394],[28.121049,-25.991281]]}},{"type":"Feature","properties":{"id":"relation/3299266","name":"Midrand - Noordwyk (Gautrain M2)","network":"Gautrain Bus"},"geometry":{"type":"LineString","coordinates":[[28.121049,-25.991281],[28.120979,-25.99119],[28.120851,-25.991042]]}},{"type":"Feature","properties":{"id":"relation/3299266","name":"Midrand - Noordwyk (Gautrain M2)","network":"Gautrain Bus"},"geometry":{"type":"LineString","coordinates":[[28.120851,-25.991042],[28.120884,-25.990983]]}},{"type":"Feature","properties":{"id":"relation/3299266","name":"Midrand - Noordwyk (Gautrain M2)","network":"Gautrain Bus"},"geometry":{"type":"LineString","coordinates":[[28.120884,-25.990983],[28.121134,-25.990535]]}},{"type":"Feature","properties":{"id":"relation/3299266","name":"Midrand - Noordwyk (Gautrain M2)","network":"Gautrain Bus"},"geometry":{"type":"LineString","coordinates":[[28.121134,-25.990535],[28.121327,-25.990242]]}},{"type":"Feature","properties":{"id":"relation/3299266","name":"Midrand - Noordwyk (Gautrain M2)","network":"Gautrain Bus"},"geometry":{"type":"LineString","coordinates":[[28.121327,-25.990242],[28.121486,-25.989904],[28.121572,-25.989678],[28.121645,-25.989448],[28.12168,-25.98927],[28.121699,-25.989162],[28.121706,-25.989095],[28.121714,-25.988998]]}},{"type":"Feature","properties":{"id":"relation/3299266","name":"Midrand - Noordwyk (Gautrain M2)","network":"Gautrain Bus"},"geometry":{"type":"LineString","coordinates":[[28.121714,-25.988998],[28.121724,-25.988891],[28.121726,-25.988703],[28.121694,-25.988455]]}},{"type":"Feature","properties":{"id":"relation/3299266","name":"Midrand - Noordwyk (Gautrain M2)","network":"Gautrain Bus"},"geometry":{"type":"LineString","coordinates":[[28.121694,-25.988455],[28.121673,-25.988333],[28.121649,-25.988223],[28.121603,-25.988024],[28.121522,-25.9878],[28.121444,-25.987622],[28.121335,-25.987413],[28.121033,-25.986907]]}},{"type":"Feature","properties":{"id":"relation/3299266","name":"Midrand - Noordwyk (Gautrain M2)","network":"Gautrain Bus"},"geometry":{"type":"LineString","coordinates":[[28.121033,-25.986907],[28.120966,-25.98682],[28.120882,-25.986733]]}},{"type":"Feature","properties":{"id":"relation/3299266","name":"Midrand - Noordwyk (Gautrain M2)","network":"Gautrain Bus"},"geometry":{"type":"LineString","coordinates":[[28.120882,-25.986733],[28.120766,-25.986643],[28.120656,-25.986557],[28.120528,-25.986465],[28.120433,-25.986396]]}},{"type":"Feature","properties":{"id":"relation/3299266","name":"Midrand - Noordwyk (Gautrain M2)","network":"Gautrain Bus"},"geometry":{"type":"LineString","coordinates":[[28.120433,-25.986396],[28.120141,-25.986188],[28.120031,-25.986103],[28.119935,-25.986012]]}},{"type":"Feature","properties":{"id":"relation/3299266","name":"Midrand - Noordwyk (Gautrain M2)","network":"Gautrain Bus"},"geometry":{"type":"LineString","coordinates":[[28.119935,-25.986012],[28.119858,-25.985908],[28.119796,-25.985799],[28.119699,-25.985593],[28.119385,-25.984877],[28.119192,-25.984443]]}},{"type":"Feature","properties":{"id":"relation/3299266","name":"Midrand - Noordwyk (Gautrain M2)","network":"Gautrain Bus"},"geometry":{"type":"LineString","coordinates":[[28.119192,-25.984443],[28.119105,-25.984285],[28.119037,-25.984126],[28.118997,-25.984001],[28.118971,-25.983852],[28.118964,-25.983733],[28.118972,-25.983633],[28.119001,-25.983492]]}},{"type":"Feature","properties":{"id":"relation/3299266","name":"Midrand - Noordwyk (Gautrain M2)","network":"Gautrain Bus"},"geometry":{"type":"LineString","coordinates":[[28.119001,-25.983492],[28.119135,-25.983005]]}},{"type":"Feature","properties":{"id":"relation/3299266","name":"Midrand - Noordwyk (Gautrain M2)","network":"Gautrain Bus"},"geometry":{"type":"LineString","coordinates":[[28.119135,-25.983005],[28.119527,-25.981666]]}},{"type":"Feature","properties":{"id":"relation/3299266","name":"Midrand - Noordwyk (Gautrain M2)","network":"Gautrain Bus"},"geometry":{"type":"LineString","coordinates":[[28.119527,-25.981666],[28.119698,-25.981053]]}},{"type":"Feature","properties":{"id":"relation/3299266","name":"Midrand - Noordwyk (Gautrain M2)","network":"Gautrain Bus"},"geometry":{"type":"LineString","coordinates":[[28.119698,-25.981053],[28.119842,-25.980474],[28.119952,-25.980107],[28.12014,-25.9795]]}},{"type":"Feature","properties":{"id":"relation/3299266","name":"Midrand - Noordwyk (Gautrain M2)","network":"Gautrain Bus"},"geometry":{"type":"LineString","coordinates":[[28.12014,-25.9795],[28.12026,-25.979138]]}},{"type":"Feature","properties":{"id":"relation/3299266","name":"Midrand - Noordwyk (Gautrain M2)","network":"Gautrain Bus"},"geometry":{"type":"LineString","coordinates":[[28.12026,-25.979138],[28.120266,-25.979043],[28.120262,-25.978987],[28.120255,-25.978949],[28.120244,-25.978917],[28.120224,-25.978874]]}},{"type":"Feature","properties":{"id":"relation/3299266","name":"Midrand - Noordwyk (Gautrain M2)","network":"Gautrain Bus"},"geometry":{"type":"LineString","coordinates":[[28.120224,-25.978874],[28.1198,-25.978772],[28.119609,-25.978725]]}},{"type":"Feature","properties":{"id":"relation/3299266","name":"Midrand - Noordwyk (Gautrain M2)","network":"Gautrain Bus"},"geometry":{"type":"LineString","coordinates":[[28.119609,-25.978725],[28.118856,-25.978555]]}},{"type":"Feature","properties":{"id":"relation/3299266","name":"Midrand - Noordwyk (Gautrain M2)","network":"Gautrain Bus"},"geometry":{"type":"LineString","coordinates":[[28.118856,-25.978555],[28.118481,-25.978455]]}},{"type":"Feature","properties":{"id":"relation/3299266","name":"Midrand - Noordwyk (Gautrain M2)","network":"Gautrain Bus"},"geometry":{"type":"LineString","coordinates":[[28.118481,-25.978455],[28.11835,-25.978426]]}},{"type":"Feature","properties":{"id":"relation/3299266","name":"Midrand - Noordwyk (Gautrain M2)","network":"Gautrain Bus"},"geometry":{"type":"LineString","coordinates":[[28.11835,-25.978426],[28.118383,-25.978306]]}},{"type":"Feature","properties":{"id":"relation/3299266","name":"Midrand - Noordwyk (Gautrain M2)","network":"Gautrain Bus"},"geometry":{"type":"LineString","coordinates":[[28.118383,-25.978306],[28.118499,-25.977869]]}},{"type":"Feature","properties":{"id":"relation/3299266","name":"Midrand - Noordwyk (Gautrain M2)","network":"Gautrain Bus"},"geometry":{"type":"LineString","coordinates":[[28.118499,-25.977869],[28.11861,-25.977477],[28.118664,-25.977288],[28.118766,-25.976945]]}},{"type":"Feature","properties":{"id":"relation/3299266","name":"Midrand - Noordwyk (Gautrain M2)","network":"Gautrain Bus"},"geometry":{"type":"LineString","coordinates":[[28.118766,-25.976945],[28.118897,-25.976531]]}},{"type":"Feature","properties":{"id":"relation/3299266","name":"Midrand - Noordwyk (Gautrain M2)","network":"Gautrain Bus"},"geometry":{"type":"LineString","coordinates":[[28.118897,-25.976531],[28.118945,-25.976377],[28.119003,-25.976155]]}},{"type":"Feature","properties":{"id":"relation/3299266","name":"Midrand - Noordwyk (Gautrain M2)","network":"Gautrain Bus"},"geometry":{"type":"LineString","coordinates":[[28.119003,-25.976155],[28.119023,-25.976077]]}},{"type":"Feature","properties":{"id":"relation/3299266","name":"Midrand - Noordwyk (Gautrain M2)","network":"Gautrain Bus"},"geometry":{"type":"LineString","coordinates":[[28.119023,-25.976077],[28.119288,-25.975113],[28.119361,-25.97485],[28.119413,-25.974604],[28.119468,-25.974319],[28.119576,-25.973823],[28.119626,-25.973595],[28.119777,-25.972862],[28.119888,-25.972329],[28.119974,-25.97192],[28.12018,-25.971073]]}},{"type":"Feature","properties":{"id":"relation/3299266","name":"Midrand - Noordwyk (Gautrain M2)","network":"Gautrain Bus"},"geometry":{"type":"LineString","coordinates":[[28.12018,-25.971073],[28.120251,-25.970375],[28.12026,-25.970279]]}},{"type":"Feature","properties":{"id":"relation/3299266","name":"Midrand - Noordwyk (Gautrain M2)","network":"Gautrain Bus"},"geometry":{"type":"LineString","coordinates":[[28.12026,-25.970279],[28.120273,-25.970164],[28.120288,-25.970028],[28.12032,-25.96987],[28.12037,-25.969686],[28.120418,-25.969532],[28.120484,-25.96936],[28.120538,-25.96921],[28.12059,-25.96903],[28.12065,-25.968715],[28.120656,-25.968685],[28.120673,-25.968596]]}},{"type":"Feature","properties":{"id":"relation/3299266","name":"Midrand - Noordwyk (Gautrain M2)","network":"Gautrain Bus"},"geometry":{"type":"LineString","coordinates":[[28.120803,-25.968621],[28.120863,-25.968631],[28.120952,-25.968646],[28.12188,-25.968803],[28.121943,-25.968813],[28.1228,-25.968957],[28.122888,-25.968967],[28.12295,-25.968969],[28.123046,-25.968966],[28.123205,-25.968965],[28.123546,-25.968964],[28.123833,-25.968984],[28.124235,-25.969082],[28.124825,-25.969246],[28.12506,-25.969318],[28.125189,-25.969339],[28.125258,-25.969345],[28.125374,-25.969312],[28.125526,-25.969259],[28.125664,-25.969199],[28.125722,-25.969189],[28.125779,-25.969186],[28.125842,-25.969187],[28.125904,-25.969192],[28.126009,-25.969226],[28.1261,-25.969257]]}},{"type":"Feature","properties":{"id":"relation/3299266","name":"Midrand - Noordwyk (Gautrain M2)","network":"Gautrain Bus"},"geometry":{"type":"LineString","coordinates":[[28.12635,-25.96852],[28.126143,-25.96913],[28.1261,-25.969257]]}},{"type":"Feature","properties":{"id":"relation/3299266","name":"Midrand - Noordwyk (Gautrain M2)","network":"Gautrain Bus"},"geometry":{"type":"LineString","coordinates":[[28.127333,-25.965712],[28.127284,-25.965842],[28.127129,-25.966316],[28.127091,-25.966421],[28.127017,-25.966635],[28.126811,-25.967211],[28.126772,-25.967313],[28.126738,-25.967398],[28.126594,-25.967808],[28.126546,-25.96793],[28.126384,-25.968409],[28.12635,-25.96852]]}},{"type":"Feature","properties":{"id":"relation/3299266","name":"Midrand - Noordwyk (Gautrain M2)","network":"Gautrain Bus"},"geometry":{"type":"LineString","coordinates":[[28.127333,-25.965712],[28.12737,-25.96553],[28.127486,-25.965171]]}},{"type":"Feature","properties":{"id":"relation/3299266","name":"Midrand - Noordwyk (Gautrain M2)","network":"Gautrain Bus"},"geometry":{"type":"LineString","coordinates":[[28.127486,-25.965171],[28.127586,-25.964884],[28.127591,-25.964837],[28.127588,-25.964784]]}},{"type":"Feature","properties":{"id":"relation/3299266","name":"Midrand - Noordwyk (Gautrain M2)","network":"Gautrain Bus"},"geometry":{"type":"LineString","coordinates":[[28.127664,-25.964607],[28.127693,-25.964562],[28.127722,-25.964516],[28.12775,-25.964454],[28.127805,-25.964292],[28.127881,-25.964058],[28.127932,-25.963925]]}},{"type":"Feature","properties":{"id":"relation/3299266","name":"Midrand - Noordwyk (Gautrain M2)","network":"Gautrain Bus"},"geometry":{"type":"LineString","coordinates":[[28.127932,-25.963925],[28.128101,-25.963465],[28.128262,-25.963002],[28.128312,-25.962855]]}},{"type":"Feature","properties":{"id":"relation/3299266","name":"Midrand - Noordwyk (Gautrain M2)","network":"Gautrain Bus"},"geometry":{"type":"LineString","coordinates":[[28.128312,-25.962855],[28.128404,-25.962568]]}},{"type":"Feature","properties":{"id":"relation/3299266","name":"Midrand - Noordwyk (Gautrain M2)","network":"Gautrain Bus"},"geometry":{"type":"LineString","coordinates":[[28.128404,-25.962568],[28.128434,-25.962476],[28.128459,-25.962401],[28.128551,-25.962126]]}},{"type":"Feature","properties":{"id":"relation/3299266","name":"Midrand - Noordwyk (Gautrain M2)","network":"Gautrain Bus"},"geometry":{"type":"LineString","coordinates":[[28.128551,-25.962126],[28.128723,-25.961658]]}},{"type":"Feature","properties":{"id":"relation/3299266","name":"Midrand - Noordwyk (Gautrain M2)","network":"Gautrain Bus"},"geometry":{"type":"LineString","coordinates":[[28.128723,-25.961658],[28.128811,-25.961418],[28.128937,-25.961051],[28.129021,-25.960845],[28.129064,-25.960742],[28.12913,-25.960562],[28.129286,-25.96014]]}},{"type":"Feature","properties":{"id":"relation/3299266","name":"Midrand - Noordwyk (Gautrain M2)","network":"Gautrain Bus"},"geometry":{"type":"LineString","coordinates":[[28.129286,-25.96014],[28.129302,-25.960106],[28.129325,-25.960051]]}},{"type":"Feature","properties":{"id":"relation/3299266","name":"Midrand - Noordwyk (Gautrain M2)","network":"Gautrain Bus"},"geometry":{"type":"LineString","coordinates":[[28.129325,-25.960051],[28.129429,-25.959754]]}},{"type":"Feature","properties":{"id":"relation/3299266","name":"Midrand - Noordwyk (Gautrain M2)","network":"Gautrain Bus"},"geometry":{"type":"LineString","coordinates":[[28.129461,-25.959664],[28.129555,-25.959378]]}},{"type":"Feature","properties":{"id":"relation/3299266","name":"Midrand - Noordwyk (Gautrain M2)","network":"Gautrain Bus"},"geometry":{"type":"LineString","coordinates":[[28.129555,-25.959378],[28.129591,-25.95928],[28.129873,-25.958464],[28.129899,-25.958398]]}},{"type":"Feature","properties":{"id":"relation/3299266","name":"Midrand - Noordwyk (Gautrain M2)","network":"Gautrain Bus"},"geometry":{"type":"LineString","coordinates":[[28.129899,-25.958398],[28.129938,-25.958264]]}},{"type":"Feature","properties":{"id":"relation/3299266","name":"Midrand - Noordwyk (Gautrain M2)","network":"Gautrain Bus"},"geometry":{"type":"LineString","coordinates":[[28.129938,-25.958264],[28.130042,-25.957957],[28.130053,-25.957928]]}},{"type":"Feature","properties":{"id":"relation/3299266","name":"Midrand - Noordwyk (Gautrain M2)","network":"Gautrain Bus"},"geometry":{"type":"LineString","coordinates":[[28.130053,-25.957928],[28.130073,-25.957872]]}},{"type":"Feature","properties":{"id":"relation/3299266","name":"Midrand - Noordwyk (Gautrain M2)","network":"Gautrain Bus"},"geometry":{"type":"LineString","coordinates":[[28.130073,-25.957872],[28.13014,-25.95768]]}},{"type":"Feature","properties":{"id":"relation/3299266","name":"Midrand - Noordwyk (Gautrain M2)","network":"Gautrain Bus"},"geometry":{"type":"LineString","coordinates":[[28.13014,-25.95768],[28.13027,-25.957376]]}},{"type":"Feature","properties":{"id":"relation/3299266","name":"Midrand - Noordwyk (Gautrain M2)","network":"Gautrain Bus"},"geometry":{"type":"LineString","coordinates":[[28.130886,-25.954934],[28.130939,-25.95503],[28.130974,-25.955139],[28.13098,-25.955291],[28.130937,-25.955455],[28.130675,-25.956196],[28.130652,-25.956263],[28.130456,-25.956819],[28.130436,-25.956874],[28.130403,-25.956976],[28.130303,-25.957283],[28.13027,-25.957376]]}},{"type":"Feature","properties":{"id":"relation/3299266","name":"Midrand - Noordwyk (Gautrain M2)","network":"Gautrain Bus"},"geometry":{"type":"LineString","coordinates":[[28.127851,-25.95378],[28.128675,-25.954104],[28.129514,-25.954398],[28.129584,-25.95442],[28.130518,-25.954688],[28.130711,-25.954772],[28.130814,-25.954857],[28.130886,-25.954934]]}},{"type":"Feature","properties":{"id":"relation/3299266","name":"Midrand - Noordwyk (Gautrain M2)","network":"Gautrain Bus"},"geometry":{"type":"LineString","coordinates":[[28.127606,-25.95368],[28.127851,-25.95378]]}},{"type":"Feature","properties":{"id":"relation/3299266","name":"Midrand - Noordwyk (Gautrain M2)","network":"Gautrain Bus"},"geometry":{"type":"LineString","coordinates":[[28.123869,-25.952811],[28.124394,-25.952883],[28.124441,-25.952889],[28.125248,-25.952996],[28.125842,-25.953072],[28.126126,-25.953122],[28.126238,-25.95314],[28.126344,-25.953166],[28.126373,-25.953178],[28.126398,-25.953192],[28.126567,-25.95326],[28.126904,-25.953393],[28.127323,-25.953568],[28.127606,-25.95368]]}},{"type":"Feature","properties":{"id":"relation/3299266","name":"Midrand - Noordwyk (Gautrain M2)","network":"Gautrain Bus"},"geometry":{"type":"LineString","coordinates":[[28.123106,-25.952718],[28.123189,-25.952728],[28.12342,-25.952757],[28.123713,-25.952792],[28.123869,-25.952811]]}},{"type":"Feature","properties":{"id":"relation/3299266","name":"Midrand - Noordwyk (Gautrain M2)","network":"Gautrain Bus"},"geometry":{"type":"LineString","coordinates":[[28.122981,-25.952701],[28.123106,-25.952718]]}},{"type":"Feature","properties":{"id":"relation/3299266","name":"Midrand - Noordwyk (Gautrain M2)","network":"Gautrain Bus"},"geometry":{"type":"LineString","coordinates":[[28.122831,-25.953537],[28.122848,-25.953443],[28.12297,-25.952765],[28.122981,-25.952701]]}},{"type":"Feature","properties":{"id":"relation/3299266","name":"Midrand - Noordwyk (Gautrain M2)","network":"Gautrain Bus"},"geometry":{"type":"LineString","coordinates":[[28.122779,-25.955298],[28.122778,-25.955198],[28.122776,-25.955078],[28.122775,-25.954922],[28.122776,-25.954427],[28.122787,-25.953928],[28.122818,-25.953656],[28.122831,-25.953537]]}},{"type":"Feature","properties":{"id":"relation/3299266","name":"Midrand - Noordwyk (Gautrain M2)","network":"Gautrain Bus"},"geometry":{"type":"LineString","coordinates":[[28.122906,-25.957872],[28.122923,-25.957734],[28.12294,-25.957507],[28.122953,-25.957257],[28.122928,-25.956894],[28.122893,-25.956596],[28.12285,-25.956246],[28.122803,-25.955769],[28.122788,-25.955555],[28.122781,-25.955416],[28.122779,-25.955298]]}},{"type":"Feature","properties":{"id":"relation/3299266","name":"Midrand - Noordwyk (Gautrain M2)","network":"Gautrain Bus"},"geometry":{"type":"LineString","coordinates":[[28.122595,-25.959397],[28.122611,-25.959328],[28.122712,-25.958795],[28.122728,-25.958736],[28.122791,-25.958414],[28.122815,-25.958311],[28.122906,-25.957872]]}},{"type":"Feature","properties":{"id":"relation/3299266","name":"Midrand - Noordwyk (Gautrain M2)","network":"Gautrain Bus"},"geometry":{"type":"LineString","coordinates":[[28.122462,-25.959989],[28.122595,-25.959397]]}},{"type":"Feature","properties":{"id":"relation/3299266","name":"Midrand - Noordwyk (Gautrain M2)","network":"Gautrain Bus"},"geometry":{"type":"LineString","coordinates":[[28.122288,-25.960916],[28.122441,-25.960093],[28.122462,-25.959989]]}},{"type":"Feature","properties":{"id":"relation/3299266","name":"Midrand - Noordwyk (Gautrain M2)","network":"Gautrain Bus"},"geometry":{"type":"LineString","coordinates":[[28.12227,-25.961009],[28.122288,-25.960916]]}},{"type":"Feature","properties":{"id":"relation/3299266","name":"Midrand - Noordwyk (Gautrain M2)","network":"Gautrain Bus"},"geometry":{"type":"LineString","coordinates":[[28.12227,-25.961009],[28.122333,-25.961025]]}},{"type":"Feature","properties":{"id":"relation/3299266","name":"Midrand - Noordwyk (Gautrain M2)","network":"Gautrain Bus"},"geometry":{"type":"LineString","coordinates":[[28.122333,-25.961025],[28.122366,-25.961035]]}},{"type":"Feature","properties":{"id":"relation/3299266","name":"Midrand - Noordwyk (Gautrain M2)","network":"Gautrain Bus"},"geometry":{"type":"LineString","coordinates":[[28.122366,-25.961035],[28.122567,-25.961095],[28.122577,-25.961098]]}},{"type":"Feature","properties":{"id":"relation/3299266","name":"Midrand - Noordwyk (Gautrain M2)","network":"Gautrain Bus"},"geometry":{"type":"LineString","coordinates":[[28.122577,-25.961098],[28.123607,-25.961409],[28.123687,-25.961434],[28.124701,-25.961767],[28.124901,-25.961838]]}},{"type":"Feature","properties":{"id":"relation/3299266","name":"Midrand - Noordwyk (Gautrain M2)","network":"Gautrain Bus"},"geometry":{"type":"LineString","coordinates":[[28.124901,-25.961838],[28.125084,-25.961899]]}},{"type":"Feature","properties":{"id":"relation/3299266","name":"Midrand - Noordwyk (Gautrain M2)","network":"Gautrain Bus"},"geometry":{"type":"LineString","coordinates":[[28.125084,-25.961899],[28.127314,-25.962578]]}},{"type":"Feature","properties":{"id":"relation/3299266","name":"Midrand - Noordwyk (Gautrain M2)","network":"Gautrain Bus"},"geometry":{"type":"LineString","coordinates":[[28.127314,-25.962578],[28.128312,-25.962855]]}},{"type":"Feature","properties":{"id":"relation/3299266","name":"Midrand - Noordwyk (Gautrain M2)","network":"Gautrain Bus"},"geometry":{"type":"LineString","coordinates":[[28.128312,-25.962855],[28.128359,-25.962868]]}},{"type":"Feature","properties":{"id":"relation/3299266","name":"Midrand - Noordwyk (Gautrain M2)","network":"Gautrain Bus"},"geometry":{"type":"LineString","coordinates":[[28.128359,-25.962868],[28.127854,-25.964265]]}},{"type":"Feature","properties":{"id":"relation/3299266","name":"Midrand - Noordwyk (Gautrain M2)","network":"Gautrain Bus"},"geometry":{"type":"LineString","coordinates":[[28.127854,-25.964265],[28.127838,-25.964322],[28.127793,-25.964441],[28.127771,-25.964505],[28.127764,-25.964559],[28.127765,-25.964595],[28.127767,-25.964646]]}},{"type":"Feature","properties":{"id":"relation/3299266","name":"Midrand - Noordwyk (Gautrain M2)","network":"Gautrain Bus"},"geometry":{"type":"LineString","coordinates":[[28.127767,-25.964646],[28.127786,-25.964676],[28.127793,-25.964709],[28.127789,-25.964743],[28.127773,-25.964774],[28.127746,-25.964798],[28.127713,-25.964814],[28.127697,-25.964817],[28.127675,-25.96482],[28.127638,-25.964814],[28.127602,-25.964797],[28.127588,-25.964784],[28.127575,-25.964771],[28.127559,-25.964737],[28.127557,-25.964701],[28.127568,-25.964666],[28.127592,-25.964637],[28.127625,-25.964616],[28.127664,-25.964607],[28.127704,-25.96461],[28.127739,-25.964623],[28.127767,-25.964646]]}},{"type":"Feature","properties":{"id":"relation/3299266","name":"Midrand - Noordwyk (Gautrain M2)","network":"Gautrain Bus"},"geometry":{"type":"LineString","coordinates":[[28.127697,-25.964817],[28.127661,-25.964855],[28.127633,-25.964894],[28.127586,-25.965034],[28.127509,-25.96525],[28.127413,-25.965561],[28.127333,-25.965712]]}},{"type":"Feature","properties":{"id":"relation/3299266","name":"Midrand - Noordwyk (Gautrain M2)","network":"Gautrain Bus"},"geometry":{"type":"LineString","coordinates":[[28.1261,-25.969257],[28.126069,-25.969347],[28.125928,-25.969728],[28.125875,-25.969872]]}},{"type":"Feature","properties":{"id":"relation/3299266","name":"Midrand - Noordwyk (Gautrain M2)","network":"Gautrain Bus"},"geometry":{"type":"LineString","coordinates":[[28.125875,-25.969872],[28.12579,-25.96984],[28.125699,-25.969799],[28.125636,-25.969756],[28.125524,-25.96968],[28.125439,-25.969585],[28.125377,-25.969534],[28.125256,-25.969476],[28.125125,-25.969431],[28.124794,-25.969338],[28.124314,-25.969216],[28.123837,-25.969074],[28.12365,-25.969066],[28.123448,-25.969063],[28.123155,-25.969075],[28.12296,-25.96908],[28.122762,-25.969065],[28.122573,-25.969035],[28.12186,-25.968904],[28.120976,-25.96875],[28.120846,-25.968727],[28.120782,-25.968716]]}},{"type":"Feature","properties":{"id":"relation/3299266","name":"Midrand - Noordwyk (Gautrain M2)","network":"Gautrain Bus"},"geometry":{"type":"LineString","coordinates":[[28.120782,-25.968716],[28.120777,-25.968744]]}},{"type":"Feature","properties":{"id":"relation/3299266","name":"Midrand - Noordwyk (Gautrain M2)","network":"Gautrain Bus"},"geometry":{"type":"LineString","coordinates":[[28.120777,-25.968744],[28.120757,-25.968838],[28.120717,-25.969032],[28.120614,-25.969334],[28.120516,-25.969579]]}},{"type":"Feature","properties":{"id":"relation/3299266","name":"Midrand - Noordwyk (Gautrain M2)","network":"Gautrain Bus"},"geometry":{"type":"LineString","coordinates":[[28.120516,-25.969579],[28.120447,-25.969791],[28.120408,-25.969974]]}},{"type":"Feature","properties":{"id":"relation/3299266","name":"Midrand - Noordwyk (Gautrain M2)","network":"Gautrain Bus"},"geometry":{"type":"LineString","coordinates":[[28.120408,-25.969974],[28.120392,-25.970177],[28.120382,-25.970273]]}},{"type":"Feature","properties":{"id":"relation/3299266","name":"Midrand - Noordwyk (Gautrain M2)","network":"Gautrain Bus"},"geometry":{"type":"LineString","coordinates":[[28.120382,-25.970273],[28.120371,-25.970388],[28.120358,-25.970531],[28.120315,-25.970822],[28.120291,-25.970995],[28.120252,-25.971215],[28.120216,-25.971397],[28.120145,-25.971719],[28.119989,-25.972463],[28.119904,-25.972882]]}},{"type":"Feature","properties":{"id":"relation/3299266","name":"Midrand - Noordwyk (Gautrain M2)","network":"Gautrain Bus"},"geometry":{"type":"LineString","coordinates":[[28.119904,-25.972882],[28.11975,-25.973621]]}},{"type":"Feature","properties":{"id":"relation/3299266","name":"Midrand - Noordwyk (Gautrain M2)","network":"Gautrain Bus"},"geometry":{"type":"LineString","coordinates":[[28.11975,-25.973621],[28.119656,-25.974083],[28.119538,-25.97464],[28.119445,-25.975082],[28.119343,-25.975444],[28.119316,-25.975541]]}},{"type":"Feature","properties":{"id":"relation/3299266","name":"Midrand - Noordwyk (Gautrain M2)","network":"Gautrain Bus"},"geometry":{"type":"LineString","coordinates":[[28.119316,-25.975541],[28.119204,-25.975937],[28.119159,-25.976109]]}},{"type":"Feature","properties":{"id":"relation/3299266","name":"Midrand - Noordwyk (Gautrain M2)","network":"Gautrain Bus"},"geometry":{"type":"LineString","coordinates":[[28.119159,-25.976109],[28.119138,-25.976187]]}},{"type":"Feature","properties":{"id":"relation/3299266","name":"Midrand - Noordwyk (Gautrain M2)","network":"Gautrain Bus"},"geometry":{"type":"LineString","coordinates":[[28.119138,-25.976187],[28.119035,-25.976523],[28.118951,-25.976818],[28.118779,-25.977414]]}},{"type":"Feature","properties":{"id":"relation/3299266","name":"Midrand - Noordwyk (Gautrain M2)","network":"Gautrain Bus"},"geometry":{"type":"LineString","coordinates":[[28.118779,-25.977414],[28.118587,-25.97805]]}},{"type":"Feature","properties":{"id":"relation/3299266","name":"Midrand - Noordwyk (Gautrain M2)","network":"Gautrain Bus"},"geometry":{"type":"LineString","coordinates":[[28.118587,-25.97805],[28.118626,-25.978182],[28.11865,-25.978237],[28.118678,-25.978278],[28.118713,-25.978316],[28.118755,-25.978348],[28.118866,-25.978413]]}},{"type":"Feature","properties":{"id":"relation/3299266","name":"Midrand - Noordwyk (Gautrain M2)","network":"Gautrain Bus"},"geometry":{"type":"LineString","coordinates":[[28.118866,-25.978413],[28.119657,-25.978607]]}},{"type":"Feature","properties":{"id":"relation/3299266","name":"Midrand - Noordwyk (Gautrain M2)","network":"Gautrain Bus"},"geometry":{"type":"LineString","coordinates":[[28.119657,-25.978607],[28.120346,-25.978764]]}},{"type":"Feature","properties":{"id":"relation/3299266","name":"Midrand - Noordwyk (Gautrain M2)","network":"Gautrain Bus"},"geometry":{"type":"LineString","coordinates":[[28.120346,-25.978764],[28.120483,-25.978802]]}},{"type":"Feature","properties":{"id":"relation/3299266","name":"Midrand - Noordwyk (Gautrain M2)","network":"Gautrain Bus"},"geometry":{"type":"LineString","coordinates":[[28.120483,-25.978802],[28.120447,-25.978924]]}},{"type":"Feature","properties":{"id":"relation/3299266","name":"Midrand - Noordwyk (Gautrain M2)","network":"Gautrain Bus"},"geometry":{"type":"LineString","coordinates":[[28.120447,-25.978924],[28.120329,-25.979341]]}},{"type":"Feature","properties":{"id":"relation/3299266","name":"Midrand - Noordwyk (Gautrain M2)","network":"Gautrain Bus"},"geometry":{"type":"LineString","coordinates":[[28.120329,-25.979341],[28.120207,-25.979763],[28.119996,-25.980462]]}},{"type":"Feature","properties":{"id":"relation/3299266","name":"Midrand - Noordwyk (Gautrain M2)","network":"Gautrain Bus"},"geometry":{"type":"LineString","coordinates":[[28.119996,-25.980462],[28.119831,-25.981088]]}},{"type":"Feature","properties":{"id":"relation/3299266","name":"Midrand - Noordwyk (Gautrain M2)","network":"Gautrain Bus"},"geometry":{"type":"LineString","coordinates":[[28.119831,-25.981088],[28.119452,-25.982376]]}},{"type":"Feature","properties":{"id":"relation/3299266","name":"Midrand - Noordwyk (Gautrain M2)","network":"Gautrain Bus"},"geometry":{"type":"LineString","coordinates":[[28.119452,-25.982376],[28.119264,-25.983033]]}},{"type":"Feature","properties":{"id":"relation/3299266","name":"Midrand - Noordwyk (Gautrain M2)","network":"Gautrain Bus"},"geometry":{"type":"LineString","coordinates":[[28.119264,-25.983033],[28.119113,-25.983557],[28.119075,-25.983704],[28.119064,-25.983819],[28.119066,-25.983941],[28.119082,-25.984081],[28.119103,-25.984185],[28.119192,-25.984443]]}},{"type":"Feature","properties":{"id":"relation/3299266","name":"Midrand - Noordwyk (Gautrain M2)","network":"Gautrain Bus"},"geometry":{"type":"LineString","coordinates":[[28.120884,-25.990983],[28.121035,-25.991168],[28.121059,-25.991198]]}},{"type":"Feature","properties":{"id":"relation/3299266","name":"Midrand - Noordwyk (Gautrain M2)","network":"Gautrain Bus"},"geometry":{"type":"LineString","coordinates":[[28.121059,-25.991198],[28.1212,-25.991367],[28.121245,-25.991429],[28.121277,-25.991493],[28.121295,-25.991537],[28.121323,-25.991624],[28.121397,-25.991926],[28.121447,-25.992148],[28.121459,-25.992269]]}},{"type":"Feature","properties":{"id":"relation/3299266","name":"Midrand - Noordwyk (Gautrain M2)","network":"Gautrain Bus"},"geometry":{"type":"LineString","coordinates":[[28.127293,-25.994491],[28.127527,-25.994525],[28.127826,-25.994598],[28.128002,-25.994641],[28.128257,-25.994703],[28.128367,-25.99473]]}},{"type":"Feature","properties":{"id":"relation/3299266","name":"Midrand - Noordwyk (Gautrain M2)","network":"Gautrain Bus"},"geometry":{"type":"LineString","coordinates":[[28.128367,-25.99473],[28.128619,-25.994792],[28.12878,-25.994831]]}},{"type":"Feature","properties":{"id":"relation/3299266","name":"Midrand - Noordwyk (Gautrain M2)","network":"Gautrain Bus"},"geometry":{"type":"LineString","coordinates":[[28.12878,-25.994831],[28.128867,-25.994853]]}},{"type":"Feature","properties":{"id":"relation/3299266","name":"Midrand - Noordwyk (Gautrain M2)","network":"Gautrain Bus"},"geometry":{"type":"LineString","coordinates":[[28.128867,-25.994853],[28.129,-25.994878]]}},{"type":"Feature","properties":{"id":"relation/3299266","name":"Midrand - Noordwyk (Gautrain M2)","network":"Gautrain Bus"},"geometry":{"type":"LineString","coordinates":[[28.128965,-25.995013],[28.12885,-25.995406]]}},{"type":"Feature","properties":{"id":"relation/3299266","name":"Midrand - Noordwyk (Gautrain M2)","network":"Gautrain Bus"},"geometry":{"type":"LineString","coordinates":[[28.128984,-25.994948],[28.128965,-25.995013]]}},{"type":"Feature","properties":{"id":"relation/3299266","name":"Midrand - Noordwyk (Gautrain M2)","network":"Gautrain Bus"},"geometry":{"type":"LineString","coordinates":[[28.128692,-25.995875],[28.129246,-25.996173],[28.129982,-25.99657],[28.130548,-25.996875],[28.130893,-25.997055]]}},{"type":"Feature","properties":{"id":"relation/3299266","name":"Midrand - Noordwyk (Gautrain M2)","network":"Gautrain Bus"},"geometry":{"type":"LineString","coordinates":[[28.130893,-25.997055],[28.130965,-25.997093]]}},{"type":"Feature","properties":{"id":"relation/3299266","name":"Midrand - Noordwyk (Gautrain M2)","network":"Gautrain Bus"},"geometry":{"type":"LineString","coordinates":[[28.130965,-25.997093],[28.131021,-25.997066]]}},{"type":"Feature","properties":{"id":"relation/3299266","name":"Midrand - Noordwyk (Gautrain M2)","network":"Gautrain Bus"},"geometry":{"type":"LineString","coordinates":[[28.131021,-25.997066],[28.131463,-25.996854],[28.132756,-25.996278],[28.133538,-25.995951],[28.134185,-25.995664]]}},{"type":"Feature","properties":{"id":"relation/3299266","name":"Midrand - Noordwyk (Gautrain M2)","network":"Gautrain Bus"},"geometry":{"type":"LineString","coordinates":[[28.134185,-25.995664],[28.134533,-25.995504]]}},{"type":"Feature","properties":{"id":"relation/3299266","name":"Midrand - Noordwyk (Gautrain M2)","network":"Gautrain Bus"},"geometry":{"type":"LineString","coordinates":[[28.134533,-25.995504],[28.134608,-25.995469]]}},{"type":"Feature","properties":{"id":"relation/3299266","name":"Midrand - Noordwyk (Gautrain M2)","network":"Gautrain Bus"},"geometry":{"type":"LineString","coordinates":[[28.134608,-25.995469],[28.134729,-25.99542]]}},{"type":"Feature","properties":{"id":"relation/3299266","name":"Midrand - Noordwyk (Gautrain M2)","network":"Gautrain Bus"},"geometry":{"type":"LineString","coordinates":[[28.134729,-25.99542],[28.134797,-25.995393]]}},{"type":"Feature","properties":{"id":"relation/3299266","name":"Midrand - Noordwyk (Gautrain M2)","network":"Gautrain Bus"},"geometry":{"type":"LineString","coordinates":[[28.134797,-25.995393],[28.135005,-25.99531]]}},{"type":"Feature","properties":{"id":"relation/3299266","name":"Midrand - Noordwyk (Gautrain M2)","network":"Gautrain Bus"},"geometry":{"type":"LineString","coordinates":[[28.135005,-25.99531],[28.135299,-25.995177],[28.136283,-25.994743],[28.136401,-25.994697],[28.136553,-25.994692],[28.136661,-25.994724],[28.136756,-25.994798],[28.136841,-25.99492],[28.137089,-25.995434],[28.137097,-25.995496],[28.137091,-25.995558],[28.137071,-25.99562],[28.137034,-25.995677],[28.136971,-25.995732],[28.136788,-25.995808],[28.136592,-25.995884],[28.136349,-25.995987],[28.136259,-25.996022],[28.136179,-25.996054]]}},{"type":"Feature","properties":{"id":"relation/3299266","name":"Midrand - Noordwyk (Gautrain M2)","network":"Gautrain Bus"},"geometry":{"type":"LineString","coordinates":[[28.136179,-25.996054],[28.136129,-25.995964]]}},{"type":"Feature","properties":{"id":"relation/3299266","name":"Midrand - Noordwyk (Gautrain M2)","network":"Gautrain Bus"},"geometry":{"type":"LineString","coordinates":[[28.136129,-25.995964],[28.136303,-25.995896]]}},{"type":"Feature","properties":{"id":"relation/3299266","name":"Midrand - Noordwyk (Gautrain M2)","network":"Gautrain Bus"},"geometry":{"type":"LineString","coordinates":[[28.123106,-25.952718],[28.123094,-25.952782],[28.12302,-25.953171],[28.12296,-25.953457],[28.12294,-25.953554]]}},{"type":"Feature","properties":{"id":"relation/3299266","name":"Midrand - Noordwyk (Gautrain M2)","network":"Gautrain Bus"},"geometry":{"type":"LineString","coordinates":[[28.12294,-25.953554],[28.122933,-25.953664],[28.122901,-25.953933],[28.122868,-25.954331],[28.122827,-25.95484],[28.122817,-25.955287]]}},{"type":"Feature","properties":{"id":"relation/3299266","name":"Midrand - Noordwyk (Gautrain M2)","network":"Gautrain Bus"},"geometry":{"type":"LineString","coordinates":[[28.122817,-25.955287],[28.122814,-25.955409],[28.122819,-25.955536],[28.122841,-25.95576],[28.122865,-25.955996],[28.122952,-25.956769],[28.122974,-25.957016],[28.122981,-25.95722],[28.122974,-25.957501],[28.122956,-25.957735],[28.122944,-25.957869]]}},{"type":"Feature","properties":{"id":"relation/3299266","name":"Midrand - Noordwyk (Gautrain M2)","network":"Gautrain Bus"},"geometry":{"type":"LineString","coordinates":[[28.122944,-25.957869],[28.122852,-25.958521],[28.122807,-25.958757],[28.122803,-25.958784],[28.1227,-25.959347],[28.122685,-25.959414]]}},{"type":"Feature","properties":{"id":"relation/3299266","name":"Midrand - Noordwyk (Gautrain M2)","network":"Gautrain Bus"},"geometry":{"type":"LineString","coordinates":[[28.122685,-25.959414],[28.122554,-25.959873],[28.122522,-25.959987],[28.122482,-25.960173],[28.122432,-25.960474]]}},{"type":"Feature","properties":{"id":"relation/3299266","name":"Midrand - Noordwyk (Gautrain M2)","network":"Gautrain Bus"},"geometry":{"type":"LineString","coordinates":[[28.122432,-25.960474],[28.122407,-25.960643],[28.122388,-25.960746]]}},{"type":"Feature","properties":{"id":"relation/3299266","name":"Midrand - Noordwyk (Gautrain M2)","network":"Gautrain Bus"},"geometry":{"type":"LineString","coordinates":[[28.122388,-25.960746],[28.122352,-25.960929]]}},{"type":"Feature","properties":{"id":"relation/3299266","name":"Midrand - Noordwyk (Gautrain M2)","network":"Gautrain Bus"},"geometry":{"type":"LineString","coordinates":[[28.122352,-25.960929],[28.122333,-25.961025]]}},{"type":"Feature","properties":{"id":"relation/3299266","name":"Midrand - Noordwyk (Gautrain M2)","network":"Gautrain Bus"},"geometry":{"type":"LineString","coordinates":[[28.129,-25.994878],[28.128984,-25.994948]]}},{"type":"Feature","properties":{"id":"relation/3378364","name":"Rosebank - Zoo Lake (Gautrain)","network":"Gautrain Bus"},"geometry":{"type":"LineString","coordinates":[[28.044146,-26.146597],[28.044121,-26.146439],[28.04412,-26.146385],[28.044118,-26.146297],[28.044124,-26.146271],[28.04414,-26.146245],[28.044186,-26.146201],[28.044222,-26.146172]]}},{"type":"Feature","properties":{"id":"relation/3378364","name":"Rosebank - Zoo Lake (Gautrain)","network":"Gautrain Bus"},"geometry":{"type":"LineString","coordinates":[[28.044222,-26.146172],[28.044167,-26.145874]]}},{"type":"Feature","properties":{"id":"relation/3378364","name":"Rosebank - Zoo Lake (Gautrain)","network":"Gautrain Bus"},"geometry":{"type":"LineString","coordinates":[[28.044167,-26.145874],[28.044164,-26.145855],[28.044156,-26.145814],[28.044103,-26.145543],[28.044072,-26.145381]]}},{"type":"Feature","properties":{"id":"relation/3378364","name":"Rosebank - Zoo Lake (Gautrain)","network":"Gautrain Bus"},"geometry":{"type":"LineString","coordinates":[[28.044072,-26.145381],[28.04398,-26.144924]]}},{"type":"Feature","properties":{"id":"relation/3378364","name":"Rosebank - Zoo Lake (Gautrain)","network":"Gautrain Bus"},"geometry":{"type":"LineString","coordinates":[[28.04398,-26.144924],[28.043953,-26.144796],[28.043934,-26.144709]]}},{"type":"Feature","properties":{"id":"relation/3378364","name":"Rosebank - Zoo Lake (Gautrain)","network":"Gautrain Bus"},"geometry":{"type":"LineString","coordinates":[[28.043934,-26.144709],[28.043865,-26.144414],[28.043749,-26.143838]]}},{"type":"Feature","properties":{"id":"relation/3378364","name":"Rosebank - Zoo Lake (Gautrain)","network":"Gautrain Bus"},"geometry":{"type":"LineString","coordinates":[[28.043749,-26.143838],[28.043676,-26.143507],[28.043615,-26.143154],[28.043612,-26.143138],[28.043596,-26.143044]]}},{"type":"Feature","properties":{"id":"relation/3378364","name":"Rosebank - Zoo Lake (Gautrain)","network":"Gautrain Bus"},"geometry":{"type":"LineString","coordinates":[[28.043596,-26.143044],[28.043575,-26.142909],[28.043544,-26.142714],[28.043529,-26.142378]]}},{"type":"Feature","properties":{"id":"relation/3378364","name":"Rosebank - Zoo Lake (Gautrain)","network":"Gautrain Bus"},"geometry":{"type":"LineString","coordinates":[[28.043441,-26.142159],[28.04158,-26.142463],[28.039955,-26.142738],[28.039871,-26.142754],[28.039803,-26.142761],[28.039012,-26.142892],[28.038595,-26.142961],[28.038171,-26.143031],[28.036463,-26.143346]]}},{"type":"Feature","properties":{"id":"relation/3378364","name":"Rosebank - Zoo Lake (Gautrain)","network":"Gautrain Bus"},"geometry":{"type":"LineString","coordinates":[[28.036463,-26.143346],[28.035907,-26.143422]]}},{"type":"Feature","properties":{"id":"relation/3378364","name":"Rosebank - Zoo Lake (Gautrain)","network":"Gautrain Bus"},"geometry":{"type":"LineString","coordinates":[[28.035907,-26.143422],[28.035935,-26.143629],[28.035945,-26.143704],[28.036005,-26.144137],[28.036039,-26.144382],[28.036083,-26.144721],[28.036097,-26.144995]]}},{"type":"Feature","properties":{"id":"relation/3378364","name":"Rosebank - Zoo Lake (Gautrain)","network":"Gautrain Bus"},"geometry":{"type":"LineString","coordinates":[[28.036097,-26.144995],[28.036097,-26.145195],[28.036003,-26.145519]]}},{"type":"Feature","properties":{"id":"relation/3378364","name":"Rosebank - Zoo Lake (Gautrain)","network":"Gautrain Bus"},"geometry":{"type":"LineString","coordinates":[[28.035883,-26.145467],[28.036003,-26.145519]]}},{"type":"Feature","properties":{"id":"relation/3378364","name":"Rosebank - Zoo Lake (Gautrain)","network":"Gautrain Bus"},"geometry":{"type":"LineString","coordinates":[[28.035232,-26.145294],[28.035883,-26.145467]]}},{"type":"Feature","properties":{"id":"relation/3378364","name":"Rosebank - Zoo Lake (Gautrain)","network":"Gautrain Bus"},"geometry":{"type":"LineString","coordinates":[[28.028715,-26.144779],[28.02895,-26.144785],[28.02971,-26.14481],[28.030372,-26.144832],[28.031777,-26.144878],[28.032397,-26.144899],[28.033364,-26.144923],[28.033429,-26.144925],[28.033636,-26.144934],[28.033668,-26.144935],[28.033983,-26.144948],[28.03418,-26.144974],[28.034264,-26.144992],[28.035131,-26.145267],[28.035232,-26.145294]]}},{"type":"Feature","properties":{"id":"relation/3378364","name":"Rosebank - Zoo Lake (Gautrain)","network":"Gautrain Bus"},"geometry":{"type":"LineString","coordinates":[[28.028715,-26.144779],[28.028713,-26.144819],[28.028706,-26.144974],[28.028643,-26.146385],[28.028604,-26.147963],[28.028551,-26.1492],[28.028499,-26.149372]]}},{"type":"Feature","properties":{"id":"relation/3378364","name":"Rosebank - Zoo Lake (Gautrain)","network":"Gautrain Bus"},"geometry":{"type":"LineString","coordinates":[[28.028499,-26.149372],[28.028412,-26.149535],[28.028036,-26.150175],[28.027393,-26.151352],[28.027322,-26.151501],[28.027307,-26.151546],[28.027303,-26.151607],[28.027304,-26.151703],[28.027333,-26.151791],[28.027381,-26.151887],[28.028086,-26.152964],[28.02841,-26.153443],[28.029093,-26.154237]]}},{"type":"Feature","properties":{"id":"relation/3378364","name":"Rosebank - Zoo Lake (Gautrain)","network":"Gautrain Bus"},"geometry":{"type":"LineString","coordinates":[[28.028492,-26.155715],[28.028507,-26.155545],[28.028509,-26.15544],[28.028508,-26.155282],[28.028516,-26.155211],[28.028542,-26.155079],[28.028574,-26.154964],[28.028587,-26.154928],[28.02864,-26.154804],[28.028696,-26.15471],[28.02873,-26.154653],[28.028783,-26.154586],[28.02886,-26.154492],[28.028941,-26.154389],[28.029014,-26.154305],[28.029051,-26.154271],[28.029093,-26.154237]]}},{"type":"Feature","properties":{"id":"relation/3378364","name":"Rosebank - Zoo Lake (Gautrain)","network":"Gautrain Bus"},"geometry":{"type":"LineString","coordinates":[[28.027096,-26.157416],[28.027105,-26.15739],[28.027151,-26.157262],[28.02719,-26.157198],[28.027258,-26.157107],[28.02736,-26.157],[28.027436,-26.156937],[28.027955,-26.156512],[28.028165,-26.156337],[28.028216,-26.15629],[28.028257,-26.156243],[28.02827,-26.156226],[28.028284,-26.156204],[28.028341,-26.156114],[28.028396,-26.156],[28.028449,-26.155868],[28.028492,-26.155715]]}},{"type":"Feature","properties":{"id":"relation/3378364","name":"Rosebank - Zoo Lake (Gautrain)","network":"Gautrain Bus"},"geometry":{"type":"LineString","coordinates":[[28.027096,-26.157416],[28.027089,-26.157549],[28.027088,-26.157592],[28.027086,-26.157667],[28.027089,-26.157734],[28.027091,-26.157764]]}},{"type":"Feature","properties":{"id":"relation/3378364","name":"Rosebank - Zoo Lake (Gautrain)","network":"Gautrain Bus"},"geometry":{"type":"LineString","coordinates":[[28.027091,-26.157764],[28.027098,-26.157806],[28.027134,-26.157901],[28.027186,-26.158]]}},{"type":"Feature","properties":{"id":"relation/3378364","name":"Rosebank - Zoo Lake (Gautrain)","network":"Gautrain Bus"},"geometry":{"type":"LineString","coordinates":[[28.027186,-26.158],[28.027284,-26.158172],[28.027378,-26.158319],[28.027513,-26.158531],[28.027533,-26.158568],[28.027549,-26.158623]]}},{"type":"Feature","properties":{"id":"relation/3378364","name":"Rosebank - Zoo Lake (Gautrain)","network":"Gautrain Bus"},"geometry":{"type":"LineString","coordinates":[[28.028471,-26.160008],[28.027549,-26.158623]]}},{"type":"Feature","properties":{"id":"relation/3378364","name":"Rosebank - Zoo Lake (Gautrain)","network":"Gautrain Bus"},"geometry":{"type":"LineString","coordinates":[[28.032321,-26.164109],[28.032256,-26.164044],[28.031851,-26.163642],[28.031544,-26.163331],[28.031285,-26.163084],[28.031276,-26.163076],[28.031212,-26.163005],[28.030562,-26.162358],[28.029938,-26.16174],[28.029467,-26.161282],[28.029358,-26.161168],[28.029187,-26.160998],[28.029064,-26.160869],[28.028978,-26.160774],[28.028923,-26.1607],[28.028471,-26.160008]]}},{"type":"Feature","properties":{"id":"relation/3378364","name":"Rosebank - Zoo Lake (Gautrain)","network":"Gautrain Bus"},"geometry":{"type":"LineString","coordinates":[[28.032674,-26.164504],[28.032337,-26.164157],[28.032321,-26.164109]]}},{"type":"Feature","properties":{"id":"relation/3378364","name":"Rosebank - Zoo Lake (Gautrain)","network":"Gautrain Bus"},"geometry":{"type":"LineString","coordinates":[[28.032998,-26.164813],[28.032674,-26.164504]]}},{"type":"Feature","properties":{"id":"relation/3378364","name":"Rosebank - Zoo Lake (Gautrain)","network":"Gautrain Bus"},"geometry":{"type":"LineString","coordinates":[[28.033154,-26.164976],[28.032998,-26.164813]]}},{"type":"Feature","properties":{"id":"relation/3378364","name":"Rosebank - Zoo Lake (Gautrain)","network":"Gautrain Bus"},"geometry":{"type":"LineString","coordinates":[[28.033531,-26.165342],[28.033154,-26.164976]]}},{"type":"Feature","properties":{"id":"relation/3378364","name":"Rosebank - Zoo Lake (Gautrain)","network":"Gautrain Bus"},"geometry":{"type":"LineString","coordinates":[[28.033733,-26.165533],[28.033619,-26.165426],[28.033531,-26.165342]]}},{"type":"Feature","properties":{"id":"relation/3378364","name":"Rosebank - Zoo Lake (Gautrain)","network":"Gautrain Bus"},"geometry":{"type":"LineString","coordinates":[[28.034,-26.165756],[28.033924,-26.165693],[28.033733,-26.165533]]}},{"type":"Feature","properties":{"id":"relation/3378364","name":"Rosebank - Zoo Lake (Gautrain)","network":"Gautrain Bus"},"geometry":{"type":"LineString","coordinates":[[28.034115,-26.165816],[28.034,-26.165756]]}},{"type":"Feature","properties":{"id":"relation/3378364","name":"Rosebank - Zoo Lake (Gautrain)","network":"Gautrain Bus"},"geometry":{"type":"LineString","coordinates":[[28.032321,-26.164109],[28.032381,-26.164128],[28.032742,-26.164468]]}},{"type":"Feature","properties":{"id":"relation/3378364","name":"Rosebank - Zoo Lake (Gautrain)","network":"Gautrain Bus"},"geometry":{"type":"LineString","coordinates":[[28.032742,-26.164468],[28.033052,-26.164774]]}},{"type":"Feature","properties":{"id":"relation/3378364","name":"Rosebank - Zoo Lake (Gautrain)","network":"Gautrain Bus"},"geometry":{"type":"LineString","coordinates":[[28.033052,-26.164774],[28.033188,-26.164911]]}},{"type":"Feature","properties":{"id":"relation/3378364","name":"Rosebank - Zoo Lake (Gautrain)","network":"Gautrain Bus"},"geometry":{"type":"LineString","coordinates":[[28.033188,-26.164911],[28.033582,-26.165291]]}},{"type":"Feature","properties":{"id":"relation/3378364","name":"Rosebank - Zoo Lake (Gautrain)","network":"Gautrain Bus"},"geometry":{"type":"LineString","coordinates":[[28.033582,-26.165291],[28.033672,-26.165379],[28.033768,-26.165477]]}},{"type":"Feature","properties":{"id":"relation/3378364","name":"Rosebank - Zoo Lake (Gautrain)","network":"Gautrain Bus"},"geometry":{"type":"LineString","coordinates":[[28.033768,-26.165477],[28.033956,-26.165637]]}},{"type":"Feature","properties":{"id":"relation/3378364","name":"Rosebank - Zoo Lake (Gautrain)","network":"Gautrain Bus"},"geometry":{"type":"LineString","coordinates":[[28.033956,-26.165637],[28.034019,-26.165692]]}},{"type":"Feature","properties":{"id":"relation/3378364","name":"Rosebank - Zoo Lake (Gautrain)","network":"Gautrain Bus"},"geometry":{"type":"LineString","coordinates":[[28.034019,-26.165692],[28.034127,-26.165745]]}},{"type":"Feature","properties":{"id":"relation/3378364","name":"Rosebank - Zoo Lake (Gautrain)","network":"Gautrain Bus"},"geometry":{"type":"LineString","coordinates":[[28.034127,-26.165745],[28.034115,-26.165816]]}},{"type":"Feature","properties":{"id":"relation/3378364","name":"Rosebank - Zoo Lake (Gautrain)","network":"Gautrain Bus"},"geometry":{"type":"LineString","coordinates":[[28.034115,-26.165816],[28.034107,-26.165864],[28.033977,-26.166421],[28.033844,-26.166996],[28.033579,-26.168274]]}},{"type":"Feature","properties":{"id":"relation/3378364","name":"Rosebank - Zoo Lake (Gautrain)","network":"Gautrain Bus"},"geometry":{"type":"LineString","coordinates":[[28.033579,-26.168274],[28.03347,-26.168797],[28.033453,-26.168877]]}},{"type":"Feature","properties":{"id":"relation/3378364","name":"Rosebank - Zoo Lake (Gautrain)","network":"Gautrain Bus"},"geometry":{"type":"LineString","coordinates":[[28.033453,-26.168877],[28.033439,-26.168954],[28.033405,-26.16913]]}},{"type":"Feature","properties":{"id":"relation/3378364","name":"Rosebank - Zoo Lake (Gautrain)","network":"Gautrain Bus"},"geometry":{"type":"LineString","coordinates":[[28.033405,-26.16913],[28.033312,-26.169608]]}},{"type":"Feature","properties":{"id":"relation/3378364","name":"Rosebank - Zoo Lake (Gautrain)","network":"Gautrain Bus"},"geometry":{"type":"LineString","coordinates":[[28.033312,-26.169608],[28.033285,-26.169712],[28.033266,-26.169785]]}},{"type":"Feature","properties":{"id":"relation/3378364","name":"Rosebank - Zoo Lake (Gautrain)","network":"Gautrain Bus"},"geometry":{"type":"LineString","coordinates":[[28.040958,-26.168002],[28.04094,-26.168127],[28.040913,-26.16823],[28.040879,-26.168319],[28.040837,-26.168393],[28.040805,-26.168446],[28.040766,-26.168495],[28.040689,-26.168573],[28.040636,-26.168614],[28.040577,-26.168657],[28.040512,-26.168696],[28.040443,-26.168733],[28.040356,-26.168768],[28.040242,-26.168807],[28.039917,-26.168915],[28.039396,-26.169088],[28.039156,-26.169144],[28.038916,-26.169234],[28.037343,-26.16977],[28.037106,-26.169851],[28.035998,-26.170214],[28.035677,-26.170309],[28.035617,-26.170318],[28.035543,-26.170313],[28.035437,-26.17028],[28.034727,-26.169982],[28.034314,-26.169803],[28.034222,-26.169766],[28.034165,-26.169748],[28.034115,-26.16974],[28.034048,-26.169735],[28.033751,-26.169743],[28.033495,-26.169773],[28.033329,-26.169782],[28.033266,-26.169785]]}},{"type":"Feature","properties":{"id":"relation/3378364","name":"Rosebank - Zoo Lake (Gautrain)","network":"Gautrain Bus"},"geometry":{"type":"LineString","coordinates":[[28.042969,-26.164259],[28.04291,-26.164587],[28.042902,-26.164634],[28.042894,-26.164669],[28.042881,-26.164704],[28.042863,-26.164739],[28.042832,-26.16479],[28.042653,-26.165067],[28.042072,-26.165948],[28.041675,-26.166551],[28.04116,-26.167327],[28.041011,-26.167565],[28.040993,-26.16761],[28.040983,-26.167662],[28.040976,-26.167721],[28.040968,-26.167815],[28.040958,-26.168002]]}},{"type":"Feature","properties":{"id":"relation/3378364","name":"Rosebank - Zoo Lake (Gautrain)","network":"Gautrain Bus"},"geometry":{"type":"LineString","coordinates":[[28.047531,-26.164791],[28.047086,-26.164739],[28.046154,-26.16463],[28.045651,-26.164577],[28.044897,-26.164477],[28.043822,-26.164355],[28.042969,-26.164259]]}},{"type":"Feature","properties":{"id":"relation/3378364","name":"Rosebank - Zoo Lake (Gautrain)","network":"Gautrain Bus"},"geometry":{"type":"LineString","coordinates":[[28.047531,-26.164791],[28.047589,-26.164772],[28.047628,-26.164775],[28.047735,-26.164785],[28.047824,-26.164791],[28.047974,-26.164806]]}},{"type":"Feature","properties":{"id":"relation/3378364","name":"Rosebank - Zoo Lake (Gautrain)","network":"Gautrain Bus"},"geometry":{"type":"LineString","coordinates":[[28.047974,-26.164806],[28.047981,-26.164775],[28.047984,-26.164714],[28.047978,-26.16461],[28.047922,-26.164175],[28.047868,-26.163855],[28.047777,-26.16341],[28.047673,-26.162892],[28.047569,-26.162415],[28.04755,-26.162319]]}},{"type":"Feature","properties":{"id":"relation/3378364","name":"Rosebank - Zoo Lake (Gautrain)","network":"Gautrain Bus"},"geometry":{"type":"LineString","coordinates":[[28.04755,-26.162319],[28.047483,-26.162004],[28.047375,-26.16149],[28.047283,-26.161034],[28.047152,-26.160416],[28.0471,-26.160169],[28.047024,-26.1598],[28.046918,-26.159281],[28.046814,-26.158806],[28.046789,-26.158688],[28.046714,-26.158341],[28.046618,-26.157864],[28.046515,-26.157375],[28.046434,-26.156978],[28.046322,-26.156444],[28.046299,-26.156344]]}},{"type":"Feature","properties":{"id":"relation/3378364","name":"Rosebank - Zoo Lake (Gautrain)","network":"Gautrain Bus"},"geometry":{"type":"LineString","coordinates":[[28.046299,-26.156344],[28.046254,-26.156125]]}},{"type":"Feature","properties":{"id":"relation/3378364","name":"Rosebank - Zoo Lake (Gautrain)","network":"Gautrain Bus"},"geometry":{"type":"LineString","coordinates":[[28.046254,-26.156125],[28.046215,-26.155924]]}},{"type":"Feature","properties":{"id":"relation/3378364","name":"Rosebank - Zoo Lake (Gautrain)","network":"Gautrain Bus"},"geometry":{"type":"LineString","coordinates":[[28.046215,-26.155924],[28.046157,-26.155596]]}},{"type":"Feature","properties":{"id":"relation/3378364","name":"Rosebank - Zoo Lake (Gautrain)","network":"Gautrain Bus"},"geometry":{"type":"LineString","coordinates":[[28.046157,-26.155596],[28.046057,-26.155193],[28.045945,-26.154636],[28.04591,-26.154464],[28.045837,-26.154114],[28.045816,-26.154032],[28.045741,-26.153741],[28.045728,-26.153709],[28.04568,-26.153602],[28.045605,-26.153429],[28.045509,-26.152988],[28.04542,-26.152556],[28.045404,-26.152463]]}},{"type":"Feature","properties":{"id":"relation/3378364","name":"Rosebank - Zoo Lake (Gautrain)","network":"Gautrain Bus"},"geometry":{"type":"LineString","coordinates":[[28.045404,-26.152463],[28.045225,-26.151672],[28.045201,-26.151562]]}},{"type":"Feature","properties":{"id":"relation/3378364","name":"Rosebank - Zoo Lake (Gautrain)","network":"Gautrain Bus"},"geometry":{"type":"LineString","coordinates":[[28.045201,-26.151562],[28.045116,-26.151083],[28.045026,-26.150679],[28.044935,-26.150234],[28.044834,-26.14977]]}},{"type":"Feature","properties":{"id":"relation/3378364","name":"Rosebank - Zoo Lake (Gautrain)","network":"Gautrain Bus"},"geometry":{"type":"LineString","coordinates":[[28.044834,-26.14977],[28.044769,-26.149378]]}},{"type":"Feature","properties":{"id":"relation/3378364","name":"Rosebank - Zoo Lake (Gautrain)","network":"Gautrain Bus"},"geometry":{"type":"LineString","coordinates":[[28.044769,-26.149378],[28.044734,-26.149257],[28.044662,-26.148896],[28.044634,-26.148717]]}},{"type":"Feature","properties":{"id":"relation/3378364","name":"Rosebank - Zoo Lake (Gautrain)","network":"Gautrain Bus"},"geometry":{"type":"LineString","coordinates":[[28.044634,-26.148717],[28.044608,-26.14852]]}},{"type":"Feature","properties":{"id":"relation/3378364","name":"Rosebank - Zoo Lake (Gautrain)","network":"Gautrain Bus"},"geometry":{"type":"LineString","coordinates":[[28.044608,-26.14852],[28.044591,-26.148286],[28.044572,-26.148084],[28.044545,-26.147905],[28.044511,-26.147724],[28.044472,-26.147535],[28.044468,-26.147519],[28.044429,-26.147378],[28.044404,-26.147271],[28.044393,-26.147221]]}},{"type":"Feature","properties":{"id":"relation/3378364","name":"Rosebank - Zoo Lake (Gautrain)","network":"Gautrain Bus"},"geometry":{"type":"LineString","coordinates":[[28.044393,-26.147221],[28.044329,-26.147171],[28.044281,-26.147138],[28.044254,-26.147118],[28.044244,-26.147107],[28.044238,-26.147094],[28.044206,-26.146985],[28.044197,-26.146942],[28.044191,-26.146909],[28.044168,-26.146768],[28.044146,-26.146597]]}},{"type":"Feature","properties":{"id":"relation/19374378","name":"Sandton - Gallo Manor (Gautrain S2)","network":"Gautrain Bus"},"geometry":{"type":"LineString","coordinates":[[28.074446,-26.067514],[28.073283,-26.06806],[28.073156,-26.068123]]}},{"type":"Feature","properties":{"id":"relation/19374378","name":"Sandton - Gallo Manor (Gautrain S2)","network":"Gautrain Bus"},"geometry":{"type":"LineString","coordinates":[[28.073156,-26.068123],[28.072768,-26.068321]]}},{"type":"Feature","properties":{"id":"relation/19374378","name":"Sandton - Gallo Manor (Gautrain S2)","network":"Gautrain Bus"},"geometry":{"type":"LineString","coordinates":[[28.072768,-26.068321],[28.072708,-26.068388],[28.072687,-26.068412],[28.072669,-26.068443],[28.072657,-26.068495],[28.072655,-26.068543]]}},{"type":"Feature","properties":{"id":"relation/19374378","name":"Sandton - Gallo Manor (Gautrain S2)","network":"Gautrain Bus"},"geometry":{"type":"LineString","coordinates":[[28.072655,-26.068543],[28.072766,-26.068779],[28.072952,-26.069216],[28.073029,-26.069449],[28.073037,-26.069989]]}},{"type":"Feature","properties":{"id":"relation/19374378","name":"Sandton - Gallo Manor (Gautrain S2)","network":"Gautrain Bus"},"geometry":{"type":"LineString","coordinates":[[28.073037,-26.069989],[28.073025,-26.070846]]}},{"type":"Feature","properties":{"id":"relation/19374378","name":"Sandton - Gallo Manor (Gautrain S2)","network":"Gautrain Bus"},"geometry":{"type":"LineString","coordinates":[[28.073025,-26.070846],[28.073023,-26.071989],[28.073137,-26.07306]]}},{"type":"Feature","properties":{"id":"relation/19374378","name":"Sandton - Gallo Manor (Gautrain S2)","network":"Gautrain Bus"},"geometry":{"type":"LineString","coordinates":[[28.075466,-26.073898],[28.075151,-26.073665],[28.074867,-26.073457],[28.074694,-26.073356],[28.074588,-26.07331],[28.074487,-26.073274],[28.074387,-26.073242],[28.074167,-26.073184],[28.074018,-26.073149],[28.073882,-26.07312],[28.073684,-26.07309],[28.073479,-26.073069],[28.073137,-26.07306]]}},{"type":"Feature","properties":{"id":"relation/19374378","name":"Sandton - Gallo Manor (Gautrain S2)","network":"Gautrain Bus"},"geometry":{"type":"LineString","coordinates":[[28.077936,-26.072583],[28.077882,-26.072603],[28.077461,-26.072739],[28.077322,-26.072808],[28.077067,-26.072947],[28.07665,-26.073166],[28.075864,-26.073624],[28.075466,-26.073898]]}},{"type":"Feature","properties":{"id":"relation/19374378","name":"Sandton - Gallo Manor (Gautrain S2)","network":"Gautrain Bus"},"geometry":{"type":"LineString","coordinates":[[28.078098,-26.072539],[28.077936,-26.072583]]}},{"type":"Feature","properties":{"id":"relation/19374378","name":"Sandton - Gallo Manor (Gautrain S2)","network":"Gautrain Bus"},"geometry":{"type":"LineString","coordinates":[[28.078098,-26.072539],[28.078147,-26.072673],[28.078511,-26.073672],[28.079514,-26.076477]]}},{"type":"Feature","properties":{"id":"relation/19374378","name":"Sandton - Gallo Manor (Gautrain S2)","network":"Gautrain Bus"},"geometry":{"type":"LineString","coordinates":[[28.079514,-26.076477],[28.079653,-26.076848]]}},{"type":"Feature","properties":{"id":"relation/19374378","name":"Sandton - Gallo Manor (Gautrain S2)","network":"Gautrain Bus"},"geometry":{"type":"LineString","coordinates":[[28.079653,-26.076848],[28.079715,-26.077049],[28.079744,-26.077155]]}},{"type":"Feature","properties":{"id":"relation/19374378","name":"Sandton - Gallo Manor (Gautrain S2)","network":"Gautrain Bus"},"geometry":{"type":"LineString","coordinates":[[28.079744,-26.077155],[28.079786,-26.07736],[28.079803,-26.077543],[28.079807,-26.077626],[28.079804,-26.07773],[28.079799,-26.077835],[28.079785,-26.078067]]}},{"type":"Feature","properties":{"id":"relation/19374378","name":"Sandton - Gallo Manor (Gautrain S2)","network":"Gautrain Bus"},"geometry":{"type":"LineString","coordinates":[[28.079785,-26.078067],[28.079737,-26.078566],[28.079699,-26.07905],[28.079685,-26.079189],[28.079673,-26.079359],[28.079661,-26.07967],[28.079663,-26.080486],[28.079654,-26.080926],[28.079653,-26.081104]]}},{"type":"Feature","properties":{"id":"relation/19374378","name":"Sandton - Gallo Manor (Gautrain S2)","network":"Gautrain Bus"},"geometry":{"type":"LineString","coordinates":[[28.079653,-26.081104],[28.079646,-26.081201],[28.07964,-26.081289],[28.079632,-26.08148]]}},{"type":"Feature","properties":{"id":"relation/19374378","name":"Sandton - Gallo Manor (Gautrain S2)","network":"Gautrain Bus"},"geometry":{"type":"LineString","coordinates":[[28.079632,-26.08148],[28.079625,-26.081969],[28.079624,-26.081999]]}},{"type":"Feature","properties":{"id":"relation/19374378","name":"Sandton - Gallo Manor (Gautrain S2)","network":"Gautrain Bus"},"geometry":{"type":"LineString","coordinates":[[28.079624,-26.081999],[28.079623,-26.082054]]}},{"type":"Feature","properties":{"id":"relation/19374378","name":"Sandton - Gallo Manor (Gautrain S2)","network":"Gautrain Bus"},"geometry":{"type":"LineString","coordinates":[[28.079623,-26.082054],[28.079621,-26.082134]]}},{"type":"Feature","properties":{"id":"relation/19374378","name":"Sandton - Gallo Manor (Gautrain S2)","network":"Gautrain Bus"},"geometry":{"type":"LineString","coordinates":[[28.079621,-26.082134],[28.079622,-26.082569],[28.079618,-26.082954],[28.079614,-26.083242],[28.079612,-26.083423],[28.079614,-26.083608],[28.079608,-26.083983]]}},{"type":"Feature","properties":{"id":"relation/19374378","name":"Sandton - Gallo Manor (Gautrain S2)","network":"Gautrain Bus"},"geometry":{"type":"LineString","coordinates":[[28.079608,-26.083983],[28.079602,-26.084332],[28.079601,-26.084399]]}},{"type":"Feature","properties":{"id":"relation/19374378","name":"Sandton - Gallo Manor (Gautrain S2)","network":"Gautrain Bus"},"geometry":{"type":"LineString","coordinates":[[28.079601,-26.084399],[28.079601,-26.084502],[28.0796,-26.084899],[28.079602,-26.084976],[28.079601,-26.085067],[28.079596,-26.085226],[28.079533,-26.086169]]}},{"type":"Feature","properties":{"id":"relation/19374378","name":"Sandton - Gallo Manor (Gautrain S2)","network":"Gautrain Bus"},"geometry":{"type":"LineString","coordinates":[[28.079533,-26.086169],[28.079511,-26.086799],[28.079503,-26.087013],[28.079477,-26.087569]]}},{"type":"Feature","properties":{"id":"relation/19374378","name":"Sandton - Gallo Manor (Gautrain S2)","network":"Gautrain Bus"},"geometry":{"type":"LineString","coordinates":[[28.079477,-26.087569],[28.07948,-26.087677]]}},{"type":"Feature","properties":{"id":"relation/19374378","name":"Sandton - Gallo Manor (Gautrain S2)","network":"Gautrain Bus"},"geometry":{"type":"LineString","coordinates":[[28.07948,-26.087677],[28.07948,-26.087858],[28.079476,-26.087967],[28.079475,-26.088341],[28.079474,-26.08858],[28.079475,-26.088989],[28.079475,-26.089099],[28.079459,-26.089836],[28.079457,-26.089958],[28.07946,-26.090063],[28.079457,-26.0904],[28.079457,-26.090525],[28.0795,-26.090942],[28.079562,-26.09118],[28.079659,-26.091451]]}},{"type":"Feature","properties":{"id":"relation/19374378","name":"Sandton - Gallo Manor (Gautrain S2)","network":"Gautrain Bus"},"geometry":{"type":"LineString","coordinates":[[28.079659,-26.091451],[28.079712,-26.091578]]}},{"type":"Feature","properties":{"id":"relation/19374378","name":"Sandton - Gallo Manor (Gautrain S2)","network":"Gautrain Bus"},"geometry":{"type":"LineString","coordinates":[[28.079712,-26.091578],[28.079749,-26.091658]]}},{"type":"Feature","properties":{"id":"relation/19374378","name":"Sandton - Gallo Manor (Gautrain S2)","network":"Gautrain Bus"},"geometry":{"type":"LineString","coordinates":[[28.079749,-26.091658],[28.079885,-26.09189]]}},{"type":"Feature","properties":{"id":"relation/19374378","name":"Sandton - Gallo Manor (Gautrain S2)","network":"Gautrain Bus"},"geometry":{"type":"LineString","coordinates":[[28.079885,-26.09189],[28.080009,-26.092072]]}},{"type":"Feature","properties":{"id":"relation/19374378","name":"Sandton - Gallo Manor (Gautrain S2)","network":"Gautrain Bus"},"geometry":{"type":"LineString","coordinates":[[28.080009,-26.092072],[28.080083,-26.092155],[28.0802,-26.092292],[28.080357,-26.092455],[28.080565,-26.092636],[28.080726,-26.092754],[28.081039,-26.092943],[28.081369,-26.093104],[28.08158,-26.093202],[28.081779,-26.093317],[28.081967,-26.093439],[28.082077,-26.09351],[28.082099,-26.093528]]}},{"type":"Feature","properties":{"id":"relation/19374378","name":"Sandton - Gallo Manor (Gautrain S2)","network":"Gautrain Bus"},"geometry":{"type":"LineString","coordinates":[[28.082099,-26.093528],[28.082213,-26.093653],[28.082295,-26.093742],[28.08247,-26.093956]]}},{"type":"Feature","properties":{"id":"relation/19374378","name":"Sandton - Gallo Manor (Gautrain S2)","network":"Gautrain Bus"},"geometry":{"type":"LineString","coordinates":[[28.08247,-26.093956],[28.082531,-26.094052],[28.082577,-26.094119],[28.082625,-26.094212],[28.082712,-26.0944],[28.082769,-26.094555],[28.082838,-26.094865],[28.082868,-26.095106],[28.082852,-26.095296],[28.082825,-26.095506],[28.082774,-26.095698],[28.082688,-26.095908],[28.082568,-26.096173],[28.082444,-26.096404],[28.082299,-26.096621],[28.082158,-26.096788],[28.082141,-26.096809],[28.082002,-26.096939],[28.081776,-26.097122],[28.081658,-26.097204],[28.081564,-26.097264],[28.081385,-26.097368],[28.08128,-26.097418],[28.081116,-26.0975]]}},{"type":"Feature","properties":{"id":"relation/19374378","name":"Sandton - Gallo Manor (Gautrain S2)","network":"Gautrain Bus"},"geometry":{"type":"LineString","coordinates":[[28.081116,-26.0975],[28.081033,-26.097544],[28.081004,-26.09756],[28.080859,-26.097616],[28.080229,-26.097878],[28.078834,-26.098408],[28.07855,-26.098519],[28.078024,-26.098717],[28.077744,-26.098817],[28.077461,-26.098923],[28.077247,-26.098998],[28.077097,-26.099027]]}},{"type":"Feature","properties":{"id":"relation/19374378","name":"Sandton - Gallo Manor (Gautrain S2)","network":"Gautrain Bus"},"geometry":{"type":"LineString","coordinates":[[28.077097,-26.099027],[28.076794,-26.099141],[28.076653,-26.099195],[28.075826,-26.099521]]}},{"type":"Feature","properties":{"id":"relation/19374378","name":"Sandton - Gallo Manor (Gautrain S2)","network":"Gautrain Bus"},"geometry":{"type":"LineString","coordinates":[[28.075826,-26.099521],[28.075586,-26.09962]]}},{"type":"Feature","properties":{"id":"relation/19374378","name":"Sandton - Gallo Manor (Gautrain S2)","network":"Gautrain Bus"},"geometry":{"type":"LineString","coordinates":[[28.075586,-26.09962],[28.074968,-26.09988]]}},{"type":"Feature","properties":{"id":"relation/19374378","name":"Sandton - Gallo Manor (Gautrain S2)","network":"Gautrain Bus"},"geometry":{"type":"LineString","coordinates":[[28.074968,-26.09988],[28.074866,-26.099922],[28.074655,-26.100005]]}},{"type":"Feature","properties":{"id":"relation/19374378","name":"Sandton - Gallo Manor (Gautrain S2)","network":"Gautrain Bus"},"geometry":{"type":"LineString","coordinates":[[28.074655,-26.100005],[28.074384,-26.100121],[28.074137,-26.100233]]}},{"type":"Feature","properties":{"id":"relation/19374378","name":"Sandton - Gallo Manor (Gautrain S2)","network":"Gautrain Bus"},"geometry":{"type":"LineString","coordinates":[[28.074137,-26.100233],[28.074019,-26.100302],[28.073938,-26.100359],[28.073851,-26.100425],[28.073785,-26.100479],[28.073716,-26.100549],[28.073658,-26.100608],[28.073598,-26.100685],[28.073545,-26.100754],[28.073482,-26.100872],[28.073433,-26.100977]]}},{"type":"Feature","properties":{"id":"relation/19374378","name":"Sandton - Gallo Manor (Gautrain S2)","network":"Gautrain Bus"},"geometry":{"type":"LineString","coordinates":[[28.073433,-26.100977],[28.073247,-26.101523],[28.073222,-26.101592],[28.073157,-26.101794],[28.073103,-26.101935],[28.073075,-26.101992],[28.072988,-26.102141],[28.072917,-26.102241],[28.072863,-26.102311],[28.072473,-26.102736],[28.071946,-26.103318]]}},{"type":"Feature","properties":{"id":"relation/19374378","name":"Sandton - Gallo Manor (Gautrain S2)","network":"Gautrain Bus"},"geometry":{"type":"LineString","coordinates":[[28.071946,-26.103318],[28.071861,-26.103402],[28.071761,-26.103506],[28.071587,-26.103679],[28.071472,-26.10378],[28.071379,-26.103849],[28.071147,-26.104003],[28.071029,-26.10407],[28.070836,-26.104167],[28.070582,-26.104275],[28.069901,-26.104555],[28.068756,-26.10501],[28.067935,-26.10535],[28.067592,-26.1055],[28.067223,-26.105672],[28.066856,-26.105858]]}},{"type":"Feature","properties":{"id":"relation/19374378","name":"Sandton - Gallo Manor (Gautrain S2)","network":"Gautrain Bus"},"geometry":{"type":"LineString","coordinates":[[28.066856,-26.105858],[28.066198,-26.106181],[28.066048,-26.106257]]}},{"type":"Feature","properties":{"id":"relation/19374378","name":"Sandton - Gallo Manor (Gautrain S2)","network":"Gautrain Bus"},"geometry":{"type":"LineString","coordinates":[[28.066048,-26.106257],[28.065892,-26.106332],[28.065828,-26.106364],[28.065577,-26.10648]]}},{"type":"Feature","properties":{"id":"relation/19374378","name":"Sandton - Gallo Manor (Gautrain S2)","network":"Gautrain Bus"},"geometry":{"type":"LineString","coordinates":[[28.065577,-26.10648],[28.064982,-26.106711],[28.064337,-26.106949],[28.064125,-26.107037],[28.063707,-26.107204],[28.063319,-26.10736],[28.06307,-26.10746]]}},{"type":"Feature","properties":{"id":"relation/19374378","name":"Sandton - Gallo Manor (Gautrain S2)","network":"Gautrain Bus"},"geometry":{"type":"LineString","coordinates":[[28.06307,-26.10746],[28.062378,-26.107749]]}},{"type":"Feature","properties":{"id":"relation/19374378","name":"Sandton - Gallo Manor (Gautrain S2)","network":"Gautrain Bus"},"geometry":{"type":"LineString","coordinates":[[28.062378,-26.107749],[28.061157,-26.108221],[28.060891,-26.108328],[28.060622,-26.108436]]}},{"type":"Feature","properties":{"id":"relation/19374378","name":"Sandton - Gallo Manor (Gautrain S2)","network":"Gautrain Bus"},"geometry":{"type":"LineString","coordinates":[[28.060622,-26.108436],[28.059636,-26.108858],[28.059545,-26.108899]]}},{"type":"Feature","properties":{"id":"relation/19374378","name":"Sandton - Gallo Manor (Gautrain S2)","network":"Gautrain Bus"},"geometry":{"type":"LineString","coordinates":[[28.059545,-26.108899],[28.059433,-26.108954]]}},{"type":"Feature","properties":{"id":"relation/19374378","name":"Sandton - Gallo Manor (Gautrain S2)","network":"Gautrain Bus"},"geometry":{"type":"LineString","coordinates":[[28.059433,-26.108954],[28.059318,-26.108845]]}},{"type":"Feature","properties":{"id":"relation/19374378","name":"Sandton - Gallo Manor (Gautrain S2)","network":"Gautrain Bus"},"geometry":{"type":"LineString","coordinates":[[28.059318,-26.108845],[28.05924,-26.108782]]}},{"type":"Feature","properties":{"id":"relation/19374378","name":"Sandton - Gallo Manor (Gautrain S2)","network":"Gautrain Bus"},"geometry":{"type":"LineString","coordinates":[[28.05924,-26.108782],[28.059126,-26.108687],[28.058441,-26.108144]]}},{"type":"Feature","properties":{"id":"relation/19374378","name":"Sandton - Gallo Manor (Gautrain S2)","network":"Gautrain Bus"},"geometry":{"type":"LineString","coordinates":[[28.058441,-26.108144],[28.058204,-26.107956]]}},{"type":"Feature","properties":{"id":"relation/19374378","name":"Sandton - Gallo Manor (Gautrain S2)","network":"Gautrain Bus"},"geometry":{"type":"LineString","coordinates":[[28.058204,-26.107956],[28.058099,-26.107895]]}},{"type":"Feature","properties":{"id":"relation/19374378","name":"Sandton - Gallo Manor (Gautrain S2)","network":"Gautrain Bus"},"geometry":{"type":"LineString","coordinates":[[28.058099,-26.107895],[28.057996,-26.107972]]}},{"type":"Feature","properties":{"id":"relation/19374378","name":"Sandton - Gallo Manor (Gautrain S2)","network":"Gautrain Bus"},"geometry":{"type":"LineString","coordinates":[[28.057996,-26.107972],[28.05765,-26.108211]]}},{"type":"Feature","properties":{"id":"relation/19374378","name":"Sandton - Gallo Manor (Gautrain S2)","network":"Gautrain Bus"},"geometry":{"type":"LineString","coordinates":[[28.05765,-26.108211],[28.057571,-26.108214],[28.057501,-26.108241],[28.057416,-26.10829],[28.057199,-26.108443],[28.057115,-26.108488],[28.057054,-26.108493],[28.056994,-26.108473]]}},{"type":"Feature","properties":{"id":"relation/19374378","name":"Sandton - Gallo Manor (Gautrain S2)","network":"Gautrain Bus"},"geometry":{"type":"LineString","coordinates":[[28.056994,-26.108473],[28.05692,-26.108391],[28.056646,-26.108091],[28.056594,-26.107491],[28.056691,-26.107484],[28.056733,-26.108068]]}},{"type":"Feature","properties":{"id":"relation/19452565","name":"Sandton - Rivonia (Gautrain S3)","network":"Gautrain Bus"},"geometry":{"type":"LineString","coordinates":[[28.056733,-26.108068],[28.05699,-26.108343],[28.057068,-26.108427]]}},{"type":"Feature","properties":{"id":"relation/19452565","name":"Sandton - Rivonia (Gautrain S3)","network":"Gautrain Bus"},"geometry":{"type":"LineString","coordinates":[[28.057068,-26.108427],[28.057626,-26.108064]]}},{"type":"Feature","properties":{"id":"relation/19452565","name":"Sandton - Rivonia (Gautrain S3)","network":"Gautrain Bus"},"geometry":{"type":"LineString","coordinates":[[28.057626,-26.108064],[28.057888,-26.107886]]}},{"type":"Feature","properties":{"id":"relation/19452565","name":"Sandton - Rivonia (Gautrain S3)","network":"Gautrain Bus"},"geometry":{"type":"LineString","coordinates":[[28.057888,-26.107886],[28.05798,-26.107822]]}},{"type":"Feature","properties":{"id":"relation/19452565","name":"Sandton - Rivonia (Gautrain S3)","network":"Gautrain Bus"},"geometry":{"type":"LineString","coordinates":[[28.05798,-26.107822],[28.058112,-26.107729]]}},{"type":"Feature","properties":{"id":"relation/19452565","name":"Sandton - Rivonia (Gautrain S3)","network":"Gautrain Bus"},"geometry":{"type":"LineString","coordinates":[[28.058112,-26.107729],[28.058192,-26.107669]]}},{"type":"Feature","properties":{"id":"relation/19452565","name":"Sandton - Rivonia (Gautrain S3)","network":"Gautrain Bus"},"geometry":{"type":"LineString","coordinates":[[28.058192,-26.107669],[28.059545,-26.106845],[28.059994,-26.10657],[28.060213,-26.106405],[28.060314,-26.106316],[28.060429,-26.106204],[28.060512,-26.106109],[28.060589,-26.106005],[28.060691,-26.105863],[28.06073,-26.105796],[28.060782,-26.105687]]}},{"type":"Feature","properties":{"id":"relation/19452565","name":"Sandton - Rivonia (Gautrain S3)","network":"Gautrain Bus"},"geometry":{"type":"LineString","coordinates":[[28.060782,-26.105687],[28.060808,-26.105454],[28.060813,-26.105307],[28.060817,-26.105201],[28.060796,-26.104861]]}},{"type":"Feature","properties":{"id":"relation/19452565","name":"Sandton - Rivonia (Gautrain S3)","network":"Gautrain Bus"},"geometry":{"type":"LineString","coordinates":[[28.060796,-26.104861],[28.060754,-26.10469],[28.060718,-26.104589],[28.060677,-26.104496],[28.060602,-26.104345]]}},{"type":"Feature","properties":{"id":"relation/19452565","name":"Sandton - Rivonia (Gautrain S3)","network":"Gautrain Bus"},"geometry":{"type":"LineString","coordinates":[[28.060602,-26.104345],[28.060309,-26.103765]]}},{"type":"Feature","properties":{"id":"relation/19452565","name":"Sandton - Rivonia (Gautrain S3)","network":"Gautrain Bus"},"geometry":{"type":"LineString","coordinates":[[28.060309,-26.103765],[28.060023,-26.103186],[28.060016,-26.103172]]}},{"type":"Feature","properties":{"id":"relation/19452565","name":"Sandton - Rivonia (Gautrain S3)","network":"Gautrain Bus"},"geometry":{"type":"LineString","coordinates":[[28.060016,-26.103172],[28.059956,-26.103051]]}},{"type":"Feature","properties":{"id":"relation/19452565","name":"Sandton - Rivonia (Gautrain S3)","network":"Gautrain Bus"},"geometry":{"type":"LineString","coordinates":[[28.059956,-26.103051],[28.059898,-26.102923]]}},{"type":"Feature","properties":{"id":"relation/19452565","name":"Sandton - Rivonia (Gautrain S3)","network":"Gautrain Bus"},"geometry":{"type":"LineString","coordinates":[[28.059898,-26.102923],[28.059752,-26.102603],[28.059585,-26.102311]]}},{"type":"Feature","properties":{"id":"relation/19452565","name":"Sandton - Rivonia (Gautrain S3)","network":"Gautrain Bus"},"geometry":{"type":"LineString","coordinates":[[28.059585,-26.102311],[28.059239,-26.101602]]}},{"type":"Feature","properties":{"id":"relation/19452565","name":"Sandton - Rivonia (Gautrain S3)","network":"Gautrain Bus"},"geometry":{"type":"LineString","coordinates":[[28.059239,-26.101602],[28.059208,-26.101539]]}},{"type":"Feature","properties":{"id":"relation/19452565","name":"Sandton - Rivonia (Gautrain S3)","network":"Gautrain Bus"},"geometry":{"type":"LineString","coordinates":[[28.059208,-26.101539],[28.058969,-26.10109],[28.058834,-26.100811]]}},{"type":"Feature","properties":{"id":"relation/19452565","name":"Sandton - Rivonia (Gautrain S3)","network":"Gautrain Bus"},"geometry":{"type":"LineString","coordinates":[[28.058834,-26.100811],[28.058687,-26.100512]]}},{"type":"Feature","properties":{"id":"relation/19452565","name":"Sandton - Rivonia (Gautrain S3)","network":"Gautrain Bus"},"geometry":{"type":"LineString","coordinates":[[28.058687,-26.100512],[28.058641,-26.100427]]}},{"type":"Feature","properties":{"id":"relation/19452565","name":"Sandton - Rivonia (Gautrain S3)","network":"Gautrain Bus"},"geometry":{"type":"LineString","coordinates":[[28.058641,-26.100427],[28.058476,-26.100099],[28.058251,-26.099631]]}},{"type":"Feature","properties":{"id":"relation/19452565","name":"Sandton - Rivonia (Gautrain S3)","network":"Gautrain Bus"},"geometry":{"type":"LineString","coordinates":[[28.058251,-26.099631],[28.058144,-26.09941]]}},{"type":"Feature","properties":{"id":"relation/19452565","name":"Sandton - Rivonia (Gautrain S3)","network":"Gautrain Bus"},"geometry":{"type":"LineString","coordinates":[[28.058144,-26.09941],[28.057896,-26.098867]]}},{"type":"Feature","properties":{"id":"relation/19452565","name":"Sandton - Rivonia (Gautrain S3)","network":"Gautrain Bus"},"geometry":{"type":"LineString","coordinates":[[28.057896,-26.098867],[28.057646,-26.098321],[28.057595,-26.098211]]}},{"type":"Feature","properties":{"id":"relation/19452565","name":"Sandton - Rivonia (Gautrain S3)","network":"Gautrain Bus"},"geometry":{"type":"LineString","coordinates":[[28.057595,-26.098211],[28.057538,-26.098088]]}},{"type":"Feature","properties":{"id":"relation/19452565","name":"Sandton - Rivonia (Gautrain S3)","network":"Gautrain Bus"},"geometry":{"type":"LineString","coordinates":[[28.057538,-26.098088],[28.05749,-26.097983],[28.057428,-26.097848],[28.057312,-26.097618],[28.05719,-26.097343],[28.057126,-26.097202],[28.057072,-26.097085],[28.056898,-26.096727]]}},{"type":"Feature","properties":{"id":"relation/19452565","name":"Sandton - Rivonia (Gautrain S3)","network":"Gautrain Bus"},"geometry":{"type":"LineString","coordinates":[[28.056898,-26.096727],[28.056686,-26.096276],[28.056656,-26.096213]]}},{"type":"Feature","properties":{"id":"relation/19452565","name":"Sandton - Rivonia (Gautrain S3)","network":"Gautrain Bus"},"geometry":{"type":"LineString","coordinates":[[28.056656,-26.096213],[28.0566,-26.096095],[28.056568,-26.096032],[28.056286,-26.095474],[28.056239,-26.09538],[28.056132,-26.095164],[28.056031,-26.094914]]}},{"type":"Feature","properties":{"id":"relation/19452565","name":"Sandton - Rivonia (Gautrain S3)","network":"Gautrain Bus"},"geometry":{"type":"LineString","coordinates":[[28.056031,-26.094914],[28.055996,-26.094733],[28.055959,-26.094387]]}},{"type":"Feature","properties":{"id":"relation/19452565","name":"Sandton - Rivonia (Gautrain S3)","network":"Gautrain Bus"},"geometry":{"type":"LineString","coordinates":[[28.055959,-26.094387],[28.055974,-26.094123],[28.055999,-26.09397],[28.056289,-26.092971]]}},{"type":"Feature","properties":{"id":"relation/19452565","name":"Sandton - Rivonia (Gautrain S3)","network":"Gautrain Bus"},"geometry":{"type":"LineString","coordinates":[[28.056289,-26.092971],[28.056341,-26.092794]]}},{"type":"Feature","properties":{"id":"relation/19452565","name":"Sandton - Rivonia (Gautrain S3)","network":"Gautrain Bus"},"geometry":{"type":"LineString","coordinates":[[28.056341,-26.092794],[28.056478,-26.09232]]}},{"type":"Feature","properties":{"id":"relation/19452565","name":"Sandton - Rivonia (Gautrain S3)","network":"Gautrain Bus"},"geometry":{"type":"LineString","coordinates":[[28.056478,-26.09232],[28.056519,-26.092198],[28.056532,-26.09215],[28.056613,-26.091836],[28.0567,-26.091526],[28.056772,-26.091268]]}},{"type":"Feature","properties":{"id":"relation/19452565","name":"Sandton - Rivonia (Gautrain S3)","network":"Gautrain Bus"},"geometry":{"type":"LineString","coordinates":[[28.056772,-26.091268],[28.056823,-26.091086]]}},{"type":"Feature","properties":{"id":"relation/19452565","name":"Sandton - Rivonia (Gautrain S3)","network":"Gautrain Bus"},"geometry":{"type":"LineString","coordinates":[[28.056823,-26.091086],[28.056866,-26.090945]]}},{"type":"Feature","properties":{"id":"relation/19452565","name":"Sandton - Rivonia (Gautrain S3)","network":"Gautrain Bus"},"geometry":{"type":"LineString","coordinates":[[28.056866,-26.090945],[28.057021,-26.09045],[28.057133,-26.090162],[28.057279,-26.089824]]}},{"type":"Feature","properties":{"id":"relation/19452565","name":"Sandton - Rivonia (Gautrain S3)","network":"Gautrain Bus"},"geometry":{"type":"LineString","coordinates":[[28.057279,-26.089824],[28.057575,-26.089237]]}},{"type":"Feature","properties":{"id":"relation/19452565","name":"Sandton - Rivonia (Gautrain S3)","network":"Gautrain Bus"},"geometry":{"type":"LineString","coordinates":[[28.057575,-26.089237],[28.058218,-26.088083]]}},{"type":"Feature","properties":{"id":"relation/19452565","name":"Sandton - Rivonia (Gautrain S3)","network":"Gautrain Bus"},"geometry":{"type":"LineString","coordinates":[[28.058218,-26.088083],[28.058287,-26.087962],[28.058727,-26.087191]]}},{"type":"Feature","properties":{"id":"relation/19452565","name":"Sandton - Rivonia (Gautrain S3)","network":"Gautrain Bus"},"geometry":{"type":"LineString","coordinates":[[28.058727,-26.087191],[28.05902,-26.086636],[28.059174,-26.086339],[28.060285,-26.084282]]}},{"type":"Feature","properties":{"id":"relation/19452565","name":"Sandton - Rivonia (Gautrain S3)","network":"Gautrain Bus"},"geometry":{"type":"LineString","coordinates":[[28.060285,-26.084282],[28.060605,-26.083689],[28.060662,-26.083583]]}},{"type":"Feature","properties":{"id":"relation/19452565","name":"Sandton - Rivonia (Gautrain S3)","network":"Gautrain Bus"},"geometry":{"type":"LineString","coordinates":[[28.060662,-26.083583],[28.060742,-26.08345],[28.060824,-26.083312]]}},{"type":"Feature","properties":{"id":"relation/19452565","name":"Sandton - Rivonia (Gautrain S3)","network":"Gautrain Bus"},"geometry":{"type":"LineString","coordinates":[[28.060824,-26.083312],[28.061009,-26.082984]]}},{"type":"Feature","properties":{"id":"relation/19452565","name":"Sandton - Rivonia (Gautrain S3)","network":"Gautrain Bus"},"geometry":{"type":"LineString","coordinates":[[28.061009,-26.082984],[28.061425,-26.082242],[28.061773,-26.081629]]}},{"type":"Feature","properties":{"id":"relation/19452565","name":"Sandton - Rivonia (Gautrain S3)","network":"Gautrain Bus"},"geometry":{"type":"LineString","coordinates":[[28.061773,-26.081629],[28.061989,-26.081293]]}},{"type":"Feature","properties":{"id":"relation/19452565","name":"Sandton - Rivonia (Gautrain S3)","network":"Gautrain Bus"},"geometry":{"type":"LineString","coordinates":[[28.061989,-26.081293],[28.062174,-26.080928]]}},{"type":"Feature","properties":{"id":"relation/19452565","name":"Sandton - Rivonia (Gautrain S3)","network":"Gautrain Bus"},"geometry":{"type":"LineString","coordinates":[[28.062174,-26.080928],[28.062221,-26.080845],[28.062309,-26.080691],[28.062403,-26.080483],[28.062578,-26.080172]]}},{"type":"Feature","properties":{"id":"relation/19452565","name":"Sandton - Rivonia (Gautrain S3)","network":"Gautrain Bus"},"geometry":{"type":"LineString","coordinates":[[28.062578,-26.080172],[28.062706,-26.079948],[28.062818,-26.079753]]}},{"type":"Feature","properties":{"id":"relation/19452565","name":"Sandton - Rivonia (Gautrain S3)","network":"Gautrain Bus"},"geometry":{"type":"LineString","coordinates":[[28.062818,-26.079753],[28.063185,-26.079105],[28.063368,-26.078745],[28.063436,-26.078612],[28.06351,-26.078476],[28.06403,-26.077519],[28.064224,-26.077162],[28.064873,-26.075927],[28.064982,-26.075621]]}},{"type":"Feature","properties":{"id":"relation/19452565","name":"Sandton - Rivonia (Gautrain S3)","network":"Gautrain Bus"},"geometry":{"type":"LineString","coordinates":[[28.064982,-26.075621],[28.065036,-26.075388],[28.065067,-26.075219]]}},{"type":"Feature","properties":{"id":"relation/19452565","name":"Sandton - Rivonia (Gautrain S3)","network":"Gautrain Bus"},"geometry":{"type":"LineString","coordinates":[[28.065067,-26.075219],[28.065078,-26.075151]]}},{"type":"Feature","properties":{"id":"relation/19452565","name":"Sandton - Rivonia (Gautrain S3)","network":"Gautrain Bus"},"geometry":{"type":"LineString","coordinates":[[28.065078,-26.075151],[28.065092,-26.07505]]}},{"type":"Feature","properties":{"id":"relation/19452565","name":"Sandton - Rivonia (Gautrain S3)","network":"Gautrain Bus"},"geometry":{"type":"LineString","coordinates":[[28.065092,-26.07505],[28.065128,-26.074994]]}},{"type":"Feature","properties":{"id":"relation/19452565","name":"Sandton - Rivonia (Gautrain S3)","network":"Gautrain Bus"},"geometry":{"type":"LineString","coordinates":[[28.065054,-26.074258],[28.065109,-26.074572],[28.065125,-26.074975],[28.065128,-26.074994]]}},{"type":"Feature","properties":{"id":"relation/19452565","name":"Sandton - Rivonia (Gautrain S3)","network":"Gautrain Bus"},"geometry":{"type":"LineString","coordinates":[[28.064899,-26.073668],[28.065004,-26.074043],[28.065054,-26.074258]]}},{"type":"Feature","properties":{"id":"relation/19452565","name":"Sandton - Rivonia (Gautrain S3)","network":"Gautrain Bus"},"geometry":{"type":"LineString","coordinates":[[28.064899,-26.073668],[28.064611,-26.073023]]}},{"type":"Feature","properties":{"id":"relation/19452565","name":"Sandton - Rivonia (Gautrain S3)","network":"Gautrain Bus"},"geometry":{"type":"LineString","coordinates":[[28.064611,-26.073023],[28.064467,-26.072708],[28.064227,-26.072232]]}},{"type":"Feature","properties":{"id":"relation/19452565","name":"Sandton - Rivonia (Gautrain S3)","network":"Gautrain Bus"},"geometry":{"type":"LineString","coordinates":[[28.064227,-26.072232],[28.064114,-26.071942],[28.064064,-26.071789]]}},{"type":"Feature","properties":{"id":"relation/19452565","name":"Sandton - Rivonia (Gautrain S3)","network":"Gautrain Bus"},"geometry":{"type":"LineString","coordinates":[[28.064064,-26.071789],[28.063878,-26.071258],[28.063795,-26.071026]]}},{"type":"Feature","properties":{"id":"relation/19452565","name":"Sandton - Rivonia (Gautrain S3)","network":"Gautrain Bus"},"geometry":{"type":"LineString","coordinates":[[28.063795,-26.071026],[28.063785,-26.070972]]}},{"type":"Feature","properties":{"id":"relation/19452565","name":"Sandton - Rivonia (Gautrain S3)","network":"Gautrain Bus"},"geometry":{"type":"LineString","coordinates":[[28.062349,-26.067584],[28.062559,-26.068082],[28.062697,-26.068408],[28.062826,-26.068713],[28.063526,-26.070368],[28.063785,-26.070972]]}},{"type":"Feature","properties":{"id":"relation/19452565","name":"Sandton - Rivonia (Gautrain S3)","network":"Gautrain Bus"},"geometry":{"type":"LineString","coordinates":[[28.062349,-26.067584],[28.062305,-26.067528],[28.062257,-26.067441],[28.061649,-26.066255]]}},{"type":"Feature","properties":{"id":"relation/19452565","name":"Sandton - Rivonia (Gautrain S3)","network":"Gautrain Bus"},"geometry":{"type":"LineString","coordinates":[[28.061649,-26.066255],[28.06133,-26.06559]]}},{"type":"Feature","properties":{"id":"relation/19452565","name":"Sandton - Rivonia (Gautrain S3)","network":"Gautrain Bus"},"geometry":{"type":"LineString","coordinates":[[28.06133,-26.06559],[28.061306,-26.065529],[28.061205,-26.06528],[28.060995,-26.064747]]}},{"type":"Feature","properties":{"id":"relation/19452565","name":"Sandton - Rivonia (Gautrain S3)","network":"Gautrain Bus"},"geometry":{"type":"LineString","coordinates":[[28.060995,-26.064747],[28.060765,-26.06421]]}},{"type":"Feature","properties":{"id":"relation/19452565","name":"Sandton - Rivonia (Gautrain S3)","network":"Gautrain Bus"},"geometry":{"type":"LineString","coordinates":[[28.060765,-26.06421],[28.060729,-26.064124]]}},{"type":"Feature","properties":{"id":"relation/19452565","name":"Sandton - Rivonia (Gautrain S3)","network":"Gautrain Bus"},"geometry":{"type":"LineString","coordinates":[[28.060729,-26.064124],[28.060667,-26.063982],[28.060425,-26.06343],[28.059907,-26.062174]]}},{"type":"Feature","properties":{"id":"relation/19452565","name":"Sandton - Rivonia (Gautrain S3)","network":"Gautrain Bus"},"geometry":{"type":"LineString","coordinates":[[28.059907,-26.062174],[28.059526,-26.061277]]}},{"type":"Feature","properties":{"id":"relation/19452565","name":"Sandton - Rivonia (Gautrain S3)","network":"Gautrain Bus"},"geometry":{"type":"LineString","coordinates":[[28.059526,-26.061277],[28.059496,-26.061203]]}},{"type":"Feature","properties":{"id":"relation/19452565","name":"Sandton - Rivonia (Gautrain S3)","network":"Gautrain Bus"},"geometry":{"type":"LineString","coordinates":[[28.059496,-26.061203],[28.0593,-26.060615]]}},{"type":"Feature","properties":{"id":"relation/19452565","name":"Sandton - Rivonia (Gautrain S3)","network":"Gautrain Bus"},"geometry":{"type":"LineString","coordinates":[[28.0593,-26.060615],[28.059281,-26.060557],[28.059252,-26.060453]]}},{"type":"Feature","properties":{"id":"relation/19452565","name":"Sandton - Rivonia (Gautrain S3)","network":"Gautrain Bus"},"geometry":{"type":"LineString","coordinates":[[28.059252,-26.060453],[28.059244,-26.060362]]}},{"type":"Feature","properties":{"id":"relation/19452565","name":"Sandton - Rivonia (Gautrain S3)","network":"Gautrain Bus"},"geometry":{"type":"LineString","coordinates":[[28.059244,-26.060362],[28.059202,-26.059859],[28.059191,-26.059632]]}},{"type":"Feature","properties":{"id":"relation/19452565","name":"Sandton - Rivonia (Gautrain S3)","network":"Gautrain Bus"},"geometry":{"type":"LineString","coordinates":[[28.059191,-26.059632],[28.059143,-26.058724]]}},{"type":"Feature","properties":{"id":"relation/19452565","name":"Sandton - Rivonia (Gautrain S3)","network":"Gautrain Bus"},"geometry":{"type":"LineString","coordinates":[[28.059143,-26.058724],[28.059123,-26.058342]]}},{"type":"Feature","properties":{"id":"relation/19452565","name":"Sandton - Rivonia (Gautrain S3)","network":"Gautrain Bus"},"geometry":{"type":"LineString","coordinates":[[28.059123,-26.058342],[28.059083,-26.057592],[28.05908,-26.057544]]}},{"type":"Feature","properties":{"id":"relation/19452565","name":"Sandton - Rivonia (Gautrain S3)","network":"Gautrain Bus"},"geometry":{"type":"LineString","coordinates":[[28.05908,-26.057544],[28.059074,-26.057428],[28.058956,-26.055231]]}},{"type":"Feature","properties":{"id":"relation/19452565","name":"Sandton - Rivonia (Gautrain S3)","network":"Gautrain Bus"},"geometry":{"type":"LineString","coordinates":[[28.058956,-26.055231],[28.058925,-26.054657]]}},{"type":"Feature","properties":{"id":"relation/19452565","name":"Sandton - Rivonia (Gautrain S3)","network":"Gautrain Bus"},"geometry":{"type":"LineString","coordinates":[[28.058925,-26.054657],[28.058922,-26.054585],[28.058918,-26.054514]]}},{"type":"Feature","properties":{"id":"relation/19452565","name":"Sandton - Rivonia (Gautrain S3)","network":"Gautrain Bus"},"geometry":{"type":"LineString","coordinates":[[28.058918,-26.054514],[28.058912,-26.054437]]}},{"type":"Feature","properties":{"id":"relation/19452565","name":"Sandton - Rivonia (Gautrain S3)","network":"Gautrain Bus"},"geometry":{"type":"LineString","coordinates":[[28.058912,-26.054437],[28.058876,-26.053968],[28.058866,-26.053774],[28.058807,-26.052671],[28.058734,-26.051421],[28.058609,-26.049342]]}},{"type":"Feature","properties":{"id":"relation/19452565","name":"Sandton - Rivonia (Gautrain S3)","network":"Gautrain Bus"},"geometry":{"type":"LineString","coordinates":[[28.058609,-26.049342],[28.058576,-26.048787],[28.058573,-26.048729]]}},{"type":"Feature","properties":{"id":"relation/19452565","name":"Sandton - Rivonia (Gautrain S3)","network":"Gautrain Bus"},"geometry":{"type":"LineString","coordinates":[[28.058573,-26.048729],[28.058572,-26.048652]]}},{"type":"Feature","properties":{"id":"relation/19452565","name":"Sandton - Rivonia (Gautrain S3)","network":"Gautrain Bus"},"geometry":{"type":"LineString","coordinates":[[28.058572,-26.048652],[28.058678,-26.048648]]}},{"type":"Feature","properties":{"id":"relation/19452565","name":"Sandton - Rivonia (Gautrain S3)","network":"Gautrain Bus"},"geometry":{"type":"LineString","coordinates":[[28.058678,-26.048648],[28.058765,-26.048645],[28.059115,-26.048635],[28.059596,-26.048608],[28.059605,-26.048608],[28.059633,-26.048607]]}},{"type":"Feature","properties":{"id":"relation/19452565","name":"Sandton - Rivonia (Gautrain S3)","network":"Gautrain Bus"},"geometry":{"type":"LineString","coordinates":[[28.059633,-26.048607],[28.059688,-26.048601]]}},{"type":"Feature","properties":{"id":"relation/19452565","name":"Sandton - Rivonia (Gautrain S3)","network":"Gautrain Bus"},"geometry":{"type":"LineString","coordinates":[[28.059688,-26.048601],[28.059767,-26.048597],[28.059993,-26.04858],[28.060274,-26.048566],[28.060412,-26.048576]]}},{"type":"Feature","properties":{"id":"relation/19452565","name":"Sandton - Rivonia (Gautrain S3)","network":"Gautrain Bus"},"geometry":{"type":"LineString","coordinates":[[28.060412,-26.048576],[28.060602,-26.048556],[28.061243,-26.048492]]}},{"type":"Feature","properties":{"id":"relation/19452565","name":"Sandton - Rivonia (Gautrain S3)","network":"Gautrain Bus"},"geometry":{"type":"LineString","coordinates":[[28.061243,-26.048492],[28.0613,-26.0494],[28.061319,-26.049747]]}},{"type":"Feature","properties":{"id":"relation/19452566","name":"Sandton - Rivonia (Gautrain S3)","network":"Gautrain Bus"},"geometry":{"type":"LineString","coordinates":[[28.061319,-26.049747],[28.061337,-26.050064],[28.061421,-26.051506],[28.06145,-26.052015],[28.061452,-26.052047],[28.061453,-26.052058],[28.061474,-26.052397],[28.061484,-26.052626],[28.06149,-26.052683],[28.061521,-26.053154],[28.061588,-26.05418],[28.061603,-26.054444]]}},{"type":"Feature","properties":{"id":"relation/19452566","name":"Sandton - Rivonia (Gautrain S3)","network":"Gautrain Bus"},"geometry":{"type":"LineString","coordinates":[[28.060874,-26.054479],[28.061005,-26.054473],[28.061603,-26.054444]]}},{"type":"Feature","properties":{"id":"relation/19452566","name":"Sandton - Rivonia (Gautrain S3)","network":"Gautrain Bus"},"geometry":{"type":"LineString","coordinates":[[28.059576,-26.054553],[28.060038,-26.054519],[28.060874,-26.054479]]}},{"type":"Feature","properties":{"id":"relation/19452566","name":"Sandton - Rivonia (Gautrain S3)","network":"Gautrain Bus"},"geometry":{"type":"LineString","coordinates":[[28.059576,-26.054553],[28.059472,-26.054578],[28.059396,-26.054581]]}},{"type":"Feature","properties":{"id":"relation/19452566","name":"Sandton - Rivonia (Gautrain S3)","network":"Gautrain Bus"},"geometry":{"type":"LineString","coordinates":[[28.059396,-26.054581],[28.059243,-26.054635],[28.059174,-26.054674],[28.059139,-26.054699],[28.059105,-26.05472],[28.059083,-26.054754],[28.059057,-26.054868]]}},{"type":"Feature","properties":{"id":"relation/19452566","name":"Sandton - Rivonia (Gautrain S3)","network":"Gautrain Bus"},"geometry":{"type":"LineString","coordinates":[[28.059057,-26.054868],[28.059071,-26.055111],[28.059156,-26.05687]]}},{"type":"Feature","properties":{"id":"relation/19452566","name":"Sandton - Rivonia (Gautrain S3)","network":"Gautrain Bus"},"geometry":{"type":"LineString","coordinates":[[28.059156,-26.05687],[28.059193,-26.057428],[28.0592,-26.057536]]}},{"type":"Feature","properties":{"id":"relation/19452566","name":"Sandton - Rivonia (Gautrain S3)","network":"Gautrain Bus"},"geometry":{"type":"LineString","coordinates":[[28.0592,-26.057536],[28.059201,-26.057587],[28.059206,-26.05776],[28.059261,-26.058689],[28.059287,-26.059072],[28.059301,-26.05926],[28.059336,-26.059712]]}},{"type":"Feature","properties":{"id":"relation/19452566","name":"Sandton - Rivonia (Gautrain S3)","network":"Gautrain Bus"},"geometry":{"type":"LineString","coordinates":[[28.059336,-26.059712],[28.059384,-26.060328]]}},{"type":"Feature","properties":{"id":"relation/19452566","name":"Sandton - Rivonia (Gautrain S3)","network":"Gautrain Bus"},"geometry":{"type":"LineString","coordinates":[[28.059384,-26.060328],[28.05939,-26.060413],[28.059409,-26.060519]]}},{"type":"Feature","properties":{"id":"relation/19452566","name":"Sandton - Rivonia (Gautrain S3)","network":"Gautrain Bus"},"geometry":{"type":"LineString","coordinates":[[28.059409,-26.060519],[28.059423,-26.060583]]}},{"type":"Feature","properties":{"id":"relation/19452566","name":"Sandton - Rivonia (Gautrain S3)","network":"Gautrain Bus"},"geometry":{"type":"LineString","coordinates":[[28.059423,-26.060583],[28.059456,-26.060735],[28.059524,-26.060943],[28.060564,-26.063429]]}},{"type":"Feature","properties":{"id":"relation/19452566","name":"Sandton - Rivonia (Gautrain S3)","network":"Gautrain Bus"},"geometry":{"type":"LineString","coordinates":[[28.060564,-26.063429],[28.060782,-26.063944],[28.06084,-26.064079],[28.060881,-26.064166]]}},{"type":"Feature","properties":{"id":"relation/19452566","name":"Sandton - Rivonia (Gautrain S3)","network":"Gautrain Bus"},"geometry":{"type":"LineString","coordinates":[[28.060881,-26.064166],[28.060946,-26.064305],[28.061187,-26.064911]]}},{"type":"Feature","properties":{"id":"relation/19452566","name":"Sandton - Rivonia (Gautrain S3)","network":"Gautrain Bus"},"geometry":{"type":"LineString","coordinates":[[28.061187,-26.064911],[28.061471,-26.065537],[28.061492,-26.065593]]}},{"type":"Feature","properties":{"id":"relation/19452566","name":"Sandton - Rivonia (Gautrain S3)","network":"Gautrain Bus"},"geometry":{"type":"LineString","coordinates":[[28.061492,-26.065593],[28.061607,-26.065859],[28.062011,-26.066772]]}},{"type":"Feature","properties":{"id":"relation/19452566","name":"Sandton - Rivonia (Gautrain S3)","network":"Gautrain Bus"},"geometry":{"type":"LineString","coordinates":[[28.062011,-26.066772],[28.062292,-26.067429],[28.062324,-26.067513],[28.062349,-26.067584]]}},{"type":"Feature","properties":{"id":"relation/19452566","name":"Sandton - Rivonia (Gautrain S3)","network":"Gautrain Bus"},"geometry":{"type":"LineString","coordinates":[[28.062349,-26.067584],[28.062559,-26.068082],[28.062697,-26.068408],[28.062826,-26.068713],[28.063526,-26.070368],[28.063785,-26.070972]]}},{"type":"Feature","properties":{"id":"relation/19452566","name":"Sandton - Rivonia (Gautrain S3)","network":"Gautrain Bus"},"geometry":{"type":"LineString","coordinates":[[28.063785,-26.070972],[28.063821,-26.071017]]}},{"type":"Feature","properties":{"id":"relation/19452566","name":"Sandton - Rivonia (Gautrain S3)","network":"Gautrain Bus"},"geometry":{"type":"LineString","coordinates":[[28.063821,-26.071017],[28.063964,-26.071302],[28.064098,-26.071595],[28.064182,-26.071806]]}},{"type":"Feature","properties":{"id":"relation/19452566","name":"Sandton - Rivonia (Gautrain S3)","network":"Gautrain Bus"},"geometry":{"type":"LineString","coordinates":[[28.064182,-26.071806],[28.064353,-26.072191]]}},{"type":"Feature","properties":{"id":"relation/19452566","name":"Sandton - Rivonia (Gautrain S3)","network":"Gautrain Bus"},"geometry":{"type":"LineString","coordinates":[[28.064353,-26.072191],[28.06457,-26.072666],[28.064766,-26.073141],[28.064899,-26.073668]]}},{"type":"Feature","properties":{"id":"relation/19452566","name":"Sandton - Rivonia (Gautrain S3)","network":"Gautrain Bus"},"geometry":{"type":"LineString","coordinates":[[28.064899,-26.073668],[28.065004,-26.074043],[28.065054,-26.074258]]}},{"type":"Feature","properties":{"id":"relation/19452566","name":"Sandton - Rivonia (Gautrain S3)","network":"Gautrain Bus"},"geometry":{"type":"LineString","coordinates":[[28.065054,-26.074258],[28.065109,-26.074572],[28.065125,-26.074975],[28.065128,-26.074994]]}},{"type":"Feature","properties":{"id":"relation/19452566","name":"Sandton - Rivonia (Gautrain S3)","network":"Gautrain Bus"},"geometry":{"type":"LineString","coordinates":[[28.065128,-26.074994],[28.06517,-26.075057]]}},{"type":"Feature","properties":{"id":"relation/19452566","name":"Sandton - Rivonia (Gautrain S3)","network":"Gautrain Bus"},"geometry":{"type":"LineString","coordinates":[[28.06517,-26.075057],[28.065173,-26.07516]]}},{"type":"Feature","properties":{"id":"relation/19452566","name":"Sandton - Rivonia (Gautrain S3)","network":"Gautrain Bus"},"geometry":{"type":"LineString","coordinates":[[28.065173,-26.07516],[28.065159,-26.075261],[28.06512,-26.075435],[28.065087,-26.075612],[28.064957,-26.075947],[28.064692,-26.076425],[28.063682,-26.078311],[28.063579,-26.078508],[28.063506,-26.078646],[28.063436,-26.078781],[28.062955,-26.079695]]}},{"type":"Feature","properties":{"id":"relation/19452566","name":"Sandton - Rivonia (Gautrain S3)","network":"Gautrain Bus"},"geometry":{"type":"LineString","coordinates":[[28.062955,-26.079695],[28.062525,-26.080492]]}},{"type":"Feature","properties":{"id":"relation/19452566","name":"Sandton - Rivonia (Gautrain S3)","network":"Gautrain Bus"},"geometry":{"type":"LineString","coordinates":[[28.062525,-26.080492],[28.062457,-26.080619],[28.062317,-26.080919],[28.062246,-26.081069]]}},{"type":"Feature","properties":{"id":"relation/19452566","name":"Sandton - Rivonia (Gautrain S3)","network":"Gautrain Bus"},"geometry":{"type":"LineString","coordinates":[[28.062246,-26.081069],[28.061606,-26.082195]]}},{"type":"Feature","properties":{"id":"relation/19452566","name":"Sandton - Rivonia (Gautrain S3)","network":"Gautrain Bus"},"geometry":{"type":"LineString","coordinates":[[28.061606,-26.082195],[28.061118,-26.083035]]}},{"type":"Feature","properties":{"id":"relation/19452566","name":"Sandton - Rivonia (Gautrain S3)","network":"Gautrain Bus"},"geometry":{"type":"LineString","coordinates":[[28.061118,-26.083035],[28.060863,-26.083508],[28.060797,-26.08364]]}},{"type":"Feature","properties":{"id":"relation/19452566","name":"Sandton - Rivonia (Gautrain S3)","network":"Gautrain Bus"},"geometry":{"type":"LineString","coordinates":[[28.060797,-26.08364],[28.060744,-26.083752],[28.060714,-26.083823],[28.060145,-26.084876],[28.059332,-26.086311],[28.059112,-26.08676]]}},{"type":"Feature","properties":{"id":"relation/19452566","name":"Sandton - Rivonia (Gautrain S3)","network":"Gautrain Bus"},"geometry":{"type":"LineString","coordinates":[[28.059112,-26.08676],[28.058837,-26.087231]]}},{"type":"Feature","properties":{"id":"relation/19452566","name":"Sandton - Rivonia (Gautrain S3)","network":"Gautrain Bus"},"geometry":{"type":"LineString","coordinates":[[28.058837,-26.087231],[28.058515,-26.087875],[28.057987,-26.088818]]}},{"type":"Feature","properties":{"id":"relation/19452566","name":"Sandton - Rivonia (Gautrain S3)","network":"Gautrain Bus"},"geometry":{"type":"LineString","coordinates":[[28.057987,-26.088818],[28.057717,-26.089321]]}},{"type":"Feature","properties":{"id":"relation/19452566","name":"Sandton - Rivonia (Gautrain S3)","network":"Gautrain Bus"},"geometry":{"type":"LineString","coordinates":[[28.057717,-26.089321],[28.057485,-26.089764],[28.057323,-26.09012],[28.057171,-26.09051],[28.057022,-26.090993]]}},{"type":"Feature","properties":{"id":"relation/19452566","name":"Sandton - Rivonia (Gautrain S3)","network":"Gautrain Bus"},"geometry":{"type":"LineString","coordinates":[[28.057022,-26.090993],[28.056901,-26.091446],[28.056749,-26.091965]]}},{"type":"Feature","properties":{"id":"relation/19452566","name":"Sandton - Rivonia (Gautrain S3)","network":"Gautrain Bus"},"geometry":{"type":"LineString","coordinates":[[28.056749,-26.091965],[28.056656,-26.092273],[28.056643,-26.092317]]}},{"type":"Feature","properties":{"id":"relation/19452566","name":"Sandton - Rivonia (Gautrain S3)","network":"Gautrain Bus"},"geometry":{"type":"LineString","coordinates":[[28.056643,-26.092317],[28.056568,-26.092579],[28.056417,-26.093112],[28.05635,-26.09332]]}},{"type":"Feature","properties":{"id":"relation/19452566","name":"Sandton - Rivonia (Gautrain S3)","network":"Gautrain Bus"},"geometry":{"type":"LineString","coordinates":[[28.05635,-26.09332],[28.056316,-26.093459],[28.056292,-26.093548],[28.056249,-26.093717]]}},{"type":"Feature","properties":{"id":"relation/19452566","name":"Sandton - Rivonia (Gautrain S3)","network":"Gautrain Bus"},"geometry":{"type":"LineString","coordinates":[[28.056249,-26.093717],[28.056179,-26.09399]]}},{"type":"Feature","properties":{"id":"relation/19452566","name":"Sandton - Rivonia (Gautrain S3)","network":"Gautrain Bus"},"geometry":{"type":"LineString","coordinates":[[28.056179,-26.09399],[28.056151,-26.094218],[28.056153,-26.094369]]}},{"type":"Feature","properties":{"id":"relation/19452566","name":"Sandton - Rivonia (Gautrain S3)","network":"Gautrain Bus"},"geometry":{"type":"LineString","coordinates":[[28.056153,-26.094369],[28.056158,-26.094645],[28.056191,-26.094827],[28.056237,-26.095003],[28.056364,-26.09529],[28.056713,-26.095974]]}},{"type":"Feature","properties":{"id":"relation/19452566","name":"Sandton - Rivonia (Gautrain S3)","network":"Gautrain Bus"},"geometry":{"type":"LineString","coordinates":[[28.056713,-26.095974],[28.056798,-26.096147]]}},{"type":"Feature","properties":{"id":"relation/19452566","name":"Sandton - Rivonia (Gautrain S3)","network":"Gautrain Bus"},"geometry":{"type":"LineString","coordinates":[[28.056798,-26.096147],[28.056826,-26.096206],[28.056927,-26.096423],[28.057291,-26.097207]]}},{"type":"Feature","properties":{"id":"relation/19452566","name":"Sandton - Rivonia (Gautrain S3)","network":"Gautrain Bus"},"geometry":{"type":"LineString","coordinates":[[28.057291,-26.097207],[28.057483,-26.09762]]}},{"type":"Feature","properties":{"id":"relation/19452566","name":"Sandton - Rivonia (Gautrain S3)","network":"Gautrain Bus"},"geometry":{"type":"LineString","coordinates":[[28.057483,-26.09762],[28.057638,-26.097942],[28.057692,-26.098049]]}},{"type":"Feature","properties":{"id":"relation/19452566","name":"Sandton - Rivonia (Gautrain S3)","network":"Gautrain Bus"},"geometry":{"type":"LineString","coordinates":[[28.057692,-26.098049],[28.057749,-26.098164]]}},{"type":"Feature","properties":{"id":"relation/19452566","name":"Sandton - Rivonia (Gautrain S3)","network":"Gautrain Bus"},"geometry":{"type":"LineString","coordinates":[[28.057749,-26.098164],[28.0578,-26.098264],[28.057984,-26.098627],[28.058121,-26.0989],[28.05822,-26.099093]]}},{"type":"Feature","properties":{"id":"relation/19452566","name":"Sandton - Rivonia (Gautrain S3)","network":"Gautrain Bus"},"geometry":{"type":"LineString","coordinates":[[28.05822,-26.099093],[28.058331,-26.099339]]}},{"type":"Feature","properties":{"id":"relation/19452566","name":"Sandton - Rivonia (Gautrain S3)","network":"Gautrain Bus"},"geometry":{"type":"LineString","coordinates":[[28.058331,-26.099339],[28.05861,-26.100023]]}},{"type":"Feature","properties":{"id":"relation/19452566","name":"Sandton - Rivonia (Gautrain S3)","network":"Gautrain Bus"},"geometry":{"type":"LineString","coordinates":[[28.05861,-26.100023],[28.058775,-26.100382]]}},{"type":"Feature","properties":{"id":"relation/19452566","name":"Sandton - Rivonia (Gautrain S3)","network":"Gautrain Bus"},"geometry":{"type":"LineString","coordinates":[[28.058775,-26.100382],[28.058819,-26.100467],[28.059139,-26.101094]]}},{"type":"Feature","properties":{"id":"relation/19452566","name":"Sandton - Rivonia (Gautrain S3)","network":"Gautrain Bus"},"geometry":{"type":"LineString","coordinates":[[28.059139,-26.101094],[28.059161,-26.101137],[28.05938,-26.101543]]}},{"type":"Feature","properties":{"id":"relation/19452566","name":"Sandton - Rivonia (Gautrain S3)","network":"Gautrain Bus"},"geometry":{"type":"LineString","coordinates":[[28.05938,-26.101543],[28.05963,-26.102033]]}},{"type":"Feature","properties":{"id":"relation/19452566","name":"Sandton - Rivonia (Gautrain S3)","network":"Gautrain Bus"},"geometry":{"type":"LineString","coordinates":[[28.05963,-26.102033],[28.059721,-26.102238],[28.059748,-26.102294],[28.05976,-26.10232],[28.05977,-26.10234]]}},{"type":"Feature","properties":{"id":"relation/19452566","name":"Sandton - Rivonia (Gautrain S3)","network":"Gautrain Bus"},"geometry":{"type":"LineString","coordinates":[[28.05977,-26.10234],[28.060022,-26.102878]]}},{"type":"Feature","properties":{"id":"relation/19452566","name":"Sandton - Rivonia (Gautrain S3)","network":"Gautrain Bus"},"geometry":{"type":"LineString","coordinates":[[28.060022,-26.102878],[28.060109,-26.103047]]}},{"type":"Feature","properties":{"id":"relation/19452566","name":"Sandton - Rivonia (Gautrain S3)","network":"Gautrain Bus"},"geometry":{"type":"LineString","coordinates":[[28.060109,-26.103047],[28.06019,-26.103211],[28.060197,-26.103227],[28.060304,-26.103448]]}},{"type":"Feature","properties":{"id":"relation/19452566","name":"Sandton - Rivonia (Gautrain S3)","network":"Gautrain Bus"},"geometry":{"type":"LineString","coordinates":[[28.060304,-26.103448],[28.060384,-26.103603],[28.06044,-26.103728]]}},{"type":"Feature","properties":{"id":"relation/19452566","name":"Sandton - Rivonia (Gautrain S3)","network":"Gautrain Bus"},"geometry":{"type":"LineString","coordinates":[[28.06044,-26.103728],[28.060562,-26.103952],[28.060784,-26.104374]]}},{"type":"Feature","properties":{"id":"relation/19452566","name":"Sandton - Rivonia (Gautrain S3)","network":"Gautrain Bus"},"geometry":{"type":"LineString","coordinates":[[28.060784,-26.104374],[28.060962,-26.104712],[28.060988,-26.104815],[28.061002,-26.104866],[28.061013,-26.104936],[28.061032,-26.105221]]}},{"type":"Feature","properties":{"id":"relation/19452566","name":"Sandton - Rivonia (Gautrain S3)","network":"Gautrain Bus"},"geometry":{"type":"LineString","coordinates":[[28.061032,-26.105221],[28.061018,-26.105326],[28.060994,-26.105408],[28.060934,-26.105585],[28.060875,-26.105739],[28.0608,-26.10589],[28.060671,-26.106094],[28.060506,-26.10628],[28.060395,-26.106383],[28.060282,-26.106475],[28.06007,-26.10662],[28.059808,-26.10679],[28.05869,-26.107488]]}},{"type":"Feature","properties":{"id":"relation/19452566","name":"Sandton - Rivonia (Gautrain S3)","network":"Gautrain Bus"},"geometry":{"type":"LineString","coordinates":[[28.05869,-26.107488],[28.058308,-26.107748]]}},{"type":"Feature","properties":{"id":"relation/19452566","name":"Sandton - Rivonia (Gautrain S3)","network":"Gautrain Bus"},"geometry":{"type":"LineString","coordinates":[[28.058308,-26.107748],[28.058224,-26.107804]]}},{"type":"Feature","properties":{"id":"relation/19452566","name":"Sandton - Rivonia (Gautrain S3)","network":"Gautrain Bus"},"geometry":{"type":"LineString","coordinates":[[28.058224,-26.107804],[28.058099,-26.107895]]}},{"type":"Feature","properties":{"id":"relation/19452566","name":"Sandton - Rivonia (Gautrain S3)","network":"Gautrain Bus"},"geometry":{"type":"LineString","coordinates":[[28.058099,-26.107895],[28.057996,-26.107972]]}},{"type":"Feature","properties":{"id":"relation/19452566","name":"Sandton - Rivonia (Gautrain S3)","network":"Gautrain Bus"},"geometry":{"type":"LineString","coordinates":[[28.057996,-26.107972],[28.05765,-26.108211]]}},{"type":"Feature","properties":{"id":"relation/19452566","name":"Sandton - Rivonia (Gautrain S3)","network":"Gautrain Bus"},"geometry":{"type":"LineString","coordinates":[[28.05765,-26.108211],[28.057571,-26.108214],[28.057501,-26.108241],[28.057416,-26.10829],[28.057199,-26.108443],[28.057115,-26.108488],[28.057054,-26.108493],[28.056994,-26.108473]]}},{"type":"Feature","properties":{"id":"relation/19452566","name":"Sandton - Rivonia (Gautrain S3)","network":"Gautrain Bus"},"geometry":{"type":"LineString","coordinates":[[28.056994,-26.108473],[28.05692,-26.108391],[28.056646,-26.108091],[28.056594,-26.107491],[28.056691,-26.107484],[28.056733,-26.108068]]}},{"type":"Feature","properties":{"id":"relation/19568334","name":"Sandton - Randburg (Gautrain S4)","network":"Gautrain Bus"},"geometry":{"type":"LineString","coordinates":[[28.056733,-26.108068],[28.05699,-26.108343],[28.057068,-26.108427]]}},{"type":"Feature","properties":{"id":"relation/19568334","name":"Sandton - Randburg (Gautrain S4)","network":"Gautrain Bus"},"geometry":{"type":"LineString","coordinates":[[28.057068,-26.108427],[28.057626,-26.108064]]}},{"type":"Feature","properties":{"id":"relation/19568334","name":"Sandton - Randburg (Gautrain S4)","network":"Gautrain Bus"},"geometry":{"type":"LineString","coordinates":[[28.057626,-26.108064],[28.057888,-26.107886]]}},{"type":"Feature","properties":{"id":"relation/19568334","name":"Sandton - Randburg (Gautrain S4)","network":"Gautrain Bus"},"geometry":{"type":"LineString","coordinates":[[28.057888,-26.107886],[28.05798,-26.107822]]}},{"type":"Feature","properties":{"id":"relation/19568334","name":"Sandton - Randburg (Gautrain S4)","network":"Gautrain Bus"},"geometry":{"type":"LineString","coordinates":[[28.05798,-26.107822],[28.057855,-26.107727]]}},{"type":"Feature","properties":{"id":"relation/19568334","name":"Sandton - Randburg (Gautrain S4)","network":"Gautrain Bus"},"geometry":{"type":"LineString","coordinates":[[28.057855,-26.107727],[28.0577,-26.107601]]}},{"type":"Feature","properties":{"id":"relation/19568334","name":"Sandton - Randburg (Gautrain S4)","network":"Gautrain Bus"},"geometry":{"type":"LineString","coordinates":[[28.0577,-26.107601],[28.05708,-26.107086]]}},{"type":"Feature","properties":{"id":"relation/19568334","name":"Sandton - Randburg (Gautrain S4)","network":"Gautrain Bus"},"geometry":{"type":"LineString","coordinates":[[28.05708,-26.107086],[28.057065,-26.107073],[28.0569,-26.106948]]}},{"type":"Feature","properties":{"id":"relation/19568334","name":"Sandton - Randburg (Gautrain S4)","network":"Gautrain Bus"},"geometry":{"type":"LineString","coordinates":[[28.0569,-26.106948],[28.056791,-26.106862],[28.056682,-26.106774]]}},{"type":"Feature","properties":{"id":"relation/19568334","name":"Sandton - Randburg (Gautrain S4)","network":"Gautrain Bus"},"geometry":{"type":"LineString","coordinates":[[28.056682,-26.106774],[28.056218,-26.106384],[28.056094,-26.10628],[28.056075,-26.106265],[28.055725,-26.105986],[28.055351,-26.105688]]}},{"type":"Feature","properties":{"id":"relation/19568334","name":"Sandton - Randburg (Gautrain S4)","network":"Gautrain Bus"},"geometry":{"type":"LineString","coordinates":[[28.055351,-26.105688],[28.054957,-26.105374]]}},{"type":"Feature","properties":{"id":"relation/19568334","name":"Sandton - Randburg (Gautrain S4)","network":"Gautrain Bus"},"geometry":{"type":"LineString","coordinates":[[28.054957,-26.105374],[28.054907,-26.105334]]}},{"type":"Feature","properties":{"id":"relation/19568334","name":"Sandton - Randburg (Gautrain S4)","network":"Gautrain Bus"},"geometry":{"type":"LineString","coordinates":[[28.054907,-26.105334],[28.054843,-26.105284]]}},{"type":"Feature","properties":{"id":"relation/19568334","name":"Sandton - Randburg (Gautrain S4)","network":"Gautrain Bus"},"geometry":{"type":"LineString","coordinates":[[28.054843,-26.105284],[28.054795,-26.105246]]}},{"type":"Feature","properties":{"id":"relation/19568334","name":"Sandton - Randburg (Gautrain S4)","network":"Gautrain Bus"},"geometry":{"type":"LineString","coordinates":[[28.054795,-26.105246],[28.054259,-26.10479]]}},{"type":"Feature","properties":{"id":"relation/19568334","name":"Sandton - Randburg (Gautrain S4)","network":"Gautrain Bus"},"geometry":{"type":"LineString","coordinates":[[28.054259,-26.10479],[28.054094,-26.104646]]}},{"type":"Feature","properties":{"id":"relation/19568334","name":"Sandton - Randburg (Gautrain S4)","network":"Gautrain Bus"},"geometry":{"type":"LineString","coordinates":[[28.054094,-26.104646],[28.054052,-26.104611]]}},{"type":"Feature","properties":{"id":"relation/19568334","name":"Sandton - Randburg (Gautrain S4)","network":"Gautrain Bus"},"geometry":{"type":"LineString","coordinates":[[28.054052,-26.104611],[28.054025,-26.104636],[28.053991,-26.104671]]}},{"type":"Feature","properties":{"id":"relation/19568334","name":"Sandton - Randburg (Gautrain S4)","network":"Gautrain Bus"},"geometry":{"type":"LineString","coordinates":[[28.053991,-26.104671],[28.053753,-26.104918],[28.053298,-26.105375],[28.052299,-26.106365],[28.052121,-26.106556],[28.051857,-26.106864]]}},{"type":"Feature","properties":{"id":"relation/19568334","name":"Sandton - Randburg (Gautrain S4)","network":"Gautrain Bus"},"geometry":{"type":"LineString","coordinates":[[28.051857,-26.106864],[28.051778,-26.10696]]}},{"type":"Feature","properties":{"id":"relation/19568334","name":"Sandton - Randburg (Gautrain S4)","network":"Gautrain Bus"},"geometry":{"type":"LineString","coordinates":[[28.051778,-26.10696],[28.050989,-26.107748],[28.050836,-26.107897],[28.050579,-26.10815],[28.049919,-26.108838],[28.049497,-26.109254],[28.049448,-26.109302]]}},{"type":"Feature","properties":{"id":"relation/19568334","name":"Sandton - Randburg (Gautrain S4)","network":"Gautrain Bus"},"geometry":{"type":"LineString","coordinates":[[28.049448,-26.109302],[28.04937,-26.109403]]}},{"type":"Feature","properties":{"id":"relation/19568334","name":"Sandton - Randburg (Gautrain S4)","network":"Gautrain Bus"},"geometry":{"type":"LineString","coordinates":[[28.04937,-26.109403],[28.049267,-26.109344]]}},{"type":"Feature","properties":{"id":"relation/19568334","name":"Sandton - Randburg (Gautrain S4)","network":"Gautrain Bus"},"geometry":{"type":"LineString","coordinates":[[28.049267,-26.109344],[28.04918,-26.109299],[28.048911,-26.109162]]}},{"type":"Feature","properties":{"id":"relation/19568334","name":"Sandton - Randburg (Gautrain S4)","network":"Gautrain Bus"},"geometry":{"type":"LineString","coordinates":[[28.048911,-26.109162],[28.048424,-26.108903],[28.048076,-26.108683],[28.047832,-26.108475],[28.047653,-26.108274],[28.047504,-26.108064],[28.047397,-26.107859],[28.047307,-26.107642],[28.047235,-26.107385],[28.047195,-26.107147],[28.047154,-26.106898],[28.047075,-26.106613],[28.046961,-26.106347],[28.046824,-26.106099],[28.046681,-26.10589],[28.046426,-26.105621],[28.046247,-26.105465],[28.046194,-26.105417],[28.046111,-26.105356],[28.046018,-26.105305],[28.045001,-26.104749]]}},{"type":"Feature","properties":{"id":"relation/19568334","name":"Sandton - Randburg (Gautrain S4)","network":"Gautrain Bus"},"geometry":{"type":"LineString","coordinates":[[28.045001,-26.104749],[28.040425,-26.102253],[28.040097,-26.102077],[28.039517,-26.101758],[28.038515,-26.101216],[28.037997,-26.100931],[28.037851,-26.100863],[28.037737,-26.100818],[28.037622,-26.100773],[28.037478,-26.100724],[28.037033,-26.100636]]}},{"type":"Feature","properties":{"id":"relation/19568334","name":"Sandton - Randburg (Gautrain S4)","network":"Gautrain Bus"},"geometry":{"type":"LineString","coordinates":[[28.037033,-26.100636],[28.036956,-26.100623]]}},{"type":"Feature","properties":{"id":"relation/19568334","name":"Sandton - Randburg (Gautrain S4)","network":"Gautrain Bus"},"geometry":{"type":"LineString","coordinates":[[28.036956,-26.100623],[28.036852,-26.100607]]}},{"type":"Feature","properties":{"id":"relation/19568334","name":"Sandton - Randburg (Gautrain S4)","network":"Gautrain Bus"},"geometry":{"type":"LineString","coordinates":[[28.036852,-26.100607],[28.036767,-26.100596]]}},{"type":"Feature","properties":{"id":"relation/19568334","name":"Sandton - Randburg (Gautrain S4)","network":"Gautrain Bus"},"geometry":{"type":"LineString","coordinates":[[28.036767,-26.100596],[28.036512,-26.100564]]}},{"type":"Feature","properties":{"id":"relation/19568334","name":"Sandton - Randburg (Gautrain S4)","network":"Gautrain Bus"},"geometry":{"type":"LineString","coordinates":[[28.036512,-26.100564],[28.035995,-26.100499],[28.035102,-26.100383]]}},{"type":"Feature","properties":{"id":"relation/19568334","name":"Sandton - Randburg (Gautrain S4)","network":"Gautrain Bus"},"geometry":{"type":"LineString","coordinates":[[28.035102,-26.100383],[28.034505,-26.100321],[28.034267,-26.100289],[28.033853,-26.100245]]}},{"type":"Feature","properties":{"id":"relation/19568334","name":"Sandton - Randburg (Gautrain S4)","network":"Gautrain Bus"},"geometry":{"type":"LineString","coordinates":[[28.033853,-26.100245],[28.033665,-26.100235],[28.033393,-26.100232],[28.032973,-26.100252]]}},{"type":"Feature","properties":{"id":"relation/19568334","name":"Sandton - Randburg (Gautrain S4)","network":"Gautrain Bus"},"geometry":{"type":"LineString","coordinates":[[28.032973,-26.100252],[28.032797,-26.100265],[28.032605,-26.100272],[28.032529,-26.100275]]}},{"type":"Feature","properties":{"id":"relation/19568334","name":"Sandton - Randburg (Gautrain S4)","network":"Gautrain Bus"},"geometry":{"type":"LineString","coordinates":[[28.032529,-26.100275],[28.032369,-26.10028]]}},{"type":"Feature","properties":{"id":"relation/19568334","name":"Sandton - Randburg (Gautrain S4)","network":"Gautrain Bus"},"geometry":{"type":"LineString","coordinates":[[28.032369,-26.10028],[28.032364,-26.100217]]}},{"type":"Feature","properties":{"id":"relation/19568334","name":"Sandton - Randburg (Gautrain S4)","network":"Gautrain Bus"},"geometry":{"type":"LineString","coordinates":[[28.032364,-26.100217],[28.032355,-26.10015]]}},{"type":"Feature","properties":{"id":"relation/19568334","name":"Sandton - Randburg (Gautrain S4)","network":"Gautrain Bus"},"geometry":{"type":"LineString","coordinates":[[28.032355,-26.10015],[28.032347,-26.100025],[28.032323,-26.099682],[28.032305,-26.099325],[28.032245,-26.098563],[28.032226,-26.098317],[28.032208,-26.09811],[28.032166,-26.097865],[28.032103,-26.097552],[28.032032,-26.097278],[28.031959,-26.097029],[28.031839,-26.096685],[28.03177,-26.096502],[28.031639,-26.096177],[28.031445,-26.095785],[28.031283,-26.095502],[28.031149,-26.09527],[28.031101,-26.095178],[28.030854,-26.094814]]}},{"type":"Feature","properties":{"id":"relation/19568334","name":"Sandton - Randburg (Gautrain S4)","network":"Gautrain Bus"},"geometry":{"type":"LineString","coordinates":[[28.030854,-26.094814],[28.030643,-26.094521],[28.030487,-26.094326],[28.030207,-26.094009],[28.030091,-26.093882],[28.02991,-26.093698],[28.02975,-26.093555]]}},{"type":"Feature","properties":{"id":"relation/19568334","name":"Sandton - Randburg (Gautrain S4)","network":"Gautrain Bus"},"geometry":{"type":"LineString","coordinates":[[28.02975,-26.093555],[28.029591,-26.093411],[28.029189,-26.09308]]}},{"type":"Feature","properties":{"id":"relation/19568334","name":"Sandton - Randburg (Gautrain S4)","network":"Gautrain Bus"},"geometry":{"type":"LineString","coordinates":[[28.029189,-26.09308],[28.029136,-26.093036],[28.029071,-26.092981],[28.028997,-26.092915]]}},{"type":"Feature","properties":{"id":"relation/19568334","name":"Sandton - Randburg (Gautrain S4)","network":"Gautrain Bus"},"geometry":{"type":"LineString","coordinates":[[28.028997,-26.092915],[28.028891,-26.092819],[28.028744,-26.092695],[28.028357,-26.092366],[28.027842,-26.091962]]}},{"type":"Feature","properties":{"id":"relation/19568334","name":"Sandton - Randburg (Gautrain S4)","network":"Gautrain Bus"},"geometry":{"type":"LineString","coordinates":[[28.027842,-26.091962],[28.027622,-26.09177],[28.027491,-26.091662]]}},{"type":"Feature","properties":{"id":"relation/19568334","name":"Sandton - Randburg (Gautrain S4)","network":"Gautrain Bus"},"geometry":{"type":"LineString","coordinates":[[28.027491,-26.091662],[28.027204,-26.091431],[28.026875,-26.091165],[28.026593,-26.090905],[28.026436,-26.090773],[28.026196,-26.090518]]}},{"type":"Feature","properties":{"id":"relation/19568334","name":"Sandton - Randburg (Gautrain S4)","network":"Gautrain Bus"},"geometry":{"type":"LineString","coordinates":[[28.026196,-26.090518],[28.0259,-26.090253],[28.025774,-26.090175],[28.025652,-26.090138],[28.025622,-26.090129],[28.02559,-26.090122],[28.025522,-26.090116],[28.02546,-26.090116],[28.0254,-26.090119],[28.025322,-26.090135],[28.025251,-26.090159],[28.025014,-26.090269]]}},{"type":"Feature","properties":{"id":"relation/19568334","name":"Sandton - Randburg (Gautrain S4)","network":"Gautrain Bus"},"geometry":{"type":"LineString","coordinates":[[28.025014,-26.090269],[28.024609,-26.090521]]}},{"type":"Feature","properties":{"id":"relation/19568334","name":"Sandton - Randburg (Gautrain S4)","network":"Gautrain Bus"},"geometry":{"type":"LineString","coordinates":[[28.024609,-26.090521],[28.023971,-26.090918],[28.02387,-26.090983]]}},{"type":"Feature","properties":{"id":"relation/19568334","name":"Sandton - Randburg (Gautrain S4)","network":"Gautrain Bus"},"geometry":{"type":"LineString","coordinates":[[28.02387,-26.090983],[28.023773,-26.091047],[28.023092,-26.091471]]}},{"type":"Feature","properties":{"id":"relation/19568334","name":"Sandton - Randburg (Gautrain S4)","network":"Gautrain Bus"},"geometry":{"type":"LineString","coordinates":[[28.023092,-26.091471],[28.022877,-26.091603],[28.022375,-26.091918],[28.020626,-26.092997],[28.020024,-26.09338],[28.019599,-26.093661],[28.01888,-26.09419],[28.018221,-26.094689],[28.017513,-26.095231],[28.016637,-26.095841]]}},{"type":"Feature","properties":{"id":"relation/19568334","name":"Sandton - Randburg (Gautrain S4)","network":"Gautrain Bus"},"geometry":{"type":"LineString","coordinates":[[28.016637,-26.095841],[28.015975,-26.096264]]}},{"type":"Feature","properties":{"id":"relation/19568334","name":"Sandton - Randburg (Gautrain S4)","network":"Gautrain Bus"},"geometry":{"type":"LineString","coordinates":[[28.015975,-26.096264],[28.014873,-26.096929]]}},{"type":"Feature","properties":{"id":"relation/19568334","name":"Sandton - Randburg (Gautrain S4)","network":"Gautrain Bus"},"geometry":{"type":"LineString","coordinates":[[28.014873,-26.096929],[28.014242,-26.097288],[28.013854,-26.097509]]}},{"type":"Feature","properties":{"id":"relation/19568334","name":"Sandton - Randburg (Gautrain S4)","network":"Gautrain Bus"},"geometry":{"type":"LineString","coordinates":[[28.013854,-26.097509],[28.01362,-26.09764]]}},{"type":"Feature","properties":{"id":"relation/19568334","name":"Sandton - Randburg (Gautrain S4)","network":"Gautrain Bus"},"geometry":{"type":"LineString","coordinates":[[28.01362,-26.09764],[28.013364,-26.097781]]}},{"type":"Feature","properties":{"id":"relation/19568334","name":"Sandton - Randburg (Gautrain S4)","network":"Gautrain Bus"},"geometry":{"type":"LineString","coordinates":[[28.013364,-26.097781],[28.013315,-26.097808]]}},{"type":"Feature","properties":{"id":"relation/19568334","name":"Sandton - Randburg (Gautrain S4)","network":"Gautrain Bus"},"geometry":{"type":"LineString","coordinates":[[28.013315,-26.097808],[28.013247,-26.097844],[28.01324,-26.097848],[28.01294,-26.098006]]}},{"type":"Feature","properties":{"id":"relation/19568334","name":"Sandton - Randburg (Gautrain S4)","network":"Gautrain Bus"},"geometry":{"type":"LineString","coordinates":[[28.01294,-26.098006],[28.01183,-26.0986],[28.011397,-26.098817]]}},{"type":"Feature","properties":{"id":"relation/19568334","name":"Sandton - Randburg (Gautrain S4)","network":"Gautrain Bus"},"geometry":{"type":"LineString","coordinates":[[28.011397,-26.098817],[28.011174,-26.098888],[28.010913,-26.098963],[28.010778,-26.09901],[28.010708,-26.099034],[28.010584,-26.099078]]}},{"type":"Feature","properties":{"id":"relation/19568334","name":"Sandton - Randburg (Gautrain S4)","network":"Gautrain Bus"},"geometry":{"type":"LineString","coordinates":[[28.010584,-26.099078],[28.010493,-26.099109],[28.010418,-26.099135],[28.010115,-26.099265],[28.009692,-26.0995],[28.009622,-26.099522],[28.009534,-26.099542]]}},{"type":"Feature","properties":{"id":"relation/19568334","name":"Sandton - Randburg (Gautrain S4)","network":"Gautrain Bus"},"geometry":{"type":"LineString","coordinates":[[28.005002,-26.100654],[28.005162,-26.100621],[28.005745,-26.100506],[28.00678,-26.100299],[28.007807,-26.100093],[28.008569,-26.099924],[28.008815,-26.099875],[28.009028,-26.099796],[28.009245,-26.099691],[28.009534,-26.099542]]}},{"type":"Feature","properties":{"id":"relation/19568334","name":"Sandton - Randburg (Gautrain S4)","network":"Gautrain Bus"},"geometry":{"type":"LineString","coordinates":[[28.005002,-26.100654],[28.004871,-26.100669],[28.004778,-26.100667],[28.004234,-26.100601],[28.003741,-26.100517]]}},{"type":"Feature","properties":{"id":"relation/19568334","name":"Sandton - Randburg (Gautrain S4)","network":"Gautrain Bus"},"geometry":{"type":"LineString","coordinates":[[28.003741,-26.100517],[28.003598,-26.100492],[28.003476,-26.100471]]}},{"type":"Feature","properties":{"id":"relation/19568334","name":"Sandton - Randburg (Gautrain S4)","network":"Gautrain Bus"},"geometry":{"type":"LineString","coordinates":[[28.003476,-26.100471],[28.003287,-26.100439]]}},{"type":"Feature","properties":{"id":"relation/19568334","name":"Sandton - Randburg (Gautrain S4)","network":"Gautrain Bus"},"geometry":{"type":"LineString","coordinates":[[28.003287,-26.100439],[28.002904,-26.100378],[28.002852,-26.10037]]}},{"type":"Feature","properties":{"id":"relation/19568334","name":"Sandton - Randburg (Gautrain S4)","network":"Gautrain Bus"},"geometry":{"type":"LineString","coordinates":[[28.002852,-26.10037],[28.002733,-26.100348]]}},{"type":"Feature","properties":{"id":"relation/19568334","name":"Sandton - Randburg (Gautrain S4)","network":"Gautrain Bus"},"geometry":{"type":"LineString","coordinates":[[28.002733,-26.100348],[28.002664,-26.100337],[28.001054,-26.100072],[28.000954,-26.100056],[28.000866,-26.099999]]}},{"type":"Feature","properties":{"id":"relation/19568334","name":"Sandton - Randburg (Gautrain S4)","network":"Gautrain Bus"},"geometry":{"type":"LineString","coordinates":[[28.000339,-26.099921],[28.000866,-26.099999]]}},{"type":"Feature","properties":{"id":"relation/19568334","name":"Sandton - Randburg (Gautrain S4)","network":"Gautrain Bus"},"geometry":{"type":"LineString","coordinates":[[27.99912,-26.099735],[27.999216,-26.099749],[28.000339,-26.099921]]}},{"type":"Feature","properties":{"id":"relation/19568334","name":"Sandton - Randburg (Gautrain S4)","network":"Gautrain Bus"},"geometry":{"type":"LineString","coordinates":[[27.998468,-26.099632],[27.999035,-26.099721],[27.99912,-26.099735]]}},{"type":"Feature","properties":{"id":"relation/19568334","name":"Sandton - Randburg (Gautrain S4)","network":"Gautrain Bus"},"geometry":{"type":"LineString","coordinates":[[27.997307,-26.099459],[27.997467,-26.099483],[27.997998,-26.099562],[27.998468,-26.099632]]}},{"type":"Feature","properties":{"id":"relation/19568334","name":"Sandton - Randburg (Gautrain S4)","network":"Gautrain Bus"},"geometry":{"type":"LineString","coordinates":[[27.9963,-26.09929],[27.996758,-26.099369],[27.997307,-26.099459]]}},{"type":"Feature","properties":{"id":"relation/19568334","name":"Sandton - Randburg (Gautrain S4)","network":"Gautrain Bus"},"geometry":{"type":"LineString","coordinates":[[27.995466,-26.099151],[27.995541,-26.099164],[27.9963,-26.09929]]}},{"type":"Feature","properties":{"id":"relation/19568334","name":"Sandton - Randburg (Gautrain S4)","network":"Gautrain Bus"},"geometry":{"type":"LineString","coordinates":[[27.994613,-26.099025],[27.99535,-26.099133],[27.995466,-26.099151]]}},{"type":"Feature","properties":{"id":"relation/19568334","name":"Sandton - Randburg (Gautrain S4)","network":"Gautrain Bus"},"geometry":{"type":"LineString","coordinates":[[27.993787,-26.098901],[27.994613,-26.099025]]}},{"type":"Feature","properties":{"id":"relation/19568334","name":"Sandton - Randburg (Gautrain S4)","network":"Gautrain Bus"},"geometry":{"type":"LineString","coordinates":[[27.993787,-26.098901],[27.993672,-26.098896],[27.993617,-26.098892]]}},{"type":"Feature","properties":{"id":"relation/19568334","name":"Sandton - Randburg (Gautrain S4)","network":"Gautrain Bus"},"geometry":{"type":"LineString","coordinates":[[27.993617,-26.098892],[27.993541,-26.098884],[27.993467,-26.098874],[27.99304,-26.098806],[27.992646,-26.09874],[27.992081,-26.098653],[27.991546,-26.098572],[27.991067,-26.098505]]}},{"type":"Feature","properties":{"id":"relation/19568334","name":"Sandton - Randburg (Gautrain S4)","network":"Gautrain Bus"},"geometry":{"type":"LineString","coordinates":[[27.991067,-26.098505],[27.990789,-26.098472],[27.990631,-26.09845],[27.990565,-26.09844]]}},{"type":"Feature","properties":{"id":"relation/19568334","name":"Sandton - Randburg (Gautrain S4)","network":"Gautrain Bus"},"geometry":{"type":"LineString","coordinates":[[27.990565,-26.09844],[27.990461,-26.098426]]}},{"type":"Feature","properties":{"id":"relation/19568334","name":"Sandton - Randburg (Gautrain S4)","network":"Gautrain Bus"},"geometry":{"type":"LineString","coordinates":[[27.990461,-26.098426],[27.9904,-26.09842],[27.990213,-26.0984]]}},{"type":"Feature","properties":{"id":"relation/19568334","name":"Sandton - Randburg (Gautrain S4)","network":"Gautrain Bus"},"geometry":{"type":"LineString","coordinates":[[27.990213,-26.0984],[27.989983,-26.098372],[27.989786,-26.098353],[27.989554,-26.098331],[27.989272,-26.098317]]}},{"type":"Feature","properties":{"id":"relation/19568334","name":"Sandton - Randburg (Gautrain S4)","network":"Gautrain Bus"},"geometry":{"type":"LineString","coordinates":[[27.989272,-26.098317],[27.989183,-26.098313],[27.989083,-26.098311],[27.988762,-26.098314]]}},{"type":"Feature","properties":{"id":"relation/19568334","name":"Sandton - Randburg (Gautrain S4)","network":"Gautrain Bus"},"geometry":{"type":"LineString","coordinates":[[27.988762,-26.098314],[27.988376,-26.098313],[27.988053,-26.098306],[27.987759,-26.098306]]}},{"type":"Feature","properties":{"id":"relation/19568334","name":"Sandton - Randburg (Gautrain S4)","network":"Gautrain Bus"},"geometry":{"type":"LineString","coordinates":[[27.987759,-26.098306],[27.987501,-26.098302],[27.987265,-26.098304]]}},{"type":"Feature","properties":{"id":"relation/19568334","name":"Sandton - Randburg (Gautrain S4)","network":"Gautrain Bus"},"geometry":{"type":"LineString","coordinates":[[27.987265,-26.098304],[27.986902,-26.0983]]}},{"type":"Feature","properties":{"id":"relation/19568334","name":"Sandton - Randburg (Gautrain S4)","network":"Gautrain Bus"},"geometry":{"type":"LineString","coordinates":[[27.986902,-26.0983],[27.986831,-26.098299]]}},{"type":"Feature","properties":{"id":"relation/19568334","name":"Sandton - Randburg (Gautrain S4)","network":"Gautrain Bus"},"geometry":{"type":"LineString","coordinates":[[27.986831,-26.098299],[27.986665,-26.098296]]}},{"type":"Feature","properties":{"id":"relation/19568334","name":"Sandton - Randburg (Gautrain S4)","network":"Gautrain Bus"},"geometry":{"type":"LineString","coordinates":[[27.986665,-26.098296],[27.98663,-26.098204]]}},{"type":"Feature","properties":{"id":"relation/19568334","name":"Sandton - Randburg (Gautrain S4)","network":"Gautrain Bus"},"geometry":{"type":"LineString","coordinates":[[27.98663,-26.098204],[27.986599,-26.09813]]}},{"type":"Feature","properties":{"id":"relation/19568334","name":"Sandton - Randburg (Gautrain S4)","network":"Gautrain Bus"},"geometry":{"type":"LineString","coordinates":[[27.986599,-26.09813],[27.986564,-26.098045],[27.986527,-26.097963],[27.986488,-26.097872]]}},{"type":"Feature","properties":{"id":"relation/19568334","name":"Sandton - Randburg (Gautrain S4)","network":"Gautrain Bus"},"geometry":{"type":"LineString","coordinates":[[27.986488,-26.097872],[27.986339,-26.097553],[27.986212,-26.097329]]}},{"type":"Feature","properties":{"id":"relation/19568334","name":"Sandton - Randburg (Gautrain S4)","network":"Gautrain Bus"},"geometry":{"type":"LineString","coordinates":[[27.986212,-26.097329],[27.986107,-26.097142],[27.98593,-26.096833],[27.985834,-26.096667],[27.985497,-26.096078]]}},{"type":"Feature","properties":{"id":"relation/19568334","name":"Sandton - Randburg (Gautrain S4)","network":"Gautrain Bus"},"geometry":{"type":"LineString","coordinates":[[27.985497,-26.096078],[27.985356,-26.095835],[27.98527,-26.095679],[27.985242,-26.095628],[27.985162,-26.095483]]}},{"type":"Feature","properties":{"id":"relation/19568334","name":"Sandton - Randburg (Gautrain S4)","network":"Gautrain Bus"},"geometry":{"type":"LineString","coordinates":[[27.984908,-26.095567],[27.984986,-26.095558],[27.985051,-26.095536],[27.985101,-26.095512],[27.985162,-26.095483]]}},{"type":"Feature","properties":{"id":"relation/19568334","name":"Sandton - Randburg (Gautrain S4)","network":"Gautrain Bus"},"geometry":{"type":"LineString","coordinates":[[27.984929,-26.096628],[27.984919,-26.096006],[27.984908,-26.095567]]}}]}