{"type":"FeatureCollection","features":[{"type":"Feature","properties":{"id":"relation/4511530","name":"BRT T1: Ellis Park East => Thokoza Park","network":"Rea Vaya"},"geometry":{"type":"LineString","coordinates":[[28.06792,-26.197767],[28.067842,-26.197727],[28.067756,-26.19767],[28.067607,-26.197565],[28.067538,-26.197509],[28.067483,-26.197454],[28.067404,-26.197365],[28.067092,-26.196989],[28.066946,-26.196806],[28.066907,-26.196748],[28.066858,-26.196658],[28.066814,-26.196563],[28.066765,-26.196467],[28.066682,-26.196315],[28.066612,-26.196216],[28.06633,-26.195868],[28.066229,-26.195744],[28.066168,-26.195668],[28.066111,-26.195603],[28.06607,-26.195558],[28.065772,-26.195241],[28.065512,-26.194966],[28.065248,-26.194685],[28.065106,-26.194527],[28.065041,-26.194457],[28.064856,-26.194246],[28.064608,-26.193947],[28.064359,-26.193647],[28.064271,-26.193537],[28.06412,-26.19335],[28.063846,-26.193021],[28.063707,-26.192855],[28.063469,-26.192561],[28.063355,-26.192424],[28.063301,-26.192357],[28.063197,-26.192235],[28.062963,-26.191949],[28.062911,-26.191894],[28.062843,-26.191828],[28.062751,-26.191756],[28.06262,-26.19167],[28.062533,-26.191625],[28.062437,-26.191581],[28.062336,-26.191543],[28.062234,-26.191516],[28.062092,-26.191486],[28.061958,-26.19147],[28.061487,-26.19147],[28.06102,-26.191467],[28.060944,-26.191466],[28.060899,-26.191465],[28.060803,-26.191462],[28.060703,-26.19146],[28.060288,-26.191452],[28.059879,-26.191457],[28.059606,-26.191469],[28.059393,-26.191485],[28.059272,-26.191493],[28.058981,-26.19151],[28.058383,-26.191514],[28.058283,-26.191513],[28.05821,-26.191511],[28.05803,-26.191508],[28.057965,-26.19151],[28.057904,-26.191511],[28.057561,-26.191508],[28.057144,-26.191504],[28.056912,-26.191522],[28.056689,-26.191557],[28.056533,-26.191593],[28.056395,-26.191631],[28.056225,-26.191694],[28.056005,-26.191797],[28.055692,-26.191967],[28.055495,-26.192072],[28.055289,-26.192187],[28.0552,-26.192238],[28.05502,-26.192355],[28.054757,-26.192522],[28.054538,-26.192645],[28.054113,-26.192883],[28.053895,-26.192992],[28.053408,-26.193218],[28.052934,-26.193442],[28.052794,-26.19351],[28.052626,-26.193599],[28.052261,-26.193806],[28.052132,-26.193875],[28.052043,-26.193909],[28.051966,-26.193927],[28.051838,-26.193946],[28.051715,-26.193963],[28.051603,-26.193975],[28.051477,-26.19399],[28.050836,-26.194064],[28.050754,-26.194079],[28.050689,-26.194097],[28.050649,-26.194108],[28.050619,-26.194116],[28.050547,-26.194135],[28.049807,-26.19421],[28.049732,-26.194218],[28.049691,-26.194227],[28.049524,-26.194242],[28.048939,-26.194302],[28.047952,-26.194412]]}},{"type":"Feature","properties":{"id":"relation/4511530","name":"BRT T1: Ellis Park East => Thokoza Park","network":"Rea Vaya"},"geometry":{"type":"LineString","coordinates":[[28.04796,-26.194455],[28.047952,-26.194412]]}},{"type":"Feature","properties":{"id":"relation/4511530","name":"BRT T1: Ellis Park East => Thokoza Park","network":"Rea Vaya"},"geometry":{"type":"LineString","coordinates":[[28.048388,-26.197315],[28.048378,-26.197248],[28.048276,-26.196507],[28.04818,-26.195909],[28.048083,-26.195171],[28.04802,-26.194803],[28.04796,-26.194455]]}},{"type":"Feature","properties":{"id":"relation/4511530","name":"BRT T1: Ellis Park East => Thokoza Park","network":"Rea Vaya"},"geometry":{"type":"LineString","coordinates":[[28.048432,-26.197681],[28.048388,-26.197315]]}},{"type":"Feature","properties":{"id":"relation/4511530","name":"BRT T1: Ellis Park East => Thokoza Park","network":"Rea Vaya"},"geometry":{"type":"LineString","coordinates":[[28.048445,-26.197824],[28.048432,-26.197681]]}},{"type":"Feature","properties":{"id":"relation/4511530","name":"BRT T1: Ellis Park East => Thokoza Park","network":"Rea Vaya"},"geometry":{"type":"LineString","coordinates":[[28.050202,-26.197594],[28.04999,-26.197619],[28.049386,-26.197705],[28.049069,-26.197746],[28.048445,-26.197824]]}},{"type":"Feature","properties":{"id":"relation/4511530","name":"BRT T1: Ellis Park East => Thokoza Park","network":"Rea Vaya"},"geometry":{"type":"LineString","coordinates":[[28.050202,-26.197594],[28.05023,-26.197799],[28.050249,-26.19794],[28.050307,-26.198366],[28.050409,-26.199124]]}},{"type":"Feature","properties":{"id":"relation/4511530","name":"BRT T1: Ellis Park East => Thokoza Park","network":"Rea Vaya"},"geometry":{"type":"LineString","coordinates":[[28.050409,-26.199124],[28.05051,-26.199867]]}},{"type":"Feature","properties":{"id":"relation/4511530","name":"BRT T1: Ellis Park East => Thokoza Park","network":"Rea Vaya"},"geometry":{"type":"LineString","coordinates":[[28.05051,-26.199867],[28.050392,-26.200111],[28.050385,-26.200276],[28.05042,-26.200473],[28.05045,-26.20067],[28.050563,-26.20145],[28.050664,-26.202211],[28.050765,-26.202955],[28.050875,-26.203717]]}},{"type":"Feature","properties":{"id":"relation/4511530","name":"BRT T1: Ellis Park East => Thokoza Park","network":"Rea Vaya"},"geometry":{"type":"LineString","coordinates":[[28.050875,-26.203717],[28.050971,-26.204474]]}},{"type":"Feature","properties":{"id":"relation/4511530","name":"BRT T1: Ellis Park East => Thokoza Park","network":"Rea Vaya"},"geometry":{"type":"LineString","coordinates":[[28.050971,-26.204474],[28.050215,-26.204577]]}},{"type":"Feature","properties":{"id":"relation/4511530","name":"BRT T1: Ellis Park East => Thokoza Park","network":"Rea Vaya"},"geometry":{"type":"LineString","coordinates":[[28.050215,-26.204577],[28.050171,-26.204582],[28.049206,-26.204688],[28.048397,-26.204775],[28.047422,-26.204884],[28.046604,-26.204977],[28.045622,-26.205083],[28.044826,-26.205171],[28.044013,-26.205259],[28.043174,-26.205355],[28.042224,-26.205459]]}},{"type":"Feature","properties":{"id":"relation/4511530","name":"BRT T1: Ellis Park East => Thokoza Park","network":"Rea Vaya"},"geometry":{"type":"LineString","coordinates":[[28.042224,-26.205459],[28.041375,-26.205549],[28.04132,-26.205556],[28.040549,-26.205649]]}},{"type":"Feature","properties":{"id":"relation/4511530","name":"BRT T1: Ellis Park East => Thokoza Park","network":"Rea Vaya"},"geometry":{"type":"LineString","coordinates":[[28.040549,-26.205649],[28.039719,-26.205749],[28.038933,-26.205837],[28.038483,-26.205887],[28.038139,-26.205928],[28.037031,-26.206044],[28.036557,-26.206102],[28.036173,-26.206146],[28.036064,-26.206159]]}},{"type":"Feature","properties":{"id":"relation/4511530","name":"BRT T1: Ellis Park East => Thokoza Park","network":"Rea Vaya"},"geometry":{"type":"LineString","coordinates":[[28.036064,-26.206159],[28.035455,-26.20623]]}},{"type":"Feature","properties":{"id":"relation/4511530","name":"BRT T1: Ellis Park East => Thokoza Park","network":"Rea Vaya"},"geometry":{"type":"LineString","coordinates":[[28.035455,-26.20623],[28.035397,-26.20624],[28.034629,-26.206337]]}},{"type":"Feature","properties":{"id":"relation/4511530","name":"BRT T1: Ellis Park East => Thokoza Park","network":"Rea Vaya"},"geometry":{"type":"LineString","coordinates":[[28.034629,-26.206337],[28.033819,-26.206418]]}},{"type":"Feature","properties":{"id":"relation/4511530","name":"BRT T1: Ellis Park East => Thokoza Park","network":"Rea Vaya"},"geometry":{"type":"LineString","coordinates":[[28.03416,-26.20867],[28.034118,-26.208433],[28.033894,-26.206983],[28.033819,-26.206418]]}},{"type":"Feature","properties":{"id":"relation/4511530","name":"BRT T1: Ellis Park East => Thokoza Park","network":"Rea Vaya"},"geometry":{"type":"LineString","coordinates":[[28.03416,-26.20867],[28.03419,-26.208734],[28.034215,-26.208821],[28.034261,-26.208975]]}},{"type":"Feature","properties":{"id":"relation/4511530","name":"BRT T1: Ellis Park East => Thokoza Park","network":"Rea Vaya"},"geometry":{"type":"LineString","coordinates":[[28.034187,-26.208986],[28.034178,-26.208893],[28.034169,-26.208802],[28.034162,-26.208734],[28.03416,-26.20867]]}},{"type":"Feature","properties":{"id":"relation/4511530","name":"BRT T1: Ellis Park East => Thokoza Park","network":"Rea Vaya"},"geometry":{"type":"LineString","coordinates":[[28.034261,-26.208975],[28.034322,-26.20914],[28.03441,-26.209394],[28.034488,-26.20961],[28.034548,-26.209778],[28.034572,-26.209886],[28.034577,-26.209966],[28.034567,-26.210065],[28.034543,-26.210157],[28.034514,-26.210237],[28.034467,-26.210311],[28.034396,-26.210395],[28.034266,-26.210524],[28.033969,-26.210789],[28.033903,-26.210844],[28.03386,-26.210884],[28.033699,-26.211025],[28.03323,-26.21145],[28.033144,-26.211522],[28.033026,-26.21162],[28.032949,-26.211678],[28.032862,-26.211739]]}},{"type":"Feature","properties":{"id":"relation/4511530","name":"BRT T1: Ellis Park East => Thokoza Park","network":"Rea Vaya"},"geometry":{"type":"LineString","coordinates":[[28.032862,-26.211739],[28.03292,-26.211654],[28.032977,-26.211579],[28.033068,-26.211466],[28.033194,-26.211323],[28.033368,-26.211146],[28.033596,-26.210941],[28.033763,-26.210786],[28.034093,-26.210491],[28.034255,-26.210343],[28.034325,-26.210273],[28.034374,-26.210204],[28.034416,-26.210129],[28.034437,-26.21005],[28.034448,-26.209973],[28.034449,-26.209921],[28.034437,-26.209836],[28.03441,-26.209746],[28.034349,-26.209584],[28.034266,-26.209361],[28.034227,-26.20924],[28.034213,-26.209164],[28.0342,-26.209088],[28.034187,-26.208986]]}},{"type":"Feature","properties":{"id":"relation/4511530","name":"BRT T1: Ellis Park East => Thokoza Park","network":"Rea Vaya"},"geometry":{"type":"LineString","coordinates":[[28.02214,-26.226526],[28.022198,-26.22616],[28.022314,-26.225451],[28.022329,-26.225338],[28.022364,-26.225147],[28.022465,-26.224523],[28.022501,-26.224294],[28.022522,-26.224193],[28.022551,-26.224095],[28.022581,-26.224021],[28.022622,-26.223944],[28.02267,-26.223868],[28.022724,-26.223796],[28.022809,-26.223705],[28.022918,-26.223607],[28.023081,-26.223497],[28.023445,-26.223261],[28.02392,-26.222955],[28.024116,-26.222831],[28.024236,-26.222747],[28.024335,-26.222665],[28.024413,-26.222589],[28.024493,-26.222493],[28.024571,-26.222379],[28.024624,-26.22228],[28.024689,-26.222117],[28.024743,-26.221944],[28.024881,-26.221514],[28.02503,-26.221034],[28.025071,-26.220898],[28.025088,-26.220784],[28.025092,-26.22069],[28.025085,-26.220598],[28.025062,-26.220485],[28.025022,-26.220338],[28.024988,-26.220266],[28.02495,-26.220213],[28.024904,-26.220159],[28.02487,-26.220112],[28.024852,-26.220078],[28.024844,-26.220048],[28.024844,-26.220024],[28.024849,-26.219992],[28.024858,-26.219974],[28.024877,-26.219947],[28.024902,-26.219928],[28.024951,-26.219903],[28.025031,-26.219878],[28.025115,-26.219861],[28.025306,-26.219844],[28.025647,-26.219827],[28.02592,-26.219808],[28.02605,-26.219789],[28.026176,-26.219758],[28.026299,-26.219719],[28.026427,-26.219666],[28.02657,-26.219597],[28.026694,-26.219517],[28.026812,-26.219425],[28.026906,-26.219333],[28.026988,-26.21925],[28.027059,-26.219158],[28.027137,-26.21903],[28.027311,-26.218726],[28.027531,-26.218352],[28.02775,-26.21798],[28.027896,-26.217711],[28.028007,-26.217482],[28.028158,-26.217133],[28.028263,-26.216877],[28.028369,-26.216591],[28.028595,-26.216002],[28.02874,-26.215641],[28.02882,-26.215424],[28.028896,-26.215284],[28.028943,-26.215228],[28.029008,-26.215155],[28.029081,-26.215089],[28.029153,-26.215042],[28.029292,-26.21497],[28.02942,-26.21492],[28.029575,-26.214869],[28.029909,-26.214775]]}},{"type":"Feature","properties":{"id":"relation/4511530","name":"BRT T1: Ellis Park East => Thokoza Park","network":"Rea Vaya"},"geometry":{"type":"LineString","coordinates":[[28.022113,-26.226684],[28.02214,-26.226526]]}},{"type":"Feature","properties":{"id":"relation/4511530","name":"BRT T1: Ellis Park East => Thokoza Park","network":"Rea Vaya"},"geometry":{"type":"LineString","coordinates":[[28.022008,-26.227921],[28.022046,-26.227797],[28.022056,-26.227751],[28.022067,-26.227684],[28.022074,-26.227631],[28.022079,-26.227573],[28.022082,-26.227518],[28.022082,-26.227339],[28.022079,-26.22721],[28.022078,-26.227046],[28.022084,-26.226903],[28.022087,-26.226882],[28.022092,-26.226839],[28.022113,-26.226684]]}},{"type":"Feature","properties":{"id":"relation/4511530","name":"BRT T1: Ellis Park East => Thokoza Park","network":"Rea Vaya"},"geometry":{"type":"LineString","coordinates":[[28.022008,-26.227921],[28.022004,-26.227962],[28.021999,-26.227995],[28.021994,-26.228016],[28.021986,-26.228039],[28.021965,-26.228076],[28.021916,-26.228154],[28.02188,-26.228208],[28.021789,-26.228319],[28.021683,-26.228441],[28.021635,-26.228494],[28.021587,-26.228533],[28.021551,-26.228561],[28.02144,-26.228638],[28.021296,-26.228728],[28.021064,-26.228878],[28.020958,-26.228937],[28.020755,-26.229028],[28.02061,-26.229078],[28.020433,-26.229118],[28.020276,-26.229144],[28.019855,-26.229212],[28.019654,-26.229237],[28.019341,-26.229262],[28.019203,-26.22928],[28.019041,-26.229283],[28.018819,-26.229287],[28.018657,-26.22928],[28.018472,-26.229267],[28.018266,-26.229233],[28.018084,-26.229189],[28.017377,-26.229006],[28.017204,-26.228963],[28.016993,-26.228922],[28.016835,-26.228906],[28.016697,-26.228902],[28.016575,-26.228903],[28.016467,-26.228912],[28.016347,-26.228925],[28.016217,-26.228947],[28.016175,-26.228955],[28.015784,-26.229074],[28.015111,-26.229308],[28.014951,-26.229353],[28.01482,-26.229381],[28.014657,-26.229403],[28.01449,-26.229422],[28.014178,-26.229447],[28.013422,-26.229506],[28.012421,-26.229586],[28.012093,-26.229621],[28.011772,-26.229657],[28.011118,-26.229745],[28.0109,-26.229764],[28.010657,-26.229777],[28.010377,-26.229786],[28.010121,-26.229786],[28.009852,-26.229777],[28.009629,-26.229765],[28.009355,-26.229748],[28.009119,-26.229724],[28.008893,-26.229683],[28.00855,-26.22961],[28.008177,-26.229514],[28.007562,-26.229372],[28.006862,-26.229215],[28.006213,-26.229065],[28.005363,-26.228883],[28.005038,-26.228814],[28.004654,-26.228761],[28.004292,-26.22873],[28.004062,-26.228716],[28.003791,-26.228705],[28.003444,-26.228712],[28.003177,-26.228726],[28.003007,-26.228744]]}},{"type":"Feature","properties":{"id":"relation/4511530","name":"BRT T1: Ellis Park East => Thokoza Park","network":"Rea Vaya"},"geometry":{"type":"LineString","coordinates":[[28.003007,-26.228744],[28.002764,-26.228771],[28.002669,-26.228783]]}},{"type":"Feature","properties":{"id":"relation/4511530","name":"BRT T1: Ellis Park East => Thokoza Park","network":"Rea Vaya"},"geometry":{"type":"LineString","coordinates":[[28.002669,-26.228783],[28.002336,-26.228827],[28.001221,-26.228968],[27.997373,-26.229488],[27.99434,-26.229882],[27.99088,-26.230338],[27.987746,-26.23075],[27.985404,-26.231045]]}},{"type":"Feature","properties":{"id":"relation/4511530","name":"BRT T1: Ellis Park East => Thokoza Park","network":"Rea Vaya"},"geometry":{"type":"LineString","coordinates":[[27.985404,-26.231045],[27.984615,-26.231144],[27.984546,-26.231155]]}},{"type":"Feature","properties":{"id":"relation/4511530","name":"BRT T1: Ellis Park East => Thokoza Park","network":"Rea Vaya"},"geometry":{"type":"LineString","coordinates":[[27.984546,-26.231155],[27.984419,-26.231174],[27.984113,-26.231236],[27.983759,-26.231301],[27.983561,-26.231331],[27.982417,-26.231481],[27.981543,-26.231582],[27.98098,-26.231665],[27.980701,-26.231703],[27.980453,-26.231747],[27.97989,-26.231868],[27.979436,-26.231991]]}},{"type":"Feature","properties":{"id":"relation/4511530","name":"BRT T1: Ellis Park East => Thokoza Park","network":"Rea Vaya"},"geometry":{"type":"LineString","coordinates":[[27.979436,-26.231991],[27.979036,-26.2321]]}},{"type":"Feature","properties":{"id":"relation/4511530","name":"BRT T1: Ellis Park East => Thokoza Park","network":"Rea Vaya"},"geometry":{"type":"LineString","coordinates":[[27.979036,-26.2321],[27.978798,-26.232165],[27.978227,-26.232331],[27.977636,-26.232533],[27.977269,-26.232658],[27.976894,-26.232812],[27.976518,-26.232985],[27.976153,-26.233127],[27.975636,-26.23332],[27.97535,-26.233428],[27.975179,-26.233488],[27.974624,-26.233669],[27.974088,-26.233854],[27.973782,-26.233938],[27.973377,-26.234027],[27.973066,-26.234092],[27.972764,-26.234132],[27.972444,-26.234162],[27.972132,-26.234172],[27.971873,-26.234167],[27.971564,-26.234144],[27.971303,-26.234116],[27.971021,-26.234073],[27.970758,-26.234016],[27.970411,-26.233925],[27.969716,-26.233733],[27.9662,-26.232771],[27.964123,-26.232187],[27.9626,-26.23176],[27.962206,-26.231654],[27.961944,-26.231599],[27.961755,-26.231572],[27.961624,-26.231556],[27.96141,-26.231531],[27.961255,-26.231523]]}},{"type":"Feature","properties":{"id":"relation/4511530","name":"BRT T1: Ellis Park East => Thokoza Park","network":"Rea Vaya"},"geometry":{"type":"LineString","coordinates":[[27.961255,-26.231523],[27.960898,-26.231515],[27.9607,-26.231518],[27.960474,-26.231539],[27.960217,-26.231567]]}},{"type":"Feature","properties":{"id":"relation/4511530","name":"BRT T1: Ellis Park East => Thokoza Park","network":"Rea Vaya"},"geometry":{"type":"LineString","coordinates":[[27.960217,-26.231567],[27.959994,-26.231602],[27.959709,-26.231662],[27.959428,-26.231745],[27.959231,-26.23181],[27.959044,-26.231875],[27.95884,-26.231964],[27.958536,-26.232109],[27.958388,-26.232182],[27.958163,-26.23231],[27.957809,-26.232523],[27.957469,-26.232724],[27.957346,-26.232797],[27.957173,-26.2329],[27.956889,-26.233056],[27.956584,-26.233197],[27.956262,-26.233319],[27.955894,-26.233433],[27.955563,-26.233513],[27.955284,-26.233565],[27.95496,-26.233602],[27.954685,-26.233625],[27.954434,-26.233632],[27.954186,-26.23363],[27.953928,-26.233616],[27.953491,-26.23357],[27.953402,-26.233555],[27.953277,-26.233531],[27.953133,-26.233505],[27.953005,-26.233483],[27.952864,-26.233457],[27.952022,-26.233284],[27.951668,-26.233224],[27.951397,-26.233208],[27.951121,-26.233209],[27.950842,-26.233209],[27.950615,-26.233221],[27.950422,-26.23324],[27.950273,-26.233258],[27.950134,-26.233278],[27.949871,-26.233318],[27.94939,-26.233401],[27.949286,-26.233422],[27.948996,-26.233481],[27.947506,-26.233749],[27.946444,-26.233943],[27.945921,-26.234068],[27.944462,-26.234336],[27.944414,-26.234344],[27.944195,-26.234376],[27.944041,-26.234389],[27.943829,-26.234392],[27.943381,-26.234402],[27.94293,-26.234406],[27.942718,-26.2344],[27.942525,-26.234392],[27.942323,-26.234375],[27.942077,-26.234352],[27.94178,-26.234308],[27.941525,-26.234267],[27.941252,-26.234211],[27.940982,-26.234148],[27.940696,-26.234069],[27.940424,-26.233986],[27.940119,-26.233884],[27.939761,-26.233738],[27.939435,-26.233594],[27.938813,-26.233263],[27.938681,-26.233183],[27.938561,-26.233116]]}},{"type":"Feature","properties":{"id":"relation/4511530","name":"BRT T1: Ellis Park East => Thokoza Park","network":"Rea Vaya"},"geometry":{"type":"LineString","coordinates":[[28.012712,-26.229628],[28.012088,-26.229679],[28.011654,-26.229724],[28.011329,-26.229764],[28.010969,-26.229803],[28.010694,-26.229819],[28.010352,-26.229831],[28.010084,-26.22983],[28.009837,-26.229826],[28.009438,-26.229803],[28.009161,-26.229777],[28.008972,-26.22975],[28.008856,-26.229734],[28.008731,-26.22971],[28.007979,-26.229533],[28.007745,-26.22948],[28.006633,-26.229229],[28.006251,-26.229144],[28.005839,-26.22905],[28.005282,-26.228928],[28.004854,-26.228852],[28.004457,-26.228806],[28.004095,-26.228781],[28.003856,-26.228774],[28.003693,-26.228773],[28.003364,-26.228782],[28.003248,-26.228787],[28.003108,-26.228798],[28.003021,-26.228808]]}},{"type":"Feature","properties":{"id":"relation/4511530","name":"BRT T1: Ellis Park East => Thokoza Park","network":"Rea Vaya"},"geometry":{"type":"LineString","coordinates":[[28.003021,-26.228808],[28.002677,-26.228846]]}},{"type":"Feature","properties":{"id":"relation/4511530","name":"BRT T1: Ellis Park East => Thokoza Park","network":"Rea Vaya"},"geometry":{"type":"LineString","coordinates":[[28.002677,-26.228846],[28.001887,-26.228949],[28.00098,-26.229066],[28.000147,-26.229174],[27.999529,-26.229255],[27.998673,-26.229364],[27.997794,-26.229484],[27.997107,-26.22957],[27.996357,-26.22967],[27.995614,-26.229768],[27.994813,-26.229872]]}},{"type":"Feature","properties":{"id":"relation/4511530","name":"BRT T1: Ellis Park East => Thokoza Park","network":"Rea Vaya"},"geometry":{"type":"LineString","coordinates":[[27.994813,-26.229872],[27.993246,-26.230082]]}},{"type":"Feature","properties":{"id":"relation/4511530","name":"BRT T1: Ellis Park East => Thokoza Park","network":"Rea Vaya"},"geometry":{"type":"LineString","coordinates":[[27.993246,-26.230082],[27.992679,-26.230153],[27.991907,-26.230256],[27.990998,-26.230373],[27.98964,-26.230545],[27.988797,-26.230658],[27.985434,-26.231104]]}},{"type":"Feature","properties":{"id":"relation/4511530","name":"BRT T1: Ellis Park East => Thokoza Park","network":"Rea Vaya"},"geometry":{"type":"LineString","coordinates":[[27.985434,-26.231104],[27.984511,-26.231229]]}},{"type":"Feature","properties":{"id":"relation/4511530","name":"BRT T1: Ellis Park East => Thokoza Park","network":"Rea Vaya"},"geometry":{"type":"LineString","coordinates":[[27.984511,-26.231229],[27.983756,-26.231361],[27.981404,-26.231658],[27.980501,-26.231815],[27.979453,-26.23205]]}},{"type":"Feature","properties":{"id":"relation/4511530","name":"BRT T1: Ellis Park East => Thokoza Park","network":"Rea Vaya"},"geometry":{"type":"LineString","coordinates":[[27.979453,-26.23205],[27.979067,-26.232155]]}},{"type":"Feature","properties":{"id":"relation/4511530","name":"BRT T1: Ellis Park East => Thokoza Park","network":"Rea Vaya"},"geometry":{"type":"LineString","coordinates":[[27.979067,-26.232155],[27.978437,-26.232318],[27.977854,-26.23251],[27.977135,-26.232767],[27.976435,-26.233067],[27.975993,-26.233266],[27.975352,-26.233504]]}},{"type":"Feature","properties":{"id":"relation/4511530","name":"BRT T1: Ellis Park East => Thokoza Park","network":"Rea Vaya"},"geometry":{"type":"LineString","coordinates":[[27.975352,-26.233504],[27.975177,-26.233569]]}},{"type":"Feature","properties":{"id":"relation/4511530","name":"BRT T1: Ellis Park East => Thokoza Park","network":"Rea Vaya"},"geometry":{"type":"LineString","coordinates":[[27.975177,-26.233569],[27.974785,-26.233692],[27.974139,-26.233897],[27.973559,-26.234045],[27.973078,-26.23415],[27.972814,-26.234194],[27.97249,-26.234226],[27.972103,-26.234239],[27.971839,-26.234232],[27.971551,-26.234212],[27.971225,-26.234179],[27.970946,-26.234129],[27.970344,-26.233964],[27.968415,-26.233442],[27.966284,-26.232843],[27.965169,-26.232534],[27.96377,-26.23214],[27.962537,-26.231793],[27.962068,-26.231663],[27.961652,-26.231591],[27.961418,-26.23157],[27.961106,-26.231556]]}},{"type":"Feature","properties":{"id":"relation/4511530","name":"BRT T1: Ellis Park East => Thokoza Park","network":"Rea Vaya"},"geometry":{"type":"LineString","coordinates":[[27.961106,-26.231556],[27.960888,-26.231551],[27.960661,-26.231558],[27.960437,-26.231582],[27.960237,-26.231613]]}},{"type":"Feature","properties":{"id":"relation/4511530","name":"BRT T1: Ellis Park East => Thokoza Park","network":"Rea Vaya"},"geometry":{"type":"LineString","coordinates":[[27.960237,-26.231613],[27.959885,-26.231677],[27.959736,-26.231713],[27.959543,-26.231765],[27.959264,-26.231849],[27.958934,-26.23198],[27.958698,-26.232089],[27.958489,-26.232192],[27.958076,-26.232435],[27.957377,-26.232834],[27.957205,-26.232935],[27.956873,-26.233118],[27.956686,-26.233202],[27.956473,-26.233298],[27.956087,-26.233436],[27.95559,-26.233567],[27.955305,-26.233618],[27.95503,-26.233658],[27.954833,-26.233672],[27.954637,-26.233687],[27.954481,-26.233692],[27.954276,-26.233695],[27.953999,-26.233684],[27.953804,-26.233662],[27.953387,-26.233595]]}},{"type":"Feature","properties":{"id":"relation/4511530","name":"BRT T1: Ellis Park East => Thokoza Park","network":"Rea Vaya"},"geometry":{"type":"LineString","coordinates":[[27.953387,-26.233595],[27.953268,-26.233579],[27.953257,-26.233576],[27.953114,-26.233545],[27.952995,-26.233524]]}},{"type":"Feature","properties":{"id":"relation/4511530","name":"BRT T1: Ellis Park East => Thokoza Park","network":"Rea Vaya"},"geometry":{"type":"LineString","coordinates":[[27.952995,-26.233524],[27.952816,-26.233485],[27.952451,-26.233414],[27.951959,-26.233332]]}},{"type":"Feature","properties":{"id":"relation/4511530","name":"BRT T1: Ellis Park East => Thokoza Park","network":"Rea Vaya"},"geometry":{"type":"LineString","coordinates":[[27.951959,-26.233332],[27.951664,-26.233281],[27.951445,-26.233262],[27.951196,-26.233252],[27.950805,-26.233255]]}},{"type":"Feature","properties":{"id":"relation/4511530","name":"BRT T1: Ellis Park East => Thokoza Park","network":"Rea Vaya"},"geometry":{"type":"LineString","coordinates":[[27.950805,-26.233255],[27.95066,-26.233261],[27.950447,-26.233276],[27.950311,-26.233291],[27.950085,-26.233324]]}},{"type":"Feature","properties":{"id":"relation/4511530","name":"BRT T1: Ellis Park East => Thokoza Park","network":"Rea Vaya"},"geometry":{"type":"LineString","coordinates":[[27.950085,-26.233324],[27.949399,-26.233435]]}},{"type":"Feature","properties":{"id":"relation/4511530","name":"BRT T1: Ellis Park East => Thokoza Park","network":"Rea Vaya"},"geometry":{"type":"LineString","coordinates":[[27.949399,-26.233435],[27.949294,-26.233455],[27.946625,-26.233965],[27.946418,-26.234002],[27.946197,-26.234049],[27.945885,-26.234122],[27.944872,-26.234306],[27.944664,-26.234346],[27.944425,-26.234385],[27.944306,-26.234404],[27.944122,-26.234425],[27.943898,-26.234443],[27.943402,-26.234451],[27.94313,-26.234455],[27.942784,-26.234448],[27.942458,-26.234432],[27.942161,-26.234404],[27.941624,-26.234331],[27.941165,-26.234239],[27.940652,-26.234111],[27.940376,-26.234024],[27.940117,-26.23393],[27.93986,-26.23383],[27.939688,-26.23376],[27.939556,-26.2337]]}},{"type":"Feature","properties":{"id":"relation/4511530","name":"BRT T1: Ellis Park East => Thokoza Park","network":"Rea Vaya"},"geometry":{"type":"LineString","coordinates":[[28.030279,-26.214005],[28.030096,-26.213791],[28.030044,-26.213728],[28.030002,-26.213657],[28.029976,-26.213581],[28.029969,-26.213532],[28.029971,-26.213457],[28.029986,-26.213389],[28.030016,-26.21333],[28.030057,-26.213267],[28.03013,-26.213201],[28.03024,-26.213139],[28.030485,-26.213035],[28.030718,-26.212935],[28.031062,-26.212785],[28.031384,-26.212645],[28.031603,-26.212543],[28.031823,-26.212441],[28.032065,-26.212309],[28.032214,-26.212217],[28.032343,-26.212127],[28.032519,-26.211996],[28.032617,-26.211922],[28.032862,-26.211739]]}},{"type":"Feature","properties":{"id":"relation/4511530","name":"BRT T1: Ellis Park East => Thokoza Park","network":"Rea Vaya"},"geometry":{"type":"LineString","coordinates":[[28.030256,-26.214695],[28.030212,-26.21466],[28.030181,-26.214615],[28.030166,-26.214564],[28.030168,-26.214505],[28.030192,-26.21445],[28.030233,-26.214404],[28.030289,-26.214373],[28.030348,-26.214359],[28.030409,-26.214362],[28.030467,-26.214381],[28.030503,-26.214403],[28.030533,-26.214432],[28.030555,-26.214466],[28.030572,-26.214516],[28.030572,-26.214569],[28.030555,-26.21462],[28.030522,-26.214664],[28.030478,-26.214698],[28.030424,-26.214719],[28.030366,-26.214726],[28.030308,-26.214718],[28.030256,-26.214695]]}},{"type":"Feature","properties":{"id":"relation/4511530","name":"BRT T1: Ellis Park East => Thokoza Park","network":"Rea Vaya"},"geometry":{"type":"LineString","coordinates":[[27.932656,-26.227999],[27.932439,-26.227766]]}},{"type":"Feature","properties":{"id":"relation/4511530","name":"BRT T1: Ellis Park East => Thokoza Park","network":"Rea Vaya"},"geometry":{"type":"LineString","coordinates":[[27.932439,-26.227766],[27.932236,-26.227546],[27.932178,-26.227484],[27.932079,-26.227389]]}},{"type":"Feature","properties":{"id":"relation/4511530","name":"BRT T1: Ellis Park East => Thokoza Park","network":"Rea Vaya"},"geometry":{"type":"LineString","coordinates":[[27.932288,-26.227322],[27.932211,-26.227347],[27.93214,-26.227369],[27.932079,-26.227389]]}},{"type":"Feature","properties":{"id":"relation/4511530","name":"BRT T1: Ellis Park East => Thokoza Park","network":"Rea Vaya"},"geometry":{"type":"LineString","coordinates":[[27.932079,-26.227389],[27.931944,-26.227435],[27.931802,-26.227486],[27.931272,-26.227672],[27.930708,-26.227861],[27.930562,-26.227917]]}},{"type":"Feature","properties":{"id":"relation/4511530","name":"BRT T1: Ellis Park East => Thokoza Park","network":"Rea Vaya"},"geometry":{"type":"LineString","coordinates":[[27.930562,-26.227917],[27.930423,-26.227977],[27.930022,-26.228149],[27.929831,-26.228227],[27.929467,-26.228354],[27.92897,-26.228514],[27.928904,-26.228539],[27.928335,-26.228727],[27.928274,-26.228747],[27.928172,-26.228768],[27.928044,-26.228797],[27.927869,-26.22883],[27.927799,-26.228848],[27.927708,-26.228884],[27.927579,-26.228935],[27.927495,-26.228978],[27.927417,-26.229018],[27.92734,-26.229065],[27.927265,-26.229121],[27.927204,-26.229181]]}},{"type":"Feature","properties":{"id":"relation/4511530","name":"BRT T1: Ellis Park East => Thokoza Park","network":"Rea Vaya"},"geometry":{"type":"LineString","coordinates":[[27.927003,-26.229049],[27.927046,-26.229052],[27.927086,-26.229062],[27.927124,-26.22908],[27.927153,-26.229101],[27.927177,-26.229126],[27.927199,-26.229163],[27.927204,-26.229181]]}},{"type":"Feature","properties":{"id":"relation/4511530","name":"BRT T1: Ellis Park East => Thokoza Park","network":"Rea Vaya"},"geometry":{"type":"LineString","coordinates":[[27.926812,-26.229223],[27.926818,-26.229185],[27.926833,-26.229148],[27.926847,-26.229119],[27.926903,-26.229078],[27.926951,-26.229058],[27.927003,-26.229049]]}},{"type":"Feature","properties":{"id":"relation/4511530","name":"BRT T1: Ellis Park East => Thokoza Park","network":"Rea Vaya"},"geometry":{"type":"LineString","coordinates":[[27.92696,-26.229403],[27.926919,-26.229389],[27.926883,-26.229367],[27.926851,-26.229336],[27.926828,-26.2293],[27.926815,-26.229262],[27.926812,-26.229223]]}},{"type":"Feature","properties":{"id":"relation/4511530","name":"BRT T1: Ellis Park East => Thokoza Park","network":"Rea Vaya"},"geometry":{"type":"LineString","coordinates":[[27.927204,-26.229181],[27.927209,-26.229264],[27.927191,-26.22931],[27.927161,-26.22935],[27.927119,-26.229382],[27.927082,-26.229398],[27.927043,-26.229407],[27.927003,-26.229409],[27.92696,-26.229403]]}},{"type":"Feature","properties":{"id":"relation/4511530","name":"BRT T1: Ellis Park East => Thokoza Park","network":"Rea Vaya"},"geometry":{"type":"LineString","coordinates":[[27.927003,-26.229409],[27.926895,-26.229482],[27.926793,-26.229578],[27.926699,-26.229691],[27.926608,-26.2298],[27.925616,-26.231144]]}},{"type":"Feature","properties":{"id":"relation/4511530","name":"BRT T1: Ellis Park East => Thokoza Park","network":"Rea Vaya"},"geometry":{"type":"LineString","coordinates":[[27.925616,-26.231144],[27.925496,-26.23131],[27.925352,-26.231538]]}},{"type":"Feature","properties":{"id":"relation/4511530","name":"BRT T1: Ellis Park East => Thokoza Park","network":"Rea Vaya"},"geometry":{"type":"LineString","coordinates":[[27.925352,-26.231538],[27.925364,-26.231577],[27.925368,-26.231618],[27.925344,-26.231701],[27.925284,-26.231766],[27.925258,-26.231782],[27.92523,-26.231794],[27.925201,-26.231803],[27.92517,-26.231807]]}},{"type":"Feature","properties":{"id":"relation/4511530","name":"BRT T1: Ellis Park East => Thokoza Park","network":"Rea Vaya"},"geometry":{"type":"LineString","coordinates":[[27.92517,-26.231807],[27.925081,-26.231866],[27.924909,-26.232095],[27.923802,-26.233598]]}},{"type":"Feature","properties":{"id":"relation/4511530","name":"BRT T1: Ellis Park East => Thokoza Park","network":"Rea Vaya"},"geometry":{"type":"LineString","coordinates":[[27.923802,-26.233598],[27.923261,-26.234332],[27.92326,-26.234333],[27.923188,-26.234412]]}},{"type":"Feature","properties":{"id":"relation/4511530","name":"BRT T1: Ellis Park East => Thokoza Park","network":"Rea Vaya"},"geometry":{"type":"LineString","coordinates":[[27.923188,-26.234412],[27.922979,-26.234691],[27.922912,-26.23478]]}},{"type":"Feature","properties":{"id":"relation/4511530","name":"BRT T1: Ellis Park East => Thokoza Park","network":"Rea Vaya"},"geometry":{"type":"LineString","coordinates":[[27.922912,-26.23478],[27.922894,-26.234835],[27.922863,-26.234882],[27.922818,-26.234921]]}},{"type":"Feature","properties":{"id":"relation/4511530","name":"BRT T1: Ellis Park East => Thokoza Park","network":"Rea Vaya"},"geometry":{"type":"LineString","coordinates":[[27.922818,-26.234921],[27.922774,-26.234938],[27.922728,-26.234945],[27.92268,-26.234942],[27.922641,-26.234931],[27.922604,-26.234913],[27.922568,-26.234883],[27.922542,-26.234845]]}},{"type":"Feature","properties":{"id":"relation/4511530","name":"BRT T1: Ellis Park East => Thokoza Park","network":"Rea Vaya"},"geometry":{"type":"LineString","coordinates":[[27.922542,-26.234845],[27.922526,-26.234792],[27.922528,-26.234731],[27.922549,-26.234684],[27.922585,-26.234644],[27.922631,-26.234615],[27.922685,-26.234599],[27.922717,-26.234597]]}},{"type":"Feature","properties":{"id":"relation/4511530","name":"BRT T1: Ellis Park East => Thokoza Park","network":"Rea Vaya"},"geometry":{"type":"LineString","coordinates":[[27.922717,-26.234597],[27.922771,-26.234604],[27.922821,-26.234624],[27.922852,-26.234646],[27.922878,-26.234673],[27.922905,-26.234724],[27.922912,-26.23478]]}},{"type":"Feature","properties":{"id":"relation/4511530","name":"BRT T1: Ellis Park East => Thokoza Park","network":"Rea Vaya"},"geometry":{"type":"LineString","coordinates":[[27.922818,-26.234921],[27.922597,-26.235237],[27.92248,-26.235398],[27.92196,-26.236109],[27.9211,-26.2373]]}},{"type":"Feature","properties":{"id":"relation/4511530","name":"BRT T1: Ellis Park East => Thokoza Park","network":"Rea Vaya"},"geometry":{"type":"LineString","coordinates":[[27.9211,-26.2373],[27.920812,-26.237699]]}},{"type":"Feature","properties":{"id":"relation/4511530","name":"BRT T1: Ellis Park East => Thokoza Park","network":"Rea Vaya"},"geometry":{"type":"LineString","coordinates":[[27.920812,-26.237699],[27.920528,-26.238093]]}},{"type":"Feature","properties":{"id":"relation/4511530","name":"BRT T1: Ellis Park East => Thokoza Park","network":"Rea Vaya"},"geometry":{"type":"LineString","coordinates":[[27.920528,-26.238093],[27.920518,-26.238109],[27.92039,-26.238271],[27.920357,-26.238316],[27.919905,-26.238915],[27.919203,-26.239845],[27.919103,-26.239966],[27.91905,-26.240024],[27.918847,-26.240247]]}},{"type":"Feature","properties":{"id":"relation/4511530","name":"BRT T1: Ellis Park East => Thokoza Park","network":"Rea Vaya"},"geometry":{"type":"LineString","coordinates":[[27.918847,-26.240247],[27.918849,-26.240285],[27.918842,-26.240323],[27.918814,-26.240377],[27.918741,-26.24043],[27.918668,-26.240447],[27.918606,-26.240447],[27.918564,-26.240444]]}},{"type":"Feature","properties":{"id":"relation/4511530","name":"BRT T1: Ellis Park East => Thokoza Park","network":"Rea Vaya"},"geometry":{"type":"LineString","coordinates":[[27.918564,-26.240444],[27.918476,-26.240477],[27.918388,-26.240513],[27.918222,-26.240609],[27.917656,-26.240932],[27.916405,-26.241668],[27.91536,-26.24228],[27.914903,-26.242551],[27.914721,-26.242659],[27.914629,-26.242723],[27.914527,-26.242802],[27.914472,-26.242849],[27.914416,-26.242907],[27.914318,-26.243026],[27.914297,-26.24305]]}},{"type":"Feature","properties":{"id":"relation/4511530","name":"BRT T1: Ellis Park East => Thokoza Park","network":"Rea Vaya"},"geometry":{"type":"LineString","coordinates":[[27.914192,-26.242977],[27.914217,-26.242994],[27.914266,-26.243028],[27.914297,-26.24305]]}},{"type":"Feature","properties":{"id":"relation/4511530","name":"BRT T1: Ellis Park East => Thokoza Park","network":"Rea Vaya"},"geometry":{"type":"LineString","coordinates":[[27.914137,-26.242943],[27.914192,-26.242977]]}},{"type":"Feature","properties":{"id":"relation/4511530","name":"BRT T1: Ellis Park East => Thokoza Park","network":"Rea Vaya"},"geometry":{"type":"LineString","coordinates":[[27.913773,-26.242725],[27.914137,-26.242943]]}},{"type":"Feature","properties":{"id":"relation/4511530","name":"BRT T1: Ellis Park East => Thokoza Park","network":"Rea Vaya"},"geometry":{"type":"LineString","coordinates":[[27.913518,-26.242566],[27.913626,-26.24263],[27.913773,-26.242725]]}},{"type":"Feature","properties":{"id":"relation/4511530","name":"BRT T1: Ellis Park East => Thokoza Park","network":"Rea Vaya"},"geometry":{"type":"LineString","coordinates":[[27.912492,-26.240868],[27.912514,-26.240926],[27.912559,-26.241051],[27.9126,-26.241185],[27.912685,-26.241414],[27.912804,-26.241738],[27.912855,-26.241879],[27.91292,-26.242006],[27.912975,-26.242106],[27.913045,-26.242198],[27.913162,-26.24232],[27.91325,-26.242391],[27.913358,-26.242467],[27.913518,-26.242566]]}},{"type":"Feature","properties":{"id":"relation/4511530","name":"BRT T1: Ellis Park East => Thokoza Park","network":"Rea Vaya"},"geometry":{"type":"LineString","coordinates":[[27.912424,-26.240735],[27.912492,-26.240868]]}},{"type":"Feature","properties":{"id":"relation/4511530","name":"BRT T1: Ellis Park East => Thokoza Park","network":"Rea Vaya"},"geometry":{"type":"LineString","coordinates":[[27.91225,-26.240873],[27.912385,-26.240766],[27.912424,-26.240735]]}},{"type":"Feature","properties":{"id":"relation/4511530","name":"BRT T1: Ellis Park East => Thokoza Park","network":"Rea Vaya"},"geometry":{"type":"LineString","coordinates":[[27.91174,-26.241335],[27.912223,-26.240899],[27.91225,-26.240873]]}},{"type":"Feature","properties":{"id":"relation/4511530","name":"BRT T1: Ellis Park East => Thokoza Park","network":"Rea Vaya"},"geometry":{"type":"LineString","coordinates":[[27.910227,-26.244661],[27.910277,-26.244606],[27.910342,-26.244541],[27.910387,-26.244487],[27.910426,-26.244424],[27.910454,-26.244373],[27.910473,-26.244323],[27.910482,-26.244299],[27.910602,-26.243777],[27.910645,-26.243524],[27.910698,-26.243213],[27.910759,-26.242918],[27.910799,-26.242761],[27.910854,-26.242603],[27.910958,-26.242365],[27.911095,-26.242128],[27.911251,-26.241901],[27.911426,-26.241682],[27.91174,-26.241335]]}},{"type":"Feature","properties":{"id":"relation/4511530","name":"BRT T1: Ellis Park East => Thokoza Park","network":"Rea Vaya"},"geometry":{"type":"LineString","coordinates":[[27.910423,-26.245074],[27.910346,-26.245144],[27.910272,-26.24521],[27.910247,-26.245238],[27.910229,-26.245264],[27.910197,-26.245309],[27.910116,-26.245432],[27.910045,-26.245546],[27.909896,-26.24575],[27.909758,-26.245933],[27.909525,-26.24619],[27.909396,-26.246323],[27.909128,-26.24656],[27.908864,-26.246759],[27.908664,-26.246898],[27.908507,-26.246993],[27.90826,-26.247133],[27.908137,-26.247191],[27.907965,-26.247274],[27.907738,-26.247371],[27.90754,-26.247444],[27.907335,-26.24751],[27.907096,-26.247576],[27.906884,-26.24763],[27.9064,-26.247753],[27.905615,-26.247949],[27.905139,-26.248071],[27.904525,-26.248223],[27.903924,-26.248373],[27.903416,-26.248503],[27.903054,-26.24862],[27.902766,-26.248732],[27.90252,-26.248846],[27.902259,-26.248983],[27.902045,-26.249112],[27.901906,-26.249205],[27.901726,-26.249332],[27.901551,-26.249472],[27.901422,-26.249581],[27.901235,-26.249753],[27.901065,-26.249933],[27.900889,-26.250138],[27.900699,-26.250394],[27.900534,-26.250627],[27.900377,-26.250846],[27.900215,-26.251077],[27.900089,-26.251249],[27.899905,-26.251509],[27.899779,-26.251679],[27.899655,-26.251829],[27.899387,-26.252111],[27.899153,-26.252345],[27.899078,-26.252415],[27.898969,-26.252521],[27.898784,-26.252684],[27.898685,-26.252786]]}},{"type":"Feature","properties":{"id":"relation/4511530","name":"BRT T1: Ellis Park East => Thokoza Park","network":"Rea Vaya"},"geometry":{"type":"LineString","coordinates":[[27.898388,-26.252991],[27.898311,-26.253014],[27.898223,-26.253039],[27.898144,-26.253064],[27.897955,-26.25314],[27.897863,-26.253194],[27.897638,-26.253306],[27.897381,-26.253426],[27.896707,-26.253714],[27.896561,-26.253776],[27.896302,-26.253876],[27.895847,-26.254028],[27.895641,-26.254102],[27.895417,-26.254193],[27.895084,-26.254356],[27.894781,-26.254523],[27.894466,-26.254716],[27.894185,-26.254895],[27.893964,-26.255046],[27.89394,-26.255074],[27.893925,-26.255101],[27.893914,-26.255139]]}},{"type":"Feature","properties":{"id":"relation/4511530","name":"BRT T1: Ellis Park East => Thokoza Park","network":"Rea Vaya"},"geometry":{"type":"LineString","coordinates":[[27.89024,-26.262332],[27.890192,-26.262519]]}},{"type":"Feature","properties":{"id":"relation/4511530","name":"BRT T1: Ellis Park East => Thokoza Park","network":"Rea Vaya"},"geometry":{"type":"LineString","coordinates":[[27.890282,-26.262228],[27.89024,-26.262332]]}},{"type":"Feature","properties":{"id":"relation/4511530","name":"BRT T1: Ellis Park East => Thokoza Park","network":"Rea Vaya"},"geometry":{"type":"LineString","coordinates":[[27.893685,-26.255327],[27.893588,-26.255412],[27.893523,-26.255469],[27.893356,-26.255615],[27.893177,-26.255793],[27.892935,-26.256024],[27.892651,-26.256359],[27.892488,-26.256586],[27.892341,-26.256793],[27.892198,-26.25702],[27.892058,-26.257272],[27.891876,-26.25763],[27.891704,-26.258024],[27.891553,-26.258459],[27.891465,-26.25874],[27.891376,-26.259066],[27.891311,-26.259368],[27.891255,-26.259627],[27.891191,-26.259843],[27.890873,-26.260758],[27.890511,-26.261729],[27.890282,-26.262228]]}},{"type":"Feature","properties":{"id":"relation/4511530","name":"BRT T1: Ellis Park East => Thokoza Park","network":"Rea Vaya"},"geometry":{"type":"LineString","coordinates":[[27.889817,-26.262584],[27.889462,-26.262642]]}},{"type":"Feature","properties":{"id":"relation/4511530","name":"BRT T1: Ellis Park East => Thokoza Park","network":"Rea Vaya"},"geometry":{"type":"LineString","coordinates":[[27.889972,-26.262559],[27.889892,-26.262571],[27.889817,-26.262584]]}},{"type":"Feature","properties":{"id":"relation/4511530","name":"BRT T1: Ellis Park East => Thokoza Park","network":"Rea Vaya"},"geometry":{"type":"LineString","coordinates":[[27.890192,-26.262519],[27.889972,-26.262559]]}},{"type":"Feature","properties":{"id":"relation/4511530","name":"BRT T1: Ellis Park East => Thokoza Park","network":"Rea Vaya"},"geometry":{"type":"LineString","coordinates":[[27.889462,-26.262642],[27.888482,-26.262806]]}},{"type":"Feature","properties":{"id":"relation/4511530","name":"BRT T1: Ellis Park East => Thokoza Park","network":"Rea Vaya"},"geometry":{"type":"LineString","coordinates":[[27.888482,-26.262806],[27.887877,-26.262918],[27.887395,-26.263005],[27.886555,-26.263105],[27.88623,-26.263144],[27.885907,-26.263181],[27.885648,-26.263203],[27.885465,-26.263205],[27.885378,-26.263207],[27.885256,-26.263225],[27.885074,-26.263266]]}},{"type":"Feature","properties":{"id":"relation/4511530","name":"BRT T1: Ellis Park East => Thokoza Park","network":"Rea Vaya"},"geometry":{"type":"LineString","coordinates":[[27.884983,-26.262937],[27.885017,-26.262953],[27.885081,-26.262992],[27.885102,-26.263031],[27.885129,-26.263086],[27.885133,-26.263115],[27.885133,-26.263145],[27.88512,-26.263189],[27.885074,-26.263266],[27.885048,-26.263289],[27.885017,-26.263316],[27.88497,-26.263343]]}},{"type":"Feature","properties":{"id":"relation/4511530","name":"BRT T1: Ellis Park East => Thokoza Park","network":"Rea Vaya"},"geometry":{"type":"LineString","coordinates":[[27.884719,-26.263332],[27.884646,-26.26326],[27.884621,-26.263223],[27.88461,-26.263173],[27.884614,-26.263123],[27.884624,-26.263078],[27.884651,-26.26305],[27.884707,-26.262993],[27.884748,-26.262944]]}},{"type":"Feature","properties":{"id":"relation/4511530","name":"BRT T1: Ellis Park East => Thokoza Park","network":"Rea Vaya"},"geometry":{"type":"LineString","coordinates":[[27.88497,-26.263343],[27.884906,-26.263364],[27.884857,-26.263371],[27.884819,-26.26337],[27.884789,-26.263364],[27.884744,-26.263343],[27.884719,-26.263332]]}},{"type":"Feature","properties":{"id":"relation/4511530","name":"BRT T1: Ellis Park East => Thokoza Park","network":"Rea Vaya"},"geometry":{"type":"LineString","coordinates":[[27.884748,-26.262944],[27.884808,-26.262924],[27.884845,-26.262916],[27.884872,-26.262914],[27.884893,-26.262916],[27.88493,-26.262924],[27.884983,-26.262937]]}},{"type":"Feature","properties":{"id":"relation/4511530","name":"BRT T1: Ellis Park East => Thokoza Park","network":"Rea Vaya"},"geometry":{"type":"LineString","coordinates":[[27.884719,-26.263332],[27.88461,-26.263335],[27.884549,-26.263336],[27.884248,-26.263337],[27.884156,-26.26334],[27.884038,-26.263344],[27.883845,-26.263355],[27.883676,-26.263373],[27.883503,-26.263391],[27.883208,-26.263427],[27.882905,-26.263469],[27.882666,-26.263512],[27.882428,-26.263562],[27.882216,-26.263619],[27.882088,-26.263654],[27.881919,-26.263712],[27.881673,-26.263815],[27.881547,-26.263877],[27.881268,-26.264004]]}},{"type":"Feature","properties":{"id":"relation/4511530","name":"BRT T1: Ellis Park East => Thokoza Park","network":"Rea Vaya"},"geometry":{"type":"LineString","coordinates":[[27.881268,-26.264004],[27.881042,-26.264106],[27.880837,-26.264203]]}},{"type":"Feature","properties":{"id":"relation/4511530","name":"BRT T1: Ellis Park East => Thokoza Park","network":"Rea Vaya"},"geometry":{"type":"LineString","coordinates":[[27.880837,-26.264203],[27.880246,-26.264472],[27.879902,-26.26463],[27.879807,-26.264671],[27.879574,-26.26478],[27.879501,-26.264817],[27.879427,-26.264861]]}},{"type":"Feature","properties":{"id":"relation/4511530","name":"BRT T1: Ellis Park East => Thokoza Park","network":"Rea Vaya"},"geometry":{"type":"LineString","coordinates":[[27.879427,-26.264861],[27.879373,-26.264882],[27.879335,-26.264906],[27.879297,-26.264939],[27.879263,-26.264972],[27.879217,-26.265022]]}},{"type":"Feature","properties":{"id":"relation/4511530","name":"BRT T1: Ellis Park East => Thokoza Park","network":"Rea Vaya"},"geometry":{"type":"LineString","coordinates":[[27.879427,-26.264861],[27.879363,-26.264937],[27.879337,-26.264968],[27.879296,-26.265011],[27.879212,-26.265102]]}},{"type":"Feature","properties":{"id":"relation/4511530","name":"BRT T1: Ellis Park East => Thokoza Park","network":"Rea Vaya"},"geometry":{"type":"LineString","coordinates":[[27.918564,-26.240444],[27.918514,-26.240411],[27.918503,-26.2404],[27.918488,-26.240384],[27.918475,-26.240368],[27.918453,-26.24032],[27.918446,-26.240292],[27.918447,-26.240254]]}},{"type":"Feature","properties":{"id":"relation/4511530","name":"BRT T1: Ellis Park East => Thokoza Park","network":"Rea Vaya"},"geometry":{"type":"LineString","coordinates":[[27.918447,-26.240254],[27.918453,-26.240237],[27.918454,-26.240226],[27.918475,-26.240182],[27.918493,-26.240156],[27.918508,-26.240145],[27.918551,-26.240117],[27.9186,-26.240099],[27.918653,-26.240094]]}},{"type":"Feature","properties":{"id":"relation/4511530","name":"BRT T1: Ellis Park East => Thokoza Park","network":"Rea Vaya"},"geometry":{"type":"LineString","coordinates":[[27.918653,-26.240094],[27.918693,-26.240099],[27.918732,-26.240111],[27.918768,-26.240129],[27.91879,-26.240147],[27.91881,-26.240167],[27.918826,-26.24019],[27.918839,-26.240218],[27.918847,-26.240247]]}},{"type":"Feature","properties":{"id":"relation/4511530","name":"BRT T1: Ellis Park East => Thokoza Park","network":"Rea Vaya"},"geometry":{"type":"LineString","coordinates":[[27.92517,-26.231807],[27.925107,-26.231804],[27.925048,-26.231785],[27.925018,-26.231769],[27.924997,-26.231752],[27.924962,-26.231713],[27.924942,-26.231672],[27.924932,-26.231628]]}},{"type":"Feature","properties":{"id":"relation/4511530","name":"BRT T1: Ellis Park East => Thokoza Park","network":"Rea Vaya"},"geometry":{"type":"LineString","coordinates":[[27.924932,-26.231628],[27.924936,-26.23157],[27.924946,-26.231543],[27.924972,-26.231503],[27.925003,-26.231466],[27.925052,-26.231437],[27.925114,-26.231419]]}},{"type":"Feature","properties":{"id":"relation/4511530","name":"BRT T1: Ellis Park East => Thokoza Park","network":"Rea Vaya"},"geometry":{"type":"LineString","coordinates":[[27.925114,-26.231419],[27.92516,-26.231416],[27.925205,-26.231423],[27.925241,-26.231435],[27.925271,-26.231449],[27.925291,-26.231463],[27.925326,-26.231497],[27.925352,-26.231538]]}},{"type":"Feature","properties":{"id":"relation/4511533","name":"BRT T1: Thokoza Park => Ellis Park East","network":"Rea Vaya"},"geometry":{"type":"LineString","coordinates":[[28.057834,-26.191473],[28.057958,-26.191472],[28.058006,-26.191471],[28.058056,-26.19147],[28.05809,-26.191468],[28.058157,-26.191468],[28.058574,-26.191477],[28.058777,-26.191476],[28.058965,-26.191472],[28.05937,-26.19145],[28.059672,-26.191425],[28.060186,-26.191414],[28.060709,-26.191411],[28.060804,-26.191406],[28.060852,-26.191402],[28.060903,-26.191393],[28.061766,-26.191386],[28.061959,-26.191383],[28.062049,-26.191387],[28.062149,-26.191401],[28.062262,-26.191423],[28.062412,-26.191473],[28.062535,-26.191532],[28.062631,-26.191585],[28.062701,-26.19163],[28.062789,-26.1917],[28.062857,-26.191763],[28.062934,-26.191845],[28.06314,-26.192095],[28.063244,-26.192214],[28.063294,-26.19228],[28.063335,-26.192333],[28.063629,-26.192697],[28.063705,-26.192785],[28.063978,-26.193119],[28.064152,-26.193327],[28.064229,-26.193425],[28.064415,-26.193649],[28.064711,-26.194007],[28.064972,-26.194324],[28.06508,-26.19443],[28.065234,-26.194558],[28.065282,-26.194598],[28.065427,-26.194744],[28.065637,-26.194971],[28.065717,-26.195054],[28.065853,-26.195202],[28.065974,-26.195353],[28.066148,-26.195576],[28.066203,-26.195648],[28.066431,-26.195926],[28.066585,-26.196118],[28.066655,-26.196204],[28.066694,-26.19626],[28.066732,-26.196322],[28.066794,-26.19644],[28.066842,-26.196542],[28.066918,-26.196689],[28.066968,-26.19677],[28.067179,-26.197032],[28.067345,-26.197228],[28.0675,-26.197412],[28.067591,-26.197503],[28.067686,-26.197579],[28.067784,-26.197645],[28.067871,-26.197698],[28.06794,-26.197753]]}},{"type":"Feature","properties":{"id":"relation/4511533","name":"BRT T1: Thokoza Park => Ellis Park East","network":"Rea Vaya"},"geometry":{"type":"LineString","coordinates":[[28.04787,-26.193826],[28.048857,-26.193712],[28.04964,-26.193618],[28.050032,-26.193571],[28.050384,-26.193532],[28.050615,-26.193506],[28.050848,-26.193545],[28.051074,-26.193604],[28.051447,-26.193758],[28.051621,-26.193817],[28.051756,-26.19385],[28.051868,-26.193869],[28.051945,-26.193879],[28.051999,-26.193877],[28.052065,-26.193863],[28.052209,-26.19379],[28.052572,-26.19358],[28.052904,-26.193413],[28.053119,-26.193321],[28.053251,-26.19326],[28.053468,-26.19314],[28.053928,-26.192886],[28.054636,-26.192497],[28.054994,-26.192305],[28.055319,-26.192127],[28.055724,-26.191902],[28.056038,-26.191737],[28.056193,-26.191665],[28.056299,-26.191625],[28.05642,-26.19158],[28.056561,-26.191545],[28.056715,-26.191514],[28.056899,-26.191487],[28.057118,-26.19147],[28.057347,-26.19147],[28.057834,-26.191473]]}},{"type":"Feature","properties":{"id":"relation/4511533","name":"BRT T1: Thokoza Park => Ellis Park East","network":"Rea Vaya"},"geometry":{"type":"LineString","coordinates":[[28.047877,-26.193874],[28.04787,-26.193826]]}},{"type":"Feature","properties":{"id":"relation/4511533","name":"BRT T1: Thokoza Park => Ellis Park East","network":"Rea Vaya"},"geometry":{"type":"LineString","coordinates":[[28.047952,-26.194412],[28.047946,-26.194374],[28.047877,-26.193874]]}},{"type":"Feature","properties":{"id":"relation/4511533","name":"BRT T1: Thokoza Park => Ellis Park East","network":"Rea Vaya"},"geometry":{"type":"LineString","coordinates":[[28.04796,-26.194455],[28.047952,-26.194412]]}},{"type":"Feature","properties":{"id":"relation/4511533","name":"BRT T1: Thokoza Park => Ellis Park East","network":"Rea Vaya"},"geometry":{"type":"LineString","coordinates":[[28.048388,-26.197315],[28.048378,-26.197248],[28.048276,-26.196507],[28.04818,-26.195909],[28.048083,-26.195171],[28.04802,-26.194803],[28.04796,-26.194455]]}},{"type":"Feature","properties":{"id":"relation/4511533","name":"BRT T1: Thokoza Park => Ellis Park East","network":"Rea Vaya"},"geometry":{"type":"LineString","coordinates":[[28.048432,-26.197681],[28.048388,-26.197315]]}},{"type":"Feature","properties":{"id":"relation/4511533","name":"BRT T1: Thokoza Park => Ellis Park East","network":"Rea Vaya"},"geometry":{"type":"LineString","coordinates":[[28.048445,-26.197824],[28.048432,-26.197681]]}},{"type":"Feature","properties":{"id":"relation/4511533","name":"BRT T1: Thokoza Park => Ellis Park East","network":"Rea Vaya"},"geometry":{"type":"LineString","coordinates":[[28.048738,-26.200067],[28.048725,-26.199994],[28.048639,-26.19932],[28.048622,-26.19922],[28.048609,-26.199125],[28.048577,-26.198879],[28.048565,-26.198786],[28.048536,-26.198572],[28.048445,-26.197824]]}},{"type":"Feature","properties":{"id":"relation/4511533","name":"BRT T1: Thokoza Park => Ellis Park East","network":"Rea Vaya"},"geometry":{"type":"LineString","coordinates":[[28.048551,-26.200091],[28.048738,-26.200067]]}},{"type":"Feature","properties":{"id":"relation/4511533","name":"BRT T1: Thokoza Park => Ellis Park East","network":"Rea Vaya"},"geometry":{"type":"LineString","coordinates":[[28.049096,-26.203924],[28.048982,-26.203156],[28.048885,-26.202405],[28.048784,-26.201657],[28.048676,-26.200877],[28.048569,-26.200194],[28.048551,-26.200091]]}},{"type":"Feature","properties":{"id":"relation/4511533","name":"BRT T1: Thokoza Park => Ellis Park East","network":"Rea Vaya"},"geometry":{"type":"LineString","coordinates":[[28.042114,-26.204677],[28.043074,-26.204616],[28.043907,-26.20452],[28.044708,-26.204418],[28.045528,-26.204314],[28.046492,-26.2042],[28.047307,-26.204116],[28.048288,-26.204009],[28.049096,-26.203924]]}},{"type":"Feature","properties":{"id":"relation/4511533","name":"BRT T1: Thokoza Park => Ellis Park East","network":"Rea Vaya"},"geometry":{"type":"LineString","coordinates":[[28.04045,-26.204868],[28.040614,-26.204845],[28.04124,-26.204765],[28.042114,-26.204677]]}},{"type":"Feature","properties":{"id":"relation/4511533","name":"BRT T1: Thokoza Park => Ellis Park East","network":"Rea Vaya"},"geometry":{"type":"LineString","coordinates":[[28.035346,-26.205469],[28.035717,-26.205424],[28.036074,-26.205387],[28.036919,-26.205287],[28.03736,-26.205233],[28.038025,-26.205152],[28.03882,-26.20506],[28.039622,-26.204961],[28.04045,-26.204868]]}},{"type":"Feature","properties":{"id":"relation/4511533","name":"BRT T1: Thokoza Park => Ellis Park East","network":"Rea Vaya"},"geometry":{"type":"LineString","coordinates":[[27.93876,-26.233077],[27.938893,-26.233159],[27.939403,-26.23344],[27.939738,-26.233601],[27.940126,-26.233755],[27.94052,-26.2339],[27.940781,-26.23398],[27.94133,-26.234111],[27.941679,-26.234179],[27.942126,-26.234243],[27.942448,-26.234277],[27.943003,-26.234293],[27.943579,-26.23428],[27.943854,-26.234263],[27.944291,-26.23421],[27.944758,-26.234132],[27.94926,-26.233314],[27.949364,-26.233295],[27.949887,-26.233203],[27.950056,-26.233174],[27.950325,-26.233138],[27.95041,-26.233127],[27.950732,-26.233097],[27.950921,-26.233092],[27.951092,-26.233091],[27.951377,-26.233091],[27.951798,-26.233109],[27.952093,-26.233138],[27.952478,-26.233205],[27.953088,-26.233313],[27.953213,-26.233337],[27.953353,-26.23336],[27.953461,-26.233378],[27.953768,-26.233426],[27.954086,-26.233455],[27.95442,-26.233479],[27.954671,-26.233488],[27.954895,-26.233482],[27.955059,-26.23347],[27.955252,-26.233442],[27.955575,-26.233378],[27.955763,-26.233334],[27.956177,-26.233213],[27.956447,-26.233108],[27.956884,-26.232895],[27.95725,-26.232686],[27.958217,-26.232121],[27.958491,-26.231967],[27.958742,-26.231849],[27.958991,-26.231756],[27.959241,-26.231669],[27.959487,-26.231593],[27.959691,-26.23154],[27.959866,-26.231499],[27.95998,-26.231481],[27.960109,-26.231462],[27.960188,-26.231451]]}},{"type":"Feature","properties":{"id":"relation/4511533","name":"BRT T1: Thokoza Park => Ellis Park East","network":"Rea Vaya"},"geometry":{"type":"LineString","coordinates":[[27.960188,-26.231451],[27.960453,-26.231418],[27.96065,-26.231404],[27.960952,-26.231396],[27.961228,-26.231401]]}},{"type":"Feature","properties":{"id":"relation/4511533","name":"BRT T1: Thokoza Park => Ellis Park East","network":"Rea Vaya"},"geometry":{"type":"LineString","coordinates":[[27.961228,-26.231401],[27.961424,-26.23141],[27.961762,-26.231445],[27.961978,-26.231472],[27.962224,-26.231516],[27.962516,-26.231588],[27.963039,-26.231734],[27.963689,-26.231913],[27.964693,-26.232213],[27.966001,-26.232573],[27.966594,-26.232741],[27.967761,-26.233064],[27.969413,-26.233528],[27.970343,-26.233775],[27.971079,-26.233954],[27.971562,-26.234017],[27.972031,-26.234029],[27.972458,-26.23402],[27.97301,-26.233966],[27.97349,-26.233848],[27.974035,-26.233681]]}},{"type":"Feature","properties":{"id":"relation/4511533","name":"BRT T1: Thokoza Park => Ellis Park East","network":"Rea Vaya"},"geometry":{"type":"LineString","coordinates":[[27.974035,-26.233681],[27.974889,-26.233388],[27.975183,-26.233286],[27.975348,-26.233227]]}},{"type":"Feature","properties":{"id":"relation/4511533","name":"BRT T1: Thokoza Park => Ellis Park East","network":"Rea Vaya"},"geometry":{"type":"LineString","coordinates":[[27.975348,-26.233227],[27.976166,-26.23291],[27.97714,-26.232553],[27.977747,-26.232341],[27.978365,-26.232153],[27.978991,-26.231972]]}},{"type":"Feature","properties":{"id":"relation/4511533","name":"BRT T1: Thokoza Park => Ellis Park East","network":"Rea Vaya"},"geometry":{"type":"LineString","coordinates":[[27.978991,-26.231972],[27.979405,-26.231871]]}},{"type":"Feature","properties":{"id":"relation/4511533","name":"BRT T1: Thokoza Park => Ellis Park East","network":"Rea Vaya"},"geometry":{"type":"LineString","coordinates":[[27.979405,-26.231871],[27.981439,-26.231425],[27.98212,-26.231329],[27.983727,-26.231133],[27.984521,-26.23104]]}},{"type":"Feature","properties":{"id":"relation/4511533","name":"BRT T1: Thokoza Park => Ellis Park East","network":"Rea Vaya"},"geometry":{"type":"LineString","coordinates":[[27.984521,-26.23104],[27.985363,-26.230924]]}},{"type":"Feature","properties":{"id":"relation/4511533","name":"BRT T1: Thokoza Park => Ellis Park East","network":"Rea Vaya"},"geometry":{"type":"LineString","coordinates":[[27.985363,-26.230924],[27.987016,-26.230696],[27.989612,-26.230339],[27.990873,-26.230184],[27.99195,-26.230072],[27.992628,-26.229983],[27.992963,-26.229938],[27.9932,-26.229907]]}},{"type":"Feature","properties":{"id":"relation/4511533","name":"BRT T1: Thokoza Park => Ellis Park East","network":"Rea Vaya"},"geometry":{"type":"LineString","coordinates":[[27.9932,-26.229907],[27.994798,-26.229701]]}},{"type":"Feature","properties":{"id":"relation/4511533","name":"BRT T1: Thokoza Park => Ellis Park East","network":"Rea Vaya"},"geometry":{"type":"LineString","coordinates":[[27.994798,-26.229701],[27.995547,-26.229601],[27.996244,-26.22951],[27.99687,-26.229427],[27.997436,-26.229356],[27.998059,-26.229272],[27.998598,-26.229204],[27.9992,-26.229124],[28.000191,-26.228994],[28.000624,-26.228939],[28.001219,-26.22886],[28.001821,-26.228783],[28.002366,-26.228712],[28.002666,-26.228674]]}},{"type":"Feature","properties":{"id":"relation/4511533","name":"BRT T1: Thokoza Park => Ellis Park East","network":"Rea Vaya"},"geometry":{"type":"LineString","coordinates":[[28.002666,-26.228674],[28.003011,-26.228633]]}},{"type":"Feature","properties":{"id":"relation/4511533","name":"BRT T1: Thokoza Park => Ellis Park East","network":"Rea Vaya"},"geometry":{"type":"LineString","coordinates":[[28.003011,-26.228633],[28.003296,-26.228612],[28.003568,-26.228602],[28.004051,-26.228604],[28.004379,-26.228626],[28.004847,-26.228677],[28.005285,-26.22875],[28.005976,-26.228899],[28.006392,-26.228999],[28.007187,-26.229171],[28.008594,-26.229483],[28.008872,-26.22952],[28.009111,-26.229545],[28.009501,-26.229574],[28.009859,-26.229594],[28.010301,-26.2296],[28.010739,-26.229587],[28.011268,-26.229555],[28.011755,-26.229516],[28.012226,-26.229486],[28.012712,-26.229461]]}},{"type":"Feature","properties":{"id":"relation/4511533","name":"BRT T1: Thokoza Park => Ellis Park East","network":"Rea Vaya"},"geometry":{"type":"LineString","coordinates":[[27.932211,-26.227347],[27.932299,-26.227425],[27.932673,-26.227761],[27.933116,-26.228179],[27.933784,-26.228787],[27.934096,-26.229075],[27.934223,-26.229213],[27.934446,-26.22947],[27.934535,-26.229571],[27.934659,-26.229685],[27.93491,-26.229916],[27.935245,-26.230218],[27.935381,-26.230325],[27.935539,-26.230451],[27.935715,-26.230586],[27.935865,-26.230705],[27.93612,-26.230935],[27.936582,-26.231356],[27.936982,-26.231713],[27.937793,-26.232451],[27.938009,-26.232655],[27.938099,-26.232733],[27.938212,-26.232813],[27.93857,-26.233053],[27.938715,-26.233137],[27.938853,-26.23321],[27.939097,-26.233348],[27.939407,-26.233507],[27.939656,-26.233623],[27.939864,-26.233715],[27.940181,-26.233834],[27.940431,-26.233923],[27.940729,-26.234016],[27.941013,-26.234093],[27.941365,-26.234172],[27.94161,-26.234218],[27.941999,-26.234275],[27.942388,-26.234319],[27.942788,-26.23434],[27.943032,-26.234342],[27.943403,-26.234342],[27.943783,-26.234316],[27.943855,-26.234309],[27.944158,-26.234281],[27.944495,-26.234231],[27.945105,-26.234118],[27.945845,-26.233982],[27.946453,-26.233875],[27.947531,-26.233675],[27.948281,-26.233537],[27.949269,-26.233351],[27.949373,-26.233332],[27.95012,-26.233205],[27.950483,-26.233164],[27.950738,-26.233144],[27.95096,-26.233137],[27.951286,-26.233141],[27.951637,-26.233147],[27.951941,-26.233164],[27.952179,-26.23319],[27.952575,-26.233267],[27.953073,-26.233361],[27.953191,-26.233384],[27.953331,-26.233408],[27.953455,-26.23343],[27.953787,-26.233475],[27.954068,-26.233503],[27.954466,-26.233539],[27.954708,-26.233544],[27.954875,-26.233543],[27.955048,-26.233527],[27.955236,-26.233498],[27.955455,-26.233462],[27.955659,-26.233418],[27.955951,-26.233342],[27.956312,-26.233218],[27.956564,-26.233115],[27.956825,-26.232993],[27.957112,-26.232837],[27.957287,-26.232729],[27.958005,-26.232309],[27.958387,-26.232093],[27.958611,-26.231981],[27.958828,-26.231887],[27.95905,-26.231794],[27.959347,-26.231697],[27.959705,-26.231595],[27.959974,-26.231538],[27.960203,-26.231499]]}},{"type":"Feature","properties":{"id":"relation/4511533","name":"BRT T1: Thokoza Park => Ellis Park East","network":"Rea Vaya"},"geometry":{"type":"LineString","coordinates":[[27.960203,-26.231499],[27.960518,-26.23146],[27.960689,-26.231448],[27.960863,-26.231442],[27.961227,-26.231442]]}},{"type":"Feature","properties":{"id":"relation/4511533","name":"BRT T1: Thokoza Park => Ellis Park East","network":"Rea Vaya"},"geometry":{"type":"LineString","coordinates":[[27.961227,-26.231442],[27.961492,-26.231456],[27.961597,-26.231465],[27.961835,-26.231492],[27.962117,-26.231544],[27.962382,-26.231605],[27.962725,-26.231701],[27.963245,-26.231841],[27.964951,-26.232316],[27.96603,-26.23267],[27.967054,-26.232959],[27.968708,-26.233408],[27.969744,-26.233705],[27.970615,-26.233943],[27.970923,-26.234014],[27.971243,-26.234075],[27.971511,-26.234106],[27.971796,-26.234129],[27.972137,-26.234136],[27.972392,-26.234129],[27.972667,-26.234104],[27.972945,-26.234066],[27.973185,-26.234021],[27.973441,-26.233965],[27.973878,-26.233844],[27.974196,-26.233754],[27.974579,-26.233621],[27.975181,-26.233402],[27.975349,-26.233338],[27.976096,-26.233054],[27.97678,-26.232788],[27.977282,-26.232595],[27.977618,-26.232478],[27.978156,-26.232303],[27.978717,-26.232136],[27.979019,-26.232054]]}},{"type":"Feature","properties":{"id":"relation/4511533","name":"BRT T1: Thokoza Park => Ellis Park East","network":"Rea Vaya"},"geometry":{"type":"LineString","coordinates":[[27.979019,-26.232054],[27.979321,-26.231971],[27.979431,-26.231944]]}},{"type":"Feature","properties":{"id":"relation/4511533","name":"BRT T1: Thokoza Park => Ellis Park East","network":"Rea Vaya"},"geometry":{"type":"LineString","coordinates":[[27.979431,-26.231944],[27.98002,-26.2318],[27.980589,-26.231685],[27.98125,-26.231534],[27.981746,-26.23143],[27.983417,-26.23122],[27.983947,-26.231158],[27.984529,-26.231114],[27.984541,-26.231113]]}},{"type":"Feature","properties":{"id":"relation/4511533","name":"BRT T1: Thokoza Park => Ellis Park East","network":"Rea Vaya"},"geometry":{"type":"LineString","coordinates":[[27.984541,-26.231113],[27.985386,-26.231003]]}},{"type":"Feature","properties":{"id":"relation/4511533","name":"BRT T1: Thokoza Park => Ellis Park East","network":"Rea Vaya"},"geometry":{"type":"LineString","coordinates":[[27.985386,-26.231003],[27.986078,-26.230914],[27.991025,-26.230263],[27.998652,-26.229268],[28.00236,-26.228777],[28.002662,-26.228734]]}},{"type":"Feature","properties":{"id":"relation/4511533","name":"BRT T1: Thokoza Park => Ellis Park East","network":"Rea Vaya"},"geometry":{"type":"LineString","coordinates":[[28.002662,-26.228734],[28.002693,-26.228729],[28.002913,-26.228705],[28.003009,-26.228696]]}},{"type":"Feature","properties":{"id":"relation/4511533","name":"BRT T1: Thokoza Park => Ellis Park East","network":"Rea Vaya"},"geometry":{"type":"LineString","coordinates":[[28.003009,-26.228696],[28.003202,-26.228678],[28.003538,-26.228662],[28.003858,-26.228662],[28.004169,-26.22867],[28.004563,-26.228703],[28.0048,-26.228734],[28.005148,-26.228788],[28.005545,-26.228874],[28.006941,-26.229191],[28.008185,-26.229463],[28.008634,-26.229549],[28.009107,-26.229603],[28.009854,-26.229654],[28.010338,-26.229666],[28.011377,-26.229607],[28.012209,-26.22956],[28.014013,-26.229421],[28.014577,-26.229376],[28.014682,-26.229367],[28.014834,-26.229339],[28.014955,-26.229315],[28.015124,-26.229266],[28.015413,-26.229165],[28.01606,-26.228947],[28.016237,-26.228905],[28.016356,-26.228885],[28.016504,-26.22887],[28.016653,-26.228863],[28.016822,-26.228869],[28.016975,-26.228881],[28.017248,-26.22893],[28.01744,-26.228983],[28.017734,-26.229059],[28.017958,-26.229117],[28.018098,-26.229156],[28.01826,-26.229192],[28.018393,-26.229214],[28.018488,-26.229227],[28.018598,-26.229237],[28.018709,-26.229244],[28.018823,-26.229248],[28.019055,-26.229246],[28.019196,-26.229241],[28.019274,-26.229229],[28.019399,-26.229212],[28.019596,-26.229174],[28.01973,-26.229137],[28.019779,-26.229125],[28.019849,-26.229109],[28.019965,-26.229088],[28.0201,-26.22907],[28.020235,-26.22905],[28.020429,-26.229018],[28.020555,-26.228988],[28.020655,-26.228958],[28.020731,-26.228931],[28.020807,-26.228898],[28.020909,-26.228842],[28.021046,-26.228757],[28.02123,-26.22865],[28.021482,-26.228486],[28.02164,-26.228371],[28.021749,-26.228271],[28.021827,-26.228182],[28.021881,-26.228109],[28.021925,-26.228039],[28.021947,-26.228001],[28.02197,-26.227967],[28.022008,-26.227921]]}},{"type":"Feature","properties":{"id":"relation/4511533","name":"BRT T1: Thokoza Park => Ellis Park East","network":"Rea Vaya"},"geometry":{"type":"LineString","coordinates":[[28.022008,-26.227921],[28.022046,-26.227797],[28.022056,-26.227751],[28.022067,-26.227684],[28.022074,-26.227631],[28.022079,-26.227573],[28.022082,-26.227518],[28.022082,-26.227339],[28.022079,-26.22721],[28.022078,-26.227046],[28.022084,-26.226903],[28.022087,-26.226882],[28.022092,-26.226839],[28.022113,-26.226684]]}},{"type":"Feature","properties":{"id":"relation/4511533","name":"BRT T1: Thokoza Park => Ellis Park East","network":"Rea Vaya"},"geometry":{"type":"LineString","coordinates":[[28.022113,-26.226684],[28.02214,-26.226526]]}},{"type":"Feature","properties":{"id":"relation/4511533","name":"BRT T1: Thokoza Park => Ellis Park East","network":"Rea Vaya"},"geometry":{"type":"LineString","coordinates":[[28.02214,-26.226526],[28.022198,-26.22616],[28.022314,-26.225451],[28.022329,-26.225338],[28.022364,-26.225147],[28.022465,-26.224523],[28.022501,-26.224294],[28.022522,-26.224193],[28.022551,-26.224095],[28.022581,-26.224021],[28.022622,-26.223944],[28.02267,-26.223868],[28.022724,-26.223796],[28.022809,-26.223705],[28.022918,-26.223607],[28.023081,-26.223497],[28.023445,-26.223261],[28.02392,-26.222955],[28.024116,-26.222831],[28.024236,-26.222747],[28.024335,-26.222665],[28.024413,-26.222589],[28.024493,-26.222493],[28.024571,-26.222379],[28.024624,-26.22228],[28.024689,-26.222117],[28.024743,-26.221944],[28.024881,-26.221514],[28.02503,-26.221034],[28.025071,-26.220898],[28.025088,-26.220784],[28.025092,-26.22069],[28.025085,-26.220598],[28.025062,-26.220485],[28.025022,-26.220338],[28.024988,-26.220266],[28.02495,-26.220213],[28.024904,-26.220159],[28.02487,-26.220112],[28.024852,-26.220078],[28.024844,-26.220048],[28.024844,-26.220024],[28.024849,-26.219992],[28.024858,-26.219974],[28.024877,-26.219947],[28.024902,-26.219928],[28.024951,-26.219903],[28.025031,-26.219878],[28.025115,-26.219861],[28.025306,-26.219844],[28.025647,-26.219827],[28.02592,-26.219808],[28.02605,-26.219789],[28.026176,-26.219758],[28.026299,-26.219719],[28.026427,-26.219666],[28.02657,-26.219597],[28.026694,-26.219517],[28.026812,-26.219425],[28.026906,-26.219333],[28.026988,-26.21925],[28.027059,-26.219158],[28.027137,-26.21903],[28.027311,-26.218726],[28.027531,-26.218352],[28.02775,-26.21798],[28.027896,-26.217711],[28.028007,-26.217482],[28.028158,-26.217133],[28.028263,-26.216877],[28.028369,-26.216591],[28.028595,-26.216002],[28.02874,-26.215641],[28.02882,-26.215424],[28.028896,-26.215284],[28.028943,-26.215228],[28.029008,-26.215155],[28.029081,-26.215089],[28.029153,-26.215042],[28.029292,-26.21497],[28.02942,-26.21492],[28.029575,-26.214869],[28.029909,-26.214775]]}},{"type":"Feature","properties":{"id":"relation/4511533","name":"BRT T1: Thokoza Park => Ellis Park East","network":"Rea Vaya"},"geometry":{"type":"LineString","coordinates":[[28.030279,-26.214005],[28.030096,-26.213791],[28.030044,-26.213728],[28.030002,-26.213657],[28.029976,-26.213581],[28.029969,-26.213532],[28.029971,-26.213457],[28.029986,-26.213389],[28.030016,-26.21333],[28.030057,-26.213267],[28.03013,-26.213201],[28.03024,-26.213139],[28.030485,-26.213035],[28.030718,-26.212935],[28.031062,-26.212785],[28.031384,-26.212645],[28.031603,-26.212543],[28.031823,-26.212441],[28.032065,-26.212309],[28.032214,-26.212217],[28.032343,-26.212127],[28.032519,-26.211996],[28.032617,-26.211922],[28.032862,-26.211739]]}},{"type":"Feature","properties":{"id":"relation/4511533","name":"BRT T1: Thokoza Park => Ellis Park East","network":"Rea Vaya"},"geometry":{"type":"LineString","coordinates":[[28.032862,-26.211739],[28.03292,-26.211654],[28.032977,-26.211579],[28.033068,-26.211466],[28.033194,-26.211323],[28.033368,-26.211146],[28.033596,-26.210941],[28.033763,-26.210786],[28.034093,-26.210491],[28.034255,-26.210343],[28.034325,-26.210273],[28.034374,-26.210204],[28.034416,-26.210129],[28.034437,-26.21005],[28.034448,-26.209973],[28.034449,-26.209921],[28.034437,-26.209836],[28.03441,-26.209746],[28.034349,-26.209584],[28.034266,-26.209361],[28.034227,-26.20924],[28.034213,-26.209164],[28.0342,-26.209088],[28.034187,-26.208986]]}},{"type":"Feature","properties":{"id":"relation/4511533","name":"BRT T1: Thokoza Park => Ellis Park East","network":"Rea Vaya"},"geometry":{"type":"LineString","coordinates":[[28.034261,-26.208975],[28.034322,-26.20914],[28.03441,-26.209394],[28.034488,-26.20961],[28.034548,-26.209778],[28.034572,-26.209886],[28.034577,-26.209966],[28.034567,-26.210065],[28.034543,-26.210157],[28.034514,-26.210237],[28.034467,-26.210311],[28.034396,-26.210395],[28.034266,-26.210524],[28.033969,-26.210789],[28.033903,-26.210844],[28.03386,-26.210884],[28.033699,-26.211025],[28.03323,-26.21145],[28.033144,-26.211522],[28.033026,-26.21162],[28.032949,-26.211678],[28.032862,-26.211739]]}},{"type":"Feature","properties":{"id":"relation/4511533","name":"BRT T1: Thokoza Park => Ellis Park East","network":"Rea Vaya"},"geometry":{"type":"LineString","coordinates":[[28.034187,-26.208986],[28.034178,-26.208893],[28.034169,-26.208802],[28.034162,-26.208734],[28.03416,-26.20867]]}},{"type":"Feature","properties":{"id":"relation/4511533","name":"BRT T1: Thokoza Park => Ellis Park East","network":"Rea Vaya"},"geometry":{"type":"LineString","coordinates":[[28.03416,-26.20867],[28.03419,-26.208734],[28.034215,-26.208821],[28.034261,-26.208975]]}},{"type":"Feature","properties":{"id":"relation/4511533","name":"BRT T1: Thokoza Park => Ellis Park East","network":"Rea Vaya"},"geometry":{"type":"LineString","coordinates":[[28.03416,-26.20867],[28.034118,-26.208433],[28.033894,-26.206983],[28.033819,-26.206418]]}},{"type":"Feature","properties":{"id":"relation/4511533","name":"BRT T1: Thokoza Park => Ellis Park East","network":"Rea Vaya"},"geometry":{"type":"LineString","coordinates":[[28.033695,-26.205655],[28.033734,-26.205763],[28.033808,-26.20627],[28.033819,-26.206418]]}},{"type":"Feature","properties":{"id":"relation/4511533","name":"BRT T1: Thokoza Park => Ellis Park East","network":"Rea Vaya"},"geometry":{"type":"LineString","coordinates":[[28.030256,-26.214695],[28.030212,-26.21466],[28.030181,-26.214615],[28.030166,-26.214564],[28.030168,-26.214505],[28.030192,-26.21445],[28.030233,-26.214404],[28.030289,-26.214373],[28.030348,-26.214359],[28.030409,-26.214362],[28.030467,-26.214381],[28.030503,-26.214403],[28.030533,-26.214432],[28.030555,-26.214466],[28.030572,-26.214516],[28.030572,-26.214569],[28.030555,-26.21462],[28.030522,-26.214664],[28.030478,-26.214698],[28.030424,-26.214719],[28.030366,-26.214726],[28.030308,-26.214718],[28.030256,-26.214695]]}},{"type":"Feature","properties":{"id":"relation/4511533","name":"BRT T1: Thokoza Park => Ellis Park East","network":"Rea Vaya"},"geometry":{"type":"LineString","coordinates":[[27.879064,-26.264875],[27.879122,-26.264851],[27.87917,-26.264821],[27.879244,-26.264761],[27.879318,-26.264695],[27.879447,-26.264566],[27.879634,-26.264449],[27.879867,-26.264332],[27.880063,-26.264242],[27.880678,-26.263982]]}},{"type":"Feature","properties":{"id":"relation/4511533","name":"BRT T1: Thokoza Park => Ellis Park East","network":"Rea Vaya"},"geometry":{"type":"LineString","coordinates":[[27.880678,-26.263982],[27.880892,-26.263886],[27.881071,-26.263805]]}},{"type":"Feature","properties":{"id":"relation/4511533","name":"BRT T1: Thokoza Park => Ellis Park East","network":"Rea Vaya"},"geometry":{"type":"LineString","coordinates":[[27.881071,-26.263805],[27.881425,-26.263658],[27.881581,-26.263609],[27.881813,-26.263554],[27.882335,-26.263423],[27.882428,-26.263403],[27.88282,-26.263326],[27.883505,-26.263242],[27.883954,-26.263191],[27.884229,-26.26316],[27.884315,-26.263151],[27.884412,-26.26314],[27.884466,-26.263133],[27.884521,-26.263119],[27.884564,-26.263103],[27.884624,-26.263078]]}},{"type":"Feature","properties":{"id":"relation/4511533","name":"BRT T1: Thokoza Park => Ellis Park East","network":"Rea Vaya"},"geometry":{"type":"LineString","coordinates":[[27.884983,-26.262937],[27.885017,-26.262953],[27.885081,-26.262992],[27.885102,-26.263031],[27.885129,-26.263086],[27.885133,-26.263115],[27.885133,-26.263145],[27.88512,-26.263189],[27.885074,-26.263266],[27.885048,-26.263289],[27.885017,-26.263316],[27.88497,-26.263343]]}},{"type":"Feature","properties":{"id":"relation/4511533","name":"BRT T1: Thokoza Park => Ellis Park East","network":"Rea Vaya"},"geometry":{"type":"LineString","coordinates":[[27.88497,-26.263343],[27.884906,-26.263364],[27.884857,-26.263371],[27.884819,-26.26337],[27.884789,-26.263364],[27.884744,-26.263343],[27.884719,-26.263332]]}},{"type":"Feature","properties":{"id":"relation/4511533","name":"BRT T1: Thokoza Park => Ellis Park East","network":"Rea Vaya"},"geometry":{"type":"LineString","coordinates":[[27.884719,-26.263332],[27.884646,-26.26326],[27.884621,-26.263223],[27.88461,-26.263173],[27.884614,-26.263123],[27.884624,-26.263078],[27.884651,-26.26305],[27.884707,-26.262993],[27.884748,-26.262944]]}},{"type":"Feature","properties":{"id":"relation/4511533","name":"BRT T1: Thokoza Park => Ellis Park East","network":"Rea Vaya"},"geometry":{"type":"LineString","coordinates":[[27.884748,-26.262944],[27.884808,-26.262924],[27.884845,-26.262916],[27.884872,-26.262914],[27.884893,-26.262916],[27.88493,-26.262924],[27.884983,-26.262937]]}},{"type":"Feature","properties":{"id":"relation/4511533","name":"BRT T1: Thokoza Park => Ellis Park East","network":"Rea Vaya"},"geometry":{"type":"LineString","coordinates":[[27.885081,-26.262992],[27.88516,-26.263018],[27.885231,-26.263028],[27.885337,-26.26303],[27.885403,-26.263022],[27.885485,-26.262998],[27.885539,-26.262987],[27.885728,-26.262949],[27.886188,-26.262893],[27.887179,-26.262776],[27.887594,-26.262733],[27.888473,-26.262614]]}},{"type":"Feature","properties":{"id":"relation/4511533","name":"BRT T1: Thokoza Park => Ellis Park East","network":"Rea Vaya"},"geometry":{"type":"LineString","coordinates":[[27.888473,-26.262614],[27.889381,-26.262456]]}},{"type":"Feature","properties":{"id":"relation/4511533","name":"BRT T1: Thokoza Park => Ellis Park East","network":"Rea Vaya"},"geometry":{"type":"LineString","coordinates":[[27.889381,-26.262456],[27.889694,-26.262405]]}},{"type":"Feature","properties":{"id":"relation/4511533","name":"BRT T1: Thokoza Park => Ellis Park East","network":"Rea Vaya"},"geometry":{"type":"LineString","coordinates":[[27.889694,-26.262405],[27.889761,-26.262364],[27.889852,-26.262315],[27.889878,-26.262294],[27.889931,-26.262253],[27.890016,-26.262151],[27.890067,-26.262067],[27.890128,-26.261969]]}},{"type":"Feature","properties":{"id":"relation/4511533","name":"BRT T1: Thokoza Park => Ellis Park East","network":"Rea Vaya"},"geometry":{"type":"LineString","coordinates":[[27.89024,-26.262332],[27.890192,-26.262519]]}},{"type":"Feature","properties":{"id":"relation/4511533","name":"BRT T1: Thokoza Park => Ellis Park East","network":"Rea Vaya"},"geometry":{"type":"LineString","coordinates":[[27.890282,-26.262228],[27.89024,-26.262332]]}},{"type":"Feature","properties":{"id":"relation/4511533","name":"BRT T1: Thokoza Park => Ellis Park East","network":"Rea Vaya"},"geometry":{"type":"LineString","coordinates":[[27.893685,-26.255327],[27.893588,-26.255412],[27.893523,-26.255469],[27.893356,-26.255615],[27.893177,-26.255793],[27.892935,-26.256024],[27.892651,-26.256359],[27.892488,-26.256586],[27.892341,-26.256793],[27.892198,-26.25702],[27.892058,-26.257272],[27.891876,-26.25763],[27.891704,-26.258024],[27.891553,-26.258459],[27.891465,-26.25874],[27.891376,-26.259066],[27.891311,-26.259368],[27.891255,-26.259627],[27.891191,-26.259843],[27.890873,-26.260758],[27.890511,-26.261729],[27.890282,-26.262228]]}},{"type":"Feature","properties":{"id":"relation/4511533","name":"BRT T1: Thokoza Park => Ellis Park East","network":"Rea Vaya"},"geometry":{"type":"LineString","coordinates":[[27.898388,-26.252991],[27.898311,-26.253014],[27.898223,-26.253039],[27.898144,-26.253064],[27.897955,-26.25314],[27.897863,-26.253194],[27.897638,-26.253306],[27.897381,-26.253426],[27.896707,-26.253714],[27.896561,-26.253776],[27.896302,-26.253876],[27.895847,-26.254028],[27.895641,-26.254102],[27.895417,-26.254193],[27.895084,-26.254356],[27.894781,-26.254523],[27.894466,-26.254716],[27.894185,-26.254895],[27.893964,-26.255046],[27.89394,-26.255074],[27.893925,-26.255101],[27.893914,-26.255139]]}},{"type":"Feature","properties":{"id":"relation/4511533","name":"BRT T1: Thokoza Park => Ellis Park East","network":"Rea Vaya"},"geometry":{"type":"LineString","coordinates":[[27.910423,-26.245074],[27.910346,-26.245144],[27.910272,-26.24521],[27.910247,-26.245238],[27.910229,-26.245264],[27.910197,-26.245309],[27.910116,-26.245432],[27.910045,-26.245546],[27.909896,-26.24575],[27.909758,-26.245933],[27.909525,-26.24619],[27.909396,-26.246323],[27.909128,-26.24656],[27.908864,-26.246759],[27.908664,-26.246898],[27.908507,-26.246993],[27.90826,-26.247133],[27.908137,-26.247191],[27.907965,-26.247274],[27.907738,-26.247371],[27.90754,-26.247444],[27.907335,-26.24751],[27.907096,-26.247576],[27.906884,-26.24763],[27.9064,-26.247753],[27.905615,-26.247949],[27.905139,-26.248071],[27.904525,-26.248223],[27.903924,-26.248373],[27.903416,-26.248503],[27.903054,-26.24862],[27.902766,-26.248732],[27.90252,-26.248846],[27.902259,-26.248983],[27.902045,-26.249112],[27.901906,-26.249205],[27.901726,-26.249332],[27.901551,-26.249472],[27.901422,-26.249581],[27.901235,-26.249753],[27.901065,-26.249933],[27.900889,-26.250138],[27.900699,-26.250394],[27.900534,-26.250627],[27.900377,-26.250846],[27.900215,-26.251077],[27.900089,-26.251249],[27.899905,-26.251509],[27.899779,-26.251679],[27.899655,-26.251829],[27.899387,-26.252111],[27.899153,-26.252345],[27.899078,-26.252415],[27.898969,-26.252521],[27.898784,-26.252684],[27.898685,-26.252786]]}},{"type":"Feature","properties":{"id":"relation/4511533","name":"BRT T1: Thokoza Park => Ellis Park East","network":"Rea Vaya"},"geometry":{"type":"LineString","coordinates":[[27.910227,-26.244661],[27.910277,-26.244606],[27.910342,-26.244541],[27.910387,-26.244487],[27.910426,-26.244424],[27.910454,-26.244373],[27.910473,-26.244323],[27.910482,-26.244299],[27.910602,-26.243777],[27.910645,-26.243524],[27.910698,-26.243213],[27.910759,-26.242918],[27.910799,-26.242761],[27.910854,-26.242603],[27.910958,-26.242365],[27.911095,-26.242128],[27.911251,-26.241901],[27.911426,-26.241682],[27.91174,-26.241335]]}},{"type":"Feature","properties":{"id":"relation/4511533","name":"BRT T1: Thokoza Park => Ellis Park East","network":"Rea Vaya"},"geometry":{"type":"LineString","coordinates":[[27.91174,-26.241335],[27.912223,-26.240899],[27.91225,-26.240873]]}},{"type":"Feature","properties":{"id":"relation/4511533","name":"BRT T1: Thokoza Park => Ellis Park East","network":"Rea Vaya"},"geometry":{"type":"LineString","coordinates":[[27.91225,-26.240873],[27.912385,-26.240766],[27.912424,-26.240735]]}},{"type":"Feature","properties":{"id":"relation/4511533","name":"BRT T1: Thokoza Park => Ellis Park East","network":"Rea Vaya"},"geometry":{"type":"LineString","coordinates":[[27.912424,-26.240735],[27.912492,-26.240868]]}},{"type":"Feature","properties":{"id":"relation/4511533","name":"BRT T1: Thokoza Park => Ellis Park East","network":"Rea Vaya"},"geometry":{"type":"LineString","coordinates":[[27.912492,-26.240868],[27.912514,-26.240926],[27.912559,-26.241051],[27.9126,-26.241185],[27.912685,-26.241414],[27.912804,-26.241738],[27.912855,-26.241879],[27.91292,-26.242006],[27.912975,-26.242106],[27.913045,-26.242198],[27.913162,-26.24232],[27.91325,-26.242391],[27.913358,-26.242467],[27.913518,-26.242566]]}},{"type":"Feature","properties":{"id":"relation/4511533","name":"BRT T1: Thokoza Park => Ellis Park East","network":"Rea Vaya"},"geometry":{"type":"LineString","coordinates":[[27.913518,-26.242566],[27.913626,-26.24263],[27.913773,-26.242725]]}},{"type":"Feature","properties":{"id":"relation/4511533","name":"BRT T1: Thokoza Park => Ellis Park East","network":"Rea Vaya"},"geometry":{"type":"LineString","coordinates":[[27.913773,-26.242725],[27.914137,-26.242943]]}},{"type":"Feature","properties":{"id":"relation/4511533","name":"BRT T1: Thokoza Park => Ellis Park East","network":"Rea Vaya"},"geometry":{"type":"LineString","coordinates":[[27.914137,-26.242943],[27.914192,-26.242977]]}},{"type":"Feature","properties":{"id":"relation/4511533","name":"BRT T1: Thokoza Park => Ellis Park East","network":"Rea Vaya"},"geometry":{"type":"LineString","coordinates":[[27.914192,-26.242977],[27.914268,-26.242882],[27.914435,-26.242679],[27.914526,-26.242578],[27.914633,-26.242479],[27.914743,-26.242402],[27.914916,-26.24229],[27.915342,-26.242041],[27.91594,-26.241693],[27.916101,-26.24161],[27.916249,-26.24155],[27.916299,-26.241529],[27.916414,-26.241483],[27.916521,-26.241438],[27.916613,-26.241393],[27.9167,-26.241342],[27.917505,-26.240863],[27.917699,-26.240742],[27.917953,-26.240597],[27.918056,-26.240536]]}},{"type":"Feature","properties":{"id":"relation/4511533","name":"BRT T1: Thokoza Park => Ellis Park East","network":"Rea Vaya"},"geometry":{"type":"LineString","coordinates":[[27.918056,-26.240536],[27.918144,-26.240495],[27.918247,-26.240439],[27.918326,-26.240396],[27.918453,-26.24032]]}},{"type":"Feature","properties":{"id":"relation/4511533","name":"BRT T1: Thokoza Park => Ellis Park East","network":"Rea Vaya"},"geometry":{"type":"LineString","coordinates":[[27.918564,-26.240444],[27.918514,-26.240411],[27.918503,-26.2404],[27.918488,-26.240384],[27.918475,-26.240368],[27.918453,-26.24032],[27.918446,-26.240292],[27.918447,-26.240254]]}},{"type":"Feature","properties":{"id":"relation/4511533","name":"BRT T1: Thokoza Park => Ellis Park East","network":"Rea Vaya"},"geometry":{"type":"LineString","coordinates":[[27.918847,-26.240247],[27.918849,-26.240285],[27.918842,-26.240323],[27.918814,-26.240377],[27.918741,-26.24043],[27.918668,-26.240447],[27.918606,-26.240447],[27.918564,-26.240444]]}},{"type":"Feature","properties":{"id":"relation/4511533","name":"BRT T1: Thokoza Park => Ellis Park East","network":"Rea Vaya"},"geometry":{"type":"LineString","coordinates":[[27.918653,-26.240094],[27.918693,-26.240099],[27.918732,-26.240111],[27.918768,-26.240129],[27.91879,-26.240147],[27.91881,-26.240167],[27.918826,-26.24019],[27.918839,-26.240218],[27.918847,-26.240247]]}},{"type":"Feature","properties":{"id":"relation/4511533","name":"BRT T1: Thokoza Park => Ellis Park East","network":"Rea Vaya"},"geometry":{"type":"LineString","coordinates":[[27.918653,-26.240094],[27.9187,-26.240051],[27.918833,-26.23993],[27.918858,-26.239906],[27.918974,-26.239736],[27.919594,-26.238849],[27.919966,-26.238315],[27.920026,-26.238228],[27.920216,-26.237981],[27.920383,-26.237763],[27.921747,-26.235984],[27.92217,-26.235421],[27.922317,-26.235235],[27.922519,-26.234941],[27.922538,-26.234892],[27.922542,-26.234845]]}},{"type":"Feature","properties":{"id":"relation/4511533","name":"BRT T1: Thokoza Park => Ellis Park East","network":"Rea Vaya"},"geometry":{"type":"LineString","coordinates":[[27.922717,-26.234597],[27.9228,-26.234527],[27.922842,-26.234492],[27.922908,-26.23441],[27.923616,-26.233388],[27.924789,-26.231818],[27.924932,-26.231628]]}},{"type":"Feature","properties":{"id":"relation/4511533","name":"BRT T1: Thokoza Park => Ellis Park East","network":"Rea Vaya"},"geometry":{"type":"LineString","coordinates":[[27.925114,-26.231419],[27.925352,-26.231115],[27.925363,-26.231098],[27.925457,-26.230967],[27.925919,-26.230325]]}},{"type":"Feature","properties":{"id":"relation/4511533","name":"BRT T1: Thokoza Park => Ellis Park East","network":"Rea Vaya"},"geometry":{"type":"LineString","coordinates":[[27.925919,-26.230325],[27.926234,-26.229887]]}},{"type":"Feature","properties":{"id":"relation/4511533","name":"BRT T1: Thokoza Park => Ellis Park East","network":"Rea Vaya"},"geometry":{"type":"LineString","coordinates":[[27.926234,-26.229887],[27.92647,-26.229565],[27.926574,-26.229433],[27.926623,-26.229372],[27.926674,-26.229309],[27.926756,-26.229221],[27.926833,-26.229148]]}},{"type":"Feature","properties":{"id":"relation/4511533","name":"BRT T1: Thokoza Park => Ellis Park East","network":"Rea Vaya"},"geometry":{"type":"LineString","coordinates":[[27.927003,-26.229049],[27.927177,-26.228955],[27.927351,-26.22888],[27.927398,-26.228861],[27.927674,-26.228749],[27.928783,-26.228356],[27.928828,-26.228342],[27.929387,-26.228158],[27.929953,-26.227971],[27.930366,-26.227841],[27.930508,-26.227792]]}},{"type":"Feature","properties":{"id":"relation/4511533","name":"BRT T1: Thokoza Park => Ellis Park East","network":"Rea Vaya"},"geometry":{"type":"LineString","coordinates":[[27.930508,-26.227792],[27.930892,-26.22767],[27.931229,-26.227559]]}},{"type":"Feature","properties":{"id":"relation/4511533","name":"BRT T1: Thokoza Park => Ellis Park East","network":"Rea Vaya"},"geometry":{"type":"LineString","coordinates":[[27.931229,-26.227559],[27.931617,-26.227429],[27.931864,-26.227336],[27.931977,-26.227292]]}},{"type":"Feature","properties":{"id":"relation/4511533","name":"BRT T1: Thokoza Park => Ellis Park East","network":"Rea Vaya"},"geometry":{"type":"LineString","coordinates":[[27.931977,-26.227292],[27.932183,-26.227223]]}},{"type":"Feature","properties":{"id":"relation/4511533","name":"BRT T1: Thokoza Park => Ellis Park East","network":"Rea Vaya"},"geometry":{"type":"LineString","coordinates":[[27.932288,-26.227322],[27.932369,-26.227391],[27.93251,-26.227521],[27.93318,-26.228137],[27.933944,-26.228876],[27.936724,-26.231381],[27.93742,-26.232043]]}},{"type":"Feature","properties":{"id":"relation/4511533","name":"BRT T1: Thokoza Park => Ellis Park East","network":"Rea Vaya"},"geometry":{"type":"LineString","coordinates":[[27.93742,-26.232043],[27.937997,-26.232535]]}},{"type":"Feature","properties":{"id":"relation/4511533","name":"BRT T1: Thokoza Park => Ellis Park East","network":"Rea Vaya"},"geometry":{"type":"LineString","coordinates":[[27.937997,-26.232535],[27.938113,-26.232627],[27.938441,-26.232867],[27.93876,-26.233077]]}},{"type":"Feature","properties":{"id":"relation/4511533","name":"BRT T1: Thokoza Park => Ellis Park East","network":"Rea Vaya"},"geometry":{"type":"LineString","coordinates":[[27.918447,-26.240254],[27.918453,-26.240237],[27.918454,-26.240226],[27.918475,-26.240182],[27.918493,-26.240156],[27.918508,-26.240145],[27.918551,-26.240117],[27.9186,-26.240099],[27.918653,-26.240094]]}},{"type":"Feature","properties":{"id":"relation/4511533","name":"BRT T1: Thokoza Park => Ellis Park East","network":"Rea Vaya"},"geometry":{"type":"LineString","coordinates":[[27.922912,-26.23478],[27.922894,-26.234835],[27.922863,-26.234882],[27.922818,-26.234921]]}},{"type":"Feature","properties":{"id":"relation/4511533","name":"BRT T1: Thokoza Park => Ellis Park East","network":"Rea Vaya"},"geometry":{"type":"LineString","coordinates":[[27.922818,-26.234921],[27.922774,-26.234938],[27.922728,-26.234945],[27.92268,-26.234942],[27.922641,-26.234931],[27.922604,-26.234913],[27.922568,-26.234883],[27.922542,-26.234845]]}},{"type":"Feature","properties":{"id":"relation/4511533","name":"BRT T1: Thokoza Park => Ellis Park East","network":"Rea Vaya"},"geometry":{"type":"LineString","coordinates":[[27.922542,-26.234845],[27.922526,-26.234792],[27.922528,-26.234731],[27.922549,-26.234684],[27.922585,-26.234644],[27.922631,-26.234615],[27.922685,-26.234599],[27.922717,-26.234597]]}},{"type":"Feature","properties":{"id":"relation/4511533","name":"BRT T1: Thokoza Park => Ellis Park East","network":"Rea Vaya"},"geometry":{"type":"LineString","coordinates":[[27.922717,-26.234597],[27.922771,-26.234604],[27.922821,-26.234624],[27.922852,-26.234646],[27.922878,-26.234673],[27.922905,-26.234724],[27.922912,-26.23478]]}},{"type":"Feature","properties":{"id":"relation/4511533","name":"BRT T1: Thokoza Park => Ellis Park East","network":"Rea Vaya"},"geometry":{"type":"LineString","coordinates":[[27.925352,-26.231538],[27.925364,-26.231577],[27.925368,-26.231618],[27.925344,-26.231701],[27.925284,-26.231766],[27.925258,-26.231782],[27.92523,-26.231794],[27.925201,-26.231803],[27.92517,-26.231807]]}},{"type":"Feature","properties":{"id":"relation/4511533","name":"BRT T1: Thokoza Park => Ellis Park East","network":"Rea Vaya"},"geometry":{"type":"LineString","coordinates":[[27.92517,-26.231807],[27.925107,-26.231804],[27.925048,-26.231785],[27.925018,-26.231769],[27.924997,-26.231752],[27.924962,-26.231713],[27.924942,-26.231672],[27.924932,-26.231628]]}},{"type":"Feature","properties":{"id":"relation/4511533","name":"BRT T1: Thokoza Park => Ellis Park East","network":"Rea Vaya"},"geometry":{"type":"LineString","coordinates":[[27.924932,-26.231628],[27.924936,-26.23157],[27.924946,-26.231543],[27.924972,-26.231503],[27.925003,-26.231466],[27.925052,-26.231437],[27.925114,-26.231419]]}},{"type":"Feature","properties":{"id":"relation/4511533","name":"BRT T1: Thokoza Park => Ellis Park East","network":"Rea Vaya"},"geometry":{"type":"LineString","coordinates":[[27.925114,-26.231419],[27.92516,-26.231416],[27.925205,-26.231423],[27.925241,-26.231435],[27.925271,-26.231449],[27.925291,-26.231463],[27.925326,-26.231497],[27.925352,-26.231538]]}},{"type":"Feature","properties":{"id":"relation/4511533","name":"BRT T1: Thokoza Park => Ellis Park East","network":"Rea Vaya"},"geometry":{"type":"LineString","coordinates":[[27.926812,-26.229223],[27.926818,-26.229185],[27.926833,-26.229148],[27.926847,-26.229119],[27.926903,-26.229078],[27.926951,-26.229058],[27.927003,-26.229049]]}},{"type":"Feature","properties":{"id":"relation/4511533","name":"BRT T1: Thokoza Park => Ellis Park East","network":"Rea Vaya"},"geometry":{"type":"LineString","coordinates":[[27.927003,-26.229049],[27.927046,-26.229052],[27.927086,-26.229062],[27.927124,-26.22908],[27.927153,-26.229101],[27.927177,-26.229126],[27.927199,-26.229163],[27.927204,-26.229181]]}},{"type":"Feature","properties":{"id":"relation/4511533","name":"BRT T1: Thokoza Park => Ellis Park East","network":"Rea Vaya"},"geometry":{"type":"LineString","coordinates":[[27.927204,-26.229181],[27.927209,-26.229264],[27.927191,-26.22931],[27.927161,-26.22935],[27.927119,-26.229382],[27.927082,-26.229398],[27.927043,-26.229407],[27.927003,-26.229409],[27.92696,-26.229403]]}},{"type":"Feature","properties":{"id":"relation/4511533","name":"BRT T1: Thokoza Park => Ellis Park East","network":"Rea Vaya"},"geometry":{"type":"LineString","coordinates":[[27.92696,-26.229403],[27.926919,-26.229389],[27.926883,-26.229367],[27.926851,-26.229336],[27.926828,-26.2293],[27.926815,-26.229262],[27.926812,-26.229223]]}},{"type":"Feature","properties":{"id":"relation/4511598","name":"BRT T2: Thokoza Park => Braamfontein","network":"Rea Vaya"},"geometry":{"type":"LineString","coordinates":[[27.879064,-26.264875],[27.879122,-26.264851],[27.87917,-26.264821],[27.879244,-26.264761],[27.879318,-26.264695],[27.879447,-26.264566],[27.879634,-26.264449],[27.879867,-26.264332],[27.880063,-26.264242],[27.880678,-26.263982]]}},{"type":"Feature","properties":{"id":"relation/4511598","name":"BRT T2: Thokoza Park => Braamfontein","network":"Rea Vaya"},"geometry":{"type":"LineString","coordinates":[[27.880678,-26.263982],[27.880892,-26.263886],[27.881071,-26.263805]]}},{"type":"Feature","properties":{"id":"relation/4511598","name":"BRT T2: Thokoza Park => Braamfontein","network":"Rea Vaya"},"geometry":{"type":"LineString","coordinates":[[27.881071,-26.263805],[27.881425,-26.263658],[27.881581,-26.263609],[27.881813,-26.263554],[27.882335,-26.263423],[27.882428,-26.263403],[27.88282,-26.263326],[27.883505,-26.263242],[27.883954,-26.263191],[27.884229,-26.26316],[27.884315,-26.263151],[27.884412,-26.26314],[27.884466,-26.263133],[27.884521,-26.263119],[27.884564,-26.263103],[27.884624,-26.263078]]}},{"type":"Feature","properties":{"id":"relation/4511598","name":"BRT T2: Thokoza Park => Braamfontein","network":"Rea Vaya"},"geometry":{"type":"LineString","coordinates":[[27.884983,-26.262937],[27.885017,-26.262953],[27.885081,-26.262992],[27.885102,-26.263031],[27.885129,-26.263086],[27.885133,-26.263115],[27.885133,-26.263145],[27.88512,-26.263189],[27.885074,-26.263266],[27.885048,-26.263289],[27.885017,-26.263316],[27.88497,-26.263343]]}},{"type":"Feature","properties":{"id":"relation/4511598","name":"BRT T2: Thokoza Park => Braamfontein","network":"Rea Vaya"},"geometry":{"type":"LineString","coordinates":[[27.88497,-26.263343],[27.884906,-26.263364],[27.884857,-26.263371],[27.884819,-26.26337],[27.884789,-26.263364],[27.884744,-26.263343],[27.884719,-26.263332]]}},{"type":"Feature","properties":{"id":"relation/4511598","name":"BRT T2: Thokoza Park => Braamfontein","network":"Rea Vaya"},"geometry":{"type":"LineString","coordinates":[[27.884719,-26.263332],[27.884646,-26.26326],[27.884621,-26.263223],[27.88461,-26.263173],[27.884614,-26.263123],[27.884624,-26.263078],[27.884651,-26.26305],[27.884707,-26.262993],[27.884748,-26.262944]]}},{"type":"Feature","properties":{"id":"relation/4511598","name":"BRT T2: Thokoza Park => Braamfontein","network":"Rea Vaya"},"geometry":{"type":"LineString","coordinates":[[27.884748,-26.262944],[27.884808,-26.262924],[27.884845,-26.262916],[27.884872,-26.262914],[27.884893,-26.262916],[27.88493,-26.262924],[27.884983,-26.262937]]}},{"type":"Feature","properties":{"id":"relation/4511598","name":"BRT T2: Thokoza Park => Braamfontein","network":"Rea Vaya"},"geometry":{"type":"LineString","coordinates":[[27.885081,-26.262992],[27.88516,-26.263018],[27.885231,-26.263028],[27.885337,-26.26303],[27.885403,-26.263022],[27.885485,-26.262998],[27.885539,-26.262987],[27.885728,-26.262949],[27.886188,-26.262893],[27.887179,-26.262776],[27.887594,-26.262733],[27.888473,-26.262614]]}},{"type":"Feature","properties":{"id":"relation/4511598","name":"BRT T2: Thokoza Park => Braamfontein","network":"Rea Vaya"},"geometry":{"type":"LineString","coordinates":[[27.888473,-26.262614],[27.889381,-26.262456]]}},{"type":"Feature","properties":{"id":"relation/4511598","name":"BRT T2: Thokoza Park => Braamfontein","network":"Rea Vaya"},"geometry":{"type":"LineString","coordinates":[[27.889381,-26.262456],[27.889694,-26.262405]]}},{"type":"Feature","properties":{"id":"relation/4511598","name":"BRT T2: Thokoza Park => Braamfontein","network":"Rea Vaya"},"geometry":{"type":"LineString","coordinates":[[27.889694,-26.262405],[27.889761,-26.262364],[27.889852,-26.262315],[27.889878,-26.262294],[27.889931,-26.262253],[27.890016,-26.262151],[27.890067,-26.262067],[27.890128,-26.261969]]}},{"type":"Feature","properties":{"id":"relation/4511598","name":"BRT T2: Thokoza Park => Braamfontein","network":"Rea Vaya"},"geometry":{"type":"LineString","coordinates":[[27.89024,-26.262332],[27.890192,-26.262519]]}},{"type":"Feature","properties":{"id":"relation/4511598","name":"BRT T2: Thokoza Park => Braamfontein","network":"Rea Vaya"},"geometry":{"type":"LineString","coordinates":[[27.890282,-26.262228],[27.89024,-26.262332]]}},{"type":"Feature","properties":{"id":"relation/4511598","name":"BRT T2: Thokoza Park => Braamfontein","network":"Rea Vaya"},"geometry":{"type":"LineString","coordinates":[[27.893685,-26.255327],[27.893588,-26.255412],[27.893523,-26.255469],[27.893356,-26.255615],[27.893177,-26.255793],[27.892935,-26.256024],[27.892651,-26.256359],[27.892488,-26.256586],[27.892341,-26.256793],[27.892198,-26.25702],[27.892058,-26.257272],[27.891876,-26.25763],[27.891704,-26.258024],[27.891553,-26.258459],[27.891465,-26.25874],[27.891376,-26.259066],[27.891311,-26.259368],[27.891255,-26.259627],[27.891191,-26.259843],[27.890873,-26.260758],[27.890511,-26.261729],[27.890282,-26.262228]]}},{"type":"Feature","properties":{"id":"relation/4511598","name":"BRT T2: Thokoza Park => Braamfontein","network":"Rea Vaya"},"geometry":{"type":"LineString","coordinates":[[27.898388,-26.252991],[27.898311,-26.253014],[27.898223,-26.253039],[27.898144,-26.253064],[27.897955,-26.25314],[27.897863,-26.253194],[27.897638,-26.253306],[27.897381,-26.253426],[27.896707,-26.253714],[27.896561,-26.253776],[27.896302,-26.253876],[27.895847,-26.254028],[27.895641,-26.254102],[27.895417,-26.254193],[27.895084,-26.254356],[27.894781,-26.254523],[27.894466,-26.254716],[27.894185,-26.254895],[27.893964,-26.255046],[27.89394,-26.255074],[27.893925,-26.255101],[27.893914,-26.255139]]}},{"type":"Feature","properties":{"id":"relation/4511598","name":"BRT T2: Thokoza Park => Braamfontein","network":"Rea Vaya"},"geometry":{"type":"LineString","coordinates":[[27.910423,-26.245074],[27.910346,-26.245144],[27.910272,-26.24521],[27.910247,-26.245238],[27.910229,-26.245264],[27.910197,-26.245309],[27.910116,-26.245432],[27.910045,-26.245546],[27.909896,-26.24575],[27.909758,-26.245933],[27.909525,-26.24619],[27.909396,-26.246323],[27.909128,-26.24656],[27.908864,-26.246759],[27.908664,-26.246898],[27.908507,-26.246993],[27.90826,-26.247133],[27.908137,-26.247191],[27.907965,-26.247274],[27.907738,-26.247371],[27.90754,-26.247444],[27.907335,-26.24751],[27.907096,-26.247576],[27.906884,-26.24763],[27.9064,-26.247753],[27.905615,-26.247949],[27.905139,-26.248071],[27.904525,-26.248223],[27.903924,-26.248373],[27.903416,-26.248503],[27.903054,-26.24862],[27.902766,-26.248732],[27.90252,-26.248846],[27.902259,-26.248983],[27.902045,-26.249112],[27.901906,-26.249205],[27.901726,-26.249332],[27.901551,-26.249472],[27.901422,-26.249581],[27.901235,-26.249753],[27.901065,-26.249933],[27.900889,-26.250138],[27.900699,-26.250394],[27.900534,-26.250627],[27.900377,-26.250846],[27.900215,-26.251077],[27.900089,-26.251249],[27.899905,-26.251509],[27.899779,-26.251679],[27.899655,-26.251829],[27.899387,-26.252111],[27.899153,-26.252345],[27.899078,-26.252415],[27.898969,-26.252521],[27.898784,-26.252684],[27.898685,-26.252786]]}},{"type":"Feature","properties":{"id":"relation/4511598","name":"BRT T2: Thokoza Park => Braamfontein","network":"Rea Vaya"},"geometry":{"type":"LineString","coordinates":[[27.910227,-26.244661],[27.910277,-26.244606],[27.910342,-26.244541],[27.910387,-26.244487],[27.910426,-26.244424],[27.910454,-26.244373],[27.910473,-26.244323],[27.910482,-26.244299],[27.910602,-26.243777],[27.910645,-26.243524],[27.910698,-26.243213],[27.910759,-26.242918],[27.910799,-26.242761],[27.910854,-26.242603],[27.910958,-26.242365],[27.911095,-26.242128],[27.911251,-26.241901],[27.911426,-26.241682],[27.91174,-26.241335]]}},{"type":"Feature","properties":{"id":"relation/4511598","name":"BRT T2: Thokoza Park => Braamfontein","network":"Rea Vaya"},"geometry":{"type":"LineString","coordinates":[[27.91174,-26.241335],[27.912223,-26.240899],[27.91225,-26.240873]]}},{"type":"Feature","properties":{"id":"relation/4511598","name":"BRT T2: Thokoza Park => Braamfontein","network":"Rea Vaya"},"geometry":{"type":"LineString","coordinates":[[27.91225,-26.240873],[27.912385,-26.240766],[27.912424,-26.240735]]}},{"type":"Feature","properties":{"id":"relation/4511598","name":"BRT T2: Thokoza Park => Braamfontein","network":"Rea Vaya"},"geometry":{"type":"LineString","coordinates":[[27.912424,-26.240735],[27.912492,-26.240868]]}},{"type":"Feature","properties":{"id":"relation/4511598","name":"BRT T2: Thokoza Park => Braamfontein","network":"Rea Vaya"},"geometry":{"type":"LineString","coordinates":[[27.912492,-26.240868],[27.912514,-26.240926],[27.912559,-26.241051],[27.9126,-26.241185],[27.912685,-26.241414],[27.912804,-26.241738],[27.912855,-26.241879],[27.91292,-26.242006],[27.912975,-26.242106],[27.913045,-26.242198],[27.913162,-26.24232],[27.91325,-26.242391],[27.913358,-26.242467],[27.913518,-26.242566]]}},{"type":"Feature","properties":{"id":"relation/4511598","name":"BRT T2: Thokoza Park => Braamfontein","network":"Rea Vaya"},"geometry":{"type":"LineString","coordinates":[[27.913518,-26.242566],[27.913626,-26.24263],[27.913773,-26.242725]]}},{"type":"Feature","properties":{"id":"relation/4511598","name":"BRT T2: Thokoza Park => Braamfontein","network":"Rea Vaya"},"geometry":{"type":"LineString","coordinates":[[27.913773,-26.242725],[27.914137,-26.242943]]}},{"type":"Feature","properties":{"id":"relation/4511598","name":"BRT T2: Thokoza Park => Braamfontein","network":"Rea Vaya"},"geometry":{"type":"LineString","coordinates":[[27.914137,-26.242943],[27.914192,-26.242977]]}},{"type":"Feature","properties":{"id":"relation/4511598","name":"BRT T2: Thokoza Park => Braamfontein","network":"Rea Vaya"},"geometry":{"type":"LineString","coordinates":[[27.914192,-26.242977],[27.914268,-26.242882],[27.914435,-26.242679],[27.914526,-26.242578],[27.914633,-26.242479],[27.914743,-26.242402],[27.914916,-26.24229],[27.915342,-26.242041],[27.91594,-26.241693],[27.916101,-26.24161],[27.916249,-26.24155],[27.916299,-26.241529],[27.916414,-26.241483],[27.916521,-26.241438],[27.916613,-26.241393],[27.9167,-26.241342],[27.917505,-26.240863],[27.917699,-26.240742],[27.917953,-26.240597],[27.918056,-26.240536]]}},{"type":"Feature","properties":{"id":"relation/4511598","name":"BRT T2: Thokoza Park => Braamfontein","network":"Rea Vaya"},"geometry":{"type":"LineString","coordinates":[[27.918056,-26.240536],[27.918144,-26.240495],[27.918247,-26.240439],[27.918326,-26.240396],[27.918453,-26.24032]]}},{"type":"Feature","properties":{"id":"relation/4511598","name":"BRT T2: Thokoza Park => Braamfontein","network":"Rea Vaya"},"geometry":{"type":"LineString","coordinates":[[27.918564,-26.240444],[27.918514,-26.240411],[27.918503,-26.2404],[27.918488,-26.240384],[27.918475,-26.240368],[27.918453,-26.24032],[27.918446,-26.240292],[27.918447,-26.240254]]}},{"type":"Feature","properties":{"id":"relation/4511598","name":"BRT T2: Thokoza Park => Braamfontein","network":"Rea Vaya"},"geometry":{"type":"LineString","coordinates":[[27.918847,-26.240247],[27.918849,-26.240285],[27.918842,-26.240323],[27.918814,-26.240377],[27.918741,-26.24043],[27.918668,-26.240447],[27.918606,-26.240447],[27.918564,-26.240444]]}},{"type":"Feature","properties":{"id":"relation/4511598","name":"BRT T2: Thokoza Park => Braamfontein","network":"Rea Vaya"},"geometry":{"type":"LineString","coordinates":[[27.918653,-26.240094],[27.918693,-26.240099],[27.918732,-26.240111],[27.918768,-26.240129],[27.91879,-26.240147],[27.91881,-26.240167],[27.918826,-26.24019],[27.918839,-26.240218],[27.918847,-26.240247]]}},{"type":"Feature","properties":{"id":"relation/4511598","name":"BRT T2: Thokoza Park => Braamfontein","network":"Rea Vaya"},"geometry":{"type":"LineString","coordinates":[[27.918653,-26.240094],[27.9187,-26.240051],[27.918833,-26.23993],[27.918858,-26.239906],[27.918974,-26.239736],[27.919594,-26.238849],[27.919966,-26.238315],[27.920026,-26.238228],[27.920216,-26.237981],[27.920383,-26.237763],[27.921747,-26.235984],[27.92217,-26.235421],[27.922317,-26.235235],[27.922519,-26.234941],[27.922538,-26.234892],[27.922542,-26.234845]]}},{"type":"Feature","properties":{"id":"relation/4511598","name":"BRT T2: Thokoza Park => Braamfontein","network":"Rea Vaya"},"geometry":{"type":"LineString","coordinates":[[27.922717,-26.234597],[27.9228,-26.234527],[27.922842,-26.234492],[27.922908,-26.23441],[27.923616,-26.233388],[27.924789,-26.231818],[27.924932,-26.231628]]}},{"type":"Feature","properties":{"id":"relation/4511598","name":"BRT T2: Thokoza Park => Braamfontein","network":"Rea Vaya"},"geometry":{"type":"LineString","coordinates":[[27.925114,-26.231419],[27.925352,-26.231115],[27.925363,-26.231098],[27.925457,-26.230967],[27.925919,-26.230325]]}},{"type":"Feature","properties":{"id":"relation/4511598","name":"BRT T2: Thokoza Park => Braamfontein","network":"Rea Vaya"},"geometry":{"type":"LineString","coordinates":[[27.925919,-26.230325],[27.926234,-26.229887]]}},{"type":"Feature","properties":{"id":"relation/4511598","name":"BRT T2: Thokoza Park => Braamfontein","network":"Rea Vaya"},"geometry":{"type":"LineString","coordinates":[[27.926234,-26.229887],[27.92647,-26.229565],[27.926574,-26.229433],[27.926623,-26.229372],[27.926674,-26.229309],[27.926756,-26.229221],[27.926833,-26.229148]]}},{"type":"Feature","properties":{"id":"relation/4511598","name":"BRT T2: Thokoza Park => Braamfontein","network":"Rea Vaya"},"geometry":{"type":"LineString","coordinates":[[27.927003,-26.229049],[27.927177,-26.228955],[27.927351,-26.22888],[27.927398,-26.228861],[27.927674,-26.228749],[27.928783,-26.228356],[27.928828,-26.228342],[27.929387,-26.228158],[27.929953,-26.227971],[27.930366,-26.227841],[27.930508,-26.227792]]}},{"type":"Feature","properties":{"id":"relation/4511598","name":"BRT T2: Thokoza Park => Braamfontein","network":"Rea Vaya"},"geometry":{"type":"LineString","coordinates":[[27.930508,-26.227792],[27.930892,-26.22767],[27.931229,-26.227559]]}},{"type":"Feature","properties":{"id":"relation/4511598","name":"BRT T2: Thokoza Park => Braamfontein","network":"Rea Vaya"},"geometry":{"type":"LineString","coordinates":[[27.931229,-26.227559],[27.931617,-26.227429],[27.931864,-26.227336],[27.931977,-26.227292]]}},{"type":"Feature","properties":{"id":"relation/4511598","name":"BRT T2: Thokoza Park => Braamfontein","network":"Rea Vaya"},"geometry":{"type":"LineString","coordinates":[[27.931977,-26.227292],[27.932183,-26.227223]]}},{"type":"Feature","properties":{"id":"relation/4511598","name":"BRT T2: Thokoza Park => Braamfontein","network":"Rea Vaya"},"geometry":{"type":"LineString","coordinates":[[27.932288,-26.227322],[27.932369,-26.227391],[27.93251,-26.227521],[27.93318,-26.228137],[27.933944,-26.228876],[27.936724,-26.231381],[27.93742,-26.232043]]}},{"type":"Feature","properties":{"id":"relation/4511598","name":"BRT T2: Thokoza Park => Braamfontein","network":"Rea Vaya"},"geometry":{"type":"LineString","coordinates":[[27.93742,-26.232043],[27.937997,-26.232535]]}},{"type":"Feature","properties":{"id":"relation/4511598","name":"BRT T2: Thokoza Park => Braamfontein","network":"Rea Vaya"},"geometry":{"type":"LineString","coordinates":[[27.937997,-26.232535],[27.938113,-26.232627],[27.938441,-26.232867],[27.93876,-26.233077]]}},{"type":"Feature","properties":{"id":"relation/4511598","name":"BRT T2: Thokoza Park => Braamfontein","network":"Rea Vaya"},"geometry":{"type":"LineString","coordinates":[[27.93876,-26.233077],[27.938893,-26.233159],[27.939403,-26.23344],[27.939738,-26.233601],[27.940126,-26.233755],[27.94052,-26.2339],[27.940781,-26.23398],[27.94133,-26.234111],[27.941679,-26.234179],[27.942126,-26.234243],[27.942448,-26.234277],[27.943003,-26.234293],[27.943579,-26.23428],[27.943854,-26.234263],[27.944291,-26.23421],[27.944758,-26.234132],[27.94926,-26.233314],[27.949364,-26.233295],[27.949887,-26.233203],[27.950056,-26.233174],[27.950325,-26.233138],[27.95041,-26.233127],[27.950732,-26.233097],[27.950921,-26.233092],[27.951092,-26.233091],[27.951377,-26.233091],[27.951798,-26.233109],[27.952093,-26.233138],[27.952478,-26.233205],[27.953088,-26.233313],[27.953213,-26.233337],[27.953353,-26.23336],[27.953461,-26.233378],[27.953768,-26.233426],[27.954086,-26.233455],[27.95442,-26.233479],[27.954671,-26.233488],[27.954895,-26.233482],[27.955059,-26.23347],[27.955252,-26.233442],[27.955575,-26.233378],[27.955763,-26.233334],[27.956177,-26.233213],[27.956447,-26.233108],[27.956884,-26.232895],[27.95725,-26.232686],[27.958217,-26.232121],[27.958491,-26.231967],[27.958742,-26.231849],[27.958991,-26.231756],[27.959241,-26.231669],[27.959487,-26.231593],[27.959691,-26.23154],[27.959866,-26.231499],[27.95998,-26.231481],[27.960109,-26.231462],[27.960188,-26.231451]]}},{"type":"Feature","properties":{"id":"relation/4511598","name":"BRT T2: Thokoza Park => Braamfontein","network":"Rea Vaya"},"geometry":{"type":"LineString","coordinates":[[27.960188,-26.231451],[27.960453,-26.231418],[27.96065,-26.231404],[27.960952,-26.231396],[27.961228,-26.231401]]}},{"type":"Feature","properties":{"id":"relation/4511598","name":"BRT T2: Thokoza Park => Braamfontein","network":"Rea Vaya"},"geometry":{"type":"LineString","coordinates":[[27.961228,-26.231401],[27.961424,-26.23141],[27.961762,-26.231445],[27.961978,-26.231472],[27.962224,-26.231516],[27.962516,-26.231588],[27.963039,-26.231734],[27.963689,-26.231913],[27.964693,-26.232213],[27.966001,-26.232573],[27.966594,-26.232741],[27.967761,-26.233064],[27.969413,-26.233528],[27.970343,-26.233775],[27.971079,-26.233954],[27.971562,-26.234017],[27.972031,-26.234029],[27.972458,-26.23402],[27.97301,-26.233966],[27.97349,-26.233848],[27.974035,-26.233681]]}},{"type":"Feature","properties":{"id":"relation/4511598","name":"BRT T2: Thokoza Park => Braamfontein","network":"Rea Vaya"},"geometry":{"type":"LineString","coordinates":[[27.974035,-26.233681],[27.974889,-26.233388],[27.975183,-26.233286],[27.975348,-26.233227]]}},{"type":"Feature","properties":{"id":"relation/4511598","name":"BRT T2: Thokoza Park => Braamfontein","network":"Rea Vaya"},"geometry":{"type":"LineString","coordinates":[[27.975348,-26.233227],[27.976166,-26.23291],[27.97714,-26.232553],[27.977747,-26.232341],[27.978365,-26.232153],[27.978991,-26.231972]]}},{"type":"Feature","properties":{"id":"relation/4511598","name":"BRT T2: Thokoza Park => Braamfontein","network":"Rea Vaya"},"geometry":{"type":"LineString","coordinates":[[27.978991,-26.231972],[27.979405,-26.231871]]}},{"type":"Feature","properties":{"id":"relation/4511598","name":"BRT T2: Thokoza Park => Braamfontein","network":"Rea Vaya"},"geometry":{"type":"LineString","coordinates":[[27.979405,-26.231871],[27.981439,-26.231425],[27.98212,-26.231329],[27.983727,-26.231133],[27.984521,-26.23104]]}},{"type":"Feature","properties":{"id":"relation/4511598","name":"BRT T2: Thokoza Park => Braamfontein","network":"Rea Vaya"},"geometry":{"type":"LineString","coordinates":[[27.984521,-26.23104],[27.985363,-26.230924]]}},{"type":"Feature","properties":{"id":"relation/4511598","name":"BRT T2: Thokoza Park => Braamfontein","network":"Rea Vaya"},"geometry":{"type":"LineString","coordinates":[[27.985363,-26.230924],[27.987016,-26.230696],[27.989612,-26.230339],[27.990873,-26.230184],[27.99195,-26.230072],[27.992628,-26.229983],[27.992963,-26.229938],[27.9932,-26.229907]]}},{"type":"Feature","properties":{"id":"relation/4511598","name":"BRT T2: Thokoza Park => Braamfontein","network":"Rea Vaya"},"geometry":{"type":"LineString","coordinates":[[27.9932,-26.229907],[27.994798,-26.229701]]}},{"type":"Feature","properties":{"id":"relation/4511598","name":"BRT T2: Thokoza Park => Braamfontein","network":"Rea Vaya"},"geometry":{"type":"LineString","coordinates":[[27.994798,-26.229701],[27.995547,-26.229601],[27.996244,-26.22951],[27.99687,-26.229427],[27.997436,-26.229356],[27.998059,-26.229272],[27.998598,-26.229204],[27.9992,-26.229124],[28.000191,-26.228994],[28.000624,-26.228939],[28.001219,-26.22886],[28.001821,-26.228783],[28.002366,-26.228712],[28.002666,-26.228674]]}},{"type":"Feature","properties":{"id":"relation/4511598","name":"BRT T2: Thokoza Park => Braamfontein","network":"Rea Vaya"},"geometry":{"type":"LineString","coordinates":[[28.002666,-26.228674],[28.003011,-26.228633]]}},{"type":"Feature","properties":{"id":"relation/4511598","name":"BRT T2: Thokoza Park => Braamfontein","network":"Rea Vaya"},"geometry":{"type":"LineString","coordinates":[[28.003011,-26.228633],[28.003296,-26.228612],[28.003568,-26.228602],[28.004051,-26.228604],[28.004379,-26.228626],[28.004847,-26.228677],[28.005285,-26.22875],[28.005976,-26.228899],[28.006392,-26.228999],[28.007187,-26.229171],[28.008594,-26.229483],[28.008872,-26.22952],[28.009111,-26.229545],[28.009501,-26.229574],[28.009859,-26.229594],[28.010301,-26.2296],[28.010739,-26.229587],[28.011268,-26.229555],[28.011755,-26.229516],[28.012226,-26.229486],[28.012712,-26.229461]]}},{"type":"Feature","properties":{"id":"relation/4511598","name":"BRT T2: Thokoza Park => Braamfontein","network":"Rea Vaya"},"geometry":{"type":"LineString","coordinates":[[27.932211,-26.227347],[27.932299,-26.227425],[27.932673,-26.227761],[27.933116,-26.228179],[27.933784,-26.228787],[27.934096,-26.229075],[27.934223,-26.229213],[27.934446,-26.22947],[27.934535,-26.229571],[27.934659,-26.229685],[27.93491,-26.229916],[27.935245,-26.230218],[27.935381,-26.230325],[27.935539,-26.230451],[27.935715,-26.230586],[27.935865,-26.230705],[27.93612,-26.230935],[27.936582,-26.231356],[27.936982,-26.231713],[27.937793,-26.232451],[27.938009,-26.232655],[27.938099,-26.232733],[27.938212,-26.232813],[27.93857,-26.233053],[27.938715,-26.233137],[27.938853,-26.23321],[27.939097,-26.233348],[27.939407,-26.233507],[27.939656,-26.233623],[27.939864,-26.233715],[27.940181,-26.233834],[27.940431,-26.233923],[27.940729,-26.234016],[27.941013,-26.234093],[27.941365,-26.234172],[27.94161,-26.234218],[27.941999,-26.234275],[27.942388,-26.234319],[27.942788,-26.23434],[27.943032,-26.234342],[27.943403,-26.234342],[27.943783,-26.234316],[27.943855,-26.234309],[27.944158,-26.234281],[27.944495,-26.234231],[27.945105,-26.234118],[27.945845,-26.233982],[27.946453,-26.233875],[27.947531,-26.233675],[27.948281,-26.233537],[27.949269,-26.233351],[27.949373,-26.233332],[27.95012,-26.233205],[27.950483,-26.233164],[27.950738,-26.233144],[27.95096,-26.233137],[27.951286,-26.233141],[27.951637,-26.233147],[27.951941,-26.233164],[27.952179,-26.23319],[27.952575,-26.233267],[27.953073,-26.233361],[27.953191,-26.233384],[27.953331,-26.233408],[27.953455,-26.23343],[27.953787,-26.233475],[27.954068,-26.233503],[27.954466,-26.233539],[27.954708,-26.233544],[27.954875,-26.233543],[27.955048,-26.233527],[27.955236,-26.233498],[27.955455,-26.233462],[27.955659,-26.233418],[27.955951,-26.233342],[27.956312,-26.233218],[27.956564,-26.233115],[27.956825,-26.232993],[27.957112,-26.232837],[27.957287,-26.232729],[27.958005,-26.232309],[27.958387,-26.232093],[27.958611,-26.231981],[27.958828,-26.231887],[27.95905,-26.231794],[27.959347,-26.231697],[27.959705,-26.231595],[27.959974,-26.231538],[27.960203,-26.231499]]}},{"type":"Feature","properties":{"id":"relation/4511598","name":"BRT T2: Thokoza Park => Braamfontein","network":"Rea Vaya"},"geometry":{"type":"LineString","coordinates":[[27.960203,-26.231499],[27.960518,-26.23146],[27.960689,-26.231448],[27.960863,-26.231442],[27.961227,-26.231442]]}},{"type":"Feature","properties":{"id":"relation/4511598","name":"BRT T2: Thokoza Park => Braamfontein","network":"Rea Vaya"},"geometry":{"type":"LineString","coordinates":[[27.961227,-26.231442],[27.961492,-26.231456],[27.961597,-26.231465],[27.961835,-26.231492],[27.962117,-26.231544],[27.962382,-26.231605],[27.962725,-26.231701],[27.963245,-26.231841],[27.964951,-26.232316],[27.96603,-26.23267],[27.967054,-26.232959],[27.968708,-26.233408],[27.969744,-26.233705],[27.970615,-26.233943],[27.970923,-26.234014],[27.971243,-26.234075],[27.971511,-26.234106],[27.971796,-26.234129],[27.972137,-26.234136],[27.972392,-26.234129],[27.972667,-26.234104],[27.972945,-26.234066],[27.973185,-26.234021],[27.973441,-26.233965],[27.973878,-26.233844],[27.974196,-26.233754],[27.974579,-26.233621],[27.975181,-26.233402],[27.975349,-26.233338],[27.976096,-26.233054],[27.97678,-26.232788],[27.977282,-26.232595],[27.977618,-26.232478],[27.978156,-26.232303],[27.978717,-26.232136],[27.979019,-26.232054]]}},{"type":"Feature","properties":{"id":"relation/4511598","name":"BRT T2: Thokoza Park => Braamfontein","network":"Rea Vaya"},"geometry":{"type":"LineString","coordinates":[[27.979019,-26.232054],[27.979321,-26.231971],[27.979431,-26.231944]]}},{"type":"Feature","properties":{"id":"relation/4511598","name":"BRT T2: Thokoza Park => Braamfontein","network":"Rea Vaya"},"geometry":{"type":"LineString","coordinates":[[27.979431,-26.231944],[27.98002,-26.2318],[27.980589,-26.231685],[27.98125,-26.231534],[27.981746,-26.23143],[27.983417,-26.23122],[27.983947,-26.231158],[27.984529,-26.231114],[27.984541,-26.231113]]}},{"type":"Feature","properties":{"id":"relation/4511598","name":"BRT T2: Thokoza Park => Braamfontein","network":"Rea Vaya"},"geometry":{"type":"LineString","coordinates":[[27.984541,-26.231113],[27.985386,-26.231003]]}},{"type":"Feature","properties":{"id":"relation/4511598","name":"BRT T2: Thokoza Park => Braamfontein","network":"Rea Vaya"},"geometry":{"type":"LineString","coordinates":[[27.985386,-26.231003],[27.986078,-26.230914],[27.991025,-26.230263],[27.998652,-26.229268],[28.00236,-26.228777],[28.002662,-26.228734]]}},{"type":"Feature","properties":{"id":"relation/4511598","name":"BRT T2: Thokoza Park => Braamfontein","network":"Rea Vaya"},"geometry":{"type":"LineString","coordinates":[[28.002662,-26.228734],[28.002693,-26.228729],[28.002913,-26.228705],[28.003009,-26.228696]]}},{"type":"Feature","properties":{"id":"relation/4511598","name":"BRT T2: Thokoza Park => Braamfontein","network":"Rea Vaya"},"geometry":{"type":"LineString","coordinates":[[28.003009,-26.228696],[28.003202,-26.228678],[28.003538,-26.228662],[28.003858,-26.228662],[28.004169,-26.22867],[28.004563,-26.228703],[28.0048,-26.228734],[28.005148,-26.228788],[28.005545,-26.228874],[28.006941,-26.229191],[28.008185,-26.229463],[28.008634,-26.229549],[28.009107,-26.229603],[28.009854,-26.229654],[28.010338,-26.229666],[28.011377,-26.229607],[28.012209,-26.22956],[28.014013,-26.229421],[28.014577,-26.229376],[28.014682,-26.229367],[28.014834,-26.229339],[28.014955,-26.229315],[28.015124,-26.229266],[28.015413,-26.229165],[28.01606,-26.228947],[28.016237,-26.228905],[28.016356,-26.228885],[28.016504,-26.22887],[28.016653,-26.228863],[28.016822,-26.228869],[28.016975,-26.228881],[28.017248,-26.22893],[28.01744,-26.228983],[28.017734,-26.229059],[28.017958,-26.229117],[28.018098,-26.229156],[28.01826,-26.229192],[28.018393,-26.229214],[28.018488,-26.229227],[28.018598,-26.229237],[28.018709,-26.229244],[28.018823,-26.229248],[28.019055,-26.229246],[28.019196,-26.229241],[28.019274,-26.229229],[28.019399,-26.229212],[28.019596,-26.229174],[28.01973,-26.229137],[28.019779,-26.229125],[28.019849,-26.229109],[28.019965,-26.229088],[28.0201,-26.22907],[28.020235,-26.22905],[28.020429,-26.229018],[28.020555,-26.228988],[28.020655,-26.228958],[28.020731,-26.228931],[28.020807,-26.228898],[28.020909,-26.228842],[28.021046,-26.228757],[28.02123,-26.22865],[28.021482,-26.228486],[28.02164,-26.228371],[28.021749,-26.228271],[28.021827,-26.228182],[28.021881,-26.228109],[28.021925,-26.228039],[28.021947,-26.228001],[28.02197,-26.227967],[28.022008,-26.227921]]}},{"type":"Feature","properties":{"id":"relation/4511598","name":"BRT T2: Thokoza Park => Braamfontein","network":"Rea Vaya"},"geometry":{"type":"LineString","coordinates":[[28.022008,-26.227921],[28.022046,-26.227797],[28.022056,-26.227751],[28.022067,-26.227684],[28.022074,-26.227631],[28.022079,-26.227573],[28.022082,-26.227518],[28.022082,-26.227339],[28.022079,-26.22721],[28.022078,-26.227046],[28.022084,-26.226903],[28.022087,-26.226882],[28.022092,-26.226839],[28.022113,-26.226684]]}},{"type":"Feature","properties":{"id":"relation/4511598","name":"BRT T2: Thokoza Park => Braamfontein","network":"Rea Vaya"},"geometry":{"type":"LineString","coordinates":[[28.022113,-26.226684],[28.02214,-26.226526]]}},{"type":"Feature","properties":{"id":"relation/4511598","name":"BRT T2: Thokoza Park => Braamfontein","network":"Rea Vaya"},"geometry":{"type":"LineString","coordinates":[[28.02214,-26.226526],[28.022198,-26.22616],[28.022314,-26.225451],[28.022329,-26.225338],[28.022364,-26.225147],[28.022465,-26.224523],[28.022501,-26.224294],[28.022522,-26.224193],[28.022551,-26.224095],[28.022581,-26.224021],[28.022622,-26.223944],[28.02267,-26.223868],[28.022724,-26.223796],[28.022809,-26.223705],[28.022918,-26.223607],[28.023081,-26.223497],[28.023445,-26.223261],[28.02392,-26.222955],[28.024116,-26.222831],[28.024236,-26.222747],[28.024335,-26.222665],[28.024413,-26.222589],[28.024493,-26.222493],[28.024571,-26.222379],[28.024624,-26.22228],[28.024689,-26.222117],[28.024743,-26.221944],[28.024881,-26.221514],[28.02503,-26.221034],[28.025071,-26.220898],[28.025088,-26.220784],[28.025092,-26.22069],[28.025085,-26.220598],[28.025062,-26.220485],[28.025022,-26.220338],[28.024988,-26.220266],[28.02495,-26.220213],[28.024904,-26.220159],[28.02487,-26.220112],[28.024852,-26.220078],[28.024844,-26.220048],[28.024844,-26.220024],[28.024849,-26.219992],[28.024858,-26.219974],[28.024877,-26.219947],[28.024902,-26.219928],[28.024951,-26.219903],[28.025031,-26.219878],[28.025115,-26.219861],[28.025306,-26.219844],[28.025647,-26.219827],[28.02592,-26.219808],[28.02605,-26.219789],[28.026176,-26.219758],[28.026299,-26.219719],[28.026427,-26.219666],[28.02657,-26.219597],[28.026694,-26.219517],[28.026812,-26.219425],[28.026906,-26.219333],[28.026988,-26.21925],[28.027059,-26.219158],[28.027137,-26.21903],[28.027311,-26.218726],[28.027531,-26.218352],[28.02775,-26.21798],[28.027896,-26.217711],[28.028007,-26.217482],[28.028158,-26.217133],[28.028263,-26.216877],[28.028369,-26.216591],[28.028595,-26.216002],[28.02874,-26.215641],[28.02882,-26.215424],[28.028896,-26.215284],[28.028943,-26.215228],[28.029008,-26.215155],[28.029081,-26.215089],[28.029153,-26.215042],[28.029292,-26.21497],[28.02942,-26.21492],[28.029575,-26.214869],[28.029909,-26.214775]]}},{"type":"Feature","properties":{"id":"relation/4511598","name":"BRT T2: Thokoza Park => Braamfontein","network":"Rea Vaya"},"geometry":{"type":"LineString","coordinates":[[28.030279,-26.214005],[28.030096,-26.213791],[28.030044,-26.213728],[28.030002,-26.213657],[28.029976,-26.213581],[28.029969,-26.213532],[28.029971,-26.213457],[28.029986,-26.213389],[28.030016,-26.21333],[28.030057,-26.213267],[28.03013,-26.213201],[28.03024,-26.213139],[28.030485,-26.213035],[28.030718,-26.212935],[28.031062,-26.212785],[28.031384,-26.212645],[28.031603,-26.212543],[28.031823,-26.212441],[28.032065,-26.212309],[28.032214,-26.212217],[28.032343,-26.212127],[28.032519,-26.211996],[28.032617,-26.211922],[28.032862,-26.211739]]}},{"type":"Feature","properties":{"id":"relation/4511598","name":"BRT T2: Thokoza Park => Braamfontein","network":"Rea Vaya"},"geometry":{"type":"LineString","coordinates":[[28.032862,-26.211739],[28.03292,-26.211654],[28.032977,-26.211579],[28.033068,-26.211466],[28.033194,-26.211323],[28.033368,-26.211146],[28.033596,-26.210941],[28.033763,-26.210786],[28.034093,-26.210491],[28.034255,-26.210343],[28.034325,-26.210273],[28.034374,-26.210204],[28.034416,-26.210129],[28.034437,-26.21005],[28.034448,-26.209973],[28.034449,-26.209921],[28.034437,-26.209836],[28.03441,-26.209746],[28.034349,-26.209584],[28.034266,-26.209361],[28.034227,-26.20924],[28.034213,-26.209164],[28.0342,-26.209088],[28.034187,-26.208986]]}},{"type":"Feature","properties":{"id":"relation/4511598","name":"BRT T2: Thokoza Park => Braamfontein","network":"Rea Vaya"},"geometry":{"type":"LineString","coordinates":[[28.034261,-26.208975],[28.034322,-26.20914],[28.03441,-26.209394],[28.034488,-26.20961],[28.034548,-26.209778],[28.034572,-26.209886],[28.034577,-26.209966],[28.034567,-26.210065],[28.034543,-26.210157],[28.034514,-26.210237],[28.034467,-26.210311],[28.034396,-26.210395],[28.034266,-26.210524],[28.033969,-26.210789],[28.033903,-26.210844],[28.03386,-26.210884],[28.033699,-26.211025],[28.03323,-26.21145],[28.033144,-26.211522],[28.033026,-26.21162],[28.032949,-26.211678],[28.032862,-26.211739]]}},{"type":"Feature","properties":{"id":"relation/4511598","name":"BRT T2: Thokoza Park => Braamfontein","network":"Rea Vaya"},"geometry":{"type":"LineString","coordinates":[[28.034187,-26.208986],[28.034178,-26.208893],[28.034169,-26.208802],[28.034162,-26.208734],[28.03416,-26.20867]]}},{"type":"Feature","properties":{"id":"relation/4511598","name":"BRT T2: Thokoza Park => Braamfontein","network":"Rea Vaya"},"geometry":{"type":"LineString","coordinates":[[28.03416,-26.20867],[28.03419,-26.208734],[28.034215,-26.208821],[28.034261,-26.208975]]}},{"type":"Feature","properties":{"id":"relation/4511598","name":"BRT T2: Thokoza Park => Braamfontein","network":"Rea Vaya"},"geometry":{"type":"LineString","coordinates":[[28.03416,-26.20867],[28.034118,-26.208433],[28.033894,-26.206983],[28.033819,-26.206418]]}},{"type":"Feature","properties":{"id":"relation/4511598","name":"BRT T2: Thokoza Park => Braamfontein","network":"Rea Vaya"},"geometry":{"type":"LineString","coordinates":[[28.033695,-26.205655],[28.033734,-26.205763],[28.033808,-26.20627],[28.033819,-26.206418]]}},{"type":"Feature","properties":{"id":"relation/4511598","name":"BRT T2: Thokoza Park => Braamfontein","network":"Rea Vaya"},"geometry":{"type":"LineString","coordinates":[[28.035346,-26.205469],[28.035717,-26.205424],[28.036074,-26.205387],[28.036919,-26.205287],[28.03736,-26.205233],[28.038025,-26.205152],[28.03882,-26.20506],[28.039622,-26.204961],[28.04045,-26.204868]]}},{"type":"Feature","properties":{"id":"relation/4511598","name":"BRT T2: Thokoza Park => Braamfontein","network":"Rea Vaya"},"geometry":{"type":"LineString","coordinates":[[28.04045,-26.204868],[28.040614,-26.204845],[28.04124,-26.204765],[28.042114,-26.204677]]}},{"type":"Feature","properties":{"id":"relation/4511598","name":"BRT T2: Thokoza Park => Braamfontein","network":"Rea Vaya"},"geometry":{"type":"LineString","coordinates":[[28.042114,-26.204677],[28.042072,-26.204297],[28.042011,-26.203961]]}},{"type":"Feature","properties":{"id":"relation/4511598","name":"BRT T2: Thokoza Park => Braamfontein","network":"Rea Vaya"},"geometry":{"type":"LineString","coordinates":[[28.042011,-26.203961],[28.041898,-26.203203],[28.041799,-26.20246],[28.041698,-26.20167],[28.04159,-26.200895],[28.041496,-26.200131],[28.041391,-26.199372],[28.041293,-26.198701]]}},{"type":"Feature","properties":{"id":"relation/4511598","name":"BRT T2: Thokoza Park => Braamfontein","network":"Rea Vaya"},"geometry":{"type":"LineString","coordinates":[[28.041293,-26.198701],[28.041269,-26.198537],[28.041257,-26.198456],[28.041236,-26.198315]]}},{"type":"Feature","properties":{"id":"relation/4511598","name":"BRT T2: Thokoza Park => Braamfontein","network":"Rea Vaya"},"geometry":{"type":"LineString","coordinates":[[28.041236,-26.198315],[28.041111,-26.197356],[28.041092,-26.197215],[28.041068,-26.197042],[28.041004,-26.196634],[28.04099,-26.196546],[28.040978,-26.196491],[28.040854,-26.195919]]}},{"type":"Feature","properties":{"id":"relation/4511598","name":"BRT T2: Thokoza Park => Braamfontein","network":"Rea Vaya"},"geometry":{"type":"LineString","coordinates":[[28.040854,-26.195919],[28.040822,-26.195754],[28.040788,-26.195571],[28.04076,-26.195448],[28.040735,-26.195312],[28.040725,-26.195245]]}},{"type":"Feature","properties":{"id":"relation/4511598","name":"BRT T2: Thokoza Park => Braamfontein","network":"Rea Vaya"},"geometry":{"type":"LineString","coordinates":[[28.040725,-26.195245],[28.040617,-26.194652],[28.040602,-26.194556],[28.040567,-26.194334],[28.040538,-26.194168],[28.040517,-26.194028],[28.040496,-26.193851]]}},{"type":"Feature","properties":{"id":"relation/4511598","name":"BRT T2: Thokoza Park => Braamfontein","network":"Rea Vaya"},"geometry":{"type":"LineString","coordinates":[[28.040496,-26.193851],[28.040473,-26.193617],[28.040439,-26.193422],[28.040413,-26.193343]]}},{"type":"Feature","properties":{"id":"relation/4511598","name":"BRT T2: Thokoza Park => Braamfontein","network":"Rea Vaya"},"geometry":{"type":"LineString","coordinates":[[28.040413,-26.193343],[28.040384,-26.193286],[28.040343,-26.193229],[28.040242,-26.193116]]}},{"type":"Feature","properties":{"id":"relation/4511598","name":"BRT T2: Thokoza Park => Braamfontein","network":"Rea Vaya"},"geometry":{"type":"LineString","coordinates":[[28.040242,-26.193116],[28.040067,-26.192962]]}},{"type":"Feature","properties":{"id":"relation/4511598","name":"BRT T2: Thokoza Park => Braamfontein","network":"Rea Vaya"},"geometry":{"type":"LineString","coordinates":[[28.040067,-26.192962],[28.03971,-26.192682],[28.039505,-26.192521],[28.039312,-26.19234],[28.039249,-26.19227]]}},{"type":"Feature","properties":{"id":"relation/4511598","name":"BRT T2: Thokoza Park => Braamfontein","network":"Rea Vaya"},"geometry":{"type":"LineString","coordinates":[[28.039249,-26.19227],[28.039204,-26.192164],[28.039184,-26.192015],[28.039104,-26.191418],[28.03909,-26.191315],[28.039084,-26.191273],[28.039054,-26.191083],[28.039046,-26.191036],[28.038989,-26.190674]]}},{"type":"Feature","properties":{"id":"relation/4511598","name":"BRT T2: Thokoza Park => Braamfontein","network":"Rea Vaya"},"geometry":{"type":"LineString","coordinates":[[28.038989,-26.190674],[28.038925,-26.190335]]}},{"type":"Feature","properties":{"id":"relation/4511598","name":"BRT T2: Thokoza Park => Braamfontein","network":"Rea Vaya"},"geometry":{"type":"LineString","coordinates":[[28.038925,-26.190335],[28.03894,-26.190208],[28.038963,-26.190142],[28.039014,-26.190063],[28.039064,-26.190013],[28.039155,-26.189948]]}},{"type":"Feature","properties":{"id":"relation/4511598","name":"BRT T2: Thokoza Park => Braamfontein","network":"Rea Vaya"},"geometry":{"type":"LineString","coordinates":[[28.039155,-26.189948],[28.040108,-26.18984]]}},{"type":"Feature","properties":{"id":"relation/4511598","name":"BRT T2: Thokoza Park => Braamfontein","network":"Rea Vaya"},"geometry":{"type":"LineString","coordinates":[[28.040108,-26.18984],[28.040824,-26.189754]]}},{"type":"Feature","properties":{"id":"relation/4511598","name":"BRT T2: Thokoza Park => Braamfontein","network":"Rea Vaya"},"geometry":{"type":"LineString","coordinates":[[28.040824,-26.189754],[28.040921,-26.189758],[28.040993,-26.189763],[28.041078,-26.189779],[28.041122,-26.189792],[28.041144,-26.189806],[28.041166,-26.189817],[28.041194,-26.189842],[28.041218,-26.189879]]}},{"type":"Feature","properties":{"id":"relation/4511598","name":"BRT T2: Thokoza Park => Braamfontein","network":"Rea Vaya"},"geometry":{"type":"LineString","coordinates":[[28.041218,-26.189879],[28.041242,-26.190138],[28.041278,-26.190517]]}},{"type":"Feature","properties":{"id":"relation/4511598","name":"BRT T2: Thokoza Park => Braamfontein","network":"Rea Vaya"},"geometry":{"type":"LineString","coordinates":[[28.041278,-26.190517],[28.041308,-26.190772],[28.041323,-26.190875],[28.041344,-26.191017],[28.041416,-26.191459]]}},{"type":"Feature","properties":{"id":"relation/4511598","name":"BRT T2: Thokoza Park => Braamfontein","network":"Rea Vaya"},"geometry":{"type":"LineString","coordinates":[[27.918447,-26.240254],[27.918453,-26.240237],[27.918454,-26.240226],[27.918475,-26.240182],[27.918493,-26.240156],[27.918508,-26.240145],[27.918551,-26.240117],[27.9186,-26.240099],[27.918653,-26.240094]]}},{"type":"Feature","properties":{"id":"relation/4511598","name":"BRT T2: Thokoza Park => Braamfontein","network":"Rea Vaya"},"geometry":{"type":"LineString","coordinates":[[27.922912,-26.23478],[27.922894,-26.234835],[27.922863,-26.234882],[27.922818,-26.234921]]}},{"type":"Feature","properties":{"id":"relation/4511598","name":"BRT T2: Thokoza Park => Braamfontein","network":"Rea Vaya"},"geometry":{"type":"LineString","coordinates":[[27.922818,-26.234921],[27.922774,-26.234938],[27.922728,-26.234945],[27.92268,-26.234942],[27.922641,-26.234931],[27.922604,-26.234913],[27.922568,-26.234883],[27.922542,-26.234845]]}},{"type":"Feature","properties":{"id":"relation/4511598","name":"BRT T2: Thokoza Park => Braamfontein","network":"Rea Vaya"},"geometry":{"type":"LineString","coordinates":[[27.922542,-26.234845],[27.922526,-26.234792],[27.922528,-26.234731],[27.922549,-26.234684],[27.922585,-26.234644],[27.922631,-26.234615],[27.922685,-26.234599],[27.922717,-26.234597]]}},{"type":"Feature","properties":{"id":"relation/4511598","name":"BRT T2: Thokoza Park => Braamfontein","network":"Rea Vaya"},"geometry":{"type":"LineString","coordinates":[[27.922717,-26.234597],[27.922771,-26.234604],[27.922821,-26.234624],[27.922852,-26.234646],[27.922878,-26.234673],[27.922905,-26.234724],[27.922912,-26.23478]]}},{"type":"Feature","properties":{"id":"relation/4511598","name":"BRT T2: Thokoza Park => Braamfontein","network":"Rea Vaya"},"geometry":{"type":"LineString","coordinates":[[27.925352,-26.231538],[27.925364,-26.231577],[27.925368,-26.231618],[27.925344,-26.231701],[27.925284,-26.231766],[27.925258,-26.231782],[27.92523,-26.231794],[27.925201,-26.231803],[27.92517,-26.231807]]}},{"type":"Feature","properties":{"id":"relation/4511598","name":"BRT T2: Thokoza Park => Braamfontein","network":"Rea Vaya"},"geometry":{"type":"LineString","coordinates":[[27.92517,-26.231807],[27.925107,-26.231804],[27.925048,-26.231785],[27.925018,-26.231769],[27.924997,-26.231752],[27.924962,-26.231713],[27.924942,-26.231672],[27.924932,-26.231628]]}},{"type":"Feature","properties":{"id":"relation/4511598","name":"BRT T2: Thokoza Park => Braamfontein","network":"Rea Vaya"},"geometry":{"type":"LineString","coordinates":[[27.924932,-26.231628],[27.924936,-26.23157],[27.924946,-26.231543],[27.924972,-26.231503],[27.925003,-26.231466],[27.925052,-26.231437],[27.925114,-26.231419]]}},{"type":"Feature","properties":{"id":"relation/4511598","name":"BRT T2: Thokoza Park => Braamfontein","network":"Rea Vaya"},"geometry":{"type":"LineString","coordinates":[[27.925114,-26.231419],[27.92516,-26.231416],[27.925205,-26.231423],[27.925241,-26.231435],[27.925271,-26.231449],[27.925291,-26.231463],[27.925326,-26.231497],[27.925352,-26.231538]]}},{"type":"Feature","properties":{"id":"relation/4511598","name":"BRT T2: Thokoza Park => Braamfontein","network":"Rea Vaya"},"geometry":{"type":"LineString","coordinates":[[27.926812,-26.229223],[27.926818,-26.229185],[27.926833,-26.229148],[27.926847,-26.229119],[27.926903,-26.229078],[27.926951,-26.229058],[27.927003,-26.229049]]}},{"type":"Feature","properties":{"id":"relation/4511598","name":"BRT T2: Thokoza Park => Braamfontein","network":"Rea Vaya"},"geometry":{"type":"LineString","coordinates":[[27.927003,-26.229049],[27.927046,-26.229052],[27.927086,-26.229062],[27.927124,-26.22908],[27.927153,-26.229101],[27.927177,-26.229126],[27.927199,-26.229163],[27.927204,-26.229181]]}},{"type":"Feature","properties":{"id":"relation/4511598","name":"BRT T2: Thokoza Park => Braamfontein","network":"Rea Vaya"},"geometry":{"type":"LineString","coordinates":[[27.927204,-26.229181],[27.927209,-26.229264],[27.927191,-26.22931],[27.927161,-26.22935],[27.927119,-26.229382],[27.927082,-26.229398],[27.927043,-26.229407],[27.927003,-26.229409],[27.92696,-26.229403]]}},{"type":"Feature","properties":{"id":"relation/4511598","name":"BRT T2: Thokoza Park => Braamfontein","network":"Rea Vaya"},"geometry":{"type":"LineString","coordinates":[[27.92696,-26.229403],[27.926919,-26.229389],[27.926883,-26.229367],[27.926851,-26.229336],[27.926828,-26.2293],[27.926815,-26.229262],[27.926812,-26.229223]]}},{"type":"Feature","properties":{"id":"relation/4511598","name":"BRT T2: Thokoza Park => Braamfontein","network":"Rea Vaya"},"geometry":{"type":"LineString","coordinates":[[28.030256,-26.214695],[28.030212,-26.21466],[28.030181,-26.214615],[28.030166,-26.214564],[28.030168,-26.214505],[28.030192,-26.21445],[28.030233,-26.214404],[28.030289,-26.214373],[28.030348,-26.214359],[28.030409,-26.214362],[28.030467,-26.214381],[28.030503,-26.214403],[28.030533,-26.214432],[28.030555,-26.214466],[28.030572,-26.214516],[28.030572,-26.214569],[28.030555,-26.21462],[28.030522,-26.214664],[28.030478,-26.214698],[28.030424,-26.214719],[28.030366,-26.214726],[28.030308,-26.214718],[28.030256,-26.214695]]}},{"type":"Feature","properties":{"id":"relation/4511835","name":"BRT T3: Thokoza Park => Parktown & Library Gardens East","network":"Rea Vaya"},"geometry":{"type":"LineString","coordinates":[[27.879064,-26.264875],[27.879122,-26.264851],[27.87917,-26.264821],[27.879244,-26.264761],[27.879318,-26.264695],[27.879447,-26.264566],[27.879634,-26.264449],[27.879867,-26.264332],[27.880063,-26.264242],[27.880678,-26.263982]]}},{"type":"Feature","properties":{"id":"relation/4511835","name":"BRT T3: Thokoza Park => Parktown & Library Gardens East","network":"Rea Vaya"},"geometry":{"type":"LineString","coordinates":[[27.880678,-26.263982],[27.880892,-26.263886],[27.881071,-26.263805]]}},{"type":"Feature","properties":{"id":"relation/4511835","name":"BRT T3: Thokoza Park => Parktown & Library Gardens East","network":"Rea Vaya"},"geometry":{"type":"LineString","coordinates":[[27.881071,-26.263805],[27.881425,-26.263658],[27.881581,-26.263609],[27.881813,-26.263554],[27.882335,-26.263423],[27.882428,-26.263403],[27.88282,-26.263326],[27.883505,-26.263242],[27.883954,-26.263191],[27.884229,-26.26316],[27.884315,-26.263151],[27.884412,-26.26314],[27.884466,-26.263133],[27.884521,-26.263119],[27.884564,-26.263103],[27.884624,-26.263078]]}},{"type":"Feature","properties":{"id":"relation/4511835","name":"BRT T3: Thokoza Park => Parktown & Library Gardens East","network":"Rea Vaya"},"geometry":{"type":"LineString","coordinates":[[27.884983,-26.262937],[27.885017,-26.262953],[27.885081,-26.262992],[27.885102,-26.263031],[27.885129,-26.263086],[27.885133,-26.263115],[27.885133,-26.263145],[27.88512,-26.263189],[27.885074,-26.263266],[27.885048,-26.263289],[27.885017,-26.263316],[27.88497,-26.263343]]}},{"type":"Feature","properties":{"id":"relation/4511835","name":"BRT T3: Thokoza Park => Parktown & Library Gardens East","network":"Rea Vaya"},"geometry":{"type":"LineString","coordinates":[[27.88497,-26.263343],[27.884906,-26.263364],[27.884857,-26.263371],[27.884819,-26.26337],[27.884789,-26.263364],[27.884744,-26.263343],[27.884719,-26.263332]]}},{"type":"Feature","properties":{"id":"relation/4511835","name":"BRT T3: Thokoza Park => Parktown & Library Gardens East","network":"Rea Vaya"},"geometry":{"type":"LineString","coordinates":[[27.884719,-26.263332],[27.884646,-26.26326],[27.884621,-26.263223],[27.88461,-26.263173],[27.884614,-26.263123],[27.884624,-26.263078],[27.884651,-26.26305],[27.884707,-26.262993],[27.884748,-26.262944]]}},{"type":"Feature","properties":{"id":"relation/4511835","name":"BRT T3: Thokoza Park => Parktown & Library Gardens East","network":"Rea Vaya"},"geometry":{"type":"LineString","coordinates":[[27.884748,-26.262944],[27.884808,-26.262924],[27.884845,-26.262916],[27.884872,-26.262914],[27.884893,-26.262916],[27.88493,-26.262924],[27.884983,-26.262937]]}},{"type":"Feature","properties":{"id":"relation/4511835","name":"BRT T3: Thokoza Park => Parktown & Library Gardens East","network":"Rea Vaya"},"geometry":{"type":"LineString","coordinates":[[27.885081,-26.262992],[27.88516,-26.263018],[27.885231,-26.263028],[27.885337,-26.26303],[27.885403,-26.263022],[27.885485,-26.262998],[27.885539,-26.262987],[27.885728,-26.262949],[27.886188,-26.262893],[27.887179,-26.262776],[27.887594,-26.262733],[27.888473,-26.262614]]}},{"type":"Feature","properties":{"id":"relation/4511835","name":"BRT T3: Thokoza Park => Parktown & Library Gardens East","network":"Rea Vaya"},"geometry":{"type":"LineString","coordinates":[[27.888473,-26.262614],[27.889381,-26.262456]]}},{"type":"Feature","properties":{"id":"relation/4511835","name":"BRT T3: Thokoza Park => Parktown & Library Gardens East","network":"Rea Vaya"},"geometry":{"type":"LineString","coordinates":[[27.889381,-26.262456],[27.889694,-26.262405]]}},{"type":"Feature","properties":{"id":"relation/4511835","name":"BRT T3: Thokoza Park => Parktown & Library Gardens East","network":"Rea Vaya"},"geometry":{"type":"LineString","coordinates":[[27.889694,-26.262405],[27.889761,-26.262364],[27.889852,-26.262315],[27.889878,-26.262294],[27.889931,-26.262253],[27.890016,-26.262151],[27.890067,-26.262067],[27.890128,-26.261969]]}},{"type":"Feature","properties":{"id":"relation/4511835","name":"BRT T3: Thokoza Park => Parktown & Library Gardens East","network":"Rea Vaya"},"geometry":{"type":"LineString","coordinates":[[27.89024,-26.262332],[27.890192,-26.262519]]}},{"type":"Feature","properties":{"id":"relation/4511835","name":"BRT T3: Thokoza Park => Parktown & Library Gardens East","network":"Rea Vaya"},"geometry":{"type":"LineString","coordinates":[[27.890282,-26.262228],[27.89024,-26.262332]]}},{"type":"Feature","properties":{"id":"relation/4511835","name":"BRT T3: Thokoza Park => Parktown & Library Gardens East","network":"Rea Vaya"},"geometry":{"type":"LineString","coordinates":[[27.893685,-26.255327],[27.893588,-26.255412],[27.893523,-26.255469],[27.893356,-26.255615],[27.893177,-26.255793],[27.892935,-26.256024],[27.892651,-26.256359],[27.892488,-26.256586],[27.892341,-26.256793],[27.892198,-26.25702],[27.892058,-26.257272],[27.891876,-26.25763],[27.891704,-26.258024],[27.891553,-26.258459],[27.891465,-26.25874],[27.891376,-26.259066],[27.891311,-26.259368],[27.891255,-26.259627],[27.891191,-26.259843],[27.890873,-26.260758],[27.890511,-26.261729],[27.890282,-26.262228]]}},{"type":"Feature","properties":{"id":"relation/4511835","name":"BRT T3: Thokoza Park => Parktown & Library Gardens East","network":"Rea Vaya"},"geometry":{"type":"LineString","coordinates":[[27.898388,-26.252991],[27.898311,-26.253014],[27.898223,-26.253039],[27.898144,-26.253064],[27.897955,-26.25314],[27.897863,-26.253194],[27.897638,-26.253306],[27.897381,-26.253426],[27.896707,-26.253714],[27.896561,-26.253776],[27.896302,-26.253876],[27.895847,-26.254028],[27.895641,-26.254102],[27.895417,-26.254193],[27.895084,-26.254356],[27.894781,-26.254523],[27.894466,-26.254716],[27.894185,-26.254895],[27.893964,-26.255046],[27.89394,-26.255074],[27.893925,-26.255101],[27.893914,-26.255139]]}},{"type":"Feature","properties":{"id":"relation/4511835","name":"BRT T3: Thokoza Park => Parktown & Library Gardens East","network":"Rea Vaya"},"geometry":{"type":"LineString","coordinates":[[27.910423,-26.245074],[27.910346,-26.245144],[27.910272,-26.24521],[27.910247,-26.245238],[27.910229,-26.245264],[27.910197,-26.245309],[27.910116,-26.245432],[27.910045,-26.245546],[27.909896,-26.24575],[27.909758,-26.245933],[27.909525,-26.24619],[27.909396,-26.246323],[27.909128,-26.24656],[27.908864,-26.246759],[27.908664,-26.246898],[27.908507,-26.246993],[27.90826,-26.247133],[27.908137,-26.247191],[27.907965,-26.247274],[27.907738,-26.247371],[27.90754,-26.247444],[27.907335,-26.24751],[27.907096,-26.247576],[27.906884,-26.24763],[27.9064,-26.247753],[27.905615,-26.247949],[27.905139,-26.248071],[27.904525,-26.248223],[27.903924,-26.248373],[27.903416,-26.248503],[27.903054,-26.24862],[27.902766,-26.248732],[27.90252,-26.248846],[27.902259,-26.248983],[27.902045,-26.249112],[27.901906,-26.249205],[27.901726,-26.249332],[27.901551,-26.249472],[27.901422,-26.249581],[27.901235,-26.249753],[27.901065,-26.249933],[27.900889,-26.250138],[27.900699,-26.250394],[27.900534,-26.250627],[27.900377,-26.250846],[27.900215,-26.251077],[27.900089,-26.251249],[27.899905,-26.251509],[27.899779,-26.251679],[27.899655,-26.251829],[27.899387,-26.252111],[27.899153,-26.252345],[27.899078,-26.252415],[27.898969,-26.252521],[27.898784,-26.252684],[27.898685,-26.252786]]}},{"type":"Feature","properties":{"id":"relation/4511835","name":"BRT T3: Thokoza Park => Parktown & Library Gardens East","network":"Rea Vaya"},"geometry":{"type":"LineString","coordinates":[[27.910227,-26.244661],[27.910277,-26.244606],[27.910342,-26.244541],[27.910387,-26.244487],[27.910426,-26.244424],[27.910454,-26.244373],[27.910473,-26.244323],[27.910482,-26.244299],[27.910602,-26.243777],[27.910645,-26.243524],[27.910698,-26.243213],[27.910759,-26.242918],[27.910799,-26.242761],[27.910854,-26.242603],[27.910958,-26.242365],[27.911095,-26.242128],[27.911251,-26.241901],[27.911426,-26.241682],[27.91174,-26.241335]]}},{"type":"Feature","properties":{"id":"relation/4511835","name":"BRT T3: Thokoza Park => Parktown & Library Gardens East","network":"Rea Vaya"},"geometry":{"type":"LineString","coordinates":[[27.912424,-26.240735],[27.912492,-26.240868]]}},{"type":"Feature","properties":{"id":"relation/4511835","name":"BRT T3: Thokoza Park => Parktown & Library Gardens East","network":"Rea Vaya"},"geometry":{"type":"LineString","coordinates":[[27.912492,-26.240868],[27.912514,-26.240926],[27.912559,-26.241051],[27.9126,-26.241185],[27.912685,-26.241414],[27.912804,-26.241738],[27.912855,-26.241879],[27.91292,-26.242006],[27.912975,-26.242106],[27.913045,-26.242198],[27.913162,-26.24232],[27.91325,-26.242391],[27.913358,-26.242467],[27.913518,-26.242566]]}},{"type":"Feature","properties":{"id":"relation/4511835","name":"BRT T3: Thokoza Park => Parktown & Library Gardens East","network":"Rea Vaya"},"geometry":{"type":"LineString","coordinates":[[27.913773,-26.242725],[27.914137,-26.242943]]}},{"type":"Feature","properties":{"id":"relation/4511835","name":"BRT T3: Thokoza Park => Parktown & Library Gardens East","network":"Rea Vaya"},"geometry":{"type":"LineString","coordinates":[[27.914137,-26.242943],[27.914192,-26.242977]]}},{"type":"Feature","properties":{"id":"relation/4511835","name":"BRT T3: Thokoza Park => Parktown & Library Gardens East","network":"Rea Vaya"},"geometry":{"type":"LineString","coordinates":[[27.914192,-26.242977],[27.914268,-26.242882],[27.914435,-26.242679],[27.914526,-26.242578],[27.914633,-26.242479],[27.914743,-26.242402],[27.914916,-26.24229],[27.915342,-26.242041],[27.91594,-26.241693],[27.916101,-26.24161],[27.916249,-26.24155],[27.916299,-26.241529],[27.916414,-26.241483],[27.916521,-26.241438],[27.916613,-26.241393],[27.9167,-26.241342],[27.917505,-26.240863],[27.917699,-26.240742],[27.917953,-26.240597],[27.918056,-26.240536]]}},{"type":"Feature","properties":{"id":"relation/4511835","name":"BRT T3: Thokoza Park => Parktown & Library Gardens East","network":"Rea Vaya"},"geometry":{"type":"LineString","coordinates":[[27.918056,-26.240536],[27.918144,-26.240495],[27.918247,-26.240439],[27.918326,-26.240396],[27.918453,-26.24032]]}},{"type":"Feature","properties":{"id":"relation/4511835","name":"BRT T3: Thokoza Park => Parktown & Library Gardens East","network":"Rea Vaya"},"geometry":{"type":"LineString","coordinates":[[27.918653,-26.240094],[27.9187,-26.240051],[27.918833,-26.23993],[27.918858,-26.239906],[27.918974,-26.239736],[27.919594,-26.238849],[27.919966,-26.238315],[27.920026,-26.238228],[27.920216,-26.237981],[27.920383,-26.237763],[27.921747,-26.235984],[27.92217,-26.235421],[27.922317,-26.235235],[27.922519,-26.234941],[27.922538,-26.234892],[27.922542,-26.234845]]}},{"type":"Feature","properties":{"id":"relation/4511835","name":"BRT T3: Thokoza Park => Parktown & Library Gardens East","network":"Rea Vaya"},"geometry":{"type":"LineString","coordinates":[[27.918653,-26.240094],[27.918693,-26.240099],[27.918732,-26.240111],[27.918768,-26.240129],[27.91879,-26.240147],[27.91881,-26.240167],[27.918826,-26.24019],[27.918839,-26.240218],[27.918847,-26.240247]]}},{"type":"Feature","properties":{"id":"relation/4511835","name":"BRT T3: Thokoza Park => Parktown & Library Gardens East","network":"Rea Vaya"},"geometry":{"type":"LineString","coordinates":[[27.922717,-26.234597],[27.9228,-26.234527],[27.922842,-26.234492],[27.922908,-26.23441],[27.923616,-26.233388],[27.924789,-26.231818],[27.924932,-26.231628]]}},{"type":"Feature","properties":{"id":"relation/4511835","name":"BRT T3: Thokoza Park => Parktown & Library Gardens East","network":"Rea Vaya"},"geometry":{"type":"LineString","coordinates":[[27.925114,-26.231419],[27.925352,-26.231115],[27.925363,-26.231098],[27.925457,-26.230967],[27.925919,-26.230325]]}},{"type":"Feature","properties":{"id":"relation/4511835","name":"BRT T3: Thokoza Park => Parktown & Library Gardens East","network":"Rea Vaya"},"geometry":{"type":"LineString","coordinates":[[27.925919,-26.230325],[27.926234,-26.229887]]}},{"type":"Feature","properties":{"id":"relation/4511835","name":"BRT T3: Thokoza Park => Parktown & Library Gardens East","network":"Rea Vaya"},"geometry":{"type":"LineString","coordinates":[[27.926234,-26.229887],[27.92647,-26.229565],[27.926574,-26.229433],[27.926623,-26.229372],[27.926674,-26.229309],[27.926756,-26.229221],[27.926833,-26.229148]]}},{"type":"Feature","properties":{"id":"relation/4511835","name":"BRT T3: Thokoza Park => Parktown & Library Gardens East","network":"Rea Vaya"},"geometry":{"type":"LineString","coordinates":[[27.927003,-26.229049],[27.927177,-26.228955],[27.927351,-26.22888],[27.927398,-26.228861],[27.927674,-26.228749],[27.928783,-26.228356],[27.928828,-26.228342],[27.929387,-26.228158],[27.929953,-26.227971],[27.930366,-26.227841],[27.930508,-26.227792]]}},{"type":"Feature","properties":{"id":"relation/4511835","name":"BRT T3: Thokoza Park => Parktown & Library Gardens East","network":"Rea Vaya"},"geometry":{"type":"LineString","coordinates":[[27.930508,-26.227792],[27.930892,-26.22767],[27.931229,-26.227559]]}},{"type":"Feature","properties":{"id":"relation/4511835","name":"BRT T3: Thokoza Park => Parktown & Library Gardens East","network":"Rea Vaya"},"geometry":{"type":"LineString","coordinates":[[27.931229,-26.227559],[27.931617,-26.227429],[27.931864,-26.227336],[27.931977,-26.227292]]}},{"type":"Feature","properties":{"id":"relation/4511835","name":"BRT T3: Thokoza Park => Parktown & Library Gardens East","network":"Rea Vaya"},"geometry":{"type":"LineString","coordinates":[[27.931977,-26.227292],[27.932183,-26.227223]]}},{"type":"Feature","properties":{"id":"relation/4511835","name":"BRT T3: Thokoza Park => Parktown & Library Gardens East","network":"Rea Vaya"},"geometry":{"type":"LineString","coordinates":[[27.932183,-26.227223],[27.932551,-26.227092],[27.935323,-26.226144],[27.935784,-26.226],[27.936317,-26.225829]]}},{"type":"Feature","properties":{"id":"relation/4511835","name":"BRT T3: Thokoza Park => Parktown & Library Gardens East","network":"Rea Vaya"},"geometry":{"type":"LineString","coordinates":[[27.936317,-26.225829],[27.936704,-26.225711],[27.936879,-26.225654],[27.937049,-26.225598],[27.937195,-26.225546],[27.937276,-26.225512],[27.93736,-26.225477],[27.937427,-26.225444],[27.937506,-26.225405],[27.937537,-26.225386],[27.937595,-26.225352],[27.937635,-26.225325],[27.937749,-26.225249]]}},{"type":"Feature","properties":{"id":"relation/4511835","name":"BRT T3: Thokoza Park => Parktown & Library Gardens East","network":"Rea Vaya"},"geometry":{"type":"LineString","coordinates":[[27.937749,-26.225249],[27.937922,-26.225114]]}},{"type":"Feature","properties":{"id":"relation/4511835","name":"BRT T3: Thokoza Park => Parktown & Library Gardens East","network":"Rea Vaya"},"geometry":{"type":"LineString","coordinates":[[27.937922,-26.225114],[27.938087,-26.224955],[27.938146,-26.224884],[27.938216,-26.224788],[27.938281,-26.224691],[27.938329,-26.224613],[27.93836,-26.224563],[27.938412,-26.224463],[27.938485,-26.224286],[27.93851,-26.224205],[27.93853,-26.22413],[27.938548,-26.224032],[27.93856,-26.223955],[27.938586,-26.223725],[27.938623,-26.223259],[27.938656,-26.222922],[27.938674,-26.22276],[27.938794,-26.221614],[27.938855,-26.221124],[27.938908,-26.220756],[27.938939,-26.220574],[27.938977,-26.220399],[27.939047,-26.220148],[27.939182,-26.219753]]}},{"type":"Feature","properties":{"id":"relation/4511835","name":"BRT T3: Thokoza Park => Parktown & Library Gardens East","network":"Rea Vaya"},"geometry":{"type":"LineString","coordinates":[[27.939182,-26.219753],[27.939508,-26.218898]]}},{"type":"Feature","properties":{"id":"relation/4511835","name":"BRT T3: Thokoza Park => Parktown & Library Gardens East","network":"Rea Vaya"},"geometry":{"type":"LineString","coordinates":[[27.939508,-26.218898],[27.939685,-26.218467],[27.939801,-26.218222],[27.939987,-26.217883],[27.940203,-26.217512],[27.940315,-26.217337]]}},{"type":"Feature","properties":{"id":"relation/4511835","name":"BRT T3: Thokoza Park => Parktown & Library Gardens East","network":"Rea Vaya"},"geometry":{"type":"LineString","coordinates":[[27.940315,-26.217337],[27.940484,-26.217077]]}},{"type":"Feature","properties":{"id":"relation/4511835","name":"BRT T3: Thokoza Park => Parktown & Library Gardens East","network":"Rea Vaya"},"geometry":{"type":"LineString","coordinates":[[27.940484,-26.217077],[27.940522,-26.217009],[27.940578,-26.216912],[27.940621,-26.216852],[27.940662,-26.216785]]}},{"type":"Feature","properties":{"id":"relation/4511835","name":"BRT T3: Thokoza Park => Parktown & Library Gardens East","network":"Rea Vaya"},"geometry":{"type":"LineString","coordinates":[[27.940662,-26.216785],[27.940744,-26.216672],[27.940869,-26.216522],[27.940988,-26.216402],[27.941097,-26.216307],[27.941236,-26.216197],[27.941361,-26.216111],[27.94152,-26.21602],[27.941623,-26.215967],[27.941752,-26.215908],[27.941845,-26.215873],[27.941933,-26.21584],[27.942134,-26.215789],[27.94229,-26.215756],[27.942378,-26.215742],[27.94259,-26.215722],[27.942804,-26.215704],[27.942929,-26.215701],[27.943131,-26.215701],[27.943307,-26.215707],[27.94352,-26.215721],[27.943697,-26.21573],[27.943835,-26.215742],[27.944036,-26.21577],[27.94418,-26.215795],[27.944291,-26.215811],[27.94437,-26.215814],[27.944451,-26.215814],[27.944532,-26.215811],[27.944617,-26.215801],[27.944697,-26.215785],[27.944796,-26.215754],[27.944953,-26.215699],[27.945106,-26.21564],[27.945462,-26.215503],[27.945777,-26.21538],[27.946175,-26.215225],[27.946441,-26.215121],[27.946812,-26.214943],[27.947099,-26.21484],[27.947409,-26.214728]]}},{"type":"Feature","properties":{"id":"relation/4511835","name":"BRT T3: Thokoza Park => Parktown & Library Gardens East","network":"Rea Vaya"},"geometry":{"type":"LineString","coordinates":[[27.947409,-26.214728],[27.94751,-26.21469],[27.947573,-26.214667]]}},{"type":"Feature","properties":{"id":"relation/4511835","name":"BRT T3: Thokoza Park => Parktown & Library Gardens East","network":"Rea Vaya"},"geometry":{"type":"LineString","coordinates":[[27.947573,-26.214667],[27.947724,-26.214612],[27.947852,-26.214568],[27.948149,-26.214456],[27.948664,-26.214264],[27.949106,-26.214096],[27.949262,-26.214031],[27.949423,-26.21396],[27.949551,-26.213898],[27.949678,-26.213831],[27.949811,-26.213759],[27.949973,-26.213658],[27.950255,-26.213469],[27.950534,-26.213273],[27.950709,-26.213152],[27.950878,-26.213036],[27.951203,-26.212808],[27.951419,-26.212657],[27.951545,-26.212559],[27.95162,-26.212488],[27.951695,-26.21241],[27.951771,-26.212329],[27.951848,-26.212237],[27.951933,-26.212118],[27.951985,-26.212026],[27.952046,-26.211904],[27.952095,-26.211803],[27.95213,-26.211711],[27.952157,-26.211635],[27.952176,-26.211566],[27.952188,-26.211487],[27.9522,-26.211394],[27.952204,-26.21129]]}},{"type":"Feature","properties":{"id":"relation/4511835","name":"BRT T3: Thokoza Park => Parktown & Library Gardens East","network":"Rea Vaya"},"geometry":{"type":"LineString","coordinates":[[27.952204,-26.21129],[27.9522,-26.21115],[27.952198,-26.211015]]}},{"type":"Feature","properties":{"id":"relation/4511835","name":"BRT T3: Thokoza Park => Parktown & Library Gardens East","network":"Rea Vaya"},"geometry":{"type":"LineString","coordinates":[[27.952198,-26.211015],[27.952177,-26.210871],[27.952146,-26.210698],[27.952084,-26.210383],[27.952034,-26.210149],[27.95198,-26.209906],[27.951952,-26.209734],[27.951894,-26.209471],[27.951867,-26.209316],[27.951844,-26.209186],[27.951834,-26.209074],[27.951835,-26.208965],[27.951841,-26.208868],[27.951865,-26.208738],[27.951883,-26.208657],[27.951929,-26.208509],[27.951964,-26.208414],[27.952024,-26.208299],[27.952097,-26.20818],[27.952161,-26.208093],[27.952209,-26.208026],[27.952288,-26.207927],[27.952364,-26.207848],[27.952443,-26.207765],[27.952515,-26.207709],[27.952608,-26.207651],[27.952712,-26.207599],[27.952818,-26.207552],[27.952899,-26.207523],[27.953,-26.207487],[27.953081,-26.207461],[27.953207,-26.207425],[27.9533,-26.207406],[27.953413,-26.207385],[27.95365,-26.207347],[27.953997,-26.207307],[27.954255,-26.20728],[27.95445,-26.207262],[27.954675,-26.207241],[27.954887,-26.207217],[27.955059,-26.207185],[27.955127,-26.207169],[27.955204,-26.207147],[27.955275,-26.207124],[27.955397,-26.207076],[27.955505,-26.207026],[27.955656,-26.206952],[27.95582,-26.206844],[27.955941,-26.206755],[27.956028,-26.206679]]}},{"type":"Feature","properties":{"id":"relation/4511835","name":"BRT T3: Thokoza Park => Parktown & Library Gardens East","network":"Rea Vaya"},"geometry":{"type":"LineString","coordinates":[[27.956028,-26.206679],[27.956158,-26.206533],[27.956236,-26.206438],[27.956295,-26.20635],[27.956345,-26.206276],[27.956417,-26.206167],[27.956463,-26.206091],[27.956532,-26.205972]]}},{"type":"Feature","properties":{"id":"relation/4511835","name":"BRT T3: Thokoza Park => Parktown & Library Gardens East","network":"Rea Vaya"},"geometry":{"type":"LineString","coordinates":[[27.956532,-26.205972],[27.956568,-26.205918],[27.956651,-26.20578],[27.956721,-26.205662],[27.956788,-26.205552]]}},{"type":"Feature","properties":{"id":"relation/4511835","name":"BRT T3: Thokoza Park => Parktown & Library Gardens East","network":"Rea Vaya"},"geometry":{"type":"LineString","coordinates":[[27.956788,-26.205552],[27.956832,-26.205487],[27.956896,-26.205382],[27.956931,-26.205314],[27.957099,-26.205012],[27.957217,-26.204799],[27.957297,-26.204648],[27.957355,-26.204536],[27.957416,-26.204407],[27.957506,-26.204207],[27.957588,-26.204035],[27.957637,-26.203938],[27.957683,-26.203855],[27.957768,-26.203715],[27.957906,-26.203495],[27.958003,-26.203341],[27.958288,-26.202914],[27.958492,-26.202557],[27.9587,-26.202191],[27.958883,-26.20189],[27.959147,-26.201444],[27.95917,-26.201404],[27.959246,-26.20127],[27.959437,-26.20093],[27.959655,-26.200539],[27.960127,-26.199725],[27.960226,-26.199541],[27.96084,-26.198485]]}},{"type":"Feature","properties":{"id":"relation/4511835","name":"BRT T3: Thokoza Park => Parktown & Library Gardens East","network":"Rea Vaya"},"geometry":{"type":"LineString","coordinates":[[27.96084,-26.198485],[27.960959,-26.198281]]}},{"type":"Feature","properties":{"id":"relation/4511835","name":"BRT T3: Thokoza Park => Parktown & Library Gardens East","network":"Rea Vaya"},"geometry":{"type":"LineString","coordinates":[[27.960959,-26.198281],[27.962427,-26.195721],[27.963158,-26.194436],[27.963318,-26.194173],[27.96386,-26.193221],[27.964326,-26.192389],[27.964831,-26.191512],[27.965034,-26.191161],[27.96512,-26.191019],[27.965216,-26.190893],[27.965283,-26.190826],[27.96537,-26.190765],[27.96545,-26.190723],[27.965505,-26.190698],[27.965575,-26.190673],[27.965636,-26.190657],[27.965734,-26.190641],[27.966791,-26.1904],[27.967199,-26.190305],[27.96739,-26.190259],[27.967591,-26.190197],[27.967646,-26.190181],[27.967856,-26.190123],[27.968374,-26.190008],[27.96856,-26.189969],[27.968737,-26.189946],[27.968855,-26.189927],[27.969104,-26.189883],[27.969219,-26.189849],[27.969278,-26.189827],[27.969361,-26.189773]]}},{"type":"Feature","properties":{"id":"relation/4511835","name":"BRT T3: Thokoza Park => Parktown & Library Gardens East","network":"Rea Vaya"},"geometry":{"type":"LineString","coordinates":[[27.969361,-26.189773],[27.969528,-26.189615]]}},{"type":"Feature","properties":{"id":"relation/4511835","name":"BRT T3: Thokoza Park => Parktown & Library Gardens East","network":"Rea Vaya"},"geometry":{"type":"LineString","coordinates":[[27.969528,-26.189615],[27.969661,-26.189478]]}},{"type":"Feature","properties":{"id":"relation/4511835","name":"BRT T3: Thokoza Park => Parktown & Library Gardens East","network":"Rea Vaya"},"geometry":{"type":"LineString","coordinates":[[27.969661,-26.189478],[27.969873,-26.189244],[27.970016,-26.189092],[27.970026,-26.189081],[27.970045,-26.189058],[27.97008,-26.189027],[27.970183,-26.188913],[27.970248,-26.188851],[27.970311,-26.188799],[27.970369,-26.188764],[27.970536,-26.188687]]}},{"type":"Feature","properties":{"id":"relation/4511835","name":"BRT T3: Thokoza Park => Parktown & Library Gardens East","network":"Rea Vaya"},"geometry":{"type":"LineString","coordinates":[[27.970536,-26.188687],[27.970896,-26.188536],[27.971125,-26.188438]]}},{"type":"Feature","properties":{"id":"relation/4511835","name":"BRT T3: Thokoza Park => Parktown & Library Gardens East","network":"Rea Vaya"},"geometry":{"type":"LineString","coordinates":[[27.971125,-26.188438],[27.971552,-26.188267],[27.972128,-26.188039],[27.972809,-26.187783]]}},{"type":"Feature","properties":{"id":"relation/4511835","name":"BRT T3: Thokoza Park => Parktown & Library Gardens East","network":"Rea Vaya"},"geometry":{"type":"LineString","coordinates":[[27.972809,-26.187783],[27.973368,-26.187561]]}},{"type":"Feature","properties":{"id":"relation/4511835","name":"BRT T3: Thokoza Park => Parktown & Library Gardens East","network":"Rea Vaya"},"geometry":{"type":"LineString","coordinates":[[27.973368,-26.187561],[27.973957,-26.18734],[27.97503,-26.186944],[27.975303,-26.186842],[27.975418,-26.186807],[27.97557,-26.18677],[27.97574,-26.186736],[27.975906,-26.18671],[27.976504,-26.18668],[27.976669,-26.186683],[27.97676,-26.18669],[27.976866,-26.186707],[27.97699,-26.186734],[27.97798,-26.187018],[27.978669,-26.187215],[27.9789,-26.187281],[27.979069,-26.187329],[27.979209,-26.187359],[27.979324,-26.187382],[27.979447,-26.187397]]}},{"type":"Feature","properties":{"id":"relation/4511835","name":"BRT T3: Thokoza Park => Parktown & Library Gardens East","network":"Rea Vaya"},"geometry":{"type":"LineString","coordinates":[[27.979447,-26.187397],[27.979567,-26.187414],[27.979693,-26.187425],[27.979856,-26.18744],[27.979999,-26.187452]]}},{"type":"Feature","properties":{"id":"relation/4511835","name":"BRT T3: Thokoza Park => Parktown & Library Gardens East","network":"Rea Vaya"},"geometry":{"type":"LineString","coordinates":[[27.979999,-26.187452],[27.980232,-26.187465]]}},{"type":"Feature","properties":{"id":"relation/4511835","name":"BRT T3: Thokoza Park => Parktown & Library Gardens East","network":"Rea Vaya"},"geometry":{"type":"LineString","coordinates":[[27.980232,-26.187465],[27.980346,-26.187464],[27.980442,-26.187462],[27.980546,-26.187448],[27.980661,-26.187414],[27.98079,-26.187359],[27.980954,-26.187271],[27.981073,-26.187211],[27.981275,-26.187119],[27.981474,-26.187028],[27.981789,-26.186879],[27.982355,-26.186625],[27.982782,-26.18645],[27.982889,-26.186409]]}},{"type":"Feature","properties":{"id":"relation/4511835","name":"BRT T3: Thokoza Park => Parktown & Library Gardens East","network":"Rea Vaya"},"geometry":{"type":"LineString","coordinates":[[27.982889,-26.186409],[27.983205,-26.186292],[27.983381,-26.186225]]}},{"type":"Feature","properties":{"id":"relation/4511835","name":"BRT T3: Thokoza Park => Parktown & Library Gardens East","network":"Rea Vaya"},"geometry":{"type":"LineString","coordinates":[[27.983381,-26.186225],[27.983534,-26.186167]]}},{"type":"Feature","properties":{"id":"relation/4511835","name":"BRT T3: Thokoza Park => Parktown & Library Gardens East","network":"Rea Vaya"},"geometry":{"type":"LineString","coordinates":[[27.983534,-26.186167],[27.98365,-26.186118],[27.983783,-26.186062]]}},{"type":"Feature","properties":{"id":"relation/4511835","name":"BRT T3: Thokoza Park => Parktown & Library Gardens East","network":"Rea Vaya"},"geometry":{"type":"LineString","coordinates":[[27.983783,-26.186062],[27.98386,-26.18603],[27.983916,-26.186006],[27.984162,-26.1859],[27.984566,-26.185726],[27.98585,-26.185163],[27.987996,-26.184209],[27.989455,-26.183577],[27.98985,-26.183397],[27.989933,-26.18336],[27.989966,-26.183346],[27.990001,-26.183331],[27.99009,-26.183291],[27.9903,-26.183201],[27.990941,-26.182922],[27.9911,-26.18285],[27.991332,-26.182745],[27.991429,-26.182701],[27.99152,-26.182661],[27.991668,-26.182596],[27.992321,-26.182312],[27.992575,-26.182198],[27.992937,-26.182033],[27.993167,-26.181928],[27.993285,-26.181874],[27.993382,-26.181833],[27.99364,-26.181724],[27.994281,-26.181448],[27.994526,-26.181347],[27.994672,-26.181285]]}},{"type":"Feature","properties":{"id":"relation/4511835","name":"BRT T3: Thokoza Park => Parktown & Library Gardens East","network":"Rea Vaya"},"geometry":{"type":"LineString","coordinates":[[27.994672,-26.181285],[27.994818,-26.181257],[27.994954,-26.181233],[27.995137,-26.18121],[27.99521,-26.1812],[27.995255,-26.181201],[27.99544,-26.181192],[27.995577,-26.181192],[27.995764,-26.181202],[27.995976,-26.181232],[27.996699,-26.181397],[27.99706,-26.181487],[27.997475,-26.181561],[27.998021,-26.181684],[27.998139,-26.181707],[27.9986,-26.181798],[27.999385,-26.181969],[27.999696,-26.182061],[27.999917,-26.182118],[28.000373,-26.182245],[28.00058,-26.182304],[28.000877,-26.182374],[28.001151,-26.182414],[28.00139,-26.182446],[28.001576,-26.182476],[28.001804,-26.18252]]}},{"type":"Feature","properties":{"id":"relation/4511835","name":"BRT T3: Thokoza Park => Parktown & Library Gardens East","network":"Rea Vaya"},"geometry":{"type":"LineString","coordinates":[[28.001804,-26.18252],[28.002157,-26.182592],[28.002273,-26.18261]]}},{"type":"Feature","properties":{"id":"relation/4511835","name":"BRT T3: Thokoza Park => Parktown & Library Gardens East","network":"Rea Vaya"},"geometry":{"type":"LineString","coordinates":[[28.002273,-26.18261],[28.002391,-26.182636],[28.002607,-26.182679],[28.004091,-26.183009],[28.00482,-26.183173],[28.005359,-26.183287],[28.005664,-26.18336]]}},{"type":"Feature","properties":{"id":"relation/4511835","name":"BRT T3: Thokoza Park => Parktown & Library Gardens East","network":"Rea Vaya"},"geometry":{"type":"LineString","coordinates":[[28.005664,-26.18336],[28.00624,-26.183508]]}},{"type":"Feature","properties":{"id":"relation/4511835","name":"BRT T3: Thokoza Park => Parktown & Library Gardens East","network":"Rea Vaya"},"geometry":{"type":"LineString","coordinates":[[28.00624,-26.183508],[28.007972,-26.183891]]}},{"type":"Feature","properties":{"id":"relation/4511835","name":"BRT T3: Thokoza Park => Parktown & Library Gardens East","network":"Rea Vaya"},"geometry":{"type":"LineString","coordinates":[[28.007972,-26.183891],[28.008175,-26.183934],[28.008242,-26.183947]]}},{"type":"Feature","properties":{"id":"relation/4511835","name":"BRT T3: Thokoza Park => Parktown & Library Gardens East","network":"Rea Vaya"},"geometry":{"type":"LineString","coordinates":[[28.008242,-26.183947],[28.008302,-26.18396],[28.008606,-26.184034],[28.009077,-26.184134],[28.009264,-26.184161],[28.009395,-26.184168],[28.009606,-26.184188]]}},{"type":"Feature","properties":{"id":"relation/4511835","name":"BRT T3: Thokoza Park => Parktown & Library Gardens East","network":"Rea Vaya"},"geometry":{"type":"LineString","coordinates":[[28.009606,-26.184188],[28.010323,-26.184351],[28.0104,-26.184361],[28.010534,-26.184377]]}},{"type":"Feature","properties":{"id":"relation/4511835","name":"BRT T3: Thokoza Park => Parktown & Library Gardens East","network":"Rea Vaya"},"geometry":{"type":"LineString","coordinates":[[28.010534,-26.184377],[28.010741,-26.18437],[28.010854,-26.184364],[28.010972,-26.184349],[28.011225,-26.184308]]}},{"type":"Feature","properties":{"id":"relation/4511835","name":"BRT T3: Thokoza Park => Parktown & Library Gardens East","network":"Rea Vaya"},"geometry":{"type":"LineString","coordinates":[[28.011225,-26.184308],[28.011613,-26.184232],[28.011775,-26.18421]]}},{"type":"Feature","properties":{"id":"relation/4511835","name":"BRT T3: Thokoza Park => Parktown & Library Gardens East","network":"Rea Vaya"},"geometry":{"type":"LineString","coordinates":[[28.011775,-26.18421],[28.011991,-26.184188],[28.012178,-26.184163],[28.013108,-26.184]]}},{"type":"Feature","properties":{"id":"relation/4511835","name":"BRT T3: Thokoza Park => Parktown & Library Gardens East","network":"Rea Vaya"},"geometry":{"type":"LineString","coordinates":[[28.013108,-26.184],[28.01357,-26.183916],[28.014325,-26.183783]]}},{"type":"Feature","properties":{"id":"relation/4511835","name":"BRT T3: Thokoza Park => Parktown & Library Gardens East","network":"Rea Vaya"},"geometry":{"type":"LineString","coordinates":[[28.014325,-26.183783],[28.015563,-26.183559]]}},{"type":"Feature","properties":{"id":"relation/4511835","name":"BRT T3: Thokoza Park => Parktown & Library Gardens East","network":"Rea Vaya"},"geometry":{"type":"LineString","coordinates":[[28.015563,-26.183559],[28.015938,-26.18348],[28.016828,-26.183308]]}},{"type":"Feature","properties":{"id":"relation/4511835","name":"BRT T3: Thokoza Park => Parktown & Library Gardens East","network":"Rea Vaya"},"geometry":{"type":"LineString","coordinates":[[28.016828,-26.183308],[28.017545,-26.18315],[28.017639,-26.18313]]}},{"type":"Feature","properties":{"id":"relation/4511835","name":"BRT T3: Thokoza Park => Parktown & Library Gardens East","network":"Rea Vaya"},"geometry":{"type":"LineString","coordinates":[[28.017639,-26.18313],[28.017791,-26.183099]]}},{"type":"Feature","properties":{"id":"relation/4511835","name":"BRT T3: Thokoza Park => Parktown & Library Gardens East","network":"Rea Vaya"},"geometry":{"type":"LineString","coordinates":[[28.017791,-26.183099],[28.017899,-26.183077],[28.018389,-26.182981],[28.018564,-26.18294],[28.018734,-26.182884],[28.018931,-26.182816],[28.019036,-26.182797],[28.019143,-26.182784],[28.019212,-26.182784],[28.019322,-26.182798],[28.01973,-26.182907]]}},{"type":"Feature","properties":{"id":"relation/4511835","name":"BRT T3: Thokoza Park => Parktown & Library Gardens East","network":"Rea Vaya"},"geometry":{"type":"LineString","coordinates":[[28.01973,-26.182907],[28.019916,-26.182948],[28.020693,-26.183166],[28.020743,-26.183185],[28.0208,-26.183205]]}},{"type":"Feature","properties":{"id":"relation/4511835","name":"BRT T3: Thokoza Park => Parktown & Library Gardens East","network":"Rea Vaya"},"geometry":{"type":"LineString","coordinates":[[28.0208,-26.183205],[28.020892,-26.183239]]}},{"type":"Feature","properties":{"id":"relation/4511835","name":"BRT T3: Thokoza Park => Parktown & Library Gardens East","network":"Rea Vaya"},"geometry":{"type":"LineString","coordinates":[[28.020892,-26.183239],[28.021172,-26.183336],[28.021589,-26.183442],[28.022088,-26.183573]]}},{"type":"Feature","properties":{"id":"relation/4511835","name":"BRT T3: Thokoza Park => Parktown & Library Gardens East","network":"Rea Vaya"},"geometry":{"type":"LineString","coordinates":[[28.022088,-26.183573],[28.022234,-26.183614],[28.022918,-26.183806],[28.024105,-26.184124],[28.024959,-26.184357],[28.026163,-26.184675],[28.026767,-26.184832],[28.026882,-26.184862]]}},{"type":"Feature","properties":{"id":"relation/4511835","name":"BRT T3: Thokoza Park => Parktown & Library Gardens East","network":"Rea Vaya"},"geometry":{"type":"LineString","coordinates":[[28.026882,-26.184862],[28.027575,-26.185043]]}},{"type":"Feature","properties":{"id":"relation/4511835","name":"BRT T3: Thokoza Park => Parktown & Library Gardens East","network":"Rea Vaya"},"geometry":{"type":"LineString","coordinates":[[28.027575,-26.185043],[28.027619,-26.185051],[28.027669,-26.185062]]}},{"type":"Feature","properties":{"id":"relation/4511835","name":"BRT T3: Thokoza Park => Parktown & Library Gardens East","network":"Rea Vaya"},"geometry":{"type":"LineString","coordinates":[[28.027669,-26.185062],[28.027806,-26.185087],[28.028901,-26.18535],[28.029336,-26.185459],[28.029558,-26.185521],[28.029586,-26.185531],[28.029619,-26.185543],[28.029629,-26.185545],[28.030197,-26.185693],[28.030494,-26.185765]]}},{"type":"Feature","properties":{"id":"relation/4511835","name":"BRT T3: Thokoza Park => Parktown & Library Gardens East","network":"Rea Vaya"},"geometry":{"type":"LineString","coordinates":[[28.030494,-26.185765],[28.030568,-26.185783]]}},{"type":"Feature","properties":{"id":"relation/4511835","name":"BRT T3: Thokoza Park => Parktown & Library Gardens East","network":"Rea Vaya"},"geometry":{"type":"LineString","coordinates":[[28.030568,-26.185783],[28.030637,-26.185803]]}},{"type":"Feature","properties":{"id":"relation/4511835","name":"BRT T3: Thokoza Park => Parktown & Library Gardens East","network":"Rea Vaya"},"geometry":{"type":"LineString","coordinates":[[28.030637,-26.185803],[28.030745,-26.185829]]}},{"type":"Feature","properties":{"id":"relation/4511835","name":"BRT T3: Thokoza Park => Parktown & Library Gardens East","network":"Rea Vaya"},"geometry":{"type":"LineString","coordinates":[[28.030745,-26.185829],[28.03092,-26.185871],[28.031053,-26.185906],[28.031296,-26.185967],[28.031433,-26.186006],[28.031542,-26.186041],[28.031622,-26.186078]]}},{"type":"Feature","properties":{"id":"relation/4511835","name":"BRT T3: Thokoza Park => Parktown & Library Gardens East","network":"Rea Vaya"},"geometry":{"type":"LineString","coordinates":[[28.031622,-26.186078],[28.03178,-26.186174],[28.031949,-26.18628]]}},{"type":"Feature","properties":{"id":"relation/4511835","name":"BRT T3: Thokoza Park => Parktown & Library Gardens East","network":"Rea Vaya"},"geometry":{"type":"LineString","coordinates":[[28.031949,-26.18628],[28.032292,-26.186494],[28.032432,-26.186578],[28.032644,-26.186708]]}},{"type":"Feature","properties":{"id":"relation/4511835","name":"BRT T3: Thokoza Park => Parktown & Library Gardens East","network":"Rea Vaya"},"geometry":{"type":"LineString","coordinates":[[28.032644,-26.186708],[28.032751,-26.186778],[28.032766,-26.186785],[28.032821,-26.186814],[28.032893,-26.186853],[28.033007,-26.186902],[28.03315,-26.186946],[28.03329,-26.186979],[28.033386,-26.186991],[28.033494,-26.187005]]}},{"type":"Feature","properties":{"id":"relation/4511835","name":"BRT T3: Thokoza Park => Parktown & Library Gardens East","network":"Rea Vaya"},"geometry":{"type":"LineString","coordinates":[[28.033494,-26.187005],[28.033783,-26.187033],[28.034188,-26.187069],[28.034746,-26.187126],[28.034962,-26.187147],[28.035033,-26.187154]]}},{"type":"Feature","properties":{"id":"relation/4511835","name":"BRT T3: Thokoza Park => Parktown & Library Gardens East","network":"Rea Vaya"},"geometry":{"type":"LineString","coordinates":[[28.035033,-26.187154],[28.035175,-26.187166],[28.03541,-26.187184],[28.035546,-26.187188],[28.035638,-26.187175],[28.03571,-26.187151],[28.035765,-26.187121],[28.035815,-26.187087]]}},{"type":"Feature","properties":{"id":"relation/4511835","name":"BRT T3: Thokoza Park => Parktown & Library Gardens East","network":"Rea Vaya"},"geometry":{"type":"LineString","coordinates":[[28.035815,-26.187087],[28.035855,-26.187045],[28.035923,-26.186955],[28.036305,-26.18645],[28.036735,-26.185888],[28.036816,-26.185787],[28.036877,-26.185724],[28.036944,-26.185665],[28.037038,-26.185602],[28.037089,-26.185574],[28.037143,-26.185553],[28.037334,-26.185488],[28.037783,-26.185368],[28.038228,-26.185246],[28.038413,-26.185194],[28.038519,-26.185173],[28.038632,-26.18516],[28.038697,-26.185151]]}},{"type":"Feature","properties":{"id":"relation/4511835","name":"BRT T3: Thokoza Park => Parktown & Library Gardens East","network":"Rea Vaya"},"geometry":{"type":"LineString","coordinates":[[28.038697,-26.185151],[28.038811,-26.185137],[28.038954,-26.185129],[28.039045,-26.185128]]}},{"type":"Feature","properties":{"id":"relation/4511835","name":"BRT T3: Thokoza Park => Parktown & Library Gardens East","network":"Rea Vaya"},"geometry":{"type":"LineString","coordinates":[[28.039045,-26.185128],[28.039484,-26.185161],[28.039577,-26.185167],[28.039756,-26.185176],[28.039845,-26.185181]]}},{"type":"Feature","properties":{"id":"relation/4511835","name":"BRT T3: Thokoza Park => Parktown & Library Gardens East","network":"Rea Vaya"},"geometry":{"type":"LineString","coordinates":[[28.039845,-26.185181],[28.040309,-26.185222],[28.040903,-26.185255]]}},{"type":"Feature","properties":{"id":"relation/4511835","name":"BRT T3: Thokoza Park => Parktown & Library Gardens East","network":"Rea Vaya"},"geometry":{"type":"LineString","coordinates":[[28.040903,-26.185255],[28.04105,-26.185259]]}},{"type":"Feature","properties":{"id":"relation/4511835","name":"BRT T3: Thokoza Park => Parktown & Library Gardens East","network":"Rea Vaya"},"geometry":{"type":"LineString","coordinates":[[28.04105,-26.185259],[28.041044,-26.185413]]}},{"type":"Feature","properties":{"id":"relation/4511835","name":"BRT T3: Thokoza Park => Parktown & Library Gardens East","network":"Rea Vaya"},"geometry":{"type":"LineString","coordinates":[[28.041044,-26.185413],[28.041022,-26.185729],[28.040992,-26.186039]]}},{"type":"Feature","properties":{"id":"relation/4511835","name":"BRT T3: Thokoza Park => Parktown & Library Gardens East","network":"Rea Vaya"},"geometry":{"type":"LineString","coordinates":[[28.040992,-26.186039],[28.040973,-26.186388],[28.040966,-26.186464],[28.040969,-26.18655],[28.040972,-26.186631],[28.040991,-26.186734],[28.041035,-26.186893]]}},{"type":"Feature","properties":{"id":"relation/4511835","name":"BRT T3: Thokoza Park => Parktown & Library Gardens East","network":"Rea Vaya"},"geometry":{"type":"LineString","coordinates":[[28.041035,-26.186893],[28.041068,-26.18699],[28.041094,-26.187076],[28.041115,-26.187164],[28.041111,-26.187252],[28.041115,-26.187396],[28.04109,-26.1877],[28.041083,-26.187843],[28.041071,-26.188041]]}},{"type":"Feature","properties":{"id":"relation/4511835","name":"BRT T3: Thokoza Park => Parktown & Library Gardens East","network":"Rea Vaya"},"geometry":{"type":"LineString","coordinates":[[28.041071,-26.188041],[28.041071,-26.188225],[28.04111,-26.188642]]}},{"type":"Feature","properties":{"id":"relation/4511835","name":"BRT T3: Thokoza Park => Parktown & Library Gardens East","network":"Rea Vaya"},"geometry":{"type":"LineString","coordinates":[[28.04111,-26.188642],[28.041119,-26.188732],[28.041162,-26.189122],[28.04118,-26.189266],[28.041204,-26.189577],[28.041212,-26.189682],[28.041218,-26.189879]]}},{"type":"Feature","properties":{"id":"relation/4511835","name":"BRT T3: Thokoza Park => Parktown & Library Gardens East","network":"Rea Vaya"},"geometry":{"type":"LineString","coordinates":[[28.041218,-26.189879],[28.041242,-26.190138],[28.041278,-26.190517]]}},{"type":"Feature","properties":{"id":"relation/4511835","name":"BRT T3: Thokoza Park => Parktown & Library Gardens East","network":"Rea Vaya"},"geometry":{"type":"LineString","coordinates":[[28.041278,-26.190517],[28.041308,-26.190772],[28.041323,-26.190875],[28.041344,-26.191017],[28.041416,-26.191459]]}},{"type":"Feature","properties":{"id":"relation/4511835","name":"BRT T3: Thokoza Park => Parktown & Library Gardens East","network":"Rea Vaya"},"geometry":{"type":"LineString","coordinates":[[28.041416,-26.191459],[28.041481,-26.191899]]}},{"type":"Feature","properties":{"id":"relation/4511835","name":"BRT T3: Thokoza Park => Parktown & Library Gardens East","network":"Rea Vaya"},"geometry":{"type":"LineString","coordinates":[[28.041481,-26.191899],[28.041499,-26.19205],[28.041491,-26.192181],[28.041473,-26.192271],[28.041449,-26.192347]]}},{"type":"Feature","properties":{"id":"relation/4511835","name":"BRT T3: Thokoza Park => Parktown & Library Gardens East","network":"Rea Vaya"},"geometry":{"type":"LineString","coordinates":[[28.041449,-26.192347],[28.041414,-26.192422],[28.041369,-26.192487],[28.041338,-26.192521],[28.041319,-26.192541],[28.041151,-26.192663],[28.041064,-26.192697]]}},{"type":"Feature","properties":{"id":"relation/4511835","name":"BRT T3: Thokoza Park => Parktown & Library Gardens East","network":"Rea Vaya"},"geometry":{"type":"LineString","coordinates":[[28.041064,-26.192697],[28.040963,-26.192723],[28.040102,-26.192949],[28.040067,-26.192962]]}},{"type":"Feature","properties":{"id":"relation/4511835","name":"BRT T3: Thokoza Park => Parktown & Library Gardens East","network":"Rea Vaya"},"geometry":{"type":"LineString","coordinates":[[28.040067,-26.192962],[28.039898,-26.19301],[28.039885,-26.193013],[28.03977,-26.193041],[28.039619,-26.193067],[28.039373,-26.193118],[28.039263,-26.193135],[28.039026,-26.193172],[28.038995,-26.193177],[28.038976,-26.19318],[28.038869,-26.193193]]}},{"type":"Feature","properties":{"id":"relation/4511835","name":"BRT T3: Thokoza Park => Parktown & Library Gardens East","network":"Rea Vaya"},"geometry":{"type":"LineString","coordinates":[[28.038869,-26.193193],[28.038637,-26.193224],[28.038251,-26.193269]]}},{"type":"Feature","properties":{"id":"relation/4511835","name":"BRT T3: Thokoza Park => Parktown & Library Gardens East","network":"Rea Vaya"},"geometry":{"type":"LineString","coordinates":[[28.038251,-26.193269],[28.038307,-26.193488],[28.038355,-26.193589],[28.038393,-26.193668],[28.038448,-26.193745],[28.038641,-26.194032],[28.038777,-26.194252],[28.038927,-26.194492]]}},{"type":"Feature","properties":{"id":"relation/4511835","name":"BRT T3: Thokoza Park => Parktown & Library Gardens East","network":"Rea Vaya"},"geometry":{"type":"LineString","coordinates":[[28.038927,-26.194492],[28.038962,-26.194736],[28.038972,-26.194821]]}},{"type":"Feature","properties":{"id":"relation/4511835","name":"BRT T3: Thokoza Park => Parktown & Library Gardens East","network":"Rea Vaya"},"geometry":{"type":"LineString","coordinates":[[28.038972,-26.194821],[28.039049,-26.195428]]}},{"type":"Feature","properties":{"id":"relation/4511835","name":"BRT T3: Thokoza Park => Parktown & Library Gardens East","network":"Rea Vaya"},"geometry":{"type":"LineString","coordinates":[[28.039049,-26.195428],[28.039163,-26.196224]]}},{"type":"Feature","properties":{"id":"relation/4511835","name":"BRT T3: Thokoza Park => Parktown & Library Gardens East","network":"Rea Vaya"},"geometry":{"type":"LineString","coordinates":[[28.039163,-26.196224],[28.039279,-26.196976]]}},{"type":"Feature","properties":{"id":"relation/4511835","name":"BRT T3: Thokoza Park => Parktown & Library Gardens East","network":"Rea Vaya"},"geometry":{"type":"LineString","coordinates":[[28.039279,-26.196976],[28.039293,-26.19707],[28.039426,-26.197957]]}},{"type":"Feature","properties":{"id":"relation/4511835","name":"BRT T3: Thokoza Park => Parktown & Library Gardens East","network":"Rea Vaya"},"geometry":{"type":"LineString","coordinates":[[28.039426,-26.197957],[28.039468,-26.198233]]}},{"type":"Feature","properties":{"id":"relation/4511835","name":"BRT T3: Thokoza Park => Parktown & Library Gardens East","network":"Rea Vaya"},"geometry":{"type":"LineString","coordinates":[[28.039468,-26.198233],[28.039568,-26.198926]]}},{"type":"Feature","properties":{"id":"relation/4511835","name":"BRT T3: Thokoza Park => Parktown & Library Gardens East","network":"Rea Vaya"},"geometry":{"type":"LineString","coordinates":[[28.039568,-26.198926],[28.039641,-26.199571]]}},{"type":"Feature","properties":{"id":"relation/4511835","name":"BRT T3: Thokoza Park => Parktown & Library Gardens East","network":"Rea Vaya"},"geometry":{"type":"LineString","coordinates":[[28.039641,-26.199571],[28.039727,-26.200323]]}},{"type":"Feature","properties":{"id":"relation/4511835","name":"BRT T3: Thokoza Park => Parktown & Library Gardens East","network":"Rea Vaya"},"geometry":{"type":"LineString","coordinates":[[28.039727,-26.200323],[28.039855,-26.200985],[28.039887,-26.201092],[28.03991,-26.201184],[28.040009,-26.201864],[28.040116,-26.202618]]}},{"type":"Feature","properties":{"id":"relation/4511835","name":"BRT T3: Thokoza Park => Parktown & Library Gardens East","network":"Rea Vaya"},"geometry":{"type":"LineString","coordinates":[[28.040116,-26.202618],[28.040227,-26.203388]]}},{"type":"Feature","properties":{"id":"relation/4511835","name":"BRT T3: Thokoza Park => Parktown & Library Gardens East","network":"Rea Vaya"},"geometry":{"type":"LineString","coordinates":[[28.040227,-26.203388],[28.040346,-26.204141],[28.04045,-26.204868]]}},{"type":"Feature","properties":{"id":"relation/4511835","name":"BRT T3: Thokoza Park => Parktown & Library Gardens East","network":"Rea Vaya"},"geometry":{"type":"LineString","coordinates":[[28.04045,-26.204868],[28.040614,-26.204845],[28.04124,-26.204765],[28.042114,-26.204677]]}},{"type":"Feature","properties":{"id":"relation/4511835","name":"BRT T3: Thokoza Park => Parktown & Library Gardens East","network":"Rea Vaya"},"geometry":{"type":"LineString","coordinates":[[27.922912,-26.23478],[27.922894,-26.234835],[27.922863,-26.234882],[27.922818,-26.234921]]}},{"type":"Feature","properties":{"id":"relation/4511835","name":"BRT T3: Thokoza Park => Parktown & Library Gardens East","network":"Rea Vaya"},"geometry":{"type":"LineString","coordinates":[[27.922818,-26.234921],[27.922774,-26.234938],[27.922728,-26.234945],[27.92268,-26.234942],[27.922641,-26.234931],[27.922604,-26.234913],[27.922568,-26.234883],[27.922542,-26.234845]]}},{"type":"Feature","properties":{"id":"relation/4511835","name":"BRT T3: Thokoza Park => Parktown & Library Gardens East","network":"Rea Vaya"},"geometry":{"type":"LineString","coordinates":[[27.922542,-26.234845],[27.922526,-26.234792],[27.922528,-26.234731],[27.922549,-26.234684],[27.922585,-26.234644],[27.922631,-26.234615],[27.922685,-26.234599],[27.922717,-26.234597]]}},{"type":"Feature","properties":{"id":"relation/4511835","name":"BRT T3: Thokoza Park => Parktown & Library Gardens East","network":"Rea Vaya"},"geometry":{"type":"LineString","coordinates":[[27.922717,-26.234597],[27.922771,-26.234604],[27.922821,-26.234624],[27.922852,-26.234646],[27.922878,-26.234673],[27.922905,-26.234724],[27.922912,-26.23478]]}},{"type":"Feature","properties":{"id":"relation/4511835","name":"BRT T3: Thokoza Park => Parktown & Library Gardens East","network":"Rea Vaya"},"geometry":{"type":"LineString","coordinates":[[27.925352,-26.231538],[27.925364,-26.231577],[27.925368,-26.231618],[27.925344,-26.231701],[27.925284,-26.231766],[27.925258,-26.231782],[27.92523,-26.231794],[27.925201,-26.231803],[27.92517,-26.231807]]}},{"type":"Feature","properties":{"id":"relation/4511835","name":"BRT T3: Thokoza Park => Parktown & Library Gardens East","network":"Rea Vaya"},"geometry":{"type":"LineString","coordinates":[[27.92517,-26.231807],[27.925107,-26.231804],[27.925048,-26.231785],[27.925018,-26.231769],[27.924997,-26.231752],[27.924962,-26.231713],[27.924942,-26.231672],[27.924932,-26.231628]]}},{"type":"Feature","properties":{"id":"relation/4511835","name":"BRT T3: Thokoza Park => Parktown & Library Gardens East","network":"Rea Vaya"},"geometry":{"type":"LineString","coordinates":[[27.924932,-26.231628],[27.924936,-26.23157],[27.924946,-26.231543],[27.924972,-26.231503],[27.925003,-26.231466],[27.925052,-26.231437],[27.925114,-26.231419]]}},{"type":"Feature","properties":{"id":"relation/4511835","name":"BRT T3: Thokoza Park => Parktown & Library Gardens East","network":"Rea Vaya"},"geometry":{"type":"LineString","coordinates":[[27.925114,-26.231419],[27.92516,-26.231416],[27.925205,-26.231423],[27.925241,-26.231435],[27.925271,-26.231449],[27.925291,-26.231463],[27.925326,-26.231497],[27.925352,-26.231538]]}},{"type":"Feature","properties":{"id":"relation/4511835","name":"BRT T3: Thokoza Park => Parktown & Library Gardens East","network":"Rea Vaya"},"geometry":{"type":"LineString","coordinates":[[27.926812,-26.229223],[27.926818,-26.229185],[27.926833,-26.229148],[27.926847,-26.229119],[27.926903,-26.229078],[27.926951,-26.229058],[27.927003,-26.229049]]}},{"type":"Feature","properties":{"id":"relation/4511835","name":"BRT T3: Thokoza Park => Parktown & Library Gardens East","network":"Rea Vaya"},"geometry":{"type":"LineString","coordinates":[[27.927003,-26.229049],[27.927046,-26.229052],[27.927086,-26.229062],[27.927124,-26.22908],[27.927153,-26.229101],[27.927177,-26.229126],[27.927199,-26.229163],[27.927204,-26.229181]]}},{"type":"Feature","properties":{"id":"relation/4511835","name":"BRT T3: Thokoza Park => Parktown & Library Gardens East","network":"Rea Vaya"},"geometry":{"type":"LineString","coordinates":[[27.927204,-26.229181],[27.927209,-26.229264],[27.927191,-26.22931],[27.927161,-26.22935],[27.927119,-26.229382],[27.927082,-26.229398],[27.927043,-26.229407],[27.927003,-26.229409],[27.92696,-26.229403]]}},{"type":"Feature","properties":{"id":"relation/4511835","name":"BRT T3: Thokoza Park => Parktown & Library Gardens East","network":"Rea Vaya"},"geometry":{"type":"LineString","coordinates":[[27.92696,-26.229403],[27.926919,-26.229389],[27.926883,-26.229367],[27.926851,-26.229336],[27.926828,-26.2293],[27.926815,-26.229262],[27.926812,-26.229223]]}},{"type":"Feature","properties":{"id":"relation/4513582","name":"Bus C2: Dobsonville => Maponya Mall","network":"Rea Vaya"},"geometry":{"type":"LineString","coordinates":[[27.87305,-26.226368],[27.873017,-26.22649],[27.872939,-26.226757],[27.8729,-26.226893],[27.872863,-26.227044],[27.872825,-26.227198],[27.872788,-26.22737],[27.872765,-26.22752],[27.872753,-26.227658],[27.872748,-26.227757],[27.872747,-26.227894],[27.872753,-26.227988],[27.872768,-26.228123],[27.872783,-26.228243],[27.872795,-26.228321],[27.872813,-26.228417],[27.872856,-26.228567],[27.872907,-26.228715]]}},{"type":"Feature","properties":{"id":"relation/4513582","name":"Bus C2: Dobsonville => Maponya Mall","network":"Rea Vaya"},"geometry":{"type":"LineString","coordinates":[[27.874365,-26.23175],[27.87433,-26.231807],[27.874237,-26.231934],[27.874118,-26.232067],[27.873967,-26.232211],[27.873798,-26.232357],[27.873704,-26.232432],[27.873516,-26.232551],[27.873344,-26.232638],[27.873121,-26.232747],[27.872909,-26.232846],[27.872423,-26.233057],[27.871964,-26.233254],[27.871108,-26.233631],[27.870744,-26.233783],[27.870706,-26.2338],[27.870627,-26.233835],[27.870459,-26.23391],[27.870095,-26.234067],[27.869783,-26.234203],[27.869634,-26.234258],[27.869303,-26.234374],[27.869067,-26.234459],[27.868767,-26.234553],[27.868649,-26.234585],[27.868532,-26.234616],[27.868447,-26.234635],[27.868309,-26.234662],[27.868191,-26.234683],[27.868113,-26.234694],[27.868029,-26.234706],[27.867512,-26.234741],[27.866994,-26.234763],[27.866037,-26.234867],[27.865688,-26.234913]]}},{"type":"Feature","properties":{"id":"relation/4513582","name":"Bus C2: Dobsonville => Maponya Mall","network":"Rea Vaya"},"geometry":{"type":"LineString","coordinates":[[27.874463,-26.231612],[27.874411,-26.231688],[27.874365,-26.23175]]}},{"type":"Feature","properties":{"id":"relation/4513582","name":"Bus C2: Dobsonville => Maponya Mall","network":"Rea Vaya"},"geometry":{"type":"LineString","coordinates":[[27.865688,-26.234913],[27.865256,-26.234981]]}},{"type":"Feature","properties":{"id":"relation/4513582","name":"Bus C2: Dobsonville => Maponya Mall","network":"Rea Vaya"},"geometry":{"type":"LineString","coordinates":[[27.865256,-26.234981],[27.864927,-26.235048]]}},{"type":"Feature","properties":{"id":"relation/4513582","name":"Bus C2: Dobsonville => Maponya Mall","network":"Rea Vaya"},"geometry":{"type":"LineString","coordinates":[[27.864927,-26.235048],[27.86456,-26.235118],[27.864377,-26.235163],[27.86415,-26.235239],[27.863745,-26.235394],[27.863279,-26.235584],[27.863117,-26.23566],[27.862898,-26.235765],[27.862537,-26.235947],[27.862418,-26.23601],[27.862237,-26.236109]]}},{"type":"Feature","properties":{"id":"relation/4513582","name":"Bus C2: Dobsonville => Maponya Mall","network":"Rea Vaya"},"geometry":{"type":"LineString","coordinates":[[27.862237,-26.236109],[27.862026,-26.236245]]}},{"type":"Feature","properties":{"id":"relation/4513582","name":"Bus C2: Dobsonville => Maponya Mall","network":"Rea Vaya"},"geometry":{"type":"LineString","coordinates":[[27.862026,-26.236245],[27.86182,-26.23638],[27.861785,-26.236404]]}},{"type":"Feature","properties":{"id":"relation/4513582","name":"Bus C2: Dobsonville => Maponya Mall","network":"Rea Vaya"},"geometry":{"type":"LineString","coordinates":[[27.861785,-26.236404],[27.861717,-26.236448],[27.861678,-26.236473],[27.861494,-26.2366],[27.861155,-26.236832],[27.860802,-26.237085],[27.86055,-26.237258],[27.86034,-26.237412],[27.860251,-26.237483],[27.860151,-26.237575],[27.860029,-26.237692],[27.859859,-26.237852],[27.85955,-26.238158]]}},{"type":"Feature","properties":{"id":"relation/4513582","name":"Bus C2: Dobsonville => Maponya Mall","network":"Rea Vaya"},"geometry":{"type":"LineString","coordinates":[[27.85955,-26.238158],[27.859246,-26.238441]]}},{"type":"Feature","properties":{"id":"relation/4513582","name":"Bus C2: Dobsonville => Maponya Mall","network":"Rea Vaya"},"geometry":{"type":"LineString","coordinates":[[27.859246,-26.238441],[27.858945,-26.238817],[27.858921,-26.238847]]}},{"type":"Feature","properties":{"id":"relation/4513582","name":"Bus C2: Dobsonville => Maponya Mall","network":"Rea Vaya"},"geometry":{"type":"LineString","coordinates":[[27.858921,-26.238847],[27.858869,-26.238911],[27.858856,-26.238928],[27.858773,-26.239044]]}},{"type":"Feature","properties":{"id":"relation/4513582","name":"Bus C2: Dobsonville => Maponya Mall","network":"Rea Vaya"},"geometry":{"type":"LineString","coordinates":[[27.858773,-26.239044],[27.858603,-26.23929]]}},{"type":"Feature","properties":{"id":"relation/4513582","name":"Bus C2: Dobsonville => Maponya Mall","network":"Rea Vaya"},"geometry":{"type":"LineString","coordinates":[[27.858603,-26.23929],[27.858399,-26.239569],[27.85837,-26.239619],[27.858086,-26.240012],[27.857917,-26.240271],[27.857605,-26.24075],[27.857562,-26.240826],[27.857141,-26.241542],[27.85678,-26.242177],[27.856643,-26.242425],[27.855928,-26.243715],[27.855887,-26.243789],[27.855842,-26.243876],[27.855815,-26.243927],[27.855647,-26.244254],[27.855618,-26.24431],[27.855584,-26.244369],[27.855514,-26.244493],[27.855423,-26.24469],[27.855345,-26.244834],[27.855137,-26.245206],[27.855052,-26.245357],[27.854998,-26.245451],[27.85495,-26.245543],[27.854913,-26.245619],[27.854864,-26.245727],[27.854819,-26.245829],[27.854792,-26.245896],[27.854745,-26.246012],[27.854615,-26.246326],[27.854549,-26.246488],[27.854346,-26.246961],[27.854291,-26.247108],[27.854263,-26.247195],[27.854244,-26.247274],[27.854227,-26.247352],[27.854199,-26.247539],[27.854121,-26.247963],[27.854084,-26.248178],[27.854065,-26.248331],[27.854058,-26.248453]]}},{"type":"Feature","properties":{"id":"relation/4513582","name":"Bus C2: Dobsonville => Maponya Mall","network":"Rea Vaya"},"geometry":{"type":"LineString","coordinates":[[27.854058,-26.248453],[27.854053,-26.248538],[27.854055,-26.248605],[27.854058,-26.248664]]}},{"type":"Feature","properties":{"id":"relation/4513582","name":"Bus C2: Dobsonville => Maponya Mall","network":"Rea Vaya"},"geometry":{"type":"LineString","coordinates":[[27.854058,-26.248664],[27.854055,-26.248938],[27.854054,-26.248961],[27.854024,-26.249954],[27.854023,-26.250177],[27.854033,-26.250351],[27.854049,-26.250557],[27.854076,-26.250744],[27.854114,-26.251012],[27.854135,-26.251153],[27.85418,-26.251508],[27.85423,-26.251841],[27.854238,-26.251908],[27.854251,-26.251993],[27.854269,-26.252123],[27.854336,-26.252569]]}},{"type":"Feature","properties":{"id":"relation/4513582","name":"Bus C2: Dobsonville => Maponya Mall","network":"Rea Vaya"},"geometry":{"type":"LineString","coordinates":[[27.854336,-26.252569],[27.854381,-26.252895]]}},{"type":"Feature","properties":{"id":"relation/4513582","name":"Bus C2: Dobsonville => Maponya Mall","network":"Rea Vaya"},"geometry":{"type":"LineString","coordinates":[[27.854381,-26.252895],[27.854433,-26.253219],[27.854447,-26.253282],[27.854496,-26.253533],[27.854649,-26.254249]]}},{"type":"Feature","properties":{"id":"relation/4513582","name":"Bus C2: Dobsonville => Maponya Mall","network":"Rea Vaya"},"geometry":{"type":"LineString","coordinates":[[27.854649,-26.254249],[27.854711,-26.254542]]}},{"type":"Feature","properties":{"id":"relation/4513582","name":"Bus C2: Dobsonville => Maponya Mall","network":"Rea Vaya"},"geometry":{"type":"LineString","coordinates":[[27.854711,-26.254542],[27.854739,-26.254674],[27.854767,-26.25481],[27.854777,-26.254854],[27.854855,-26.255219],[27.854891,-26.255368],[27.854928,-26.255498],[27.854952,-26.255578],[27.855059,-26.255924],[27.855183,-26.256298],[27.855372,-26.256875],[27.855551,-26.257421]]}},{"type":"Feature","properties":{"id":"relation/4513582","name":"Bus C2: Dobsonville => Maponya Mall","network":"Rea Vaya"},"geometry":{"type":"LineString","coordinates":[[27.855551,-26.257421],[27.855596,-26.257576],[27.855636,-26.257719],[27.855657,-26.25783],[27.85573,-26.258173],[27.855763,-26.258327],[27.855785,-26.2584],[27.855806,-26.258474]]}},{"type":"Feature","properties":{"id":"relation/4513582","name":"Bus C2: Dobsonville => Maponya Mall","network":"Rea Vaya"},"geometry":{"type":"LineString","coordinates":[[27.855806,-26.258474],[27.855909,-26.258799]]}},{"type":"Feature","properties":{"id":"relation/4513582","name":"Bus C2: Dobsonville => Maponya Mall","network":"Rea Vaya"},"geometry":{"type":"LineString","coordinates":[[27.855909,-26.258799],[27.855917,-26.258821],[27.855984,-26.259021],[27.856033,-26.259165],[27.856142,-26.2595],[27.856284,-26.259929],[27.8563,-26.259976]]}},{"type":"Feature","properties":{"id":"relation/4513582","name":"Bus C2: Dobsonville => Maponya Mall","network":"Rea Vaya"},"geometry":{"type":"LineString","coordinates":[[27.8563,-26.259976],[27.856319,-26.260034]]}},{"type":"Feature","properties":{"id":"relation/4513582","name":"Bus C2: Dobsonville => Maponya Mall","network":"Rea Vaya"},"geometry":{"type":"LineString","coordinates":[[27.856319,-26.260034],[27.85633,-26.260068],[27.856409,-26.260303],[27.856437,-26.260393],[27.85665,-26.261057],[27.856825,-26.261595],[27.856902,-26.261831],[27.857009,-26.262133],[27.857056,-26.262279],[27.857209,-26.262755],[27.857307,-26.263059],[27.857361,-26.263218],[27.857526,-26.263713],[27.857578,-26.263891],[27.85768,-26.264197],[27.857851,-26.264706],[27.857926,-26.264928],[27.857948,-26.264994]]}},{"type":"Feature","properties":{"id":"relation/4513582","name":"Bus C2: Dobsonville => Maponya Mall","network":"Rea Vaya"},"geometry":{"type":"LineString","coordinates":[[27.857948,-26.264994],[27.857963,-26.26504]]}},{"type":"Feature","properties":{"id":"relation/4513582","name":"Bus C2: Dobsonville => Maponya Mall","network":"Rea Vaya"},"geometry":{"type":"LineString","coordinates":[[27.857963,-26.26504],[27.858077,-26.265413],[27.858283,-26.266039],[27.858345,-26.266172],[27.858429,-26.266329],[27.85849,-26.266426],[27.858619,-26.266606],[27.858763,-26.266782],[27.858957,-26.266958],[27.859064,-26.267045],[27.859135,-26.267094],[27.859293,-26.267202],[27.859498,-26.267312],[27.859692,-26.267407],[27.859834,-26.267459],[27.859933,-26.267488],[27.860126,-26.267537],[27.860235,-26.267559],[27.860378,-26.267584]]}},{"type":"Feature","properties":{"id":"relation/4513582","name":"Bus C2: Dobsonville => Maponya Mall","network":"Rea Vaya"},"geometry":{"type":"LineString","coordinates":[[27.860378,-26.267584],[27.860389,-26.267586],[27.860465,-26.267591],[27.860571,-26.267598]]}},{"type":"Feature","properties":{"id":"relation/4513582","name":"Bus C2: Dobsonville => Maponya Mall","network":"Rea Vaya"},"geometry":{"type":"LineString","coordinates":[[27.860571,-26.267598],[27.861623,-26.267674],[27.862444,-26.267736]]}},{"type":"Feature","properties":{"id":"relation/4513582","name":"Bus C2: Dobsonville => Maponya Mall","network":"Rea Vaya"},"geometry":{"type":"LineString","coordinates":[[27.862444,-26.267736],[27.863076,-26.267771],[27.863804,-26.267825]]}},{"type":"Feature","properties":{"id":"relation/4513582","name":"Bus C2: Dobsonville => Maponya Mall","network":"Rea Vaya"},"geometry":{"type":"LineString","coordinates":[[27.863804,-26.267825],[27.86445,-26.267878]]}},{"type":"Feature","properties":{"id":"relation/4513582","name":"Bus C2: Dobsonville => Maponya Mall","network":"Rea Vaya"},"geometry":{"type":"LineString","coordinates":[[27.86445,-26.267878],[27.864737,-26.2679],[27.864968,-26.267917],[27.865478,-26.267955],[27.865719,-26.267975],[27.866027,-26.268001],[27.866365,-26.26803],[27.866541,-26.268044],[27.867224,-26.268098],[27.86779,-26.268143],[27.869538,-26.268288],[27.869833,-26.268307],[27.871692,-26.26845],[27.872213,-26.26849],[27.87233,-26.268499],[27.872746,-26.268532],[27.874266,-26.26865],[27.874692,-26.26868],[27.87528,-26.268729],[27.875389,-26.268737],[27.875689,-26.268779]]}},{"type":"Feature","properties":{"id":"relation/4513582","name":"Bus C2: Dobsonville => Maponya Mall","network":"Rea Vaya"},"geometry":{"type":"LineString","coordinates":[[27.875613,-26.269003],[27.875599,-26.268941],[27.875608,-26.268879],[27.875639,-26.268823],[27.875689,-26.268779]]}},{"type":"Feature","properties":{"id":"relation/4513582","name":"Bus C2: Dobsonville => Maponya Mall","network":"Rea Vaya"},"geometry":{"type":"LineString","coordinates":[[27.875668,-26.269074],[27.875636,-26.269041],[27.875613,-26.269003]]}},{"type":"Feature","properties":{"id":"relation/4513582","name":"Bus C2: Dobsonville => Maponya Mall","network":"Rea Vaya"},"geometry":{"type":"LineString","coordinates":[[27.875919,-26.269096],[27.875857,-26.269119],[27.87579,-26.269122],[27.875725,-26.269107],[27.875668,-26.269074]]}},{"type":"Feature","properties":{"id":"relation/4513582","name":"Bus C2: Dobsonville => Maponya Mall","network":"Rea Vaya"},"geometry":{"type":"LineString","coordinates":[[27.875999,-26.26885],[27.876013,-26.268881],[27.876021,-26.26893],[27.876015,-26.268978],[27.875995,-26.269025],[27.875962,-26.269065],[27.875919,-26.269096]]}},{"type":"Feature","properties":{"id":"relation/4513582","name":"Bus C2: Dobsonville => Maponya Mall","network":"Rea Vaya"},"geometry":{"type":"LineString","coordinates":[[27.875956,-26.268798],[27.875999,-26.26885]]}},{"type":"Feature","properties":{"id":"relation/4513582","name":"Bus C2: Dobsonville => Maponya Mall","network":"Rea Vaya"},"geometry":{"type":"LineString","coordinates":[[27.875689,-26.268779],[27.875754,-26.268752],[27.875826,-26.268746],[27.875896,-26.268762],[27.875956,-26.268798]]}},{"type":"Feature","properties":{"id":"relation/4513582","name":"Bus C2: Dobsonville => Maponya Mall","network":"Rea Vaya"},"geometry":{"type":"LineString","coordinates":[[27.875896,-26.268762],[27.876076,-26.268558],[27.87737,-26.26657],[27.877767,-26.266085],[27.878206,-26.265638],[27.87861,-26.265256],[27.878626,-26.265238],[27.878801,-26.265105]]}},{"type":"Feature","properties":{"id":"relation/4513582","name":"Bus C2: Dobsonville => Maponya Mall","network":"Rea Vaya"},"geometry":{"type":"LineString","coordinates":[[27.878959,-26.265239],[27.878928,-26.265233],[27.87889,-26.26522],[27.878866,-26.265206],[27.878839,-26.265179],[27.878825,-26.265163],[27.87881,-26.26514],[27.878801,-26.265105],[27.878806,-26.26506],[27.878811,-26.265025],[27.878823,-26.264986]]}},{"type":"Feature","properties":{"id":"relation/4513582","name":"Bus C2: Dobsonville => Maponya Mall","network":"Rea Vaya"},"geometry":{"type":"LineString","coordinates":[[27.878823,-26.264986],[27.878833,-26.26497],[27.878848,-26.264955],[27.878872,-26.264931],[27.878897,-26.264915],[27.878926,-26.264899],[27.878961,-26.264888],[27.878992,-26.264882],[27.879022,-26.264879],[27.879042,-26.264877],[27.879064,-26.264875]]}},{"type":"Feature","properties":{"id":"relation/4513582","name":"Bus C2: Dobsonville => Maponya Mall","network":"Rea Vaya"},"geometry":{"type":"LineString","coordinates":[[27.879064,-26.264875],[27.879122,-26.264851],[27.87917,-26.264821],[27.879244,-26.264761],[27.879318,-26.264695],[27.879447,-26.264566],[27.879634,-26.264449],[27.879867,-26.264332],[27.880063,-26.264242],[27.880678,-26.263982]]}},{"type":"Feature","properties":{"id":"relation/4513582","name":"Bus C2: Dobsonville => Maponya Mall","network":"Rea Vaya"},"geometry":{"type":"LineString","coordinates":[[27.880678,-26.263982],[27.880892,-26.263886],[27.881071,-26.263805]]}},{"type":"Feature","properties":{"id":"relation/4513582","name":"Bus C2: Dobsonville => Maponya Mall","network":"Rea Vaya"},"geometry":{"type":"LineString","coordinates":[[27.881071,-26.263805],[27.881425,-26.263658],[27.881581,-26.263609],[27.881813,-26.263554],[27.882335,-26.263423],[27.882428,-26.263403],[27.88282,-26.263326],[27.883505,-26.263242],[27.883954,-26.263191],[27.884229,-26.26316],[27.884315,-26.263151],[27.884412,-26.26314],[27.884466,-26.263133],[27.884521,-26.263119],[27.884564,-26.263103],[27.884624,-26.263078]]}},{"type":"Feature","properties":{"id":"relation/4513582","name":"Bus C2: Dobsonville => Maponya Mall","network":"Rea Vaya"},"geometry":{"type":"LineString","coordinates":[[27.884983,-26.262937],[27.885017,-26.262953],[27.885081,-26.262992],[27.885102,-26.263031],[27.885129,-26.263086],[27.885133,-26.263115],[27.885133,-26.263145],[27.88512,-26.263189],[27.885074,-26.263266],[27.885048,-26.263289],[27.885017,-26.263316],[27.88497,-26.263343]]}},{"type":"Feature","properties":{"id":"relation/4513582","name":"Bus C2: Dobsonville => Maponya Mall","network":"Rea Vaya"},"geometry":{"type":"LineString","coordinates":[[27.88497,-26.263343],[27.884906,-26.263364],[27.884857,-26.263371],[27.884819,-26.26337],[27.884789,-26.263364],[27.884744,-26.263343],[27.884719,-26.263332]]}},{"type":"Feature","properties":{"id":"relation/4513582","name":"Bus C2: Dobsonville => Maponya Mall","network":"Rea Vaya"},"geometry":{"type":"LineString","coordinates":[[27.884719,-26.263332],[27.884646,-26.26326],[27.884621,-26.263223],[27.88461,-26.263173],[27.884614,-26.263123],[27.884624,-26.263078],[27.884651,-26.26305],[27.884707,-26.262993],[27.884748,-26.262944]]}},{"type":"Feature","properties":{"id":"relation/4513582","name":"Bus C2: Dobsonville => Maponya Mall","network":"Rea Vaya"},"geometry":{"type":"LineString","coordinates":[[27.884748,-26.262944],[27.884808,-26.262924],[27.884845,-26.262916],[27.884872,-26.262914],[27.884893,-26.262916],[27.88493,-26.262924],[27.884983,-26.262937]]}},{"type":"Feature","properties":{"id":"relation/4513582","name":"Bus C2: Dobsonville => Maponya Mall","network":"Rea Vaya"},"geometry":{"type":"LineString","coordinates":[[27.885081,-26.262992],[27.88516,-26.263018],[27.885231,-26.263028],[27.885337,-26.26303],[27.885403,-26.263022],[27.885485,-26.262998],[27.885539,-26.262987],[27.885728,-26.262949],[27.886188,-26.262893],[27.887179,-26.262776],[27.887594,-26.262733],[27.888473,-26.262614]]}},{"type":"Feature","properties":{"id":"relation/4513582","name":"Bus C2: Dobsonville => Maponya Mall","network":"Rea Vaya"},"geometry":{"type":"LineString","coordinates":[[27.888473,-26.262614],[27.889381,-26.262456]]}},{"type":"Feature","properties":{"id":"relation/4513582","name":"Bus C2: Dobsonville => Maponya Mall","network":"Rea Vaya"},"geometry":{"type":"LineString","coordinates":[[27.889381,-26.262456],[27.889694,-26.262405]]}},{"type":"Feature","properties":{"id":"relation/4513582","name":"Bus C2: Dobsonville => Maponya Mall","network":"Rea Vaya"},"geometry":{"type":"LineString","coordinates":[[27.889694,-26.262405],[27.889894,-26.262378]]}},{"type":"Feature","properties":{"id":"relation/4513582","name":"Bus C2: Dobsonville => Maponya Mall","network":"Rea Vaya"},"geometry":{"type":"LineString","coordinates":[[27.889894,-26.262378],[27.890022,-26.262364]]}},{"type":"Feature","properties":{"id":"relation/4513582","name":"Bus C2: Dobsonville => Maponya Mall","network":"Rea Vaya"},"geometry":{"type":"LineString","coordinates":[[27.890022,-26.262364],[27.890059,-26.262356],[27.890191,-26.262341],[27.89024,-26.262332]]}},{"type":"Feature","properties":{"id":"relation/4513582","name":"Bus C2: Dobsonville => Maponya Mall","network":"Rea Vaya"},"geometry":{"type":"LineString","coordinates":[[27.89024,-26.262332],[27.890359,-26.262309]]}},{"type":"Feature","properties":{"id":"relation/4513582","name":"Bus C2: Dobsonville => Maponya Mall","network":"Rea Vaya"},"geometry":{"type":"LineString","coordinates":[[27.890359,-26.262309],[27.890876,-26.262226],[27.892267,-26.262023],[27.892552,-26.261973],[27.893866,-26.261742],[27.894401,-26.261677],[27.89631,-26.261439],[27.896832,-26.261368]]}},{"type":"Feature","properties":{"id":"relation/4513582","name":"Bus C2: Dobsonville => Maponya Mall","network":"Rea Vaya"},"geometry":{"type":"LineString","coordinates":[[27.896832,-26.261368],[27.897479,-26.261273]]}},{"type":"Feature","properties":{"id":"relation/4513582","name":"Bus C2: Dobsonville => Maponya Mall","network":"Rea Vaya"},"geometry":{"type":"LineString","coordinates":[[27.897479,-26.261273],[27.897976,-26.261208],[27.898436,-26.261133],[27.898823,-26.26107],[27.899312,-26.260995],[27.899693,-26.260913],[27.899945,-26.26088],[27.900751,-26.260779],[27.901659,-26.260669],[27.902379,-26.260581],[27.902766,-26.260532],[27.903368,-26.26047],[27.90375,-26.260424],[27.903852,-26.260404],[27.904135,-26.26037],[27.904772,-26.260287],[27.905646,-26.260178],[27.906169,-26.260113],[27.907014,-26.260009],[27.908015,-26.259886],[27.908137,-26.259871],[27.908212,-26.259861],[27.909066,-26.259755],[27.910056,-26.259634],[27.910862,-26.259531],[27.911185,-26.259492],[27.911266,-26.259483]]}},{"type":"Feature","properties":{"id":"relation/4513582","name":"Bus C2: Dobsonville => Maponya Mall","network":"Rea Vaya"},"geometry":{"type":"LineString","coordinates":[[27.855745,-26.258494],[27.855632,-26.258128],[27.855615,-26.25806],[27.855569,-26.257859],[27.855513,-26.257662],[27.855444,-26.257451]]}},{"type":"Feature","properties":{"id":"relation/4513582","name":"Bus C2: Dobsonville => Maponya Mall","network":"Rea Vaya"},"geometry":{"type":"LineString","coordinates":[[27.855444,-26.257451],[27.855388,-26.257285],[27.855264,-26.256906],[27.854989,-26.25607],[27.85489,-26.255752],[27.854779,-26.255399],[27.854732,-26.255192],[27.854663,-26.254875],[27.854653,-26.254828],[27.854626,-26.254699],[27.854596,-26.254558],[27.854371,-26.253484]]}},{"type":"Feature","properties":{"id":"relation/4513582","name":"Bus C2: Dobsonville => Maponya Mall","network":"Rea Vaya"},"geometry":{"type":"LineString","coordinates":[[27.854371,-26.253484],[27.854329,-26.253266]]}},{"type":"Feature","properties":{"id":"relation/4513582","name":"Bus C2: Dobsonville => Maponya Mall","network":"Rea Vaya"},"geometry":{"type":"LineString","coordinates":[[27.854329,-26.253266],[27.85427,-26.252917]]}},{"type":"Feature","properties":{"id":"relation/4513582","name":"Bus C2: Dobsonville => Maponya Mall","network":"Rea Vaya"},"geometry":{"type":"LineString","coordinates":[[27.85427,-26.252917],[27.854232,-26.252652],[27.854159,-26.252136],[27.85414,-26.251998],[27.854073,-26.251526],[27.853965,-26.250773],[27.853944,-26.25061],[27.853928,-26.250473],[27.853919,-26.250358],[27.853913,-26.250236],[27.853908,-26.250101],[27.853927,-26.249091],[27.853931,-26.24899],[27.853928,-26.248657]]}},{"type":"Feature","properties":{"id":"relation/4513582","name":"Bus C2: Dobsonville => Maponya Mall","network":"Rea Vaya"},"geometry":{"type":"LineString","coordinates":[[27.853928,-26.248657],[27.853927,-26.248565],[27.853932,-26.248515],[27.853944,-26.248455]]}},{"type":"Feature","properties":{"id":"relation/4513582","name":"Bus C2: Dobsonville => Maponya Mall","network":"Rea Vaya"},"geometry":{"type":"LineString","coordinates":[[27.853944,-26.248455],[27.853959,-26.248382],[27.853992,-26.248148],[27.854001,-26.24808],[27.854118,-26.247364],[27.854152,-26.247211],[27.85418,-26.247104],[27.854251,-26.246916],[27.854309,-26.24678]]}},{"type":"Feature","properties":{"id":"relation/4513582","name":"Bus C2: Dobsonville => Maponya Mall","network":"Rea Vaya"},"geometry":{"type":"LineString","coordinates":[[27.854309,-26.24678],[27.854456,-26.246434],[27.854518,-26.2463]]}},{"type":"Feature","properties":{"id":"relation/4513582","name":"Bus C2: Dobsonville => Maponya Mall","network":"Rea Vaya"},"geometry":{"type":"LineString","coordinates":[[27.854518,-26.2463],[27.854692,-26.245868],[27.854802,-26.245615],[27.854867,-26.245482],[27.854971,-26.245294]]}},{"type":"Feature","properties":{"id":"relation/4513582","name":"Bus C2: Dobsonville => Maponya Mall","network":"Rea Vaya"},"geometry":{"type":"LineString","coordinates":[[27.854971,-26.245294],[27.855223,-26.244833]]}},{"type":"Feature","properties":{"id":"relation/4513582","name":"Bus C2: Dobsonville => Maponya Mall","network":"Rea Vaya"},"geometry":{"type":"LineString","coordinates":[[27.855223,-26.244833],[27.855318,-26.244663],[27.855498,-26.244335],[27.855537,-26.244265]]}},{"type":"Feature","properties":{"id":"relation/4513582","name":"Bus C2: Dobsonville => Maponya Mall","network":"Rea Vaya"},"geometry":{"type":"LineString","coordinates":[[27.855537,-26.244265],[27.855565,-26.244217],[27.85561,-26.244139]]}},{"type":"Feature","properties":{"id":"relation/4513582","name":"Bus C2: Dobsonville => Maponya Mall","network":"Rea Vaya"},"geometry":{"type":"LineString","coordinates":[[27.85561,-26.244139],[27.855769,-26.243843],[27.855813,-26.243755]]}},{"type":"Feature","properties":{"id":"relation/4513582","name":"Bus C2: Dobsonville => Maponya Mall","network":"Rea Vaya"},"geometry":{"type":"LineString","coordinates":[[27.855813,-26.243755],[27.855853,-26.243684],[27.856268,-26.242943],[27.856719,-26.242146],[27.857173,-26.241277]]}},{"type":"Feature","properties":{"id":"relation/4513582","name":"Bus C2: Dobsonville => Maponya Mall","network":"Rea Vaya"},"geometry":{"type":"LineString","coordinates":[[27.857173,-26.241277],[27.85729,-26.241072]]}},{"type":"Feature","properties":{"id":"relation/4513582","name":"Bus C2: Dobsonville => Maponya Mall","network":"Rea Vaya"},"geometry":{"type":"LineString","coordinates":[[27.85729,-26.241072],[27.857511,-26.240711]]}},{"type":"Feature","properties":{"id":"relation/4513582","name":"Bus C2: Dobsonville => Maponya Mall","network":"Rea Vaya"},"geometry":{"type":"LineString","coordinates":[[27.857511,-26.240711],[27.857782,-26.240284]]}},{"type":"Feature","properties":{"id":"relation/4513582","name":"Bus C2: Dobsonville => Maponya Mall","network":"Rea Vaya"},"geometry":{"type":"LineString","coordinates":[[27.857782,-26.240284],[27.85792,-26.240076],[27.858001,-26.239955]]}},{"type":"Feature","properties":{"id":"relation/4513582","name":"Bus C2: Dobsonville => Maponya Mall","network":"Rea Vaya"},"geometry":{"type":"LineString","coordinates":[[27.858001,-26.239955],[27.858216,-26.239669],[27.858321,-26.239516],[27.858521,-26.23924],[27.858693,-26.238974]]}},{"type":"Feature","properties":{"id":"relation/4513582","name":"Bus C2: Dobsonville => Maponya Mall","network":"Rea Vaya"},"geometry":{"type":"LineString","coordinates":[[27.858693,-26.238974],[27.858773,-26.238865],[27.858828,-26.23879]]}},{"type":"Feature","properties":{"id":"relation/4513582","name":"Bus C2: Dobsonville => Maponya Mall","network":"Rea Vaya"},"geometry":{"type":"LineString","coordinates":[[27.858828,-26.23879],[27.85885,-26.238762],[27.858883,-26.23872],[27.859012,-26.238572],[27.859095,-26.23849],[27.859198,-26.238382],[27.85941,-26.238163],[27.859635,-26.237943],[27.859921,-26.237662],[27.860104,-26.237484],[27.860183,-26.237418],[27.860277,-26.237346],[27.86039,-26.237266],[27.86078,-26.236992],[27.861113,-26.236758]]}},{"type":"Feature","properties":{"id":"relation/4513582","name":"Bus C2: Dobsonville => Maponya Mall","network":"Rea Vaya"},"geometry":{"type":"LineString","coordinates":[[27.861113,-26.236758],[27.861344,-26.236593]]}},{"type":"Feature","properties":{"id":"relation/4513582","name":"Bus C2: Dobsonville => Maponya Mall","network":"Rea Vaya"},"geometry":{"type":"LineString","coordinates":[[27.861344,-26.236593],[27.861478,-26.236492],[27.861581,-26.236419],[27.861648,-26.236373],[27.861721,-26.236322]]}},{"type":"Feature","properties":{"id":"relation/4513582","name":"Bus C2: Dobsonville => Maponya Mall","network":"Rea Vaya"},"geometry":{"type":"LineString","coordinates":[[27.861721,-26.236322],[27.861752,-26.236303],[27.861945,-26.236178],[27.862105,-26.236076],[27.862289,-26.23597],[27.8625,-26.235862],[27.862706,-26.235759],[27.86288,-26.235674],[27.863145,-26.235548],[27.863332,-26.235463],[27.863774,-26.235289],[27.864131,-26.235151],[27.864283,-26.235099]]}},{"type":"Feature","properties":{"id":"relation/4513582","name":"Bus C2: Dobsonville => Maponya Mall","network":"Rea Vaya"},"geometry":{"type":"LineString","coordinates":[[27.864283,-26.235099],[27.864421,-26.235056],[27.864548,-26.235027]]}},{"type":"Feature","properties":{"id":"relation/4513582","name":"Bus C2: Dobsonville => Maponya Mall","network":"Rea Vaya"},"geometry":{"type":"LineString","coordinates":[[27.864548,-26.235027],[27.864912,-26.23495]]}},{"type":"Feature","properties":{"id":"relation/4513582","name":"Bus C2: Dobsonville => Maponya Mall","network":"Rea Vaya"},"geometry":{"type":"LineString","coordinates":[[27.864912,-26.23495],[27.865229,-26.234894],[27.865813,-26.234806],[27.866375,-26.234734],[27.866601,-26.234707],[27.866883,-26.234676],[27.867246,-26.234659],[27.867481,-26.234652]]}},{"type":"Feature","properties":{"id":"relation/4513582","name":"Bus C2: Dobsonville => Maponya Mall","network":"Rea Vaya"},"geometry":{"type":"LineString","coordinates":[[27.867481,-26.234652],[27.867767,-26.234632],[27.868028,-26.234609],[27.868234,-26.234576],[27.868434,-26.234535],[27.868708,-26.234454],[27.868939,-26.234371],[27.869294,-26.234238],[27.869808,-26.234031],[27.870143,-26.233899],[27.870462,-26.233754],[27.870632,-26.233681],[27.871032,-26.23351],[27.872351,-26.232929],[27.873102,-26.232621],[27.87332,-26.232531],[27.87346,-26.232461],[27.873543,-26.232412],[27.873626,-26.232354],[27.873732,-26.232274],[27.87386,-26.232164],[27.87393,-26.232095]]}},{"type":"Feature","properties":{"id":"relation/4513582","name":"Bus C2: Dobsonville => Maponya Mall","network":"Rea Vaya"},"geometry":{"type":"LineString","coordinates":[[27.87393,-26.232095],[27.874052,-26.231958],[27.874122,-26.231886],[27.874175,-26.231814]]}},{"type":"Feature","properties":{"id":"relation/4513582","name":"Bus C2: Dobsonville => Maponya Mall","network":"Rea Vaya"},"geometry":{"type":"LineString","coordinates":[[27.874175,-26.231814],[27.874292,-26.231655]]}},{"type":"Feature","properties":{"id":"relation/4513582","name":"Bus C2: Dobsonville => Maponya Mall","network":"Rea Vaya"},"geometry":{"type":"LineString","coordinates":[[27.874292,-26.231655],[27.874336,-26.231594]]}},{"type":"Feature","properties":{"id":"relation/4513582","name":"Bus C2: Dobsonville => Maponya Mall","network":"Rea Vaya"},"geometry":{"type":"LineString","coordinates":[[27.874336,-26.231594],[27.874394,-26.231515],[27.874449,-26.231441]]}},{"type":"Feature","properties":{"id":"relation/4513582","name":"Bus C2: Dobsonville => Maponya Mall","network":"Rea Vaya"},"geometry":{"type":"LineString","coordinates":[[27.874449,-26.231441],[27.874799,-26.230966],[27.874978,-26.230712],[27.875237,-26.230372]]}},{"type":"Feature","properties":{"id":"relation/4514729","name":"Bus F2: Protea Glen => Thokoza Park","network":"Rea Vaya"},"geometry":{"type":"LineString","coordinates":[[27.818734,-26.270429],[27.817739,-26.269712],[27.817234,-26.269349],[27.81717,-26.269308],[27.817107,-26.269279],[27.817063,-26.269265],[27.817012,-26.269252],[27.816904,-26.269238],[27.816781,-26.269222],[27.816442,-26.269179],[27.816398,-26.269175],[27.816332,-26.269177],[27.81622,-26.269192],[27.815841,-26.269242],[27.815632,-26.269273],[27.815534,-26.269293],[27.815381,-26.269342],[27.814656,-26.269584],[27.81445,-26.269651],[27.814162,-26.269745],[27.811828,-26.270509]]}},{"type":"Feature","properties":{"id":"relation/4514729","name":"Bus F2: Protea Glen => Thokoza Park","network":"Rea Vaya"},"geometry":{"type":"LineString","coordinates":[[27.821996,-26.277022],[27.821961,-26.276801],[27.821934,-26.27668],[27.821912,-26.276608],[27.821887,-26.276547],[27.821626,-26.275892],[27.821064,-26.274519],[27.820498,-26.273118],[27.820039,-26.272001],[27.819945,-26.271774],[27.819859,-26.271555],[27.81977,-26.271343],[27.819751,-26.271293],[27.819709,-26.271197],[27.819687,-26.27115],[27.819667,-26.271121],[27.819642,-26.271093],[27.819602,-26.271055],[27.819542,-26.27101],[27.818734,-26.270429]]}},{"type":"Feature","properties":{"id":"relation/4514729","name":"Bus F2: Protea Glen => Thokoza Park","network":"Rea Vaya"},"geometry":{"type":"LineString","coordinates":[[27.821996,-26.277022],[27.822138,-26.276992],[27.822493,-26.276923],[27.822685,-26.27689],[27.822803,-26.276866],[27.822844,-26.276856],[27.822907,-26.276837],[27.82298,-26.276813],[27.823275,-26.276714],[27.823462,-26.276649],[27.823604,-26.276606]]}},{"type":"Feature","properties":{"id":"relation/4514729","name":"Bus F2: Protea Glen => Thokoza Park","network":"Rea Vaya"},"geometry":{"type":"LineString","coordinates":[[27.823604,-26.276606],[27.823755,-26.276553],[27.823881,-26.276512],[27.823978,-26.276477],[27.824129,-26.276426],[27.824366,-26.276328],[27.824675,-26.276195],[27.824841,-26.276127],[27.824955,-26.27607],[27.825208,-26.275969]]}},{"type":"Feature","properties":{"id":"relation/4514729","name":"Bus F2: Protea Glen => Thokoza Park","network":"Rea Vaya"},"geometry":{"type":"LineString","coordinates":[[27.825208,-26.275969],[27.825541,-26.275787],[27.825735,-26.275654],[27.825869,-26.275562],[27.826826,-26.274886]]}},{"type":"Feature","properties":{"id":"relation/4514729","name":"Bus F2: Protea Glen => Thokoza Park","network":"Rea Vaya"},"geometry":{"type":"LineString","coordinates":[[27.826826,-26.274886],[27.827128,-26.274673],[27.827422,-26.274465],[27.827682,-26.274282],[27.827767,-26.274221],[27.828023,-26.274046],[27.828151,-26.273961],[27.82831,-26.273859],[27.828609,-26.273666],[27.828933,-26.273462],[27.82915,-26.273321],[27.829326,-26.273211],[27.829415,-26.273147],[27.82949,-26.273095],[27.829561,-26.273033],[27.829667,-26.272926],[27.829823,-26.272745],[27.829952,-26.272614],[27.830073,-26.272481],[27.830126,-26.272421],[27.830252,-26.272268],[27.830473,-26.272026],[27.830654,-26.271825],[27.830776,-26.271687],[27.830953,-26.271489],[27.831094,-26.271334],[27.831161,-26.271255]]}},{"type":"Feature","properties":{"id":"relation/4514729","name":"Bus F2: Protea Glen => Thokoza Park","network":"Rea Vaya"},"geometry":{"type":"LineString","coordinates":[[27.831161,-26.271255],[27.831422,-26.271441],[27.831835,-26.271728],[27.83212,-26.271937],[27.832173,-26.271976],[27.832254,-26.272036],[27.832314,-26.272085],[27.832366,-26.272137],[27.83242,-26.272185],[27.832467,-26.272243],[27.832551,-26.272343],[27.83275,-26.272602],[27.833141,-26.273099],[27.833466,-26.273519],[27.833592,-26.273684],[27.833789,-26.273924],[27.833891,-26.274063],[27.833933,-26.274121],[27.834074,-26.274292],[27.834189,-26.274446],[27.834367,-26.274672],[27.834448,-26.274773],[27.834508,-26.274846],[27.834548,-26.27489],[27.834606,-26.274941],[27.834693,-26.275003],[27.834898,-26.27514],[27.835027,-26.275228],[27.83522,-26.275356],[27.835542,-26.275574],[27.835895,-26.275812],[27.836156,-26.275983],[27.83634,-26.27611],[27.836778,-26.276391],[27.837053,-26.27657],[27.83763,-26.276949],[27.838178,-26.277315],[27.838276,-26.27738],[27.838486,-26.277519],[27.838619,-26.277607],[27.838829,-26.277746],[27.838928,-26.27781],[27.83923,-26.278009],[27.839395,-26.278118],[27.839621,-26.278265],[27.839787,-26.278371],[27.840333,-26.278716],[27.840911,-26.279081]]}},{"type":"Feature","properties":{"id":"relation/4514729","name":"Bus F2: Protea Glen => Thokoza Park","network":"Rea Vaya"},"geometry":{"type":"LineString","coordinates":[[27.840911,-26.279081],[27.84141,-26.279474],[27.841887,-26.279831],[27.84223,-26.280083],[27.842493,-26.280296],[27.84367,-26.281196],[27.843858,-26.281334],[27.845256,-26.282392],[27.848638,-26.28495],[27.849514,-26.28562]]}},{"type":"Feature","properties":{"id":"relation/4514729","name":"Bus F2: Protea Glen => Thokoza Park","network":"Rea Vaya"},"geometry":{"type":"LineString","coordinates":[[27.849514,-26.28562],[27.849871,-26.285891],[27.850077,-26.286054]]}},{"type":"Feature","properties":{"id":"relation/4514729","name":"Bus F2: Protea Glen => Thokoza Park","network":"Rea Vaya"},"geometry":{"type":"LineString","coordinates":[[27.850077,-26.286054],[27.850343,-26.286278]]}},{"type":"Feature","properties":{"id":"relation/4514729","name":"Bus F2: Protea Glen => Thokoza Park","network":"Rea Vaya"},"geometry":{"type":"LineString","coordinates":[[27.850343,-26.286278],[27.850652,-26.286492]]}},{"type":"Feature","properties":{"id":"relation/4514729","name":"Bus F2: Protea Glen => Thokoza Park","network":"Rea Vaya"},"geometry":{"type":"LineString","coordinates":[[27.850652,-26.286492],[27.850957,-26.286319],[27.851647,-26.285917],[27.852534,-26.285401],[27.854548,-26.284154],[27.854955,-26.2839],[27.855167,-26.283785],[27.855206,-26.283763],[27.85552,-26.283586],[27.856105,-26.283255],[27.856251,-26.283172],[27.858122,-26.282004],[27.858152,-26.281985],[27.858438,-26.28181],[27.858694,-26.281646],[27.858924,-26.281504]]}},{"type":"Feature","properties":{"id":"relation/4514729","name":"Bus F2: Protea Glen => Thokoza Park","network":"Rea Vaya"},"geometry":{"type":"LineString","coordinates":[[27.858924,-26.281504],[27.859189,-26.281342]]}},{"type":"Feature","properties":{"id":"relation/4514729","name":"Bus F2: Protea Glen => Thokoza Park","network":"Rea Vaya"},"geometry":{"type":"LineString","coordinates":[[27.859189,-26.281342],[27.859292,-26.281284],[27.859383,-26.281231],[27.860943,-26.280299],[27.862099,-26.27962]]}},{"type":"Feature","properties":{"id":"relation/4514729","name":"Bus F2: Protea Glen => Thokoza Park","network":"Rea Vaya"},"geometry":{"type":"LineString","coordinates":[[27.862099,-26.27962],[27.862594,-26.279338]]}},{"type":"Feature","properties":{"id":"relation/4514729","name":"Bus F2: Protea Glen => Thokoza Park","network":"Rea Vaya"},"geometry":{"type":"LineString","coordinates":[[27.862594,-26.279338],[27.863707,-26.278677]]}},{"type":"Feature","properties":{"id":"relation/4514729","name":"Bus F2: Protea Glen => Thokoza Park","network":"Rea Vaya"},"geometry":{"type":"LineString","coordinates":[[27.863707,-26.278677],[27.863934,-26.278551]]}},{"type":"Feature","properties":{"id":"relation/4514729","name":"Bus F2: Protea Glen => Thokoza Park","network":"Rea Vaya"},"geometry":{"type":"LineString","coordinates":[[27.863934,-26.278551],[27.864045,-26.278491],[27.864122,-26.27845]]}},{"type":"Feature","properties":{"id":"relation/4514729","name":"Bus F2: Protea Glen => Thokoza Park","network":"Rea Vaya"},"geometry":{"type":"LineString","coordinates":[[27.864122,-26.27845],[27.864513,-26.278222]]}},{"type":"Feature","properties":{"id":"relation/4514729","name":"Bus F2: Protea Glen => Thokoza Park","network":"Rea Vaya"},"geometry":{"type":"LineString","coordinates":[[27.864513,-26.278222],[27.864747,-26.278086],[27.866926,-26.276808]]}},{"type":"Feature","properties":{"id":"relation/4514729","name":"Bus F2: Protea Glen => Thokoza Park","network":"Rea Vaya"},"geometry":{"type":"LineString","coordinates":[[27.866926,-26.276808],[27.867454,-26.2765],[27.867543,-26.276448]]}},{"type":"Feature","properties":{"id":"relation/4514729","name":"Bus F2: Protea Glen => Thokoza Park","network":"Rea Vaya"},"geometry":{"type":"LineString","coordinates":[[27.867543,-26.276448],[27.867636,-26.276399],[27.867941,-26.276214],[27.870263,-26.274807]]}},{"type":"Feature","properties":{"id":"relation/4514729","name":"Bus F2: Protea Glen => Thokoza Park","network":"Rea Vaya"},"geometry":{"type":"LineString","coordinates":[[27.870263,-26.274807],[27.870507,-26.274665],[27.870552,-26.274639]]}},{"type":"Feature","properties":{"id":"relation/4514729","name":"Bus F2: Protea Glen => Thokoza Park","network":"Rea Vaya"},"geometry":{"type":"LineString","coordinates":[[27.870552,-26.274639],[27.870579,-26.274625],[27.870607,-26.27461]]}},{"type":"Feature","properties":{"id":"relation/4514729","name":"Bus F2: Protea Glen => Thokoza Park","network":"Rea Vaya"},"geometry":{"type":"LineString","coordinates":[[27.870607,-26.27461],[27.870634,-26.274597],[27.870655,-26.274586],[27.870963,-26.274439],[27.871107,-26.274365],[27.872193,-26.273712],[27.872419,-26.273551]]}},{"type":"Feature","properties":{"id":"relation/4514729","name":"Bus F2: Protea Glen => Thokoza Park","network":"Rea Vaya"},"geometry":{"type":"LineString","coordinates":[[27.872419,-26.273551],[27.872625,-26.273383]]}},{"type":"Feature","properties":{"id":"relation/4514729","name":"Bus F2: Protea Glen => Thokoza Park","network":"Rea Vaya"},"geometry":{"type":"LineString","coordinates":[[27.872625,-26.273383],[27.872787,-26.27325],[27.872843,-26.273185],[27.873035,-26.272961],[27.873277,-26.272622],[27.874219,-26.271261],[27.874265,-26.271194],[27.874303,-26.271136],[27.874558,-26.270753],[27.874849,-26.270344]]}},{"type":"Feature","properties":{"id":"relation/4514729","name":"Bus F2: Protea Glen => Thokoza Park","network":"Rea Vaya"},"geometry":{"type":"LineString","coordinates":[[27.874849,-26.270344],[27.875488,-26.269448],[27.875621,-26.269263],[27.875646,-26.269219],[27.875663,-26.269163],[27.875668,-26.269074]]}},{"type":"Feature","properties":{"id":"relation/4514729","name":"Bus F2: Protea Glen => Thokoza Park","network":"Rea Vaya"},"geometry":{"type":"LineString","coordinates":[[27.875613,-26.269003],[27.875599,-26.268941],[27.875608,-26.268879],[27.875639,-26.268823],[27.875689,-26.268779]]}},{"type":"Feature","properties":{"id":"relation/4514729","name":"Bus F2: Protea Glen => Thokoza Park","network":"Rea Vaya"},"geometry":{"type":"LineString","coordinates":[[27.875668,-26.269074],[27.875636,-26.269041],[27.875613,-26.269003]]}},{"type":"Feature","properties":{"id":"relation/4514729","name":"Bus F2: Protea Glen => Thokoza Park","network":"Rea Vaya"},"geometry":{"type":"LineString","coordinates":[[27.875919,-26.269096],[27.875857,-26.269119],[27.87579,-26.269122],[27.875725,-26.269107],[27.875668,-26.269074]]}},{"type":"Feature","properties":{"id":"relation/4514729","name":"Bus F2: Protea Glen => Thokoza Park","network":"Rea Vaya"},"geometry":{"type":"LineString","coordinates":[[27.875999,-26.26885],[27.876013,-26.268881],[27.876021,-26.26893],[27.876015,-26.268978],[27.875995,-26.269025],[27.875962,-26.269065],[27.875919,-26.269096]]}},{"type":"Feature","properties":{"id":"relation/4514729","name":"Bus F2: Protea Glen => Thokoza Park","network":"Rea Vaya"},"geometry":{"type":"LineString","coordinates":[[27.875956,-26.268798],[27.875999,-26.26885]]}},{"type":"Feature","properties":{"id":"relation/4514729","name":"Bus F2: Protea Glen => Thokoza Park","network":"Rea Vaya"},"geometry":{"type":"LineString","coordinates":[[27.875689,-26.268779],[27.875754,-26.268752],[27.875826,-26.268746],[27.875896,-26.268762],[27.875956,-26.268798]]}},{"type":"Feature","properties":{"id":"relation/4514729","name":"Bus F2: Protea Glen => Thokoza Park","network":"Rea Vaya"},"geometry":{"type":"LineString","coordinates":[[27.875896,-26.268762],[27.876076,-26.268558],[27.87737,-26.26657],[27.877767,-26.266085],[27.878206,-26.265638],[27.87861,-26.265256],[27.878626,-26.265238],[27.878801,-26.265105]]}},{"type":"Feature","properties":{"id":"relation/4514729","name":"Bus F2: Protea Glen => Thokoza Park","network":"Rea Vaya"},"geometry":{"type":"LineString","coordinates":[[27.878959,-26.265239],[27.878928,-26.265233],[27.87889,-26.26522],[27.878866,-26.265206],[27.878839,-26.265179],[27.878825,-26.265163],[27.87881,-26.26514],[27.878801,-26.265105],[27.878806,-26.26506],[27.878811,-26.265025],[27.878823,-26.264986]]}},{"type":"Feature","properties":{"id":"relation/4514729","name":"Bus F2: Protea Glen => Thokoza Park","network":"Rea Vaya"},"geometry":{"type":"LineString","coordinates":[[27.878823,-26.264986],[27.878833,-26.26497],[27.878848,-26.264955],[27.878872,-26.264931],[27.878897,-26.264915],[27.878926,-26.264899],[27.878961,-26.264888],[27.878992,-26.264882],[27.879022,-26.264879],[27.879042,-26.264877],[27.879064,-26.264875]]}},{"type":"Feature","properties":{"id":"relation/4514729","name":"Bus F2: Protea Glen => Thokoza Park","network":"Rea Vaya"},"geometry":{"type":"LineString","coordinates":[[27.879064,-26.264875],[27.879122,-26.264851],[27.87917,-26.264821],[27.879244,-26.264761],[27.879318,-26.264695],[27.879447,-26.264566],[27.879634,-26.264449],[27.879867,-26.264332],[27.880063,-26.264242],[27.880678,-26.263982]]}},{"type":"Feature","properties":{"id":"relation/4514729","name":"Bus F2: Protea Glen => Thokoza Park","network":"Rea Vaya"},"geometry":{"type":"LineString","coordinates":[[27.880678,-26.263982],[27.880892,-26.263886],[27.881071,-26.263805]]}},{"type":"Feature","properties":{"id":"relation/4514729","name":"Bus F2: Protea Glen => Thokoza Park","network":"Rea Vaya"},"geometry":{"type":"LineString","coordinates":[[27.881071,-26.263805],[27.881425,-26.263658],[27.881581,-26.263609],[27.881813,-26.263554],[27.882335,-26.263423],[27.882428,-26.263403],[27.88282,-26.263326],[27.883505,-26.263242],[27.883954,-26.263191],[27.884229,-26.26316],[27.884315,-26.263151],[27.884412,-26.26314],[27.884466,-26.263133],[27.884521,-26.263119],[27.884564,-26.263103],[27.884624,-26.263078]]}},{"type":"Feature","properties":{"id":"relation/4514730","name":"Bus F2: Thokoza Park => Protea Glen","network":"Rea Vaya"},"geometry":{"type":"LineString","coordinates":[[27.884719,-26.263332],[27.88461,-26.263335],[27.884549,-26.263336],[27.884248,-26.263337],[27.884156,-26.26334],[27.884038,-26.263344],[27.883845,-26.263355],[27.883676,-26.263373],[27.883503,-26.263391],[27.883208,-26.263427],[27.882905,-26.263469],[27.882666,-26.263512],[27.882428,-26.263562],[27.882216,-26.263619],[27.882088,-26.263654],[27.881919,-26.263712],[27.881673,-26.263815],[27.881547,-26.263877],[27.881268,-26.264004]]}},{"type":"Feature","properties":{"id":"relation/4514730","name":"Bus F2: Thokoza Park => Protea Glen","network":"Rea Vaya"},"geometry":{"type":"LineString","coordinates":[[27.881268,-26.264004],[27.881042,-26.264106],[27.880837,-26.264203]]}},{"type":"Feature","properties":{"id":"relation/4514730","name":"Bus F2: Thokoza Park => Protea Glen","network":"Rea Vaya"},"geometry":{"type":"LineString","coordinates":[[27.880837,-26.264203],[27.880246,-26.264472],[27.879902,-26.26463],[27.879807,-26.264671],[27.879574,-26.26478],[27.879501,-26.264817],[27.879427,-26.264861]]}},{"type":"Feature","properties":{"id":"relation/4514730","name":"Bus F2: Thokoza Park => Protea Glen","network":"Rea Vaya"},"geometry":{"type":"LineString","coordinates":[[27.879427,-26.264861],[27.879373,-26.264882],[27.879335,-26.264906],[27.879297,-26.264939],[27.879263,-26.264972],[27.879217,-26.265022]]}},{"type":"Feature","properties":{"id":"relation/4514730","name":"Bus F2: Thokoza Park => Protea Glen","network":"Rea Vaya"},"geometry":{"type":"LineString","coordinates":[[27.879212,-26.265102],[27.879196,-26.26514],[27.879171,-26.265174],[27.879112,-26.26522],[27.879037,-26.265242],[27.878998,-26.265244],[27.878959,-26.265239]]}},{"type":"Feature","properties":{"id":"relation/4514730","name":"Bus F2: Thokoza Park => Protea Glen","network":"Rea Vaya"},"geometry":{"type":"LineString","coordinates":[[27.879064,-26.264875],[27.87911,-26.264898],[27.879149,-26.264919],[27.879176,-26.264939],[27.879196,-26.264961],[27.87921,-26.26499],[27.879217,-26.265022],[27.879218,-26.265042],[27.879219,-26.265062],[27.879212,-26.265102]]}},{"type":"Feature","properties":{"id":"relation/4514730","name":"Bus F2: Thokoza Park => Protea Glen","network":"Rea Vaya"},"geometry":{"type":"LineString","coordinates":[[27.878959,-26.265239],[27.878825,-26.265311],[27.878803,-26.265324],[27.878734,-26.265376],[27.878671,-26.265439],[27.878261,-26.265823],[27.877886,-26.266197],[27.877619,-26.266518],[27.877394,-26.266828],[27.876218,-26.268624],[27.876195,-26.268652]]}},{"type":"Feature","properties":{"id":"relation/4514730","name":"Bus F2: Thokoza Park => Protea Glen","network":"Rea Vaya"},"geometry":{"type":"LineString","coordinates":[[27.876195,-26.268652],[27.876013,-26.268881]]}},{"type":"Feature","properties":{"id":"relation/4514730","name":"Bus F2: Thokoza Park => Protea Glen","network":"Rea Vaya"},"geometry":{"type":"LineString","coordinates":[[27.876195,-26.268652],[27.876015,-26.268978]]}},{"type":"Feature","properties":{"id":"relation/4514730","name":"Bus F2: Thokoza Park => Protea Glen","network":"Rea Vaya"},"geometry":{"type":"LineString","coordinates":[[27.879427,-26.264861],[27.879363,-26.264937],[27.879337,-26.264968],[27.879296,-26.265011],[27.879212,-26.265102]]}},{"type":"Feature","properties":{"id":"relation/4514730","name":"Bus F2: Thokoza Park => Protea Glen","network":"Rea Vaya"},"geometry":{"type":"LineString","coordinates":[[27.875613,-26.269003],[27.875599,-26.268941],[27.875608,-26.268879],[27.875639,-26.268823],[27.875689,-26.268779]]}},{"type":"Feature","properties":{"id":"relation/4514730","name":"Bus F2: Thokoza Park => Protea Glen","network":"Rea Vaya"},"geometry":{"type":"LineString","coordinates":[[27.875668,-26.269074],[27.875636,-26.269041],[27.875613,-26.269003]]}},{"type":"Feature","properties":{"id":"relation/4514730","name":"Bus F2: Thokoza Park => Protea Glen","network":"Rea Vaya"},"geometry":{"type":"LineString","coordinates":[[27.875919,-26.269096],[27.875857,-26.269119],[27.87579,-26.269122],[27.875725,-26.269107],[27.875668,-26.269074]]}},{"type":"Feature","properties":{"id":"relation/4514730","name":"Bus F2: Thokoza Park => Protea Glen","network":"Rea Vaya"},"geometry":{"type":"LineString","coordinates":[[27.875999,-26.26885],[27.876013,-26.268881],[27.876021,-26.26893],[27.876015,-26.268978],[27.875995,-26.269025],[27.875962,-26.269065],[27.875919,-26.269096]]}},{"type":"Feature","properties":{"id":"relation/4514730","name":"Bus F2: Thokoza Park => Protea Glen","network":"Rea Vaya"},"geometry":{"type":"LineString","coordinates":[[27.875956,-26.268798],[27.875999,-26.26885]]}},{"type":"Feature","properties":{"id":"relation/4514730","name":"Bus F2: Thokoza Park => Protea Glen","network":"Rea Vaya"},"geometry":{"type":"LineString","coordinates":[[27.875689,-26.268779],[27.875754,-26.268752],[27.875826,-26.268746],[27.875896,-26.268762],[27.875956,-26.268798]]}},{"type":"Feature","properties":{"id":"relation/4514730","name":"Bus F2: Thokoza Park => Protea Glen","network":"Rea Vaya"},"geometry":{"type":"LineString","coordinates":[[27.875919,-26.269096],[27.875876,-26.269167],[27.875798,-26.269291],[27.875726,-26.269398],[27.875621,-26.269539],[27.874975,-26.270413]]}},{"type":"Feature","properties":{"id":"relation/4514730","name":"Bus F2: Thokoza Park => Protea Glen","network":"Rea Vaya"},"geometry":{"type":"LineString","coordinates":[[27.874975,-26.270413],[27.874655,-26.27089],[27.874422,-26.271205],[27.874403,-26.271232],[27.874381,-26.271261],[27.874332,-26.271328],[27.873379,-26.27262],[27.873112,-26.273001],[27.872931,-26.273231]]}},{"type":"Feature","properties":{"id":"relation/4514730","name":"Bus F2: Thokoza Park => Protea Glen","network":"Rea Vaya"},"geometry":{"type":"LineString","coordinates":[[27.872931,-26.273231],[27.872702,-26.273445]]}},{"type":"Feature","properties":{"id":"relation/4514730","name":"Bus F2: Thokoza Park => Protea Glen","network":"Rea Vaya"},"geometry":{"type":"LineString","coordinates":[[27.872702,-26.273445],[27.872487,-26.273606],[27.872236,-26.273781],[27.870846,-26.274634]]}},{"type":"Feature","properties":{"id":"relation/4514730","name":"Bus F2: Thokoza Park => Protea Glen","network":"Rea Vaya"},"geometry":{"type":"LineString","coordinates":[[27.870846,-26.274634],[27.870724,-26.274709],[27.870692,-26.274729]]}},{"type":"Feature","properties":{"id":"relation/4514730","name":"Bus F2: Thokoza Park => Protea Glen","network":"Rea Vaya"},"geometry":{"type":"LineString","coordinates":[[27.870692,-26.274729],[27.87065,-26.274755],[27.870631,-26.274765]]}},{"type":"Feature","properties":{"id":"relation/4514730","name":"Bus F2: Thokoza Park => Protea Glen","network":"Rea Vaya"},"geometry":{"type":"LineString","coordinates":[[27.870631,-26.274765],[27.870596,-26.274783],[27.870575,-26.274796],[27.870397,-26.274898],[27.868109,-26.276245]]}},{"type":"Feature","properties":{"id":"relation/4514730","name":"Bus F2: Thokoza Park => Protea Glen","network":"Rea Vaya"},"geometry":{"type":"LineString","coordinates":[[27.868109,-26.276245],[27.867698,-26.276482],[27.867607,-26.276537]]}},{"type":"Feature","properties":{"id":"relation/4514730","name":"Bus F2: Thokoza Park => Protea Glen","network":"Rea Vaya"},"geometry":{"type":"LineString","coordinates":[[27.867607,-26.276537],[27.86751,-26.276589],[27.865389,-26.277827]]}},{"type":"Feature","properties":{"id":"relation/4514730","name":"Bus F2: Thokoza Park => Protea Glen","network":"Rea Vaya"},"geometry":{"type":"LineString","coordinates":[[27.865389,-26.277827],[27.865124,-26.27798]]}},{"type":"Feature","properties":{"id":"relation/4514730","name":"Bus F2: Thokoza Park => Protea Glen","network":"Rea Vaya"},"geometry":{"type":"LineString","coordinates":[[27.865124,-26.27798],[27.86457,-26.278305]]}},{"type":"Feature","properties":{"id":"relation/4514730","name":"Bus F2: Thokoza Park => Protea Glen","network":"Rea Vaya"},"geometry":{"type":"LineString","coordinates":[[27.86457,-26.278305],[27.863133,-26.279159]]}},{"type":"Feature","properties":{"id":"relation/4514730","name":"Bus F2: Thokoza Park => Protea Glen","network":"Rea Vaya"},"geometry":{"type":"LineString","coordinates":[[27.863133,-26.279159],[27.862655,-26.279458]]}},{"type":"Feature","properties":{"id":"relation/4514730","name":"Bus F2: Thokoza Park => Protea Glen","network":"Rea Vaya"},"geometry":{"type":"LineString","coordinates":[[27.862655,-26.279458],[27.8606,-26.28063],[27.859783,-26.281118]]}},{"type":"Feature","properties":{"id":"relation/4514730","name":"Bus F2: Thokoza Park => Protea Glen","network":"Rea Vaya"},"geometry":{"type":"LineString","coordinates":[[27.859783,-26.281118],[27.859257,-26.281429]]}},{"type":"Feature","properties":{"id":"relation/4514730","name":"Bus F2: Thokoza Park => Protea Glen","network":"Rea Vaya"},"geometry":{"type":"LineString","coordinates":[[27.859257,-26.281429],[27.859052,-26.281552],[27.858342,-26.281976],[27.857678,-26.28239],[27.857037,-26.282795],[27.856359,-26.283214],[27.856029,-26.283412],[27.855439,-26.283758],[27.855046,-26.283989],[27.854841,-26.284104],[27.852657,-26.28546],[27.851829,-26.285973],[27.851342,-26.286275]]}},{"type":"Feature","properties":{"id":"relation/4514730","name":"Bus F2: Thokoza Park => Protea Glen","network":"Rea Vaya"},"geometry":{"type":"LineString","coordinates":[[27.851342,-26.286275],[27.850803,-26.286611]]}},{"type":"Feature","properties":{"id":"relation/4514730","name":"Bus F2: Thokoza Park => Protea Glen","network":"Rea Vaya"},"geometry":{"type":"LineString","coordinates":[[27.850652,-26.286492],[27.850803,-26.286611]]}},{"type":"Feature","properties":{"id":"relation/4514730","name":"Bus F2: Thokoza Park => Protea Glen","network":"Rea Vaya"},"geometry":{"type":"LineString","coordinates":[[27.850343,-26.286278],[27.850652,-26.286492]]}},{"type":"Feature","properties":{"id":"relation/4514730","name":"Bus F2: Thokoza Park => Protea Glen","network":"Rea Vaya"},"geometry":{"type":"LineString","coordinates":[[27.850077,-26.286054],[27.850343,-26.286278]]}},{"type":"Feature","properties":{"id":"relation/4514730","name":"Bus F2: Thokoza Park => Protea Glen","network":"Rea Vaya"},"geometry":{"type":"LineString","coordinates":[[27.849514,-26.28562],[27.849871,-26.285891],[27.850077,-26.286054]]}},{"type":"Feature","properties":{"id":"relation/4514730","name":"Bus F2: Thokoza Park => Protea Glen","network":"Rea Vaya"},"geometry":{"type":"LineString","coordinates":[[27.840911,-26.279081],[27.84141,-26.279474],[27.841887,-26.279831],[27.84223,-26.280083],[27.842493,-26.280296],[27.84367,-26.281196],[27.843858,-26.281334],[27.845256,-26.282392],[27.848638,-26.28495],[27.849514,-26.28562]]}},{"type":"Feature","properties":{"id":"relation/4514730","name":"Bus F2: Thokoza Park => Protea Glen","network":"Rea Vaya"},"geometry":{"type":"LineString","coordinates":[[27.831161,-26.271255],[27.831422,-26.271441],[27.831835,-26.271728],[27.83212,-26.271937],[27.832173,-26.271976],[27.832254,-26.272036],[27.832314,-26.272085],[27.832366,-26.272137],[27.83242,-26.272185],[27.832467,-26.272243],[27.832551,-26.272343],[27.83275,-26.272602],[27.833141,-26.273099],[27.833466,-26.273519],[27.833592,-26.273684],[27.833789,-26.273924],[27.833891,-26.274063],[27.833933,-26.274121],[27.834074,-26.274292],[27.834189,-26.274446],[27.834367,-26.274672],[27.834448,-26.274773],[27.834508,-26.274846],[27.834548,-26.27489],[27.834606,-26.274941],[27.834693,-26.275003],[27.834898,-26.27514],[27.835027,-26.275228],[27.83522,-26.275356],[27.835542,-26.275574],[27.835895,-26.275812],[27.836156,-26.275983],[27.83634,-26.27611],[27.836778,-26.276391],[27.837053,-26.27657],[27.83763,-26.276949],[27.838178,-26.277315],[27.838276,-26.27738],[27.838486,-26.277519],[27.838619,-26.277607],[27.838829,-26.277746],[27.838928,-26.27781],[27.83923,-26.278009],[27.839395,-26.278118],[27.839621,-26.278265],[27.839787,-26.278371],[27.840333,-26.278716],[27.840911,-26.279081]]}},{"type":"Feature","properties":{"id":"relation/4514730","name":"Bus F2: Thokoza Park => Protea Glen","network":"Rea Vaya"},"geometry":{"type":"LineString","coordinates":[[27.826826,-26.274886],[27.827128,-26.274673],[27.827422,-26.274465],[27.827682,-26.274282],[27.827767,-26.274221],[27.828023,-26.274046],[27.828151,-26.273961],[27.82831,-26.273859],[27.828609,-26.273666],[27.828933,-26.273462],[27.82915,-26.273321],[27.829326,-26.273211],[27.829415,-26.273147],[27.82949,-26.273095],[27.829561,-26.273033],[27.829667,-26.272926],[27.829823,-26.272745],[27.829952,-26.272614],[27.830073,-26.272481],[27.830126,-26.272421],[27.830252,-26.272268],[27.830473,-26.272026],[27.830654,-26.271825],[27.830776,-26.271687],[27.830953,-26.271489],[27.831094,-26.271334],[27.831161,-26.271255]]}},{"type":"Feature","properties":{"id":"relation/4514730","name":"Bus F2: Thokoza Park => Protea Glen","network":"Rea Vaya"},"geometry":{"type":"LineString","coordinates":[[27.825208,-26.275969],[27.825541,-26.275787],[27.825735,-26.275654],[27.825869,-26.275562],[27.826826,-26.274886]]}},{"type":"Feature","properties":{"id":"relation/4514730","name":"Bus F2: Thokoza Park => Protea Glen","network":"Rea Vaya"},"geometry":{"type":"LineString","coordinates":[[27.823604,-26.276606],[27.823755,-26.276553],[27.823881,-26.276512],[27.823978,-26.276477],[27.824129,-26.276426],[27.824366,-26.276328],[27.824675,-26.276195],[27.824841,-26.276127],[27.824955,-26.27607],[27.825208,-26.275969]]}},{"type":"Feature","properties":{"id":"relation/4514730","name":"Bus F2: Thokoza Park => Protea Glen","network":"Rea Vaya"},"geometry":{"type":"LineString","coordinates":[[27.821996,-26.277022],[27.822138,-26.276992],[27.822493,-26.276923],[27.822685,-26.27689],[27.822803,-26.276866],[27.822844,-26.276856],[27.822907,-26.276837],[27.82298,-26.276813],[27.823275,-26.276714],[27.823462,-26.276649],[27.823604,-26.276606]]}},{"type":"Feature","properties":{"id":"relation/4514730","name":"Bus F2: Thokoza Park => Protea Glen","network":"Rea Vaya"},"geometry":{"type":"LineString","coordinates":[[27.821996,-26.277022],[27.821961,-26.276801],[27.821934,-26.27668],[27.821912,-26.276608],[27.821887,-26.276547],[27.821626,-26.275892],[27.821064,-26.274519],[27.820498,-26.273118],[27.820039,-26.272001],[27.819945,-26.271774],[27.819859,-26.271555],[27.81977,-26.271343],[27.819751,-26.271293],[27.819709,-26.271197],[27.819687,-26.27115],[27.819667,-26.271121],[27.819642,-26.271093],[27.819602,-26.271055],[27.819542,-26.27101],[27.818734,-26.270429]]}},{"type":"Feature","properties":{"id":"relation/4514730","name":"Bus F2: Thokoza Park => Protea Glen","network":"Rea Vaya"},"geometry":{"type":"LineString","coordinates":[[27.818734,-26.270429],[27.817739,-26.269712],[27.817234,-26.269349],[27.81717,-26.269308],[27.817107,-26.269279],[27.817063,-26.269265],[27.817012,-26.269252],[27.816904,-26.269238],[27.816781,-26.269222],[27.816442,-26.269179],[27.816398,-26.269175],[27.816332,-26.269177],[27.81622,-26.269192],[27.815841,-26.269242],[27.815632,-26.269273],[27.815534,-26.269293],[27.815381,-26.269342],[27.814656,-26.269584],[27.81445,-26.269651],[27.814162,-26.269745],[27.811828,-26.270509]]}},{"type":"Feature","properties":{"id":"relation/4514818","name":"Bus F1: Naledi => Thokoza Park","network":"Rea Vaya"},"geometry":{"type":"LineString","coordinates":[[27.822392,-26.256259],[27.822363,-26.256236],[27.822337,-26.256207],[27.822309,-26.256166],[27.822283,-26.256094],[27.822257,-26.255912],[27.822225,-26.255738],[27.822176,-26.255494],[27.822173,-26.255437]]}},{"type":"Feature","properties":{"id":"relation/4514818","name":"Bus F1: Naledi => Thokoza Park","network":"Rea Vaya"},"geometry":{"type":"LineString","coordinates":[[27.822173,-26.255437],[27.822183,-26.255378],[27.822193,-26.255337],[27.822417,-26.254573],[27.822831,-26.253121],[27.822966,-26.252711],[27.822987,-26.25263]]}},{"type":"Feature","properties":{"id":"relation/4514818","name":"Bus F1: Naledi => Thokoza Park","network":"Rea Vaya"},"geometry":{"type":"LineString","coordinates":[[27.832799,-26.254832],[27.832264,-26.254777],[27.832069,-26.25475],[27.832036,-26.254746],[27.831722,-26.254693],[27.831472,-26.254633],[27.830211,-26.254332],[27.830132,-26.254313],[27.830053,-26.254293],[27.829585,-26.254181],[27.827955,-26.253801],[27.826727,-26.253506],[27.825043,-26.253119],[27.82433,-26.252955],[27.823535,-26.252763],[27.823081,-26.25265],[27.822987,-26.25263]]}},{"type":"Feature","properties":{"id":"relation/4514818","name":"Bus F1: Naledi => Thokoza Park","network":"Rea Vaya"},"geometry":{"type":"LineString","coordinates":[[27.836934,-26.25506],[27.836819,-26.255084],[27.83663,-26.255124],[27.836472,-26.255141],[27.833367,-26.254879],[27.833228,-26.254868],[27.832968,-26.254846],[27.832799,-26.254832]]}},{"type":"Feature","properties":{"id":"relation/4514818","name":"Bus F1: Naledi => Thokoza Park","network":"Rea Vaya"},"geometry":{"type":"LineString","coordinates":[[27.837086,-26.255027],[27.836934,-26.25506]]}},{"type":"Feature","properties":{"id":"relation/4514818","name":"Bus F1: Naledi => Thokoza Park","network":"Rea Vaya"},"geometry":{"type":"LineString","coordinates":[[27.842032,-26.253289],[27.841959,-26.253327],[27.84186,-26.253429],[27.84141,-26.253969],[27.841279,-26.254126],[27.841142,-26.254295],[27.841069,-26.254368],[27.840992,-26.25443],[27.840907,-26.254457],[27.840773,-26.25448],[27.839693,-26.254614],[27.839414,-26.254646],[27.839221,-26.254672],[27.838037,-26.254826],[27.837086,-26.255027]]}},{"type":"Feature","properties":{"id":"relation/4514818","name":"Bus F1: Naledi => Thokoza Park","network":"Rea Vaya"},"geometry":{"type":"LineString","coordinates":[[27.843515,-26.254243],[27.843334,-26.254131],[27.84226,-26.253381],[27.842185,-26.253339],[27.842116,-26.253311],[27.842032,-26.253289]]}},{"type":"Feature","properties":{"id":"relation/4514818","name":"Bus F1: Naledi => Thokoza Park","network":"Rea Vaya"},"geometry":{"type":"LineString","coordinates":[[27.848523,-26.2541],[27.848409,-26.254117],[27.848165,-26.254123],[27.84657,-26.25417],[27.846005,-26.254189],[27.845442,-26.254205],[27.844927,-26.254219],[27.843815,-26.254255],[27.843665,-26.254256],[27.843515,-26.254243]]}},{"type":"Feature","properties":{"id":"relation/4514818","name":"Bus F1: Naledi => Thokoza Park","network":"Rea Vaya"},"geometry":{"type":"LineString","coordinates":[[27.84986,-26.253039],[27.848857,-26.253859],[27.848731,-26.253966],[27.848662,-26.25402],[27.848619,-26.254052],[27.848523,-26.2541]]}},{"type":"Feature","properties":{"id":"relation/4514818","name":"Bus F1: Naledi => Thokoza Park","network":"Rea Vaya"},"geometry":{"type":"LineString","coordinates":[[27.851081,-26.253959],[27.850063,-26.253176],[27.849996,-26.253129],[27.84986,-26.253039]]}},{"type":"Feature","properties":{"id":"relation/4514818","name":"Bus F1: Naledi => Thokoza Park","network":"Rea Vaya"},"geometry":{"type":"LineString","coordinates":[[27.854653,-26.254828],[27.85459,-26.25482],[27.854016,-26.254684],[27.853455,-26.254552],[27.8525,-26.254319],[27.851994,-26.254194],[27.851732,-26.254133],[27.8513,-26.254032],[27.851182,-26.253996],[27.851081,-26.253959]]}},{"type":"Feature","properties":{"id":"relation/4514818","name":"Bus F1: Naledi => Thokoza Park","network":"Rea Vaya"},"geometry":{"type":"LineString","coordinates":[[27.854767,-26.25481],[27.854653,-26.254828]]}},{"type":"Feature","properties":{"id":"relation/4514818","name":"Bus F1: Naledi => Thokoza Park","network":"Rea Vaya"},"geometry":{"type":"LineString","coordinates":[[27.856319,-26.260034],[27.856247,-26.26004]]}},{"type":"Feature","properties":{"id":"relation/4514818","name":"Bus F1: Naledi => Thokoza Park","network":"Rea Vaya"},"geometry":{"type":"LineString","coordinates":[[27.862095,-26.258053],[27.862022,-26.258089],[27.861948,-26.258129],[27.861881,-26.258171],[27.861407,-26.258527],[27.861258,-26.258641],[27.861151,-26.258717],[27.861055,-26.258768],[27.860947,-26.258805],[27.860811,-26.258849],[27.860042,-26.259049],[27.859722,-26.259119],[27.858241,-26.259512],[27.857812,-26.259624],[27.856645,-26.259936],[27.856378,-26.260011],[27.856319,-26.260034]]}},{"type":"Feature","properties":{"id":"relation/4514818","name":"Bus F1: Naledi => Thokoza Park","network":"Rea Vaya"},"geometry":{"type":"LineString","coordinates":[[27.872342,-26.265672],[27.872174,-26.265649],[27.872021,-26.265613],[27.871907,-26.265563],[27.871817,-26.265493],[27.871747,-26.26542],[27.87168,-26.265354],[27.871381,-26.265049],[27.870475,-26.264066],[27.868824,-26.262441],[27.868294,-26.261938],[27.867554,-26.261214],[27.86724,-26.260904],[27.866929,-26.260595],[27.866204,-26.259875],[27.866031,-26.259707],[27.865955,-26.259637],[27.86589,-26.259588],[27.865812,-26.259553],[27.865718,-26.259521],[27.865348,-26.259438],[27.864615,-26.259286],[27.864162,-26.259197],[27.864028,-26.259166],[27.863888,-26.259115],[27.863768,-26.259053],[27.863278,-26.258764],[27.862095,-26.258053]]}},{"type":"Feature","properties":{"id":"relation/4514818","name":"Bus F1: Naledi => Thokoza Park","network":"Rea Vaya"},"geometry":{"type":"LineString","coordinates":[[27.874695,-26.268631],[27.874617,-26.268551],[27.874055,-26.267907],[27.873577,-26.267386],[27.873065,-26.266827],[27.872987,-26.266742],[27.872367,-26.266088],[27.872332,-26.266043],[27.872295,-26.265991],[27.872283,-26.265944],[27.87229,-26.265877],[27.872342,-26.265672]]}},{"type":"Feature","properties":{"id":"relation/4514818","name":"Bus F1: Naledi => Thokoza Park","network":"Rea Vaya"},"geometry":{"type":"LineString","coordinates":[[27.874692,-26.26868],[27.874695,-26.268631]]}},{"type":"Feature","properties":{"id":"relation/4514818","name":"Bus F1: Naledi => Thokoza Park","network":"Rea Vaya"},"geometry":{"type":"LineString","coordinates":[[27.874683,-26.268786],[27.874692,-26.26868]]}},{"type":"Feature","properties":{"id":"relation/4514818","name":"Bus F1: Naledi => Thokoza Park","network":"Rea Vaya"},"geometry":{"type":"LineString","coordinates":[[27.875613,-26.269003],[27.875599,-26.268941],[27.875608,-26.268879],[27.875639,-26.268823],[27.875689,-26.268779]]}},{"type":"Feature","properties":{"id":"relation/4514818","name":"Bus F1: Naledi => Thokoza Park","network":"Rea Vaya"},"geometry":{"type":"LineString","coordinates":[[27.875668,-26.269074],[27.875636,-26.269041],[27.875613,-26.269003]]}},{"type":"Feature","properties":{"id":"relation/4514818","name":"Bus F1: Naledi => Thokoza Park","network":"Rea Vaya"},"geometry":{"type":"LineString","coordinates":[[27.875919,-26.269096],[27.875857,-26.269119],[27.87579,-26.269122],[27.875725,-26.269107],[27.875668,-26.269074]]}},{"type":"Feature","properties":{"id":"relation/4514818","name":"Bus F1: Naledi => Thokoza Park","network":"Rea Vaya"},"geometry":{"type":"LineString","coordinates":[[27.875999,-26.26885],[27.876013,-26.268881],[27.876021,-26.26893],[27.876015,-26.268978],[27.875995,-26.269025],[27.875962,-26.269065],[27.875919,-26.269096]]}},{"type":"Feature","properties":{"id":"relation/4514818","name":"Bus F1: Naledi => Thokoza Park","network":"Rea Vaya"},"geometry":{"type":"LineString","coordinates":[[27.875956,-26.268798],[27.875999,-26.26885]]}},{"type":"Feature","properties":{"id":"relation/4514818","name":"Bus F1: Naledi => Thokoza Park","network":"Rea Vaya"},"geometry":{"type":"LineString","coordinates":[[27.875689,-26.268779],[27.875754,-26.268752],[27.875826,-26.268746],[27.875896,-26.268762],[27.875956,-26.268798]]}},{"type":"Feature","properties":{"id":"relation/4514818","name":"Bus F1: Naledi => Thokoza Park","network":"Rea Vaya"},"geometry":{"type":"LineString","coordinates":[[27.875896,-26.268762],[27.876076,-26.268558],[27.87737,-26.26657],[27.877767,-26.266085],[27.878206,-26.265638],[27.87861,-26.265256],[27.878626,-26.265238],[27.878801,-26.265105]]}},{"type":"Feature","properties":{"id":"relation/4514818","name":"Bus F1: Naledi => Thokoza Park","network":"Rea Vaya"},"geometry":{"type":"LineString","coordinates":[[27.878959,-26.265239],[27.878928,-26.265233],[27.87889,-26.26522],[27.878866,-26.265206],[27.878839,-26.265179],[27.878825,-26.265163],[27.87881,-26.26514],[27.878801,-26.265105],[27.878806,-26.26506],[27.878811,-26.265025],[27.878823,-26.264986]]}},{"type":"Feature","properties":{"id":"relation/4514818","name":"Bus F1: Naledi => Thokoza Park","network":"Rea Vaya"},"geometry":{"type":"LineString","coordinates":[[27.878823,-26.264986],[27.878833,-26.26497],[27.878848,-26.264955],[27.878872,-26.264931],[27.878897,-26.264915],[27.878926,-26.264899],[27.878961,-26.264888],[27.878992,-26.264882],[27.879022,-26.264879],[27.879042,-26.264877],[27.879064,-26.264875]]}},{"type":"Feature","properties":{"id":"relation/4514818","name":"Bus F1: Naledi => Thokoza Park","network":"Rea Vaya"},"geometry":{"type":"LineString","coordinates":[[27.879064,-26.264875],[27.879122,-26.264851],[27.87917,-26.264821],[27.879244,-26.264761],[27.879318,-26.264695],[27.879447,-26.264566],[27.879634,-26.264449],[27.879867,-26.264332],[27.880063,-26.264242],[27.880678,-26.263982]]}},{"type":"Feature","properties":{"id":"relation/4514818","name":"Bus F1: Naledi => Thokoza Park","network":"Rea Vaya"},"geometry":{"type":"LineString","coordinates":[[27.880678,-26.263982],[27.880892,-26.263886],[27.881071,-26.263805]]}},{"type":"Feature","properties":{"id":"relation/4514818","name":"Bus F1: Naledi => Thokoza Park","network":"Rea Vaya"},"geometry":{"type":"LineString","coordinates":[[27.881071,-26.263805],[27.881425,-26.263658],[27.881581,-26.263609],[27.881813,-26.263554],[27.882335,-26.263423],[27.882428,-26.263403],[27.88282,-26.263326],[27.883505,-26.263242],[27.883954,-26.263191],[27.884229,-26.26316],[27.884315,-26.263151],[27.884412,-26.26314],[27.884466,-26.263133],[27.884521,-26.263119],[27.884564,-26.263103],[27.884624,-26.263078]]}},{"type":"Feature","properties":{"id":"relation/4514818","name":"Bus F1: Naledi => Thokoza Park","network":"Rea Vaya"},"geometry":{"type":"LineString","coordinates":[[27.874463,-26.231612],[27.874411,-26.231688],[27.874365,-26.23175]]}},{"type":"Feature","properties":{"id":"relation/4514818","name":"Bus F1: Naledi => Thokoza Park","network":"Rea Vaya"},"geometry":{"type":"LineString","coordinates":[[27.874365,-26.23175],[27.87433,-26.231807],[27.874237,-26.231934],[27.874118,-26.232067],[27.873967,-26.232211],[27.873798,-26.232357],[27.873704,-26.232432],[27.873516,-26.232551],[27.873344,-26.232638],[27.873121,-26.232747],[27.872909,-26.232846],[27.872423,-26.233057],[27.871964,-26.233254],[27.871108,-26.233631],[27.870744,-26.233783],[27.870706,-26.2338],[27.870627,-26.233835],[27.870459,-26.23391],[27.870095,-26.234067],[27.869783,-26.234203],[27.869634,-26.234258],[27.869303,-26.234374],[27.869067,-26.234459],[27.868767,-26.234553],[27.868649,-26.234585],[27.868532,-26.234616],[27.868447,-26.234635],[27.868309,-26.234662],[27.868191,-26.234683],[27.868113,-26.234694],[27.868029,-26.234706],[27.867512,-26.234741],[27.866994,-26.234763],[27.866037,-26.234867],[27.865688,-26.234913]]}},{"type":"Feature","properties":{"id":"relation/4514818","name":"Bus F1: Naledi => Thokoza Park","network":"Rea Vaya"},"geometry":{"type":"LineString","coordinates":[[27.865688,-26.234913],[27.865256,-26.234981]]}},{"type":"Feature","properties":{"id":"relation/4514818","name":"Bus F1: Naledi => Thokoza Park","network":"Rea Vaya"},"geometry":{"type":"LineString","coordinates":[[27.865256,-26.234981],[27.864927,-26.235048]]}},{"type":"Feature","properties":{"id":"relation/4514818","name":"Bus F1: Naledi => Thokoza Park","network":"Rea Vaya"},"geometry":{"type":"LineString","coordinates":[[27.864927,-26.235048],[27.86456,-26.235118],[27.864377,-26.235163],[27.86415,-26.235239],[27.863745,-26.235394],[27.863279,-26.235584],[27.863117,-26.23566],[27.862898,-26.235765],[27.862537,-26.235947],[27.862418,-26.23601],[27.862237,-26.236109]]}},{"type":"Feature","properties":{"id":"relation/4514818","name":"Bus F1: Naledi => Thokoza Park","network":"Rea Vaya"},"geometry":{"type":"LineString","coordinates":[[27.862237,-26.236109],[27.862026,-26.236245]]}},{"type":"Feature","properties":{"id":"relation/4514818","name":"Bus F1: Naledi => Thokoza Park","network":"Rea Vaya"},"geometry":{"type":"LineString","coordinates":[[27.862026,-26.236245],[27.86182,-26.23638],[27.861785,-26.236404]]}},{"type":"Feature","properties":{"id":"relation/4514818","name":"Bus F1: Naledi => Thokoza Park","network":"Rea Vaya"},"geometry":{"type":"LineString","coordinates":[[27.861785,-26.236404],[27.861717,-26.236448],[27.861678,-26.236473],[27.861494,-26.2366],[27.861155,-26.236832],[27.860802,-26.237085],[27.86055,-26.237258],[27.86034,-26.237412],[27.860251,-26.237483],[27.860151,-26.237575],[27.860029,-26.237692],[27.859859,-26.237852],[27.85955,-26.238158]]}},{"type":"Feature","properties":{"id":"relation/4514818","name":"Bus F1: Naledi => Thokoza Park","network":"Rea Vaya"},"geometry":{"type":"LineString","coordinates":[[27.85955,-26.238158],[27.859246,-26.238441]]}},{"type":"Feature","properties":{"id":"relation/4514818","name":"Bus F1: Naledi => Thokoza Park","network":"Rea Vaya"},"geometry":{"type":"LineString","coordinates":[[27.859246,-26.238441],[27.858945,-26.238817],[27.858921,-26.238847]]}},{"type":"Feature","properties":{"id":"relation/4514818","name":"Bus F1: Naledi => Thokoza Park","network":"Rea Vaya"},"geometry":{"type":"LineString","coordinates":[[27.858921,-26.238847],[27.858869,-26.238911],[27.858856,-26.238928],[27.858773,-26.239044]]}},{"type":"Feature","properties":{"id":"relation/4514818","name":"Bus F1: Naledi => Thokoza Park","network":"Rea Vaya"},"geometry":{"type":"LineString","coordinates":[[27.858773,-26.239044],[27.858603,-26.23929]]}},{"type":"Feature","properties":{"id":"relation/4514818","name":"Bus F1: Naledi => Thokoza Park","network":"Rea Vaya"},"geometry":{"type":"LineString","coordinates":[[27.858603,-26.23929],[27.858399,-26.239569],[27.85837,-26.239619],[27.858086,-26.240012],[27.857917,-26.240271],[27.857605,-26.24075],[27.857562,-26.240826],[27.857141,-26.241542],[27.85678,-26.242177],[27.856643,-26.242425],[27.855928,-26.243715],[27.855887,-26.243789],[27.855842,-26.243876],[27.855815,-26.243927],[27.855647,-26.244254],[27.855618,-26.24431],[27.855584,-26.244369],[27.855514,-26.244493],[27.855423,-26.24469],[27.855345,-26.244834],[27.855137,-26.245206],[27.855052,-26.245357],[27.854998,-26.245451],[27.85495,-26.245543],[27.854913,-26.245619],[27.854864,-26.245727],[27.854819,-26.245829],[27.854792,-26.245896],[27.854745,-26.246012],[27.854615,-26.246326],[27.854549,-26.246488],[27.854346,-26.246961],[27.854291,-26.247108],[27.854263,-26.247195],[27.854244,-26.247274],[27.854227,-26.247352],[27.854199,-26.247539],[27.854121,-26.247963],[27.854084,-26.248178],[27.854065,-26.248331],[27.854058,-26.248453]]}},{"type":"Feature","properties":{"id":"relation/4514818","name":"Bus F1: Naledi => Thokoza Park","network":"Rea Vaya"},"geometry":{"type":"LineString","coordinates":[[27.854058,-26.248453],[27.854053,-26.248538],[27.854055,-26.248605],[27.854058,-26.248664]]}},{"type":"Feature","properties":{"id":"relation/4514818","name":"Bus F1: Naledi => Thokoza Park","network":"Rea Vaya"},"geometry":{"type":"LineString","coordinates":[[27.854058,-26.248664],[27.854055,-26.248938],[27.854054,-26.248961],[27.854024,-26.249954],[27.854023,-26.250177],[27.854033,-26.250351],[27.854049,-26.250557],[27.854076,-26.250744],[27.854114,-26.251012],[27.854135,-26.251153],[27.85418,-26.251508],[27.85423,-26.251841],[27.854238,-26.251908],[27.854251,-26.251993],[27.854269,-26.252123],[27.854336,-26.252569]]}},{"type":"Feature","properties":{"id":"relation/4514818","name":"Bus F1: Naledi => Thokoza Park","network":"Rea Vaya"},"geometry":{"type":"LineString","coordinates":[[27.854336,-26.252569],[27.854381,-26.252895]]}},{"type":"Feature","properties":{"id":"relation/4514818","name":"Bus F1: Naledi => Thokoza Park","network":"Rea Vaya"},"geometry":{"type":"LineString","coordinates":[[27.854381,-26.252895],[27.854433,-26.253219],[27.854447,-26.253282],[27.854496,-26.253533],[27.854649,-26.254249]]}},{"type":"Feature","properties":{"id":"relation/4514818","name":"Bus F1: Naledi => Thokoza Park","network":"Rea Vaya"},"geometry":{"type":"LineString","coordinates":[[27.854649,-26.254249],[27.854711,-26.254542]]}},{"type":"Feature","properties":{"id":"relation/4514818","name":"Bus F1: Naledi => Thokoza Park","network":"Rea Vaya"},"geometry":{"type":"LineString","coordinates":[[27.854711,-26.254542],[27.854739,-26.254674],[27.854767,-26.25481],[27.854777,-26.254854],[27.854855,-26.255219],[27.854891,-26.255368],[27.854928,-26.255498],[27.854952,-26.255578],[27.855059,-26.255924],[27.855183,-26.256298],[27.855372,-26.256875],[27.855551,-26.257421]]}},{"type":"Feature","properties":{"id":"relation/4514818","name":"Bus F1: Naledi => Thokoza Park","network":"Rea Vaya"},"geometry":{"type":"LineString","coordinates":[[27.855551,-26.257421],[27.855596,-26.257576],[27.855636,-26.257719],[27.855657,-26.25783],[27.85573,-26.258173],[27.855763,-26.258327],[27.855785,-26.2584],[27.855806,-26.258474]]}},{"type":"Feature","properties":{"id":"relation/4514818","name":"Bus F1: Naledi => Thokoza Park","network":"Rea Vaya"},"geometry":{"type":"LineString","coordinates":[[27.855745,-26.258494],[27.855632,-26.258128],[27.855615,-26.25806],[27.855569,-26.257859],[27.855513,-26.257662],[27.855444,-26.257451]]}},{"type":"Feature","properties":{"id":"relation/4514818","name":"Bus F1: Naledi => Thokoza Park","network":"Rea Vaya"},"geometry":{"type":"LineString","coordinates":[[27.855444,-26.257451],[27.855388,-26.257285],[27.855264,-26.256906],[27.854989,-26.25607],[27.85489,-26.255752],[27.854779,-26.255399],[27.854732,-26.255192],[27.854663,-26.254875],[27.854653,-26.254828],[27.854626,-26.254699],[27.854596,-26.254558],[27.854371,-26.253484]]}},{"type":"Feature","properties":{"id":"relation/4514818","name":"Bus F1: Naledi => Thokoza Park","network":"Rea Vaya"},"geometry":{"type":"LineString","coordinates":[[27.854371,-26.253484],[27.854329,-26.253266]]}},{"type":"Feature","properties":{"id":"relation/4514818","name":"Bus F1: Naledi => Thokoza Park","network":"Rea Vaya"},"geometry":{"type":"LineString","coordinates":[[27.854329,-26.253266],[27.85427,-26.252917]]}},{"type":"Feature","properties":{"id":"relation/4514818","name":"Bus F1: Naledi => Thokoza Park","network":"Rea Vaya"},"geometry":{"type":"LineString","coordinates":[[27.85427,-26.252917],[27.854232,-26.252652],[27.854159,-26.252136],[27.85414,-26.251998],[27.854073,-26.251526],[27.853965,-26.250773],[27.853944,-26.25061],[27.853928,-26.250473],[27.853919,-26.250358],[27.853913,-26.250236],[27.853908,-26.250101],[27.853927,-26.249091],[27.853931,-26.24899],[27.853928,-26.248657]]}},{"type":"Feature","properties":{"id":"relation/4514818","name":"Bus F1: Naledi => Thokoza Park","network":"Rea Vaya"},"geometry":{"type":"LineString","coordinates":[[27.853928,-26.248657],[27.853927,-26.248565],[27.853932,-26.248515],[27.853944,-26.248455]]}},{"type":"Feature","properties":{"id":"relation/4514818","name":"Bus F1: Naledi => Thokoza Park","network":"Rea Vaya"},"geometry":{"type":"LineString","coordinates":[[27.853944,-26.248455],[27.853959,-26.248382],[27.853992,-26.248148],[27.854001,-26.24808],[27.854118,-26.247364],[27.854152,-26.247211],[27.85418,-26.247104],[27.854251,-26.246916],[27.854309,-26.24678]]}},{"type":"Feature","properties":{"id":"relation/4514818","name":"Bus F1: Naledi => Thokoza Park","network":"Rea Vaya"},"geometry":{"type":"LineString","coordinates":[[27.854309,-26.24678],[27.854456,-26.246434],[27.854518,-26.2463]]}},{"type":"Feature","properties":{"id":"relation/4514818","name":"Bus F1: Naledi => Thokoza Park","network":"Rea Vaya"},"geometry":{"type":"LineString","coordinates":[[27.854518,-26.2463],[27.854692,-26.245868],[27.854802,-26.245615],[27.854867,-26.245482],[27.854971,-26.245294]]}},{"type":"Feature","properties":{"id":"relation/4514818","name":"Bus F1: Naledi => Thokoza Park","network":"Rea Vaya"},"geometry":{"type":"LineString","coordinates":[[27.854971,-26.245294],[27.855223,-26.244833]]}},{"type":"Feature","properties":{"id":"relation/4514818","name":"Bus F1: Naledi => Thokoza Park","network":"Rea Vaya"},"geometry":{"type":"LineString","coordinates":[[27.855223,-26.244833],[27.855318,-26.244663],[27.855498,-26.244335],[27.855537,-26.244265]]}},{"type":"Feature","properties":{"id":"relation/4514818","name":"Bus F1: Naledi => Thokoza Park","network":"Rea Vaya"},"geometry":{"type":"LineString","coordinates":[[27.855537,-26.244265],[27.855565,-26.244217],[27.85561,-26.244139]]}},{"type":"Feature","properties":{"id":"relation/4514818","name":"Bus F1: Naledi => Thokoza Park","network":"Rea Vaya"},"geometry":{"type":"LineString","coordinates":[[27.85561,-26.244139],[27.855769,-26.243843],[27.855813,-26.243755]]}},{"type":"Feature","properties":{"id":"relation/4514818","name":"Bus F1: Naledi => Thokoza Park","network":"Rea Vaya"},"geometry":{"type":"LineString","coordinates":[[27.855813,-26.243755],[27.855853,-26.243684],[27.856268,-26.242943],[27.856719,-26.242146],[27.857173,-26.241277]]}},{"type":"Feature","properties":{"id":"relation/4514818","name":"Bus F1: Naledi => Thokoza Park","network":"Rea Vaya"},"geometry":{"type":"LineString","coordinates":[[27.857173,-26.241277],[27.85729,-26.241072]]}},{"type":"Feature","properties":{"id":"relation/4514818","name":"Bus F1: Naledi => Thokoza Park","network":"Rea Vaya"},"geometry":{"type":"LineString","coordinates":[[27.85729,-26.241072],[27.857511,-26.240711]]}},{"type":"Feature","properties":{"id":"relation/4514818","name":"Bus F1: Naledi => Thokoza Park","network":"Rea Vaya"},"geometry":{"type":"LineString","coordinates":[[27.857511,-26.240711],[27.857782,-26.240284]]}},{"type":"Feature","properties":{"id":"relation/4514818","name":"Bus F1: Naledi => Thokoza Park","network":"Rea Vaya"},"geometry":{"type":"LineString","coordinates":[[27.857782,-26.240284],[27.85792,-26.240076],[27.858001,-26.239955]]}},{"type":"Feature","properties":{"id":"relation/4514818","name":"Bus F1: Naledi => Thokoza Park","network":"Rea Vaya"},"geometry":{"type":"LineString","coordinates":[[27.858001,-26.239955],[27.858216,-26.239669],[27.858321,-26.239516],[27.858521,-26.23924],[27.858693,-26.238974]]}},{"type":"Feature","properties":{"id":"relation/4514818","name":"Bus F1: Naledi => Thokoza Park","network":"Rea Vaya"},"geometry":{"type":"LineString","coordinates":[[27.858693,-26.238974],[27.858773,-26.238865],[27.858828,-26.23879]]}},{"type":"Feature","properties":{"id":"relation/4514818","name":"Bus F1: Naledi => Thokoza Park","network":"Rea Vaya"},"geometry":{"type":"LineString","coordinates":[[27.858828,-26.23879],[27.85885,-26.238762],[27.858883,-26.23872],[27.859012,-26.238572],[27.859095,-26.23849],[27.859198,-26.238382],[27.85941,-26.238163],[27.859635,-26.237943],[27.859921,-26.237662],[27.860104,-26.237484],[27.860183,-26.237418],[27.860277,-26.237346],[27.86039,-26.237266],[27.86078,-26.236992],[27.861113,-26.236758]]}},{"type":"Feature","properties":{"id":"relation/4514818","name":"Bus F1: Naledi => Thokoza Park","network":"Rea Vaya"},"geometry":{"type":"LineString","coordinates":[[27.861113,-26.236758],[27.861344,-26.236593]]}},{"type":"Feature","properties":{"id":"relation/4514818","name":"Bus F1: Naledi => Thokoza Park","network":"Rea Vaya"},"geometry":{"type":"LineString","coordinates":[[27.861344,-26.236593],[27.861478,-26.236492],[27.861581,-26.236419],[27.861648,-26.236373],[27.861721,-26.236322]]}},{"type":"Feature","properties":{"id":"relation/4514818","name":"Bus F1: Naledi => Thokoza Park","network":"Rea Vaya"},"geometry":{"type":"LineString","coordinates":[[27.861721,-26.236322],[27.861752,-26.236303],[27.861945,-26.236178],[27.862105,-26.236076],[27.862289,-26.23597],[27.8625,-26.235862],[27.862706,-26.235759],[27.86288,-26.235674],[27.863145,-26.235548],[27.863332,-26.235463],[27.863774,-26.235289],[27.864131,-26.235151],[27.864283,-26.235099]]}},{"type":"Feature","properties":{"id":"relation/4514818","name":"Bus F1: Naledi => Thokoza Park","network":"Rea Vaya"},"geometry":{"type":"LineString","coordinates":[[27.864283,-26.235099],[27.864421,-26.235056],[27.864548,-26.235027]]}},{"type":"Feature","properties":{"id":"relation/4514818","name":"Bus F1: Naledi => Thokoza Park","network":"Rea Vaya"},"geometry":{"type":"LineString","coordinates":[[27.864548,-26.235027],[27.864912,-26.23495]]}},{"type":"Feature","properties":{"id":"relation/4514818","name":"Bus F1: Naledi => Thokoza Park","network":"Rea Vaya"},"geometry":{"type":"LineString","coordinates":[[27.864912,-26.23495],[27.865229,-26.234894],[27.865813,-26.234806],[27.866375,-26.234734],[27.866601,-26.234707],[27.866883,-26.234676],[27.867246,-26.234659],[27.867481,-26.234652]]}},{"type":"Feature","properties":{"id":"relation/4514818","name":"Bus F1: Naledi => Thokoza Park","network":"Rea Vaya"},"geometry":{"type":"LineString","coordinates":[[27.867481,-26.234652],[27.867767,-26.234632],[27.868028,-26.234609],[27.868234,-26.234576],[27.868434,-26.234535],[27.868708,-26.234454],[27.868939,-26.234371],[27.869294,-26.234238],[27.869808,-26.234031],[27.870143,-26.233899],[27.870462,-26.233754],[27.870632,-26.233681],[27.871032,-26.23351],[27.872351,-26.232929],[27.873102,-26.232621],[27.87332,-26.232531],[27.87346,-26.232461],[27.873543,-26.232412],[27.873626,-26.232354],[27.873732,-26.232274],[27.87386,-26.232164],[27.87393,-26.232095]]}},{"type":"Feature","properties":{"id":"relation/4514818","name":"Bus F1: Naledi => Thokoza Park","network":"Rea Vaya"},"geometry":{"type":"LineString","coordinates":[[27.87393,-26.232095],[27.874052,-26.231958],[27.874122,-26.231886],[27.874175,-26.231814]]}},{"type":"Feature","properties":{"id":"relation/4514818","name":"Bus F1: Naledi => Thokoza Park","network":"Rea Vaya"},"geometry":{"type":"LineString","coordinates":[[27.874175,-26.231814],[27.874292,-26.231655]]}},{"type":"Feature","properties":{"id":"relation/4514818","name":"Bus F1: Naledi => Thokoza Park","network":"Rea Vaya"},"geometry":{"type":"LineString","coordinates":[[27.874292,-26.231655],[27.874336,-26.231594]]}},{"type":"Feature","properties":{"id":"relation/4514818","name":"Bus F1: Naledi => Thokoza Park","network":"Rea Vaya"},"geometry":{"type":"LineString","coordinates":[[27.874336,-26.231594],[27.874394,-26.231515],[27.874449,-26.231441]]}},{"type":"Feature","properties":{"id":"relation/4514818","name":"Bus F1: Naledi => Thokoza Park","network":"Rea Vaya"},"geometry":{"type":"LineString","coordinates":[[27.874449,-26.231441],[27.874799,-26.230966],[27.874978,-26.230712],[27.875237,-26.230372]]}},{"type":"Feature","properties":{"id":"relation/4538797","name":"Bus F10: Pimville => Lakeview","network":"Rea Vaya"},"geometry":{"type":"LineString","coordinates":[[27.899613,-26.272402],[27.899788,-26.272431],[27.900327,-26.27252],[27.900843,-26.272606],[27.901366,-26.272697],[27.901491,-26.272715],[27.902516,-26.272887],[27.902727,-26.272917],[27.902889,-26.272908],[27.903045,-26.272882],[27.903699,-26.272681],[27.904329,-26.272477],[27.905183,-26.272207],[27.905325,-26.272167],[27.905503,-26.272134],[27.90573,-26.272111],[27.906119,-26.272114],[27.906762,-26.272104],[27.907578,-26.27211],[27.908403,-26.272101],[27.909243,-26.272088]]}},{"type":"Feature","properties":{"id":"relation/4538797","name":"Bus F10: Pimville => Lakeview","network":"Rea Vaya"},"geometry":{"type":"LineString","coordinates":[[27.902173,-26.267826],[27.9019,-26.267837],[27.901589,-26.267889],[27.901278,-26.267979],[27.901141,-26.268047],[27.90111,-26.268065],[27.90104,-26.268105],[27.900866,-26.268211],[27.900718,-26.268353],[27.900594,-26.268502],[27.900476,-26.268695],[27.900394,-26.268874],[27.900325,-26.269068],[27.900267,-26.269323],[27.900191,-26.269686],[27.900013,-26.270548],[27.899972,-26.270747],[27.899943,-26.270877],[27.899851,-26.271297],[27.899786,-26.271617],[27.899758,-26.271746],[27.899686,-26.272081],[27.899613,-26.272402]]}},{"type":"Feature","properties":{"id":"relation/4538797","name":"Bus F10: Pimville => Lakeview","network":"Rea Vaya"},"geometry":{"type":"LineString","coordinates":[[27.902173,-26.267826],[27.902182,-26.267633],[27.902186,-26.267364],[27.902185,-26.267254],[27.902162,-26.267162],[27.902126,-26.267055],[27.902092,-26.266967],[27.902067,-26.266894],[27.902063,-26.266814],[27.902052,-26.265764],[27.902028,-26.265611],[27.901986,-26.26542],[27.901937,-26.265267],[27.901876,-26.26515],[27.901797,-26.265037],[27.901638,-26.264856],[27.901513,-26.264737],[27.900706,-26.264111],[27.900274,-26.263777],[27.899968,-26.263515],[27.899846,-26.26338],[27.899784,-26.2633],[27.899717,-26.263182],[27.899671,-26.263065],[27.899634,-26.262939],[27.899558,-26.26259]]}},{"type":"Feature","properties":{"id":"relation/4538797","name":"Bus F10: Pimville => Lakeview","network":"Rea Vaya"},"geometry":{"type":"LineString","coordinates":[[27.899335,-26.261107],[27.899365,-26.26132],[27.899379,-26.261424],[27.89943,-26.261749],[27.899558,-26.26259]]}},{"type":"Feature","properties":{"id":"relation/4538797","name":"Bus F10: Pimville => Lakeview","network":"Rea Vaya"},"geometry":{"type":"LineString","coordinates":[[27.899335,-26.261107],[27.899009,-26.26115],[27.89846,-26.261224],[27.897988,-26.261295],[27.897495,-26.261364]]}},{"type":"Feature","properties":{"id":"relation/4538797","name":"Bus F10: Pimville => Lakeview","network":"Rea Vaya"},"geometry":{"type":"LineString","coordinates":[[27.897495,-26.261364],[27.896818,-26.261467]]}},{"type":"Feature","properties":{"id":"relation/4538797","name":"Bus F10: Pimville => Lakeview","network":"Rea Vaya"},"geometry":{"type":"LineString","coordinates":[[27.896818,-26.261467],[27.896295,-26.261531],[27.894409,-26.26177],[27.894211,-26.261802],[27.893896,-26.26185],[27.893678,-26.261891],[27.893519,-26.261919],[27.892534,-26.262096],[27.892289,-26.262135],[27.891469,-26.262289],[27.890876,-26.262401],[27.890615,-26.262447],[27.890316,-26.262495]]}},{"type":"Feature","properties":{"id":"relation/4538797","name":"Bus F10: Pimville => Lakeview","network":"Rea Vaya"},"geometry":{"type":"LineString","coordinates":[[27.890316,-26.262495],[27.890192,-26.262519]]}},{"type":"Feature","properties":{"id":"relation/4540480","name":"Bus F3: Jabavu => Thokoza Park","network":"Rea Vaya"},"geometry":{"type":"LineString","coordinates":[[27.87779,-26.252249],[27.877809,-26.253149],[27.877878,-26.256246],[27.877879,-26.256362],[27.877876,-26.256919],[27.8779,-26.257664]]}},{"type":"Feature","properties":{"id":"relation/4540480","name":"Bus F3: Jabavu => Thokoza Park","network":"Rea Vaya"},"geometry":{"type":"LineString","coordinates":[[27.8779,-26.257664],[27.877894,-26.258242],[27.877879,-26.25852]]}},{"type":"Feature","properties":{"id":"relation/4540480","name":"Bus F3: Jabavu => Thokoza Park","network":"Rea Vaya"},"geometry":{"type":"LineString","coordinates":[[27.883603,-26.262166],[27.883314,-26.261981],[27.882765,-26.261631],[27.882624,-26.261547],[27.881645,-26.260925],[27.880069,-26.259917],[27.879933,-26.259821],[27.879098,-26.25927],[27.878886,-26.259139],[27.878674,-26.259016],[27.878042,-26.2586],[27.877954,-26.258552],[27.877879,-26.25852]]}},{"type":"Feature","properties":{"id":"relation/4540480","name":"Bus F3: Jabavu => Thokoza Park","network":"Rea Vaya"},"geometry":{"type":"LineString","coordinates":[[27.884879,-26.262167],[27.884198,-26.262247],[27.884042,-26.262265],[27.883928,-26.262282],[27.883875,-26.262286],[27.88383,-26.262286],[27.883783,-26.262279],[27.883721,-26.262243],[27.883685,-26.262218],[27.883603,-26.262166]]}},{"type":"Feature","properties":{"id":"relation/4540480","name":"Bus F3: Jabavu => Thokoza Park","network":"Rea Vaya"},"geometry":{"type":"LineString","coordinates":[[27.88507,-26.262165],[27.884879,-26.262167]]}},{"type":"Feature","properties":{"id":"relation/4540480","name":"Bus F3: Jabavu => Thokoza Park","network":"Rea Vaya"},"geometry":{"type":"LineString","coordinates":[[27.88507,-26.262165],[27.885054,-26.262253],[27.885008,-26.262506]]}},{"type":"Feature","properties":{"id":"relation/4540480","name":"Bus F3: Jabavu => Thokoza Park","network":"Rea Vaya"},"geometry":{"type":"LineString","coordinates":[[27.885008,-26.262506],[27.884999,-26.262663],[27.884992,-26.262723],[27.884996,-26.262787],[27.885026,-26.262877],[27.885046,-26.262912],[27.885081,-26.262992]]}},{"type":"Feature","properties":{"id":"relation/4540480","name":"Bus F3: Jabavu => Thokoza Park","network":"Rea Vaya"},"geometry":{"type":"LineString","coordinates":[[27.884983,-26.262937],[27.885017,-26.262953],[27.885081,-26.262992],[27.885102,-26.263031],[27.885129,-26.263086],[27.885133,-26.263115],[27.885133,-26.263145],[27.88512,-26.263189],[27.885074,-26.263266],[27.885048,-26.263289],[27.885017,-26.263316],[27.88497,-26.263343]]}},{"type":"Feature","properties":{"id":"relation/4540480","name":"Bus F3: Jabavu => Thokoza Park","network":"Rea Vaya"},"geometry":{"type":"LineString","coordinates":[[27.884719,-26.263332],[27.884646,-26.26326],[27.884621,-26.263223],[27.88461,-26.263173],[27.884614,-26.263123],[27.884624,-26.263078],[27.884651,-26.26305],[27.884707,-26.262993],[27.884748,-26.262944]]}},{"type":"Feature","properties":{"id":"relation/4540480","name":"Bus F3: Jabavu => Thokoza Park","network":"Rea Vaya"},"geometry":{"type":"LineString","coordinates":[[27.88497,-26.263343],[27.884906,-26.263364],[27.884857,-26.263371],[27.884819,-26.26337],[27.884789,-26.263364],[27.884744,-26.263343],[27.884719,-26.263332]]}},{"type":"Feature","properties":{"id":"relation/4540480","name":"Bus F3: Jabavu => Thokoza Park","network":"Rea Vaya"},"geometry":{"type":"LineString","coordinates":[[27.884748,-26.262944],[27.884808,-26.262924],[27.884845,-26.262916],[27.884872,-26.262914],[27.884893,-26.262916],[27.88493,-26.262924],[27.884983,-26.262937]]}},{"type":"Feature","properties":{"id":"relation/4540480","name":"Bus F3: Jabavu => Thokoza Park","network":"Rea Vaya"},"geometry":{"type":"LineString","coordinates":[[27.884719,-26.263332],[27.88461,-26.263335],[27.884549,-26.263336],[27.884248,-26.263337],[27.884156,-26.26334],[27.884038,-26.263344],[27.883845,-26.263355],[27.883676,-26.263373],[27.883503,-26.263391],[27.883208,-26.263427],[27.882905,-26.263469],[27.882666,-26.263512],[27.882428,-26.263562],[27.882216,-26.263619],[27.882088,-26.263654],[27.881919,-26.263712],[27.881673,-26.263815],[27.881547,-26.263877],[27.881268,-26.264004]]}},{"type":"Feature","properties":{"id":"relation/4540480","name":"Bus F3: Jabavu => Thokoza Park","network":"Rea Vaya"},"geometry":{"type":"LineString","coordinates":[[27.881268,-26.264004],[27.881042,-26.264106],[27.880837,-26.264203]]}},{"type":"Feature","properties":{"id":"relation/4540480","name":"Bus F3: Jabavu => Thokoza Park","network":"Rea Vaya"},"geometry":{"type":"LineString","coordinates":[[27.880837,-26.264203],[27.880246,-26.264472],[27.879902,-26.26463],[27.879807,-26.264671],[27.879574,-26.26478],[27.879501,-26.264817],[27.879427,-26.264861]]}},{"type":"Feature","properties":{"id":"relation/4540480","name":"Bus F3: Jabavu => Thokoza Park","network":"Rea Vaya"},"geometry":{"type":"LineString","coordinates":[[27.879427,-26.264861],[27.879373,-26.264882],[27.879335,-26.264906],[27.879297,-26.264939],[27.879263,-26.264972],[27.879217,-26.265022]]}},{"type":"Feature","properties":{"id":"relation/4540480","name":"Bus F3: Jabavu => Thokoza Park","network":"Rea Vaya"},"geometry":{"type":"LineString","coordinates":[[27.879427,-26.264861],[27.879363,-26.264937],[27.879337,-26.264968],[27.879296,-26.265011],[27.879212,-26.265102]]}},{"type":"Feature","properties":{"id":"relation/4540481","name":"Bus F4: Boomtown => Mofolo","network":"Rea Vaya"},"geometry":{"type":"LineString","coordinates":[[27.882349,-26.244437],[27.882508,-26.244384],[27.88455,-26.243672],[27.884655,-26.243624],[27.884705,-26.243596],[27.88475,-26.243567],[27.884873,-26.243482],[27.884996,-26.24336],[27.885181,-26.243126],[27.885296,-26.242953],[27.885404,-26.242774],[27.885524,-26.242548],[27.885631,-26.242302],[27.885704,-26.242068],[27.885763,-26.241809],[27.8858,-26.241504],[27.88582,-26.241359],[27.885818,-26.241226],[27.885817,-26.241089],[27.885798,-26.240898],[27.885764,-26.240695],[27.885741,-26.240556],[27.885604,-26.239998]]}},{"type":"Feature","properties":{"id":"relation/4540481","name":"Bus F4: Boomtown => Mofolo","network":"Rea Vaya"},"geometry":{"type":"LineString","coordinates":[[27.885604,-26.239998],[27.888,-26.239584]]}},{"type":"Feature","properties":{"id":"relation/4540481","name":"Bus F4: Boomtown => Mofolo","network":"Rea Vaya"},"geometry":{"type":"LineString","coordinates":[[27.888,-26.239584],[27.888452,-26.239495]]}},{"type":"Feature","properties":{"id":"relation/4540481","name":"Bus F4: Boomtown => Mofolo","network":"Rea Vaya"},"geometry":{"type":"LineString","coordinates":[[27.888452,-26.239495],[27.889017,-26.239403]]}},{"type":"Feature","properties":{"id":"relation/4540481","name":"Bus F4: Boomtown => Mofolo","network":"Rea Vaya"},"geometry":{"type":"LineString","coordinates":[[27.889017,-26.239403],[27.889493,-26.239317],[27.892468,-26.238781],[27.892709,-26.238738],[27.893328,-26.238626],[27.893935,-26.238517],[27.894406,-26.238432]]}},{"type":"Feature","properties":{"id":"relation/4540481","name":"Bus F4: Boomtown => Mofolo","network":"Rea Vaya"},"geometry":{"type":"LineString","coordinates":[[27.894406,-26.238432],[27.894952,-26.238345],[27.89508,-26.238317],[27.89556,-26.238232],[27.895827,-26.238182],[27.89621,-26.23811],[27.896443,-26.238066],[27.899395,-26.237548],[27.899729,-26.237489],[27.899905,-26.237456],[27.900086,-26.237421],[27.900486,-26.237351],[27.900801,-26.237296],[27.901084,-26.237241],[27.901556,-26.237143]]}},{"type":"Feature","properties":{"id":"relation/4540481","name":"Bus F4: Boomtown => Mofolo","network":"Rea Vaya"},"geometry":{"type":"LineString","coordinates":[[27.901556,-26.237143],[27.901655,-26.237566],[27.901698,-26.237769],[27.90176,-26.238005]]}},{"type":"Feature","properties":{"id":"relation/4540481","name":"Bus F4: Boomtown => Mofolo","network":"Rea Vaya"},"geometry":{"type":"LineString","coordinates":[[27.906313,-26.237833],[27.906267,-26.237827],[27.906208,-26.237824],[27.905933,-26.237836],[27.904975,-26.237876],[27.904584,-26.237891],[27.904044,-26.237914],[27.903906,-26.237922],[27.903738,-26.237927],[27.903057,-26.237979],[27.902438,-26.23798],[27.90176,-26.238005]]}},{"type":"Feature","properties":{"id":"relation/4540481","name":"Bus F4: Boomtown => Mofolo","network":"Rea Vaya"},"geometry":{"type":"LineString","coordinates":[[27.906313,-26.237833],[27.906604,-26.237928],[27.907415,-26.238221],[27.907987,-26.238411],[27.908522,-26.238613],[27.909098,-26.238815],[27.90943,-26.238933],[27.909623,-26.238987],[27.909743,-26.239005],[27.909912,-26.239016],[27.910116,-26.23902],[27.911221,-26.239016],[27.911339,-26.238996],[27.911441,-26.238967]]}},{"type":"Feature","properties":{"id":"relation/4540481","name":"Bus F4: Boomtown => Mofolo","network":"Rea Vaya"},"geometry":{"type":"LineString","coordinates":[[27.911441,-26.238967],[27.911682,-26.239257]]}},{"type":"Feature","properties":{"id":"relation/4540481","name":"Bus F4: Boomtown => Mofolo","network":"Rea Vaya"},"geometry":{"type":"LineString","coordinates":[[27.911682,-26.239257],[27.911789,-26.239375],[27.911954,-26.239585],[27.911995,-26.239648],[27.912035,-26.239727]]}},{"type":"Feature","properties":{"id":"relation/4540481","name":"Bus F4: Boomtown => Mofolo","network":"Rea Vaya"},"geometry":{"type":"LineString","coordinates":[[27.912035,-26.239727],[27.91208,-26.239837],[27.912127,-26.239971],[27.912218,-26.240241]]}},{"type":"Feature","properties":{"id":"relation/4540481","name":"Bus F4: Boomtown => Mofolo","network":"Rea Vaya"},"geometry":{"type":"LineString","coordinates":[[27.912218,-26.240241],[27.912335,-26.240549]]}},{"type":"Feature","properties":{"id":"relation/4540481","name":"Bus F4: Boomtown => Mofolo","network":"Rea Vaya"},"geometry":{"type":"LineString","coordinates":[[27.912335,-26.240549],[27.912366,-26.24064]]}},{"type":"Feature","properties":{"id":"relation/4540481","name":"Bus F4: Boomtown => Mofolo","network":"Rea Vaya"},"geometry":{"type":"LineString","coordinates":[[27.912366,-26.24064],[27.912399,-26.240695],[27.912424,-26.240735]]}},{"type":"Feature","properties":{"id":"relation/4540481","name":"Bus F4: Boomtown => Mofolo","network":"Rea Vaya"},"geometry":{"type":"LineString","coordinates":[[27.912424,-26.240735],[27.912492,-26.240868]]}},{"type":"Feature","properties":{"id":"relation/4540481","name":"Bus F4: Boomtown => Mofolo","network":"Rea Vaya"},"geometry":{"type":"LineString","coordinates":[[27.912492,-26.240868],[27.912514,-26.240926],[27.912559,-26.241051],[27.9126,-26.241185],[27.912685,-26.241414],[27.912804,-26.241738],[27.912855,-26.241879],[27.91292,-26.242006],[27.912975,-26.242106],[27.913045,-26.242198],[27.913162,-26.24232],[27.91325,-26.242391],[27.913358,-26.242467],[27.913518,-26.242566]]}},{"type":"Feature","properties":{"id":"relation/4540481","name":"Bus F4: Boomtown => Mofolo","network":"Rea Vaya"},"geometry":{"type":"LineString","coordinates":[[27.913518,-26.242566],[27.913626,-26.24263],[27.913773,-26.242725]]}},{"type":"Feature","properties":{"id":"relation/4540481","name":"Bus F4: Boomtown => Mofolo","network":"Rea Vaya"},"geometry":{"type":"LineString","coordinates":[[27.913773,-26.242725],[27.914137,-26.242943]]}},{"type":"Feature","properties":{"id":"relation/4540481","name":"Bus F4: Boomtown => Mofolo","network":"Rea Vaya"},"geometry":{"type":"LineString","coordinates":[[27.914137,-26.242943],[27.914192,-26.242977]]}},{"type":"Feature","properties":{"id":"relation/4540482","name":"Bus F4: Mofolo => Boomtown","network":"Rea Vaya"},"geometry":{"type":"LineString","coordinates":[[27.882349,-26.244437],[27.882508,-26.244384],[27.88455,-26.243672],[27.884655,-26.243624],[27.884705,-26.243596],[27.88475,-26.243567],[27.884873,-26.243482],[27.884996,-26.24336],[27.885181,-26.243126],[27.885296,-26.242953],[27.885404,-26.242774],[27.885524,-26.242548],[27.885631,-26.242302],[27.885704,-26.242068],[27.885763,-26.241809],[27.8858,-26.241504],[27.88582,-26.241359],[27.885818,-26.241226],[27.885817,-26.241089],[27.885798,-26.240898],[27.885764,-26.240695],[27.885741,-26.240556],[27.885604,-26.239998]]}},{"type":"Feature","properties":{"id":"relation/4540482","name":"Bus F4: Mofolo => Boomtown","network":"Rea Vaya"},"geometry":{"type":"LineString","coordinates":[[27.885604,-26.239998],[27.888,-26.239584]]}},{"type":"Feature","properties":{"id":"relation/4540482","name":"Bus F4: Mofolo => Boomtown","network":"Rea Vaya"},"geometry":{"type":"LineString","coordinates":[[27.888,-26.239584],[27.888452,-26.239495]]}},{"type":"Feature","properties":{"id":"relation/4540482","name":"Bus F4: Mofolo => Boomtown","network":"Rea Vaya"},"geometry":{"type":"LineString","coordinates":[[27.888452,-26.239495],[27.889017,-26.239403]]}},{"type":"Feature","properties":{"id":"relation/4540482","name":"Bus F4: Mofolo => Boomtown","network":"Rea Vaya"},"geometry":{"type":"LineString","coordinates":[[27.889017,-26.239403],[27.889493,-26.239317],[27.892468,-26.238781],[27.892709,-26.238738],[27.893328,-26.238626],[27.893935,-26.238517],[27.894406,-26.238432]]}},{"type":"Feature","properties":{"id":"relation/4540482","name":"Bus F4: Mofolo => Boomtown","network":"Rea Vaya"},"geometry":{"type":"LineString","coordinates":[[27.894406,-26.238432],[27.894952,-26.238345],[27.89508,-26.238317],[27.89556,-26.238232],[27.895827,-26.238182],[27.89621,-26.23811],[27.896443,-26.238066],[27.899395,-26.237548],[27.899729,-26.237489],[27.899905,-26.237456],[27.900086,-26.237421],[27.900486,-26.237351],[27.900801,-26.237296],[27.901084,-26.237241],[27.901556,-26.237143]]}},{"type":"Feature","properties":{"id":"relation/4540482","name":"Bus F4: Mofolo => Boomtown","network":"Rea Vaya"},"geometry":{"type":"LineString","coordinates":[[27.901556,-26.237143],[27.901655,-26.237566],[27.901698,-26.237769],[27.90176,-26.238005]]}},{"type":"Feature","properties":{"id":"relation/4540482","name":"Bus F4: Mofolo => Boomtown","network":"Rea Vaya"},"geometry":{"type":"LineString","coordinates":[[27.906313,-26.237833],[27.906267,-26.237827],[27.906208,-26.237824],[27.905933,-26.237836],[27.904975,-26.237876],[27.904584,-26.237891],[27.904044,-26.237914],[27.903906,-26.237922],[27.903738,-26.237927],[27.903057,-26.237979],[27.902438,-26.23798],[27.90176,-26.238005]]}},{"type":"Feature","properties":{"id":"relation/4540482","name":"Bus F4: Mofolo => Boomtown","network":"Rea Vaya"},"geometry":{"type":"LineString","coordinates":[[27.906313,-26.237833],[27.906604,-26.237928],[27.907415,-26.238221],[27.907987,-26.238411],[27.908522,-26.238613],[27.909098,-26.238815],[27.90943,-26.238933],[27.909623,-26.238987],[27.909743,-26.239005],[27.909912,-26.239016],[27.910116,-26.23902],[27.911221,-26.239016],[27.911339,-26.238996],[27.911441,-26.238967]]}},{"type":"Feature","properties":{"id":"relation/4540482","name":"Bus F4: Mofolo => Boomtown","network":"Rea Vaya"},"geometry":{"type":"LineString","coordinates":[[27.911441,-26.238967],[27.911682,-26.239257]]}},{"type":"Feature","properties":{"id":"relation/4540482","name":"Bus F4: Mofolo => Boomtown","network":"Rea Vaya"},"geometry":{"type":"LineString","coordinates":[[27.911682,-26.239257],[27.911789,-26.239375],[27.911954,-26.239585],[27.911995,-26.239648],[27.912035,-26.239727]]}},{"type":"Feature","properties":{"id":"relation/4540482","name":"Bus F4: Mofolo => Boomtown","network":"Rea Vaya"},"geometry":{"type":"LineString","coordinates":[[27.912035,-26.239727],[27.91208,-26.239837],[27.912127,-26.239971],[27.912218,-26.240241]]}},{"type":"Feature","properties":{"id":"relation/4540482","name":"Bus F4: Mofolo => Boomtown","network":"Rea Vaya"},"geometry":{"type":"LineString","coordinates":[[27.912218,-26.240241],[27.912335,-26.240549]]}},{"type":"Feature","properties":{"id":"relation/4540482","name":"Bus F4: Mofolo => Boomtown","network":"Rea Vaya"},"geometry":{"type":"LineString","coordinates":[[27.912335,-26.240549],[27.912366,-26.24064]]}},{"type":"Feature","properties":{"id":"relation/4540482","name":"Bus F4: Mofolo => Boomtown","network":"Rea Vaya"},"geometry":{"type":"LineString","coordinates":[[27.912366,-26.24064],[27.912399,-26.240695],[27.912424,-26.240735]]}},{"type":"Feature","properties":{"id":"relation/4540482","name":"Bus F4: Mofolo => Boomtown","network":"Rea Vaya"},"geometry":{"type":"LineString","coordinates":[[27.912424,-26.240735],[27.912492,-26.240868]]}},{"type":"Feature","properties":{"id":"relation/4540482","name":"Bus F4: Mofolo => Boomtown","network":"Rea Vaya"},"geometry":{"type":"LineString","coordinates":[[27.912492,-26.240868],[27.912514,-26.240926],[27.912559,-26.241051],[27.9126,-26.241185],[27.912685,-26.241414],[27.912804,-26.241738],[27.912855,-26.241879],[27.91292,-26.242006],[27.912975,-26.242106],[27.913045,-26.242198],[27.913162,-26.24232],[27.91325,-26.242391],[27.913358,-26.242467],[27.913518,-26.242566]]}},{"type":"Feature","properties":{"id":"relation/4540482","name":"Bus F4: Mofolo => Boomtown","network":"Rea Vaya"},"geometry":{"type":"LineString","coordinates":[[27.913518,-26.242566],[27.913626,-26.24263],[27.913773,-26.242725]]}},{"type":"Feature","properties":{"id":"relation/4540482","name":"Bus F4: Mofolo => Boomtown","network":"Rea Vaya"},"geometry":{"type":"LineString","coordinates":[[27.913773,-26.242725],[27.914137,-26.242943]]}},{"type":"Feature","properties":{"id":"relation/4540482","name":"Bus F4: Mofolo => Boomtown","network":"Rea Vaya"},"geometry":{"type":"LineString","coordinates":[[27.914137,-26.242943],[27.914192,-26.242977]]}},{"type":"Feature","properties":{"id":"relation/4543758","name":"Bus F9: Mapetla => Thokoza Park","network":"Rea Vaya"},"geometry":{"type":"LineString","coordinates":[[27.846165,-26.274389],[27.846742,-26.273827],[27.847101,-26.273495],[27.847627,-26.272977],[27.848023,-26.272598],[27.848385,-26.27226],[27.848549,-26.272094],[27.848762,-26.271888],[27.849119,-26.271536],[27.850054,-26.270594],[27.850674,-26.269993],[27.851553,-26.269121],[27.851642,-26.269034],[27.851824,-26.268855],[27.851958,-26.268724]]}},{"type":"Feature","properties":{"id":"relation/4543758","name":"Bus F9: Mapetla => Thokoza Park","network":"Rea Vaya"},"geometry":{"type":"LineString","coordinates":[[27.851958,-26.268724],[27.852468,-26.269021],[27.853304,-26.269516],[27.855042,-26.27052],[27.855498,-26.270784],[27.855931,-26.271033],[27.856372,-26.27129],[27.856438,-26.271326],[27.856873,-26.27157],[27.857654,-26.272007],[27.858093,-26.272245],[27.858897,-26.272721],[27.858976,-26.272769],[27.8591,-26.272816],[27.859318,-26.272851],[27.859658,-26.272899],[27.85982,-26.272917],[27.86006,-26.272914],[27.860743,-26.272882]]}},{"type":"Feature","properties":{"id":"relation/4543758","name":"Bus F9: Mapetla => Thokoza Park","network":"Rea Vaya"},"geometry":{"type":"LineString","coordinates":[[27.860743,-26.272882],[27.861266,-26.272846],[27.861791,-26.272807],[27.862295,-26.272771],[27.862948,-26.272729],[27.863364,-26.272701],[27.863878,-26.272663],[27.864023,-26.272658],[27.864391,-26.27263],[27.864748,-26.27261],[27.864959,-26.272597],[27.865066,-26.27261],[27.865203,-26.272645],[27.865936,-26.27286],[27.866642,-26.273067],[27.867622,-26.273345],[27.86885,-26.273701],[27.869713,-26.273957],[27.870008,-26.274038],[27.87009,-26.274068],[27.870169,-26.274099]]}},{"type":"Feature","properties":{"id":"relation/4543758","name":"Bus F9: Mapetla => Thokoza Park","network":"Rea Vaya"},"geometry":{"type":"LineString","coordinates":[[27.870169,-26.274099],[27.870274,-26.274163],[27.870387,-26.274312]]}},{"type":"Feature","properties":{"id":"relation/4543758","name":"Bus F9: Mapetla => Thokoza Park","network":"Rea Vaya"},"geometry":{"type":"LineString","coordinates":[[27.870387,-26.274312],[27.870493,-26.274451],[27.870507,-26.274473],[27.870589,-26.274585],[27.870607,-26.27461]]}},{"type":"Feature","properties":{"id":"relation/4543758","name":"Bus F9: Mapetla => Thokoza Park","network":"Rea Vaya"},"geometry":{"type":"LineString","coordinates":[[27.870607,-26.27461],[27.870634,-26.274597],[27.870655,-26.274586],[27.870963,-26.274439],[27.871107,-26.274365],[27.872193,-26.273712],[27.872419,-26.273551]]}},{"type":"Feature","properties":{"id":"relation/4543758","name":"Bus F9: Mapetla => Thokoza Park","network":"Rea Vaya"},"geometry":{"type":"LineString","coordinates":[[27.872419,-26.273551],[27.872625,-26.273383]]}},{"type":"Feature","properties":{"id":"relation/4543758","name":"Bus F9: Mapetla => Thokoza Park","network":"Rea Vaya"},"geometry":{"type":"LineString","coordinates":[[27.872625,-26.273383],[27.872787,-26.27325],[27.872843,-26.273185],[27.873035,-26.272961],[27.873277,-26.272622],[27.874219,-26.271261],[27.874265,-26.271194],[27.874303,-26.271136],[27.874558,-26.270753],[27.874849,-26.270344]]}},{"type":"Feature","properties":{"id":"relation/4543758","name":"Bus F9: Mapetla => Thokoza Park","network":"Rea Vaya"},"geometry":{"type":"LineString","coordinates":[[27.874849,-26.270344],[27.875488,-26.269448],[27.875621,-26.269263],[27.875646,-26.269219],[27.875663,-26.269163],[27.875668,-26.269074]]}},{"type":"Feature","properties":{"id":"relation/4543758","name":"Bus F9: Mapetla => Thokoza Park","network":"Rea Vaya"},"geometry":{"type":"LineString","coordinates":[[27.875613,-26.269003],[27.875599,-26.268941],[27.875608,-26.268879],[27.875639,-26.268823],[27.875689,-26.268779]]}},{"type":"Feature","properties":{"id":"relation/4543758","name":"Bus F9: Mapetla => Thokoza Park","network":"Rea Vaya"},"geometry":{"type":"LineString","coordinates":[[27.875668,-26.269074],[27.875636,-26.269041],[27.875613,-26.269003]]}},{"type":"Feature","properties":{"id":"relation/4543758","name":"Bus F9: Mapetla => Thokoza Park","network":"Rea Vaya"},"geometry":{"type":"LineString","coordinates":[[27.875919,-26.269096],[27.875857,-26.269119],[27.87579,-26.269122],[27.875725,-26.269107],[27.875668,-26.269074]]}},{"type":"Feature","properties":{"id":"relation/4543758","name":"Bus F9: Mapetla => Thokoza Park","network":"Rea Vaya"},"geometry":{"type":"LineString","coordinates":[[27.875999,-26.26885],[27.876013,-26.268881],[27.876021,-26.26893],[27.876015,-26.268978],[27.875995,-26.269025],[27.875962,-26.269065],[27.875919,-26.269096]]}},{"type":"Feature","properties":{"id":"relation/4543758","name":"Bus F9: Mapetla => Thokoza Park","network":"Rea Vaya"},"geometry":{"type":"LineString","coordinates":[[27.875956,-26.268798],[27.875999,-26.26885]]}},{"type":"Feature","properties":{"id":"relation/4543758","name":"Bus F9: Mapetla => Thokoza Park","network":"Rea Vaya"},"geometry":{"type":"LineString","coordinates":[[27.875689,-26.268779],[27.875754,-26.268752],[27.875826,-26.268746],[27.875896,-26.268762],[27.875956,-26.268798]]}},{"type":"Feature","properties":{"id":"relation/4543758","name":"Bus F9: Mapetla => Thokoza Park","network":"Rea Vaya"},"geometry":{"type":"LineString","coordinates":[[27.875896,-26.268762],[27.876076,-26.268558],[27.87737,-26.26657],[27.877767,-26.266085],[27.878206,-26.265638],[27.87861,-26.265256],[27.878626,-26.265238],[27.878801,-26.265105]]}},{"type":"Feature","properties":{"id":"relation/4543758","name":"Bus F9: Mapetla => Thokoza Park","network":"Rea Vaya"},"geometry":{"type":"LineString","coordinates":[[27.878959,-26.265239],[27.878928,-26.265233],[27.87889,-26.26522],[27.878866,-26.265206],[27.878839,-26.265179],[27.878825,-26.265163],[27.87881,-26.26514],[27.878801,-26.265105],[27.878806,-26.26506],[27.878811,-26.265025],[27.878823,-26.264986]]}},{"type":"Feature","properties":{"id":"relation/4543758","name":"Bus F9: Mapetla => Thokoza Park","network":"Rea Vaya"},"geometry":{"type":"LineString","coordinates":[[27.878823,-26.264986],[27.878833,-26.26497],[27.878848,-26.264955],[27.878872,-26.264931],[27.878897,-26.264915],[27.878926,-26.264899],[27.878961,-26.264888],[27.878992,-26.264882],[27.879022,-26.264879],[27.879042,-26.264877],[27.879064,-26.264875]]}},{"type":"Feature","properties":{"id":"relation/4543758","name":"Bus F9: Mapetla => Thokoza Park","network":"Rea Vaya"},"geometry":{"type":"LineString","coordinates":[[27.879064,-26.264875],[27.879122,-26.264851],[27.87917,-26.264821],[27.879244,-26.264761],[27.879318,-26.264695],[27.879447,-26.264566],[27.879634,-26.264449],[27.879867,-26.264332],[27.880063,-26.264242],[27.880678,-26.263982]]}},{"type":"Feature","properties":{"id":"relation/4543758","name":"Bus F9: Mapetla => Thokoza Park","network":"Rea Vaya"},"geometry":{"type":"LineString","coordinates":[[27.880678,-26.263982],[27.880892,-26.263886],[27.881071,-26.263805]]}},{"type":"Feature","properties":{"id":"relation/4543758","name":"Bus F9: Mapetla => Thokoza Park","network":"Rea Vaya"},"geometry":{"type":"LineString","coordinates":[[27.881071,-26.263805],[27.881425,-26.263658],[27.881581,-26.263609],[27.881813,-26.263554],[27.882335,-26.263423],[27.882428,-26.263403],[27.88282,-26.263326],[27.883505,-26.263242],[27.883954,-26.263191],[27.884229,-26.26316],[27.884315,-26.263151],[27.884412,-26.26314],[27.884466,-26.263133],[27.884521,-26.263119],[27.884564,-26.263103],[27.884624,-26.263078]]}},{"type":"Feature","properties":{"id":"relation/4543759","name":"Bus F9: Mapetla => Thokoza Park","network":"Rea Vaya"},"geometry":{"type":"LineString","coordinates":[[27.884719,-26.263332],[27.88461,-26.263335],[27.884549,-26.263336],[27.884248,-26.263337],[27.884156,-26.26334],[27.884038,-26.263344],[27.883845,-26.263355],[27.883676,-26.263373],[27.883503,-26.263391],[27.883208,-26.263427],[27.882905,-26.263469],[27.882666,-26.263512],[27.882428,-26.263562],[27.882216,-26.263619],[27.882088,-26.263654],[27.881919,-26.263712],[27.881673,-26.263815],[27.881547,-26.263877],[27.881268,-26.264004]]}},{"type":"Feature","properties":{"id":"relation/4543759","name":"Bus F9: Mapetla => Thokoza Park","network":"Rea Vaya"},"geometry":{"type":"LineString","coordinates":[[27.881268,-26.264004],[27.881042,-26.264106],[27.880837,-26.264203]]}},{"type":"Feature","properties":{"id":"relation/4543759","name":"Bus F9: Mapetla => Thokoza Park","network":"Rea Vaya"},"geometry":{"type":"LineString","coordinates":[[27.880837,-26.264203],[27.880246,-26.264472],[27.879902,-26.26463],[27.879807,-26.264671],[27.879574,-26.26478],[27.879501,-26.264817],[27.879427,-26.264861]]}},{"type":"Feature","properties":{"id":"relation/4543759","name":"Bus F9: Mapetla => Thokoza Park","network":"Rea Vaya"},"geometry":{"type":"LineString","coordinates":[[27.879427,-26.264861],[27.879373,-26.264882],[27.879335,-26.264906],[27.879297,-26.264939],[27.879263,-26.264972],[27.879217,-26.265022]]}},{"type":"Feature","properties":{"id":"relation/4543759","name":"Bus F9: Mapetla => Thokoza Park","network":"Rea Vaya"},"geometry":{"type":"LineString","coordinates":[[27.879212,-26.265102],[27.879196,-26.26514],[27.879171,-26.265174],[27.879112,-26.26522],[27.879037,-26.265242],[27.878998,-26.265244],[27.878959,-26.265239]]}},{"type":"Feature","properties":{"id":"relation/4543759","name":"Bus F9: Mapetla => Thokoza Park","network":"Rea Vaya"},"geometry":{"type":"LineString","coordinates":[[27.879064,-26.264875],[27.87911,-26.264898],[27.879149,-26.264919],[27.879176,-26.264939],[27.879196,-26.264961],[27.87921,-26.26499],[27.879217,-26.265022],[27.879218,-26.265042],[27.879219,-26.265062],[27.879212,-26.265102]]}},{"type":"Feature","properties":{"id":"relation/4543759","name":"Bus F9: Mapetla => Thokoza Park","network":"Rea Vaya"},"geometry":{"type":"LineString","coordinates":[[27.878959,-26.265239],[27.878825,-26.265311],[27.878803,-26.265324],[27.878734,-26.265376],[27.878671,-26.265439],[27.878261,-26.265823],[27.877886,-26.266197],[27.877619,-26.266518],[27.877394,-26.266828],[27.876218,-26.268624],[27.876195,-26.268652]]}},{"type":"Feature","properties":{"id":"relation/4543759","name":"Bus F9: Mapetla => Thokoza Park","network":"Rea Vaya"},"geometry":{"type":"LineString","coordinates":[[27.876195,-26.268652],[27.876013,-26.268881]]}},{"type":"Feature","properties":{"id":"relation/4543759","name":"Bus F9: Mapetla => Thokoza Park","network":"Rea Vaya"},"geometry":{"type":"LineString","coordinates":[[27.876195,-26.268652],[27.876015,-26.268978]]}},{"type":"Feature","properties":{"id":"relation/4543759","name":"Bus F9: Mapetla => Thokoza Park","network":"Rea Vaya"},"geometry":{"type":"LineString","coordinates":[[27.879427,-26.264861],[27.879363,-26.264937],[27.879337,-26.264968],[27.879296,-26.265011],[27.879212,-26.265102]]}},{"type":"Feature","properties":{"id":"relation/4543759","name":"Bus F9: Mapetla => Thokoza Park","network":"Rea Vaya"},"geometry":{"type":"LineString","coordinates":[[27.875613,-26.269003],[27.875599,-26.268941],[27.875608,-26.268879],[27.875639,-26.268823],[27.875689,-26.268779]]}},{"type":"Feature","properties":{"id":"relation/4543759","name":"Bus F9: Mapetla => Thokoza Park","network":"Rea Vaya"},"geometry":{"type":"LineString","coordinates":[[27.875668,-26.269074],[27.875636,-26.269041],[27.875613,-26.269003]]}},{"type":"Feature","properties":{"id":"relation/4543759","name":"Bus F9: Mapetla => Thokoza Park","network":"Rea Vaya"},"geometry":{"type":"LineString","coordinates":[[27.875919,-26.269096],[27.875857,-26.269119],[27.87579,-26.269122],[27.875725,-26.269107],[27.875668,-26.269074]]}},{"type":"Feature","properties":{"id":"relation/4543759","name":"Bus F9: Mapetla => Thokoza Park","network":"Rea Vaya"},"geometry":{"type":"LineString","coordinates":[[27.875999,-26.26885],[27.876013,-26.268881],[27.876021,-26.26893],[27.876015,-26.268978],[27.875995,-26.269025],[27.875962,-26.269065],[27.875919,-26.269096]]}},{"type":"Feature","properties":{"id":"relation/4543759","name":"Bus F9: Mapetla => Thokoza Park","network":"Rea Vaya"},"geometry":{"type":"LineString","coordinates":[[27.875956,-26.268798],[27.875999,-26.26885]]}},{"type":"Feature","properties":{"id":"relation/4543759","name":"Bus F9: Mapetla => Thokoza Park","network":"Rea Vaya"},"geometry":{"type":"LineString","coordinates":[[27.875689,-26.268779],[27.875754,-26.268752],[27.875826,-26.268746],[27.875896,-26.268762],[27.875956,-26.268798]]}},{"type":"Feature","properties":{"id":"relation/4543759","name":"Bus F9: Mapetla => Thokoza Park","network":"Rea Vaya"},"geometry":{"type":"LineString","coordinates":[[27.875919,-26.269096],[27.875876,-26.269167],[27.875798,-26.269291],[27.875726,-26.269398],[27.875621,-26.269539],[27.874975,-26.270413]]}},{"type":"Feature","properties":{"id":"relation/4543759","name":"Bus F9: Mapetla => Thokoza Park","network":"Rea Vaya"},"geometry":{"type":"LineString","coordinates":[[27.874975,-26.270413],[27.874655,-26.27089],[27.874422,-26.271205],[27.874403,-26.271232],[27.874381,-26.271261],[27.874332,-26.271328],[27.873379,-26.27262],[27.873112,-26.273001],[27.872931,-26.273231]]}},{"type":"Feature","properties":{"id":"relation/4543759","name":"Bus F9: Mapetla => Thokoza Park","network":"Rea Vaya"},"geometry":{"type":"LineString","coordinates":[[27.872931,-26.273231],[27.872702,-26.273445]]}},{"type":"Feature","properties":{"id":"relation/4543759","name":"Bus F9: Mapetla => Thokoza Park","network":"Rea Vaya"},"geometry":{"type":"LineString","coordinates":[[27.872702,-26.273445],[27.872487,-26.273606],[27.872236,-26.273781],[27.870846,-26.274634]]}},{"type":"Feature","properties":{"id":"relation/4543759","name":"Bus F9: Mapetla => Thokoza Park","network":"Rea Vaya"},"geometry":{"type":"LineString","coordinates":[[27.870846,-26.274634],[27.870724,-26.274709],[27.870692,-26.274729]]}},{"type":"Feature","properties":{"id":"relation/4543759","name":"Bus F9: Mapetla => Thokoza Park","network":"Rea Vaya"},"geometry":{"type":"LineString","coordinates":[[27.870692,-26.274729],[27.87065,-26.274755],[27.870631,-26.274765]]}},{"type":"Feature","properties":{"id":"relation/4543759","name":"Bus F9: Mapetla => Thokoza Park","network":"Rea Vaya"},"geometry":{"type":"LineString","coordinates":[[27.870631,-26.274765],[27.870552,-26.274639]]}},{"type":"Feature","properties":{"id":"relation/4543759","name":"Bus F9: Mapetla => Thokoza Park","network":"Rea Vaya"},"geometry":{"type":"LineString","coordinates":[[27.870552,-26.274639],[27.870534,-26.274613],[27.870489,-26.274548],[27.870412,-26.27444],[27.870231,-26.274192],[27.870169,-26.274099]]}},{"type":"Feature","properties":{"id":"relation/4543759","name":"Bus F9: Mapetla => Thokoza Park","network":"Rea Vaya"},"geometry":{"type":"LineString","coordinates":[[27.860743,-26.272882],[27.861266,-26.272846],[27.861791,-26.272807],[27.862295,-26.272771],[27.862948,-26.272729],[27.863364,-26.272701],[27.863878,-26.272663],[27.864023,-26.272658],[27.864391,-26.27263],[27.864748,-26.27261],[27.864959,-26.272597],[27.865066,-26.27261],[27.865203,-26.272645],[27.865936,-26.27286],[27.866642,-26.273067],[27.867622,-26.273345],[27.86885,-26.273701],[27.869713,-26.273957],[27.870008,-26.274038],[27.87009,-26.274068],[27.870169,-26.274099]]}},{"type":"Feature","properties":{"id":"relation/4543759","name":"Bus F9: Mapetla => Thokoza Park","network":"Rea Vaya"},"geometry":{"type":"LineString","coordinates":[[27.851958,-26.268724],[27.852468,-26.269021],[27.853304,-26.269516],[27.855042,-26.27052],[27.855498,-26.270784],[27.855931,-26.271033],[27.856372,-26.27129],[27.856438,-26.271326],[27.856873,-26.27157],[27.857654,-26.272007],[27.858093,-26.272245],[27.858897,-26.272721],[27.858976,-26.272769],[27.8591,-26.272816],[27.859318,-26.272851],[27.859658,-26.272899],[27.85982,-26.272917],[27.86006,-26.272914],[27.860743,-26.272882]]}},{"type":"Feature","properties":{"id":"relation/4543759","name":"Bus F9: Mapetla => Thokoza Park","network":"Rea Vaya"},"geometry":{"type":"LineString","coordinates":[[27.846165,-26.274389],[27.846742,-26.273827],[27.847101,-26.273495],[27.847627,-26.272977],[27.848023,-26.272598],[27.848385,-26.27226],[27.848549,-26.272094],[27.848762,-26.271888],[27.849119,-26.271536],[27.850054,-26.270594],[27.850674,-26.269993],[27.851553,-26.269121],[27.851642,-26.269034],[27.851824,-26.268855],[27.851958,-26.268724]]}}]}