{
  "type": "FeatureCollection",
  "features": [
    {
      "type": "Feature",
      "properties": {
        "id": "alexandra",
        "name": "Alexandra",
        "labelPriority": "primary",
        "selectionBasis": "census-main-place",
        "subPlaceCount": 70
      },
      "geometry": {
        "type": "Polygon",
        "coordinates": [
          [
            [
              28.085500516000025,
              -26.101205895999954
            ],
            [
              28.08550212600005,
              -26.102191796999932
            ],
            [
              28.085852782000075,
              -26.102996342999973
            ],
            [
              28.086150254000074,
              -26.103653659999964
            ],
            [
              28.08632472800008,
              -26.104043795999928
            ],
            [
              28.08741333300003,
              -26.10647798699995
            ],
            [
              28.087613624000028,
              -26.10692585199996
            ],
            [
              28.088448464000066,
              -26.10874426999993
            ],
            [
              28.088522003000037,
              -26.108906686999944
            ],
            [
              28.089230529000076,
              -26.11047152599997
            ],
            [
              28.089529561000063,
              -26.111128280999935
            ],
            [
              28.08974390700007,
              -26.111599040999977
            ],
            [
              28.09061281700008,
              -26.113580705999937
            ],
            [
              28.090957784000068,
              -26.11436744899993
            ],
            [
              28.091154500000073,
              -26.114804060999973
            ],
            [
              28.09179262500004,
              -26.116157078999947
            ],
            [
              28.092602382000052,
              -26.115914562999933
            ],
            [
              28.092754524000043,
              -26.11586899699995
            ],
            [
              28.093681176000075,
              -26.11559147199995
            ],
            [
              28.094692310000028,
              -26.115288644999964
            ],
            [
              28.095573398000056,
              -26.115024765999976
            ],
            [
              28.095662705000052,
              -26.114999867999927
            ],
            [
              28.09636505700007,
              -26.114804060999973
            ],
            [
              28.097678271000063,
              -26.114393469999982
            ],
            [
              28.098562177000076,
              -26.11411710699997
            ],
            [
              28.099572585000033,
              -26.113801190999936
            ],
            [
              28.10007865800003,
              -26.113642960999982
            ],
            [
              28.100574060000042,
              -26.113507625999944
            ],
            [
              28.101993035000078,
              -26.113119986999948
            ],
            [
              28.102071832000036,
              -26.11309616699998
            ],
            [
              28.102473831000054,
              -26.112974650999945
            ],
            [
              28.102475647000063,
              -26.112974101999953
            ],
            [
              28.103444634000027,
              -26.112681194999936
            ],
            [
              28.103511171000036,
              -26.11266108199993
            ],
            [
              28.104422354000064,
              -26.112385648999975
            ],
            [
              28.104516749000027,
              -26.112357114999952
            ],
            [
              28.10500613800008,
              -26.112213176999944
            ],
            [
              28.10538058800006,
              -26.112096597999937
            ],
            [
              28.106363860000044,
              -26.111790473999974
            ],
            [
              28.10736860800006,
              -26.11147766399995
            ],
            [
              28.107809924000037,
              -26.111340266999946
            ],
            [
              28.108253198000057,
              -26.11120226199995
            ],
            [
              28.10831666000007,
              -26.11118250399994
            ],
            [
              28.108858879000024,
              -26.11101369299996
            ],
            [
              28.109288070000048,
              -26.11088217699995
            ],
            [
              28.11028155200006,
              -26.110577741999975
            ],
            [
              28.110636390000025,
              -26.11046900799994
            ],
            [
              28.111864163000064,
              -26.110092779999945
            ],
            [
              28.112663643000076,
              -26.10984779499995
            ],
            [
              28.113003479000042,
              -26.10974543499998
            ],
            [
              28.11306187100007,
              -26.109727844999952
            ],
            [
              28.113604038000062,
              -26.109531131999972
            ],
            [
              28.114146204000065,
              -26.109200072999954
            ],
            [
              28.114346312000066,
              -26.109037317999935
            ],
            [
              28.114496145000032,
              -26.10891545399994
            ],
            [
              28.114506049000056,
              -26.108907398999975
            ],
            [
              28.114510649000067,
              -26.10890272299997
            ],
            [
              28.114669711000033,
              -26.10876310799995
            ],
            [
              28.11479062500007,
              -26.108647752999957
            ],
            [
              28.114876794000054,
              -26.10855741599994
            ],
            [
              28.114968521000037,
              -26.10846012899998
            ],
            [
              28.11509139800006,
              -26.108312454999975
            ],
            [
              28.115099448000024,
              -26.10830204499996
            ],
            [
              28.11519645100003,
              -26.108176605999972
            ],
            [
              28.11527428100004,
              -26.10806820099998
            ],
            [
              28.11536184000005,
              -26.107937558999936
            ],
            [
              28.115449397000077,
              -26.107791627999973
            ],
            [
              28.115482618000044,
              -26.107734127999947
            ],
            [
              28.115485532000037,
              -26.10772908599995
            ],
            [
              28.11562590500006,
              -26.107463631999963
            ],
            [
              28.115659871000048,
              -26.10739909299997
            ],
            [
              28.115667662000078,
              -26.10738428999997
            ],
            [
              28.115709292000076,
              -26.107305192999945
            ],
            [
              28.11578156300004,
              -26.10717177099997
            ],
            [
              28.11583159500003,
              -26.10708838299996
            ],
            [
              28.11587885000006,
              -26.107014721999974
            ],
            [
              28.115931663000026,
              -26.106942450999952
            ],
            [
              28.116016440000067,
              -26.106842384999936
            ],
            [
              28.116059526000072,
              -26.106792350999967
            ],
            [
              28.11614291400008,
              -26.106714520999958
            ],
            [
              28.116249930000038,
              -26.106620014999976
            ],
            [
              28.11638335200007,
              -26.10652272799996
            ],
            [
              28.11647091100008,
              -26.10646574499998
            ],
            [
              28.11662934900005,
              -26.106379575999938
            ],
            [
              28.11680863500004,
              -26.10629896699993
            ],
            [
              28.117003209000075,
              -26.106236425999953
            ],
            [
              28.117164427000034,
              -26.10619473099996
            ],
            [
              28.117164640000055,
              -26.106194697999968
            ],
            [
              28.117161857000042,
              -26.106184121999945
            ],
            [
              28.11702790000004,
              -26.105649337999978
            ],
            [
              28.11699581700003,
              -26.10552909499995
            ],
            [
              28.11697048800005,
              -26.105418914999973
            ],
            [
              28.116954023000062,
              -26.105318865999948
            ],
            [
              28.116946426000027,
              -26.10522008399994
            ],
            [
              28.116946426000027,
              -26.105135231999952
            ],
            [
              28.116579156000057,
              -26.105060510999976
            ],
            [
              28.116315737000036,
              -26.10515443999998
            ],
            [
              28.115809160000026,
              -26.10505762699995
            ],
            [
              28.115755125000078,
              -26.105035113999975
            ],
            [
              28.115090946000066,
              -26.10454879899993
            ],
            [
              28.114329954000027,
              -26.103965672999948
            ],
            [
              28.11426466200004,
              -26.103911636999953
            ],
            [
              28.11377090700006,
              -26.103276809999954
            ],
            [
              28.113770845000033,
              -26.103276729999948
            ],
            [
              28.113571215000036,
              -26.10302006099994
            ],
            [
              28.113324655000042,
              -26.10266093699994
            ],
            [
              28.11330877900008,
              -26.102667158999964
            ],
            [
              28.113232878000076,
              -26.102536059999977
            ],
            [
              28.113236908000033,
              -26.102533128999937
            ],
            [
              28.11322797200006,
              -26.102520114999948
            ],
            [
              28.112883184000054,
              -26.102023352999936
            ],
            [
              28.112829043000033,
              -26.101935019999928
            ],
            [
              28.112769204000074,
              -26.101768797999966
            ],
            [
              28.112658202000034,
              -26.101508842999976
            ],
            [
              28.112616176000074,
              -26.101502838999977
            ],
            [
              28.11257715000005,
              -26.10147582199994
            ],
            [
              28.11253812500007,
              -26.101457809999943
            ],
            [
              28.112496097000076,
              -26.101427790999935
            ],
            [
              28.112493467000036,
              -26.101422122999963
            ],
            [
              28.11246746000006,
              -26.10136610799998
            ],
            [
              28.11222292100007,
              -26.100839409999935
            ],
            [
              28.111922727000035,
              -26.10025703399998
            ],
            [
              28.11160452100006,
              -26.09957559399993
            ],
            [
              28.11117751300003,
              -26.09876146199997
            ],
            [
              28.111177397000063,
              -26.09876123999993
            ],
            [
              28.111058169000046,
              -26.098533920999955
            ],
            [
              28.110923082000056,
              -26.09825474099995
            ],
            [
              28.110855538000067,
              -26.098285603999955
            ],
            [
              28.110744091000072,
              -26.098093104999975
            ],
            [
              28.110789683000064,
              -26.098071153999967
            ],
            [
              28.110609004000025,
              -26.097740189999968
            ],
            [
              28.110322155000063,
              -26.097231561999934
            ],
            [
              28.11024426800003,
              -26.09709345899995
            ],
            [
              28.110168282000075,
              -26.097125542999947
            ],
            [
              28.109710673000052,
              -26.09629306599993
            ],
            [
              28.10936113500003,
              -26.095669976999943
            ],
            [
              28.109134865000044,
              -26.095261337999943
            ],
            [
              28.10886806600007,
              -26.09475982699996
            ],
            [
              28.108677256000078,
              -26.094384959999957
            ],
            [
              28.108587761000024,
              -26.094256626999936
            ],
            [
              28.10851684000005,
              -26.094064127999957
            ],
            [
              28.108481049000034,
              -26.093971435999947
            ],
            [
              28.108253262000062,
              -26.094058978999954
            ],
            [
              28.108161761000076,
              -26.094095264999964
            ],
            [
              28.107917231000044,
              -26.09416941199993
            ],
            [
              28.10783204100005,
              -26.09420096399998
            ],
            [
              28.107737385000064,
              -26.09424355999994
            ],
            [
              28.10751269700006,
              -26.094345094999937
            ],
            [
              28.107227656000077,
              -26.09447092499994
            ],
            [
              28.107053636000046,
              -26.094528167999954
            ],
            [
              28.106630367000037,
              -26.09466740099998
            ],
            [
              28.10658231000008,
              -26.094682553999974
            ],
            [
              28.10658321300008,
              -26.09454951699996
            ],
            [
              28.106595179000067,
              -26.09422796499996
            ],
            [
              28.106634222000025,
              -26.09371389499995
            ],
            [
              28.106809918000067,
              -26.09333647699998
            ],
            [
              28.106861975000072,
              -26.093043653999928
            ],
            [
              28.106849425000064,
              -26.09287213099998
            ],
            [
              28.10684245400006,
              -26.092776856999933
            ],
            [
              28.106777382000075,
              -26.09248403299995
            ],
            [
              28.10654962900003,
              -26.091995991999966
            ],
            [
              28.106582166000067,
              -26.091761731999952
            ],
            [
              28.106643274000078,
              -26.091464336999934
            ],
            [
              28.106679773000053,
              -26.091286706999938
            ],
            [
              28.106664816000034,
              -26.091154580999955
            ],
            [
              28.106640730000038,
              -26.09094182399997
            ],
            [
              28.106692788000032,
              -26.09065550699995
            ],
            [
              28.10675135300005,
              -26.090278087999934
            ],
            [
              28.106809918000067,
              -26.08999827799994
            ],
            [
              28.10688800400004,
              -26.089965741999947
            ],
            [
              28.107044177000034,
              -26.090004784999962
            ],
            [
              28.107135278000044,
              -26.089978755999937
            ],
            [
              28.10726542200007,
              -26.089900669999963
            ],
            [
              28.107597290000058,
              -26.089607844999932
            ],
            [
              28.10790312900008,
              -26.089236933999928
            ],
            [
              28.108111360000066,
              -26.088944109999943
            ],
            [
              28.108215475000065,
              -26.088813965999975
            ],
            [
              28.10832609700003,
              -26.088664300999937
            ],
            [
              28.108428855000057,
              -26.08849572799994
            ],
            [
              28.107215249000035,
              -26.08853806299993
            ],
            [
              28.106498398000042,
              -26.088563068999974
            ],
            [
              28.10619162000006,
              -26.088503209999942
            ],
            [
              28.10603449000007,
              -26.08845831499997
            ],
            [
              28.10585491200004,
              -26.089460955999982
            ],
            [
              28.105480793000027,
              -26.089573191999932
            ],
            [
              28.104882201000066,
              -26.089677945999938
            ],
            [
              28.104687659000035,
              -26.089797663999946
            ],
            [
              28.104772052000044,
              -26.08993029499993
            ],
            [
              28.10499266000005,
              -26.090106255999956
            ],
            [
              28.10506778900003,
              -26.090166179999983
            ],
            [
              28.10538641000005,
              -26.09049360399996
            ],
            [
              28.105419856000026,
              -26.09059922199998
            ],
            [
              28.105453303000047,
              -26.090833347999933
            ],
            [
              28.105457047000073,
              -26.09084624299993
            ],
            [
              28.105469146000075,
              -26.090887916999975
            ],
            [
              28.105425137000054,
              -26.091083314999935
            ],
            [
              28.105349150000052,
              -26.091546542999936
            ],
            [
              28.10533360000005,
              -26.091641342999935
            ],
            [
              28.105266707000055,
              -26.09194588099996
            ],
            [
              28.10525966600005,
              -26.092130716999975
            ],
            [
              28.105271989000073,
              -26.092162403999964
            ],
            [
              28.105275509000023,
              -26.092359560999967
            ],
            [
              28.105286071000023,
              -26.092470460999948
            ],
            [
              28.10527374800006,
              -26.09260072799998
            ],
            [
              28.105271989000073,
              -26.092674660999933
            ],
            [
              28.10524079000004,
              -26.092839826999978
            ],
            [
              28.105212136000034,
              -26.092991521999977
            ],
            [
              28.104949846000068,
              -26.093271415999936
            ],
            [
              28.10471748200007,
              -26.093336547999968
            ],
            [
              28.104705159000048,
              -26.09334182899994
            ],
            [
              28.104719242000044,
              -26.093401680999932
            ],
            [
              28.10490231700004,
              -26.093387597999936
            ],
            [
              28.104833665000058,
              -26.093817119999983
            ],
            [
              28.104816060000076,
              -26.093885773999943
            ],
            [
              28.10481254000007,
              -26.09394210399995
            ],
            [
              28.104805498000076,
              -26.094054765999942
            ],
            [
              28.104699878000076,
              -26.094459643999983
            ],
            [
              28.10455905200007,
              -26.094917331999966
            ],
            [
              28.104469274000053,
              -26.09505111699997
            ],
            [
              28.104434067000057,
              -26.095074000999944
            ],
            [
              28.104307323000057,
              -26.09535389499996
            ],
            [
              28.104199941000047,
              -26.095628507999947
            ],
            [
              28.103839073000074,
              -26.095757012999968
            ],
            [
              28.103509890000055,
              -26.095894318999967
            ],
            [
              28.10330041000003,
              -26.095968252999967
            ],
            [
              28.102712457000052,
              -26.09614956799993
            ],
            [
              28.102587167000024,
              -26.096175923999965
            ],
            [
              28.102572766000037,
              -26.096178952999935
            ],
            [
              28.102308524000023,
              -26.096234538999965
            ],
            [
              28.10190676600007,
              -26.09636051399997
            ],
            [
              28.10177174100005,
              -26.096400226999947
            ],
            [
              28.10150160300003,
              -26.09647967999996
            ],
            [
              28.10110228800005,
              -26.096592598999962
            ],
            [
              28.10081298700004,
              -26.096674407999956
            ],
            [
              28.10000862800007,
              -26.09690186599994
            ],
            [
              28.099982762000025,
              -26.096909625999956
            ],
            [
              28.09984459700007,
              -26.096951074999936
            ],
            [
              28.098883357000034,
              -26.097239446999936
            ],
            [
              28.09859566500006,
              -26.09732575399994
            ],
            [
              28.09791657100004,
              -26.097529597999937
            ],
            [
              28.09693047500008,
              -26.097825592999982
            ],
            [
              28.096021499000074,
              -26.098098439999944
            ],
            [
              28.095968912000046,
              -26.09811399499995
            ],
            [
              28.09498856700003,
              -26.09840397299996
            ],
            [
              28.094027579000056,
              -26.09868822599998
            ],
            [
              28.094005823000032,
              -26.098694660999968
            ],
            [
              28.093576146000032,
              -26.09882175699994
            ],
            [
              28.093082838000043,
              -26.098973076999982
            ],
            [
              28.09305955600007,
              -26.098980095999934
            ],
            [
              28.092083944000024,
              -26.099274193999975
            ],
            [
              28.09110849500007,
              -26.099568241999975
            ],
            [
              28.09099460300007,
              -26.09960257399996
            ],
            [
              28.090189573000032,
              -26.099835609999957
            ],
            [
              28.09013288500006,
              -26.09985252799993
            ],
            [
              28.090127881000058,
              -26.099854020999942
            ],
            [
              28.089155127000026,
              -26.10014431899998
            ],
            [
              28.088184702000035,
              -26.10043392199998
            ],
            [
              28.087877382000045,
              -26.10052563499994
            ],
            [
              28.087217357000043,
              -26.100722005999955
            ],
            [
              28.086270555000056,
              -26.101003698999932
            ],
            [
              28.085680197000045,
              -26.101179343999945
            ],
            [
              28.085500516000025,
              -26.101205895999954
            ]
          ]
        ]
      }
    },
    {
      "type": "Feature",
      "properties": {
        "id": "soweto",
        "name": "Soweto",
        "labelPriority": "primary",
        "selectionBasis": "census-main-place",
        "subPlaceCount": 97
      },
      "geometry": {
        "type": "Polygon",
        "coordinates": [
          [
            [
              27.719821840000066,
              -26.22678965299997
            ],
            [
              27.72064971900005,
              -26.22871971099994
            ],
            [
              27.722360612000045,
              -26.232679365999957
            ],
            [
              27.723270416000048,
              -26.234800337999957
            ],
            [
              27.724689484000066,
              -26.23807907099996
            ],
            [
              27.724950791000026,
              -26.238700866999977
            ],
            [
              27.725790024000048,
              -26.23941993699998
            ],
            [
              27.726160050000033,
              -26.23978042599998
            ],
            [
              27.726440430000025,
              -26.240070342999957
            ],
            [
              27.726530076000074,
              -26.24019050499993
            ],
            [
              27.72611045900004,
              -26.24036979599998
            ],
            [
              27.728530884000065,
              -26.242490767999982
            ],
            [
              27.728990555000053,
              -26.24526977499994
            ],
            [
              27.72915077300007,
              -26.24629020599997
            ],
            [
              27.734914063000076,
              -26.24907335599994
            ],
            [
              27.74251725700003,
              -26.25274501499996
            ],
            [
              27.753480912000043,
              -26.25803947399993
            ],
            [
              27.75246212500008,
              -26.260507392999955
            ],
            [
              27.750518799000076,
              -26.26521491899996
            ],
            [
              27.744649888000026,
              -26.279489516999945
            ],
            [
              27.743799210000077,
              -26.28722000099998
            ],
            [
              27.74394540000003,
              -26.287211540999976
            ],
            [
              27.748693080000066,
              -26.28693680599997
            ],
            [
              27.76045664700007,
              -26.286256081999966
            ],
            [
              27.763509751000072,
              -26.28607940699993
            ],
            [
              27.76595915200005,
              -26.28593852399996
            ],
            [
              27.772529602000077,
              -26.28556060799997
            ],
            [
              27.77651023900006,
              -26.28532981799998
            ],
            [
              27.77715332500003,
              -26.287274624999952
            ],
            [
              27.778283274000046,
              -26.290691789999983
            ],
            [
              27.779420345000062,
              -26.294130492999955
            ],
            [
              27.780218125000033,
              -26.296543120999956
            ],
            [
              27.780555726000046,
              -26.297563654999976
            ],
            [
              27.782800675000033,
              -26.30434989899993
            ],
            [
              27.78972053600006,
              -26.303909301999965
            ],
            [
              27.792299271000047,
              -26.287469862999956
            ],
            [
              27.795200348000037,
              -26.28722000099998
            ],
            [
              27.799669266000024,
              -26.286840437999956
            ],
            [
              27.802789689000065,
              -26.28657913199993
            ],
            [
              27.803026200000033,
              -26.286560058999953
            ],
            [
              27.80303949000006,
              -26.286558808999928
            ],
            [
              27.803249359000063,
              -26.28653907699993
            ],
            [
              27.806900024000072,
              -26.28623008699998
            ],
            [
              27.808450699000048,
              -26.286100386999976
            ],
            [
              27.80912971600003,
              -26.286039351999932
            ],
            [
              27.80956840600004,
              -26.286003112999936
            ],
            [
              27.813680649000048,
              -26.28565025299997
            ],
            [
              27.81377029400005,
              -26.284980773999962
            ],
            [
              27.813789607000047,
              -26.284846793999975
            ],
            [
              27.813800812000068,
              -26.284769057999938
            ],
            [
              27.814210892000062,
              -26.28473091099994
            ],
            [
              27.814680100000032,
              -26.284860609999953
            ],
            [
              27.814840317000062,
              -26.284999846999938
            ],
            [
              27.815040588000045,
              -26.285539625999945
            ],
            [
              27.81505462900003,
              -26.28571162099996
            ],
            [
              27.815055847000053,
              -26.285726546999967
            ],
            [
              27.815139771000077,
              -26.28677940299997
            ],
            [
              27.81514930800006,
              -26.286920546999966
            ],
            [
              27.81517982500003,
              -26.290060042999983
            ],
            [
              27.81521987900004,
              -26.29455947899993
            ],
            [
              27.81522229600006,
              -26.294946823999965
            ],
            [
              27.81522787600005,
              -26.295840991999967
            ],
            [
              27.81523535900004,
              -26.297040180999943
            ],
            [
              27.815237870000033,
              -26.297442488999934
            ],
            [
              27.81524925000008,
              -26.299266168999964
            ],
            [
              27.815249822000055,
              -26.299357794999935
            ],
            [
              27.81583375500003,
              -26.299182852999934
            ],
            [
              27.817686112000047,
              -26.298715570999946
            ],
            [
              27.819452200000057,
              -26.298238701999935
            ],
            [
              27.819893124000032,
              -26.298128471999973
            ],
            [
              27.82140520100006,
              -26.297713906999945
            ],
            [
              27.821977924000066,
              -26.297560543999964
            ],
            [
              27.823451661000036,
              -26.29717473599993
            ],
            [
              27.82539268100004,
              -26.296654733999958
            ],
            [
              27.826713054000038,
              -26.296307267999964
            ],
            [
              27.82759250400005,
              -26.29607482499995
            ],
            [
              27.828419816000064,
              -26.29587156499997
            ],
            [
              27.828958257000068,
              -26.295765228999983
            ],
            [
              27.829175761000045,
              -26.295722696999974
            ],
            [
              27.829710334000026,
              -26.295624093999947
            ],
            [
              27.82992783800006,
              -26.29558639399994
            ],
            [
              27.830510746000073,
              -26.295496492999973
            ],
            [
              27.830987321000066,
              -26.295423024999934
            ],
            [
              27.831292791000067,
              -26.295377591999966
            ],
            [
              27.831632096000078,
              -26.295324422999954
            ],
            [
              27.832175371000062,
              -26.295240321999984
            ],
            [
              27.832952582000075,
              -26.29512335399994
            ],
            [
              27.83354322400004,
              -26.295030551999957
            ],
            [
              27.834018885000035,
              -26.294959087999928
            ],
            [
              27.834141600000066,
              -26.294940650999933
            ],
            [
              27.834876277000035,
              -26.29482561599997
            ],
            [
              27.835560687000054,
              -26.29472218099994
            ],
            [
              27.836334032000025,
              -26.29459651199994
            ],
            [
              27.836787875000027,
              -26.29454043499993
            ],
            [
              27.837445699000057,
              -26.294491800999936
            ],
            [
              27.83778688600006,
              -26.294487680999964
            ],
            [
              27.838281460000076,
              -26.29449998399997
            ],
            [
              27.838591218000033,
              -26.29451812999997
            ],
            [
              27.83892783400006,
              -26.29454740099993
            ],
            [
              27.83916688100004,
              -26.294569353999975
            ],
            [
              27.839410806000046,
              -26.29460106399995
            ],
            [
              27.839784012000052,
              -26.29465960699997
            ],
            [
              27.840098676000025,
              -26.29472058799996
            ],
            [
              27.840252347000046,
              -26.29475229899998
            ],
            [
              27.840571890000035,
              -26.29483035399994
            ],
            [
              27.84113291700004,
              -26.29499622299994
            ],
            [
              27.841447581000068,
              -26.29510111099995
            ],
            [
              27.842215945000078,
              -26.295403577999934
            ],
            [
              27.84245011400003,
              -26.295496269999944
            ],
            [
              27.842774534000057,
              -26.295625550999944
            ],
            [
              27.845142188000068,
              -26.296566369999937
            ],
            [
              27.847407834000023,
              -26.297437816999945
            ],
            [
              27.849388014000056,
              -26.298223552999957
            ],
            [
              27.85179274500007,
              -26.29918988199995
            ],
            [
              27.854343217000064,
              -26.30018789199994
            ],
            [
              27.857391110000037,
              -26.301404513999955
            ],
            [
              27.85991940400004,
              -26.302399356999956
            ],
            [
              27.86214987900007,
              -26.303286476999972
            ],
            [
              27.862900763000027,
              -26.30354944499993
            ],
            [
              27.86325878100007,
              -26.30366033399997
            ],
            [
              27.86360729200004,
              -26.30376488899998
            ],
            [
              27.86389243800005,
              -26.303837759999965
            ],
            [
              27.864263127000072,
              -26.303926471999944
            ],
            [
              27.86471619300005,
              -26.30402468899996
            ],
            [
              27.865083715000026,
              -26.30409439099998
            ],
            [
              27.865524106000066,
              -26.304167261999964
            ],
            [
              27.86586944900006,
              -26.304211616999964
            ],
            [
              27.866351029000043,
              -26.30427498299997
            ],
            [
              27.866667858000028,
              -26.304306665999945
            ],
            [
              27.86724765500003,
              -26.304351021999935
            ],
            [
              27.867627850000076,
              -26.30437003199995
            ],
            [
              27.86851813800007,
              -26.30437003199995
            ],
            [
              27.869858324000063,
              -26.304351021999935
            ],
            [
              27.87267285200005,
              -26.30431231299997
            ],
            [
              27.87270143300003,
              -26.304311988999928
            ],
            [
              27.873865126000055,
              -26.30429874799995
            ],
            [
              27.875673538000058,
              -26.304282434999948
            ],
            [
              27.87656471400004,
              -26.30427901099995
            ],
            [
              27.877493600000037,
              -26.304275442999938
            ],
            [
              27.87839116300006,
              -26.304268281999953
            ],
            [
              27.879246082000066,
              -26.304261460999953
            ],
            [
              27.879910253000048,
              -26.304259129999934
            ],
            [
              27.879751783000074,
              -26.303382888999977
            ],
            [
              27.879798394000034,
              -26.303177811999944
            ],
            [
              27.879991818000065,
              -26.303037986999982
            ],
            [
              27.880273800000055,
              -26.302893499999982
            ],
            [
              27.88035536500007,
              -26.30278396999995
            ],
            [
              27.88043459800008,
              -26.302655796999943
            ],
            [
              27.880460234000054,
              -26.302529953999965
            ],
            [
              27.880525486000067,
              -26.302425083999935
            ],
            [
              27.880707260000065,
              -26.302243310999984
            ],
            [
              27.88082145000004,
              -26.30211280599997
            ],
            [
              27.880828441000062,
              -26.302007937999974
            ],
            [
              27.88086339800003,
              -26.30183315599993
            ],
            [
              27.880923989000053,
              -26.301443974999984
            ],
            [
              27.881117415000062,
              -26.30108508899997
            ],
            [
              27.881296857000052,
              -26.30085437699995
            ],
            [
              27.881459987000028,
              -26.300728533999973
            ],
            [
              27.88157417800005,
              -26.300507143999937
            ],
            [
              27.88166273400003,
              -26.300066691999973
            ],
            [
              27.88166273400003,
              -26.29977072799994
            ],
            [
              27.88167671800005,
              -26.29963090299998
            ],
            [
              27.881702351000058,
              -26.299474763999967
            ],
            [
              27.881765273000042,
              -26.299327946999938
            ],
            [
              27.881872472000055,
              -26.29929998199998
            ],
            [
              27.881916750000073,
              -26.29919744299997
            ],
            [
              27.881879464000065,
              -26.299122868999973
            ],
            [
              27.881781586000045,
              -26.298999356999957
            ],
            [
              27.881790908000028,
              -26.298894488999963
            ],
            [
              27.881818873000043,
              -26.298833895999962
            ],
            [
              27.881890355000053,
              -26.29874663299995
            ],
            [
              27.881978468000057,
              -26.298674751999954
            ],
            [
              27.881998071000055,
              -26.29858208099995
            ],
            [
              27.882003975000032,
              -26.29855417699997
            ],
            [
              27.88196223600005,
              -26.29840345799994
            ],
            [
              27.88194600500003,
              -26.29827360799993
            ],
            [
              27.882038755000053,
              -26.29815535199998
            ],
            [
              27.88218483600008,
              -26.298048688999984
            ],
            [
              27.882205706000036,
              -26.297990720999962
            ],
            [
              27.88221498000007,
              -26.297751887999937
            ],
            [
              27.882170924000036,
              -26.297631312999954
            ],
            [
              27.882082811000032,
              -26.29744349599997
            ],
            [
              27.882080493000046,
              -26.29722553299996
            ],
            [
              27.882126868000057,
              -26.297056262999945
            ],
            [
              27.88220338600007,
              -26.29687308299998
            ],
            [
              27.88231468600003,
              -26.296601789999954
            ],
            [
              27.88234483000008,
              -26.296425563999946
            ],
            [
              27.88232859900006,
              -26.296323538999957
            ],
            [
              27.88237265500004,
              -26.296244700999978
            ],
            [
              27.882388886000058,
              -26.29618209499995
            ],
            [
              27.88230541100006,
              -26.296110213999953
            ],
            [
              27.882217299000047,
              -26.296003550999956
            ],
            [
              27.882221936000064,
              -26.29594326399996
            ],
            [
              27.882365699000047,
              -26.29586442599998
            ],
            [
              27.88248627400003,
              -26.29580181999995
            ],
            [
              27.882588300000066,
              -26.29576703899994
            ],
            [
              27.882699600000024,
              -26.29569747599993
            ],
            [
              27.88278307400003,
              -26.295637188999933
            ],
            [
              27.883089149000057,
              -26.29558385699994
            ],
            [
              27.883218999000064,
              -26.295558350999954
            ],
            [
              27.883321024000054,
              -26.295498063999958
            ],
            [
              27.883499568000047,
              -26.29541458899996
            ],
            [
              27.883668837000073,
              -26.295338069999957
            ],
            [
              27.883817238000063,
              -26.295236044999967
            ],
            [
              27.884063024000056,
              -26.295080687999928
            ],
            [
              27.884213743000032,
              -26.294978664999974
            ],
            [
              27.88433895600008,
              -26.294885913999963
            ],
            [
              27.884487542000045,
              -26.29484501099995
            ],
            [
              27.88456073900005,
              -26.29483484499997
            ],
            [
              27.88468454200006,
              -26.29481764999997
            ],
            [
              27.885007405000067,
              -26.29474650999998
            ],
            [
              27.885177045000034,
              -26.294642537999948
            ],
            [
              27.885330269000065,
              -26.294467425999983
            ],
            [
              27.88554368700005,
              -26.294171923999954
            ],
            [
              27.885598408000078,
              -26.293925672999933
            ],
            [
              27.885592936000023,
              -26.293466002999935
            ],
            [
              27.88562029700006,
              -26.293126723999933
            ],
            [
              27.88568596400006,
              -26.292677998999977
            ],
            [
              27.885653131000026,
              -26.292415330999972
            ],
            [
              27.885655001000032,
              -26.29196679699993
            ],
            [
              27.885749117000046,
              -26.29166152199997
            ],
            [
              27.88576480300003,
              -26.29151552199994
            ],
            [
              27.885693613000058,
              -26.291392447999954
            ],
            [
              27.885636902000044,
              -26.291129403999946
            ],
            [
              27.885629662000042,
              -26.29086394799998
            ],
            [
              27.885605530000078,
              -26.29074690599998
            ],
            [
              27.885635695000076,
              -26.29052730099994
            ],
            [
              27.885616389000063,
              -26.290382506999947
            ],
            [
              27.885601910000048,
              -26.29018462199997
            ],
            [
              27.885624583000038,
              -26.289951164999934
            ],
            [
              27.886589670000035,
              -26.28960948899993
            ],
            [
              27.886842788000024,
              -26.289572892999956
            ],
            [
              27.887151377000066,
              -26.289528277999977
            ],
            [
              27.88731181600008,
              -26.289535739999963
            ],
            [
              27.887460814000065,
              -26.289542669999946
            ],
            [
              27.88770914400004,
              -26.289579876999937
            ],
            [
              27.887755410000068,
              -26.28958673099993
            ],
            [
              27.887871364000034,
              -26.289616286999944
            ],
            [
              27.887930194000035,
              -26.289631283999938
            ],
            [
              27.888041576000035,
              -26.28966384199998
            ],
            [
              27.88812725500003,
              -26.289699824999957
            ],
            [
              27.888260913000067,
              -26.289761514999952
            ],
            [
              27.88834175200003,
              -26.28980339499998
            ],
            [
              27.888403138000058,
              -26.289835197999935
            ],
            [
              27.888502043000074,
              -26.289894835999974
            ],
            [
              27.888577491000035,
              -26.289940333999937
            ],
            [
              27.888652852000064,
              -26.28923650799993
            ],
            [
              27.888656541000046,
              -26.289216304999968
            ],
            [
              27.888774358000035,
              -26.289040832999945
            ],
            [
              27.888965081000038,
              -26.288756776999946
            ],
            [
              27.889127833000032,
              -26.28860196399995
            ],
            [
              27.889211986000078,
              -26.28850889599994
            ],
            [
              27.889315100000033,
              -26.288393086999974
            ],
            [
              27.889397057000053,
              -26.288301038999975
            ],
            [
              27.88940094800006,
              -26.288301038999975
            ],
            [
              27.889586575000067,
              -26.28809373699994
            ],
            [
              27.889890024000067,
              -26.287757495999983
            ],
            [
              27.88994282300007,
              -26.287685246999956
            ],
            [
              27.89002285400005,
              -26.28757853899998
            ],
            [
              27.890183470000068,
              -26.287344003999976
            ],
            [
              27.890354648000027,
              -26.28709613199993
            ],
            [
              27.89051296100007,
              -26.286782105999976
            ],
            [
              27.890819390000047,
              -26.286740047999956
            ],
            [
              27.891144232000045,
              -26.286740047999956
            ],
            [
              27.89124574600004,
              -26.28557602799998
            ],
            [
              27.891291034000062,
              -26.285052229999962
            ],
            [
              27.891293782000048,
              -26.285020445999976
            ],
            [
              27.891334595000046,
              -26.284548400999938
            ],
            [
              27.89141932700005,
              -26.28356839199995
            ],
            [
              27.891432157000054,
              -26.283420001999957
            ],
            [
              27.89147954500004,
              -26.28285839199998
            ],
            [
              27.89170478500006,
              -26.280188970999973
            ],
            [
              27.89180097700006,
              -26.279048961999933
            ],
            [
              27.89257944900004,
              -26.279181406999953
            ],
            [
              27.894250228000033,
              -26.279472700999975
            ],
            [
              27.89540868000006,
              -26.27966810199996
            ],
            [
              27.895804489000056,
              -26.279734863999977
            ],
            [
              27.89754184700007,
              -26.280034480999973
            ],
            [
              27.898676761000047,
              -26.280226243999948
            ],
            [
              27.89870730800004,
              -26.280231404999938
            ],
            [
              27.899566005000054,
              -26.28037872999994
            ],
            [
              27.90066525000003,
              -26.280568408999954
            ],
            [
              27.90108161300003,
              -26.280638732999932
            ],
            [
              27.901779429000044,
              -26.280756594999957
            ],
            [
              27.902986208000073,
              -26.28096120999993
            ],
            [
              27.904248248000044,
              -26.281180759999984
            ],
            [
              27.90546996200004,
              -26.281383880999954
            ],
            [
              27.905727821000028,
              -26.281427107999946
            ],
            [
              27.90675291100007,
              -26.281598950999978
            ],
            [
              27.907977612000025,
              -26.281785642999978
            ],
            [
              27.909136945000057,
              -26.281975674999956
            ],
            [
              27.909244133000072,
              -26.281993244999967
            ],
            [
              27.910213439000074,
              -26.282153052999945
            ],
            [
              27.91040378100007,
              -26.28218591899997
            ],
            [
              27.910857983000028,
              -26.28226236499995
            ],
            [
              27.91153739500004,
              -26.282378784999935
            ],
            [
              27.912173365000058,
              -26.282488256999955
            ],
            [
              27.912836196000057,
              -26.282607689999963
            ],
            [
              27.913084475000062,
              -26.28265242799995
            ],
            [
              27.91389736800005,
              -26.28275414199993
            ],
            [
              27.914243916000032,
              -26.28280521199997
            ],
            [
              27.91460505400005,
              -26.28284169099993
            ],
            [
              27.914867832000027,
              -26.282862530999978
            ],
            [
              27.915024583000047,
              -26.28285460199993
            ],
            [
              27.91539928800006,
              -26.282835647999946
            ],
            [
              27.916029510000044,
              -26.28277061299997
            ],
            [
              27.917283763000057,
              -26.28259408799994
            ],
            [
              27.91799898200003,
              -26.28250169399996
            ],
            [
              27.918508596000038,
              -26.282512019999956
            ],
            [
              27.918642566000074,
              -26.282522386999972
            ],
            [
              27.918775820000064,
              -26.28253966799997
            ],
            [
              27.918908002000023,
              -26.282563815999936
            ],
            [
              27.919038759000046,
              -26.28259476599993
            ],
            [
              27.919167740000034,
              -26.28263243699996
            ],
            [
              27.919294601000047,
              -26.282676725999977
            ],
            [
              27.91941900200004,
              -26.282727515999966
            ],
            [
              27.91954061100006,
              -26.282784669999955
            ],
            [
              27.919659102000026,
              -26.28284803599996
            ],
            [
              27.91983198300005,
              -26.282935110999972
            ],
            [
              27.92000200600006,
              -26.28302764299997
            ],
            [
              27.920168998000065,
              -26.28312553799998
            ],
            [
              27.920332791000078,
              -26.28322869799996
            ],
            [
              27.920493218000047,
              -26.28333701699995
            ],
            [
              27.920650117000037,
              -26.28345038699996
            ],
            [
              27.921221537000065,
              -26.28382462999997
            ],
            [
              27.92267395400006,
              -26.28477586899993
            ],
            [
              27.923160171000063,
              -26.28508401199997
            ],
            [
              27.92377181200004,
              -26.285432415999935
            ],
            [
              27.92389838300005,
              -26.28549406899998
            ],
            [
              27.924940900000024,
              -26.28590624499998
            ],
            [
              27.92685241500004,
              -26.28642624799994
            ],
            [
              27.927604303000066,
              -26.28370608599994
            ],
            [
              27.927638693000063,
              -26.282380156999977
            ],
            [
              27.927745685000048,
              -26.28207446899995
            ],
            [
              27.927780074000054,
              -26.280148623999935
            ],
            [
              27.928071000000045,
              -26.280164999999954
            ],
            [
              27.93017800000007,
              -26.28019699999993
            ],
            [
              27.93134900000007,
              -26.28021499999994
            ],
            [
              27.931451132000063,
              -26.280216931999973
            ],
            [
              27.931477938000057,
              -26.27938924999995
            ],
            [
              27.931497828000033,
              -26.279333889999975
            ],
            [
              27.931523715000026,
              -26.279281066999943
            ],
            [
              27.931555280000055,
              -26.279231428999935
            ],
            [
              27.93159213900003,
              -26.279185582999958
            ],
            [
              27.93163383800004,
              -26.279144091999967
            ],
            [
              27.93167986700007,
              -26.279107462999946
            ],
            [
              27.931729662000066,
              -26.279076145999966
            ],
            [
              27.931782614000042,
              -26.279050522999967
            ],
            [
              27.93183807300005,
              -26.27903090999996
            ],
            [
              27.931895359000066,
              -26.279017545999977
            ],
            [
              27.931953772000043,
              -26.279010593999942
            ],
            [
              27.932814963000055,
              -26.27901729599995
            ],
            [
              27.932975128000066,
              -26.279010640999957
            ],
            [
              27.93298505200005,
              -26.27834192699993
            ],
            [
              27.932997458000045,
              -26.277573961999963
            ],
            [
              27.933007385000053,
              -26.27703799899996
            ],
            [
              27.933017310000025,
              -26.276535532999958
            ],
            [
              27.93302847700005,
              -26.27595614699993
            ],
            [
              27.933038401000033,
              -26.275373039999977
            ],
            [
              27.933060732000058,
              -26.27460631499997
            ],
            [
              27.933071899000026,
              -26.273879291999947
            ],
            [
              27.93308058300005,
              -26.27333960699997
            ],
            [
              27.93308554600003,
              -26.272794957999963
            ],
            [
              27.933099193000032,
              -26.27219820399995
            ],
            [
              27.933110359000068,
              -26.271474901999966
            ],
            [
              27.933117555000024,
              -26.271388445999946
            ],
            [
              27.93311822100003,
              -26.27130169399993
            ],
            [
              27.933112352000023,
              -26.271215136999956
            ],
            [
              27.933099983000034,
              -26.27112926899997
            ],
            [
              27.93308118300007,
              -26.271044574999962
            ],
            [
              27.933056059000023,
              -26.27096153699995
            ],
            [
              27.93302475300004,
              -26.27088062699994
            ],
            [
              27.93290441000005,
              -26.270553095999958
            ],
            [
              27.93272746300005,
              -26.270347509999965
            ],
            [
              27.93280000200008,
              -26.27037017899994
            ],
            [
              27.932906545000037,
              -26.27037017899994
            ],
            [
              27.93340525800005,
              -26.27026136799998
            ],
            [
              27.933627412000078,
              -26.270308974999978
            ],
            [
              27.93506007700006,
              -26.27058326499997
            ],
            [
              27.936748899000065,
              -26.27095049899998
            ],
            [
              27.938274506000027,
              -26.271247459999984
            ],
            [
              27.93992025800003,
              -26.271594291999975
            ],
            [
              27.940312426000048,
              -26.27166456499998
            ],
            [
              27.941448130000026,
              -26.271902586999943
            ],
            [
              27.94308028000006,
              -26.272238082999934
            ],
            [
              27.943635665000045,
              -26.272360495999976
            ],
            [
              27.944950452000057,
              -26.272668789999955
            ],
            [
              27.946603004000053,
              -26.272999752999965
            ],
            [
              27.94760496300006,
              -26.27316977099997
            ],
            [
              27.947679785000048,
              -26.27286685799993
            ],
            [
              27.94809382400007,
              -26.271714131999943
            ],
            [
              27.94868430400004,
              -26.270424960999947
            ],
            [
              27.94881265400005,
              -26.270208821999972
            ],
            [
              27.949198857000056,
              -26.269558460999974
            ],
            [
              27.949634813000046,
              -26.26890597199997
            ],
            [
              27.95017181600008,
              -26.26817697599995
            ],
            [
              27.950734803000046,
              -26.267536035999967
            ],
            [
              27.951027845000056,
              -26.26723577599995
            ],
            [
              27.951585059000024,
              -26.266711764999968
            ],
            [
              27.951992648000044,
              -26.26637147699995
            ],
            [
              27.95236975000006,
              -26.266056641999967
            ],
            [
              27.952694078000036,
              -26.26581565999993
            ],
            [
              27.953102062000028,
              -26.26551252099995
            ],
            [
              27.95590039600006,
              -26.26393743699998
            ],
            [
              27.95627038500004,
              -26.263721402999977
            ],
            [
              27.957729131000065,
              -26.26286965099996
            ],
            [
              27.958281433000025,
              -26.26250553999995
            ],
            [
              27.959447406000038,
              -26.26162594699997
            ],
            [
              27.95964067700004,
              -26.261441823999974
            ],
            [
              27.960576505000063,
              -26.260550299999977
            ],
            [
              27.96124344800006,
              -26.259806270999945
            ],
            [
              27.961853418000032,
              -26.25904213399997
            ],
            [
              27.962212487000045,
              -26.258445062999954
            ],
            [
              27.96229078600004,
              -26.258314862999953
            ],
            [
              27.962880419000044,
              -26.25732781399995
            ],
            [
              27.963584509000043,
              -26.255677868999953
            ],
            [
              27.964021383000045,
              -26.254044889999932
            ],
            [
              27.96425253700005,
              -26.252148191999936
            ],
            [
              27.964285459000052,
              -26.25102633199998
            ],
            [
              27.964224692000073,
              -26.249898351999946
            ],
            [
              27.964204421000034,
              -26.249522077999927
            ],
            [
              27.964098328000034,
              -26.248736746999953
            ],
            [
              27.96398410200004,
              -26.24789120199995
            ],
            [
              27.963724115000048,
              -26.246814149999977
            ],
            [
              27.963580404000027,
              -26.24633237499995
            ],
            [
              27.96347217700003,
              -26.24596955399994
            ],
            [
              27.963468781000074,
              -26.24595831499994
            ],
            [
              27.963107466000054,
              -26.244762648999938
            ],
            [
              27.962735004000024,
              -26.24352111099995
            ],
            [
              27.962682769000025,
              -26.243346992999932
            ],
            [
              27.962270070000045,
              -26.24199132399997
            ],
            [
              27.961852571000065,
              -26.240592464999963
            ],
            [
              27.96145666700005,
              -26.239260789999946
            ],
            [
              27.960974385000043,
              -26.237725163999983
            ],
            [
              27.96070805100004,
              -26.23659023999994
            ],
            [
              27.960604456000056,
              -26.23591755399997
            ],
            [
              27.96052329500003,
              -26.23539053299993
            ],
            [
              27.96045611200003,
              -26.234157232999962
            ],
            [
              27.960487303000036,
              -26.232832755999937
            ],
            [
              27.96068563800003,
              -26.231514734999962
            ],
            [
              27.96025663200004,
              -26.23155323499998
            ],
            [
              27.959882626000024,
              -26.231596319999937
            ],
            [
              27.959592955000062,
              -26.231656819999955
            ],
            [
              27.95926386600007,
              -26.231750321999982
            ],
            [
              27.95889536100003,
              -26.231887822999965
            ],
            [
              27.958532355000045,
              -26.232055575999937
            ],
            [
              27.958096014000034,
              -26.23230491499993
            ],
            [
              27.957489172000066,
              -26.232674335999945
            ],
            [
              27.95691899700006,
              -26.232986006999965
            ],
            [
              27.956286487000057,
              -26.233261926999944
            ],
            [
              27.955785062000075,
              -26.233415012999956
            ],
            [
              27.955659910000065,
              -26.233440628999972
            ],
            [
              27.955010103000063,
              -26.233291590999954
            ],
            [
              27.95370452800006,
              -26.23269543799995
            ],
            [
              27.953497906000052,
              -26.232656366999947
            ],
            [
              27.95141631100006,
              -26.232262746999936
            ],
            [
              27.94634770600004,
              -26.231040276999977
            ],
            [
              27.945746469000028,
              -26.230895266999937
            ],
            [
              27.944219049000026,
              -26.230551397999932
            ],
            [
              27.944974081000055,
              -26.23011686899997
            ],
            [
              27.945613512000023,
              -26.22896815599995
            ],
            [
              27.946334946000036,
              -26.22720137699997
            ],
            [
              27.94595539900007,
              -26.22713811899996
            ],
            [
              27.945392408000032,
              -26.226975326999934
            ],
            [
              27.945066823000047,
              -26.226805750999972
            ],
            [
              27.944910814000025,
              -26.226622609999936
            ],
            [
              27.944815852000033,
              -26.226398769999946
            ],
            [
              27.944836201000044,
              -26.226147798999932
            ],
            [
              27.94490403100008,
              -26.225727251999956
            ],
            [
              27.944842983000058,
              -26.225523760999977
            ],
            [
              27.944761588000063,
              -26.22542879899993
            ],
            [
              27.94327610700003,
              -26.225327052999944
            ],
            [
              27.942631720000065,
              -26.22526600599997
            ],
            [
              27.941994116000046,
              -26.22515747799997
            ],
            [
              27.941722795000032,
              -26.225082864999933
            ],
            [
              27.941526088000046,
              -26.22500146899995
            ],
            [
              27.94130903100006,
              -26.224825109999983
            ],
            [
              27.941058060000046,
              -26.224682666999968
            ],
            [
              27.93979641800007,
              -26.22496076999994
            ],
            [
              27.939633625000056,
              -26.22492685499998
            ],
            [
              27.93943691800007,
              -26.224791194999966
            ],
            [
              27.939294475000054,
              -26.224499524999942
            ],
            [
              27.939165598000045,
              -26.22422142099998
            ],
            [
              27.938941758000055,
              -26.223963666999964
            ],
            [
              27.938636522000024,
              -26.223726260999968
            ],
            [
              27.938769811000043,
              -26.222191692999957
            ],
            [
              27.938551304000043,
              -26.222115722999945
            ],
            [
              27.938157096000054,
              -26.221982453999942
            ],
            [
              27.93775056900006,
              -26.221842464999952
            ],
            [
              27.937656497000035,
              -26.221808867999982
            ],
            [
              27.937659437000036,
              -26.221795551999946
            ],
            [
              27.937499143000025,
              -26.221742245999963
            ],
            [
              27.937494109000056,
              -26.22175623199996
            ],
            [
              27.937447073000044,
              -26.221745032999934
            ],
            [
              27.937310444000047,
              -26.22169239699997
            ],
            [
              27.937291405000053,
              -26.221684557999936
            ],
            [
              27.937295496000047,
              -26.221674520999954
            ],
            [
              27.93693323000008,
              -26.221554049999952
            ],
            [
              27.936336122000057,
              -26.22137098299993
            ],
            [
              27.93616813600005,
              -26.221293707999962
            ],
            [
              27.936057264000056,
              -26.22124107299993
            ],
            [
              27.936040466000065,
              -26.221242193999956
            ],
            [
              27.935874719000026,
              -26.22116043899996
            ],
            [
              27.93582320300004,
              -26.221166039999957
            ],
            [
              27.935794086000044,
              -26.22112124299997
            ],
            [
              27.93561266000006,
              -26.22103612999996
            ],
            [
              27.93547423800004,
              -26.220973284999957
            ],
            [
              27.935128832000032,
              -26.220849761999943
            ],
            [
              27.93478990400007,
              -26.220728921999978
            ],
            [
              27.93479172900004,
              -26.221158067999966
            ],
            [
              27.93479680300004,
              -26.22235051599995
            ],
            [
              27.934424834000026,
              -26.22247450599997
            ],
            [
              27.93430272300003,
              -26.222515208999937
            ],
            [
              27.932622477000052,
              -26.22117361599993
            ],
            [
              27.932498312000064,
              -26.221516142999974
            ],
            [
              27.932209224000076,
              -26.222265465999953
            ],
            [
              27.93201133100007,
              -26.222648978999928
            ],
            [
              27.931784290000053,
              -26.223036330999946
            ],
            [
              27.93158562900004,
              -26.223327033999965
            ],
            [
              27.93133404300005,
              -26.223658390999958
            ],
            [
              27.931089362000023,
              -26.22394679399997
            ],
            [
              27.930901439000024,
              -26.224145454999928
            ],
            [
              27.93074880000006,
              -26.22429349099997
            ],
            [
              27.930443522000076,
              -26.224571155999968
            ],
            [
              27.93009740800005,
              -26.224836970999945
            ],
            [
              27.930060009000044,
              -26.22486569499995
            ],
            [
              27.929860580000025,
              -26.224999157999946
            ],
            [
              27.929739407000056,
              -26.225119914999937
            ],
            [
              27.92904455100006,
              -26.22448659099996
            ],
            [
              27.928089302000046,
              -26.223610149999956
            ],
            [
              27.927866470000026,
              -26.223404116999973
            ],
            [
              27.927012258000047,
              -26.222614301999954
            ],
            [
              27.92602742400004,
              -26.221726634999982
            ],
            [
              27.925192151000033,
              -26.220955611999955
            ],
            [
              27.92448222400003,
              -26.220436561999975
            ],
            [
              27.924435406000043,
              -26.220402331999935
            ],
            [
              27.923942810000028,
              -26.220097135999936
            ],
            [
              27.923498402000064,
              -26.219854406999957
            ],
            [
              27.922827889000075,
              -26.219553729999973
            ],
            [
              27.922345653000036,
              -26.219376909999937
            ],
            [
              27.92192603600006,
              -26.219244749999973
            ],
            [
              27.92086321200003,
              -26.217689658999973
            ],
            [
              27.919675837000057,
              -26.21612487999994
            ],
            [
              27.919356494000056,
              -26.215860695999936
            ],
            [
              27.918657551000024,
              -26.21550609299993
            ],
            [
              27.917734193000058,
              -26.21503763499993
            ],
            [
              27.917222224000056,
              -26.214793227999962
            ],
            [
              27.916286049000064,
              -26.21451195999998
            ],
            [
              27.915883352000037,
              -26.21437375199997
            ],
            [
              27.914763925000045,
              -26.21398956099995
            ],
            [
              27.912952404000066,
              -26.213372938999953
            ],
            [
              27.910855973000025,
              -26.212659336999934
            ],
            [
              27.91042900000008,
              -26.212513999999942
            ],
            [
              27.91034300000007,
              -26.21248399999996
            ],
            [
              27.910332537000045,
              -26.212480427999935
            ],
            [
              27.91010510600006,
              -26.21240279999995
            ],
            [
              27.910106411000072,
              -26.21239667699996
            ],
            [
              27.910085249000076,
              -26.212388019999935
            ],
            [
              27.909910186000047,
              -26.212330786999928
            ],
            [
              27.909861609000075,
              -26.212313953999967
            ],
            [
              27.909836575000043,
              -26.212311142999965
            ],
            [
              27.909801000000073,
              -26.212298999999973
            ],
            [
              27.909698759000037,
              -26.212264094999966
            ],
            [
              27.909701935000044,
              -26.21225575899996
            ],
            [
              27.909597570000074,
              -26.21222161299994
            ],
            [
              27.909525951000035,
              -26.212205102999974
            ],
            [
              27.90898067100005,
              -26.212018950999948
            ],
            [
              27.908849000000032,
              -26.21197399999994
            ],
            [
              27.90861613800007,
              -26.211895196999933
            ],
            [
              27.908618605000072,
              -26.211883686999954
            ],
            [
              27.908597831000066,
              -26.211879531999955
            ],
            [
              27.908353529000067,
              -26.21179643599993
            ],
            [
              27.90829011200003,
              -26.21178390999995
            ],
            [
              27.90768900000006,
              -26.211577999999975
            ],
            [
              27.907134000000042,
              -26.211389999999938
            ],
            [
              27.907098638000036,
              -26.211377229999982
            ],
            [
              27.907062000000053,
              -26.211363999999946
            ],
            [
              27.906604000000073,
              -26.211206999999945
            ],
            [
              27.90641015700004,
              -26.211140727999975
            ],
            [
              27.906411973000047,
              -26.21113491699998
            ],
            [
              27.906243043000075,
              -26.211076186999946
            ],
            [
              27.906239413000037,
              -26.21108235199995
            ],
            [
              27.90563000000003,
              -26.210873999999933
            ],
            [
              27.90487200000007,
              -26.21061499999996
            ],
            [
              27.904748226000038,
              -26.21057280399998
            ],
            [
              27.904652000000056,
              -26.21053999999998
            ],
            [
              27.904119000000037,
              -26.21035799999993
            ],
            [
              27.903765000000078,
              -26.21023699999995
            ],
            [
              27.90339700000004,
              -26.210110999999984
            ],
            [
              27.90329325400006,
              -26.210075548999953
            ],
            [
              27.90319800000003,
              -26.210042999999928
            ],
            [
              27.902486000000067,
              -26.20979499999993
            ],
            [
              27.902386000000035,
              -26.20975999999996
            ],
            [
              27.902089000000046,
              -26.209656999999936
            ],
            [
              27.90203172500003,
              -26.209637249999957
            ],
            [
              27.90203100000008,
              -26.20963699999993
            ],
            [
              27.901965924000024,
              -26.20961422199997
            ],
            [
              27.90182402000005,
              -26.209554197999978
            ],
            [
              27.901767504000077,
              -26.20953551499997
            ],
            [
              27.901683582000032,
              -26.20951582799995
            ],
            [
              27.901238000000035,
              -26.209360999999944
            ],
            [
              27.90113400000007,
              -26.20932499999998
            ],
            [
              27.90084500000006,
              -26.20922699999994
            ],
            [
              27.90068700000006,
              -26.209173999999962
            ],
            [
              27.900484000000063,
              -26.20910699999996
            ],
            [
              27.90038500000003,
              -26.20907399999993
            ],
            [
              27.900284000000056,
              -26.20903999999996
            ],
            [
              27.89982797700003,
              -26.20888918199995
            ],
            [
              27.899809607000066,
              -26.20887732099993
            ],
            [
              27.899681414000042,
              -26.20883009199997
            ],
            [
              27.899673628000073,
              -26.208829572999946
            ],
            [
              27.899670967000077,
              -26.20883681899994
            ],
            [
              27.899573000000032,
              -26.20880399999993
            ],
            [
              27.899474000000055,
              -26.20876999999996
            ],
            [
              27.899272000000053,
              -26.208700999999962
            ],
            [
              27.899188223000067,
              -26.20867235099996
            ],
            [
              27.899097147000077,
              -26.208636028999933
            ],
            [
              27.89903492800005,
              -26.208619927999962
            ],
            [
              27.89902870700007,
              -26.208617801999935
            ],
            [
              27.899027443000023,
              -26.208617368999967
            ],
            [
              27.89807600000006,
              -26.20829199999997
            ],
            [
              27.898075061000043,
              -26.208291679999945
            ],
            [
              27.89719800000006,
              -26.20799299999993
            ],
            [
              27.896403000000078,
              -26.207720999999935
            ],
            [
              27.896265908000032,
              -26.20767406899995
            ],
            [
              27.89618100000007,
              -26.207644999999957
            ],
            [
              27.895444000000055,
              -26.207392999999968
            ],
            [
              27.895201000000043,
              -26.20730999999995
            ],
            [
              27.894967000000065,
              -26.20722999999998
            ],
            [
              27.894742000000065,
              -26.20715299999995
            ],
            [
              27.894517000000064,
              -26.207075999999972
            ],
            [
              27.894340748000047,
              -26.207015335999984
            ],
            [
              27.89430200000004,
              -26.20700199999993
            ],
            [
              27.894096000000047,
              -26.206931999999938
            ],
            [
              27.89390000000003,
              -26.206864999999937
            ],
            [
              27.893713000000048,
              -26.206800999999928
            ],
            [
              27.893525000000068,
              -26.206736999999976
            ],
            [
              27.89334800000006,
              -26.20667599999996
            ],
            [
              27.893179000000032,
              -26.206617999999935
            ],
            [
              27.89294867600006,
              -26.206539776999932
            ],
            [
              27.89286100000004,
              -26.20650999999998
            ],
            [
              27.892711000000077,
              -26.20645799999994
            ],
            [
              27.89241100000004,
              -26.20635599999997
            ],
            [
              27.892262000000073,
              -26.20630499999993
            ],
            [
              27.892112000000054,
              -26.206253999999944
            ],
            [
              27.891951162000055,
              -26.20619504299998
            ],
            [
              27.89168713500004,
              -26.20610850099996
            ],
            [
              27.891283761000068,
              -26.205968419999977
            ],
            [
              27.890930258000026,
              -26.20584814199998
            ],
            [
              27.890589771000066,
              -26.20573395399998
            ],
            [
              27.89044914300007,
              -26.205686791999938
            ],
            [
              27.89006190400005,
              -26.20555257799998
            ],
            [
              27.889618926000026,
              -26.20540369799994
            ],
            [
              27.88959839000006,
              -26.20544403399998
            ],
            [
              27.889241221000077,
              -26.20531422099998
            ],
            [
              27.88897792700004,
              -26.205237212999975
            ],
            [
              27.888684564000073,
              -26.20518147499996
            ],
            [
              27.888552522000055,
              -26.20515536499994
            ],
            [
              27.888102239000034,
              -26.205066328999976
            ],
            [
              27.888052250000044,
              -26.205050581999956
            ],
            [
              27.887755337000044,
              -26.20495705099995
            ],
            [
              27.887294023000038,
              -26.204795701999956
            ],
            [
              27.88681070800004,
              -26.204636551999954
            ],
            [
              27.88658215600003,
              -26.20455855299997
            ],
            [
              27.886348661000056,
              -26.204478869999946
            ],
            [
              27.886102815000072,
              -26.20439528199995
            ],
            [
              27.885798606000037,
              -26.204291850999937
            ],
            [
              27.88540696700005,
              -26.204159835999974
            ],
            [
              27.885505977000037,
              -26.203920745999937
            ],
            [
              27.885450262000063,
              -26.203901239999936
            ],
            [
              27.885298571000078,
              -26.203837401999976
            ],
            [
              27.885200602000054,
              -26.20381780899993
            ],
            [
              27.885048278000056,
              -26.203759658999957
            ],
            [
              27.884899113000074,
              -26.203709726999932
            ],
            [
              27.884708231000047,
              -26.20364652199993
            ],
            [
              27.88458814100005,
              -26.203606701999945
            ],
            [
              27.884542633000024,
              -26.203594060999933
            ],
            [
              27.88442317500005,
              -26.203562457999965
            ],
            [
              27.88428981100003,
              -26.203513157999964
            ],
            [
              27.88396493500005,
              -26.20339812499998
            ],
            [
              27.88371337600006,
              -26.203324805999955
            ],
            [
              27.88371464200003,
              -26.203360832999977
            ],
            [
              27.883717085000058,
              -26.203404103999958
            ],
            [
              27.883606434000058,
              -26.20336830399998
            ],
            [
              27.883341097000027,
              -26.203282457999933
            ],
            [
              27.882925837000073,
              -26.203140246999965
            ],
            [
              27.882478975000026,
              -26.202984760999982
            ],
            [
              27.88202768800005,
              -26.202824850999946
            ],
            [
              27.881610532000025,
              -26.20267505399994
            ],
            [
              27.88149671800005,
              -26.202635529999952
            ],
            [
              27.881217394000032,
              -26.20253852999997
            ],
            [
              27.880779380000035,
              -26.202389997999944
            ],
            [
              27.88023075700005,
              -26.202193428999976
            ],
            [
              27.87992041700005,
              -26.20208787599995
            ],
            [
              27.87949314900004,
              -26.201938078999945
            ],
            [
              27.879201140000077,
              -26.201840109999978
            ],
            [
              27.879146038000044,
              -26.20182491299994
            ],
            [
              27.879200508000054,
              -26.20167261599994
            ],
            [
              27.879265000000032,
              -26.201255999999944
            ],
            [
              27.879072148000034,
              -26.201133021999965
            ],
            [
              27.878374460000032,
              -26.20069011499993
            ],
            [
              27.877722300000073,
              -26.20027584199994
            ],
            [
              27.87760370700005,
              -26.200200507999966
            ],
            [
              27.876856881000037,
              -26.19972611199995
            ],
            [
              27.87624721700007,
              -26.199344740999948
            ],
            [
              27.876418323000053,
              -26.198928941999952
            ],
            [
              27.87670571500007,
              -26.19820500399993
            ],
            [
              27.87698947000007,
              -26.197490766999977
            ],
            [
              27.87728777600006,
              -26.196755913999937
            ],
            [
              27.87743014800003,
              -26.196395279999933
            ],
            [
              27.877581232000068,
              -26.19601257399995
            ],
            [
              27.877854073000037,
              -26.195322588999943
            ],
            [
              27.878135402000055,
              -26.194624115999943
            ],
            [
              27.87839854200007,
              -26.193964446999928
            ],
            [
              27.878911483000024,
              -26.192670573999976
            ],
            [
              27.87897844400004,
              -26.192502893999972
            ],
            [
              27.878997838000032,
              -26.19245432899993
            ],
            [
              27.878678000000036,
              -26.192320999999936
            ],
            [
              27.878662064000025,
              -26.19231087399993
            ],
            [
              27.878486000000066,
              -26.19219899999996
            ],
            [
              27.878404000000046,
              -26.192146999999977
            ],
            [
              27.878321000000028,
              -26.192092999999943
            ],
            [
              27.87821800000006,
              -26.19203399999998
            ],
            [
              27.87809100000004,
              -26.191959999999938
            ],
            [
              27.87787700000007,
              -26.191836999999964
            ],
            [
              27.87774900000005,
              -26.19176299999998
            ],
            [
              27.87754493700004,
              -26.19164537399996
            ],
            [
              27.87733600000007,
              -26.19152399999996
            ],
            [
              27.87705900000003,
              -26.191363999999965
            ],
            [
              27.87642500000004,
              -26.191073999999958
            ],
            [
              27.876371154000026,
              -26.191076770999928
            ],
            [
              27.876180000000033,
              -26.190628999999944
            ],
            [
              27.875593000000038,
              -26.190642999999966
            ],
            [
              27.875031652000075,
              -26.190485086999956
            ],
            [
              27.874815797000053,
              -26.190429680999955
            ],
            [
              27.87464443400006,
              -26.19039159999994
            ],
            [
              27.874285972000052,
              -26.190311941999937
            ],
            [
              27.87378500400007,
              -26.190082234999977
            ],
            [
              27.873435250000057,
              -26.18996911399995
            ],
            [
              27.872678027000063,
              -26.18967476599994
            ],
            [
              27.87195074300007,
              -26.189413496999975
            ],
            [
              27.871381000000042,
              -26.189183999999955
            ],
            [
              27.871102404000055,
              -26.189079145999983
            ],
            [
              27.869771490000062,
              -26.18908376299993
            ],
            [
              27.868918000000065,
              -26.18883599999998
            ],
            [
              27.867902000000072,
              -26.188841999999966
            ],
            [
              27.86779647800006,
              -26.188840204999963
            ],
            [
              27.867826490000027,
              -26.188536623999937
            ],
            [
              27.867965006000077,
              -26.18791560799997
            ],
            [
              27.868101215000024,
              -26.187396170999932
            ],
            [
              27.86694729100003,
              -26.187117907999948
            ],
            [
              27.86683372600004,
              -26.186941800999932
            ],
            [
              27.865463969000075,
              -26.18660602999995
            ],
            [
              27.865317404000052,
              -26.18656292399993
            ],
            [
              27.863935878000063,
              -26.186308895999957
            ],
            [
              27.863879801000053,
              -26.186394346999975
            ],
            [
              27.863508000000024,
              -26.186309999999935
            ],
            [
              27.863380000000063,
              -26.18628099999995
            ],
            [
              27.86304833500003,
              -26.186250559999962
            ],
            [
              27.862703000000067,
              -26.18621799999994
            ],
            [
              27.862643667000043,
              -26.18616799299997
            ],
            [
              27.86229600000007,
              -26.18617999999998
            ],
            [
              27.86182526600004,
              -26.186095270999942
            ],
            [
              27.86177863300003,
              -26.18607166299995
            ],
            [
              27.86154938800007,
              -26.185955600999932
            ],
            [
              27.861352002000046,
              -26.185927896999942
            ],
            [
              27.86102648800005,
              -26.18593713299998
            ],
            [
              27.860221938000052,
              -26.186014469999975
            ],
            [
              27.86018289900005,
              -26.18602102899996
            ],
            [
              27.86007765100004,
              -26.18603871099998
            ],
            [
              27.859209615000054,
              -26.186098733999984
            ],
            [
              27.858623229000045,
              -26.186142597999947
            ],
            [
              27.856713967000076,
              -26.186274354999966
            ],
            [
              27.856713967000076,
              -26.18623779099994
            ],
            [
              27.856761895000034,
              -26.184242765999954
            ],
            [
              27.85671465300004,
              -26.18316349099996
            ],
            [
              27.85624523300004,
              -26.183239842999967
            ],
            [
              27.855995136000047,
              -26.18327250899995
            ],
            [
              27.85589006300006,
              -26.182643583999948
            ],
            [
              27.855708899000035,
              -26.18155921099998
            ],
            [
              27.85405501300005,
              -26.181499022999958
            ],
            [
              27.853751636000027,
              -26.18151816699998
            ],
            [
              27.852672322000046,
              -26.18159842299997
            ],
            [
              27.851612397000054,
              -26.181665111999962
            ],
            [
              27.850605020000046,
              -26.18172849399997
            ],
            [
              27.849653938000074,
              -26.181797960999972
            ],
            [
              27.84852111300006,
              -26.18188070599996
            ],
            [
              27.846836392000057,
              -26.181995178999955
            ],
            [
              27.846362485000043,
              -26.182027381999944
            ],
            [
              27.845132670000055,
              -26.18211847799995
            ],
            [
              27.84483892000003,
              -26.182140236999942
            ],
            [
              27.84449444100005,
              -26.182165753999982
            ],
            [
              27.84327711900005,
              -26.182253234999962
            ],
            [
              27.842222346000028,
              -26.182329033999963
            ],
            [
              27.840345721000062,
              -26.18246745199997
            ],
            [
              27.840271278000046,
              -26.182472943999983
            ],
            [
              27.840236121000032,
              -26.18247477699998
            ],
            [
              27.840238896000074,
              -26.18258865799993
            ],
            [
              27.84023338000003,
              -26.18263831699994
            ],
            [
              27.840224185000068,
              -26.182711885999936
            ],
            [
              27.84021314900008,
              -26.182759704999967
            ],
            [
              27.840187400000048,
              -26.18281671999995
            ],
            [
              27.839659546000064,
              -26.18378598399994
            ],
            [
              27.839374185000054,
              -26.18434724699995
            ],
            [
              27.839326649000043,
              -26.184440742999982
            ],
            [
              27.839282509000043,
              -26.18452534499994
            ],
            [
              27.839238367000064,
              -26.184593396999958
            ],
            [
              27.839185031000056,
              -26.184668804999944
            ],
            [
              27.839067321000073,
              -26.18478835299993
            ],
            [
              27.83884661600007,
              -26.185003540999958
            ],
            [
              27.838747299000033,
              -26.18509734099996
            ],
            [
              27.83865165900005,
              -26.18519665799994
            ],
            [
              27.838590966000027,
              -26.185284939999974
            ],
            [
              27.83850452300004,
              -26.18540448899995
            ],
            [
              27.83842359700003,
              -26.18554058999996
            ],
            [
              27.838184500000068,
              -26.186029820999977
            ],
            [
              27.83810605700006,
              -26.18618081699998
            ],
            [
              27.837671842000077,
              -26.18599871899994
            ],
            [
              27.83605871700007,
              -26.185242982999966
            ],
            [
              27.836011504000055,
              -26.18522145299994
            ],
            [
              27.834977888000026,
              -26.18475007799998
            ],
            [
              27.834921820000034,
              -26.184688836999953
            ],
            [
              27.834206605000077,
              -26.18390763399998
            ],
            [
              27.833985581000036,
              -26.183666217999928
            ],
            [
              27.83317103400003,
              -26.182797543999982
            ],
            [
              27.832599022000068,
              -26.182184673999927
            ],
            [
              27.832054249000066,
              -26.18157808099994
            ],
            [
              27.83202600000004,
              -26.181573999999955
            ],
            [
              27.831921953000062,
              -26.181556348999948
            ],
            [
              27.831427000000076,
              -26.181573999999955
            ],
            [
              27.831327000000044,
              -26.181577999999945
            ],
            [
              27.82976800000006,
              -26.18163899999996
            ],
            [
              27.82849900000008,
              -26.18168899999995
            ],
            [
              27.827465000000075,
              -26.18172899999996
            ],
            [
              27.827390969000078,
              -26.181731876999947
            ],
            [
              27.827142209000044,
              -26.181741547999934
            ],
            [
              27.826892675000067,
              -26.181742619999966
            ],
            [
              27.826830905000065,
              -26.181720973999973
            ],
            [
              27.826788855000075,
              -26.181703891999973
            ],
            [
              27.826699500000075,
              -26.18170651899993
            ],
            [
              27.826639053000065,
              -26.181715717999964
            ],
            [
              27.82658123400006,
              -26.18172491599995
            ],
            [
              27.826499763000072,
              -26.181722287999946
            ],
            [
              27.82622882100003,
              -26.18172345499994
            ],
            [
              27.826213317000054,
              -26.181724068999984
            ],
            [
              27.826209277000032,
              -26.18172422899994
            ],
            [
              27.825925297000026,
              -26.181735474999982
            ],
            [
              27.825921855000047,
              -26.181735637999964
            ],
            [
              27.81878185800008,
              -26.18207413199997
            ],
            [
              27.818768546000058,
              -26.182012560999965
            ],
            [
              27.818753569000023,
              -26.18191105099993
            ],
            [
              27.818578840000043,
              -26.181544951999967
            ],
            [
              27.818194437000045,
              -26.181027422999932
            ],
            [
              27.81805299000007,
              -26.18085935099998
            ],
            [
              27.818013052000026,
              -26.180709582999953
            ],
            [
              27.81802969200004,
              -26.18058144799994
            ],
            [
              27.81800835400003,
              -26.180298880999942
            ],
            [
              27.818017000000054,
              -26.18023999999997
            ],
            [
              27.818149918000074,
              -26.179701416999933
            ],
            [
              27.818236631000048,
              -26.179525034999983
            ],
            [
              27.818285806000063,
              -26.179455539999935
            ],
            [
              27.818355862000033,
              -26.179356533999965
            ],
            [
              27.818329257000073,
              -26.179258981999965
            ],
            [
              27.818436663000057,
              -26.179179165999983
            ],
            [
              27.818461298000045,
              -26.179106247999982
            ],
            [
              27.81846228300003,
              -26.179062891999934
            ],
            [
              27.818514072000028,
              -26.17887794899997
            ],
            [
              27.818529735000027,
              -26.17874220599998
            ],
            [
              27.818500150000034,
              -26.17868999799998
            ],
            [
              27.818468824000036,
              -26.178632567999955
            ],
            [
              27.818432278000046,
              -26.17854555399998
            ],
            [
              27.818385291000027,
              -26.178495084999952
            ],
            [
              27.818343524000056,
              -26.178460279999967
            ],
            [
              27.81823388600003,
              -26.178482902999974
            ],
            [
              27.818134689000033,
              -26.178425473999937
            ],
            [
              27.818082480000044,
              -26.178380225999945
            ],
            [
              27.818051155000035,
              -26.178301912999927
            ],
            [
              27.81803201200006,
              -26.178209677999973
            ],
            [
              27.817998947000035,
              -26.17809829999993
            ],
            [
              27.817978063000055,
              -26.17806175299995
            ],
            [
              27.817978063000055,
              -26.178002583999955
            ],
            [
              27.81793455600007,
              -26.177903386999958
            ],
            [
              27.817917153000053,
              -26.17785117899996
            ],
            [
              27.81792933500003,
              -26.177738059999967
            ],
            [
              27.817936296000028,
              -26.177544887999943
            ],
            [
              27.817993726000054,
              -26.177363897999953
            ],
            [
              27.817983284000036,
              -26.177160283999967
            ],
            [
              27.817953699000043,
              -26.177090672999952
            ],
            [
              27.817917153000053,
              -26.17705064599994
            ],
            [
              27.817896270000062,
              -26.17697233299998
            ],
            [
              27.81787190600005,
              -26.17679656399997
            ],
            [
              27.81785624300005,
              -26.176523336999935
            ],
            [
              27.817838840000036,
              -26.176342346999945
            ],
            [
              27.817826658000058,
              -26.176258812999947
            ],
            [
              27.817828398000074,
              -26.17618224199998
            ],
            [
              27.817861464000032,
              -26.176051719999975
            ],
            [
              27.81786494000005,
              -26.17596452099997
            ],
            [
              27.813520432000075,
              -26.17605972299998
            ],
            [
              27.812511683000025,
              -26.17594636499996
            ],
            [
              27.81235249100007,
              -26.175928475999967
            ],
            [
              27.81216984100007,
              -26.175907950999942
            ],
            [
              27.812009812000042,
              -26.17588996799998
            ],
            [
              27.809352311000055,
              -26.175142475999962
            ],
            [
              27.80905914300007,
              -26.17506027199994
            ],
            [
              27.809091145000025,
              -26.175200563999965
            ],
            [
              27.80921010700007,
              -26.17574383799996
            ],
            [
              27.809323093000046,
              -26.17625982499993
            ],
            [
              27.809461467000062,
              -26.17689174999998
            ],
            [
              27.810049606000064,
              -26.17957765699998
            ],
            [
              27.810560227000053,
              -26.18190956099994
            ],
            [
              27.81059074500007,
              -26.18203544599993
            ],
            [
              27.810600281000063,
              -26.182079314999953
            ],
            [
              27.809806326000057,
              -26.182071556999972
            ],
            [
              27.807625001000076,
              -26.182050240999956
            ],
            [
              27.80591583300003,
              -26.182033538999974
            ],
            [
              27.802146101000062,
              -26.181995308999944
            ],
            [
              27.800262668000073,
              -26.18197620799998
            ],
            [
              27.799709320000034,
              -26.18197059599993
            ],
            [
              27.79513931300005,
              -26.18198966899996
            ],
            [
              27.794791615000065,
              -26.18198782999997
            ],
            [
              27.794778824000048,
              -26.18198776199995
            ],
            [
              27.794243832000063,
              -26.18198409799993
            ],
            [
              27.79366493300006,
              -26.181980132999968
            ],
            [
              27.789449692000062,
              -26.181980132999968
            ],
            [
              27.78937043800005,
              -26.181979401999968
            ],
            [
              27.787764810000056,
              -26.181964594999954
            ],
            [
              27.78770934000005,
              -26.18196408299997
            ],
            [
              27.786140442000033,
              -26.18194961499995
            ],
            [
              27.786134231000062,
              -26.181962813999974
            ],
            [
              27.786125183000024,
              -26.18198203999998
            ],
            [
              27.786096573000066,
              -26.182048797999983
            ],
            [
              27.785705566000047,
              -26.182922362999932
            ],
            [
              27.785369873000036,
              -26.18367004399994
            ],
            [
              27.785364153000046,
              -26.183682999999974
            ],
            [
              27.784663932000058,
              -26.185268941999936
            ],
            [
              27.78457069500007,
              -26.18548011699994
            ],
            [
              27.78346440300004,
              -26.187916281999946
            ],
            [
              27.78239059400005,
              -26.19028091399997
            ],
            [
              27.782117844000027,
              -26.190881728999955
            ],
            [
              27.782100806000074,
              -26.19091923899998
            ],
            [
              27.781871796000075,
              -26.191423415999964
            ],
            [
              27.781870334000075,
              -26.191426647999947
            ],
            [
              27.78133964600005,
              -26.19260024999994
            ],
            [
              27.78111934800006,
              -26.19308196199995
            ],
            [
              27.779684067000062,
              -26.19622039799998
            ],
            [
              27.779632551000077,
              -26.196334169999943
            ],
            [
              27.77742831100005,
              -26.201202157999944
            ],
            [
              27.777130245000023,
              -26.20186042499995
            ],
            [
              27.776664734000065,
              -26.202888488999974
            ],
            [
              27.775181764000024,
              -26.20616273099995
            ],
            [
              27.774490356000058,
              -26.207689284999958
            ],
            [
              27.774490092000065,
              -26.207689864999963
            ],
            [
              27.77198982300007,
              -26.213209151999934
            ],
            [
              27.771889160000057,
              -26.21318239699997
            ],
            [
              27.760583931000042,
              -26.21017758599993
            ],
            [
              27.752960804000054,
              -26.219731571999944
            ],
            [
              27.752900443000044,
              -26.21972084999993
            ],
            [
              27.751718260000075,
              -26.21953869999993
            ],
            [
              27.751544996000064,
              -26.219524287999945
            ],
            [
              27.75137135500006,
              -26.219515521999938
            ],
            [
              27.75119752100005,
              -26.219512410999982
            ],
            [
              27.751023677000035,
              -26.21951495899998
            ],
            [
              27.750850008000043,
              -26.219523163999952
            ],
            [
              27.750676698000063,
              -26.219537014999958
            ],
            [
              27.750503931000026,
              -26.219556499999953
            ],
            [
              27.75033189000004,
              -26.219581596999944
            ],
            [
              27.748567325000067,
              -26.220014538999976
            ],
            [
              27.746747004000042,
              -26.220499957999948
            ],
            [
              27.746323903000075,
              -26.220631151999953
            ],
            [
              27.74578976400005,
              -26.22098775099994
            ],
            [
              27.745615042000054,
              -26.221174951999956
            ],
            [
              27.74547776000003,
              -26.221405835999974
            ],
            [
              27.74536543800008,
              -26.221736560999943
            ],
            [
              27.745346718000064,
              -26.222098484999947
            ],
            [
              27.745349119000025,
              -26.222169315999963
            ],
            [
              27.74535683600004,
              -26.222239764999983
            ],
            [
              27.74536982400008,
              -26.222309435999932
            ],
            [
              27.745388010000056,
              -26.22237793399995
            ],
            [
              27.74541129100004,
              -26.222444871999983
            ],
            [
              27.74543953600005,
              -26.222509871999932
            ],
            [
              27.745655054000053,
              -26.222958867999978
            ],
            [
              27.747980858000062,
              -26.227233318999936
            ],
            [
              27.74815147700008,
              -26.22757455599998
            ],
            [
              27.74829515600004,
              -26.228077432999953
            ],
            [
              27.74831311500003,
              -26.228454589999956
            ],
            [
              27.748241276000044,
              -26.228912566999952
            ],
            [
              27.747980858000062,
              -26.22946034299997
            ],
            [
              27.74760370000007,
              -26.229963218999956
            ],
            [
              27.74694816500005,
              -26.230358335999938
            ],
            [
              27.746104052000078,
              -26.230627735999974
            ],
            [
              27.74525993700007,
              -26.23059181499997
            ],
            [
              27.74379620700006,
              -26.23014281899998
            ],
            [
              27.741667963000054,
              -26.229469322999933
            ],
            [
              27.741039366000052,
              -26.229379522999977
            ],
            [
              27.740536490000068,
              -26.229451363999942
            ],
            [
              27.740114434000077,
              -26.22965789999995
            ],
            [
              27.739728296000067,
              -26.229972197999928
            ],
            [
              27.739467878000028,
              -26.230403235999972
            ],
            [
              27.739165632000038,
              -26.23108394999997
            ],
            [
              27.73861961800003,
              -26.232297313999936
            ],
            [
              27.73807360400008,
              -26.233541013999968
            ],
            [
              27.737588257000027,
              -26.233374176999973
            ],
            [
              27.737300083000036,
              -26.23040143199995
            ],
            [
              27.73722424700003,
              -26.229233566999937
            ],
            [
              27.73720908000007,
              -26.22850554799993
            ],
            [
              27.737254583000038,
              -26.22767135899994
            ],
            [
              27.73732056500006,
              -26.22494100299997
            ],
            [
              27.72135871300003,
              -26.226567210999974
            ],
            [
              27.719821840000066,
              -26.22678965299997
            ]
          ]
        ]
      }
    },
    {
      "type": "Feature",
      "properties": {
        "id": "diepsloot",
        "name": "Diepsloot",
        "labelPriority": "primary",
        "selectionBasis": "census-main-place",
        "subPlaceCount": 14
      },
      "geometry": {
        "type": "Polygon",
        "coordinates": [
          [
            [
              27.936990197000057,
              -25.923123505999968
            ],
            [
              27.937033555000028,
              -25.923182735999944
            ],
            [
              27.93708992100005,
              -25.92325973499993
            ],
            [
              27.93712043800008,
              -25.923290252999948
            ],
            [
              27.937537121000048,
              -25.92385890299994
            ],
            [
              27.94084930400004,
              -25.92837905899995
            ],
            [
              27.94169860100004,
              -25.92949425699993
            ],
            [
              27.94196382000007,
              -25.929842512999983
            ],
            [
              27.94211284100004,
              -25.930051139999932
            ],
            [
              27.94518352500006,
              -25.929847520999942
            ],
            [
              27.94621988800003,
              -25.93219441699995
            ],
            [
              27.946829155000046,
              -25.93350707999997
            ],
            [
              27.945990804000076,
              -25.935973390999948
            ],
            [
              27.94485025800003,
              -25.93930729699997
            ],
            [
              27.945951812000033,
              -25.941588390999982
            ],
            [
              27.94825093000003,
              -25.946442632999947
            ],
            [
              27.96191493500004,
              -25.94341392499996
            ],
            [
              27.975569954000036,
              -25.94038720599997
            ],
            [
              27.974980212000048,
              -25.944264964999945
            ],
            [
              27.974606547000064,
              -25.946721940999964
            ],
            [
              27.973137416000043,
              -25.956381978999957
            ],
            [
              27.97302945900003,
              -25.957091831999946
            ],
            [
              27.97299092000003,
              -25.95737855699997
            ],
            [
              27.973094137000032,
              -25.957389085999978
            ],
            [
              27.973275964000038,
              -25.95740763499998
            ],
            [
              27.974978242000077,
              -25.957585225999935
            ],
            [
              27.981636580000043,
              -25.958279860999937
            ],
            [
              27.98682384800003,
              -25.958810720999963
            ],
            [
              27.988095792000024,
              -25.958958089999953
            ],
            [
              27.98804657100004,
              -25.95910028199995
            ],
            [
              27.98797547500004,
              -25.95919872299993
            ],
            [
              27.987915317000045,
              -25.95929169599998
            ],
            [
              27.987871565000034,
              -25.959406541999954
            ],
            [
              27.987805938000065,
              -25.959685457999967
            ],
            [
              27.987789531000033,
              -25.95988233999998
            ],
            [
              27.987805938000065,
              -25.960019061999958
            ],
            [
              27.987844221000046,
              -25.960128441999927
            ],
            [
              27.987904379000042,
              -25.960226881999972
            ],
            [
              27.987991882000074,
              -25.960341729999982
            ],
            [
              27.988779409000074,
              -25.961140194999928
            ],
            [
              27.98892160200006,
              -25.961276917999953
            ],
            [
              27.98904738600004,
              -25.96144645499993
            ],
            [
              27.98924426800005,
              -25.96174724599996
            ],
            [
              27.98973100300003,
              -25.962452738999957
            ],
            [
              27.98983491300004,
              -25.962655088999952
            ],
            [
              27.989889602000062,
              -25.96279728099995
            ],
            [
              27.98992241600007,
              -25.962944942999968
            ],
            [
              27.989927885000043,
              -25.96309807299997
            ],
            [
              27.989911478000067,
              -25.96322385899998
            ],
            [
              27.989840382000068,
              -25.96336605099998
            ],
            [
              27.98973100300003,
              -25.963530117999937
            ],
            [
              27.989304426000047,
              -25.964093418999937
            ],
            [
              27.989162234000048,
              -25.964323114999956
            ],
            [
              27.989130654000064,
              -25.964377661999947
            ],
            [
              27.989041918000055,
              -25.96453093399998
            ],
            [
              27.98899269700007,
              -25.964651250999964
            ],
            [
              27.990037264000023,
              -25.964809849999938
            ],
            [
              27.990296985000043,
              -25.964847978999956
            ],
            [
              27.993203777000076,
              -25.96527470899997
            ],
            [
              27.997201569000026,
              -25.96585988499993
            ],
            [
              28.001691564000055,
              -25.966499750999958
            ],
            [
              28.00623624800005,
              -25.967156022999973
            ],
            [
              28.007881088000033,
              -25.96739357399997
            ],
            [
              28.007944976000033,
              -25.96905461399996
            ],
            [
              28.00972887200004,
              -25.96931998699995
            ],
            [
              28.00987138800008,
              -25.967801461999954
            ],
            [
              28.011031167000056,
              -25.967973463999954
            ],
            [
              28.01179042800004,
              -25.968076663999966
            ],
            [
              28.01221021200007,
              -25.968138231999944
            ],
            [
              28.012343290000047,
              -25.968157749999932
            ],
            [
              28.012602155000025,
              -25.96819641199994
            ],
            [
              28.01272169200007,
              -25.968214264999972
            ],
            [
              28.012859293000076,
              -25.968238836999944
            ],
            [
              28.012937618000024,
              -25.96825450199998
            ],
            [
              28.01295268900003,
              -25.968180492999977
            ],
            [
              28.01327262500007,
              -25.96826484899998
            ],
            [
              28.014729749000026,
              -25.96869916299994
            ],
            [
              28.01640157500003,
              -25.969194739999978
            ],
            [
              28.016851038000027,
              -25.96932782999994
            ],
            [
              28.017577823000067,
              -25.969543036999937
            ],
            [
              28.01760568800006,
              -25.96944153299995
            ],
            [
              28.017811550000033,
              -25.968720752999957
            ],
            [
              28.018000682000036,
              -25.96806239999995
            ],
            [
              28.018163827000024,
              -25.967495001999964
            ],
            [
              28.018279327000073,
              -25.96708641999993
            ],
            [
              28.01836884000005,
              -25.966765905999978
            ],
            [
              28.018508885000074,
              -25.966289466999967
            ],
            [
              28.018775980000044,
              -25.965371236999943
            ],
            [
              28.019048850000047,
              -25.96442413099993
            ],
            [
              28.019304395000063,
              -25.963498682999955
            ],
            [
              28.019346263000045,
              -25.963261906999946
            ],
            [
              28.01936070200003,
              -25.96316950599993
            ],
            [
              28.019370808000076,
              -25.963077105999957
            ],
            [
              28.019376583000053,
              -25.962981817999946
            ],
            [
              28.019380916000046,
              -25.96289888399997
            ],
            [
              28.01937702500004,
              -25.96258544999995
            ],
            [
              28.01936238600007,
              -25.962409795999974
            ],
            [
              28.019333112000027,
              -25.96219022899993
            ],
            [
              28.019295471000078,
              -25.96202503099994
            ],
            [
              28.019241102000024,
              -25.96180755499995
            ],
            [
              28.01914282000007,
              -25.96149179599996
            ],
            [
              28.01902989900003,
              -25.96117812899996
            ],
            [
              28.018820789000074,
              -25.960630255999945
            ],
            [
              28.018331467000053,
              -25.95930239699993
            ],
            [
              28.017920206000042,
              -25.95819385699997
            ],
            [
              28.019467012000064,
              -25.958425198999976
            ],
            [
              28.019550930000037,
              -25.95843427099993
            ],
            [
              28.019580414000075,
              -25.958445611999934
            ],
            [
              28.01963031100007,
              -25.958479632999968
            ],
            [
              28.020113405000075,
              -25.958822106999946
            ],
            [
              28.020247219000055,
              -25.958908291999933
            ],
            [
              28.020396910000045,
              -25.958994477999966
            ],
            [
              28.02054153100005,
              -25.959062899999935
            ],
            [
              28.021056016000045,
              -25.957297531999927
            ],
            [
              28.021624991000067,
              -25.955361487999937
            ],
            [
              28.022614016000034,
              -25.95201255199993
            ],
            [
              28.025481805000027,
              -25.95136338599997
            ],
            [
              28.028536707000058,
              -25.95065693999993
            ],
            [
              28.02956699300006,
              -25.95041709999998
            ],
            [
              28.029744625000035,
              -25.95037584399995
            ],
            [
              28.031038169000055,
              -25.95007540599994
            ],
            [
              28.032348179000053,
              -25.949774503999947
            ],
            [
              28.03275547900006,
              -25.949673093999934
            ],
            [
              28.032900571000027,
              -25.949543904999928
            ],
            [
              28.033173789000045,
              -25.949300629999982
            ],
            [
              28.035058174000028,
              -25.947627877999935
            ],
            [
              28.03520229000003,
              -25.94750116299997
            ],
            [
              28.035455951000074,
              -25.947295744999963
            ],
            [
              28.035712725000053,
              -25.94709188199994
            ],
            [
              28.03580142800007,
              -25.947015628999964
            ],
            [
              28.03600840200005,
              -25.946836665999967
            ],
            [
              28.03742628300006,
              -25.945547519999934
            ],
            [
              28.03849951500007,
              -25.94459483199995
            ],
            [
              28.038560844000074,
              -25.944539374999977
            ],
            [
              28.03857855700005,
              -25.944522866999932
            ],
            [
              28.038581978000025,
              -25.944524298999966
            ],
            [
              28.038607419000073,
              -25.94453494299995
            ],
            [
              28.03861861100006,
              -25.94452640299994
            ],
            [
              28.038626857000054,
              -25.94451786099995
            ],
            [
              28.038633925000056,
              -25.944509025999935
            ],
            [
              28.038649246000034,
              -25.944486292999954
            ],
            [
              28.038676830000043,
              -25.944436157999974
            ],
            [
              28.039164149000044,
              -25.943585239999948
            ],
            [
              28.039171440000075,
              -25.94357273999998
            ],
            [
              28.039201080000055,
              -25.943521928999928
            ],
            [
              28.03933825400003,
              -25.943314407999935
            ],
            [
              28.039679257000046,
              -25.942777367999952
            ],
            [
              28.039737428000024,
              -25.942677312999933
            ],
            [
              28.039804907000075,
              -25.94254002799994
            ],
            [
              28.039835156000038,
              -25.942484182999976
            ],
            [
              28.03988169400003,
              -25.94241903099993
            ],
            [
              28.039960807000057,
              -25.94230966799995
            ],
            [
              28.040109727000072,
              -25.942114210999932
            ],
            [
              28.040365682000072,
              -25.94173260499997
            ],
            [
              28.04140811900004,
              -25.94012939299995
            ],
            [
              28.041819974000077,
              -25.939489503999937
            ],
            [
              28.041987509000023,
              -25.939231221999933
            ],
            [
              28.04208058300003,
              -25.939100916999962
            ],
            [
              28.042203907000044,
              -25.93892872899994
            ],
            [
              28.042315597000027,
              -25.938775155999963
            ],
            [
              28.042466843000057,
              -25.93856341099996
            ],
            [
              28.04253432300004,
              -25.938458701999934
            ],
            [
              28.04267450900005,
              -25.938244494999935
            ],
            [
              28.04314437100004,
              -25.93752653399997
            ],
            [
              28.04332313100008,
              -25.937253384999963
            ],
            [
              28.043871425000077,
              -25.936424872999964
            ],
            [
              28.043896294000035,
              -25.936382702999936
            ],
            [
              28.04391035200007,
              -25.936349182999948
            ],
            [
              28.043915758000026,
              -25.93632323199995
            ],
            [
              28.043916840000065,
              -25.93628754899993
            ],
            [
              28.043916840000065,
              -25.93623132199997
            ],
            [
              28.043919001000063,
              -25.936206450999975
            ],
            [
              28.04392549000005,
              -25.93618158299995
            ],
            [
              28.043939546000047,
              -25.93615887599998
            ],
            [
              28.043961172000024,
              -25.936136167999962
            ],
            [
              28.044061732000046,
              -25.93602046999996
            ],
            [
              28.044133097000042,
              -25.93593937299994
            ],
            [
              28.044184999000038,
              -25.935873415999936
            ],
            [
              28.044332991000033,
              -25.935678093999968
            ],
            [
              28.044419084000026,
              -25.935580366999943
            ],
            [
              28.044491218000076,
              -25.93549427199997
            ],
            [
              28.044511228000033,
              -25.935468327999956
            ],
            [
              28.04453010000003,
              -25.935437923999928
            ],
            [
              28.044564698000045,
              -25.935373968999954
            ],
            [
              28.044589861000077,
              -25.935335175999967
            ],
            [
              28.044607684000027,
              -25.935316304999958
            ],
            [
              28.044624459000033,
              -25.935304771999938
            ],
            [
              28.044648573000075,
              -25.935294286999977
            ],
            [
              28.04468526900007,
              -25.93528589999994
            ],
            [
              28.044738738000035,
              -25.93527751299996
            ],
            [
              28.044758658000035,
              -25.935272270999974
            ],
            [
              28.044779626000036,
              -25.935262833999957
            ],
            [
              28.044804790000057,
              -25.935247107999942
            ],
            [
              28.044822614000054,
              -25.935232429999928
            ],
            [
              28.04484043700006,
              -25.935207266999953
            ],
            [
              28.045015525000053,
              -25.934940965999942
            ],
            [
              28.045875704000025,
              -25.933607182999936
            ],
            [
              28.045945510000024,
              -25.93350014599997
            ],
            [
              28.046129333000067,
              -25.93324419199996
            ],
            [
              28.046438806000026,
              -25.932785799999976
            ],
            [
              28.046599360000073,
              -25.932536823999953
            ],
            [
              28.04666611700003,
              -25.93242724199996
            ],
            [
              28.046679235000056,
              -25.93241047999993
            ],
            [
              28.046693812000058,
              -25.932393716999968
            ],
            [
              28.046706202000053,
              -25.932382055999938
            ],
            [
              28.046723228000076,
              -25.93236970199996
            ],
            [
              28.046020352000028,
              -25.931792388999952
            ],
            [
              28.04574440300007,
              -25.93157225999994
            ],
            [
              28.045740128000034,
              -25.93154907199994
            ],
            [
              28.044870377000052,
              -25.930900573999963
            ],
            [
              28.04392051800005,
              -25.930149077999943
            ],
            [
              28.043602476000046,
              -25.92989954899997
            ],
            [
              28.043079376000037,
              -25.929489135999972
            ],
            [
              28.042379380000057,
              -25.928930281999953
            ],
            [
              28.041040743000053,
              -25.927879176999966
            ],
            [
              28.041038513000046,
              -25.927877425999952
            ],
            [
              28.04093933100006,
              -25.927799224999944
            ],
            [
              28.039329529000042,
              -25.926530836999973
            ],
            [
              28.03915977500003,
              -25.926389693999965
            ],
            [
              28.039140517000078,
              -25.926358155999935
            ],
            [
              28.037623086000053,
              -25.927642849999984
            ],
            [
              28.03526833600006,
              -25.929645999999934
            ],
            [
              28.035061385000063,
              -25.929816614999936
            ],
            [
              28.035068555000066,
              -25.92985608799995
            ],
            [
              28.034299781000072,
              -25.930504199999973
            ],
            [
              28.03213136100004,
              -25.932345117999944
            ],
            [
              28.030714475000025,
              -25.93353447499993
            ],
            [
              28.029480302000024,
              -25.934592830999975
            ],
            [
              28.02738772300006,
              -25.936354456999936
            ],
            [
              28.02582949300006,
              -25.937685156999976
            ],
            [
              28.02491937700006,
              -25.93845393099997
            ],
            [
              28.02370588900004,
              -25.939481258999933
            ],
            [
              28.022378851000042,
              -25.94060974699994
            ],
            [
              28.021283221000033,
              -25.941550243999927
            ],
            [
              28.020485638000025,
              -25.94222735799997
            ],
            [
              28.02034820600005,
              -25.94234693599998
            ],
            [
              28.02030059200007,
              -25.94238318799995
            ],
            [
              28.020278949000044,
              -25.942396173999953
            ],
            [
              28.020245403000047,
              -25.942413487999943
            ],
            [
              28.02022862900003,
              -25.94241889899996
            ],
            [
              28.02021131500004,
              -25.94242322799994
            ],
            [
              28.02019345900004,
              -25.94242539199996
            ],
            [
              28.020177228000023,
              -25.94242593299998
            ],
            [
              28.020153420000042,
              -25.94242593299998
            ],
            [
              28.020044694000035,
              -25.942417859999978
            ],
            [
              28.020044894000023,
              -25.94241640699994
            ],
            [
              28.02005014200006,
              -25.94237854599993
            ],
            [
              28.020488846000035,
              -25.939428891999967
            ],
            [
              28.020539171000053,
              -25.93908496699993
            ],
            [
              28.020977126000048,
              -25.936091912999927
            ],
            [
              28.021174391000045,
              -25.934659557999964
            ],
            [
              28.021367921000035,
              -25.93325432299997
            ],
            [
              28.02147124100003,
              -25.932550211999967
            ],
            [
              28.021754531000056,
              -25.93058958299997
            ],
            [
              28.021755333000044,
              -25.930584030999967
            ],
            [
              28.021926750000034,
              -25.929397663999964
            ],
            [
              28.021957111000063,
              -25.929187541999966
            ],
            [
              28.02219638400004,
              -25.927675508999982
            ],
            [
              28.022361879000073,
              -25.926526192999972
            ],
            [
              28.02250027200006,
              -25.925565095999957
            ],
            [
              28.022591221000027,
              -25.92493348499994
            ],
            [
              28.022670551000033,
              -25.924349783999958
            ],
            [
              28.022712230000025,
              -25.92404309799997
            ],
            [
              28.02286520100006,
              -25.922964899999954
            ],
            [
              28.02299507400005,
              -25.922049499999957
            ],
            [
              28.023040541000057,
              -25.921736560999932
            ],
            [
              28.023042795000038,
              -25.92172104599996
            ],
            [
              28.02319680100004,
              -25.920661017999976
            ],
            [
              28.023209489000067,
              -25.92057368899998
            ],
            [
              28.023280200000045,
              -25.92023153799994
            ],
            [
              28.023323540000035,
              -25.92005133899994
            ],
            [
              28.023324985000045,
              -25.92004555999995
            ],
            [
              28.023421624000036,
              -25.91965900599996
            ],
            [
              28.02346576000008,
              -25.919516082999962
            ],
            [
              28.023469524000063,
              -25.91950389799996
            ],
            [
              28.02347889300006,
              -25.91947648599995
            ],
            [
              28.023531111000068,
              -25.91932369799997
            ],
            [
              28.023633756000038,
              -25.919063662999974
            ],
            [
              28.023779741000055,
              -25.918732916999943
            ],
            [
              28.023854475000064,
              -25.91858467399993
            ],
            [
              28.023918882000032,
              -25.918456916999958
            ],
            [
              28.024308934000032,
              -25.91775208499996
            ],
            [
              28.024323760000073,
              -25.917729217999977
            ],
            [
              28.024339344000055,
              -25.917705180999974
            ],
            [
              28.02444351300005,
              -25.91754451399993
            ],
            [
              28.024886028000026,
              -25.91692636099998
            ],
            [
              28.025212212000042,
              -25.916508936999946
            ],
            [
              28.025319419000027,
              -25.916353828999945
            ],
            [
              28.025431189000074,
              -25.916166786999952
            ],
            [
              28.02552699100005,
              -25.915993429999958
            ],
            [
              28.025622793000025,
              -25.915769892999947
            ],
            [
              28.025789305000046,
              -25.91540949299997
            ],
            [
              28.025839489000077,
              -25.915258946999927
            ],
            [
              28.025901075000036,
              -25.915037688999973
            ],
            [
              28.025964944000066,
              -25.91477309199996
            ],
            [
              28.02601512600006,
              -25.914524462999964
            ],
            [
              28.026042498000038,
              -25.914335138999945
            ],
            [
              28.026198280000074,
              -25.913123499999983
            ],
            [
              28.026084900000058,
              -25.91318511999998
            ],
            [
              28.025749207000047,
              -25.913370131999955
            ],
            [
              28.025239945000067,
              -25.91363906899994
            ],
            [
              28.02474022000007,
              -25.913919447999945
            ],
            [
              28.022340775000032,
              -25.915220259999955
            ],
            [
              28.022137232000034,
              -25.91533094899995
            ],
            [
              28.02075114400003,
              -25.916084721999937
            ],
            [
              28.020151121000026,
              -25.916411021999977
            ],
            [
              28.019936641000072,
              -25.91652765899994
            ],
            [
              28.01985191700004,
              -25.91657373299995
            ],
            [
              28.019622188000028,
              -25.916698662999977
            ],
            [
              28.019489288000045,
              -25.91677093499993
            ],
            [
              28.017401294000024,
              -25.91790198999996
            ],
            [
              28.016961122000055,
              -25.918140428999948
            ],
            [
              28.016630173000067,
              -25.918319701999962
            ],
            [
              28.01636261400006,
              -25.918465138999977
            ],
            [
              28.016175753000027,
              -25.918566709999936
            ],
            [
              28.015710831000035,
              -25.91881942699996
            ],
            [
              28.01525482900007,
              -25.91906764099997
            ],
            [
              28.014164536000067,
              -25.91966111599993
            ],
            [
              28.01415325100004,
              -25.919667258999937
            ],
            [
              28.013866585000073,
              -25.919823298999972
            ],
            [
              28.01385889900007,
              -25.91982748299995
            ],
            [
              28.013559342000065,
              -25.919990539999958
            ],
            [
              28.01347992600006,
              -25.920033985999964
            ],
            [
              28.012853069000073,
              -25.920376921999946
            ],
            [
              28.012809753000056,
              -25.920400618999963
            ],
            [
              28.012748884000075,
              -25.920433763999938
            ],
            [
              28.012476063000065,
              -25.92058232399995
            ],
            [
              28.012308112000028,
              -25.92067377899997
            ],
            [
              28.011431350000066,
              -25.921151204999944
            ],
            [
              28.011130680000065,
              -25.921314929999937
            ],
            [
              28.011117936000062,
              -25.92132186899994
            ],
            [
              28.01110342000004,
              -25.921329662999938
            ],
            [
              28.010882968000033,
              -25.921448032999933
            ],
            [
              28.010730743000067,
              -25.92152976899996
            ],
            [
              28.00968933100006,
              -25.922100066999974
            ],
            [
              28.008196620000035,
              -25.922905278999963
            ],
            [
              28.008020402000056,
              -25.923000335999973
            ],
            [
              28.005729675000055,
              -25.924249647999943
            ],
            [
              28.00543927500007,
              -25.924408927999934
            ],
            [
              28.004470825000055,
              -25.924940108999976
            ],
            [
              28.003991711000026,
              -25.92519590699993
            ],
            [
              28.003570557000046,
              -25.92542075999995
            ],
            [
              28.002630234000037,
              -25.92593955899997
            ],
            [
              27.99978065600004,
              -25.927480696999964
            ],
            [
              27.997934491000024,
              -25.92848342999997
            ],
            [
              27.99771905800003,
              -25.928600440999958
            ],
            [
              27.997497320000036,
              -25.928720876999932
            ],
            [
              27.997449611000036,
              -25.928746788999945
            ],
            [
              27.996929169000055,
              -25.92902946399994
            ],
            [
              27.99496460000006,
              -25.930103301999964
            ],
            [
              27.994680405000054,
              -25.93025970499997
            ],
            [
              27.99336435400005,
              -25.93098003399996
            ],
            [
              27.993346735000046,
              -25.930989676999957
            ],
            [
              27.991739274000054,
              -25.93186950699993
            ],
            [
              27.98893928600006,
              -25.93341064499998
            ],
            [
              27.988759259000062,
              -25.93351051899998
            ],
            [
              27.987859727000057,
              -25.934009551999964
            ],
            [
              27.987742534000063,
              -25.933097732999954
            ],
            [
              27.98770332400005,
              -25.932792663999976
            ],
            [
              27.987693470000067,
              -25.932714378999947
            ],
            [
              27.987668992000067,
              -25.932519911999975
            ],
            [
              27.987459183000055,
              -25.930870055999947
            ],
            [
              27.98707962000003,
              -25.92774963399995
            ],
            [
              27.98683929400005,
              -25.925830840999936
            ],
            [
              27.98669052100007,
              -25.92464065599995
            ],
            [
              27.98629951500004,
              -25.921520232999967
            ],
            [
              27.985919952000074,
              -25.918399810999972
            ],
            [
              27.98575019900005,
              -25.91703987099993
            ],
            [
              27.985530853000057,
              -25.915290832999972
            ],
            [
              27.985410691000027,
              -25.914350508999973
            ],
            [
              27.985139847000028,
              -25.91217040999993
            ],
            [
              27.98484039300007,
              -25.90973091099994
            ],
            [
              27.98476028400006,
              -25.90905952399993
            ],
            [
              27.984550476000038,
              -25.90741920399995
            ],
            [
              27.984369279000077,
              -25.905939101999934
            ],
            [
              27.98398017900007,
              -25.902830122999944
            ],
            [
              27.983922921000044,
              -25.902856549999967
            ],
            [
              27.98331069900007,
              -25.90313911399994
            ],
            [
              27.983142242000042,
              -25.90322056599996
            ],
            [
              27.98278999400003,
              -25.903390883999975
            ],
            [
              27.981599808000055,
              -25.903949737999937
            ],
            [
              27.979959489000066,
              -25.904720305999945
            ],
            [
              27.97831916900003,
              -25.905500410999935
            ],
            [
              27.976680756000064,
              -25.906269072999976
            ],
            [
              27.97504043600003,
              -25.907049177999966
            ],
            [
              27.973409653000033,
              -25.907819746999962
            ],
            [
              27.971769333000054,
              -25.90859985399993
            ],
            [
              27.97013092000003,
              -25.909370421999938
            ],
            [
              27.969352100000037,
              -25.909740813999974
            ],
            [
              27.968490601000042,
              -25.910150526999928
            ],
            [
              27.966859818000046,
              -25.91091918899997
            ],
            [
              27.96649781600007,
              -25.910879954999928
            ],
            [
              27.96562115100005,
              -25.910784939999928
            ],
            [
              27.963560509000047,
              -25.911674613999935
            ],
            [
              27.959779438000055,
              -25.91331725999993
            ],
            [
              27.95593863600004,
              -25.91497185099996
            ],
            [
              27.947008622000055,
              -25.91881862499997
            ],
            [
              27.942128473000025,
              -25.92089731899995
            ],
            [
              27.936990197000057,
              -25.923123505999968
            ]
          ]
        ]
      }
    },
    {
      "type": "Feature",
      "properties": {
        "id": "orange-farm",
        "name": "Orange Farm",
        "labelPriority": "primary",
        "selectionBasis": "census-main-place",
        "subPlaceCount": 8
      },
      "geometry": {
        "type": "Polygon",
        "coordinates": [
          [
            [
              27.846926693000057,
              -26.44966313799995
            ],
            [
              27.847347864000028,
              -26.450356530999954
            ],
            [
              27.847428007000076,
              -26.45055688399998
            ],
            [
              27.847214294000025,
              -26.45077059399995
            ],
            [
              27.84741464800004,
              -26.45105776899993
            ],
            [
              27.84785542700007,
              -26.45072384499997
            ],
            [
              27.848593854000057,
              -26.45150387299998
            ],
            [
              27.84880376700005,
              -26.45172561299995
            ],
            [
              27.848943544000065,
              -26.45186376299995
            ],
            [
              27.848943562000045,
              -26.451863781999975
            ],
            [
              27.849397172000067,
              -26.452332353999964
            ],
            [
              27.848666595000054,
              -26.45287845499996
            ],
            [
              27.84866625400008,
              -26.452878736999935
            ],
            [
              27.847960096000065,
              -26.45345950099994
            ],
            [
              27.847948925000026,
              -26.453468688999976
            ],
            [
              27.847926490000077,
              -26.453488456999935
            ],
            [
              27.848094823000054,
              -26.453665340999976
            ],
            [
              27.848203081000065,
              -26.453800102999935
            ],
            [
              27.848249456000076,
              -26.453902787999937
            ],
            [
              27.848731495000038,
              -26.45445860799998
            ],
            [
              27.848908813000037,
              -26.45464907799993
            ],
            [
              27.848911249000025,
              -26.454651638999962
            ],
            [
              27.849131813000042,
              -26.454883545999962
            ],
            [
              27.849446563000072,
              -26.455230152999945
            ],
            [
              27.849274532000038,
              -26.45536267799997
            ],
            [
              27.849041339000053,
              -26.455530882999938
            ],
            [
              27.84890499100004,
              -26.45566595799994
            ],
            [
              27.84873551100003,
              -26.455872392999936
            ],
            [
              27.848612029000037,
              -26.456040120999944
            ],
            [
              27.84858259600003,
              -26.45608009999995
            ],
            [
              27.84833436400004,
              -26.456447927999932
            ],
            [
              27.84838681800005,
              -26.456478124999933
            ],
            [
              27.848655076000057,
              -26.456614188999936
            ],
            [
              27.849020347000078,
              -26.456799461999935
            ],
            [
              27.84906975100006,
              -26.456822948999957
            ],
            [
              27.848895140000025,
              -26.457129409999936
            ],
            [
              27.849140739000063,
              -26.45724002299994
            ],
            [
              27.84922602200004,
              -26.457278432999942
            ],
            [
              27.84936164100003,
              -26.457064618999937
            ],
            [
              27.84950350300005,
              -26.45713127299996
            ],
            [
              27.85067420300004,
              -26.457681330999947
            ],
            [
              27.85064602800003,
              -26.457734862999928
            ],
            [
              27.85124051500003,
              -26.458002522999948
            ],
            [
              27.851325039000074,
              -26.457867283999974
            ],
            [
              27.85151103900006,
              -26.457947326999943
            ],
            [
              27.85127151200004,
              -26.45834603999998
            ],
            [
              27.851063813000053,
              -26.458747064999955
            ],
            [
              27.85074873700006,
              -26.45935541399996
            ],
            [
              27.850515793000056,
              -26.459799311999973
            ],
            [
              27.85127861500007,
              -26.460161563999975
            ],
            [
              27.851361144000066,
              -26.46031011799994
            ],
            [
              27.851587261000077,
              -26.460491994999927
            ],
            [
              27.851658719000056,
              -26.460549472999958
            ],
            [
              27.85174078500006,
              -26.46061548199998
            ],
            [
              27.851749150000046,
              -26.460620819999974
            ],
            [
              27.85215448400004,
              -26.46087943699996
            ],
            [
              27.852413409000064,
              -26.461044640999944
            ],
            [
              27.85370051900003,
              -26.46180275499995
            ],
            [
              27.853989742000067,
              -26.461973109999974
            ],
            [
              27.854447788000073,
              -26.462142298999936
            ],
            [
              27.854468804000078,
              -26.46214799699993
            ],
            [
              27.854295106000052,
              -26.46260859499995
            ],
            [
              27.853940316000035,
              -26.463590366999938
            ],
            [
              27.85351519200003,
              -26.464766769999983
            ],
            [
              27.85345576000003,
              -26.46492483199995
            ],
            [
              27.853162737000048,
              -26.465704151999944
            ],
            [
              27.85312729900005,
              -26.46579840199996
            ],
            [
              27.85227864700005,
              -26.466982565999956
            ],
            [
              27.85261130400005,
              -26.467188755999928
            ],
            [
              27.85290518200003,
              -26.46738578199995
            ],
            [
              27.853265474000068,
              -26.467631509999933
            ],
            [
              27.853567100000078,
              -26.467830749999962
            ],
            [
              27.853781283000046,
              -26.467977411999982
            ],
            [
              27.853965026000026,
              -26.468115772999965
            ],
            [
              27.85406103100007,
              -26.46821360499996
            ],
            [
              27.854070929000045,
              -26.468224530999976
            ],
            [
              27.854096063000043,
              -26.468253069999946
            ],
            [
              27.85426443800003,
              -26.46848049199997
            ],
            [
              27.854343027000027,
              -26.468636561999972
            ],
            [
              27.854436559000078,
              -26.468885058999945
            ],
            [
              27.854567725000038,
              -26.46922044599995
            ],
            [
              27.85467453900003,
              -26.46953646099996
            ],
            [
              27.854792976000056,
              -26.469846941999947
            ],
            [
              27.85486527300003,
              -26.470035051999957
            ],
            [
              27.85487370800007,
              -26.47005699999994
            ],
            [
              27.854909753000072,
              -26.470150781999962
            ],
            [
              27.855026530000032,
              -26.47046403099995
            ],
            [
              27.855099584000072,
              -26.470690943999955
            ],
            [
              27.855118401000027,
              -26.47077451299998
            ],
            [
              27.855125120000025,
              -26.470881229999975
            ],
            [
              27.85512529400006,
              -26.47088399499995
            ],
            [
              27.855127809000066,
              -26.470923941999956
            ],
            [
              27.855126149000057,
              -26.471004191999953
            ],
            [
              27.855118954000034,
              -26.471128715999953
            ],
            [
              27.855099030000076,
              -26.471246599999972
            ],
            [
              27.855069144000026,
              -26.471352860999957
            ],
            [
              27.854891000000066,
              -26.47142999999994
            ],
            [
              27.85456338000006,
              -26.471520752999936
            ],
            [
              27.85399086900003,
              -26.47167375199996
            ],
            [
              27.853402448000054,
              -26.47183354499998
            ],
            [
              27.852954617000023,
              -26.471961104999934
            ],
            [
              27.852950502000056,
              -26.471950817999982
            ],
            [
              27.85283940200003,
              -26.471987851999984
            ],
            [
              27.852841459000047,
              -26.47199402299998
            ],
            [
              27.852610342000048,
              -26.472058489999938
            ],
            [
              27.852497404000076,
              -26.47209461099993
            ],
            [
              27.852495813000075,
              -26.472089350999966
            ],
            [
              27.852148795000062,
              -26.472187420999944
            ],
            [
              27.852146738000044,
              -26.47218193499998
            ],
            [
              27.851926594000076,
              -26.472240227999976
            ],
            [
              27.851775717000066,
              -26.472284119999983
            ],
            [
              27.85169342000006,
              -26.47230332199996
            ],
            [
              27.851695479000057,
              -26.472312237999972
            ],
            [
              27.85142307900003,
              -26.47239336699994
            ],
            [
              27.851212000000032,
              -26.472451999999976
            ],
            [
              27.851150983000025,
              -26.47246894899996
            ],
            [
              27.851149063000037,
              -26.47246948199995
            ],
            [
              27.850834000000077,
              -26.472556999999938
            ],
            [
              27.84956900000003,
              -26.47290799999996
            ],
            [
              27.849109000000055,
              -26.47303599999998
            ],
            [
              27.848555228000066,
              -26.473196100999928
            ],
            [
              27.848248864000027,
              -26.473256771999957
            ],
            [
              27.84851873300005,
              -26.473356561999935
            ],
            [
              27.848835460000032,
              -26.473492799999974
            ],
            [
              27.84948193400004,
              -26.473776552999936
            ],
            [
              27.84968292800005,
              -26.47386432299993
            ],
            [
              27.850139685000045,
              -26.47406377799996
            ],
            [
              27.850715002000072,
              -26.47431802899996
            ],
            [
              27.851291187000072,
              -26.474574881999956
            ],
            [
              27.85171464800004,
              -26.474768388999962
            ],
            [
              27.851741805000074,
              -26.47478470799996
            ],
            [
              27.851994825000077,
              -26.474936743999933
            ],
            [
              27.852501261000043,
              -26.475276728999972
            ],
            [
              27.85299707300004,
              -26.47560538199997
            ],
            [
              27.85309217300005,
              -26.475668954999946
            ],
            [
              27.853255604000026,
              -26.47577820799995
            ],
            [
              27.853485802000023,
              -26.47593120099998
            ],
            [
              27.853800997000064,
              -26.47614723399994
            ],
            [
              27.853937700000074,
              -26.47625772899994
            ],
            [
              27.854147357000045,
              -26.47644259599997
            ],
            [
              27.854299642000058,
              -26.47659133999997
            ],
            [
              27.85443067700004,
              -26.47672874999995
            ],
            [
              27.854697421000026,
              -26.477018942999962
            ],
            [
              27.854752957000073,
              -26.477079359999948
            ],
            [
              27.854910199000074,
              -26.477272726999956
            ],
            [
              27.855078066000033,
              -26.477512132999948
            ],
            [
              27.85530755700006,
              -26.477866284999948
            ],
            [
              27.85547684200003,
              -26.47813614699993
            ],
            [
              27.855233000000055,
              -26.478185999999937
            ],
            [
              27.85532100000006,
              -26.47845899999993
            ],
            [
              27.855337294000037,
              -26.478556054999956
            ],
            [
              27.855379000000028,
              -26.478794999999934
            ],
            [
              27.855382958000064,
              -26.478865722999956
            ],
            [
              27.855383282000048,
              -26.47890552399997
            ],
            [
              27.855386000000067,
              -26.47923899999995
            ],
            [
              27.855390000000057,
              -26.47968099999997
            ],
            [
              27.85539300000005,
              -26.480005999999946
            ],
            [
              27.85539700000004,
              -26.480483999999933
            ],
            [
              27.855397478000043,
              -26.480527001999974
            ],
            [
              27.855398000000037,
              -26.480573999999933
            ],
            [
              27.85540000000003,
              -26.480808999999965
            ],
            [
              27.85540276900008,
              -26.481156682999938
            ],
            [
              27.855404462000024,
              -26.481321544999957
            ],
            [
              27.855406851000055,
              -26.481554053999957
            ],
            [
              27.855319156000064,
              -26.481555998999966
            ],
            [
              27.85531721600006,
              -26.48248452799993
            ],
            [
              27.855332755000063,
              -26.48248452799993
            ],
            [
              27.855332755000063,
              -26.482659353999964
            ],
            [
              27.855346353000073,
              -26.482803100999945
            ],
            [
              27.855348295000056,
              -26.483088651999935
            ],
            [
              27.855270594000046,
              -26.483092536999948
            ],
            [
              27.85526123300008,
              -26.483553128999972
            ],
            [
              27.85542491800004,
              -26.483551405999947
            ],
            [
              27.855425000000025,
              -26.483560999999952
            ],
            [
              27.855427605000045,
              -26.483883986999956
            ],
            [
              27.855429000000072,
              -26.48405699999995
            ],
            [
              27.855432000000064,
              -26.48443599999996
            ],
            [
              27.85543700000005,
              -26.48496799999998
            ],
            [
              27.85543800000005,
              -26.48510799999997
            ],
            [
              27.855443000000037,
              -26.48550199999994
            ],
            [
              27.855443450000053,
              -26.485542516999942
            ],
            [
              27.855444000000034,
              -26.48559199999994
            ],
            [
              27.855447000000026,
              -26.485979999999984
            ],
            [
              27.855451000000073,
              -26.48633499999994
            ],
            [
              27.85564904100005,
              -26.486322530999928
            ],
            [
              27.855872000000033,
              -26.486309999999946
            ],
            [
              27.855996083000036,
              -26.486302731999956
            ],
            [
              27.856111000000055,
              -26.48629599999998
            ],
            [
              27.85643600000003,
              -26.486275999999975
            ],
            [
              27.856580000000065,
              -26.48626699999994
            ],
            [
              27.85671515000007,
              -26.486258692999968
            ],
            [
              27.857071000000076,
              -26.486237999999958
            ],
            [
              27.857252000000074,
              -26.48622699999993
            ],
            [
              27.857353000000046,
              -26.486220999999944
            ],
            [
              27.858236000000034,
              -26.486166999999966
            ],
            [
              27.85970400000008,
              -26.48607999999996
            ],
            [
              27.859729877000063,
              -26.48607859899994
            ],
            [
              27.860173029000066,
              -26.48605460699997
            ],
            [
              27.860186000000056,
              -26.48605390499995
            ],
            [
              27.860199143000045,
              -26.486053192999975
            ],
            [
              27.86031973400003,
              -26.486099016999958
            ],
            [
              27.86061466600006,
              -26.48609693999998
            ],
            [
              27.860693593000065,
              -26.486088631999962
            ],
            [
              27.86083898100003,
              -26.486088631999962
            ],
            [
              27.860878444000036,
              -26.486078246999966
            ],
            [
              27.860940753000023,
              -26.486078246999966
            ],
            [
              27.861154683000052,
              -26.486069938999947
            ],
            [
              27.86127930200007,
              -26.48605955399995
            ],
            [
              27.861320842000055,
              -26.48605539999994
            ],
            [
              27.86139145900006,
              -26.48604709199998
            ],
            [
              27.861478693000038,
              -26.48604709199998
            ],
            [
              27.861582542000065,
              -26.48604293799997
            ],
            [
              27.861659391000046,
              -26.48604709199998
            ],
            [
              27.86189236000007,
              -26.48604351399996
            ],
            [
              27.861977285000023,
              -26.486073053999974
            ],
            [
              27.862043749000065,
              -26.486069361999967
            ],
            [
              27.862158214000033,
              -26.48604351399996
            ],
            [
              27.862294834000068,
              -26.486028744999942
            ],
            [
              27.86230686400006,
              -26.48602319899993
            ],
            [
              27.86240563100006,
              -26.485977670999944
            ],
            [
              27.86300204300005,
              -26.485953991999963
            ],
            [
              27.863811204000058,
              -26.485921865999956
            ],
            [
              27.86392584200007,
              -26.485912588999952
            ],
            [
              27.864115236000032,
              -26.485909470999957
            ],
            [
              27.86415026700007,
              -26.485921146999942
            ],
            [
              27.864187896000033,
              -26.48593023099994
            ],
            [
              27.864216440000064,
              -26.485941907999972
            ],
            [
              27.864243688000045,
              -26.48593152799998
            ],
            [
              27.864274828000077,
              -26.48594061199998
            ],
            [
              27.864296885000044,
              -26.48595099099998
            ],
            [
              27.864355273000058,
              -26.48594839599997
            ],
            [
              27.864473115000067,
              -26.48593799799994
            ],
            [
              27.864531733000035,
              -26.485932825999953
            ],
            [
              27.864826266000023,
              -26.485908172999928
            ],
            [
              27.864949529000057,
              -26.485906875999945
            ],
            [
              27.865074089000075,
              -26.485901685999977
            ],
            [
              27.865067601000078,
              -26.485834215999944
            ],
            [
              27.865565842000024,
              -26.485809562999975
            ],
            [
              27.86567093900004,
              -26.485797885999943
            ],
            [
              27.865777335000075,
              -26.48579399299996
            ],
            [
              27.86590578700003,
              -26.485788801999945
            ],
            [
              27.865904490000048,
              -26.48582253799998
            ],
            [
              27.866027751000047,
              -26.485818645999927
            ],
            [
              27.866153610000026,
              -26.485817346999966
            ],
            [
              27.866208105000055,
              -26.485817346999966
            ],
            [
              27.866270385000064,
              -26.485809562999975
            ],
            [
              27.866263898000057,
              -26.485716142999934
            ],
            [
              27.866304120000052,
              -26.485710952999966
            ],
            [
              27.866376780000053,
              -26.48570706099997
            ],
            [
              27.866493556000023,
              -26.48570446499997
            ],
            [
              27.866540266000072,
              -26.48570446499997
            ],
            [
              27.866659636000065,
              -26.485716142999934
            ],
            [
              27.866837393000026,
              -26.48571484499996
            ],
            [
              27.86720199100006,
              -26.48568629999994
            ],
            [
              27.86735509600004,
              -26.485673324999937
            ],
            [
              27.867371655000056,
              -26.485620095999934
            ],
            [
              27.867411967000066,
              -26.485617711999964
            ],
            [
              27.867796000000055,
              -26.485594999999932
            ],
            [
              27.86807780500004,
              -26.48557730999994
            ],
            [
              27.868265541000028,
              -26.48557326899993
            ],
            [
              27.86823125600006,
              -26.48563871099998
            ],
            [
              27.86821337200007,
              -26.48567918899994
            ],
            [
              27.867941321000046,
              -26.486216698999954
            ],
            [
              27.86773422400006,
              -26.486686431999942
            ],
            [
              27.867455585000073,
              -26.48723806199996
            ],
            [
              27.86718918500003,
              -26.487784043999966
            ],
            [
              27.86699549800005,
              -26.48816696299997
            ],
            [
              27.866943492000075,
              -26.48826977999994
            ],
            [
              27.86672321700007,
              -26.48872821699996
            ],
            [
              27.866527416000054,
              -26.48913676099994
            ],
            [
              27.86627607500003,
              -26.48966485799997
            ],
            [
              27.866255765000062,
              -26.489705778999962
            ],
            [
              27.866020029000026,
              -26.490180717999976
            ],
            [
              27.86599097800007,
              -26.490240823999955
            ],
            [
              27.86577433700006,
              -26.490689044999954
            ],
            [
              27.86556703900004,
              -26.491090380999935
            ],
            [
              27.865494756000032,
              -26.491230320999932
            ],
            [
              27.865231179000034,
              -26.491768772999933
            ],
            [
              27.864936537000062,
              -26.492363704999946
            ],
            [
              27.86488444500003,
              -26.49246815999993
            ],
            [
              27.864754856000047,
              -26.492728006999982
            ],
            [
              27.86485300000004,
              -26.492749999999944
            ],
            [
              27.86515000000003,
              -26.492808999999966
            ],
            [
              27.865826000000027,
              -26.49294199999997
            ],
            [
              27.866459000000077,
              -26.493067999999937
            ],
            [
              27.867202000000077,
              -26.493214999999964
            ],
            [
              27.86739725500007,
              -26.493253660999983
            ],
            [
              27.867803000000038,
              -26.493333999999948
            ],
            [
              27.867809091000026,
              -26.493335186999957
            ],
            [
              27.868547000000035,
              -26.49347899999998
            ],
            [
              27.86926600000004,
              -26.493620999999962
            ],
            [
              27.869386000000077,
              -26.493644999999958
            ],
            [
              27.869455000000073,
              -26.493659999999977
            ],
            [
              27.869890000000055,
              -26.493743999999936
            ],
            [
              27.870533000000023,
              -26.49387299999995
            ],
            [
              27.871170000000063,
              -26.49399699999998
            ],
            [
              27.871292020000055,
              -26.494021076999957
            ],
            [
              27.871633260000067,
              -26.49408841099995
            ],
            [
              27.871821000000068,
              -26.494125999999937
            ],
            [
              27.872257000000047,
              -26.494213999999943
            ],
            [
              27.872903000000065,
              -26.49434199999996
            ],
            [
              27.873170568000035,
              -26.494394717999967
            ],
            [
              27.873172000000068,
              -26.49439499999994
            ],
            [
              27.87320100000005,
              -26.49440199999998
            ],
            [
              27.873339955000063,
              -26.49443843699993
            ],
            [
              27.87338524000006,
              -26.494650536999927
            ],
            [
              27.873498605000066,
              -26.495164459999955
            ],
            [
              27.87359816700007,
              -26.495599426999945
            ],
            [
              27.87360761800005,
              -26.49564072399994
            ],
            [
              27.873613860000034,
              -26.49566798999996
            ],
            [
              27.87372722500004,
              -26.496150736999937
            ],
            [
              27.87383208700004,
              -26.496627815999943
            ],
            [
              27.873953955000047,
              -26.497171968999965
            ],
            [
              27.874070155000027,
              -26.49769533799997
            ],
            [
              27.874178314000062,
              -26.498195366999937
            ],
            [
              27.87418157600007,
              -26.498210447999952
            ],
            [
              27.874192968000045,
              -26.498263108999936
            ],
            [
              27.874242087000027,
              -26.498484343999962
            ],
            [
              27.874247596000032,
              -26.49850915899998
            ],
            [
              27.874314835000064,
              -26.498811985999964
            ],
            [
              27.87444048100008,
              -26.499363695999932
            ],
            [
              27.874565183000072,
              -26.499896511999964
            ],
            [
              27.874658535000037,
              -26.50031036699994
            ],
            [
              27.87488579500007,
              -26.501338845999953
            ],
            [
              27.874963148000063,
              -26.501688913999942
            ],
            [
              27.875095000000044,
              -26.501728999999955
            ],
            [
              27.87534800000003,
              -26.501810999999975
            ],
            [
              27.87555800000007,
              -26.501878999999974
            ],
            [
              27.87567000000007,
              -26.50191499999994
            ],
            [
              27.875782000000072,
              -26.50195199999996
            ],
            [
              27.876119000000074,
              -26.50206099999997
            ],
            [
              27.87626400000005,
              -26.502107999999964
            ],
            [
              27.876529000000062,
              -26.502194999999972
            ],
            [
              27.87705900000003,
              -26.502365999999938
            ],
            [
              27.877620000000036,
              -26.502547999999933
            ],
            [
              27.87775835900004,
              -26.502593137999952
            ],
            [
              27.877950000000055,
              -26.502654999999947
            ],
            [
              27.878298229000052,
              -26.502768180999965
            ],
            [
              27.87881200000004,
              -26.50293499999998
            ],
            [
              27.879001000000073,
              -26.50299599999994
            ],
            [
              27.879236823000042,
              -26.503072663999944
            ],
            [
              27.879238961000055,
              -26.503073357999938
            ],
            [
              27.87928400000004,
              -26.503087999999934
            ],
            [
              27.879662000000053,
              -26.503210999999965
            ],
            [
              27.87978400000003,
              -26.503250999999977
            ],
            [
              27.88016200000004,
              -26.503372999999954
            ],
            [
              27.880249434000064,
              -26.503401218999954
            ],
            [
              27.88024968800005,
              -26.50340130099994
            ],
            [
              27.880351000000076,
              -26.50343399999997
            ],
            [
              27.88126200000005,
              -26.503729999999962
            ],
            [
              27.88182100000006,
              -26.50391099999996
            ],
            [
              27.88218816400007,
              -26.504029917999958
            ],
            [
              27.88267470900007,
              -26.504187500999933
            ],
            [
              27.882738000000074,
              -26.50420799999995
            ],
            [
              27.883074135000072,
              -26.504317669999978
            ],
            [
              27.88316154200004,
              -26.504346188999932
            ],
            [
              27.883109398000045,
              -26.50447878199998
            ],
            [
              27.88328708000006,
              -26.504544334999935
            ],
            [
              27.88339183000005,
              -26.504514146999952
            ],
            [
              27.883545613000024,
              -26.50446982699998
            ],
            [
              27.883891779000066,
              -26.504370062999953
            ],
            [
              27.884698041000036,
              -26.504132803999937
            ],
            [
              27.88471063800006,
              -26.504164298999967
            ],
            [
              27.88474423300005,
              -26.50426508199996
            ],
            [
              27.884788326000034,
              -26.504304975999958
            ],
            [
              27.884893308000073,
              -26.50434066899993
            ],
            [
              27.884931102000053,
              -26.50481728799997
            ],
            [
              27.884819634000053,
              -26.504882575999943
            ],
            [
              27.885031432000062,
              -26.50495032799995
            ],
            [
              27.88578033400006,
              -26.505189894999944
            ],
            [
              27.885837555000023,
              -26.505065917999957
            ],
            [
              27.886119843000074,
              -26.50444030799997
            ],
            [
              27.88550507900004,
              -26.50219822799994
            ],
            [
              27.88490050200005,
              -26.49999330399993
            ],
            [
              27.88482284500003,
              -26.499710082999968
            ],
            [
              27.88353459700005,
              -26.495020113999942
            ],
            [
              27.882970811000064,
              -26.492967604999933
            ],
            [
              27.88255119400003,
              -26.491437910999935
            ],
            [
              27.88246350600008,
              -26.491119046999984
            ],
            [
              27.88208961500004,
              -26.489759444999947
            ],
            [
              27.88205909800007,
              -26.489629744999945
            ],
            [
              27.882020951000072,
              -26.48949050899995
            ],
            [
              27.881969452000078,
              -26.489360808999947
            ],
            [
              27.881929398000068,
              -26.489229201999933
            ],
            [
              27.881830216000026,
              -26.48896980199993
            ],
            [
              27.881780625000033,
              -26.488849639999955
            ],
            [
              27.881727219000027,
              -26.488737105999974
            ],
            [
              27.881660461000024,
              -26.48859023999995
            ],
            [
              27.881599426000037,
              -26.48847007699993
            ],
            [
              27.88154029900005,
              -26.48834037699993
            ],
            [
              27.88148762800006,
              -26.488236680999933
            ],
            [
              27.881479264000063,
              -26.488220214999956
            ],
            [
              27.88126945600004,
              -26.487859724999964
            ],
            [
              27.88118934700003,
              -26.487739562999934
            ],
            [
              27.881120682000073,
              -26.487619398999982
            ],
            [
              27.881040574000053,
              -26.487499236999952
            ],
            [
              27.880960465000044,
              -26.487390517999984
            ],
            [
              27.88087081900005,
              -26.487270354999964
            ],
            [
              27.880790710000042,
              -26.487159728999927
            ],
            [
              27.880609513000024,
              -26.486940382999933
            ],
            [
              27.880500793000067,
              -26.486810683999977
            ],
            [
              27.879896317000032,
              -26.486116826999933
            ],
            [
              27.878292762000058,
              -26.484276164999983
            ],
            [
              27.878269196000076,
              -26.484249114999955
            ],
            [
              27.875817122000058,
              -26.48141757099995
            ],
            [
              27.87536049000005,
              -26.480890272999943
            ],
            [
              27.875274658000023,
              -26.48080062899993
            ],
            [
              27.874980927000024,
              -26.48050498899994
            ],
            [
              27.874919891000047,
              -26.480455397999947
            ],
            [
              27.87486076400006,
              -26.48040008499993
            ],
            [
              27.874820709000062,
              -26.48037910399995
            ],
            [
              27.874790192000034,
              -26.48035430899995
            ],
            [
              27.874719620000064,
              -26.480295180999974
            ],
            [
              27.874689103000037,
              -26.480270385999972
            ],
            [
              27.874649048000038,
              -26.48024558999998
            ],
            [
              27.874519348000035,
              -26.480159759999935
            ],
            [
              27.873800278000033,
              -26.479650496999966
            ],
            [
              27.87364006100006,
              -26.47953987099993
            ],
            [
              27.873573666000027,
              -26.47949179099993
            ],
            [
              27.873529435000023,
              -26.479459761999976
            ],
            [
              27.873279572000058,
              -26.479290008999953
            ],
            [
              27.872539520000032,
              -26.478769301999932
            ],
            [
              27.872480393000046,
              -26.47865486099994
            ],
            [
              27.87245941200007,
              -26.47860908399997
            ],
            [
              27.87236339900005,
              -26.47851307199994
            ],
            [
              27.872289658000057,
              -26.478439330999947
            ],
            [
              27.872245789000033,
              -26.478391646999967
            ],
            [
              27.872049332000074,
              -26.478179931999932
            ],
            [
              27.87128459400003,
              -26.47669134399996
            ],
            [
              27.87072944700003,
              -26.47561073199995
            ],
            [
              27.87065874800004,
              -26.47520762599993
            ],
            [
              27.870620728000063,
              -26.47499084499998
            ],
            [
              27.870679856000038,
              -26.474100111999974
            ],
            [
              27.870780945000035,
              -26.472799300999952
            ],
            [
              27.870780945000035,
              -26.472740172999977
            ],
            [
              27.87076950100004,
              -26.47270965599995
            ],
            [
              27.870750427000075,
              -26.472759246999942
            ],
            [
              27.870590210000046,
              -26.470539092999957
            ],
            [
              27.870429536000074,
              -26.46801342899994
            ],
            [
              27.870420457000023,
              -26.46787071199998
            ],
            [
              27.87034832200004,
              -26.466779520999978
            ],
            [
              27.87015315900004,
              -26.463827291999962
            ],
            [
              27.869947267000043,
              -26.460712781999973
            ],
            [
              27.869939805000058,
              -26.46059989899993
            ],
            [
              27.869869232000042,
              -26.459550856999954
            ],
            [
              27.869830275000027,
              -26.45895102099996
            ],
            [
              27.869720459000064,
              -26.45726013199993
            ],
            [
              27.869720459000064,
              -26.45722007699993
            ],
            [
              27.86971578200007,
              -26.45716224399996
            ],
            [
              27.869699479000076,
              -26.456960676999984
            ],
            [
              27.869674683000028,
              -26.456594466999945
            ],
            [
              27.869668019000073,
              -26.456491179999944
            ],
            [
              27.869667053000057,
              -26.456476210999938
            ],
            [
              27.869539261000057,
              -26.454620360999968
            ],
            [
              27.86947059700003,
              -26.45332908599994
            ],
            [
              27.869649888000026,
              -26.454210280999973
            ],
            [
              27.869840623000073,
              -26.45422935399995
            ],
            [
              27.869760514000063,
              -26.45289039599993
            ],
            [
              27.869720459000064,
              -26.452249525999946
            ],
            [
              27.869699479000076,
              -26.452119826999933
            ],
            [
              27.869695664000062,
              -26.452018737999936
            ],
            [
              27.869649888000026,
              -26.450839995999956
            ],
            [
              27.869579315000067,
              -26.44916915899995
            ],
            [
              27.869579315000067,
              -26.449100493999936
            ],
            [
              27.869569779000074,
              -26.448799132999966
            ],
            [
              27.869480133000025,
              -26.446590423999965
            ],
            [
              27.869075775000056,
              -26.44480133099995
            ],
            [
              27.86902390700004,
              -26.444509091999976
            ],
            [
              27.868178899000043,
              -26.440681826999935
            ],
            [
              27.86729352800006,
              -26.436335459999952
            ],
            [
              27.866971575000036,
              -26.434627318999958
            ],
            [
              27.866792712000063,
              -26.434054957999933
            ],
            [
              27.866488798000034,
              -26.433421046999968
            ],
            [
              27.866448123000055,
              -26.433458061999943
            ],
            [
              27.866419330000042,
              -26.433484260999933
            ],
            [
              27.865831384000046,
              -26.434019280999962
            ],
            [
              27.865302393000036,
              -26.43450065299993
            ],
            [
              27.863297118000048,
              -26.436154509999938
            ],
            [
              27.860562324000057,
              -26.438356071999976
            ],
            [
              27.859036755000034,
              -26.439584184999944
            ],
            [
              27.85466093100007,
              -26.443088775999968
            ],
            [
              27.853781737000077,
              -26.443792920999954
            ],
            [
              27.849980403000075,
              -26.446950640999944
            ],
            [
              27.84818942700008,
              -26.44843838299994
            ],
            [
              27.846926693000057,
              -26.44966313799995
            ]
          ]
        ]
      }
    },
    {
      "type": "Feature",
      "properties": {
        "id": "ivory-park",
        "name": "Ivory Park",
        "labelPriority": "secondary",
        "selectionBasis": "census-main-place",
        "subPlaceCount": 9
      },
      "geometry": {
        "type": "Polygon",
        "coordinates": [
          [
            [
              28.17183491700007,
              -26.008175623999932
            ],
            [
              28.171969783000065,
              -26.008292154999936
            ],
            [
              28.17240874500004,
              -26.00893817499997
            ],
            [
              28.172552094000025,
              -26.00914913899993
            ],
            [
              28.173258540000063,
              -26.010269595999944
            ],
            [
              28.174282181000024,
              -26.011893137999948
            ],
            [
              28.17446158200005,
              -26.012177676999954
            ],
            [
              28.17491429200004,
              -26.01289569599993
            ],
            [
              28.175256282000078,
              -26.013444232999973
            ],
            [
              28.176004291000027,
              -26.014644009999984
            ],
            [
              28.17600340100006,
              -26.014685781999958
            ],
            [
              28.17600191300005,
              -26.014721496999982
            ],
            [
              28.176001752000047,
              -26.01472535299996
            ],
            [
              28.17599351000007,
              -26.01476327299997
            ],
            [
              28.175978669000074,
              -26.014791301999935
            ],
            [
              28.17619630200005,
              -26.01512764199998
            ],
            [
              28.176801385000033,
              -26.016072362999978
            ],
            [
              28.177185619000056,
              -26.01667019699994
            ],
            [
              28.177317437000056,
              -26.01687529299994
            ],
            [
              28.177846678000037,
              -26.017706251999982
            ],
            [
              28.178514413000073,
              -26.018744949999927
            ],
            [
              28.178585272000078,
              -26.018855301999963
            ],
            [
              28.179032113000062,
              -26.019551177999972
            ],
            [
              28.179271179000068,
              -26.019917194999948
            ],
            [
              28.17980797900003,
              -26.020771898999953
            ],
            [
              28.179855347000057,
              -26.020847320999962
            ],
            [
              28.180669785000077,
              -26.02021980199993
            ],
            [
              28.180969238000046,
              -26.01999091999994
            ],
            [
              28.181049347000055,
              -26.019859313999973
            ],
            [
              28.181470872000034,
              -26.01960945099995
            ],
            [
              28.181504838000023,
              -26.01958055399996
            ],
            [
              28.182146782000075,
              -26.019034396999928
            ],
            [
              28.182199479000076,
              -26.018989562999934
            ],
            [
              28.182809830000053,
              -26.018520354999964
            ],
            [
              28.182835544000056,
              -26.018501045999983
            ],
            [
              28.183330536000028,
              -26.018129347999945
            ],
            [
              28.18420982400005,
              -26.017459868999936
            ],
            [
              28.184230804000038,
              -26.01744079599996
            ],
            [
              28.184274559000073,
              -26.01740762299994
            ],
            [
              28.184326058000067,
              -26.01736857999998
            ],
            [
              28.18464088500008,
              -26.01712989699996
            ],
            [
              28.186040879000075,
              -26.01606941199998
            ],
            [
              28.18605995200005,
              -26.016050337999957
            ],
            [
              28.18637085000006,
              -26.01580047599998
            ],
            [
              28.18641853400004,
              -26.01576614399994
            ],
            [
              28.186420317000056,
              -26.01576494099993
            ],
            [
              28.186448962000043,
              -26.01574562199994
            ],
            [
              28.186500549000073,
              -26.015710829999932
            ],
            [
              28.186889648000033,
              -26.015420912999957
            ],
            [
              28.186979294000025,
              -26.015350341999977
            ],
            [
              28.189699174000054,
              -26.01335906999998
            ],
            [
              28.189799143000073,
              -26.01328242699998
            ],
            [
              28.18981361500005,
              -26.01327133199993
            ],
            [
              28.189929962000065,
              -26.013179778999984
            ],
            [
              28.190188140000032,
              -26.012983693999956
            ],
            [
              28.19136802500003,
              -26.012087578999967
            ],
            [
              28.192792893000046,
              -26.011005401999967
            ],
            [
              28.19280617000004,
              -26.01099531699998
            ],
            [
              28.193734188000064,
              -26.01029043799997
            ],
            [
              28.194839478000063,
              -26.009450911999977
            ],
            [
              28.19510880100006,
              -26.009247235999965
            ],
            [
              28.19511437700004,
              -26.00924301899994
            ],
            [
              28.195144653000057,
              -26.009220122999977
            ],
            [
              28.19528389000004,
              -26.009115218999966
            ],
            [
              28.196319121000045,
              -26.008327855999937
            ],
            [
              28.197947529000032,
              -26.00708934399995
            ],
            [
              28.198847225000065,
              -26.006405064999967
            ],
            [
              28.198876030000065,
              -26.00638315699996
            ],
            [
              28.20015228500006,
              -26.00541248099995
            ],
            [
              28.20016147700005,
              -26.00540548899994
            ],
            [
              28.200606637000078,
              -26.00506691399994
            ],
            [
              28.202961903000073,
              -26.003275576999954
            ],
            [
              28.203361511000026,
              -26.00297164899996
            ],
            [
              28.203385464000064,
              -26.00295342299995
            ],
            [
              28.203891301000056,
              -26.002568534999966
            ],
            [
              28.204381996000052,
              -26.002195166999968
            ],
            [
              28.204980851000073,
              -26.001739501999964
            ],
            [
              28.205729674000054,
              -26.001166164999972
            ],
            [
              28.205755587000056,
              -26.001146323999933
            ],
            [
              28.205755691000036,
              -26.001146243999983
            ],
            [
              28.20580747500003,
              -26.001106595999943
            ],
            [
              28.206169128000056,
              -26.000829695999983
            ],
            [
              28.206838314000038,
              -26.000323254999955
            ],
            [
              28.207209786000078,
              -26.000042123999947
            ],
            [
              28.207290649000072,
              -25.999980926999967
            ],
            [
              28.20737648100004,
              -25.99990272499997
            ],
            [
              28.207386555000028,
              -25.999892805999934
            ],
            [
              28.20741115000004,
              -25.99986858899996
            ],
            [
              28.207500458000027,
              -25.99978065399995
            ],
            [
              28.208009720000064,
              -25.99939918499996
            ],
            [
              28.20822906500007,
              -25.999259948999963
            ],
            [
              28.20862007200003,
              -25.998929976999932
            ],
            [
              28.208959580000055,
              -25.998670576999928
            ],
            [
              28.20924949700003,
              -25.998460768999962
            ],
            [
              28.209510803000057,
              -25.998249053999928
            ],
            [
              28.209690094000052,
              -25.998119353999982
            ],
            [
              28.210060120000037,
              -25.997840880999945
            ],
            [
              28.210275081000077,
              -25.997673688999953
            ],
            [
              28.210369110000045,
              -25.997600554999963
            ],
            [
              28.21055030900004,
              -25.997459411999955
            ],
            [
              28.210763349000047,
              -25.997301405999963
            ],
            [
              28.21077919100003,
              -25.997289656999953
            ],
            [
              28.21105957000003,
              -25.99707984899993
            ],
            [
              28.211229325000033,
              -25.99695014899993
            ],
            [
              28.211309434000043,
              -25.996879577999948
            ],
            [
              28.211399078000056,
              -25.996820448999983
            ],
            [
              28.21157074000007,
              -25.99669074999997
            ],
            [
              28.211669922000056,
              -25.99661064099996
            ],
            [
              28.21176910400004,
              -25.99654006999998
            ],
            [
              28.211879730000078,
              -25.99645996099997
            ],
            [
              28.211980820000065,
              -25.99637985199996
            ],
            [
              28.21216011100006,
              -25.996240614999977
            ],
            [
              28.212289811000062,
              -25.99613952599998
            ],
            [
              28.212469102000057,
              -25.996009826999966
            ],
            [
              28.21256065400007,
              -25.99593925399995
            ],
            [
              28.212770463000027,
              -25.99578094499998
            ],
            [
              28.212827683000057,
              -25.995737074999965
            ],
            [
              28.21283417500007,
              -25.99573202499994
            ],
            [
              28.212844972000028,
              -25.99572362799995
            ],
            [
              28.21286201500004,
              -25.995710371999962
            ],
            [
              28.212930680000056,
              -25.99566078099997
            ],
            [
              28.21352958700004,
              -25.99519920299997
            ],
            [
              28.213590623000073,
              -25.995050429999935
            ],
            [
              28.21381950400007,
              -25.994869231999928
            ],
            [
              28.214460374000055,
              -25.99452972399996
            ],
            [
              28.214245234000032,
              -25.99339001499993
            ],
            [
              28.213998795000066,
              -25.992084502999944
            ],
            [
              28.213980148000076,
              -25.991986405999967
            ],
            [
              28.213972400000046,
              -25.991945646999966
            ],
            [
              28.213911057000075,
              -25.991622924999945
            ],
            [
              28.21374895400004,
              -25.99076336099995
            ],
            [
              28.21353912400008,
              -25.98965072599998
            ],
            [
              28.213449479000076,
              -25.989309309999953
            ],
            [
              28.21341583800006,
              -25.989055832999952
            ],
            [
              28.21340321200006,
              -25.988960695999936
            ],
            [
              28.213367462000065,
              -25.98869132899995
            ],
            [
              28.21336739700007,
              -25.988690989999952
            ],
            [
              28.213331434000054,
              -25.988501922999944
            ],
            [
              28.21304224000005,
              -25.98698156499995
            ],
            [
              28.21301482900003,
              -25.986837460999936
            ],
            [
              28.212974470000063,
              -25.986625282999967
            ],
            [
              28.212882386000047,
              -25.986141179999947
            ],
            [
              28.212871162000056,
              -25.986082172999943
            ],
            [
              28.212737439000023,
              -25.98537915999998
            ],
            [
              28.212640763000024,
              -25.984870910999973
            ],
            [
              28.212610245000064,
              -25.984735487999956
            ],
            [
              28.212600708000025,
              -25.984680175999983
            ],
            [
              28.212597041000038,
              -25.98466025299996
            ],
            [
              28.21259702800006,
              -25.98466018199997
            ],
            [
              28.21251953500007,
              -25.984239104999972
            ],
            [
              28.21227533900003,
              -25.98291220899995
            ],
            [
              28.212204186000065,
              -25.982525580999948
            ],
            [
              28.21197378200003,
              -25.981273629999976
            ],
            [
              28.21196746800007,
              -25.98123931899994
            ],
            [
              28.211961003000056,
              -25.981204145999982
            ],
            [
              28.211960351000073,
              -25.98120060399998
            ],
            [
              28.211919785000077,
              -25.980979918999935
            ],
            [
              28.211521149000077,
              -25.978918074999967
            ],
            [
              28.211347510000053,
              -25.978923933999965
            ],
            [
              28.21106079300006,
              -25.978933608999967
            ],
            [
              28.21089935300006,
              -25.978939055999945
            ],
            [
              28.210769653000057,
              -25.97891998299997
            ],
            [
              28.210639954000044,
              -25.97891044599993
            ],
            [
              28.21051025400004,
              -25.97887992799997
            ],
            [
              28.21038055400004,
              -25.978860853999947
            ],
            [
              28.210260392000066,
              -25.978830336999977
            ],
            [
              28.210130692000064,
              -25.97879981899996
            ],
            [
              28.210010529000044,
              -25.978769301999932
            ],
            [
              28.209880829000042,
              -25.97872924799998
            ],
            [
              28.20976066700007,
              -25.978700636999974
            ],
            [
              28.20964050300006,
              -25.978660582999964
            ],
            [
              28.209510803000057,
              -25.978620528999954
            ],
            [
              28.209390641000027,
              -25.978590010999937
            ],
            [
              28.209270477000075,
              -25.978549956999927
            ],
            [
              28.209140778000062,
              -25.978519439999957
            ],
            [
              28.20913052000003,
              -25.97851469999995
            ],
            [
              28.209126274000027,
              -25.97851273799995
            ],
            [
              28.208839417000036,
              -25.978380202999972
            ],
            [
              28.20858955400007,
              -25.978260039999952
            ],
            [
              28.208480835000046,
              -25.978200911999977
            ],
            [
              28.208360673000072,
              -25.978149413999972
            ],
            [
              28.208250046000046,
              -25.97809982299998
            ],
            [
              28.208129883000026,
              -25.978040694999947
            ],
            [
              28.208019257000046,
              -25.977989196999943
            ],
            [
              28.207899094000027,
              -25.97793960599995
            ],
            [
              28.207780839000065,
              -25.97788047699993
            ],
            [
              28.20767021200004,
              -25.977830885999936
            ],
            [
              28.207550049000076,
              -25.977769850999948
            ],
            [
              28.20743942300004,
              -25.977720259999955
            ],
            [
              28.207319260000077,
              -25.977670668999963
            ],
            [
              28.20721054100005,
              -25.977609633999975
            ],
            [
              28.207090378000032,
              -25.977560042999983
            ],
            [
              28.206979752000052,
              -25.97750091599994
            ],
            [
              28.20697581400003,
              -25.977499249999937
            ],
            [
              28.20696027200006,
              -25.97749267399996
            ],
            [
              28.20693016100006,
              -25.977479933999973
            ],
            [
              28.206876899000065,
              -25.97745731599997
            ],
            [
              28.206790924000074,
              -25.97742080699993
            ],
            [
              28.20657920900004,
              -25.977319716999943
            ],
            [
              28.206137485000056,
              -25.977161063999972
            ],
            [
              28.205299377000074,
              -25.976860045999956
            ],
            [
              28.205290320000074,
              -25.97685803099995
            ],
            [
              28.20485332900006,
              -25.976760802999934
            ],
            [
              28.20295906100006,
              -25.97633933999998
            ],
            [
              28.20244109500004,
              -25.976190489999965
            ],
            [
              28.20181083700004,
              -25.97600936899994
            ],
            [
              28.201089860000025,
              -25.975679396999965
            ],
            [
              28.200446086000056,
              -25.97555215699998
            ],
            [
              28.20027923600003,
              -25.975519179999935
            ],
            [
              28.199853787000052,
              -25.975448522999955
            ],
            [
              28.199739457000078,
              -25.975429534999932
            ],
            [
              28.19906997700008,
              -25.975330352999947
            ],
            [
              28.198945568000056,
              -25.975270164999984
            ],
            [
              28.198943030000066,
              -25.975268936999953
            ],
            [
              28.19893801300003,
              -25.975266509999983
            ],
            [
              28.197540283000023,
              -25.974590301999967
            ],
            [
              28.19746017500006,
              -25.974859236999976
            ],
            [
              28.196891785000048,
              -25.976762770999983
            ],
            [
              28.19565582300004,
              -25.980901717999927
            ],
            [
              28.19556403100006,
              -25.981206854999982
            ],
            [
              28.194538116000047,
              -25.984617232999938
            ],
            [
              28.194452286000057,
              -25.984899519999942
            ],
            [
              28.19330024800007,
              -25.984670637999955
            ],
            [
              28.193061829000044,
              -25.984621046999962
            ],
            [
              28.192943127000035,
              -25.985136970999974
            ],
            [
              28.192940916000055,
              -25.98514658099998
            ],
            [
              28.192882671000064,
              -25.985399738999945
            ],
            [
              28.19235093800006,
              -25.986832462999928
            ],
            [
              28.191799230000072,
              -25.98822194899998
            ],
            [
              28.191553339000052,
              -25.988841229999935
            ],
            [
              28.191164401000037,
              -25.98968011599993
            ],
            [
              28.191160498000045,
              -25.98968853399998
            ],
            [
              28.190890181000043,
              -25.990271570999937
            ],
            [
              28.19085749000004,
              -25.990342082999973
            ],
            [
              28.190800051000053,
              -25.990465969999946
            ],
            [
              28.19015613600004,
              -25.99164647899994
            ],
            [
              28.18991383100007,
              -25.992090708999967
            ],
            [
              28.189337786000067,
              -25.993109862999972
            ],
            [
              28.18902340900007,
              -25.993578012999933
            ],
            [
              28.18898806800007,
              -25.993630639999935
            ],
            [
              28.188251283000056,
              -25.994727808999983
            ],
            [
              28.18805243500003,
              -25.995023919999937
            ],
            [
              28.18797891400004,
              -25.995133401999965
            ],
            [
              28.187482990000035,
              -25.99577428999993
            ],
            [
              28.187018842000043,
              -25.996374112999945
            ],
            [
              28.186570682000024,
              -25.996927034999942
            ],
            [
              28.185881523000035,
              -25.997777294999935
            ],
            [
              28.18584181600005,
              -25.997821294999937
            ],
            [
              28.184367975000043,
              -25.999454469999932
            ],
            [
              28.184242014000063,
              -25.99959404899994
            ],
            [
              28.182967549000068,
              -26.000795686999936
            ],
            [
              28.18280537000004,
              -26.00094859899997
            ],
            [
              28.182691127000055,
              -26.001056312999935
            ],
            [
              28.18112547000004,
              -26.002385644999947
            ],
            [
              28.181103136000047,
              -26.002402637999978
            ],
            [
              28.17908716100004,
              -26.003936531999955
            ],
            [
              28.178926361000038,
              -26.00404329299994
            ],
            [
              28.177340970000046,
              -26.00509588899996
            ],
            [
              28.177285178000034,
              -26.005132930999935
            ],
            [
              28.176118849000034,
              -26.005827486999976
            ],
            [
              28.17610784900006,
              -26.005834036999943
            ],
            [
              28.17597061600003,
              -26.005915759999937
            ],
            [
              28.174795131000053,
              -26.006587465999928
            ],
            [
              28.173902767000072,
              -26.007097387999977
            ],
            [
              28.173574338000037,
              -26.00726863999995
            ],
            [
              28.17233405500008,
              -26.00791535899998
            ],
            [
              28.17183491700007,
              -26.008175623999932
            ]
          ]
        ]
      }
    },
    {
      "type": "Feature",
      "properties": {
        "id": "kaalfontein",
        "name": "Kaalfontein",
        "labelPriority": "secondary",
        "selectionBasis": "census-main-place",
        "subPlaceCount": 17
      },
      "geometry": {
        "type": "Polygon",
        "coordinates": [
          [
            [
              28.15739304400006,
              -25.985818180999956
            ],
            [
              28.158343932000037,
              -25.987218532999975
            ],
            [
              28.15868075800006,
              -25.987750933999962
            ],
            [
              28.159691233000046,
              -25.98934542099994
            ],
            [
              28.160660963000055,
              -25.990790508999964
            ],
            [
              28.16135906100004,
              -25.99193136799994
            ],
            [
              28.162255450000032,
              -25.993379173999983
            ],
            [
              28.163306670000054,
              -25.994968227999948
            ],
            [
              28.163399156000025,
              -25.995123020999984
            ],
            [
              28.16382277300005,
              -25.995832020999956
            ],
            [
              28.16429232100006,
              -25.996545871999956
            ],
            [
              28.164558899000042,
              -25.996951148999983
            ],
            [
              28.165297354000074,
              -25.99809748299998
            ],
            [
              28.16530593300007,
              -25.998121457999957
            ],
            [
              28.166413783000053,
              -25.997957158999952
            ],
            [
              28.166614784000046,
              -25.997923362999927
            ],
            [
              28.16785280600004,
              -25.99774726399994
            ],
            [
              28.168119623000052,
              -25.997708131999957
            ],
            [
              28.168530614000076,
              -25.997647278999978
            ],
            [
              28.16968138200008,
              -25.997476891999952
            ],
            [
              28.17065705400006,
              -25.99733918499993
            ],
            [
              28.170854362000057,
              -25.99731133699993
            ],
            [
              28.170866042000057,
              -25.997309686999984
            ],
            [
              28.17130361900007,
              -25.99723675799993
            ],
            [
              28.17269639500006,
              -25.99702508499996
            ],
            [
              28.17274847500005,
              -25.997018388999948
            ],
            [
              28.172820909000052,
              -25.997009075999983
            ],
            [
              28.17305570700006,
              -25.996962827999937
            ],
            [
              28.17334038100006,
              -25.996943732999966
            ],
            [
              28.173347426000078,
              -25.996943259999966
            ],
            [
              28.174269996000078,
              -25.996797423999965
            ],
            [
              28.17432885000005,
              -25.996788120999952
            ],
            [
              28.174382668000078,
              -25.996779613999934
            ],
            [
              28.17468505900007,
              -25.996733364999955
            ],
            [
              28.175216313000078,
              -25.996660257999963
            ],
            [
              28.175266718000046,
              -25.99665332199993
            ],
            [
              28.175981782000065,
              -25.996546594999927
            ],
            [
              28.17705260100007,
              -25.996386505999965
            ],
            [
              28.17742970000006,
              -25.99633314299996
            ],
            [
              28.178354659000036,
              -25.996206850999954
            ],
            [
              28.17855564200005,
              -25.99616758899998
            ],
            [
              28.17873709500003,
              -25.996132141999965
            ],
            [
              28.179612250000048,
              -25.996000513999945
            ],
            [
              28.17989276000003,
              -25.995960311999966
            ],
            [
              28.18017078200006,
              -25.99592046899994
            ],
            [
              28.18129140700006,
              -25.99574970699996
            ],
            [
              28.181691631000035,
              -25.99569278599995
            ],
            [
              28.181859341000063,
              -25.995668509999973
            ],
            [
              28.18276067100004,
              -25.995538032999946
            ],
            [
              28.183125319000055,
              -25.99548644899994
            ],
            [
              28.18389374800006,
              -25.99537260699998
            ],
            [
              28.184116221000068,
              -25.99534773599993
            ],
            [
              28.18411627200004,
              -25.995347728999946
            ],
            [
              28.184180129000026,
              -25.995340589999955
            ],
            [
              28.184405543000025,
              -25.995313384999974
            ],
            [
              28.184799139000063,
              -25.995265882999945
            ],
            [
              28.185544445000062,
              -25.99515737699994
            ],
            [
              28.18597014000005,
              -25.995099249999953
            ],
            [
              28.186430271000063,
              -25.995036420999952
            ],
            [
              28.186915875000068,
              -25.994967049999957
            ],
            [
              28.18697279500003,
              -25.99495815599994
            ],
            [
              28.187364125000045,
              -25.994885224999962
            ],
            [
              28.18773588700003,
              -25.99485498699994
            ],
            [
              28.18782344500005,
              -25.994833380999978
            ],
            [
              28.18805243500003,
              -25.995023919999937
            ],
            [
              28.188251283000056,
              -25.994727808999983
            ],
            [
              28.18898806800007,
              -25.993630639999935
            ],
            [
              28.18902340900007,
              -25.993578012999933
            ],
            [
              28.189337786000067,
              -25.993109862999972
            ],
            [
              28.18991383100007,
              -25.992090708999967
            ],
            [
              28.19015613600004,
              -25.99164647899994
            ],
            [
              28.190800051000053,
              -25.990465969999946
            ],
            [
              28.19085749000004,
              -25.990342082999973
            ],
            [
              28.190890181000043,
              -25.990271570999937
            ],
            [
              28.191160498000045,
              -25.98968853399998
            ],
            [
              28.191164401000037,
              -25.98968011599993
            ],
            [
              28.191553339000052,
              -25.988841229999935
            ],
            [
              28.191799230000072,
              -25.98822194899998
            ],
            [
              28.19235093800006,
              -25.986832462999928
            ],
            [
              28.192882671000064,
              -25.985399738999945
            ],
            [
              28.192940916000055,
              -25.98514658099998
            ],
            [
              28.192943127000035,
              -25.985136970999974
            ],
            [
              28.193061829000044,
              -25.984621046999962
            ],
            [
              28.191870280000046,
              -25.984380774999977
            ],
            [
              28.190445787000044,
              -25.98409352999994
            ],
            [
              28.188873810000075,
              -25.983776544999955
            ],
            [
              28.188465139000073,
              -25.983694137999976
            ],
            [
              28.185419083000056,
              -25.983079909999958
            ],
            [
              28.18309974700003,
              -25.98262023899997
            ],
            [
              28.18303888400004,
              -25.982607935999965
            ],
            [
              28.18128041400007,
              -25.98225247299996
            ],
            [
              28.18047245400004,
              -25.98208914999998
            ],
            [
              28.180429459000038,
              -25.982080458999974
            ],
            [
              28.17584991500007,
              -25.98115920999993
            ],
            [
              28.17366981600003,
              -25.980720519999977
            ],
            [
              28.173111504000076,
              -25.980608333999953
            ],
            [
              28.170382903000075,
              -25.980060056999946
            ],
            [
              28.166749955000057,
              -25.979330061999974
            ],
            [
              28.166460038000025,
              -25.97927093499993
            ],
            [
              28.166460292000068,
              -25.979269857999952
            ],
            [
              28.16646000000003,
              -25.97926999999993
            ],
            [
              28.166342159000067,
              -25.979288118999932
            ],
            [
              28.165679452000063,
              -25.979750165999974
            ],
            [
              28.16491113400008,
              -25.98031782299995
            ],
            [
              28.162875487000065,
              -25.98177261099994
            ],
            [
              28.161489346000053,
              -25.982797034999976
            ],
            [
              28.160480764000056,
              -25.98354423099994
            ],
            [
              28.158458318000044,
              -25.98501750099996
            ],
            [
              28.15798042800003,
              -25.985366015999944
            ],
            [
              28.15739304400006,
              -25.985818180999956
            ]
          ]
        ]
      }
    },
    {
      "type": "Feature",
      "properties": {
        "id": "ebony-park",
        "name": "Ebony Park",
        "labelPriority": "secondary",
        "selectionBasis": "census-main-place",
        "subPlaceCount": 7
      },
      "geometry": {
        "type": "Polygon",
        "coordinates": [
          [
            [
              28.16530593300007,
              -25.998121457999957
            ],
            [
              28.16540242800005,
              -25.99839110599993
            ],
            [
              28.16555582600006,
              -25.99866108599997
            ],
            [
              28.16644901400008,
              -26.000042693999944
            ],
            [
              28.167586809000056,
              -26.001802666999936
            ],
            [
              28.168482650000044,
              -26.003226195999957
            ],
            [
              28.16865445600007,
              -26.003459359999965
            ],
            [
              28.16867074700008,
              -26.00348559899993
            ],
            [
              28.169336152000028,
              -26.004557357999943
            ],
            [
              28.169458259000066,
              -26.004754033999973
            ],
            [
              28.170231382000054,
              -26.005883040999947
            ],
            [
              28.170375483000043,
              -26.006100128999947
            ],
            [
              28.170703846000038,
              -26.006594804999963
            ],
            [
              28.17096155400003,
              -26.007048861999976
            ],
            [
              28.17123767000004,
              -26.007355656999948
            ],
            [
              28.171611960000064,
              -26.00781584999993
            ],
            [
              28.17183491700007,
              -26.008175623999932
            ],
            [
              28.17233405500008,
              -26.00791535899998
            ],
            [
              28.173574338000037,
              -26.00726863999995
            ],
            [
              28.173902767000072,
              -26.007097387999977
            ],
            [
              28.174795131000053,
              -26.006587465999928
            ],
            [
              28.17597061600003,
              -26.005915759999937
            ],
            [
              28.17610784900006,
              -26.005834036999943
            ],
            [
              28.176118849000034,
              -26.005827486999976
            ],
            [
              28.177285178000034,
              -26.005132930999935
            ],
            [
              28.177340970000046,
              -26.00509588899996
            ],
            [
              28.178926361000038,
              -26.00404329299994
            ],
            [
              28.17908716100004,
              -26.003936531999955
            ],
            [
              28.181103136000047,
              -26.002402637999978
            ],
            [
              28.18112547000004,
              -26.002385644999947
            ],
            [
              28.182691127000055,
              -26.001056312999935
            ],
            [
              28.18280537000004,
              -26.00094859899997
            ],
            [
              28.182967549000068,
              -26.000795686999936
            ],
            [
              28.184242014000063,
              -25.99959404899994
            ],
            [
              28.184367975000043,
              -25.999454469999932
            ],
            [
              28.18584181600005,
              -25.997821294999937
            ],
            [
              28.185881523000035,
              -25.997777294999935
            ],
            [
              28.186570682000024,
              -25.996927034999942
            ],
            [
              28.187018842000043,
              -25.996374112999945
            ],
            [
              28.187482990000035,
              -25.99577428999993
            ],
            [
              28.18797891400004,
              -25.995133401999965
            ],
            [
              28.18805243500003,
              -25.995023919999937
            ],
            [
              28.18782344500005,
              -25.994833380999978
            ],
            [
              28.18773588700003,
              -25.99485498699994
            ],
            [
              28.187364125000045,
              -25.994885224999962
            ],
            [
              28.18697279500003,
              -25.99495815599994
            ],
            [
              28.186915875000068,
              -25.994967049999957
            ],
            [
              28.186430271000063,
              -25.995036420999952
            ],
            [
              28.18597014000005,
              -25.995099249999953
            ],
            [
              28.185544445000062,
              -25.99515737699994
            ],
            [
              28.184799139000063,
              -25.995265882999945
            ],
            [
              28.184405543000025,
              -25.995313384999974
            ],
            [
              28.184180129000026,
              -25.995340589999955
            ],
            [
              28.18411627200004,
              -25.995347728999946
            ],
            [
              28.184116221000068,
              -25.99534773599993
            ],
            [
              28.18389374800006,
              -25.99537260699998
            ],
            [
              28.183125319000055,
              -25.99548644899994
            ],
            [
              28.18276067100004,
              -25.995538032999946
            ],
            [
              28.181859341000063,
              -25.995668509999973
            ],
            [
              28.181691631000035,
              -25.99569278599995
            ],
            [
              28.18129140700006,
              -25.99574970699996
            ],
            [
              28.18017078200006,
              -25.99592046899994
            ],
            [
              28.17989276000003,
              -25.995960311999966
            ],
            [
              28.179612250000048,
              -25.996000513999945
            ],
            [
              28.17873709500003,
              -25.996132141999965
            ],
            [
              28.17855564200005,
              -25.99616758899998
            ],
            [
              28.178354659000036,
              -25.996206850999954
            ],
            [
              28.17742970000006,
              -25.99633314299996
            ],
            [
              28.17705260100007,
              -25.996386505999965
            ],
            [
              28.175981782000065,
              -25.996546594999927
            ],
            [
              28.175266718000046,
              -25.99665332199993
            ],
            [
              28.175216313000078,
              -25.996660257999963
            ],
            [
              28.17468505900007,
              -25.996733364999955
            ],
            [
              28.174382668000078,
              -25.996779613999934
            ],
            [
              28.17432885000005,
              -25.996788120999952
            ],
            [
              28.174269996000078,
              -25.996797423999965
            ],
            [
              28.173347426000078,
              -25.996943259999966
            ],
            [
              28.17334038100006,
              -25.996943732999966
            ],
            [
              28.17305570700006,
              -25.996962827999937
            ],
            [
              28.172820909000052,
              -25.997009075999983
            ],
            [
              28.17274847500005,
              -25.997018388999948
            ],
            [
              28.17269639500006,
              -25.99702508499996
            ],
            [
              28.17130361900007,
              -25.99723675799993
            ],
            [
              28.170866042000057,
              -25.997309686999984
            ],
            [
              28.170854362000057,
              -25.99731133699993
            ],
            [
              28.17065705400006,
              -25.99733918499993
            ],
            [
              28.16968138200008,
              -25.997476891999952
            ],
            [
              28.168530614000076,
              -25.997647278999978
            ],
            [
              28.168119623000052,
              -25.997708131999957
            ],
            [
              28.16785280600004,
              -25.99774726399994
            ],
            [
              28.166614784000046,
              -25.997923362999927
            ],
            [
              28.166413783000053,
              -25.997957158999952
            ],
            [
              28.16530593300007,
              -25.998121457999957
            ]
          ]
        ]
      }
    },
    {
      "type": "Feature",
      "properties": {
        "id": "rabie-ridge",
        "name": "Rabie Ridge",
        "labelPriority": "secondary",
        "selectionBasis": "census-main-place",
        "subPlaceCount": 4
      },
      "geometry": {
        "type": "Polygon",
        "coordinates": [
          [
            [
              28.162542057000053,
              -26.013034285999936
            ],
            [
              28.16313837200005,
              -26.014058236999972
            ],
            [
              28.163308478000033,
              -26.01435219399997
            ],
            [
              28.164030944000046,
              -26.015600663999976
            ],
            [
              28.16486870800003,
              -26.017070015999934
            ],
            [
              28.165351072000078,
              -26.017909801999963
            ],
            [
              28.165664716000038,
              -26.01845585199993
            ],
            [
              28.16649987200003,
              -26.019901714999946
            ],
            [
              28.167303708000077,
              -26.021292770999935
            ],
            [
              28.168315089000032,
              -26.023047479999946
            ],
            [
              28.168475537000063,
              -26.02332585299996
            ],
            [
              28.16931591200006,
              -26.024779545999934
            ],
            [
              28.170130189000076,
              -26.026191480999955
            ],
            [
              28.170962734000057,
              -26.02763734399997
            ],
            [
              28.171180590000063,
              -26.028012168999965
            ],
            [
              28.171335691000024,
              -26.028279022999982
            ],
            [
              28.171434929000043,
              -26.02844976399996
            ],
            [
              28.17156039300005,
              -26.02866562899993
            ],
            [
              28.171930992000057,
              -26.02931809399996
            ],
            [
              28.172302027000057,
              -26.02915771199997
            ],
            [
              28.172290802000077,
              -26.029138563999936
            ],
            [
              28.172279358000026,
              -26.029090880999945
            ],
            [
              28.172163010000077,
              -26.028589247999946
            ],
            [
              28.172241211000028,
              -26.02844428999998
            ],
            [
              28.172734856000034,
              -26.028210556999966
            ],
            [
              28.17274475100004,
              -26.028205871999944
            ],
            [
              28.17280387900007,
              -26.02819442699996
            ],
            [
              28.173042297000052,
              -26.02817153899997
            ],
            [
              28.173517228000037,
              -26.028127669999947
            ],
            [
              28.173696519000032,
              -26.028112410999938
            ],
            [
              28.173818589000064,
              -26.02810668899997
            ],
            [
              28.17431831400006,
              -26.02808952299995
            ],
            [
              28.174318921000065,
              -26.02808949599995
            ],
            [
              28.174577714000065,
              -26.028078078999954
            ],
            [
              28.17481994600007,
              -26.02808380099998
            ],
            [
              28.175069810000025,
              -26.028087615999937
            ],
            [
              28.175317765000045,
              -26.02809143099995
            ],
            [
              28.17547416700006,
              -26.028095244999975
            ],
            [
              28.17551994400003,
              -26.02809905999993
            ],
            [
              28.175567627000078,
              -26.02810668899997
            ],
            [
              28.175625728000057,
              -26.02811289799996
            ],
            [
              28.175796180000077,
              -26.02813111499995
            ],
            [
              28.175817490000043,
              -26.028133391999972
            ],
            [
              28.176067352000075,
              -26.028163909999932
            ],
            [
              28.17632572900004,
              -26.028192997999952
            ],
            [
              28.176355363000027,
              -26.028196333999972
            ],
            [
              28.177272797000057,
              -26.028196333999972
            ],
            [
              28.177753448000033,
              -26.028333662999955
            ],
            [
              28.178121567000062,
              -26.028436659999954
            ],
            [
              28.17810582900006,
              -26.02852742999994
            ],
            [
              28.17803955100004,
              -26.028909682999938
            ],
            [
              28.17801475600004,
              -26.029052733999947
            ],
            [
              28.177978516000053,
              -26.02927017199994
            ],
            [
              28.17797609300004,
              -26.029283987999975
            ],
            [
              28.177940369000055,
              -26.029487609999933
            ],
            [
              28.177907185000038,
              -26.029676760999962
            ],
            [
              28.177902222000057,
              -26.029705047999983
            ],
            [
              28.17786407500006,
              -26.02992248499993
            ],
            [
              28.177827836000063,
              -26.03013992299998
            ],
            [
              28.177789689000065,
              -26.03035736099997
            ],
            [
              28.177753448000033,
              -26.030574798999965
            ],
            [
              28.177715302000024,
              -26.030792235999968
            ],
            [
              28.177677155000026,
              -26.03100967399996
            ],
            [
              28.17764091600003,
              -26.031227111999954
            ],
            [
              28.177602769000032,
              -26.03144645599997
            ],
            [
              28.177564622000034,
              -26.031663893999962
            ],
            [
              28.17752838100006,
              -26.031881331999955
            ],
            [
              28.17749023400006,
              -26.032098769999948
            ],
            [
              28.177452087000063,
              -26.03231620699995
            ],
            [
              28.177415848000066,
              -26.032533644999944
            ],
            [
              28.17737770100007,
              -26.032751082999937
            ],
            [
              28.177341461000026,
              -26.032957075999946
            ],
            [
              28.177200164000055,
              -26.033775626999955
            ],
            [
              28.177175522000027,
              -26.033918379999932
            ],
            [
              28.177158356000064,
              -26.034025191999945
            ],
            [
              28.176901873000077,
              -26.03550833299994
            ],
            [
              28.176895142000035,
              -26.035547255999973
            ],
            [
              28.176870347000033,
              -26.035680769999942
            ],
            [
              28.177310646000024,
              -26.035699700999942
            ],
            [
              28.179630332000045,
              -26.03579943799997
            ],
            [
              28.179847275000043,
              -26.035808765999946
            ],
            [
              28.181295746000046,
              -26.03587104299993
            ],
            [
              28.182371140000043,
              -26.035917280999968
            ],
            [
              28.182494526000028,
              -26.03592237999993
            ],
            [
              28.182601929000043,
              -26.03592681899994
            ],
            [
              28.183125500000074,
              -26.03594942999996
            ],
            [
              28.18411087800007,
              -26.035991983999963
            ],
            [
              28.184949128000028,
              -26.036028184999964
            ],
            [
              28.18587479000007,
              -26.036068159999957
            ],
            [
              28.18799018900006,
              -26.03615951499995
            ],
            [
              28.188354962000062,
              -26.035116977999962
            ],
            [
              28.188611825000066,
              -26.034382851999965
            ],
            [
              28.189199448000068,
              -26.032703399999946
            ],
            [
              28.189420701000074,
              -26.032070159999932
            ],
            [
              28.189234189000047,
              -26.032131972999935
            ],
            [
              28.188797462000025,
              -26.03227671199994
            ],
            [
              28.188272061000077,
              -26.032450838999978
            ],
            [
              28.188137579000056,
              -26.032495409999967
            ],
            [
              28.187429429000076,
              -26.03273010299995
            ],
            [
              28.18703724900007,
              -26.03208987499994
            ],
            [
              28.186713447000045,
              -26.03156127699998
            ],
            [
              28.186536790000048,
              -26.031272887999933
            ],
            [
              28.18645798600005,
              -26.031144603999962
            ],
            [
              28.18629074100005,
              -26.030872344999977
            ],
            [
              28.186279463000062,
              -26.030853778999983
            ],
            [
              28.186166764000063,
              -26.030668257999935
            ],
            [
              28.18553504700003,
              -26.029681349999976
            ],
            [
              28.184789100000046,
              -26.028515984999956
            ],
            [
              28.18465042100007,
              -26.02829933099997
            ],
            [
              28.184588965000046,
              -26.02820985799997
            ],
            [
              28.184573366000052,
              -26.028187147999972
            ],
            [
              28.18452072100007,
              -26.028110503999983
            ],
            [
              28.184520082000063,
              -26.028109506999954
            ],
            [
              28.18417368300004,
              -26.02756901099997
            ],
            [
              28.182410128000072,
              -26.02481728799995
            ],
            [
              28.182229432000042,
              -26.024535342999968
            ],
            [
              28.18180454800006,
              -26.023872384999947
            ],
            [
              28.18167118200006,
              -26.023664289999942
            ],
            [
              28.18111652300007,
              -26.02279883999995
            ],
            [
              28.18078994800004,
              -26.02228927599998
            ],
            [
              28.18075957600007,
              -26.022242329999983
            ],
            [
              28.18074897400004,
              -26.022225942999967
            ],
            [
              28.180500962000053,
              -26.021842591999928
            ],
            [
              28.18008041400003,
              -26.021192549999967
            ],
            [
              28.179855347000057,
              -26.020847320999962
            ],
            [
              28.17980797900003,
              -26.020771898999953
            ],
            [
              28.179271179000068,
              -26.019917194999948
            ],
            [
              28.179032113000062,
              -26.019551177999972
            ],
            [
              28.178585272000078,
              -26.018855301999963
            ],
            [
              28.178514413000073,
              -26.018744949999927
            ],
            [
              28.177846678000037,
              -26.017706251999982
            ],
            [
              28.177317437000056,
              -26.01687529299994
            ],
            [
              28.177185619000056,
              -26.01667019699994
            ],
            [
              28.176801385000033,
              -26.016072362999978
            ],
            [
              28.17619630200005,
              -26.01512764199998
            ],
            [
              28.175978669000074,
              -26.014791301999935
            ],
            [
              28.17599351000007,
              -26.01476327299997
            ],
            [
              28.176001752000047,
              -26.01472535299996
            ],
            [
              28.17600191300005,
              -26.014721496999982
            ],
            [
              28.17600340100006,
              -26.014685781999958
            ],
            [
              28.176004291000027,
              -26.014644009999984
            ],
            [
              28.175256282000078,
              -26.013444232999973
            ],
            [
              28.17491429200004,
              -26.01289569599993
            ],
            [
              28.17446158200005,
              -26.012177676999954
            ],
            [
              28.174282181000024,
              -26.011893137999948
            ],
            [
              28.173258540000063,
              -26.010269595999944
            ],
            [
              28.172552094000025,
              -26.00914913899993
            ],
            [
              28.17240874500004,
              -26.00893817499997
            ],
            [
              28.171969783000065,
              -26.008292154999936
            ],
            [
              28.17183491700007,
              -26.008175623999932
            ],
            [
              28.171446050000043,
              -26.008358614999963
            ],
            [
              28.170772170000077,
              -26.008740664999948
            ],
            [
              28.170505072000026,
              -26.008887569999956
            ],
            [
              28.168924739000033,
              -26.00970889599995
            ],
            [
              28.16779624800006,
              -26.010307642999976
            ],
            [
              28.167012759000045,
              -26.010717193999938
            ],
            [
              28.166741208000076,
              -26.010861872999953
            ],
            [
              28.165343394000047,
              -26.011583039999948
            ],
            [
              28.164299482000047,
              -26.012150622999968
            ],
            [
              28.163278861000038,
              -26.012663118999967
            ],
            [
              28.16314913700006,
              -26.01273564199994
            ],
            [
              28.162542057000053,
              -26.013034285999936
            ]
          ]
        ]
      }
    },
    {
      "type": "Feature",
      "properties": {
        "id": "mayibuye",
        "name": "Mayibuye",
        "labelPriority": "secondary",
        "selectionBasis": "census-main-place",
        "subPlaceCount": 1
      },
      "geometry": {
        "type": "Polygon",
        "coordinates": [
          [
            [
              28.17156039300005,
              -26.02866562899993
            ],
            [
              28.171930992000057,
              -26.02931809399996
            ],
            [
              28.172302027000057,
              -26.02915771199997
            ],
            [
              28.17232322800004,
              -26.029193877999944
            ],
            [
              28.17240333600006,
              -26.02933502199994
            ],
            [
              28.172519684000065,
              -26.02953529299998
            ],
            [
              28.17263412500006,
              -26.029735564999953
            ],
            [
              28.172750474000054,
              -26.029935835999936
            ],
            [
              28.172864915000048,
              -26.030134199999964
            ],
            [
              28.172892151000042,
              -26.030181082999945
            ],
            [
              28.172981262000064,
              -26.030334472999982
            ],
            [
              28.173095703000058,
              -26.030534743999965
            ],
            [
              28.173212052000054,
              -26.030735015999937
            ],
            [
              28.173442841000053,
              -26.03113555899995
            ],
            [
              28.173557281000058,
              -26.031335829999932
            ],
            [
              28.173673630000053,
              -26.03153610199996
            ],
            [
              28.173788071000047,
              -26.031736372999944
            ],
            [
              28.17390010300005,
              -26.031929213999945
            ],
            [
              28.173904419000053,
              -26.031936645999963
            ],
            [
              28.174020768000048,
              -26.032136916999946
            ],
            [
              28.174131394000028,
              -26.032337188999975
            ],
            [
              28.174207688000024,
              -26.03247642499997
            ],
            [
              28.17425346400006,
              -26.032571791999942
            ],
            [
              28.174493790000042,
              -26.032861708999974
            ],
            [
              28.17465210000006,
              -26.033044813999936
            ],
            [
              28.174846649000074,
              -26.033124922999946
            ],
            [
              28.174934387000064,
              -26.033334730999968
            ],
            [
              28.174848557000075,
              -26.033508300999983
            ],
            [
              28.174886704000073,
              -26.034074782999937
            ],
            [
              28.174932480000052,
              -26.034200667999983
            ],
            [
              28.175062180000054,
              -26.03472518899997
            ],
            [
              28.175194688000033,
              -26.035440113999982
            ],
            [
              28.175223626000047,
              -26.035596244999965
            ],
            [
              28.17522621200004,
              -26.03561019899996
            ],
            [
              28.174896240000066,
              -26.035514831999933
            ],
            [
              28.174680710000075,
              -26.03545570299997
            ],
            [
              28.17328071700007,
              -26.03540039099994
            ],
            [
              28.17019892500008,
              -26.03526747099994
            ],
            [
              28.165409088000047,
              -26.03506088299997
            ],
            [
              28.16507911700006,
              -26.03520965599995
            ],
            [
              28.164879984000038,
              -26.035297124999943
            ],
            [
              28.164875031000065,
              -26.035299300999952
            ],
            [
              28.162759781000034,
              -26.03623008699998
            ],
            [
              28.16082000700004,
              -26.037090301999967
            ],
            [
              28.16003036500007,
              -26.037429809999935
            ],
            [
              28.15984916700006,
              -26.03751945399995
            ],
            [
              28.15976905900004,
              -26.037549971999965
            ],
            [
              28.159686141000066,
              -26.037587876999964
            ],
            [
              28.15962851200004,
              -26.037455330999933
            ],
            [
              28.15879971800007,
              -26.036531072999935
            ],
            [
              28.15739879800003,
              -26.034994179999956
            ],
            [
              28.157324377000066,
              -26.034912537999958
            ],
            [
              28.156443513000056,
              -26.033957905999955
            ],
            [
              28.155597362000037,
              -26.033016291999957
            ],
            [
              28.15545171800005,
              -26.03295308099996
            ],
            [
              28.155421206000028,
              -26.03291201199994
            ],
            [
              28.15541462300007,
              -26.032903148999935
            ],
            [
              28.155525535000038,
              -26.032876874999943
            ],
            [
              28.156006956000056,
              -26.032579245999955
            ],
            [
              28.156028900000024,
              -26.032597075999945
            ],
            [
              28.15618599100003,
              -26.03249234699996
            ],
            [
              28.15637042000003,
              -26.03236939599998
            ],
            [
              28.15684635300005,
              -26.032184232999953
            ],
            [
              28.156969794000076,
              -26.032156802999964
            ],
            [
              28.157360690000075,
              -26.03202650399993
            ],
            [
              28.157475902000044,
              -26.031988100999968
            ],
            [
              28.157470416000024,
              -26.031964783999967
            ],
            [
              28.157444355000052,
              -26.031892090999975
            ],
            [
              28.158071162000056,
              -26.031698699999936
            ],
            [
              28.158102708000058,
              -26.031775507999953
            ],
            [
              28.158106685000064,
              -26.03177420199995
            ],
            [
              28.158382507000056,
              -26.031683612999927
            ],
            [
              28.158364677000066,
              -26.03163286499995
            ],
            [
              28.158647219000045,
              -26.03152450999994
            ],
            [
              28.159007941000027,
              -26.03136815299996
            ],
            [
              28.159103951000077,
              -26.03133935099993
            ],
            [
              28.159538737000048,
              -26.03115007399998
            ],
            [
              28.159604572000035,
              -26.03112812699993
            ],
            [
              28.160310929000048,
              -26.030888103999928
            ],
            [
              28.160644219000062,
              -26.030715286999964
            ],
            [
              28.160840353000026,
              -26.030656309999983
            ],
            [
              28.160869156000047,
              -26.03069608499993
            ],
            [
              28.160874642000067,
              -26.03071940199993
            ],
            [
              28.16180730700006,
              -26.03051640999996
            ],
            [
              28.161985612000024,
              -26.030491721999965
            ],
            [
              28.162266782000074,
              -26.030391597999937
            ],
            [
              28.162281290000067,
              -26.030385794999972
            ],
            [
              28.162897701000077,
              -26.03013922899993
            ],
            [
              28.162923762000048,
              -26.03016803199995
            ],
            [
              28.16299072100003,
              -26.030144088999975
            ],
            [
              28.163376379000056,
              -26.03000618699997
            ],
            [
              28.163649320000047,
              -26.029928007999956
            ],
            [
              28.163597201000073,
              -26.029768906999948
            ],
            [
              28.163664408000045,
              -26.029692099999977
            ],
            [
              28.164174471000024,
              -26.02949274399998
            ],
            [
              28.16424644700004,
              -26.029468751999957
            ],
            [
              28.164850913000066,
              -26.029342348999933
            ],
            [
              28.165400281000075,
              -26.029227289999938
            ],
            [
              28.166377015000023,
              -26.029020936999927
            ],
            [
              28.166435815000057,
              -26.02900851399994
            ],
            [
              28.16672197400004,
              -26.02893587999995
            ],
            [
              28.167634994000025,
              -26.028704131999973
            ],
            [
              28.168505177000043,
              -26.028646756999933
            ],
            [
              28.16854487200004,
              -26.028638755999964
            ],
            [
              28.16973873300003,
              -26.02839813399993
            ],
            [
              28.170513291000077,
              -26.02835988399994
            ],
            [
              28.17122091300007,
              -26.028283383999963
            ],
            [
              28.171335691000024,
              -26.028279022999982
            ],
            [
              28.171434929000043,
              -26.02844976399996
            ],
            [
              28.17156039300005,
              -26.02866562899993
            ]
          ]
        ]
      }
    },
    {
      "type": "Feature",
      "properties": {
        "id": "lenasia",
        "name": "Lenasia",
        "labelPriority": "secondary",
        "selectionBasis": "census-main-place",
        "subPlaceCount": 18
      },
      "geometry": {
        "type": "MultiPolygon",
        "coordinates": [
          [
            [
              [
                27.821760178000034,
                -26.304759978999982
              ],
              [
                27.821985150000046,
                -26.307506004999937
              ],
              [
                27.822259904000077,
                -26.310859679999965
              ],
              [
                27.822263718000045,
                -26.31089019799998
              ],
              [
                27.822273254000038,
                -26.31101608299997
              ],
              [
                27.82228185300005,
                -26.311119605999977
              ],
              [
                27.82228820000006,
                -26.311196009999946
              ],
              [
                27.822324868000067,
                -26.31163744299994
              ],
              [
                27.822604252000076,
                -26.31500078399995
              ],
              [
                27.822719574000075,
                -26.316389082999933
              ],
              [
                27.822740555000053,
                -26.316669463999972
              ],
              [
                27.822744370000066,
                -26.316701887999955
              ],
              [
                27.822769165000068,
                -26.316909789999954
              ],
              [
                27.823039966000067,
                -26.320206454999948
              ],
              [
                27.823068527000032,
                -26.32055414699994
              ],
              [
                27.823219299000073,
                -26.32238960199993
              ],
              [
                27.823339463000025,
                -26.323869704999936
              ],
              [
                27.823381425000036,
                -26.324371337999935
              ],
              [
                27.823382579000054,
                -26.324383343999955
              ],
              [
                27.82340049800007,
                -26.324569701999962
              ],
              [
                27.823410034000062,
                -26.32475089999997
              ],
              [
                27.823851809000075,
                -26.330039788999954
              ],
              [
                27.824089050000055,
                -26.332880019999948
              ],
              [
                27.824470520000034,
                -26.33748054399996
              ],
              [
                27.824629937000054,
                -26.337536684999975
              ],
              [
                27.824700861000053,
                -26.33834238299994
              ],
              [
                27.824834198000076,
                -26.339522560999967
              ],
              [
                27.82486679400006,
                -26.33971570999995
              ],
              [
                27.824904933000028,
                -26.339907839999967
              ],
              [
                27.824948584000026,
                -26.34009879399997
              ],
              [
                27.824997710000048,
                -26.34028841399993
              ],
              [
                27.82505227000007,
                -26.34047654099993
              ],
              [
                27.82511222000005,
                -26.340663020999955
              ],
              [
                27.825620822000076,
                -26.34198202799996
              ],
              [
                27.825628549000044,
                -26.342002068999932
              ],
              [
                27.826034235000066,
                -26.34304323599997
              ],
              [
                27.82651368200004,
                -26.344209228999944
              ],
              [
                27.826752887000055,
                -26.34483900099997
              ],
              [
                27.82687837000003,
                -26.345169365999936
              ],
              [
                27.827015825000046,
                -26.34553125499997
              ],
              [
                27.827498109000032,
                -26.346779519999927
              ],
              [
                27.82800309000004,
                -26.34803913199994
              ],
              [
                27.82853643900006,
                -26.34940654999997
              ],
              [
                27.829066951000073,
                -26.350762619999955
              ],
              [
                27.82955207300006,
                -26.35201088399998
              ],
              [
                27.829686036000055,
                -26.352354468999977
              ],
              [
                27.83009960700008,
                -26.35341518299998
              ],
              [
                27.83061309800007,
                -26.354706001999944
              ],
              [
                27.830784675000075,
                -26.35514437699993
              ],
              [
                27.83115495800007,
                -26.356090440999935
              ],
              [
                27.83173937300006,
                -26.357565663999935
              ],
              [
                27.832142222000073,
                -26.35797702399998
              ],
              [
                27.83237201700007,
                -26.358130219999964
              ],
              [
                27.832458538000026,
                -26.358179734999965
              ],
              [
                27.832547935000036,
                -26.358223847999966
              ],
              [
                27.832639869000047,
                -26.35826239399995
              ],
              [
                27.83273399500007,
                -26.358295226999928
              ],
              [
                27.832829959000037,
                -26.35832222299996
              ],
              [
                27.83292739700005,
                -26.35834327999993
              ],
              [
                27.833172173000037,
                -26.35830649299993
              ],
              [
                27.83335893800006,
                -26.358290928999963
              ],
              [
                27.833562682000036,
                -26.35826121599996
              ],
              [
                27.833818777000033,
                -26.358173491999935
              ],
              [
                27.834304084000053,
                -26.357979652999973
              ],
              [
                27.834983231000024,
                -26.357706579999956
              ],
              [
                27.835120948000053,
                -26.35765013499997
              ],
              [
                27.83590149500003,
                -26.357330218999948
              ],
              [
                27.83623601800008,
                -26.35719939599994
              ],
              [
                27.836693833000027,
                -26.357020357999943
              ],
              [
                27.836914156000034,
                -26.356935540999928
              ],
              [
                27.83692316400004,
                -26.35693207399993
              ],
              [
                27.837314969000033,
                -26.356781240999965
              ],
              [
                27.83744231000003,
                -26.35674303999997
              ],
              [
                27.838158243000066,
                -26.35644025399995
              ],
              [
                27.839161400000023,
                -26.35604974399996
              ],
              [
                27.839855082000042,
                -26.355772265999974
              ],
              [
                27.839394937000066,
                -26.355336085999966
              ],
              [
                27.838915619000034,
                -26.35407548099994
              ],
              [
                27.838651993000042,
                -26.353428401999963
              ],
              [
                27.838646620000077,
                -26.353414420999968
              ],
              [
                27.838014501000032,
                -26.351769961999935
              ],
              [
                27.837405768000053,
                -26.35026969699993
              ],
              [
                27.837562053000056,
                -26.34996123999997
              ],
              [
                27.837587908000046,
                -26.349910208999972
              ],
              [
                27.83729552500006,
                -26.34916247299998
              ],
              [
                27.836787448000052,
                -26.347897073999945
              ],
              [
                27.83672513500005,
                -26.34761906899996
              ],
              [
                27.83644233900003,
                -26.346895298999982
              ],
              [
                27.83555080700006,
                -26.345788074999973
              ],
              [
                27.835303940000074,
                -26.345122318999984
              ],
              [
                27.835074935000023,
                -26.344526298999938
              ],
              [
                27.83495057400006,
                -26.344235113999957
              ],
              [
                27.834832280000057,
                -26.34394847699997
              ],
              [
                27.83477010000007,
                -26.34379985099997
              ],
              [
                27.834641189000024,
                -26.343429802999935
              ],
              [
                27.834533511000075,
                -26.343112833999953
              ],
              [
                27.834459198000047,
                -26.342932360999953
              ],
              [
                27.834386403000053,
                -26.34281406699995
              ],
              [
                27.83402848600008,
                -26.342265060999978
              ],
              [
                27.83365540500006,
                -26.34159624399996
              ],
              [
                27.83368270400007,
                -26.34140211999994
              ],
              [
                27.833713035000073,
                -26.341311123999958
              ],
              [
                27.83377976400004,
                -26.341271692999953
              ],
              [
                27.833864305000077,
                -26.34114240499997
              ],
              [
                27.83366043600006,
                -26.340607576999957
              ],
              [
                27.833734570000047,
                -26.340583747999972
              ],
              [
                27.83386695300004,
                -26.340578452999978
              ],
              [
                27.834144958000024,
                -26.340549326999962
              ],
              [
                27.834224388000052,
                -26.340549326999962
              ],
              [
                27.83442825800006,
                -26.340604928999937
              ],
              [
                27.834621537000032,
                -26.34067641599995
              ],
              [
                27.834804226000074,
                -26.34074260699998
              ],
              [
                27.835042515000055,
                -26.34083262799993
              ],
              [
                27.835159012000076,
                -26.34090146899996
              ],
              [
                27.83565677200005,
                -26.341253606999942
              ],
              [
                27.835794451000027,
                -26.34136216099995
              ],
              [
                27.83591094800005,
                -26.341465419999963
              ],
              [
                27.83605657000004,
                -26.341576620999945
              ],
              [
                27.83636369900006,
                -26.341671936999944
              ],
              [
                27.83685881200006,
                -26.34185727399995
              ],
              [
                27.837028961000044,
                -26.34185385099994
              ],
              [
                27.837373143000036,
                -26.340941020999935
              ],
              [
                27.837792148000062,
                -26.34000823599996
              ],
              [
                27.838133835000065,
                -26.339155261999963
              ],
              [
                27.83841566700005,
                -26.33847936899997
              ],
              [
                27.838780437000025,
                -26.33749477699996
              ],
              [
                27.840028835000055,
                -26.33790658399994
              ],
              [
                27.840982317000055,
                -26.338219090999928
              ],
              [
                27.842011073000037,
                -26.338554405999957
              ],
              [
                27.84262226800007,
                -26.33876229899994
              ],
              [
                27.842545587000075,
                -26.338946729999975
              ],
              [
                27.84324649900003,
                -26.33917559899993
              ],
              [
                27.84632285400005,
                -26.34018012499996
              ],
              [
                27.847498468000026,
                -26.34056531899995
              ],
              [
                27.850524102000065,
                -26.34155667799996
              ],
              [
                27.850589050000053,
                -26.341597182999976
              ],
              [
                27.851698167000052,
                -26.34191620699994
              ],
              [
                27.85190847000007,
                -26.34197669899993
              ],
              [
                27.852381025000057,
                -26.342201958999965
              ],
              [
                27.853651781000053,
                -26.34245414999998
              ],
              [
                27.854961711000044,
                -26.34266471899997
              ],
              [
                27.855887233000033,
                -26.34285325099995
              ],
              [
                27.855923141000062,
                -26.342861504999973
              ],
              [
                27.855783470000063,
                -26.343428136999933
              ],
              [
                27.855606327000032,
                -26.34407425699993
              ],
              [
                27.855441674000076,
                -26.34468630999993
              ],
              [
                27.85533493400004,
                -26.345104186999947
              ],
              [
                27.85578726400007,
                -26.34513861099998
              ],
              [
                27.85626700000006,
                -26.345192999999938
              ],
              [
                27.856757000000073,
                -26.345241999999928
              ],
              [
                27.857255000000066,
                -26.345291999999972
              ],
              [
                27.857504000000063,
                -26.345316999999966
              ],
              [
                27.85800100000006,
                -26.345366999999953
              ],
              [
                27.858325000000036,
                -26.345399999999984
              ],
              [
                27.85881900000004,
                -26.345327999999938
              ],
              [
                27.85906600000004,
                -26.345291999999972
              ],
              [
                27.859560000000045,
                -26.345219999999983
              ],
              [
                27.860303000000044,
                -26.34511299999997
              ],
              [
                27.860550000000046,
                -26.345076999999947
              ],
              [
                27.860797000000048,
                -26.34504099999998
              ],
              [
                27.861091000000044,
                -26.344998999999973
              ],
              [
                27.861402000000055,
                -26.344953999999973
              ],
              [
                27.861916000000065,
                -26.344878999999935
              ],
              [
                27.86239100000006,
                -26.344810999999936
              ],
              [
                27.86351700000006,
                -26.344736999999952
              ],
              [
                27.864397000000054,
                -26.34491399999996
              ],
              [
                27.864720000000034,
                -26.344978999999967
              ],
              [
                27.86517500000008,
                -26.34501599999993
              ],
              [
                27.86557700000003,
                -26.345036999999934
              ],
              [
                27.86585800000006,
                -26.34503499999994
              ],
              [
                27.866747000000032,
                -26.34502999999995
              ],
              [
                27.86726200000004,
                -26.34502599999996
              ],
              [
                27.86752800000005,
                -26.344834999999932
              ],
              [
                27.867969669000047,
                -26.344508555999937
              ],
              [
                27.868352000000073,
                -26.34439199999997
              ],
              [
                27.86854100000005,
                -26.34433199999995
              ],
              [
                27.869166042000074,
                -26.344114730999934
              ],
              [
                27.86945600000007,
                -26.34401699999995
              ],
              [
                27.869965000000036,
                -26.34400599999998
              ],
              [
                27.870618000000036,
                -26.343913999999984
              ],
              [
                27.870860081000046,
                -26.34410904699996
              ],
              [
                27.871185000000025,
                -26.344371999999964
              ],
              [
                27.871314897000047,
                -26.344583571999976
              ],
              [
                27.871539023000025,
                -26.34494861899998
              ],
              [
                27.871790333000035,
                -26.345083732999967
              ],
              [
                27.87190400000003,
                -26.34507599999995
              ],
              [
                27.872153000000026,
                -26.345050999999955
              ],
              [
                27.872401000000025,
                -26.34502599999996
              ],
              [
                27.87283000000008,
                -26.344982999999957
              ],
              [
                27.873054000000025,
                -26.344716999999946
              ],
              [
                27.873378380000077,
                -26.344332403999942
              ],
              [
                27.873721000000046,
                -26.343925999999954
              ],
              [
                27.87412100000006,
                -26.343451999999957
              ],
              [
                27.874654000000078,
                -26.34281999999996
              ],
              [
                27.87465431000004,
                -26.342819632999976
              ],
              [
                27.87507000000005,
                -26.342325999999957
              ],
              [
                27.875581000000068,
                -26.34172099999995
              ],
              [
                27.876017000000047,
                -26.34120299999995
              ],
              [
                27.876453000000026,
                -26.34068599999995
              ],
              [
                27.876992004000044,
                -26.340034403999937
              ],
              [
                27.877879000000064,
                -26.338994999999954
              ],
              [
                27.878842000000077,
                -26.33785299999994
              ],
              [
                27.87946048200007,
                -26.33710377799997
              ],
              [
                27.879560609000066,
                -26.336985425999956
              ],
              [
                27.88013901900007,
                -26.336301739999953
              ],
              [
                27.880739095000024,
                -26.335595593999983
              ],
              [
                27.88135515400006,
                -26.334876374999965
              ],
              [
                27.88199155500007,
                -26.334106300999963
              ],
              [
                27.88264539100004,
                -26.333359474999952
              ],
              [
                27.88313213600003,
                -26.33273760399993
              ],
              [
                27.881586052000046,
                -26.33189371499998
              ],
              [
                27.880393403000028,
                -26.331247385999973
              ],
              [
                27.879627449000054,
                -26.330832296999972
              ],
              [
                27.879153032000033,
                -26.330571212999928
              ],
              [
                27.87858267200005,
                -26.33026672899996
              ],
              [
                27.877936848000047,
                -26.329914859999974
              ],
              [
                27.877289269000073,
                -26.32956825599996
              ],
              [
                27.876669771000024,
                -26.32923481399996
              ],
              [
                27.876375560000042,
                -26.32907206999994
              ],
              [
                27.876100287000042,
                -26.328919799999937
              ],
              [
                27.875746664000076,
                -26.328733773999943
              ],
              [
                27.875135062000027,
                -26.328387169999928
              ],
              [
                27.87454451900004,
                -26.328067768999972
              ],
              [
                27.87226308000004,
                -26.326846030999945
              ],
              [
                27.871607227000027,
                -26.326494019999927
              ],
              [
                27.87042837200005,
                -26.325861301999964
              ],
              [
                27.86789298800005,
                -26.324451926999927
              ],
              [
                27.865872139000032,
                -26.323374387999934
              ],
              [
                27.866456638000045,
                -26.32266909899994
              ],
              [
                27.86731698500006,
                -26.321648153999945
              ],
              [
                27.868076002000066,
                -26.320684564999965
              ],
              [
                27.868327747000023,
                -26.320340467999984
              ],
              [
                27.86877957400003,
                -26.319722888999934
              ],
              [
                27.86963609700007,
                -26.318690471999957
              ],
              [
                27.870551888000023,
                -26.317619818999958
              ],
              [
                27.870808280000062,
                -26.317296349999936
              ],
              [
                27.86955185200003,
                -26.316658163999932
              ],
              [
                27.86906265500005,
                -26.316582066999956
              ],
              [
                27.86854084400005,
                -26.316516839999963
              ],
              [
                27.867942937000066,
                -26.316321160999962
              ],
              [
                27.867654020000032,
                -26.315213649999976
              ],
              [
                27.86761680500007,
                -26.31507099099997
              ],
              [
                27.866834091000044,
                -26.313820819999933
              ],
              [
                27.865029495000044,
                -26.313331623999943
              ],
              [
                27.865214303000073,
                -26.31286416699993
              ],
              [
                27.863409709000052,
                -26.31260326299997
              ],
              [
                27.86171382400005,
                -26.31202709699994
              ],
              [
                27.860340087000054,
                -26.311702012999945
              ],
              [
                27.860289718000047,
                -26.31169009399997
              ],
              [
                27.859137386000043,
                -26.311679221999952
              ],
              [
                27.858245961000023,
                -26.311592254999937
              ],
              [
                27.85734366500003,
                -26.311255252999956
              ],
              [
                27.856571819000067,
                -26.310907378999957
              ],
              [
                27.855973911000035,
                -26.31065734499998
              ],
              [
                27.855234680000024,
                -26.31054863399993
              ],
              [
                27.85451719100007,
                -26.310342083999956
              ],
              [
                27.854169316000025,
                -26.310026823999976
              ],
              [
                27.85357140900004,
                -26.30976591899997
              ],
              [
                27.853103954000062,
                -26.30968982099995
              ],
              [
                27.852614757000026,
                -26.309635465999975
              ],
              [
                27.852564655000037,
                -26.309635465999975
              ],
              [
                27.85256538300007,
                -26.309634365999955
              ],
              [
                27.852464498000074,
                -26.309632121999982
              ],
              [
                27.851988384000038,
                -26.309621522999976
              ],
              [
                27.851380128000073,
                -26.309515318999956
              ],
              [
                27.850598083000023,
                -26.30929325699998
              ],
              [
                27.85001879200007,
                -26.30887809799998
              ],
              [
                27.84903399700005,
                -26.308269842999948
              ],
              [
                27.847875413000054,
                -26.307767788999968
              ],
              [
                27.847083715000053,
                -26.307429868999975
              ],
              [
                27.846253397000055,
                -26.30720780599995
              ],
              [
                27.845657286000062,
                -26.30703728499998
              ],
              [
                27.845857220000028,
                -26.306849085999943
              ],
              [
                27.846129404000067,
                -26.30658615699997
              ],
              [
                27.845982367000033,
                -26.30657072799994
              ],
              [
                27.844145980000064,
                -26.306382379999945
              ],
              [
                27.841956440000047,
                -26.306182260999947
              ],
              [
                27.840895767000063,
                -26.306058891999953
              ],
              [
                27.833913926000037,
                -26.30535232699998
              ],
              [
                27.83192795700006,
                -26.305151345999946
              ],
              [
                27.82640649700005,
                -26.304559912999935
              ],
              [
                27.825600345000055,
                -26.304438052999956
              ],
              [
                27.821809769000026,
                -26.30406951899994
              ],
              [
                27.821760178000034,
                -26.30438995399993
              ],
              [
                27.821760178000034,
                -26.304759978999982
              ]
            ]
          ],
          [
            [
              [
                27.840035905000036,
                -26.38091199799993
              ],
              [
                27.840126404000046,
                -26.381342649999965
              ],
              [
                27.840228728000056,
                -26.38216472399995
              ],
              [
                27.84034484600005,
                -26.38309761399995
              ],
              [
                27.84041870200008,
                -26.383707200999936
              ],
              [
                27.840479550000055,
                -26.38419614399993
              ],
              [
                27.84053937300007,
                -26.384656140999937
              ],
              [
                27.840594327000076,
                -26.385127271999977
              ],
              [
                27.840689291000047,
                -26.385839499999975
              ],
              [
                27.840772385000037,
                -26.386514929999976
              ],
              [
                27.840856665000047,
                -26.387199856999928
              ],
              [
                27.840920020000056,
                -26.387680230999933
              ],
              [
                27.840924268000038,
                -26.387726079999936
              ],
              [
                27.840954493000027,
                -26.388052304999974
              ],
              [
                27.84101392900004,
                -26.388631218999933
              ],
              [
                27.84109238600007,
                -26.38932781999995
              ],
              [
                27.84117797600004,
                -26.39001015499997
              ],
              [
                27.841259999000044,
                -26.39064493999996
              ],
              [
                27.841350343000045,
                -26.39134986099998
              ],
              [
                27.841362700000047,
                -26.39145013199993
              ],
              [
                27.841428114000053,
                -26.391980917999945
              ],
              [
                27.84143355300006,
                -26.39202506299995
              ],
              [
                27.841519143000028,
                -26.39270264299995
              ],
              [
                27.84161186500006,
                -26.39343252799995
              ],
              [
                27.84168200000005,
                -26.39399242299993
              ],
              [
                27.84176640100003,
                -26.394713985999942
              ],
              [
                27.84183891400005,
                -26.395321428999978
              ],
              [
                27.84192331400004,
                -26.396035860999973
              ],
              [
                27.841937228000063,
                -26.396136533999936
              ],
              [
                27.84193764400004,
                -26.396139544999983
              ],
              [
                27.842012793000038,
                -26.39668327499993
              ],
              [
                27.842024355000035,
                -26.39676693399997
              ],
              [
                27.84211113400005,
                -26.39747423199998
              ],
              [
                27.84219553500003,
                -26.398144679999973
              ],
              [
                27.842266637000023,
                -26.39873685899994
              ],
              [
                27.842278746000034,
                -26.39883771199993
              ],
              [
                27.84231440800005,
                -26.399106367999934
              ],
              [
                27.842324764000068,
                -26.39916051499995
              ],
              [
                27.84238216600005,
                -26.399460611999928
              ],
              [
                27.84247251000005,
                -26.399861215999977
              ],
              [
                27.842554532000065,
                -26.40013105999998
              ],
              [
                27.84270431400006,
                -26.400548303999983
              ],
              [
                27.84289688800004,
                -26.400994081999954
              ],
              [
                27.843018140000027,
                -26.40123301799997
              ],
              [
                27.843232113000056,
                -26.40161460199994
              ],
              [
                27.843468961000042,
                -26.401965761999975
              ],
              [
                27.843574469000032,
                -26.402122193999958
              ],
              [
                27.84387997400006,
                -26.402513286999977
              ],
              [
                27.844095052000057,
                -26.402756255999975
              ],
              [
                27.844413759000076,
                -26.40307496199995
              ],
              [
                27.844687845000067,
                -26.40333566399994
              ],
              [
                27.84503969700006,
                -26.403624411999942
              ],
              [
                27.845330356000034,
                -26.403836669999976
              ],
              [
                27.845906229000036,
                -26.40420398599997
              ],
              [
                27.84596403200004,
                -26.40423713399997
              ],
              [
                27.846300645000042,
                -26.40443017499996
              ],
              [
                27.846832188000064,
                -26.40466767199996
              ],
              [
                27.847895272000073,
                -26.40514266799994
              ],
              [
                27.84840702400004,
                -26.405374509999945
              ],
              [
                27.849000768000053,
                -26.40566289999998
              ],
              [
                27.84956199800007,
                -26.40599652999998
              ],
              [
                27.849873007000042,
                -26.40619727099994
              ],
              [
                27.850083951000045,
                -26.40634541299994
              ],
              [
                27.850680216000057,
                -26.40676415599995
              ],
              [
                27.851616071000024,
                -26.407410205999952
              ],
              [
                27.852657950000037,
                -26.40815379999998
              ],
              [
                27.853306829000076,
                -26.408611831999963
              ],
              [
                27.853557050000063,
                -26.408808332999968
              ],
              [
                27.85386057100004,
                -26.409062003999964
              ],
              [
                27.854234406000046,
                -26.409426804999953
              ],
              [
                27.85440950900005,
                -26.409615805999977
              ],
              [
                27.85459086700007,
                -26.409827737999933
              ],
              [
                27.854762188000052,
                -26.41003915999994
              ],
              [
                27.854922378000026,
                -26.41025438799994
              ],
              [
                27.855085253000027,
                -26.410496463999948
              ],
              [
                27.855236047000062,
                -26.410714376999977
              ],
              [
                27.855259816000057,
                -26.41076388199997
              ],
              [
                27.85597224600008,
                -26.41067768599993
              ],
              [
                27.856798470000058,
                -26.410568999999953
              ],
              [
                27.856858861000035,
                -26.41056105599995
              ],
              [
                27.857164357000045,
                -26.41051857499997
              ],
              [
                27.857795298000042,
                -26.41043083699998
              ],
              [
                27.858658134000052,
                -26.41031420799993
              ],
              [
                27.85894551100006,
                -26.41027655399995
              ],
              [
                27.859574189000057,
                -26.41019418099995
              ],
              [
                27.860511759000076,
                -26.410059433999947
              ],
              [
                27.860760475000063,
                -26.410025573999974
              ],
              [
                27.861426682000058,
                -26.409934876999955
              ],
              [
                27.862300841000035,
                -26.40981598299993
              ],
              [
                27.863083093000057,
                -26.409714174999976
              ],
              [
                27.863084447000062,
                -26.409713998999962
              ],
              [
                27.863153486000044,
                -26.40970501299995
              ],
              [
                27.864527881000072,
                -26.409509274999948
              ],
              [
                27.865702073000023,
                -26.409367851999946
              ],
              [
                27.865716100000043,
                -26.40936616199997
              ],
              [
                27.86581902100005,
                -26.40935376599998
              ],
              [
                27.866310104000036,
                -26.40932307299994
              ],
              [
                27.86769946000004,
                -26.409321026999976
              ],
              [
                27.86897282700005,
                -26.409425661999933
              ],
              [
                27.86916861800006,
                -26.409441749999928
              ],
              [
                27.869394292000038,
                -26.409486425999944
              ],
              [
                27.870977441000036,
                -26.409799832999965
              ],
              [
                27.87266144800003,
                -26.410270453999942
              ],
              [
                27.87314230000004,
                -26.410342071999935
              ],
              [
                27.873137968000037,
                -26.409875541999952
              ],
              [
                27.873157289000062,
                -26.40901344599996
              ],
              [
                27.873181071000033,
                -26.408227154999963
              ],
              [
                27.873191476000045,
                -26.407993792999946
              ],
              [
                27.87330146900007,
                -26.40739478499995
              ],
              [
                27.87335646200006,
                -26.40715250599993
              ],
              [
                27.873464485000056,
                -26.40678470599994
              ],
              [
                27.873546263000037,
                -26.406506264999962
              ],
              [
                27.874374886000055,
                -26.403744184999937
              ],
              [
                27.875112495000053,
                -26.40122153899995
              ],
              [
                27.875167631000068,
                -26.401048797999977
              ],
              [
                27.875856879000025,
                -26.39888938499996
              ],
              [
                27.87587311900006,
                -26.398838505999947
              ],
              [
                27.876087313000028,
                -26.398220324999954
              ],
              [
                27.876357090000056,
                -26.397476066999957
              ],
              [
                27.87661330900005,
                -26.396815860999936
              ],
              [
                27.876868173000048,
                -26.396219370999972
              ],
              [
                27.87715286300005,
                -26.395507648999967
              ],
              [
                27.876712723000026,
                -26.395333535999953
              ],
              [
                27.87623101300005,
                -26.395142976999978
              ],
              [
                27.875379659000032,
                -26.394794571999967
              ],
              [
                27.87420565700006,
                -26.394307888999947
              ],
              [
                27.87413693700006,
                -26.39427967699993
              ],
              [
                27.873281097000074,
                -26.393928303999928
              ],
              [
                27.872288754000067,
                -26.393518895999932
              ],
              [
                27.87165347000007,
                -26.393258637999963
              ],
              [
                27.87133572500005,
                -26.39312846599995
              ],
              [
                27.87052639600006,
                -26.392797685999938
              ],
              [
                27.869532697000068,
                -26.392388274999973
              ],
              [
                27.868544421000024,
                -26.391985644999977
              ],
              [
                27.86844644400003,
                -26.391945352999983
              ],
              [
                27.867629659000045,
                -26.39160947099998
              ],
              [
                27.866800514000033,
                -26.391263799999933
              ],
              [
                27.866656853000052,
                -26.391203381999958
              ],
              [
                27.866516089000072,
                -26.39113649199993
              ],
              [
                27.86637851200004,
                -26.39106326999996
              ],
              [
                27.866244407000067,
                -26.39098386699993
              ],
              [
                27.866114053000047,
                -26.390898446999984
              ],
              [
                27.86598771900003,
                -26.39080718699995
              ],
              [
                27.86586595800003,
                -26.390715942999975
              ],
              [
                27.865747826000074,
                -26.390620044999935
              ],
              [
                27.865633502000037,
                -26.39051963999998
              ],
              [
                27.86552315600005,
                -26.390414876999955
              ],
              [
                27.865416956000047,
                -26.390305914999942
              ],
              [
                27.865315060000057,
                -26.39019291699998
              ],
              [
                27.86524248300003,
                -26.39010793799997
              ],
              [
                27.865102500000035,
                -26.389926939999953
              ],
              [
                27.864858446000028,
                -26.38953777699993
              ],
              [
                27.86458284300005,
                -26.38906598099993
              ],
              [
                27.86445088000005,
                -26.388880299999983
              ],
              [
                27.864349281000045,
                -26.388750672999947
              ],
              [
                27.86407367700008,
                -26.388451712999938
              ],
              [
                27.863757201000055,
                -26.388183115999936
              ],
              [
                27.862983390000068,
                -26.387655774999928
              ],
              [
                27.862786914000026,
                -26.387525034999953
              ],
              [
                27.862761154000054,
                -26.387507893999953
              ],
              [
                27.86263064900004,
                -26.38741492799994
              ],
              [
                27.862493099000062,
                -26.38732299999998
              ],
              [
                27.862263621000068,
                -26.387169787999937
              ],
              [
                27.862074319000044,
                -26.387043812999934
              ],
              [
                27.86192791600007,
                -26.38694507599996
              ],
              [
                27.861585400000024,
                -26.38671900299994
              ],
              [
                27.861485302000062,
                -26.386650908999968
              ],
              [
                27.861196582000048,
                -26.386460243999977
              ],
              [
                27.860806400000058,
                -26.386199441999963
              ],
              [
                27.860465928000053,
                -26.38597064499993
              ],
              [
                27.86022896000003,
                -26.385812665999936
              ],
              [
                27.860103666000043,
                -26.385730271999932
              ],
              [
                27.860084701000062,
                -26.385717444999955
              ],
              [
                27.859844907000024,
                -26.38555526899995
              ],
              [
                27.859629729000062,
                -26.385414313999945
              ],
              [
                27.859397527000056,
                -26.385258375999967
              ],
              [
                27.859084292000034,
                -26.385049326999933
              ],
              [
                27.85881327800007,
                -26.384869557999934
              ],
              [
                27.85867232100003,
                -26.38477218299994
              ],
              [
                27.85841696700004,
                -26.384606032999955
              ],
              [
                27.858393629000034,
                -26.384590940999942
              ],
              [
                27.858314825000036,
                -26.384539979999943
              ],
              [
                27.858128247000025,
                -26.38440992099993
              ],
              [
                27.85785450700007,
                -26.384228108999935
              ],
              [
                27.857625710000036,
                -26.38407489599996
              ],
              [
                27.857497692000038,
                -26.38399045899996
              ],
              [
                27.857324731000062,
                -26.38387537999995
              ],
              [
                27.857096616000035,
                -26.38372420999997
              ],
              [
                27.856905271000073,
                -26.38359278799993
              ],
              [
                27.856670345000055,
                -26.383438212999977
              ],
              [
                27.856451082000035,
                -26.383295895999936
              ],
              [
                27.85634213000003,
                -26.383231886999965
              ],
              [
                27.85631134600004,
                -26.38321482899994
              ],
              [
                27.856235221000077,
                -26.383172644999945
              ],
              [
                27.85616236000004,
                -26.383137916999942
              ],
              [
                27.856079081000075,
                -26.383101033999935
              ],
              [
                27.85573867100004,
                -26.38290176099997
              ],
              [
                27.85487738200004,
                -26.38239757399998
              ],
              [
                27.85487738200004,
                -26.382252123999933
              ],
              [
                27.855034871000043,
                -26.382048474999976
              ],
              [
                27.85395145800004,
                -26.381328914999983
              ],
              [
                27.853375809000056,
                -26.380956916999935
              ],
              [
                27.852706504000025,
                -26.38054189899998
              ],
              [
                27.852618234000033,
                -26.380487165999966
              ],
              [
                27.85220822100007,
                -26.38019662599993
              ],
              [
                27.852136873000063,
                -26.380264000999944
              ],
              [
                27.852061628000058,
                -26.38021808299993
              ],
              [
                27.851414436000027,
                -26.379788314999928
              ],
              [
                27.850903035000044,
                -26.37944871899998
              ],
              [
                27.850614243000052,
                -26.379257638999945
              ],
              [
                27.849693514000023,
                -26.378648434999945
              ],
              [
                27.849532104000048,
                -26.37844731399997
              ],
              [
                27.849537343000065,
                -26.378440205999937
              ],
              [
                27.849546187000044,
                -26.378426540999953
              ],
              [
                27.84908715000006,
                -26.378125874999967
              ],
              [
                27.848542725000073,
                -26.377772385999947
              ],
              [
                27.84853643400004,
                -26.377781079999977
              ],
              [
                27.847957432000044,
                -26.377397954999935
              ],
              [
                27.84773599400006,
                -26.376936342999954
              ],
              [
                27.84751284500004,
                -26.37670084399997
              ],
              [
                27.84751123700005,
                -26.376701647999937
              ],
              [
                27.846917897000026,
                -26.377050509999947
              ],
              [
                27.84658595800005,
                -26.377259180999943
              ],
              [
                27.845852990000026,
                -26.377633292999974
              ],
              [
                27.84553459500006,
                -26.37778784799997
              ],
              [
                27.845532605000074,
                -26.377795806999927
              ],
              [
                27.845439076000048,
                -26.377843566999957
              ],
              [
                27.845430453000063,
                -26.377834279999945
              ],
              [
                27.845275898000068,
                -26.377914541999928
              ],
              [
                27.84527921600005,
                -26.37791984699993
              ],
              [
                27.844910415000072,
                -26.378112949999945
              ],
              [
                27.844285342000035,
                -26.37846878099998
              ],
              [
                27.844052330000068,
                -26.378648648999956
              ],
              [
                27.843780483000046,
                -26.378867353999965
              ],
              [
                27.84233949000003,
                -26.37985867599997
              ],
              [
                27.841577092000023,
                -26.380326741999966
              ],
              [
                27.841207135000047,
                -26.380602676999956
              ],
              [
                27.841109023000058,
                -26.380657863999943
              ],
              [
                27.841029310000067,
                -26.380704874999935
              ],
              [
                27.840923024000062,
                -26.38071918299994
              ],
              [
                27.840634825000052,
                -26.38084590899996
              ],
              [
                27.84057146200007,
                -26.380854083999964
              ],
              [
                27.840395681000075,
                -26.380884743999957
              ],
              [
                27.840150406000078,
                -26.380890875999967
              ],
              [
                27.840035905000036,
                -26.38091199799993
              ]
            ]
          ],
          [
            [
              [
                27.872750044000043,
                -26.416195457999947
              ],
              [
                27.872756000000038,
                -26.416262999999958
              ],
              [
                27.872813378000046,
                -26.416787185999965
              ],
              [
                27.872874102000026,
                -26.417341068999974
              ],
              [
                27.872922823000067,
                -26.41739772899996
              ],
              [
                27.87296116500005,
                -26.41767889399995
              ],
              [
                27.873070709000046,
                -26.417658810999967
              ],
              [
                27.873120004000043,
                -26.41806595099996
              ],
              [
                27.873152867000044,
                -26.418062299999974
              ],
              [
                27.87316747400007,
                -26.418107943999928
              ],
              [
                27.873143739000056,
                -26.41829964699997
              ],
              [
                27.873110876000055,
                -26.418717741999956
              ],
              [
                27.87313643600004,
                -26.418867451999972
              ],
              [
                27.87315469400005,
                -26.418872929999964
              ],
              [
                27.873160171000052,
                -26.41899708099993
              ],
              [
                27.873075173000075,
                -26.41899940199994
              ],
              [
                27.873056887000075,
                -26.41899964399994
              ],
              [
                27.87306754800005,
                -26.419093799999928
              ],
              [
                27.873113000000046,
                -26.419521999999972
              ],
              [
                27.87311687400006,
                -26.41955314599994
              ],
              [
                27.873197623000067,
                -26.420202399999937
              ],
              [
                27.873418193000077,
                -26.422235630999978
              ],
              [
                27.873437000000024,
                -26.42240899999996
              ],
              [
                27.873448057000076,
                -26.422508429999937
              ],
              [
                27.873718748000044,
                -26.42494267099994
              ],
              [
                27.874516235000044,
                -26.423954397999978
              ],
              [
                27.876814669000055,
                -26.42094118199998
              ],
              [
                27.87682395400003,
                -26.42092924399998
              ],
              [
                27.877337886000078,
                -26.420268474999943
              ],
              [
                27.879214821000062,
                -26.417889086999935
              ],
              [
                27.881135897000036,
                -26.415462890999947
              ],
              [
                27.88072970500008,
                -26.41507710099995
              ],
              [
                27.87969660400006,
                -26.41405883899995
              ],
              [
                27.878808175000074,
                -26.413190811999982
              ],
              [
                27.87798095200003,
                -26.412400684999966
              ],
              [
                27.877622983000037,
                -26.41211876099993
              ],
              [
                27.877018333000024,
                -26.411707003999936
              ],
              [
                27.87691295700006,
                -26.411649247999947
              ],
              [
                27.87638215000004,
                -26.411358310999958
              ],
              [
                27.875669923000032,
                -26.41107638699998
              ],
              [
                27.874182406000045,
                -26.41064608299996
              ],
              [
                27.87314230000004,
                -26.410342071999935
              ],
              [
                27.873148439000033,
                -26.411410176999937
              ],
              [
                27.87315028100005,
                -26.41165794699998
              ],
              [
                27.873152531000073,
                -26.41196059899994
              ],
              [
                27.873195500000065,
                -26.412531483999942
              ],
              [
                27.873334641000042,
                -26.41340724899993
              ],
              [
                27.873424673000045,
                -26.413738729999977
              ],
              [
                27.87345259500006,
                -26.413833773999954
              ],
              [
                27.873765742000046,
                -26.41489971699997
              ],
              [
                27.874356427000066,
                -26.41612746499993
              ],
              [
                27.874374431000035,
                -26.41616729599997
              ],
              [
                27.874089963000074,
                -26.41615421499995
              ],
              [
                27.872750044000043,
                -26.416195457999947
              ]
            ]
          ]
        ]
      }
    },
    {
      "type": "Feature",
      "properties": {
        "id": "lenasia-south",
        "name": "Lenasia South",
        "labelPriority": "secondary",
        "selectionBasis": "census-main-place",
        "subPlaceCount": 2
      },
      "geometry": {
        "type": "MultiPolygon",
        "coordinates": [
          [
            [
              [
                27.848542725000073,
                -26.377772385999947
              ],
              [
                27.84908715000006,
                -26.378125874999967
              ],
              [
                27.849546187000044,
                -26.378426540999953
              ],
              [
                27.849537343000065,
                -26.378440205999937
              ],
              [
                27.849532104000048,
                -26.37844731399997
              ],
              [
                27.849693514000023,
                -26.378648434999945
              ],
              [
                27.850614243000052,
                -26.379257638999945
              ],
              [
                27.850903035000044,
                -26.37944871899998
              ],
              [
                27.851414436000027,
                -26.379788314999928
              ],
              [
                27.852061628000058,
                -26.38021808299993
              ],
              [
                27.852136873000063,
                -26.380264000999944
              ],
              [
                27.85220822100007,
                -26.38019662599993
              ],
              [
                27.852618234000033,
                -26.380487165999966
              ],
              [
                27.852706504000025,
                -26.38054189899998
              ],
              [
                27.853375809000056,
                -26.380956916999935
              ],
              [
                27.85395145800004,
                -26.381328914999983
              ],
              [
                27.855034871000043,
                -26.382048474999976
              ],
              [
                27.85487738200004,
                -26.382252123999933
              ],
              [
                27.85487738200004,
                -26.38239757399998
              ],
              [
                27.85573867100004,
                -26.38290176099997
              ],
              [
                27.856079081000075,
                -26.383101033999935
              ],
              [
                27.85616236000004,
                -26.383137916999942
              ],
              [
                27.856235221000077,
                -26.383172644999945
              ],
              [
                27.85631134600004,
                -26.38321482899994
              ],
              [
                27.85634213000003,
                -26.383231886999965
              ],
              [
                27.856451082000035,
                -26.383295895999936
              ],
              [
                27.856670345000055,
                -26.383438212999977
              ],
              [
                27.856905271000073,
                -26.38359278799993
              ],
              [
                27.857096616000035,
                -26.38372420999997
              ],
              [
                27.857324731000062,
                -26.38387537999995
              ],
              [
                27.857497692000038,
                -26.38399045899996
              ],
              [
                27.857625710000036,
                -26.38407489599996
              ],
              [
                27.85785450700007,
                -26.384228108999935
              ],
              [
                27.858128247000025,
                -26.38440992099993
              ],
              [
                27.858314825000036,
                -26.384539979999943
              ],
              [
                27.858393629000034,
                -26.384590940999942
              ],
              [
                27.85841696700004,
                -26.384606032999955
              ],
              [
                27.85867232100003,
                -26.38477218299994
              ],
              [
                27.85881327800007,
                -26.384869557999934
              ],
              [
                27.859084292000034,
                -26.385049326999933
              ],
              [
                27.859397527000056,
                -26.385258375999967
              ],
              [
                27.859629729000062,
                -26.385414313999945
              ],
              [
                27.859844907000024,
                -26.38555526899995
              ],
              [
                27.860084701000062,
                -26.385717444999955
              ],
              [
                27.860103666000043,
                -26.385730271999932
              ],
              [
                27.86022896000003,
                -26.385812665999936
              ],
              [
                27.860465928000053,
                -26.38597064499993
              ],
              [
                27.860806400000058,
                -26.386199441999963
              ],
              [
                27.861196582000048,
                -26.386460243999977
              ],
              [
                27.861485302000062,
                -26.386650908999968
              ],
              [
                27.861585400000024,
                -26.38671900299994
              ],
              [
                27.86192791600007,
                -26.38694507599996
              ],
              [
                27.862074319000044,
                -26.387043812999934
              ],
              [
                27.862263621000068,
                -26.387169787999937
              ],
              [
                27.862493099000062,
                -26.38732299999998
              ],
              [
                27.86263064900004,
                -26.38741492799994
              ],
              [
                27.862761154000054,
                -26.387507893999953
              ],
              [
                27.862786914000026,
                -26.387525034999953
              ],
              [
                27.862983390000068,
                -26.387655774999928
              ],
              [
                27.863757201000055,
                -26.388183115999936
              ],
              [
                27.86407367700008,
                -26.388451712999938
              ],
              [
                27.864349281000045,
                -26.388750672999947
              ],
              [
                27.86445088000005,
                -26.388880299999983
              ],
              [
                27.86458284300005,
                -26.38906598099993
              ],
              [
                27.864858446000028,
                -26.38953777699993
              ],
              [
                27.865102500000035,
                -26.389926939999953
              ],
              [
                27.865676949000033,
                -26.388371135999932
              ],
              [
                27.865955529000075,
                -26.387670197999967
              ],
              [
                27.86596451400004,
                -26.386960272999943
              ],
              [
                27.865901610000037,
                -26.38613352699997
              ],
              [
                27.86573086800007,
                -26.38510907799997
              ],
              [
                27.86572188200006,
                -26.383617337999965
              ],
              [
                27.864185878000058,
                -26.383699433999936
              ],
              [
                27.864034866000054,
                -26.382337178999933
              ],
              [
                27.863989384000035,
                -26.381781858999943
              ],
              [
                27.863759290000075,
                -26.378972438999938
              ],
              [
                27.86233727700005,
                -26.378956465999977
              ],
              [
                27.86187973500006,
                -26.37896583099996
              ],
              [
                27.861851244000036,
                -26.378966413999933
              ],
              [
                27.861411667000027,
                -26.378975410999942
              ],
              [
                27.858832664000033,
                -26.377793296999982
              ],
              [
                27.85865149800003,
                -26.37771025799998
              ],
              [
                27.85858345300005,
                -26.377679068999953
              ],
              [
                27.858589034000033,
                -26.377584169999977
              ],
              [
                27.85864663500007,
                -26.37719212899998
              ],
              [
                27.858780118000027,
                -26.376283592999982
              ],
              [
                27.858802533000073,
                -26.376007794999964
              ],
              [
                27.858858354000063,
                -26.375320933999944
              ],
              [
                27.857890162000047,
                -26.375245629999938
              ],
              [
                27.857842134000066,
                -26.375544882999975
              ],
              [
                27.85476148400005,
                -26.37400168599993
              ],
              [
                27.854428252000048,
                -26.37410065699993
              ],
              [
                27.85401552700006,
                -26.37422867799995
              ],
              [
                27.853928933000077,
                -26.37415561299997
              ],
              [
                27.853590668000038,
                -26.37425751799998
              ],
              [
                27.85375636200007,
                -26.37469460799997
              ],
              [
                27.853689255000063,
                -26.374822321999943
              ],
              [
                27.853076121000072,
                -26.37587233599993
              ],
              [
                27.853041923000035,
                -26.375930901999936
              ],
              [
                27.852907233000053,
                -26.37617200899996
              ],
              [
                27.852732756000023,
                -26.376486229999955
              ],
              [
                27.852670557000067,
                -26.376595279999947
              ],
              [
                27.852632592000077,
                -26.376651822999975
              ],
              [
                27.852564740000048,
                -26.376749562999976
              ],
              [
                27.852168934000076,
                -26.376483806999943
              ],
              [
                27.851250502000028,
                -26.37587394199994
              ],
              [
                27.85046838100004,
                -26.37535384199998
              ],
              [
                27.850458435000064,
                -26.375350313999945
              ],
              [
                27.85045444700006,
                -26.375348388999953
              ],
              [
                27.850396895000074,
                -26.375367168999958
              ],
              [
                27.85038435200005,
                -26.37538404099996
              ],
              [
                27.849930697000048,
                -26.375971276999962
              ],
              [
                27.849075352000057,
                -26.377073450999944
              ],
              [
                27.848613466000074,
                -26.377674636999927
              ],
              [
                27.848542725000073,
                -26.377772385999947
              ]
            ]
          ],
          [
            [
              [
                27.873137968000037,
                -26.409875541999952
              ],
              [
                27.87314230000004,
                -26.410342071999935
              ],
              [
                27.874182406000045,
                -26.41064608299996
              ],
              [
                27.875669923000032,
                -26.41107638699998
              ],
              [
                27.87638215000004,
                -26.411358310999958
              ],
              [
                27.87691295700006,
                -26.411649247999947
              ],
              [
                27.877018333000024,
                -26.411707003999936
              ],
              [
                27.877622983000037,
                -26.41211876099993
              ],
              [
                27.87798095200003,
                -26.412400684999966
              ],
              [
                27.878808175000074,
                -26.413190811999982
              ],
              [
                27.87969660400006,
                -26.41405883899995
              ],
              [
                27.88072970500008,
                -26.41507710099995
              ],
              [
                27.881135897000036,
                -26.415462890999947
              ],
              [
                27.881791038000074,
                -26.414624492999963
              ],
              [
                27.882531064000034,
                -26.413655655999946
              ],
              [
                27.883271093000076,
                -26.41273010699996
              ],
              [
                27.883955461000028,
                -26.41181486499994
              ],
              [
                27.884759391000046,
                -26.41079449299997
              ],
              [
                27.885482927000055,
                -26.40978648999993
              ],
              [
                27.88616111300007,
                -26.408922781999934
              ],
              [
                27.886921753000024,
                -26.407947760999946
              ],
              [
                27.88771125200003,
                -26.40690471599993
              ],
              [
                27.88839150000007,
                -26.406030698999928
              ],
              [
                27.889038766000056,
                -26.405183480999938
              ],
              [
                27.889700461000075,
                -26.40433832599996
              ],
              [
                27.89007698200004,
                -26.403833910999936
              ],
              [
                27.890440092000063,
                -26.40332604899993
              ],
              [
                27.89080320200003,
                -26.402778928999965
              ],
              [
                27.891110983000033,
                -26.40231416399996
              ],
              [
                27.890608601000054,
                -26.401824734999934
              ],
              [
                27.89057500000007,
                -26.401791999999944
              ],
              [
                27.88970394300003,
                -26.401659219999942
              ],
              [
                27.89014244400005,
                -26.398451917999978
              ],
              [
                27.890300446000026,
                -26.397149268999954
              ],
              [
                27.890038722000043,
                -26.397224665999943
              ],
              [
                27.889311603000067,
                -26.397434129999965
              ],
              [
                27.889169000000038,
                -26.397029999999972
              ],
              [
                27.88880000000006,
                -26.395970999999975
              ],
              [
                27.888612521000027,
                -26.39543386799994
              ],
              [
                27.88847400000003,
                -26.395036999999945
              ],
              [
                27.888164000000074,
                -26.394149999999968
              ],
              [
                27.88782800000007,
                -26.393187999999952
              ],
              [
                27.887549000000035,
                -26.392389999999978
              ],
              [
                27.88734100000005,
                -26.391790999999955
              ],
              [
                27.887321486000076,
                -26.39173524399996
              ],
              [
                27.887005000000045,
                -26.390830999999935
              ],
              [
                27.886953584000025,
                -26.390683441999954
              ],
              [
                27.886713000000043,
                -26.389992999999947
              ],
              [
                27.88636900000006,
                -26.38900899999993
              ],
              [
                27.88626017200005,
                -26.388696721999963
              ],
              [
                27.88604068500007,
                -26.388066908999974
              ],
              [
                27.88571158700006,
                -26.38712401099997
              ],
              [
                27.885429989000045,
                -26.38631720099994
              ],
              [
                27.885226970000076,
                -26.38577093599997
              ],
              [
                27.88480828200005,
                -26.38571738299993
              ],
              [
                27.883667441000057,
                -26.385796900999935
              ],
              [
                27.883563577000075,
                -26.385807287999967
              ],
              [
                27.88329419400003,
                -26.38583422599993
              ],
              [
                27.881117963000065,
                -26.38593070199994
              ],
              [
                27.880324834000078,
                -26.387848222999935
              ],
              [
                27.879961626000068,
                -26.388730048999946
              ],
              [
                27.87958270300004,
                -26.38965203899994
              ],
              [
                27.878681667000023,
                -26.39183302999993
              ],
              [
                27.878321953000068,
                -26.39270437999994
              ],
              [
                27.878061770000045,
                -26.39332602299993
              ],
              [
                27.877218361000075,
                -26.393065840999952
              ],
              [
                27.875812677000056,
                -26.392645008999978
              ],
              [
                27.87407696300005,
                -26.39212638999993
              ],
              [
                27.874117126000044,
                -26.393526834999932
              ],
              [
                27.87413693700006,
                -26.39427967699993
              ],
              [
                27.87420565700006,
                -26.394307888999947
              ],
              [
                27.875379659000032,
                -26.394794571999967
              ],
              [
                27.87623101300005,
                -26.395142976999978
              ],
              [
                27.876712723000026,
                -26.395333535999953
              ],
              [
                27.87715286300005,
                -26.395507648999967
              ],
              [
                27.876868173000048,
                -26.396219370999972
              ],
              [
                27.87661330900005,
                -26.396815860999936
              ],
              [
                27.876357090000056,
                -26.397476066999957
              ],
              [
                27.876087313000028,
                -26.398220324999954
              ],
              [
                27.87587311900006,
                -26.398838505999947
              ],
              [
                27.875856879000025,
                -26.39888938499996
              ],
              [
                27.875167631000068,
                -26.401048797999977
              ],
              [
                27.875112495000053,
                -26.40122153899995
              ],
              [
                27.874374886000055,
                -26.403744184999937
              ],
              [
                27.873546263000037,
                -26.406506264999962
              ],
              [
                27.873464485000056,
                -26.40678470599994
              ],
              [
                27.87335646200006,
                -26.40715250599993
              ],
              [
                27.87330146900007,
                -26.40739478499995
              ],
              [
                27.873191476000045,
                -26.407993792999946
              ],
              [
                27.873181071000033,
                -26.408227154999963
              ],
              [
                27.873157289000062,
                -26.40901344599996
              ],
              [
                27.873137968000037,
                -26.409875541999952
              ]
            ]
          ]
        ]
      }
    },
    {
      "type": "Feature",
      "properties": {
        "id": "lehae",
        "name": "Lehae",
        "labelPriority": "secondary",
        "selectionBasis": "census-main-place",
        "subPlaceCount": 1
      },
      "geometry": {
        "type": "Polygon",
        "coordinates": [
          [
            [
              27.89210813400007,
              -26.337604770999974
            ],
            [
              27.893413422000037,
              -26.338319243999933
            ],
            [
              27.89377564800003,
              -26.338517514999978
            ],
            [
              27.896007358000077,
              -26.339728655999977
            ],
            [
              27.89818782100008,
              -26.340910255999972
            ],
            [
              27.89836554200008,
              -26.34100758099993
            ],
            [
              27.89856301100008,
              -26.341111955999963
            ],
            [
              27.898675850000075,
              -26.341169785999966
            ],
            [
              27.89881408000008,
              -26.34123748999997
            ],
            [
              27.89890011800003,
              -26.341276983999933
            ],
            [
              27.899070789000064,
              -26.341347508999945
            ],
            [
              27.899633574000063,
              -26.341560492999974
            ],
            [
              27.900255336000043,
              -26.34180338899995
            ],
            [
              27.899530466000044,
              -26.34297904699997
            ],
            [
              27.898573188000057,
              -26.34485678599998
            ],
            [
              27.89815026100007,
              -26.345683269999938
            ],
            [
              27.897608546000072,
              -26.34674188799994
            ],
            [
              27.89649663000006,
              -26.348884718999955
            ],
            [
              27.896357111000043,
              -26.349157138999942
            ],
            [
              27.896270752000078,
              -26.349325759999942
            ],
            [
              27.895565125000076,
              -26.350703548999945
            ],
            [
              27.895105570000055,
              -26.351679313999966
            ],
            [
              27.895027576000075,
              -26.351844917999983
            ],
            [
              27.89461152800004,
              -26.352783786999964
            ],
            [
              27.894535623000024,
              -26.352962444999946
            ],
            [
              27.893768387000023,
              -26.354768299999932
            ],
            [
              27.89353859700003,
              -26.35534277199997
            ],
            [
              27.89300256300004,
              -26.356682855999964
            ],
            [
              27.89281315100004,
              -26.357176005999975
            ],
            [
              27.892796360000034,
              -26.357219722999957
            ],
            [
              27.89221200000003,
              -26.35721099999995
            ],
            [
              27.891646313000024,
              -26.357224884999937
            ],
            [
              27.890841195000064,
              -26.35724464699996
            ],
            [
              27.888156163000076,
              -26.35731055399998
            ],
            [
              27.888079866000055,
              -26.357312426999954
            ],
            [
              27.885757712000043,
              -26.357369425999934
            ],
            [
              27.885001000000045,
              -26.357387999999958
            ],
            [
              27.884727000000055,
              -26.357298999999955
            ],
            [
              27.884725891000073,
              -26.357298537999952
            ],
            [
              27.88468410200005,
              -26.357284811999932
            ],
            [
              27.88448946500006,
              -26.35722088899996
            ],
            [
              27.878613038000026,
              -26.355222569999967
            ],
            [
              27.87784085000004,
              -26.354959979999933
            ],
            [
              27.877910443000076,
              -26.354299285999957
            ],
            [
              27.87821305800003,
              -26.35192966099993
            ],
            [
              27.878279735000035,
              -26.351375722999933
            ],
            [
              27.87894138400003,
              -26.351201334999928
            ],
            [
              27.878823416000046,
              -26.349031742999955
            ],
            [
              27.878690060000054,
              -26.346862150999982
            ],
            [
              27.882516338000073,
              -26.341261218999932
            ],
            [
              27.885099656000023,
              -26.337585127999944
            ],
            [
              27.88515565600005,
              -26.337505438999983
            ],
            [
              27.886137731000076,
              -26.337613122999983
            ],
            [
              27.88647581200007,
              -26.337653314999955
            ],
            [
              27.88660347900003,
              -26.33766040599994
            ],
            [
              27.88672168900007,
              -26.33766277099994
            ],
            [
              27.886794979000058,
              -26.337653314999955
            ],
            [
              27.886906096000075,
              -26.337617851999937
            ],
            [
              27.88701012100006,
              -26.337580023999976
            ],
            [
              27.887154337000027,
              -26.33750909799994
            ],
            [
              27.887206350000042,
              -26.33747599999998
            ],
            [
              27.88725836200007,
              -26.337435807999952
            ],
            [
              27.88731510300005,
              -26.337388523999948
            ],
            [
              27.887362386000063,
              -26.33733414699998
            ],
            [
              27.887426221000055,
              -26.337246671999935
            ],
            [
              27.887480597000035,
              -26.33714028299994
            ],
            [
              27.887518424000064,
              -26.33702916599998
            ],
            [
              27.887560980000046,
              -26.336726547999945
            ],
            [
              27.88774065900003,
              -26.335492434999935
            ],
            [
              27.88777240400003,
              -26.335250384999938
            ],
            [
              27.888127050000037,
              -26.335444378999966
            ],
            [
              27.888271099000065,
              -26.335524014999976
            ],
            [
              27.888660266000045,
              -26.335739160999935
            ],
            [
              27.891155269000024,
              -26.33709573999994
            ],
            [
              27.89210813400007,
              -26.337604770999974
            ]
          ]
        ]
      }
    },
    {
      "type": "Feature",
      "properties": {
        "id": "vlakfontein",
        "name": "Vlakfontein",
        "labelPriority": "secondary",
        "selectionBasis": "census-main-place",
        "subPlaceCount": 1
      },
      "geometry": {
        "type": "Polygon",
        "coordinates": [
          [
            [
              27.891568000000063,
              -26.370912999999973
            ],
            [
              27.891775000000052,
              -26.37131299999993
            ],
            [
              27.89198700000003,
              -26.371721999999977
            ],
            [
              27.89220812700006,
              -26.372151273999975
            ],
            [
              27.89240568400004,
              -26.372532381999974
            ],
            [
              27.89256097200007,
              -26.372833190999984
            ],
            [
              27.892710389000058,
              -26.373122439999975
            ],
            [
              27.89286500000003,
              -26.373421999999948
            ],
            [
              27.893085000000042,
              -26.373847999999953
            ],
            [
              27.893212000000062,
              -26.37409299999996
            ],
            [
              27.893299890000037,
              -26.37426297199994
            ],
            [
              27.893439000000058,
              -26.37453199999993
            ],
            [
              27.89358241700006,
              -26.374523600999964
            ],
            [
              27.893565527000078,
              -26.374805841999944
            ],
            [
              27.89357218300006,
              -26.374878472999967
            ],
            [
              27.894009767000057,
              -26.375044293999963
            ],
            [
              27.895077471000036,
              -26.37547174399998
            ],
            [
              27.89571312000004,
              -26.375717711999982
            ],
            [
              27.896290730000032,
              -26.375954467999975
            ],
            [
              27.896895978000032,
              -26.37618201199996
            ],
            [
              27.89714919900007,
              -26.376284708999947
            ],
            [
              27.897121429000038,
              -26.37634467999993
            ],
            [
              27.896930695000037,
              -26.376760481999952
            ],
            [
              27.896899706000056,
              -26.37683065999994
            ],
            [
              27.89644050700008,
              -26.377870558999973
            ],
            [
              27.89635444000004,
              -26.37821287099996
            ],
            [
              27.896020890000045,
              -26.379539489999956
            ],
            [
              27.895740509000063,
              -26.380510329999936
            ],
            [
              27.895569609000063,
              -26.381277636999982
            ],
            [
              27.89546012900007,
              -26.381769179999935
            ],
            [
              27.895398038000053,
              -26.382462160999978
            ],
            [
              27.895353318000048,
              -26.382961272999978
            ],
            [
              27.895330430000058,
              -26.383230208999976
            ],
            [
              27.895120621000046,
              -26.38525009199998
            ],
            [
              27.89512447800007,
              -26.385398332999955
            ],
            [
              27.89518928600006,
              -26.387889861999952
            ],
            [
              27.89518928600006,
              -26.387939097999947
            ],
            [
              27.89518928600006,
              -26.38949012699993
            ],
            [
              27.89521026600005,
              -26.38981056199998
            ],
            [
              27.895259857000042,
              -26.390539168999965
            ],
            [
              27.895259857000042,
              -26.39164924599993
            ],
            [
              27.894840240000065,
              -26.393600463999974
            ],
            [
              27.894630432000042,
              -26.395339965999938
            ],
            [
              27.89399910000003,
              -26.39715003899994
            ],
            [
              27.89384651200004,
              -26.397466658999974
            ],
            [
              27.893899918000045,
              -26.397600172999944
            ],
            [
              27.894029618000047,
              -26.398359297999946
            ],
            [
              27.894359589000032,
              -26.39919090199993
            ],
            [
              27.894210815000065,
              -26.400320051999984
            ],
            [
              27.893560410000077,
              -26.40203094499998
            ],
            [
              27.89361000100007,
              -26.40313911399994
            ],
            [
              27.893159867000065,
              -26.40431022599995
            ],
            [
              27.89111158000003,
              -26.402314745999945
            ],
            [
              27.891110983000033,
              -26.40231416399996
            ],
            [
              27.890608601000054,
              -26.401824734999934
            ],
            [
              27.89057500000007,
              -26.401791999999944
            ],
            [
              27.88970394300003,
              -26.401659219999942
            ],
            [
              27.89014244400005,
              -26.398451917999978
            ],
            [
              27.890300446000026,
              -26.397149268999954
            ],
            [
              27.890038722000043,
              -26.397224665999943
            ],
            [
              27.889311603000067,
              -26.397434129999965
            ],
            [
              27.889169000000038,
              -26.397029999999972
            ],
            [
              27.88880000000006,
              -26.395970999999975
            ],
            [
              27.888612521000027,
              -26.39543386799994
            ],
            [
              27.88847400000003,
              -26.395036999999945
            ],
            [
              27.888164000000074,
              -26.394149999999968
            ],
            [
              27.88782800000007,
              -26.393187999999952
            ],
            [
              27.887549000000035,
              -26.392389999999978
            ],
            [
              27.88734100000005,
              -26.391790999999955
            ],
            [
              27.887321486000076,
              -26.39173524399996
            ],
            [
              27.887005000000045,
              -26.390830999999935
            ],
            [
              27.886953584000025,
              -26.390683441999954
            ],
            [
              27.886713000000043,
              -26.389992999999947
            ],
            [
              27.88636900000006,
              -26.38900899999993
            ],
            [
              27.88626017200005,
              -26.388696721999963
            ],
            [
              27.88604068500007,
              -26.388066908999974
            ],
            [
              27.88571158700006,
              -26.38712401099997
            ],
            [
              27.885429989000045,
              -26.38631720099994
            ],
            [
              27.885226970000076,
              -26.38577093599997
            ],
            [
              27.88480828200005,
              -26.38571738299993
            ],
            [
              27.883667441000057,
              -26.385796900999935
            ],
            [
              27.883563577000075,
              -26.385807287999967
            ],
            [
              27.88329419400003,
              -26.38583422599993
            ],
            [
              27.881117963000065,
              -26.38593070199994
            ],
            [
              27.881605697000055,
              -26.38474761799995
            ],
            [
              27.88216772000004,
              -26.383372621999968
            ],
            [
              27.88231422900003,
              -26.383014187999947
            ],
            [
              27.88246941700004,
              -26.38262765299993
            ],
            [
              27.882670142000052,
              -26.382127698999966
            ],
            [
              27.882198000000074,
              -26.382068999999944
            ],
            [
              27.88052183600007,
              -26.381876026999976
            ],
            [
              27.880400000000066,
              -26.381861999999956
            ],
            [
              27.878436187000034,
              -26.38183812699998
            ],
            [
              27.876158751000048,
              -26.381326343999945
            ],
            [
              27.873687000000075,
              -26.38050899999996
            ],
            [
              27.873632158000078,
              -26.37882478299997
            ],
            [
              27.87363089200005,
              -26.37878535599998
            ],
            [
              27.873616683000023,
              -26.378342724999982
            ],
            [
              27.873616438000056,
              -26.37833509199993
            ],
            [
              27.87360013400007,
              -26.377827217999936
            ],
            [
              27.873569126000064,
              -26.37688668499993
            ],
            [
              27.87351988300003,
              -26.375355928999966
            ],
            [
              27.873508409000067,
              -26.374999274999936
            ],
            [
              27.87350200000003,
              -26.374799999999937
            ],
            [
              27.873084851000044,
              -26.374788310999975
            ],
            [
              27.872934515000054,
              -26.373895886999946
            ],
            [
              27.873304286000064,
              -26.373930659999928
            ],
            [
              27.873306804000038,
              -26.37388784099994
            ],
            [
              27.873319398000035,
              -26.37366114699995
            ],
            [
              27.873354662000054,
              -26.37338407699997
            ],
            [
              27.873372292000056,
              -26.37338407699997
            ],
            [
              27.873443053000074,
              -26.37338407699997
            ],
            [
              27.87337657000006,
              -26.370792324999968
            ],
            [
              27.873360000000048,
              -26.37044499999996
            ],
            [
              27.87511928600003,
              -26.370876574999954
            ],
            [
              27.87534741500008,
              -26.370934716999955
            ],
            [
              27.875369806000037,
              -26.370922287999974
            ],
            [
              27.87541118000007,
              -26.370899317999942
            ],
            [
              27.87555512800003,
              -26.370803717999934
            ],
            [
              27.875746970000023,
              -26.370711967999966
            ],
            [
              27.87592955300005,
              -26.37063935499998
            ],
            [
              27.87614658700005,
              -26.370609419999937
            ],
            [
              27.876352394000037,
              -26.37065058099995
            ],
            [
              27.876453427000058,
              -26.370695484999942
            ],
            [
              27.876662976000034,
              -26.37070671099997
            ],
            [
              27.876719666000042,
              -26.37072050699993
            ],
            [
              27.877586785000062,
              -26.370850790999953
            ],
            [
              27.877681641000038,
              -26.370453948999966
            ],
            [
              27.87775349900005,
              -26.370153323999943
            ],
            [
              27.877777000000037,
              -26.37005499999998
            ],
            [
              27.878007317000026,
              -26.36909065699996
            ],
            [
              27.878319000000033,
              -26.36778899999996
            ],
            [
              27.87963353300006,
              -26.36828449999996
            ],
            [
              27.881626698000048,
              -26.369035719999943
            ],
            [
              27.883705000000077,
              -26.369813999999963
            ],
            [
              27.885813209000048,
              -26.370515145999946
            ],
            [
              27.886799000000053,
              -26.37084299999998
            ],
            [
              27.887198151000064,
              -26.370971087999976
            ],
            [
              27.88742638100007,
              -26.370438228999944
            ],
            [
              27.887746582000034,
              -26.369664031999946
            ],
            [
              27.88812691700008,
              -26.368715452999936
            ],
            [
              27.888439601000073,
              -26.36794576699998
            ],
            [
              27.888767321000046,
              -26.367146012999967
            ],
            [
              27.889107065000076,
              -26.366307173999928
            ],
            [
              27.889141034000033,
              -26.36621852999997
            ],
            [
              27.889313024000046,
              -26.366563465999945
            ],
            [
              27.889529667000033,
              -26.36698001299993
            ],
            [
              27.88968303000007,
              -26.36727825899993
            ],
            [
              27.889916000000028,
              -26.36771699999997
            ],
            [
              27.89013600000004,
              -26.368141999999978
            ],
            [
              27.890242000000057,
              -26.36834699999997
            ],
            [
              27.890424000000053,
              -26.368698999999935
            ],
            [
              27.890551000000073,
              -26.36894499999994
            ],
            [
              27.890615000000025,
              -26.36906799999997
            ],
            [
              27.89067196700006,
              -26.369178767999983
            ],
            [
              27.890741000000048,
              -26.369312999999977
            ],
            [
              27.890805000000057,
              -26.36943599999995
            ],
            [
              27.890932000000078,
              -26.369680999999957
            ],
            [
              27.891170000000045,
              -26.370142999999928
            ],
            [
              27.891376000000037,
              -26.37053999999995
            ],
            [
              27.891568000000063,
              -26.370912999999973
            ]
          ]
        ]
      }
    },
    {
      "type": "Feature",
      "properties": {
        "id": "ennerdale",
        "name": "Ennerdale",
        "labelPriority": "secondary",
        "selectionBasis": "census-main-place",
        "subPlaceCount": 13
      },
      "geometry": {
        "type": "Polygon",
        "coordinates": [
          [
            [
              27.807677316000024,
              -26.42379951399994
            ],
            [
              27.810757556000056,
              -26.42448164299998
            ],
            [
              27.81446663500003,
              -26.42530765899994
            ],
            [
              27.817536215000075,
              -26.42601110499993
            ],
            [
              27.81954207800004,
              -26.426463654999964
            ],
            [
              27.82147221100007,
              -26.426899936999973
            ],
            [
              27.82178699600007,
              -26.426966207999953
            ],
            [
              27.82255463100006,
              -26.427137406999975
            ],
            [
              27.823662893000062,
              -26.427462634999983
            ],
            [
              27.82466041400005,
              -26.42760065799996
            ],
            [
              27.825981031000026,
              -26.428049228999953
            ],
            [
              27.826122190000035,
              -26.428526030999933
            ],
            [
              27.828440328000056,
              -26.428780115999928
            ],
            [
              27.829051626000023,
              -26.42892933099995
            ],
            [
              27.829464617000042,
              -26.428936171999965
            ],
            [
              27.829455649000067,
              -26.42872319299994
            ],
            [
              27.830407137000066,
              -26.428776978999963
            ],
            [
              27.830993730000046,
              -26.42881775899997
            ],
            [
              27.83105790600007,
              -26.42881661299998
            ],
            [
              27.832027579000055,
              -26.434537038999963
            ],
            [
              27.832439092000072,
              -26.436782248999975
            ],
            [
              27.833388574000026,
              -26.442734771999937
            ],
            [
              27.833991130000072,
              -26.446697031999975
            ],
            [
              27.83484760300007,
              -26.446551271999965
            ],
            [
              27.835779279000064,
              -26.44636333699998
            ],
            [
              27.837566655000046,
              -26.446099429999947
            ],
            [
              27.839781882000068,
              -26.445727559999966
            ],
            [
              27.841809175000037,
              -26.445391676999975
            ],
            [
              27.84465218400004,
              -26.444919840999944
            ],
            [
              27.846427563000077,
              -26.444595954999954
            ],
            [
              27.848998668000036,
              -26.444100126999956
            ],
            [
              27.851213895000058,
              -26.44369626799994
            ],
            [
              27.853069248000054,
              -26.44336438399995
            ],
            [
              27.85466093100007,
              -26.443088775999968
            ],
            [
              27.859036755000034,
              -26.439584184999944
            ],
            [
              27.860562324000057,
              -26.438356071999976
            ],
            [
              27.863297118000048,
              -26.436154509999938
            ],
            [
              27.865302393000036,
              -26.43450065299993
            ],
            [
              27.865831384000046,
              -26.434019280999962
            ],
            [
              27.866419330000042,
              -26.433484260999933
            ],
            [
              27.866448123000055,
              -26.433458061999943
            ],
            [
              27.866488798000034,
              -26.433421046999968
            ],
            [
              27.867565667000065,
              -26.432441118999975
            ],
            [
              27.869235251000077,
              -26.430681062999952
            ],
            [
              27.869308188000048,
              -26.43059349999993
            ],
            [
              27.870773245000066,
              -26.428834647999963
            ],
            [
              27.872537415000068,
              -26.426539995999974
            ],
            [
              27.872853280000072,
              -26.426112899999964
            ],
            [
              27.87285345300006,
              -26.426112667999973
            ],
            [
              27.873718748000044,
              -26.42494267099994
            ],
            [
              27.873448057000076,
              -26.422508429999937
            ],
            [
              27.873437000000024,
              -26.42240899999996
            ],
            [
              27.873418193000077,
              -26.422235630999978
            ],
            [
              27.873197623000067,
              -26.420202399999937
            ],
            [
              27.87311687400006,
              -26.41955314599994
            ],
            [
              27.873113000000046,
              -26.419521999999972
            ],
            [
              27.87306754800005,
              -26.419093799999928
            ],
            [
              27.873056887000075,
              -26.41899964399994
            ],
            [
              27.873075173000075,
              -26.41899940199994
            ],
            [
              27.873160171000052,
              -26.41899708099993
            ],
            [
              27.87315469400005,
              -26.418872929999964
            ],
            [
              27.87313643600004,
              -26.418867451999972
            ],
            [
              27.873110876000055,
              -26.418717741999956
            ],
            [
              27.873143739000056,
              -26.41829964699997
            ],
            [
              27.87316747400007,
              -26.418107943999928
            ],
            [
              27.873152867000044,
              -26.418062299999974
            ],
            [
              27.873120004000043,
              -26.41806595099996
            ],
            [
              27.873070709000046,
              -26.417658810999967
            ],
            [
              27.87296116500005,
              -26.41767889399995
            ],
            [
              27.872922823000067,
              -26.41739772899996
            ],
            [
              27.872874102000026,
              -26.417341068999974
            ],
            [
              27.872813378000046,
              -26.416787185999965
            ],
            [
              27.872756000000038,
              -26.416262999999958
            ],
            [
              27.872750044000043,
              -26.416195457999947
            ],
            [
              27.874089963000074,
              -26.41615421499995
            ],
            [
              27.874374431000035,
              -26.41616729599997
            ],
            [
              27.874356427000066,
              -26.41612746499993
            ],
            [
              27.873765742000046,
              -26.41489971699997
            ],
            [
              27.87345259500006,
              -26.413833773999954
            ],
            [
              27.873424673000045,
              -26.413738729999977
            ],
            [
              27.873334641000042,
              -26.41340724899993
            ],
            [
              27.873195500000065,
              -26.412531483999942
            ],
            [
              27.873152531000073,
              -26.41196059899994
            ],
            [
              27.87315028100005,
              -26.41165794699998
            ],
            [
              27.873148439000033,
              -26.411410176999937
            ],
            [
              27.87314230000004,
              -26.410342071999935
            ],
            [
              27.87266144800003,
              -26.410270453999942
            ],
            [
              27.870977441000036,
              -26.409799832999965
            ],
            [
              27.869394292000038,
              -26.409486425999944
            ],
            [
              27.86916861800006,
              -26.409441749999928
            ],
            [
              27.86897282700005,
              -26.409425661999933
            ],
            [
              27.86769946000004,
              -26.409321026999976
            ],
            [
              27.866310104000036,
              -26.40932307299994
            ],
            [
              27.86581902100005,
              -26.40935376599998
            ],
            [
              27.865716100000043,
              -26.40936616199997
            ],
            [
              27.865702073000023,
              -26.409367851999946
            ],
            [
              27.864527881000072,
              -26.409509274999948
            ],
            [
              27.863153486000044,
              -26.40970501299995
            ],
            [
              27.863084447000062,
              -26.409713998999962
            ],
            [
              27.863083093000057,
              -26.409714174999976
            ],
            [
              27.862300841000035,
              -26.40981598299993
            ],
            [
              27.861426682000058,
              -26.409934876999955
            ],
            [
              27.860760475000063,
              -26.410025573999974
            ],
            [
              27.860511759000076,
              -26.410059433999947
            ],
            [
              27.859574189000057,
              -26.41019418099995
            ],
            [
              27.85894551100006,
              -26.41027655399995
            ],
            [
              27.858658134000052,
              -26.41031420799993
            ],
            [
              27.857795298000042,
              -26.41043083699998
            ],
            [
              27.857164357000045,
              -26.41051857499997
            ],
            [
              27.856858861000035,
              -26.41056105599995
            ],
            [
              27.856798470000058,
              -26.410568999999953
            ],
            [
              27.85597224600008,
              -26.41067768599993
            ],
            [
              27.855259816000057,
              -26.41076388199997
            ],
            [
              27.855236047000062,
              -26.410714376999977
            ],
            [
              27.855085253000027,
              -26.410496463999948
            ],
            [
              27.854922378000026,
              -26.41025438799994
            ],
            [
              27.854762188000052,
              -26.41003915999994
            ],
            [
              27.85459086700007,
              -26.409827737999933
            ],
            [
              27.85440950900005,
              -26.409615805999977
            ],
            [
              27.854234406000046,
              -26.409426804999953
            ],
            [
              27.85386057100004,
              -26.409062003999964
            ],
            [
              27.853557050000063,
              -26.408808332999968
            ],
            [
              27.853306829000076,
              -26.408611831999963
            ],
            [
              27.852657950000037,
              -26.40815379999998
            ],
            [
              27.851616071000024,
              -26.407410205999952
            ],
            [
              27.850680216000057,
              -26.40676415599995
            ],
            [
              27.850083951000045,
              -26.40634541299994
            ],
            [
              27.849873007000042,
              -26.40619727099994
            ],
            [
              27.84956199800007,
              -26.40599652999998
            ],
            [
              27.849000768000053,
              -26.40566289999998
            ],
            [
              27.84840702400004,
              -26.405374509999945
            ],
            [
              27.847895272000073,
              -26.40514266799994
            ],
            [
              27.846832188000064,
              -26.40466767199996
            ],
            [
              27.846300645000042,
              -26.40443017499996
            ],
            [
              27.84596403200004,
              -26.40423713399997
            ],
            [
              27.845906229000036,
              -26.40420398599997
            ],
            [
              27.845330356000034,
              -26.403836669999976
            ],
            [
              27.84503969700006,
              -26.403624411999942
            ],
            [
              27.844687845000067,
              -26.40333566399994
            ],
            [
              27.844413759000076,
              -26.40307496199995
            ],
            [
              27.844095052000057,
              -26.402756255999975
            ],
            [
              27.84387997400006,
              -26.402513286999977
            ],
            [
              27.843574469000032,
              -26.402122193999958
            ],
            [
              27.843468961000042,
              -26.401965761999975
            ],
            [
              27.843232113000056,
              -26.40161460199994
            ],
            [
              27.843018140000027,
              -26.40123301799997
            ],
            [
              27.84289688800004,
              -26.400994081999954
            ],
            [
              27.84270431400006,
              -26.400548303999983
            ],
            [
              27.842554532000065,
              -26.40013105999998
            ],
            [
              27.84247251000005,
              -26.399861215999977
            ],
            [
              27.84238216600005,
              -26.399460611999928
            ],
            [
              27.842324764000068,
              -26.39916051499995
            ],
            [
              27.84231440800005,
              -26.399106367999934
            ],
            [
              27.842278746000034,
              -26.39883771199993
            ],
            [
              27.842266637000023,
              -26.39873685899994
            ],
            [
              27.84219553500003,
              -26.398144679999973
            ],
            [
              27.84211113400005,
              -26.39747423199998
            ],
            [
              27.842024355000035,
              -26.39676693399997
            ],
            [
              27.842012793000038,
              -26.39668327499993
            ],
            [
              27.84193764400004,
              -26.396139544999983
            ],
            [
              27.841937228000063,
              -26.396136533999936
            ],
            [
              27.84192331400004,
              -26.396035860999973
            ],
            [
              27.84183891400005,
              -26.395321428999978
            ],
            [
              27.84176640100003,
              -26.394713985999942
            ],
            [
              27.84168200000005,
              -26.39399242299993
            ],
            [
              27.84161186500006,
              -26.39343252799995
            ],
            [
              27.841519143000028,
              -26.39270264299995
            ],
            [
              27.84143355300006,
              -26.39202506299995
            ],
            [
              27.841428114000053,
              -26.391980917999945
            ],
            [
              27.841362700000047,
              -26.39145013199993
            ],
            [
              27.841350343000045,
              -26.39134986099998
            ],
            [
              27.841259999000044,
              -26.39064493999996
            ],
            [
              27.84117797600004,
              -26.39001015499997
            ],
            [
              27.84109238600007,
              -26.38932781999995
            ],
            [
              27.84101392900004,
              -26.388631218999933
            ],
            [
              27.840954493000027,
              -26.388052304999974
            ],
            [
              27.840924268000038,
              -26.387726079999936
            ],
            [
              27.840920020000056,
              -26.387680230999933
            ],
            [
              27.84075800000005,
              -26.38769999999994
            ],
            [
              27.840441000000055,
              -26.387741999999946
            ],
            [
              27.839795000000038,
              -26.387827999999956
            ],
            [
              27.839297000000045,
              -26.38789399999996
            ],
            [
              27.839137029000028,
              -26.387901417999956
            ],
            [
              27.838238000000047,
              -26.38794299999995
            ],
            [
              27.837582000000054,
              -26.388029999999958
            ],
            [
              27.836670000000026,
              -26.388150999999937
            ],
            [
              27.836551000000043,
              -26.388165999999956
            ],
            [
              27.835391000000072,
              -26.388319999999965
            ],
            [
              27.835285000000056,
              -26.388848999999936
            ],
            [
              27.835055000000068,
              -26.390003999999976
            ],
            [
              27.834511000000077,
              -26.39089699999994
            ],
            [
              27.834331000000077,
              -26.39113199999997
            ],
            [
              27.834275000000048,
              -26.39130499999993
            ],
            [
              27.834188151000035,
              -26.39157732999996
            ],
            [
              27.834092000000055,
              -26.391989999999964
            ],
            [
              27.83407200000005,
              -26.392079999999964
            ],
            [
              27.834062000000074,
              -26.39231499999994
            ],
            [
              27.834052000000042,
              -26.392560999999944
            ],
            [
              27.834111000000064,
              -26.392856999999935
            ],
            [
              27.834168000000034,
              -26.393179999999973
            ],
            [
              27.834209583000074,
              -26.39346971599997
            ],
            [
              27.834234399000024,
              -26.39371552199998
            ],
            [
              27.834262583000054,
              -26.39429244799993
            ],
            [
              27.834277000000043,
              -26.394579999999962
            ],
            [
              27.834287000000074,
              -26.39477899999997
            ],
            [
              27.834288000000072,
              -26.39533599999993
            ],
            [
              27.834268000000066,
              -26.396042999999963
            ],
            [
              27.834243000000072,
              -26.39644999999996
            ],
            [
              27.834283000000028,
              -26.397260999999958
            ],
            [
              27.834323391000055,
              -26.39799439899997
            ],
            [
              27.83449600000006,
              -26.399513999999954
            ],
            [
              27.83432830600003,
              -26.39982403399995
            ],
            [
              27.83434389200005,
              -26.399968115999968
            ],
            [
              27.834249202000024,
              -26.39997028399995
            ],
            [
              27.831645027000036,
              -26.399823554999955
            ],
            [
              27.830524930000024,
              -26.39953481899994
            ],
            [
              27.830191392000074,
              -26.39943276599996
            ],
            [
              27.830014119000055,
              -26.399336071999983
            ],
            [
              27.829034093000075,
              -26.39890038799996
            ],
            [
              27.828926035000052,
              -26.398854762999974
            ],
            [
              27.828960249000033,
              -26.398785285999963
            ],
            [
              27.828319586000077,
              -26.398509308999962
            ],
            [
              27.82829967300006,
              -26.39855909099998
            ],
            [
              27.828297103000068,
              -26.398567278999963
            ],
            [
              27.82825577400007,
              -26.398673841999937
            ],
            [
              27.828173380000067,
              -26.39893993399994
            ],
            [
              27.828211984000063,
              -26.39901424599998
            ],
            [
              27.827795696000067,
              -26.40048160599997
            ],
            [
              27.827575719000038,
              -26.401678008999966
            ],
            [
              27.826196967000044,
              -26.40183419599998
            ],
            [
              27.82556653000006,
              -26.401901082999927
            ],
            [
              27.82472486000006,
              -26.40199038199995
            ],
            [
              27.82347799300004,
              -26.40212539399994
            ],
            [
              27.823315587000025,
              -26.40214297899996
            ],
            [
              27.82204814000005,
              -26.402257874999975
            ],
            [
              27.820725039000024,
              -26.402361999999982
            ],
            [
              27.82002312000003,
              -26.40244278299997
            ],
            [
              27.820048800000052,
              -26.403204203999962
            ],
            [
              27.81999987200004,
              -26.403722836999975
            ],
            [
              27.81990201700006,
              -26.40434128299995
            ],
            [
              27.819761105000055,
              -26.404926457999977
            ],
            [
              27.819722755000043,
              -26.405044842999928
            ],
            [
              27.819714689000023,
              -26.405069740999977
            ],
            [
              27.819581051000057,
              -26.405482276999976
            ],
            [
              27.81918180100007,
              -26.406627182999955
            ],
            [
              27.818970911000065,
              -26.407234289999963
            ],
            [
              27.818794294000043,
              -26.407742733999953
            ],
            [
              27.81840468100006,
              -26.408828480999944
            ],
            [
              27.818381345000034,
              -26.408893511999963
            ],
            [
              27.818124965000038,
              -26.409639169999934
            ],
            [
              27.817976224000063,
              -26.410065818999954
            ],
            [
              27.817469333000076,
              -26.411195069999962
            ],
            [
              27.81695265700006,
              -26.412230377999947
            ],
            [
              27.816910966000023,
              -26.412314058999982
            ],
            [
              27.816402711000023,
              -26.41333418599993
            ],
            [
              27.81585080700006,
              -26.41442625199994
            ],
            [
              27.815273459000025,
              -26.415565287999982
            ],
            [
              27.815005898000038,
              -26.416092853999942
            ],
            [
              27.81492705200003,
              -26.41624831799993
            ],
            [
              27.81511297700007,
              -26.41633442999995
            ],
            [
              27.814862468000058,
              -26.416802178999944
            ],
            [
              27.814406000000076,
              -26.417701999999963
            ],
            [
              27.813843000000077,
              -26.418819999999982
            ],
            [
              27.813490186000024,
              -26.41952153099993
            ],
            [
              27.813240524000037,
              -26.420017952999956
            ],
            [
              27.812942546000045,
              -26.420802503999937
            ],
            [
              27.81282494800007,
              -26.420623466999928
            ],
            [
              27.812658018000036,
              -26.42068669799994
            ],
            [
              27.81230139200005,
              -26.42087892199993
            ],
            [
              27.811373154000023,
              -26.421407536999936
            ],
            [
              27.811067114000025,
              -26.421607346999963
            ],
            [
              27.81092294700005,
              -26.421741398999927
            ],
            [
              27.81070416600005,
              -26.42199179399995
            ],
            [
              27.80896696700006,
              -26.421689176999962
            ],
            [
              27.807677316000024,
              -26.42379951399994
            ]
          ]
        ]
      }
    },
    {
      "type": "Feature",
      "properties": {
        "id": "drie-ziek",
        "name": "Drie Ziek",
        "labelPriority": "secondary",
        "selectionBasis": "census-main-place",
        "subPlaceCount": 7
      },
      "geometry": {
        "type": "Polygon",
        "coordinates": [
          [
            [
              27.817726614000037,
              -26.484343111999976
            ],
            [
              27.817850114000066,
              -26.484359740999935
            ],
            [
              27.818494797000028,
              -26.48444557099998
            ],
            [
              27.819114685000045,
              -26.484529494999947
            ],
            [
              27.821689606000064,
              -26.484880446999966
            ],
            [
              27.82446861300008,
              -26.47987747199994
            ],
            [
              27.824480667000046,
              -26.47996747299993
            ],
            [
              27.825180054000043,
              -26.485189436999974
            ],
            [
              27.826648712000065,
              -26.496273040999938
            ],
            [
              27.826934735000066,
              -26.498432457999968
            ],
            [
              27.826936920000037,
              -26.49844895299998
            ],
            [
              27.82713331800005,
              -26.49993171799997
            ],
            [
              27.827247405000037,
              -26.500793054999974
            ],
            [
              27.827606201000037,
              -26.503501891999974
            ],
            [
              27.82762054400007,
              -26.50360935699996
            ],
            [
              27.827643731000023,
              -26.50378307699998
            ],
            [
              27.827645370000027,
              -26.503795355999955
            ],
            [
              27.82764753400005,
              -26.50381157299995
            ],
            [
              27.827686750000055,
              -26.50410539099994
            ],
            [
              27.827722511000047,
              -26.50437331699993
            ],
            [
              27.82772261300005,
              -26.504374079999934
            ],
            [
              27.827724077000028,
              -26.50438504899995
            ],
            [
              27.82773017900007,
              -26.504430769999942
            ],
            [
              27.827750924000043,
              -26.50438927999994
            ],
            [
              27.827755513000056,
              -26.50438010299996
            ],
            [
              27.827755826000043,
              -26.50437947599994
            ],
            [
              27.82777786300005,
              -26.50433540299997
            ],
            [
              27.829359417000035,
              -26.50125389599998
            ],
            [
              27.82981109600007,
              -26.500373839999952
            ],
            [
              27.829963684000063,
              -26.50007629399994
            ],
            [
              27.829969359000074,
              -26.50006523299993
            ],
            [
              27.831323465000025,
              -26.497426102999952
            ],
            [
              27.831615059000057,
              -26.496857790999968
            ],
            [
              27.832494473000054,
              -26.495143826999936
            ],
            [
              27.834749222000028,
              -26.49074935899995
            ],
            [
              27.835069657000076,
              -26.490449904999934
            ],
            [
              27.83476083900007,
              -26.49011649199997
            ],
            [
              27.835067670000058,
              -26.489467327999932
            ],
            [
              27.835775157000057,
              -26.488113213999952
            ],
            [
              27.836480107000057,
              -26.48671091899996
            ],
            [
              27.836616899000035,
              -26.48644737099994
            ],
            [
              27.83713687900007,
              -26.485445556999935
            ],
            [
              27.837867188000075,
              -26.48402551099997
            ],
            [
              27.83792964400004,
              -26.48390478999994
            ],
            [
              27.838088885000047,
              -26.483596990999956
            ],
            [
              27.838660892000064,
              -26.48249135599997
            ],
            [
              27.839472346000036,
              -26.480936913999983
            ],
            [
              27.840233085000023,
              -26.47948390299996
            ],
            [
              27.841020293000042,
              -26.477994724999974
            ],
            [
              27.841029324000033,
              -26.477977641999928
            ],
            [
              27.841092958000047,
              -26.477858327999968
            ],
            [
              27.841739347000043,
              -26.476646348999964
            ],
            [
              27.842525443000056,
              -26.47515022899995
            ],
            [
              27.842920934000063,
              -26.47440960399996
            ],
            [
              27.843284529000073,
              -26.47456180699993
            ],
            [
              27.843783964000067,
              -26.474413915999946
            ],
            [
              27.84466038200003,
              -26.47415439499997
            ],
            [
              27.845328271000028,
              -26.473954026999934
            ],
            [
              27.84642003500005,
              -26.473710753999967
            ],
            [
              27.846456747000047,
              -26.473634079999954
            ],
            [
              27.846668201000057,
              -26.47317639599993
            ],
            [
              27.84672480200004,
              -26.47303857199995
            ],
            [
              27.84679192300007,
              -26.472875132999945
            ],
            [
              27.84681073400003,
              -26.47287976599995
            ],
            [
              27.847892198000068,
              -26.47315193099996
            ],
            [
              27.847944624000036,
              -26.473167340999964
            ],
            [
              27.848248864000027,
              -26.473256771999957
            ],
            [
              27.848555228000066,
              -26.473196100999928
            ],
            [
              27.849109000000055,
              -26.47303599999998
            ],
            [
              27.84956900000003,
              -26.47290799999996
            ],
            [
              27.850834000000077,
              -26.472556999999938
            ],
            [
              27.851149063000037,
              -26.47246948199995
            ],
            [
              27.851150983000025,
              -26.47246894899996
            ],
            [
              27.851212000000032,
              -26.472451999999976
            ],
            [
              27.85142307900003,
              -26.47239336699994
            ],
            [
              27.851695479000057,
              -26.472312237999972
            ],
            [
              27.85169342000006,
              -26.47230332199996
            ],
            [
              27.851775717000066,
              -26.472284119999983
            ],
            [
              27.851926594000076,
              -26.472240227999976
            ],
            [
              27.852146738000044,
              -26.47218193499998
            ],
            [
              27.852148795000062,
              -26.472187420999944
            ],
            [
              27.852495813000075,
              -26.472089350999966
            ],
            [
              27.852497404000076,
              -26.47209461099993
            ],
            [
              27.852610342000048,
              -26.472058489999938
            ],
            [
              27.852841459000047,
              -26.47199402299998
            ],
            [
              27.85283940200003,
              -26.471987851999984
            ],
            [
              27.852950502000056,
              -26.471950817999982
            ],
            [
              27.852954617000023,
              -26.471961104999934
            ],
            [
              27.853402448000054,
              -26.47183354499998
            ],
            [
              27.85399086900003,
              -26.47167375199996
            ],
            [
              27.85456338000006,
              -26.471520752999936
            ],
            [
              27.854891000000066,
              -26.47142999999994
            ],
            [
              27.855069144000026,
              -26.471352860999957
            ],
            [
              27.855099030000076,
              -26.471246599999972
            ],
            [
              27.855118954000034,
              -26.471128715999953
            ],
            [
              27.855126149000057,
              -26.471004191999953
            ],
            [
              27.855127809000066,
              -26.470923941999956
            ],
            [
              27.85512529400006,
              -26.47088399499995
            ],
            [
              27.855125120000025,
              -26.470881229999975
            ],
            [
              27.855118401000027,
              -26.47077451299998
            ],
            [
              27.855099584000072,
              -26.470690943999955
            ],
            [
              27.855026530000032,
              -26.47046403099995
            ],
            [
              27.854909753000072,
              -26.470150781999962
            ],
            [
              27.85487370800007,
              -26.47005699999994
            ],
            [
              27.85486527300003,
              -26.470035051999957
            ],
            [
              27.854792976000056,
              -26.469846941999947
            ],
            [
              27.85467453900003,
              -26.46953646099996
            ],
            [
              27.854567725000038,
              -26.46922044599995
            ],
            [
              27.854436559000078,
              -26.468885058999945
            ],
            [
              27.854343027000027,
              -26.468636561999972
            ],
            [
              27.85426443800003,
              -26.46848049199997
            ],
            [
              27.854096063000043,
              -26.468253069999946
            ],
            [
              27.854070929000045,
              -26.468224530999976
            ],
            [
              27.85406103100007,
              -26.46821360499996
            ],
            [
              27.853965026000026,
              -26.468115772999965
            ],
            [
              27.853781283000046,
              -26.467977411999982
            ],
            [
              27.853567100000078,
              -26.467830749999962
            ],
            [
              27.853265474000068,
              -26.467631509999933
            ],
            [
              27.85290518200003,
              -26.46738578199995
            ],
            [
              27.85261130400005,
              -26.467188755999928
            ],
            [
              27.85227864700005,
              -26.466982565999956
            ],
            [
              27.85312729900005,
              -26.46579840199996
            ],
            [
              27.853162737000048,
              -26.465704151999944
            ],
            [
              27.85345576000003,
              -26.46492483199995
            ],
            [
              27.85351519200003,
              -26.464766769999983
            ],
            [
              27.853940316000035,
              -26.463590366999938
            ],
            [
              27.854295106000052,
              -26.46260859499995
            ],
            [
              27.854468804000078,
              -26.46214799699993
            ],
            [
              27.854447788000073,
              -26.462142298999936
            ],
            [
              27.853989742000067,
              -26.461973109999974
            ],
            [
              27.85370051900003,
              -26.46180275499995
            ],
            [
              27.852413409000064,
              -26.461044640999944
            ],
            [
              27.85215448400004,
              -26.46087943699996
            ],
            [
              27.851749150000046,
              -26.460620819999974
            ],
            [
              27.85174078500006,
              -26.46061548199998
            ],
            [
              27.851658719000056,
              -26.460549472999958
            ],
            [
              27.851587261000077,
              -26.460491994999927
            ],
            [
              27.851361144000066,
              -26.46031011799994
            ],
            [
              27.85127861500007,
              -26.460161563999975
            ],
            [
              27.850515793000056,
              -26.459799311999973
            ],
            [
              27.85074873700006,
              -26.45935541399996
            ],
            [
              27.851063813000053,
              -26.458747064999955
            ],
            [
              27.85127151200004,
              -26.45834603999998
            ],
            [
              27.85151103900006,
              -26.457947326999943
            ],
            [
              27.851325039000074,
              -26.457867283999974
            ],
            [
              27.85124051500003,
              -26.458002522999948
            ],
            [
              27.85064602800003,
              -26.457734862999928
            ],
            [
              27.85067420300004,
              -26.457681330999947
            ],
            [
              27.84950350300005,
              -26.45713127299996
            ],
            [
              27.84936164100003,
              -26.457064618999937
            ],
            [
              27.84922602200004,
              -26.457278432999942
            ],
            [
              27.849140739000063,
              -26.45724002299994
            ],
            [
              27.848895140000025,
              -26.457129409999936
            ],
            [
              27.84906975100006,
              -26.456822948999957
            ],
            [
              27.849020347000078,
              -26.456799461999935
            ],
            [
              27.848655076000057,
              -26.456614188999936
            ],
            [
              27.84838681800005,
              -26.456478124999933
            ],
            [
              27.84833436400004,
              -26.456447927999932
            ],
            [
              27.84858259600003,
              -26.45608009999995
            ],
            [
              27.848612029000037,
              -26.456040120999944
            ],
            [
              27.84873551100003,
              -26.455872392999936
            ],
            [
              27.84890499100004,
              -26.45566595799994
            ],
            [
              27.849041339000053,
              -26.455530882999938
            ],
            [
              27.849274532000038,
              -26.45536267799997
            ],
            [
              27.849446563000072,
              -26.455230152999945
            ],
            [
              27.849131813000042,
              -26.454883545999962
            ],
            [
              27.848911249000025,
              -26.454651638999962
            ],
            [
              27.848908813000037,
              -26.45464907799993
            ],
            [
              27.848731495000038,
              -26.45445860799998
            ],
            [
              27.848249456000076,
              -26.453902787999937
            ],
            [
              27.848203081000065,
              -26.453800102999935
            ],
            [
              27.848094823000054,
              -26.453665340999976
            ],
            [
              27.847926490000077,
              -26.453488456999935
            ],
            [
              27.847948925000026,
              -26.453468688999976
            ],
            [
              27.847960096000065,
              -26.45345950099994
            ],
            [
              27.84866625400008,
              -26.452878736999935
            ],
            [
              27.848666595000054,
              -26.45287845499996
            ],
            [
              27.849397172000067,
              -26.452332353999964
            ],
            [
              27.848943562000045,
              -26.451863781999975
            ],
            [
              27.848943544000065,
              -26.45186376299995
            ],
            [
              27.84880376700005,
              -26.45172561299995
            ],
            [
              27.848593854000057,
              -26.45150387299998
            ],
            [
              27.84785542700007,
              -26.45072384499997
            ],
            [
              27.84741464800004,
              -26.45105776899993
            ],
            [
              27.847214294000025,
              -26.45077059399995
            ],
            [
              27.847428007000076,
              -26.45055688399998
            ],
            [
              27.847347864000028,
              -26.450356530999954
            ],
            [
              27.846926693000057,
              -26.44966313799995
            ],
            [
              27.84664584400008,
              -26.449935540999945
            ],
            [
              27.846130136000056,
              -26.45044665299997
            ],
            [
              27.84561861800006,
              -26.450961956999947
            ],
            [
              27.845111323000026,
              -26.451481419999936
            ],
            [
              27.84460828600004,
              -26.452005004999933
            ],
            [
              27.844109538000055,
              -26.452532679999933
            ],
            [
              27.843615115000034,
              -26.453064407999932
            ],
            [
              27.84355726700005,
              -26.45312719599997
            ],
            [
              27.84216232500006,
              -26.45467875199995
            ],
            [
              27.840315289000046,
              -26.45685156099995
            ],
            [
              27.84030616000007,
              -26.456862660999946
            ],
            [
              27.83913683800006,
              -26.458314988999973
            ],
            [
              27.83815866900005,
              -26.459505125999954
            ],
            [
              27.83654227900007,
              -26.461471787999983
            ],
            [
              27.835056742000063,
              -26.463279239999963
            ],
            [
              27.834120916000074,
              -26.46441786099996
            ],
            [
              27.833299080000074,
              -26.465417788999957
            ],
            [
              27.83233783700007,
              -26.466559423999968
            ],
            [
              27.830742737000037,
              -26.46845387199994
            ],
            [
              27.829627599000048,
              -26.46977828599995
            ],
            [
              27.829592098000035,
              -26.46982044899994
            ],
            [
              27.828970084000048,
              -26.470559195999954
            ],
            [
              27.825827894000042,
              -26.474280628999963
            ],
            [
              27.825814354000045,
              -26.47429666499994
            ],
            [
              27.824374155000044,
              -26.476002354999935
            ],
            [
              27.823602787000027,
              -26.476945137999962
            ],
            [
              27.822122340000078,
              -26.478754571999957
            ],
            [
              27.822076190000075,
              -26.478810977999956
            ],
            [
              27.82198913600007,
              -26.47891762599994
            ],
            [
              27.81904394700007,
              -26.482525690999978
            ],
            [
              27.817726614000037,
              -26.484343111999976
            ]
          ]
        ]
      }
    },
    {
      "type": "Feature",
      "properties": {
        "id": "stretford",
        "name": "Stretford",
        "labelPriority": "secondary",
        "selectionBasis": "census-main-place",
        "subPlaceCount": 9
      },
      "geometry": {
        "type": "Polygon",
        "coordinates": [
          [
            [
              27.83476083900007,
              -26.49011649199997
            ],
            [
              27.835069657000076,
              -26.490449904999934
            ],
            [
              27.83760964000004,
              -26.491839622999976
            ],
            [
              27.83764576200008,
              -26.491859386999977
            ],
            [
              27.839620463000074,
              -26.492939818999957
            ],
            [
              27.841665269000032,
              -26.494058607999932
            ],
            [
              27.84169324800007,
              -26.49407391699998
            ],
            [
              27.84173278800006,
              -26.494095551999976
            ],
            [
              27.844059532000074,
              -26.495368677999977
            ],
            [
              27.84682083100006,
              -26.496879577999948
            ],
            [
              27.84684895500004,
              -26.496894779999934
            ],
            [
              27.846891404000075,
              -26.496917724999946
            ],
            [
              27.84737014800004,
              -26.497180938999975
            ],
            [
              27.849347849000026,
              -26.49826692599993
            ],
            [
              27.85158207300003,
              -26.499493773999973
            ],
            [
              27.85201072800004,
              -26.499729155999944
            ],
            [
              27.85209347400007,
              -26.499780156999975
            ],
            [
              27.85211563300004,
              -26.49979381399993
            ],
            [
              27.85292053200004,
              -26.500289916999975
            ],
            [
              27.85334968600006,
              -26.500640868999938
            ],
            [
              27.853492471000038,
              -26.500757654999973
            ],
            [
              27.854009629000075,
              -26.501180647999945
            ],
            [
              27.85423660300006,
              -26.501386641999943
            ],
            [
              27.85446147300007,
              -26.50159012599994
            ],
            [
              27.854467618000058,
              -26.501595686999963
            ],
            [
              27.85560035800006,
              -26.50262069699994
            ],
            [
              27.855699736000076,
              -26.502710651999962
            ],
            [
              27.856353429000023,
              -26.50330235599995
            ],
            [
              27.85648536700006,
              -26.503421782999965
            ],
            [
              27.856533781000053,
              -26.50346560299994
            ],
            [
              27.857153333000042,
              -26.50402636499996
            ],
            [
              27.85727415300005,
              -26.504135719999965
            ],
            [
              27.857530594000025,
              -26.504367827999943
            ],
            [
              27.857761383000025,
              -26.504577636999954
            ],
            [
              27.857820679000042,
              -26.504630343999963
            ],
            [
              27.85783004800004,
              -26.504638671999942
            ],
            [
              27.857861912000033,
              -26.504667556999948
            ],
            [
              27.85832334500003,
              -26.50508585299997
            ],
            [
              27.858382927000036,
              -26.505139864999933
            ],
            [
              27.859849930000053,
              -26.506469726999967
            ],
            [
              27.860061949000055,
              -26.506393008999964
            ],
            [
              27.86006425200003,
              -26.506392175999963
            ],
            [
              27.86042976400006,
              -26.506259917999955
            ],
            [
              27.860460282000076,
              -26.506290435999972
            ],
            [
              27.86135558500007,
              -26.507102135999958
            ],
            [
              27.86136724000005,
              -26.50711270299996
            ],
            [
              27.86432075600004,
              -26.509790419999945
            ],
            [
              27.864547729000037,
              -26.509998321999944
            ],
            [
              27.864589957000078,
              -26.509932280999976
            ],
            [
              27.864641594000034,
              -26.509699910999927
            ],
            [
              27.86465426500007,
              -26.50960940599998
            ],
            [
              27.86465802500004,
              -26.509582551999983
            ],
            [
              27.864545319000058,
              -26.50952622799997
            ],
            [
              27.86453800000004,
              -26.509487999999976
            ],
            [
              27.864531000000056,
              -26.509252999999944
            ],
            [
              27.864524000000074,
              -26.509056999999927
            ],
            [
              27.864513000000045,
              -26.508731999999952
            ],
            [
              27.864501000000075,
              -26.508311999999933
            ],
            [
              27.86449200000004,
              -26.508081999999945
            ],
            [
              27.864482000000066,
              -26.507757999999967
            ],
            [
              27.864474174000065,
              -26.50748306199995
            ],
            [
              27.86447400000003,
              -26.507476999999938
            ],
            [
              27.86446819500003,
              -26.50731400799998
            ],
            [
              27.864467778000062,
              -26.50730234399998
            ],
            [
              27.864460000000065,
              -26.507083999999963
            ],
            [
              27.86444800000004,
              -26.50671399999993
            ],
            [
              27.864437000000066,
              -26.506388999999956
            ],
            [
              27.864431268000033,
              -26.50621805399993
            ],
            [
              27.86442500000004,
              -26.505988999999943
            ],
            [
              27.86442100000005,
              -26.505875999999944
            ],
            [
              27.86441380100007,
              -26.505673513999966
            ],
            [
              27.864429512000072,
              -26.505314210999927
            ],
            [
              27.864420962000054,
              -26.50519166099997
            ],
            [
              27.864393431000053,
              -26.505124645999956
            ],
            [
              27.864393000000064,
              -26.505113999999935
            ],
            [
              27.864397030000077,
              -26.50504817099994
            ],
            [
              27.864415826000027,
              -26.504849325999942
            ],
            [
              27.864425999000048,
              -26.504845562999947
            ],
            [
              27.864485914000056,
              -26.50482339699994
            ],
            [
              27.864545529000054,
              -26.50480134199995
            ],
            [
              27.864548979000062,
              -26.504800065999973
            ],
            [
              27.864550961000077,
              -26.50479949299995
            ],
            [
              27.864920072000075,
              -26.50467388499993
            ],
            [
              27.865341298000033,
              -26.504521774999944
            ],
            [
              27.865797625000027,
              -26.504369665999945
            ],
            [
              27.86575249400005,
              -26.504209198999945
            ],
            [
              27.86594639200007,
              -26.504170753999972
            ],
            [
              27.86598985100005,
              -26.504292775999943
            ],
            [
              27.867062972000042,
              -26.503920023999967
            ],
            [
              27.867903752000075,
              -26.50363252099993
            ],
            [
              27.868294891000062,
              -26.503493783999943
            ],
            [
              27.869752465000033,
              -26.502978952999968
            ],
            [
              27.869753153000033,
              -26.502978714999983
            ],
            [
              27.869769847000043,
              -26.502972934999946
            ],
            [
              27.870355887000073,
              -26.502770011999928
            ],
            [
              27.87143569600005,
              -26.50238890299994
            ],
            [
              27.871461108000062,
              -26.502380047999964
            ],
            [
              27.872136067000042,
              -26.50214485999993
            ],
            [
              27.872311171000035,
              -26.50208147899997
            ],
            [
              27.873225905000027,
              -26.50175037799994
            ],
            [
              27.87375912400006,
              -26.50157319599998
            ],
            [
              27.874200406000057,
              -26.501419416999966
            ],
            [
              27.874785442000075,
              -26.501609968999958
            ],
            [
              27.874963148000063,
              -26.501688913999942
            ],
            [
              27.87488579500007,
              -26.501338845999953
            ],
            [
              27.874658535000037,
              -26.50031036699994
            ],
            [
              27.874565183000072,
              -26.499896511999964
            ],
            [
              27.87444048100008,
              -26.499363695999932
            ],
            [
              27.874314835000064,
              -26.498811985999964
            ],
            [
              27.874247596000032,
              -26.49850915899998
            ],
            [
              27.874242087000027,
              -26.498484343999962
            ],
            [
              27.874192968000045,
              -26.498263108999936
            ],
            [
              27.87418157600007,
              -26.498210447999952
            ],
            [
              27.874178314000062,
              -26.498195366999937
            ],
            [
              27.874070155000027,
              -26.49769533799997
            ],
            [
              27.873953955000047,
              -26.497171968999965
            ],
            [
              27.87383208700004,
              -26.496627815999943
            ],
            [
              27.87372722500004,
              -26.496150736999937
            ],
            [
              27.873613860000034,
              -26.49566798999996
            ],
            [
              27.87360761800005,
              -26.49564072399994
            ],
            [
              27.87359816700007,
              -26.495599426999945
            ],
            [
              27.873498605000066,
              -26.495164459999955
            ],
            [
              27.87338524000006,
              -26.494650536999927
            ],
            [
              27.873339955000063,
              -26.49443843699993
            ],
            [
              27.87320100000005,
              -26.49440199999998
            ],
            [
              27.873172000000068,
              -26.49439499999994
            ],
            [
              27.873170568000035,
              -26.494394717999967
            ],
            [
              27.872903000000065,
              -26.49434199999996
            ],
            [
              27.872257000000047,
              -26.494213999999943
            ],
            [
              27.871821000000068,
              -26.494125999999937
            ],
            [
              27.871633260000067,
              -26.49408841099995
            ],
            [
              27.871292020000055,
              -26.494021076999957
            ],
            [
              27.871170000000063,
              -26.49399699999998
            ],
            [
              27.870533000000023,
              -26.49387299999995
            ],
            [
              27.869890000000055,
              -26.493743999999936
            ],
            [
              27.869455000000073,
              -26.493659999999977
            ],
            [
              27.869386000000077,
              -26.493644999999958
            ],
            [
              27.86926600000004,
              -26.493620999999962
            ],
            [
              27.868547000000035,
              -26.49347899999998
            ],
            [
              27.867809091000026,
              -26.493335186999957
            ],
            [
              27.867803000000038,
              -26.493333999999948
            ],
            [
              27.86739725500007,
              -26.493253660999983
            ],
            [
              27.867202000000077,
              -26.493214999999964
            ],
            [
              27.866459000000077,
              -26.493067999999937
            ],
            [
              27.865826000000027,
              -26.49294199999997
            ],
            [
              27.86515000000003,
              -26.492808999999966
            ],
            [
              27.86485300000004,
              -26.492749999999944
            ],
            [
              27.864754856000047,
              -26.492728006999982
            ],
            [
              27.86488444500003,
              -26.49246815999993
            ],
            [
              27.864936537000062,
              -26.492363704999946
            ],
            [
              27.865231179000034,
              -26.491768772999933
            ],
            [
              27.865494756000032,
              -26.491230320999932
            ],
            [
              27.86556703900004,
              -26.491090380999935
            ],
            [
              27.86577433700006,
              -26.490689044999954
            ],
            [
              27.86599097800007,
              -26.490240823999955
            ],
            [
              27.866020029000026,
              -26.490180717999976
            ],
            [
              27.866255765000062,
              -26.489705778999962
            ],
            [
              27.86627607500003,
              -26.48966485799997
            ],
            [
              27.866527416000054,
              -26.48913676099994
            ],
            [
              27.86672321700007,
              -26.48872821699996
            ],
            [
              27.866943492000075,
              -26.48826977999994
            ],
            [
              27.86699549800005,
              -26.48816696299997
            ],
            [
              27.86718918500003,
              -26.487784043999966
            ],
            [
              27.867455585000073,
              -26.48723806199996
            ],
            [
              27.86773422400006,
              -26.486686431999942
            ],
            [
              27.867941321000046,
              -26.486216698999954
            ],
            [
              27.86821337200007,
              -26.48567918899994
            ],
            [
              27.86823125600006,
              -26.48563871099998
            ],
            [
              27.868265541000028,
              -26.48557326899993
            ],
            [
              27.86807780500004,
              -26.48557730999994
            ],
            [
              27.867796000000055,
              -26.485594999999932
            ],
            [
              27.867411967000066,
              -26.485617711999964
            ],
            [
              27.867371655000056,
              -26.485620095999934
            ],
            [
              27.86735509600004,
              -26.485673324999937
            ],
            [
              27.86720199100006,
              -26.48568629999994
            ],
            [
              27.866837393000026,
              -26.48571484499996
            ],
            [
              27.866659636000065,
              -26.485716142999934
            ],
            [
              27.866540266000072,
              -26.48570446499997
            ],
            [
              27.866493556000023,
              -26.48570446499997
            ],
            [
              27.866376780000053,
              -26.48570706099997
            ],
            [
              27.866304120000052,
              -26.485710952999966
            ],
            [
              27.866263898000057,
              -26.485716142999934
            ],
            [
              27.866270385000064,
              -26.485809562999975
            ],
            [
              27.866208105000055,
              -26.485817346999966
            ],
            [
              27.866153610000026,
              -26.485817346999966
            ],
            [
              27.866027751000047,
              -26.485818645999927
            ],
            [
              27.865904490000048,
              -26.48582253799998
            ],
            [
              27.86590578700003,
              -26.485788801999945
            ],
            [
              27.865777335000075,
              -26.48579399299996
            ],
            [
              27.86567093900004,
              -26.485797885999943
            ],
            [
              27.865565842000024,
              -26.485809562999975
            ],
            [
              27.865067601000078,
              -26.485834215999944
            ],
            [
              27.865074089000075,
              -26.485901685999977
            ],
            [
              27.864949529000057,
              -26.485906875999945
            ],
            [
              27.864826266000023,
              -26.485908172999928
            ],
            [
              27.864531733000035,
              -26.485932825999953
            ],
            [
              27.864473115000067,
              -26.48593799799994
            ],
            [
              27.864355273000058,
              -26.48594839599997
            ],
            [
              27.864296885000044,
              -26.48595099099998
            ],
            [
              27.864274828000077,
              -26.48594061199998
            ],
            [
              27.864243688000045,
              -26.48593152799998
            ],
            [
              27.864216440000064,
              -26.485941907999972
            ],
            [
              27.864187896000033,
              -26.48593023099994
            ],
            [
              27.86415026700007,
              -26.485921146999942
            ],
            [
              27.864115236000032,
              -26.485909470999957
            ],
            [
              27.86392584200007,
              -26.485912588999952
            ],
            [
              27.863811204000058,
              -26.485921865999956
            ],
            [
              27.86300204300005,
              -26.485953991999963
            ],
            [
              27.86240563100006,
              -26.485977670999944
            ],
            [
              27.86230686400006,
              -26.48602319899993
            ],
            [
              27.862294834000068,
              -26.486028744999942
            ],
            [
              27.862158214000033,
              -26.48604351399996
            ],
            [
              27.862043749000065,
              -26.486069361999967
            ],
            [
              27.861977285000023,
              -26.486073053999974
            ],
            [
              27.86189236000007,
              -26.48604351399996
            ],
            [
              27.861659391000046,
              -26.48604709199998
            ],
            [
              27.861582542000065,
              -26.48604293799997
            ],
            [
              27.861478693000038,
              -26.48604709199998
            ],
            [
              27.86139145900006,
              -26.48604709199998
            ],
            [
              27.861320842000055,
              -26.48605539999994
            ],
            [
              27.86127930200007,
              -26.48605955399995
            ],
            [
              27.861154683000052,
              -26.486069938999947
            ],
            [
              27.860940753000023,
              -26.486078246999966
            ],
            [
              27.860878444000036,
              -26.486078246999966
            ],
            [
              27.86083898100003,
              -26.486088631999962
            ],
            [
              27.860693593000065,
              -26.486088631999962
            ],
            [
              27.86061466600006,
              -26.48609693999998
            ],
            [
              27.86031973400003,
              -26.486099016999958
            ],
            [
              27.860199143000045,
              -26.486053192999975
            ],
            [
              27.860186000000056,
              -26.48605390499995
            ],
            [
              27.860173029000066,
              -26.48605460699997
            ],
            [
              27.859729877000063,
              -26.48607859899994
            ],
            [
              27.85970400000008,
              -26.48607999999996
            ],
            [
              27.858236000000034,
              -26.486166999999966
            ],
            [
              27.857353000000046,
              -26.486220999999944
            ],
            [
              27.857252000000074,
              -26.48622699999993
            ],
            [
              27.857071000000076,
              -26.486237999999958
            ],
            [
              27.85671515000007,
              -26.486258692999968
            ],
            [
              27.856580000000065,
              -26.48626699999994
            ],
            [
              27.85643600000003,
              -26.486275999999975
            ],
            [
              27.856111000000055,
              -26.48629599999998
            ],
            [
              27.855996083000036,
              -26.486302731999956
            ],
            [
              27.855872000000033,
              -26.486309999999946
            ],
            [
              27.85564904100005,
              -26.486322530999928
            ],
            [
              27.855451000000073,
              -26.48633499999994
            ],
            [
              27.855447000000026,
              -26.485979999999984
            ],
            [
              27.855444000000034,
              -26.48559199999994
            ],
            [
              27.855443450000053,
              -26.485542516999942
            ],
            [
              27.855443000000037,
              -26.48550199999994
            ],
            [
              27.85543800000005,
              -26.48510799999997
            ],
            [
              27.85543700000005,
              -26.48496799999998
            ],
            [
              27.855432000000064,
              -26.48443599999996
            ],
            [
              27.855429000000072,
              -26.48405699999995
            ],
            [
              27.855427605000045,
              -26.483883986999956
            ],
            [
              27.855425000000025,
              -26.483560999999952
            ],
            [
              27.85542491800004,
              -26.483551405999947
            ],
            [
              27.85526123300008,
              -26.483553128999972
            ],
            [
              27.855270594000046,
              -26.483092536999948
            ],
            [
              27.855348295000056,
              -26.483088651999935
            ],
            [
              27.855346353000073,
              -26.482803100999945
            ],
            [
              27.855332755000063,
              -26.482659353999964
            ],
            [
              27.855332755000063,
              -26.48248452799993
            ],
            [
              27.85531721600006,
              -26.48248452799993
            ],
            [
              27.855319156000064,
              -26.481555998999966
            ],
            [
              27.855406851000055,
              -26.481554053999957
            ],
            [
              27.855404462000024,
              -26.481321544999957
            ],
            [
              27.85540276900008,
              -26.481156682999938
            ],
            [
              27.85540000000003,
              -26.480808999999965
            ],
            [
              27.855398000000037,
              -26.480573999999933
            ],
            [
              27.855397478000043,
              -26.480527001999974
            ],
            [
              27.85539700000004,
              -26.480483999999933
            ],
            [
              27.85539300000005,
              -26.480005999999946
            ],
            [
              27.855390000000057,
              -26.47968099999997
            ],
            [
              27.855386000000067,
              -26.47923899999995
            ],
            [
              27.855383282000048,
              -26.47890552399997
            ],
            [
              27.855382958000064,
              -26.478865722999956
            ],
            [
              27.855379000000028,
              -26.478794999999934
            ],
            [
              27.855337294000037,
              -26.478556054999956
            ],
            [
              27.85532100000006,
              -26.47845899999993
            ],
            [
              27.855233000000055,
              -26.478185999999937
            ],
            [
              27.85547684200003,
              -26.47813614699993
            ],
            [
              27.85530755700006,
              -26.477866284999948
            ],
            [
              27.855078066000033,
              -26.477512132999948
            ],
            [
              27.854910199000074,
              -26.477272726999956
            ],
            [
              27.854752957000073,
              -26.477079359999948
            ],
            [
              27.854697421000026,
              -26.477018942999962
            ],
            [
              27.85443067700004,
              -26.47672874999995
            ],
            [
              27.854299642000058,
              -26.47659133999997
            ],
            [
              27.854147357000045,
              -26.47644259599997
            ],
            [
              27.853937700000074,
              -26.47625772899994
            ],
            [
              27.853800997000064,
              -26.47614723399994
            ],
            [
              27.853485802000023,
              -26.47593120099998
            ],
            [
              27.853255604000026,
              -26.47577820799995
            ],
            [
              27.85309217300005,
              -26.475668954999946
            ],
            [
              27.85299707300004,
              -26.47560538199997
            ],
            [
              27.852501261000043,
              -26.475276728999972
            ],
            [
              27.851994825000077,
              -26.474936743999933
            ],
            [
              27.851741805000074,
              -26.47478470799996
            ],
            [
              27.85171464800004,
              -26.474768388999962
            ],
            [
              27.851291187000072,
              -26.474574881999956
            ],
            [
              27.850715002000072,
              -26.47431802899996
            ],
            [
              27.850139685000045,
              -26.47406377799996
            ],
            [
              27.84968292800005,
              -26.47386432299993
            ],
            [
              27.84948193400004,
              -26.473776552999936
            ],
            [
              27.848835460000032,
              -26.473492799999974
            ],
            [
              27.84851873300005,
              -26.473356561999935
            ],
            [
              27.848248864000027,
              -26.473256771999957
            ],
            [
              27.847944624000036,
              -26.473167340999964
            ],
            [
              27.847892198000068,
              -26.47315193099996
            ],
            [
              27.84681073400003,
              -26.47287976599995
            ],
            [
              27.84679192300007,
              -26.472875132999945
            ],
            [
              27.84672480200004,
              -26.47303857199995
            ],
            [
              27.846668201000057,
              -26.47317639599993
            ],
            [
              27.846456747000047,
              -26.473634079999954
            ],
            [
              27.84642003500005,
              -26.473710753999967
            ],
            [
              27.845328271000028,
              -26.473954026999934
            ],
            [
              27.84466038200003,
              -26.47415439499997
            ],
            [
              27.843783964000067,
              -26.474413915999946
            ],
            [
              27.843284529000073,
              -26.47456180699993
            ],
            [
              27.842920934000063,
              -26.47440960399996
            ],
            [
              27.842525443000056,
              -26.47515022899995
            ],
            [
              27.841739347000043,
              -26.476646348999964
            ],
            [
              27.841092958000047,
              -26.477858327999968
            ],
            [
              27.841029324000033,
              -26.477977641999928
            ],
            [
              27.841020293000042,
              -26.477994724999974
            ],
            [
              27.840233085000023,
              -26.47948390299996
            ],
            [
              27.839472346000036,
              -26.480936913999983
            ],
            [
              27.838660892000064,
              -26.48249135599997
            ],
            [
              27.838088885000047,
              -26.483596990999956
            ],
            [
              27.83792964400004,
              -26.48390478999994
            ],
            [
              27.837867188000075,
              -26.48402551099997
            ],
            [
              27.83713687900007,
              -26.485445556999935
            ],
            [
              27.836616899000035,
              -26.48644737099994
            ],
            [
              27.836480107000057,
              -26.48671091899996
            ],
            [
              27.835775157000057,
              -26.488113213999952
            ],
            [
              27.835067670000058,
              -26.489467327999932
            ],
            [
              27.83476083900007,
              -26.49011649199997
            ]
          ]
        ]
      }
    },
    {
      "type": "Feature",
      "properties": {
        "id": "lakeside",
        "name": "Lakeside",
        "labelPriority": "secondary",
        "selectionBasis": "census-main-place",
        "subPlaceCount": 5
      },
      "geometry": {
        "type": "MultiPolygon",
        "coordinates": [
          [
            [
              [
                27.864393000000064,
                -26.505113999999935
              ],
              [
                27.864393431000053,
                -26.505124645999956
              ],
              [
                27.864420962000054,
                -26.50519166099997
              ],
              [
                27.864429512000072,
                -26.505314210999927
              ],
              [
                27.86441380100007,
                -26.505673513999966
              ],
              [
                27.86442100000005,
                -26.505875999999944
              ],
              [
                27.86442500000004,
                -26.505988999999943
              ],
              [
                27.864431268000033,
                -26.50621805399993
              ],
              [
                27.864437000000066,
                -26.506388999999956
              ],
              [
                27.86444800000004,
                -26.50671399999993
              ],
              [
                27.864460000000065,
                -26.507083999999963
              ],
              [
                27.864467778000062,
                -26.50730234399998
              ],
              [
                27.86446819500003,
                -26.50731400799998
              ],
              [
                27.86447400000003,
                -26.507476999999938
              ],
              [
                27.864474174000065,
                -26.50748306199995
              ],
              [
                27.864482000000066,
                -26.507757999999967
              ],
              [
                27.86449200000004,
                -26.508081999999945
              ],
              [
                27.864501000000075,
                -26.508311999999933
              ],
              [
                27.864513000000045,
                -26.508731999999952
              ],
              [
                27.864524000000074,
                -26.509056999999927
              ],
              [
                27.864531000000056,
                -26.509252999999944
              ],
              [
                27.86453800000004,
                -26.509487999999976
              ],
              [
                27.864545319000058,
                -26.50952622799997
              ],
              [
                27.86465802500004,
                -26.509582551999983
              ],
              [
                27.86465426500007,
                -26.50960940599998
              ],
              [
                27.864641594000034,
                -26.509699910999927
              ],
              [
                27.864589957000078,
                -26.509932280999976
              ],
              [
                27.864547729000037,
                -26.509998321999944
              ],
              [
                27.86455933800005,
                -26.510257578999983
              ],
              [
                27.86456025900003,
                -26.510278145999962
              ],
              [
                27.864570618000073,
                -26.510509490999937
              ],
              [
                27.864580155000056,
                -26.510730742999954
              ],
              [
                27.864661053000077,
                -26.510803201999977
              ],
              [
                27.865640641000027,
                -26.511680602999945
              ],
              [
                27.86593055800006,
                -26.51213073699995
              ],
              [
                27.86597061200007,
                -26.512350081999955
              ],
              [
                27.86606407200003,
                -26.512439727999947
              ],
              [
                27.866075004000038,
                -26.51244983999993
              ],
              [
                27.866140366000025,
                -26.512510298999928
              ],
              [
                27.866390228000057,
                -26.512540816999945
              ],
              [
                27.866889954000044,
                -26.51280021599996
              ],
              [
                27.869532612000057,
                -26.515161690999946
              ],
              [
                27.87001520800004,
                -26.51559293799994
              ],
              [
                27.871299744000055,
                -26.516740797999944
              ],
              [
                27.871580125000037,
                -26.517190932999938
              ],
              [
                27.871620178000057,
                -26.517410277999943
              ],
              [
                27.87170864600006,
                -26.517489332999958
              ],
              [
                27.871731130000057,
                -26.517509424999957
              ],
              [
                27.871799469000052,
                -26.517570495999962
              ],
              [
                27.872049332000074,
                -26.51759910499993
              ],
              [
                27.872539520000032,
                -26.517860412999937
              ],
              [
                27.87337447500005,
                -26.51860679699996
              ],
              [
                27.874139786000057,
                -26.51929092399996
              ],
              [
                27.874879838000027,
                -26.519899367999983
              ],
              [
                27.875629425000056,
                -26.520500182999967
              ],
              [
                27.875891720000027,
                -26.520661177999955
              ],
              [
                27.87645912200003,
                -26.521009444999947
              ],
              [
                27.876520508000056,
                -26.521039473999963
              ],
              [
                27.877340317000062,
                -26.52144050499993
              ],
              [
                27.877438792000078,
                -26.521480087999976
              ],
              [
                27.877923966000026,
                -26.521675109999933
              ],
              [
                27.877977372000032,
                -26.52170371899996
              ],
              [
                27.878259659000037,
                -26.52181053099997
              ],
              [
                27.87921905500008,
                -26.522050856999954
              ],
              [
                27.87948193400007,
                -26.522107114999983
              ],
              [
                27.88019943200004,
                -26.522260664999976
              ],
              [
                27.881200791000026,
                -26.52235031099997
              ],
              [
                27.881225586000028,
                -26.52235031099997
              ],
              [
                27.881883622000032,
                -26.522344588999943
              ],
              [
                27.883170703000076,
                -26.522333147999973
              ],
              [
                27.883600236000063,
                -26.522329329999934
              ],
              [
                27.883600236000063,
                -26.522369384999934
              ],
              [
                27.886709214000064,
                -26.52235984699996
              ],
              [
                27.88683802500003,
                -26.523816344999943
              ],
              [
                27.887050285000043,
                -26.52621642699995
              ],
              [
                27.887050629000044,
                -26.526220320999983
              ],
              [
                27.88716428300006,
                -26.526241969999944
              ],
              [
                27.887210846000073,
                -26.526250838999943
              ],
              [
                27.887369156000034,
                -26.526290893999942
              ],
              [
                27.887020111000027,
                -26.52235984699996
              ],
              [
                27.887006264000036,
                -26.52219486299998
              ],
              [
                27.88688322300004,
                -26.52072890499994
              ],
              [
                27.886819795000065,
                -26.519973195999967
              ],
              [
                27.88672582600003,
                -26.518853615999944
              ],
              [
                27.886652708000042,
                -26.517982461999964
              ],
              [
                27.886559525000052,
                -26.516872234999937
              ],
              [
                27.88652992300007,
                -26.516519545999984
              ],
              [
                27.886526925000055,
                -26.51648913699995
              ],
              [
                27.886368143000027,
                -26.51487863799997
              ],
              [
                27.886137861000066,
                -26.512542920999977
              ],
              [
                27.886089325000057,
                -26.51205062899993
              ],
              [
                27.88604715500003,
                -26.511424101999978
              ],
              [
                27.88604107100008,
                -26.511333709999974
              ],
              [
                27.886009216000048,
                -26.510860442999956
              ],
              [
                27.886023954000052,
                -26.51056568699994
              ],
              [
                27.886039734000065,
                -26.51025009199998
              ],
              [
                27.886215676000063,
                -26.509107123999968
              ],
              [
                27.88652479800004,
                -26.507098980999956
              ],
              [
                27.886550903000057,
                -26.506929396999965
              ],
              [
                27.88660049400005,
                -26.506389617999957
              ],
              [
                27.886553422000077,
                -26.505516975999967
              ],
              [
                27.886550903000057,
                -26.505470275999983
              ],
              [
                27.886550903000057,
                -26.505439757999966
              ],
              [
                27.886209489000066,
                -26.50532913199993
              ],
              [
                27.88578033400006,
                -26.505189894999944
              ],
              [
                27.885031432000062,
                -26.50495032799995
              ],
              [
                27.884819634000053,
                -26.504882575999943
              ],
              [
                27.884931102000053,
                -26.50481728799997
              ],
              [
                27.884893308000073,
                -26.50434066899993
              ],
              [
                27.884788326000034,
                -26.504304975999958
              ],
              [
                27.88474423300005,
                -26.50426508199996
              ],
              [
                27.88471063800006,
                -26.504164298999967
              ],
              [
                27.884698041000036,
                -26.504132803999937
              ],
              [
                27.883891779000066,
                -26.504370062999953
              ],
              [
                27.883545613000024,
                -26.50446982699998
              ],
              [
                27.88339183000005,
                -26.504514146999952
              ],
              [
                27.88328708000006,
                -26.504544334999935
              ],
              [
                27.883109398000045,
                -26.50447878199998
              ],
              [
                27.88316154200004,
                -26.504346188999932
              ],
              [
                27.883074135000072,
                -26.504317669999978
              ],
              [
                27.882738000000074,
                -26.50420799999995
              ],
              [
                27.88267470900007,
                -26.504187500999933
              ],
              [
                27.88218816400007,
                -26.504029917999958
              ],
              [
                27.88182100000006,
                -26.50391099999996
              ],
              [
                27.88126200000005,
                -26.503729999999962
              ],
              [
                27.880351000000076,
                -26.50343399999997
              ],
              [
                27.88024968800005,
                -26.50340130099994
              ],
              [
                27.880249434000064,
                -26.503401218999954
              ],
              [
                27.88016200000004,
                -26.503372999999954
              ],
              [
                27.87978400000003,
                -26.503250999999977
              ],
              [
                27.879662000000053,
                -26.503210999999965
              ],
              [
                27.87928400000004,
                -26.503087999999934
              ],
              [
                27.879238961000055,
                -26.503073357999938
              ],
              [
                27.879236823000042,
                -26.503072663999944
              ],
              [
                27.879001000000073,
                -26.50299599999994
              ],
              [
                27.87881200000004,
                -26.50293499999998
              ],
              [
                27.878298229000052,
                -26.502768180999965
              ],
              [
                27.877950000000055,
                -26.502654999999947
              ],
              [
                27.87775835900004,
                -26.502593137999952
              ],
              [
                27.877620000000036,
                -26.502547999999933
              ],
              [
                27.87705900000003,
                -26.502365999999938
              ],
              [
                27.876529000000062,
                -26.502194999999972
              ],
              [
                27.87626400000005,
                -26.502107999999964
              ],
              [
                27.876119000000074,
                -26.50206099999997
              ],
              [
                27.875782000000072,
                -26.50195199999996
              ],
              [
                27.87567000000007,
                -26.50191499999994
              ],
              [
                27.87555800000007,
                -26.501878999999974
              ],
              [
                27.87534800000003,
                -26.501810999999975
              ],
              [
                27.875095000000044,
                -26.501728999999955
              ],
              [
                27.874963148000063,
                -26.501688913999942
              ],
              [
                27.874785442000075,
                -26.501609968999958
              ],
              [
                27.874200406000057,
                -26.501419416999966
              ],
              [
                27.87375912400006,
                -26.50157319599998
              ],
              [
                27.873225905000027,
                -26.50175037799994
              ],
              [
                27.872311171000035,
                -26.50208147899997
              ],
              [
                27.872136067000042,
                -26.50214485999993
              ],
              [
                27.871461108000062,
                -26.502380047999964
              ],
              [
                27.87143569600005,
                -26.50238890299994
              ],
              [
                27.870355887000073,
                -26.502770011999928
              ],
              [
                27.869769847000043,
                -26.502972934999946
              ],
              [
                27.869753153000033,
                -26.502978714999983
              ],
              [
                27.869752465000033,
                -26.502978952999968
              ],
              [
                27.868294891000062,
                -26.503493783999943
              ],
              [
                27.867903752000075,
                -26.50363252099993
              ],
              [
                27.867062972000042,
                -26.503920023999967
              ],
              [
                27.86598985100005,
                -26.504292775999943
              ],
              [
                27.86594639200007,
                -26.504170753999972
              ],
              [
                27.86575249400005,
                -26.504209198999945
              ],
              [
                27.865797625000027,
                -26.504369665999945
              ],
              [
                27.865341298000033,
                -26.504521774999944
              ],
              [
                27.864920072000075,
                -26.50467388499993
              ],
              [
                27.864550961000077,
                -26.50479949299995
              ],
              [
                27.864548979000062,
                -26.504800065999973
              ],
              [
                27.864545529000054,
                -26.50480134199995
              ],
              [
                27.864485914000056,
                -26.50482339699994
              ],
              [
                27.864425999000048,
                -26.504845562999947
              ],
              [
                27.864415826000027,
                -26.504849325999942
              ],
              [
                27.864397030000077,
                -26.50504817099994
              ],
              [
                27.864393000000064,
                -26.505113999999935
              ]
            ]
          ],
          [
            [
              [
                28.13786061600007,
                -26.103704998999945
              ],
              [
                28.13788036400007,
                -26.104184239999938
              ],
              [
                28.13915157100007,
                -26.10454360999995
              ],
              [
                28.14040668800004,
                -26.104919071999973
              ],
              [
                28.144590409000045,
                -26.106136642999957
              ],
              [
                28.145357424000053,
                -26.10635655599998
              ],
              [
                28.14564706500005,
                -26.106560377999983
              ],
              [
                28.14590989000004,
                -26.10676419999993
              ],
              [
                28.146424810000042,
                -26.10726839399996
              ],
              [
                28.146789543000068,
                -26.10759558099994
              ],
              [
                28.147497559000044,
                -26.107971041999974
              ],
              [
                28.147506342000042,
                -26.10797522499996
              ],
              [
                28.14761099100008,
                -26.107279732999928
              ],
              [
                28.14767851000005,
                -26.10678685499994
              ],
              [
                28.14772577100007,
                -26.10646952099995
              ],
              [
                28.14784730300005,
                -26.10563680499996
              ],
              [
                28.14803185100004,
                -26.10449350999994
              ],
              [
                28.148070111000038,
                -26.104225689999964
              ],
              [
                28.148225400000058,
                -26.10315441199998
              ],
              [
                28.14790266400007,
                -26.103085884999928
              ],
              [
                28.14789681600007,
                -26.103084643999978
              ],
              [
                28.14791430500003,
                -26.103059112999972
              ],
              [
                28.148232781000047,
                -26.102768504999972
              ],
              [
                28.14834822800003,
                -26.102696848999983
              ],
              [
                28.14863485500007,
                -26.102597324999977
              ],
              [
                28.14882098000004,
                -26.102530851999973
              ],
              [
                28.148857787000054,
                -26.102517707999937
              ],
              [
                28.150020219000055,
                -26.10207184199993
              ],
              [
                28.150324082000054,
                -26.101979761999928
              ],
              [
                28.150414331000036,
                -26.10195241499997
              ],
              [
                28.15137771600007,
                -26.101582186999963
              ],
              [
                28.151528992000067,
                -26.101538397999946
              ],
              [
                28.151556602000028,
                -26.10153421499996
              ],
              [
                28.151561376000075,
                -26.10153349199993
              ],
              [
                28.15151865400003,
                -26.101065845999983
              ],
              [
                28.151474775000054,
                -26.10083260099998
              ],
              [
                28.15142512500006,
                -26.100511599999948
              ],
              [
                28.151376627000047,
                -26.100329159999944
              ],
              [
                28.151258850000033,
                -26.099868441999945
              ],
              [
                28.151135299000032,
                -26.09951972899995
              ],
              [
                28.151047740000024,
                -26.09933841299994
              ],
              [
                28.150836310000045,
                -26.098723878999976
              ],
              [
                28.150577549000047,
                -26.09785205399993
              ],
              [
                28.150565605000054,
                -26.09767689499995
              ],
              [
                28.150581530000068,
                -26.09746192399996
              ],
              [
                28.15058551100003,
                -26.09736638199996
              ],
              [
                28.150959718000024,
                -26.096430862999966
              ],
              [
                28.15108710800007,
                -26.09625570199995
              ],
              [
                28.15121449800006,
                -26.096180062999963
              ],
              [
                28.15026676900004,
                -26.095805733999953
              ],
              [
                28.148635901000034,
                -26.095919109999954
              ],
              [
                28.148102893000043,
                -26.09571367999996
              ],
              [
                28.146961427000065,
                -26.095273739999982
              ],
              [
                28.146909100000073,
                -26.095247575999963
              ],
              [
                28.146263729000054,
                -26.09566619499998
              ],
              [
                28.146188341000027,
                -26.095832136999945
              ],
              [
                28.145707397000024,
                -26.097359044999962
              ],
              [
                28.144969857000035,
                -26.10021087299998
              ],
              [
                28.144430027000055,
                -26.10229821699994
              ],
              [
                28.14442095000004,
                -26.102322654999966
              ],
              [
                28.14406100800005,
                -26.10329172699994
              ],
              [
                28.14137852700003,
                -26.10347623699994
              ],
              [
                28.13786061600007,
                -26.103704998999945
              ]
            ]
          ]
        ]
      }
    },
    {
      "type": "Feature",
      "properties": {
        "id": "lawley",
        "name": "Lawley",
        "labelPriority": "secondary",
        "selectionBasis": "census-main-place",
        "subPlaceCount": 2
      },
      "geometry": {
        "type": "Polygon",
        "coordinates": [
          [
            [
              27.79004963600005,
              -26.381754258999933
            ],
            [
              27.790275059000066,
              -26.383300016999954
            ],
            [
              27.790634299000033,
              -26.38579305299993
            ],
            [
              27.790656898000066,
              -26.38594988799997
            ],
            [
              27.791061740000032,
              -26.388392737999936
            ],
            [
              27.79063389500004,
              -26.388465578999956
            ],
            [
              27.79085471800005,
              -26.390784217999965
            ],
            [
              27.791310269000064,
              -26.390613429999974
            ],
            [
              27.792071211000064,
              -26.39034798299997
            ],
            [
              27.792891143000077,
              -26.390123830999983
            ],
            [
              27.793410237000046,
              -26.39003239899995
            ],
            [
              27.794410081000024,
              -26.389858384999968
            ],
            [
              27.794675074000054,
              -26.389813446999938
            ],
            [
              27.79660148100004,
              -26.389486760999944
            ],
            [
              27.797472717000062,
              -26.389343233999966
            ],
            [
              27.798642462000032,
              -26.389150529999938
            ],
            [
              27.800904648000028,
              -26.388784804999943
            ],
            [
              27.801916290000065,
              -26.388622587999976
            ],
            [
              27.802464878000023,
              -26.38853705599996
            ],
            [
              27.802898439000046,
              -26.38901190799993
            ],
            [
              27.80315062300008,
              -26.389359857999978
            ],
            [
              27.804527344000064,
              -26.39113413499996
            ],
            [
              27.806719458000032,
              -26.391706218999957
            ],
            [
              27.806755613000064,
              -26.391766476999976
            ],
            [
              27.806860061000066,
              -26.391870926999957
            ],
            [
              27.806992629000035,
              -26.391947252999955
            ],
            [
              27.807145286000036,
              -26.39215614999995
            ],
            [
              27.807330079000053,
              -26.392405218999954
            ],
            [
              27.807600681000054,
              -26.392675821999944
            ],
            [
              27.807373018000078,
              -26.39335195999996
            ],
            [
              27.807007336000026,
              -26.39443799199995
            ],
            [
              27.806753782000044,
              -26.395204840999952
            ],
            [
              27.80609206500003,
              -26.39717762199996
            ],
            [
              27.805634430000055,
              -26.398569081999938
            ],
            [
              27.805620515000044,
              -26.398599229999945
            ],
            [
              27.805722556000035,
              -26.39914189899997
            ],
            [
              27.806167823000067,
              -26.399072324999963
            ],
            [
              27.807229971000027,
              -26.398923903999957
            ],
            [
              27.808050931000025,
              -26.39879867299993
            ],
            [
              27.808475865000048,
              -26.398736232999966
            ],
            [
              27.808488879000038,
              -26.39873432099995
            ],
            [
              27.81146000900003,
              -26.39829774699996
            ],
            [
              27.81256055500006,
              -26.398133349999966
            ],
            [
              27.813145273000032,
              -26.39804600599996
            ],
            [
              27.813695620000033,
              -26.397963797999978
            ],
            [
              27.815925330000027,
              -26.39763547399997
            ],
            [
              27.816562028000078,
              -26.397541720999982
            ],
            [
              27.81782825600004,
              -26.397360830999958
            ],
            [
              27.817916382000078,
              -26.397365468999965
            ],
            [
              27.817930297000032,
              -26.39740721299995
            ],
            [
              27.818459052000037,
              -26.39749997699994
            ],
            [
              27.818669644000067,
              -26.397645301999944
            ],
            [
              27.818626305000066,
              -26.39743691299998
            ],
            [
              27.81852806300003,
              -26.396964527999955
            ],
            [
              27.81852834500006,
              -26.39696448899997
            ],
            [
              27.819082345000027,
              -26.396890687999928
            ],
            [
              27.819018173000075,
              -26.396494896999968
            ],
            [
              27.818866238000055,
              -26.39568075899996
            ],
            [
              27.81872147100006,
              -26.394922521999945
            ],
            [
              27.81855807000005,
              -26.39412415199996
            ],
            [
              27.818420469000046,
              -26.39341464599994
            ],
            [
              27.81826996800004,
              -26.39263777499997
            ],
            [
              27.818143834000068,
              -26.391975572999968
            ],
            [
              27.818039489000057,
              -26.39143645799993
            ],
            [
              27.81798903300006,
              -26.391175766999936
            ],
            [
              27.817844266000066,
              -26.39045049599997
            ],
            [
              27.817681313000037,
              -26.389597998999932
            ],
            [
              27.817236906000062,
              -26.387315657999977
            ],
            [
              27.817133555000055,
              -26.38680634399998
            ],
            [
              27.817126804000054,
              -26.386771572999976
            ],
            [
              27.817066554000064,
              -26.386461244999964
            ],
            [
              27.81688383900007,
              -26.385520138999937
            ],
            [
              27.817068506000055,
              -26.385432226999967
            ],
            [
              27.816682554000067,
              -26.38346387499996
            ],
            [
              27.81626058100005,
              -26.381259618999934
            ],
            [
              27.816193682000062,
              -26.380910160999974
            ],
            [
              27.816022445000044,
              -26.38006872099993
            ],
            [
              27.81595922200006,
              -26.379735573999938
            ],
            [
              27.81569077000006,
              -26.378320954999936
            ],
            [
              27.815400992000036,
              -26.37679396699997
            ],
            [
              27.815373691000048,
              -26.376650105999943
            ],
            [
              27.81533315400003,
              -26.376456254999937
            ],
            [
              27.81527398600008,
              -26.37617331699994
            ],
            [
              27.81534375700005,
              -26.376207145999956
            ],
            [
              27.81542410000003,
              -26.376228288999982
            ],
            [
              27.815527700000075,
              -26.376253659999975
            ],
            [
              27.81581524300003,
              -26.376342459999933
            ],
            [
              27.815963243000056,
              -26.376382631999945
            ],
            [
              27.816068958000074,
              -26.376403773999982
            ],
            [
              27.816223300000047,
              -26.376410116999978
            ],
            [
              27.81642415600004,
              -26.37641223099996
            ],
            [
              27.816548900000043,
              -26.37641223099996
            ],
            [
              27.816616556000042,
              -26.376429145999964
            ],
            [
              27.81670425200008,
              -26.37645401499998
            ],
            [
              27.81675821400006,
              -26.37646931599994
            ],
            [
              27.816888223000035,
              -26.376496782999936
            ],
            [
              27.816908328000068,
              -26.376501030999975
            ],
            [
              27.817088042000023,
              -26.376547545999983
            ],
            [
              27.81721701400005,
              -26.37657503199995
            ],
            [
              27.817318499000066,
              -26.376608859999976
            ],
            [
              27.817443242000024,
              -26.376657488999967
            ],
            [
              27.817554209000036,
              -26.37669747999996
            ],
            [
              27.81772352100006,
              -26.376304843999947
            ],
            [
              27.817758302000072,
              -26.37465620599994
            ],
            [
              27.814634932000047,
              -26.372590189999983
            ],
            [
              27.81287700000007,
              -26.371898999999928
            ],
            [
              27.81282200000004,
              -26.37154399999997
            ],
            [
              27.812756000000036,
              -26.371227999999974
            ],
            [
              27.812692000000027,
              -26.370926999999938
            ],
            [
              27.812586000000067,
              -26.37038199999995
            ],
            [
              27.812453051000034,
              -26.36970275599998
            ],
            [
              27.812315596000076,
              -26.369001045999937
            ],
            [
              27.81225100000006,
              -26.36867899999993
            ],
            [
              27.812227000000064,
              -26.368524999999977
            ],
            [
              27.81209000000007,
              -26.36782599999998
            ],
            [
              27.811973000000023,
              -26.367256999999938
            ],
            [
              27.81192200000004,
              -26.36698199999995
            ],
            [
              27.811866000000066,
              -26.36667799999998
            ],
            [
              27.81182000000007,
              -26.366428999999982
            ],
            [
              27.811766000000034,
              -26.366137999999978
            ],
            [
              27.811723160000042,
              -26.365919127999973
            ],
            [
              27.811605735000057,
              -26.365350218999936
            ],
            [
              27.811465000000055,
              -26.36464399999994
            ],
            [
              27.811590195000065,
              -26.36447524999994
            ],
            [
              27.811540604000072,
              -26.364469527999972
            ],
            [
              27.807109833000027,
              -26.364290236999977
            ],
            [
              27.802850724000052,
              -26.364110945999983
            ],
            [
              27.802839280000057,
              -26.364170073999958
            ],
            [
              27.802259021000054,
              -26.36414558399997
            ],
            [
              27.801697830000023,
              -26.36862361699997
            ],
            [
              27.80157739300006,
              -26.368824347999976
            ],
            [
              27.801367397000035,
              -26.369821824999974
            ],
            [
              27.801404456000057,
              -26.37022328599994
            ],
            [
              27.80150945200006,
              -26.37195574699996
            ],
            [
              27.801744153000072,
              -26.37201442299994
            ],
            [
              27.801822947000062,
              -26.37209353299994
            ],
            [
              27.801737976000027,
              -26.372842049999974
            ],
            [
              27.801550839000072,
              -26.373905460999936
            ],
            [
              27.801314897000054,
              -26.375312581999935
            ],
            [
              27.80115496600007,
              -26.37637661699995
            ],
            [
              27.801023505000046,
              -26.377251239999964
            ],
            [
              27.800478687000066,
              -26.377287886999966
            ],
            [
              27.800514457000077,
              -26.377804939999976
            ],
            [
              27.799851619000037,
              -26.37858259999996
            ],
            [
              27.799559264000038,
              -26.378731198999958
            ],
            [
              27.799405857000067,
              -26.37888265299995
            ],
            [
              27.799347230000024,
              -26.37892759899995
            ],
            [
              27.79927492400003,
              -26.378967660999933
            ],
            [
              27.799222159000067,
              -26.379015539999955
            ],
            [
              27.799141060000068,
              -26.37907612099997
            ],
            [
              27.79904139300004,
              -26.379123998999944
            ],
            [
              27.798930979000033,
              -26.379128884999943
            ],
            [
              27.798767802000043,
              -26.379120091999937
            ],
            [
              27.798655758000052,
              -26.379100059999928
            ],
            [
              27.79798350300007,
              -26.379136538999944
            ],
            [
              27.797673433000057,
              -26.379169108999974
            ],
            [
              27.79715360700004,
              -26.379205587999934
            ],
            [
              27.79619733800007,
              -26.37935410999995
            ],
            [
              27.795505541000068,
              -26.37945572999996
            ],
            [
              27.795023497000045,
              -26.379649849999964
            ],
            [
              27.79508994100007,
              -26.379845272999944
            ],
            [
              27.79525539900004,
              -26.380514921999975
            ],
            [
              27.795588921000046,
              -26.38121714199997
            ],
            [
              27.795915929000046,
              -26.38190893899997
            ],
            [
              27.795761851000066,
              -26.381933811999943
            ],
            [
              27.795448820000047,
              -26.38198144699993
            ],
            [
              27.794500656000025,
              -26.38212662099994
            ],
            [
              27.794459622000034,
              -26.382130519999976
            ],
            [
              27.79441943100005,
              -26.382139665999944
            ],
            [
              27.794380751000062,
              -26.382153907999964
            ],
            [
              27.79434422500003,
              -26.38217300799994
            ],
            [
              27.794310460000077,
              -26.38219664999997
            ],
            [
              27.79428001900004,
              -26.38222443999996
            ],
            [
              27.794253406000053,
              -26.382255915999963
            ],
            [
              27.793955435000044,
              -26.38255474099998
            ],
            [
              27.793615001000035,
              -26.382545539999967
            ],
            [
              27.79329296800006,
              -26.382453529999964
            ],
            [
              27.792745511000078,
              -26.38236612099996
            ],
            [
              27.79209684400007,
              -26.382186702999945
            ],
            [
              27.79004963600005,
              -26.381754258999933
            ]
          ]
        ]
      }
    },
    {
      "type": "Feature",
      "properties": {
        "id": "kanana-park",
        "name": "Kanana Park",
        "labelPriority": "secondary",
        "selectionBasis": "census-main-place",
        "subPlaceCount": 2
      },
      "geometry": {
        "type": "Polygon",
        "coordinates": [
          [
            [
              27.881030311000075,
              -26.428744541999947
            ],
            [
              27.881432061000055,
              -26.42987537399995
            ],
            [
              27.881508788000076,
              -26.430046537999942
            ],
            [
              27.881535348000057,
              -26.430117363999955
            ],
            [
              27.881685854000068,
              -26.430689874999928
            ],
            [
              27.881782761000068,
              -26.430946306999942
            ],
            [
              27.882069496000042,
              -26.431705050999938
            ],
            [
              27.882166882000035,
              -26.431985404999978
            ],
            [
              27.882175735000033,
              -26.43207983999997
            ],
            [
              27.882172784000034,
              -26.432200833999957
            ],
            [
              27.88212556600007,
              -26.43233068199993
            ],
            [
              27.882113762000074,
              -26.43240445999993
            ],
            [
              27.88215212600005,
              -26.432513649999976
            ],
            [
              27.88220229500007,
              -26.43256086799994
            ],
            [
              27.882284926000068,
              -26.43260513399997
            ],
            [
              27.88234099600004,
              -26.43268481299998
            ],
            [
              27.882346898000037,
              -26.432997628999942
            ],
            [
              27.882358702000033,
              -26.433068454999955
            ],
            [
              27.882402969000054,
              -26.433177645999933
            ],
            [
              27.882379360000073,
              -26.433275031999983
            ],
            [
              27.882400018000055,
              -26.433401928999956
            ],
            [
              27.88246199100007,
              -26.43346685299997
            ],
            [
              27.88248560100004,
              -26.433640966999974
            ],
            [
              27.88249740400005,
              -26.43376196199995
            ],
            [
              27.882535768000025,
              -26.43385934799994
            ],
            [
              27.88260364300004,
              -26.433906564999972
            ],
            [
              27.88265086100006,
              -26.43398624499997
            ],
            [
              27.88260364300004,
              -26.434133798999937
            ],
            [
              27.88234099600004,
              -26.43412494599994
            ],
            [
              27.88223475700005,
              -26.43427840299995
            ],
            [
              27.882101958000078,
              -26.434605973999965
            ],
            [
              27.882131469000058,
              -26.43465023999994
            ],
            [
              27.882208197000068,
              -26.434688604999963
            ],
            [
              27.88219934400007,
              -26.434768283999972
            ],
            [
              27.882096056000023,
              -26.434845011999982
            ],
            [
              27.882024492000028,
              -26.43507372199997
            ],
            [
              27.881892642000025,
              -26.435298643999943
            ],
            [
              27.881673312000032,
              -26.43567279399997
            ],
            [
              27.88204816900003,
              -26.438318194999965
            ],
            [
              27.882081783000046,
              -26.43855542199998
            ],
            [
              27.883696617000055,
              -26.43838939799997
            ],
            [
              27.884573636000027,
              -26.43829089199994
            ],
            [
              27.88499784800007,
              -26.43825593899993
            ],
            [
              27.885438074000035,
              -26.438229151999963
            ],
            [
              27.88568859700007,
              -26.438225719999934
            ],
            [
              27.885956279000027,
              -26.438270332999934
            ],
            [
              27.88618964400007,
              -26.43835956099997
            ],
            [
              27.88643673300004,
              -26.43844878799996
            ],
            [
              27.886652939000044,
              -26.43843506099995
            ],
            [
              27.88681080200007,
              -26.438328673999933
            ],
            [
              27.886831909000023,
              -26.438317447999964
            ],
            [
              27.886972098000058,
              -26.438242877999983
            ],
            [
              27.887277531000052,
              -26.438078150999957
            ],
            [
              27.88755893900003,
              -26.43781390099997
            ],
            [
              27.887812894000035,
              -26.437566809999964
            ],
            [
              27.88810803000007,
              -26.437398650999967
            ],
            [
              27.888358553000046,
              -26.437333446999958
            ],
            [
              27.88873262100003,
              -26.43727510599996
            ],
            [
              27.888990009000054,
              -26.43716528699997
            ],
            [
              27.889412122000067,
              -26.437028014999953
            ],
            [
              27.889731281000024,
              -26.436825536999947
            ],
            [
              27.889941300000032,
              -26.436785977999932
            ],
            [
              27.891761703000043,
              -26.436443091999934
            ],
            [
              27.89246719600004,
              -26.436296565999953
            ],
            [
              27.89291762600004,
              -26.436198882999975
            ],
            [
              27.893395190000035,
              -26.436144613999943
            ],
            [
              27.89405726700005,
              -26.436030648999974
            ],
            [
              27.894259316000046,
              -26.435993767999946
            ],
            [
              27.894741053000075,
              -26.435905832999936
            ],
            [
              27.895120933000044,
              -26.435916685999928
            ],
            [
              27.895972950000044,
              -26.43568333099995
            ],
            [
              27.896006415000045,
              -26.435685061999948
            ],
            [
              27.896287709000035,
              -26.43569961099996
            ],
            [
              27.89651563800004,
              -26.43566704999995
            ],
            [
              27.897072238000078,
              -26.435458928999935
            ],
            [
              27.897139727000024,
              -26.435433694999972
            ],
            [
              27.898198738000076,
              -26.435158814999966
            ],
            [
              27.899090880000074,
              -26.43492724899994
            ],
            [
              27.89912595900006,
              -26.434918142999948
            ],
            [
              27.899815172000046,
              -26.43466307999995
            ],
            [
              27.900260175000028,
              -26.434619665999946
            ],
            [
              27.901155608000067,
              -26.43437545699993
            ],
            [
              27.901372682000044,
              -26.434261491999962
            ],
            [
              27.90223555400007,
              -26.43262800499997
            ],
            [
              27.903576635000036,
              -26.430082735999974
            ],
            [
              27.90357668300004,
              -26.43008264399998
            ],
            [
              27.90407170700007,
              -26.42915114699997
            ],
            [
              27.90518429100007,
              -26.42696856699996
            ],
            [
              27.906073293000077,
              -26.425259765999954
            ],
            [
              27.907340254000076,
              -26.422869573999947
            ],
            [
              27.907405092000033,
              -26.422680257999957
            ],
            [
              27.907405657000027,
              -26.422679221999942
            ],
            [
              27.908367946000055,
              -26.420921057999976
            ],
            [
              27.910677347000046,
              -26.41842342999996
            ],
            [
              27.91078429600003,
              -26.418297028999973
            ],
            [
              27.91089605700006,
              -26.418174860999954
            ],
            [
              27.91101246200003,
              -26.41805710999995
            ],
            [
              27.911133337000024,
              -26.417943952999963
            ],
            [
              27.91125850000003,
              -26.41783555799998
            ],
            [
              27.911387766000075,
              -26.41773208899997
            ],
            [
              27.911520938000024,
              -26.417633699999953
            ],
            [
              27.911657819000027,
              -26.41754053899996
            ],
            [
              27.911798203000046,
              -26.417452744999935
            ],
            [
              27.91194188000003,
              -26.417370450999954
            ],
            [
              27.912088634000042,
              -26.41729377799993
            ],
            [
              27.912238245000026,
              -26.417222842999934
            ],
            [
              27.912390489000074,
              -26.417157750999934
            ],
            [
              27.91254513900003,
              -26.417098599999974
            ],
            [
              27.907659531000036,
              -26.402769087999957
            ],
            [
              27.90713315800008,
              -26.40282534199997
            ],
            [
              27.905410767000035,
              -26.40300941399994
            ],
            [
              27.90507222000008,
              -26.40304589999994
            ],
            [
              27.90280914300007,
              -26.403289794999978
            ],
            [
              27.901280172000043,
              -26.403454031999956
            ],
            [
              27.899080277000053,
              -26.403690337999933
            ],
            [
              27.898949862000052,
              -26.403703992999965
            ],
            [
              27.898939772000062,
              -26.40370504899994
            ],
            [
              27.898215881000056,
              -26.405158966999977
            ],
            [
              27.89792155400005,
              -26.405939229999944
            ],
            [
              27.897536650000063,
              -26.40695961199998
            ],
            [
              27.89685741900007,
              -26.40857335399994
            ],
            [
              27.896667833000038,
              -26.408865438999953
            ],
            [
              27.89576493900006,
              -26.41025646999998
            ],
            [
              27.895741644000054,
              -26.41029235999997
            ],
            [
              27.895567338000035,
              -26.41056090199993
            ],
            [
              27.894354752000027,
              -26.41237978099997
            ],
            [
              27.894318036000072,
              -26.41243386399998
            ],
            [
              27.89334274400005,
              -26.413870440999972
            ],
            [
              27.893251838000026,
              -26.414003186999935
            ],
            [
              27.89225324000006,
              -26.41546139199994
            ],
            [
              27.892043267000076,
              -26.41576866899993
            ],
            [
              27.891318728000044,
              -26.416828968999937
            ],
            [
              27.891213879000077,
              -26.41697940299997
            ],
            [
              27.891025524000042,
              -26.41726392099997
            ],
            [
              27.890831312000046,
              -26.417548301999943
            ],
            [
              27.890285670000026,
              -26.418357516999947
            ],
            [
              27.889802454000062,
              -26.419032632999972
            ],
            [
              27.889457959000026,
              -26.419467296999983
            ],
            [
              27.888997863000043,
              -26.419992130999958
            ],
            [
              27.887943497000037,
              -26.421086961999947
            ],
            [
              27.885302034000063,
              -26.423732494999967
            ],
            [
              27.88442499100006,
              -26.424586234999936
            ],
            [
              27.884336699000073,
              -26.42467218099995
            ],
            [
              27.884178415000065,
              -26.424809297999957
            ],
            [
              27.884015745000056,
              -26.42494118199994
            ],
            [
              27.883848862000036,
              -26.42506769199997
            ],
            [
              27.883677943000066,
              -26.425188694999974
            ],
            [
              27.88350317100003,
              -26.425304061999952
            ],
            [
              27.883324730000027,
              -26.425413668999965
            ],
            [
              27.883136884000066,
              -26.425514927999927
            ],
            [
              27.88294606100004,
              -26.425610459999973
            ],
            [
              27.882752436000033,
              -26.425700176999953
            ],
            [
              27.882556187000034,
              -26.42578399699994
            ],
            [
              27.88235749200004,
              -26.42586184299995
            ],
            [
              27.882156534000046,
              -26.42593364499993
            ],
            [
              27.881697185000064,
              -26.42606655399993
            ],
            [
              27.881324108000058,
              -26.42616215499993
            ],
            [
              27.881212186000027,
              -26.426996911999936
            ],
            [
              27.881142234000038,
              -26.42785498799998
            ],
            [
              27.88113290600006,
              -26.428001886999937
            ],
            [
              27.881114253000078,
              -26.428139457999976
            ],
            [
              27.88113290600006,
              -26.428306176999968
            ],
            [
              27.881030311000075,
              -26.428744541999947
            ]
          ]
        ]
      }
    },
    {
      "type": "Feature",
      "properties": {
        "id": "poortjie",
        "name": "Poortjie",
        "labelPriority": "secondary",
        "selectionBasis": "census-main-place",
        "subPlaceCount": 1
      },
      "geometry": {
        "type": "Polygon",
        "coordinates": [
          [
            [
              27.769279480000023,
              -26.450960158999976
            ],
            [
              27.769800187000044,
              -26.45112991299993
            ],
            [
              27.769870758000025,
              -26.451070784999956
            ],
            [
              27.770120621000046,
              -26.45085906999998
            ],
            [
              27.770273919000033,
              -26.450893033999932
            ],
            [
              27.770439148000037,
              -26.45092964099996
            ],
            [
              27.770599365000066,
              -26.45137023899997
            ],
            [
              27.77171450800006,
              -26.45166813299994
            ],
            [
              27.77276992800006,
              -26.451950072999978
            ],
            [
              27.775506602000064,
              -26.45217909699994
            ],
            [
              27.77575785600004,
              -26.452200123999944
            ],
            [
              27.77577357900003,
              -26.452310718999968
            ],
            [
              27.775828241000056,
              -26.45242004299996
            ],
            [
              27.775871395000024,
              -26.452506350999954
            ],
            [
              27.775874272000067,
              -26.452581151999937
            ],
            [
              27.77588002600004,
              -26.452661706999947
            ],
            [
              27.77586851800004,
              -26.452762399999983
            ],
            [
              27.77585701000004,
              -26.452854461999948
            ],
            [
              27.77584838000007,
              -26.452943646999984
            ],
            [
              27.775845503000028,
              -26.453093249999938
            ],
            [
              27.775831118000042,
              -26.45317380199998
            ],
            [
              27.77583687300006,
              -26.453291757999978
            ],
            [
              27.775831118000042,
              -26.453352173999974
            ],
            [
              27.77581961100003,
              -26.45341258999997
            ],
            [
              27.775828241000056,
              -26.453521913999964
            ],
            [
              27.775842626000042,
              -26.453645622999943
            ],
            [
              27.775842626000042,
              -26.45371754599995
            ],
            [
              27.775842626000042,
              -26.453760700999965
            ],
            [
              27.77583687300006,
              -26.453838377999944
            ],
            [
              27.775839749000056,
              -26.45421238199998
            ],
            [
              27.775839749000056,
              -26.454287180999984
            ],
            [
              27.775839749000056,
              -26.45436485999994
            ],
            [
              27.775842626000042,
              -26.45447130699995
            ],
            [
              27.775846045000037,
              -26.454522594999958
            ],
            [
              27.77584838000007,
              -26.454557614999942
            ],
            [
              27.775874272000067,
              -26.45462090799998
            ],
            [
              27.775894410000035,
              -26.454738863999978
            ],
            [
              27.775900165000053,
              -26.454816540999957
            ],
            [
              27.775900165000053,
              -26.454917233999936
            ],
            [
              27.775900165000053,
              -26.454997788999947
            ],
            [
              27.775865641000053,
              -26.45511286699997
            ],
            [
              27.775859886000035,
              -26.455170404999933
            ],
            [
              27.775843206000047,
              -26.45519349999995
            ],
            [
              27.775758937000035,
              -26.45520708999993
            ],
            [
              27.77572725300007,
              -26.455205915999954
            ],
            [
              27.77569439800004,
              -26.45520943699995
            ],
            [
              27.775660367000057,
              -26.455210609999938
            ],
            [
              27.775634076000074,
              -26.455210609999938
            ],
            [
              27.775614603000065,
              -26.455210609999938
            ],
            [
              27.775573531000077,
              -26.455202395999947
            ],
            [
              27.775494911000067,
              -26.455202395999947
            ],
            [
              27.775449147000074,
              -26.455203568999934
            ],
            [
              27.77540455600007,
              -26.455208262999975
            ],
            [
              27.775374045000035,
              -26.455212956999958
            ],
            [
              27.775351750000027,
              -26.45522351799997
            ],
            [
              27.775289558000054,
              -26.455241120999972
            ],
            [
              27.775227365000035,
              -26.45525285399998
            ],
            [
              27.775155785000038,
              -26.455264588999967
            ],
            [
              27.774992676000068,
              -26.45527984299997
            ],
            [
              27.77478145500004,
              -26.45529627199994
            ],
            [
              27.774529164000057,
              -26.45532091399997
            ],
            [
              27.77447401200004,
              -26.455325607999953
            ],
            [
              27.774377791000063,
              -26.455333821999943
            ],
            [
              27.77435784100004,
              -26.45533147499998
            ],
            [
              27.774326158000065,
              -26.45533147499998
            ],
            [
              27.774295648000077,
              -26.45533147499998
            ],
            [
              27.77419003800003,
              -26.45532678099994
            ],
            [
              27.774181001000045,
              -26.45532721799998
            ],
            [
              27.77234130200003,
              -26.45593334199998
            ],
            [
              27.772340402000054,
              -26.45593807499995
            ],
            [
              27.772395071000062,
              -26.45603526399998
            ],
            [
              27.772443665000026,
              -26.45613852699995
            ],
            [
              27.77248011100005,
              -26.456332904999954
            ],
            [
              27.77248011100005,
              -26.456436167999982
            ],
            [
              27.772522631000072,
              -26.45652120799997
            ],
            [
              27.77255300300004,
              -26.456612323999934
            ],
            [
              27.77255300300004,
              -26.45667306599995
            ],
            [
              27.772510483000076,
              -26.456715586999962
            ],
            [
              27.772510483000076,
              -26.45675203199994
            ],
            [
              27.77271378900008,
              -26.45727072099993
            ],
            [
              27.772903627000062,
              -26.457827530999964
            ],
            [
              27.773449564000032,
              -26.459428798999966
            ],
            [
              27.773752433000027,
              -26.46032024799996
            ],
            [
              27.77209411000007,
              -26.46149225099998
            ],
            [
              27.771189073000073,
              -26.462131875999944
            ],
            [
              27.771181915000057,
              -26.462136917999942
            ],
            [
              27.767536335000045,
              -26.46470514599997
            ],
            [
              27.76694636800005,
              -26.464175637999972
            ],
            [
              27.766651617000036,
              -26.463949431999936
            ],
            [
              27.76612723100004,
              -26.463603268999975
            ],
            [
              27.765571864000037,
              -26.463277266999967
            ],
            [
              27.76449238300006,
              -26.46264360999993
            ],
            [
              27.763319547000037,
              -26.461953346999962
            ],
            [
              27.762518228000033,
              -26.46148173699993
            ],
            [
              27.761036748000038,
              -26.460603823999975
            ],
            [
              27.760967793000077,
              -26.460562960999937
            ],
            [
              27.760112224000068,
              -26.46005595799994
            ],
            [
              27.759420184000078,
              -26.459634389999962
            ],
            [
              27.759239197000056,
              -26.444660186999954
            ],
            [
              27.768939972000055,
              -26.445650099999966
            ],
            [
              27.76926422100007,
              -26.45072364699996
            ],
            [
              27.769274960000075,
              -26.450890106999964
            ],
            [
              27.769279480000023,
              -26.450960158999976
            ]
          ]
        ]
      }
    },
    {
      "type": "Feature",
      "properties": {
        "id": "kya-sand",
        "name": "Kya Sand",
        "labelPriority": "secondary",
        "selectionBasis": "census-main-place",
        "subPlaceCount": 1
      },
      "geometry": {
        "type": "Polygon",
        "coordinates": [
          [
            [
              27.96088897100003,
              -26.015136294999934
            ],
            [
              27.960968007000076,
              -26.016323446999934
            ],
            [
              27.960985072000028,
              -26.01657976799993
            ],
            [
              27.961084904000074,
              -26.01782295499993
            ],
            [
              27.961089019000042,
              -26.017874185999972
            ],
            [
              27.96108943400003,
              -26.017911312999956
            ],
            [
              27.96108785900003,
              -26.01794229899997
            ],
            [
              27.961082607000037,
              -26.017971707999948
            ],
            [
              27.96108103100005,
              -26.017983259999937
            ],
            [
              27.961082083000065,
              -26.017993238999964
            ],
            [
              27.961085233000063,
              -26.018002166999963
            ],
            [
              27.961093110000036,
              -26.01801319599997
            ],
            [
              27.961100988000055,
              -26.018020022999963
            ],
            [
              27.961115692000078,
              -26.018028424999954
            ],
            [
              27.961314978000075,
              -26.01810792999993
            ],
            [
              27.961350137000068,
              -26.018125200999975
            ],
            [
              27.961364324000044,
              -26.01813506999997
            ],
            [
              27.96137419300004,
              -26.018144938999967
            ],
            [
              27.961382830000048,
              -26.018156658999942
            ],
            [
              27.961392081000042,
              -26.01818009799996
            ],
            [
              27.961407501000053,
              -26.018226975999937
            ],
            [
              27.96142662400007,
              -26.018274470999984
            ],
            [
              27.96143279100005,
              -26.01829729399998
            ],
            [
              27.96143464100004,
              -26.01831641499996
            ],
            [
              27.96143525800005,
              -26.018356507999954
            ],
            [
              27.96143710900003,
              -26.01837069499993
            ],
            [
              27.961440193000044,
              -26.018388582999933
            ],
            [
              27.96144389400007,
              -26.01841202099996
            ],
            [
              27.96144574300007,
              -26.01842682599994
            ],
            [
              27.96144389400007,
              -26.018452731999957
            ],
            [
              27.96143947300004,
              -26.01848120799997
            ],
            [
              27.96141315600005,
              -26.01855522699998
            ],
            [
              27.96140493000007,
              -26.01858318999996
            ],
            [
              27.961399174000064,
              -26.018612796999946
            ],
            [
              27.961395062000065,
              -26.01864404899993
            ],
            [
              27.96139177200007,
              -26.018734516999928
            ],
            [
              27.961388483000064,
              -26.01877234699998
            ],
            [
              27.961380258000077,
              -26.01882416099994
            ],
            [
              27.96137696900007,
              -26.018848832999936
            ],
            [
              27.961375323000027,
              -26.018887486999972
            ],
            [
              27.961373268000045,
              -26.018944918999978
            ],
            [
              27.96136778400006,
              -26.018992072999936
            ],
            [
              27.961355723000054,
              -26.01911817699994
            ],
            [
              27.961341467000068,
              -26.01921138499995
            ],
            [
              27.961341467000068,
              -26.019237703999977
            ],
            [
              27.961345854000058,
              -26.01929472699993
            ],
            [
              27.961349143000064,
              -26.01934845699998
            ],
            [
              27.96135243300006,
              -26.019429602999935
            ],
            [
              27.961357916000054,
              -26.01946359699997
            ],
            [
              27.96137217000006,
              -26.019506363999938
            ],
            [
              27.961435771000026,
              -26.019646723999983
            ],
            [
              27.961448931000064,
              -26.01967852399997
            ],
            [
              27.961462090000055,
              -26.019693875999963
            ],
            [
              27.961488407000047,
              -26.01970813199995
            ],
            [
              27.961504856000033,
              -26.019720193999945
            ],
            [
              27.961518015000024,
              -26.019735545999936
            ],
            [
              27.961532271000067,
              -26.01975857399998
            ],
            [
              27.96155420200006,
              -26.019785987999967
            ],
            [
              27.961581616000046,
              -26.019817788999944
            ],
            [
              27.961669124000025,
              -26.019893902999968
            ],
            [
              27.961665803000074,
              -26.019897774999947
            ],
            [
              27.961663590000057,
              -26.019902569999942
            ],
            [
              27.961662483000055,
              -26.019908288999943
            ],
            [
              27.961662299000068,
              -26.01991621899998
            ],
            [
              27.961663959000077,
              -26.019928206999964
            ],
            [
              27.961663959000077,
              -26.019932818999962
            ],
            [
              27.96166266800003,
              -26.01993503099993
            ],
            [
              27.96166027000004,
              -26.01993706099995
            ],
            [
              27.961656766000033,
              -26.019937797999944
            ],
            [
              27.961647544000073,
              -26.01994001099996
            ],
            [
              27.961627993000036,
              -26.01994535999995
            ],
            [
              27.961611394000045,
              -26.019950523999967
            ],
            [
              27.96160235700006,
              -26.019954027999972
            ],
            [
              27.961590854000065,
              -26.01995928599996
            ],
            [
              27.961561954000047,
              -26.01997579999994
            ],
            [
              27.96154378800003,
              -26.019993966999948
            ],
            [
              27.96153057600003,
              -26.020017912999947
            ],
            [
              27.96150167600007,
              -26.020093878999944
            ],
            [
              27.96149259300006,
              -26.020113697999932
            ],
            [
              27.96148929000003,
              -26.02013021199997
            ],
            [
              27.96149094200007,
              -26.02014672599995
            ],
            [
              27.96149507000007,
              -26.020164892999958
            ],
            [
              27.96149507000007,
              -26.02017892899994
            ],
            [
              27.96148929000003,
              -26.020188012999938
            ],
            [
              27.96147855600003,
              -26.020192967999947
            ],
            [
              27.961450481000043,
              -26.020197920999976
            ],
            [
              27.96143544100005,
              -26.02019919999998
            ],
            [
              27.961411672000054,
              -26.020201223999948
            ],
            [
              27.961388551000027,
              -26.020202049999966
            ],
            [
              27.961368734000075,
              -26.02020700399993
            ],
            [
              27.961320842000077,
              -26.020233427999983
            ],
            [
              27.961294418000023,
              -26.020246638999936
            ],
            [
              27.961282032000042,
              -26.020256547999963
            ],
            [
              27.961270472000024,
              -26.02027471399998
            ],
            [
              27.961262216000023,
              -26.020303614999932
            ],
            [
              27.961248177000073,
              -26.020349029999977
            ],
            [
              27.961238269000035,
              -26.020370498999966
            ],
            [
              27.961220103000073,
              -26.020389489999957
            ],
            [
              27.961189551000075,
              -26.020412610999983
            ],
            [
              27.96115156700006,
              -26.020436555999936
            ],
            [
              27.96111688700006,
              -26.020463805999952
            ],
            [
              27.96110119800005,
              -26.02048197099998
            ],
            [
              27.961064866000072,
              -26.02052986399997
            ],
            [
              27.96101036700003,
              -26.020599224999955
            ],
            [
              27.960986422000076,
              -26.020618216999935
            ],
            [
              27.960966604000077,
              -26.020629776999954
            ],
            [
              27.960942657000032,
              -26.020638859999963
            ],
            [
              27.960901372000023,
              -26.02064876999998
            ],
            [
              27.960876600000063,
              -26.020655374999933
            ],
            [
              27.960853479000036,
              -26.02066363199998
            ],
            [
              27.96076677900004,
              -26.02070574299995
            ],
            [
              27.960737877000042,
              -26.020715652999968
            ],
            [
              27.960714757000062,
              -26.02072143299995
            ],
            [
              27.960669342000074,
              -26.020731341999976
            ],
            [
              27.96057025500005,
              -26.020753635999938
            ],
            [
              27.960528969000052,
              -26.020766021999975
            ],
            [
              27.960499242000026,
              -26.020777581999937
            ],
            [
              27.960453827000038,
              -26.020789142999945
            ],
            [
              27.960317582000073,
              -26.020810611999934
            ],
            [
              27.960288680000076,
              -26.020811436999963
            ],
            [
              27.960263910000037,
              -26.020808133999935
            ],
            [
              27.960225927000067,
              -26.020794096999964
            ],
            [
              27.96019867700005,
              -26.020777581999937
            ],
            [
              27.960178860000042,
              -26.020774279999955
            ],
            [
              27.960161519000053,
              -26.020774279999955
            ],
            [
              27.960121060000063,
              -26.020778407999956
            ],
            [
              27.960086378000028,
              -26.020781710999984
            ],
            [
              27.960050872000068,
              -26.020781710999984
            ],
            [
              27.959995684000035,
              -26.020778852999968
            ],
            [
              27.95994455600004,
              -26.020779475999973
            ],
            [
              27.95990028700004,
              -26.020778852999968
            ],
            [
              27.95987721800003,
              -26.020780722999973
            ],
            [
              27.959851031000028,
              -26.02078882799998
            ],
            [
              27.959827338000025,
              -26.02080129799998
            ],
            [
              27.959803409000074,
              -26.020816647999936
            ],
            [
              27.959728202000065,
              -26.02086489499993
            ],
            [
              27.959704509000062,
              -26.020878611999933
            ],
            [
              27.959687675000055,
              -26.02088671799993
            ],
            [
              27.959673958000053,
              -26.02089544699993
            ],
            [
              27.959660864000057,
              -26.020908539999937
            ],
            [
              27.959621584000047,
              -26.02095592699993
            ],
            [
              27.95959976100005,
              -26.02098772499994
            ],
            [
              27.959580931000062,
              -26.021019416999934
            ],
            [
              27.95955787500003,
              -26.021063364999975
            ],
            [
              27.959548510000047,
              -26.02107705399993
            ],
            [
              27.959535540000047,
              -26.02109362699997
            ],
            [
              27.95951752800005,
              -26.02110947799997
            ],
            [
              27.959485826000048,
              -26.021138296999936
            ],
            [
              27.959441877000074,
              -26.021172158999946
            ],
            [
              27.959410175000073,
              -26.02120169999995
            ],
            [
              27.959387841000023,
              -26.021229077999976
            ],
            [
              27.95935613900008,
              -26.021274468999934
            ],
            [
              27.959327319000067,
              -26.02131769799996
            ],
            [
              27.959308586000077,
              -26.021352280999963
            ],
            [
              27.959295594000025,
              -26.021373438999944
            ],
            [
              27.959249799000077,
              -26.021443159999933
            ],
            [
              27.95923681000005,
              -26.02146093099998
            ],
            [
              27.95921835400003,
              -26.02147528599994
            ],
            [
              27.95918486100004,
              -26.02149579199994
            ],
            [
              27.959167773000047,
              -26.021508095999934
            ],
            [
              27.959155469000052,
              -26.021521767999957
            ],
            [
              27.95914863400003,
              -26.02153612099994
            ],
            [
              27.95914453200004,
              -26.021553208999933
            ],
            [
              27.959142689000032,
              -26.021579394999947
            ],
            [
              27.959142689000032,
              -26.02162436599997
            ],
            [
              27.959137292000037,
              -26.021667539999953
            ],
            [
              27.95912858300005,
              -26.021701400999973
            ],
            [
              27.959123781000073,
              -26.021720071999937
            ],
            [
              27.959111489000065,
              -26.021744040999977
            ],
            [
              27.959099063000053,
              -26.02176324499993
            ],
            [
              27.959083247000024,
              -26.02177906099996
            ],
            [
              27.95906178200005,
              -26.02179261799995
            ],
            [
              27.959018853000032,
              -26.02181182299995
            ],
            [
              27.95898722000004,
              -26.021821989999978
            ],
            [
              27.958964626000068,
              -26.02183215799994
            ],
            [
              27.958951071000058,
              -26.021842324999966
            ],
            [
              27.958927347000042,
              -26.021871696999938
            ],
            [
              27.958903623000026,
              -26.02189655199993
            ],
            [
              27.958873121000067,
              -26.021927052999956
            ],
            [
              27.958860695000055,
              -26.021946258999947
            ],
            [
              27.958853915000077,
              -26.021965462999958
            ],
            [
              27.958848267000064,
              -26.02200387299996
            ],
            [
              27.958844878000036,
              -26.022041153999965
            ],
            [
              27.95884374800005,
              -26.022086341999966
            ],
            [
              27.958838101000026,
              -26.02211684399998
            ],
            [
              27.95882454300005,
              -26.022150735999958
            ],
            [
              27.958792911000046,
              -26.022212869999976
            ],
            [
              27.95878500200007,
              -26.022230944999933
            ],
            [
              27.958782744000075,
              -26.022244501999978
            ],
            [
              27.95878500200007,
              -26.022259187999964
            ],
            [
              27.95878952100003,
              -26.022275003999937
            ],
            [
              27.95879065200006,
              -26.022298727999953
            ],
            [
              27.958770317000074,
              -26.022447848999946
            ],
            [
              27.958768058000032,
              -26.02246592499995
            ],
            [
              27.95877144700006,
              -26.02248061199998
            ],
            [
              27.958777095000073,
              -26.022490777999963
            ],
            [
              27.95878839200003,
              -26.02249868699994
            ],
            [
              27.958798560000048,
              -26.022505464999938
            ],
            [
              27.958805338000047,
              -26.022522409999965
            ],
            [
              27.958808727000076,
              -26.022547263999968
            ],
            [
              27.95881098800004,
              -26.022581154999955
            ],
            [
              27.958812006000073,
              -26.022646393999935
            ],
            [
              27.958812115000057,
              -26.022653456999933
            ],
            [
              27.958809857000062,
              -26.022681698999975
            ],
            [
              27.958800819000032,
              -26.022721238999964
            ],
            [
              27.958792911000046,
              -26.022756259999937
            ],
            [
              27.95877822500006,
              -26.02279466999994
            ],
            [
              27.958735295000054,
              -26.022899732999974
            ],
            [
              27.958727388000057,
              -26.022932494999964
            ],
            [
              27.958727388000057,
              -26.022955088999936
            ],
            [
              27.958735295000054,
              -26.022978812999952
            ],
            [
              27.95874546300007,
              -26.02300140699998
            ],
            [
              27.958751112000073,
              -26.02302739099997
            ],
            [
              27.958750081000062,
              -26.02310580099993
            ],
            [
              27.95874566400005,
              -26.02312522799997
            ],
            [
              27.958739482000055,
              -26.023142005999944
            ],
            [
              27.95872976900006,
              -26.023156134999965
            ],
            [
              27.958689148000076,
              -26.023207353999965
            ],
            [
              27.958681201000047,
              -26.02322148199994
            ],
            [
              27.958676785000023,
              -26.023239142999955
            ],
            [
              27.958675020000044,
              -26.02325150599995
            ],
            [
              27.958676785000023,
              -26.02328064699998
            ],
            [
              27.95867325300003,
              -26.02334157799993
            ],
            [
              27.95867590200004,
              -26.02335835599996
            ],
            [
              27.95868473300004,
              -26.023369835999972
            ],
            [
              27.958694447000028,
              -26.02337689899997
            ],
            [
              27.958704160000025,
              -26.023385730999962
            ],
            [
              27.958707693000065,
              -26.023398976999943
            ],
            [
              27.958705043000066,
              -26.023417520999942
            ],
            [
              27.958690914000044,
              -26.023465207999948
            ],
            [
              27.958671938000066,
              -26.023506122999947
            ],
            [
              27.95861805800007,
              -26.023615467999946
            ],
            [
              27.958591287000047,
              -26.023669796999968
            ],
            [
              27.95852844500007,
              -26.023785687999975
            ],
            [
              27.958500912000034,
              -26.02385243499998
            ],
            [
              27.958500869000034,
              -26.02385262799993
            ],
            [
              27.958495906000053,
              -26.02387496299997
            ],
            [
              27.958492568000054,
              -26.02389665499993
            ],
            [
              27.958487562000073,
              -26.023949218999974
            ],
            [
              27.958485059000054,
              -26.023976751999953
            ],
            [
              27.958480887000064,
              -26.023999278999952
            ],
            [
              27.958469207000064,
              -26.02402597799994
            ],
            [
              27.958457526000075,
              -26.02404099599994
            ],
            [
              27.95843416400004,
              -26.024062688999948
            ],
            [
              27.958424987000058,
              -26.024080209999966
            ],
            [
              27.95842164900006,
              -26.024097731999973
            ],
            [
              27.95842248300005,
              -26.024112749999972
            ],
            [
              27.958428324000067,
              -26.024133607999943
            ],
            [
              27.958432496000057,
              -26.024149459999933
            ],
            [
              27.958437101000072,
              -26.024184539999965
            ],
            [
              27.95844659100004,
              -26.024267562999967
            ],
            [
              27.958444218000068,
              -26.02431974899997
            ],
            [
              27.958434729000032,
              -26.02435770099993
            ],
            [
              27.958413380000025,
              -26.024402771999974
            ],
            [
              27.958375427000078,
              -26.024464445999968
            ],
            [
              27.958356450000053,
              -26.02450002699993
            ],
            [
              27.95832798500004,
              -26.024587793999956
            ],
            [
              27.958294860000024,
              -26.024681940999983
            ],
            [
              27.95828291600003,
              -26.024715886999957
            ],
            [
              27.958281039000042,
              -26.02472464699997
            ],
            [
              27.958275800000024,
              -26.024749094999947
            ],
            [
              27.95827105500007,
              -26.024782304999974
            ],
            [
              27.95827016800007,
              -26.024828043999946
            ],
            [
              27.958255455000028,
              -26.02488965799995
            ],
            [
              27.958239822000053,
              -26.024940235999964
            ],
            [
              27.95823706300007,
              -26.024966905999975
            ],
            [
              27.95823890300005,
              -26.024989894999976
            ],
            [
              27.958243501000027,
              -26.025012884999967
            ],
            [
              27.958251777000044,
              -26.025034954999967
            ],
            [
              27.958255455000028,
              -26.02506162399993
            ],
            [
              27.958252697000034,
              -26.02509656899997
            ],
            [
              27.958247179000068,
              -26.025123236999946
            ],
            [
              27.958229707000044,
              -26.025171975999967
            ],
            [
              27.958142344000066,
              -26.025383484999963
            ],
            [
              27.958117607000077,
              -26.025424525999938
            ],
            [
              27.95808093000005,
              -26.025481875999958
            ],
            [
              27.958074929000077,
              -26.025496546999932
            ],
            [
              27.958074261000036,
              -26.025510550999968
            ],
            [
              27.958077596000066,
              -26.025522554999952
            ],
            [
              27.95808359700004,
              -26.025529889999973
            ],
            [
              27.958091600000046,
              -26.025533224999947
            ],
            [
              27.958105604000025,
              -26.025530556999968
            ],
            [
              27.958117607000077,
              -26.025533224999947
            ],
            [
              27.958127611000066,
              -26.025541226999962
            ],
            [
              27.95813694700007,
              -26.025555897999936
            ],
            [
              27.958140281000055,
              -26.02557256999995
            ],
            [
              27.95814094800005,
              -26.025587240999982
            ],
            [
              27.95813828100006,
              -26.025618582999982
            ],
            [
              27.95812809800003,
              -26.025667062999958
            ],
            [
              27.95812161400005,
              -26.025697930999968
            ],
            [
              27.95808840500007,
              -26.025816533999944
            ],
            [
              27.95802673000003,
              -26.025946999999974
            ],
            [
              27.95799352100005,
              -26.025982580999937
            ],
            [
              27.95795793900004,
              -26.02599918599998
            ],
            [
              27.957919987000025,
              -26.026003928999955
            ],
            [
              27.957877289000066,
              -26.026003928999955
            ],
            [
              27.95782273100008,
              -26.026006301999928
            ],
            [
              27.957789521000052,
              -26.02602053499993
            ],
            [
              27.957761057000027,
              -26.02604425499993
            ],
            [
              27.957723103000035,
              -26.02610355799993
            ],
            [
              27.95768515000003,
              -26.02616997599995
            ],
            [
              27.957663801000024,
              -26.02621741799993
            ],
            [
              27.95765194100005,
              -26.026267230999963
            ],
            [
              27.95764956800008,
              -26.02636685899995
            ],
            [
              27.95764719600004,
              -26.026442765999946
            ],
            [
              27.957635336000067,
              -26.026475974999983
            ],
            [
              27.957599755000047,
              -26.026570858999946
            ],
            [
              27.957573662000073,
              -26.02661829999994
            ],
            [
              27.957561801000054,
              -26.02664439299997
            ],
            [
              27.957538080000063,
              -26.026751135999973
            ],
            [
              27.95752384800005,
              -26.026784345999943
            ],
            [
              27.957504871000026,
              -26.02680569499995
            ],
            [
              27.957471663000035,
              -26.02683178799998
            ],
            [
              27.95724631300004,
              -26.02695513699996
            ],
            [
              27.957020966000073,
              -26.027085600999953
            ],
            [
              27.95701203400006,
              -26.027091129999974
            ],
            [
              27.95692133800003,
              -26.027147274999948
            ],
            [
              27.956864408000058,
              -26.027189972999963
            ],
            [
              27.956717338000033,
              -26.027329925999936
            ],
            [
              27.95661059400004,
              -26.02742955399998
            ],
            [
              27.95652045500003,
              -26.02753155399995
            ],
            [
              27.956468269000027,
              -26.02756713499997
            ],
            [
              27.95641371100004,
              -26.027597971999967
            ],
            [
              27.956373386000053,
              -26.027631179999958
            ],
            [
              27.956304595000063,
              -26.02769285599993
            ],
            [
              27.956271385000036,
              -26.027726063999978
            ],
            [
              27.95621682700005,
              -26.027766389999954
            ],
            [
              27.95591082900006,
              -26.027941924999936
            ],
            [
              27.955872876000058,
              -26.027958528999932
            ],
            [
              27.95584203900006,
              -26.027965645999927
            ],
            [
              27.95580645800004,
              -26.027968017999967
            ],
            [
              27.955730551000045,
              -26.027965645999927
            ],
            [
              27.955630923000058,
              -26.027977505999957
            ],
            [
              27.955545529000062,
              -26.02799411099994
            ],
            [
              27.95553133100003,
              -26.027998843999967
            ],
            [
              27.955388970000058,
              -26.028046295999957
            ],
            [
              27.955348645000072,
              -26.02806527299998
            ],
            [
              27.95531780600004,
              -26.02808424999995
            ],
            [
              27.955256133000034,
              -26.02816727299995
            ],
            [
              27.955232412000043,
              -26.028186249999976
            ],
            [
              27.955199203000063,
              -26.02819810999995
            ],
            [
              27.955156506000037,
              -26.028205225999955
            ],
            [
              27.95511143600004,
              -26.028205225999955
            ],
            [
              27.955068738000023,
              -26.02819810999995
            ],
            [
              27.95490981000006,
              -26.028138808999984
            ],
            [
              27.954867111000056,
              -26.028136435999954
            ],
            [
              27.95486574100005,
              -26.028136892999953
            ],
            [
              27.954831530000035,
              -26.028148295999983
            ],
            [
              27.95480306500008,
              -26.028169644999934
            ],
            [
              27.954774600000064,
              -26.028193364999936
            ],
            [
              27.954748507000033,
              -26.028217086999973
            ],
            [
              27.95471055300004,
              -26.028238434999935
            ],
            [
              27.954644135000024,
              -26.02825741199996
            ],
            [
              27.95460618000004,
              -26.028274016999944
            ],
            [
              27.954575344000034,
              -26.028297737999935
            ],
            [
              27.954442509000046,
              -26.02844243499993
            ],
            [
              27.95438557700004,
              -26.02848750499993
            ],
            [
              27.954347625000025,
              -26.02850885299995
            ],
            [
              27.954300182000054,
              -26.028530200999967
            ],
            [
              27.954046368000036,
              -26.028606107999963
            ],
            [
              27.95399655500006,
              -26.028622711999958
            ],
            [
              27.953963346000023,
              -26.028644061999955
            ],
            [
              27.95393559400003,
              -26.028681543999937
            ],
            [
              27.953887235000025,
              -26.028771355999936
            ],
            [
              27.953825057000074,
              -26.028871530999936
            ],
            [
              27.95372833600004,
              -26.02896825199997
            ],
            [
              27.953645433000077,
              -26.029023520999942
            ],
            [
              27.953441628000064,
              -26.029134058999944
            ],
            [
              27.953351816000065,
              -26.029172055999936
            ],
            [
              27.95331036500005,
              -26.029206598999963
            ],
            [
              27.95329309300007,
              -26.029254957999967
            ],
            [
              27.95329309300007,
              -26.029306773999963
            ],
            [
              27.953313820000062,
              -26.029351679999934
            ],
            [
              27.953341454000054,
              -26.02937586099995
            ],
            [
              27.95340017700005,
              -26.02940349499994
            ],
            [
              27.953445083000076,
              -26.029434583999944
            ],
            [
              27.953476172000023,
              -26.02947603499996
            ],
            [
              27.953507260000038,
              -26.029562392999935
            ],
            [
              27.95352107800005,
              -26.029645296999945
            ],
            [
              27.95353835000003,
              -26.02981455799994
            ],
            [
              27.953545258000077,
              -26.029949275999968
            ],
            [
              27.953524532000074,
              -26.030073631999983
            ],
            [
              27.953489989000047,
              -26.03015308099998
            ],
            [
              27.953434720000075,
              -26.030229074999966
            ],
            [
              27.953396722000036,
              -26.03027743699994
            ],
            [
              27.953375997000023,
              -26.030325795999943
            ],
            [
              27.953362179000067,
              -26.03041560799994
            ],
            [
              27.953355271000078,
              -26.030591778999963
            ],
            [
              27.953334545000075,
              -26.03066086399997
            ],
            [
              27.953296547000036,
              -26.030726496999932
            ],
            [
              27.95323782300005,
              -26.030792127999973
            ],
            [
              27.953189464000047,
              -26.030833579999978
            ],
            [
              27.95311692300004,
              -26.03087157699997
            ],
            [
              27.953058199000054,
              -26.03088884899995
            ],
            [
              27.95302020300005,
              -26.03091648299994
            ],
            [
              27.95298591200003,
              -26.03096316799997
            ],
            [
              27.952958442000067,
              -26.03100711999997
            ],
            [
              27.952929139000048,
              -26.031049241999938
            ],
            [
              27.952881525000066,
              -26.03109868799993
            ],
            [
              27.952848560000064,
              -26.03112798999996
            ],
            [
              27.95283390900005,
              -26.031142641999963
            ],
            [
              27.952830247000065,
              -26.031164616999945
            ],
            [
              27.952835741000058,
              -26.031188424999982
            ],
            [
              27.952850391000027,
              -26.031212232999962
            ],
            [
              27.952871667000068,
              -26.031230825999955
            ],
            [
              27.952972166000052,
              -26.031318856999974
            ],
            [
              27.952675360000057,
              -26.03162575899995
            ],
            [
              27.95264959800005,
              -26.031645211999944
            ],
            [
              27.952139110000076,
              -26.032032156999946
            ],
            [
              27.952064550000046,
              -26.032115664999935
            ],
            [
              27.951963145000036,
              -26.03217531399997
            ],
            [
              27.951521743000058,
              -26.03247057699997
            ],
            [
              27.951238911000075,
              -26.03266991499993
            ],
            [
              27.950835848000054,
              -26.032715636999967
            ],
            [
              27.95065495800003,
              -26.032738827999935
            ],
            [
              27.947152843000026,
              -26.033251332999953
            ],
            [
              27.947010873000067,
              -26.03263825299996
            ],
            [
              27.946950951000076,
              -26.032384303999947
            ],
            [
              27.945402759000046,
              -26.032564840999953
            ],
            [
              27.945125072000053,
              -26.032596870999953
            ],
            [
              27.943793252000034,
              -26.032750487999976
            ],
            [
              27.942224622000026,
              -26.032932727999935
            ],
            [
              27.94195211300007,
              -26.03295997899994
            ],
            [
              27.94181756200004,
              -26.032983823999928
            ],
            [
              27.94174091900004,
              -26.033000855999944
            ],
            [
              27.94167449500003,
              -26.03302129399998
            ],
            [
              27.941567194000072,
              -26.033062169999937
            ],
            [
              27.940819497000064,
              -26.033440275999965
            ],
            [
              27.939318995000065,
              -26.034193082999934
            ],
            [
              27.937958153000068,
              -26.034876057999952
            ],
            [
              27.937019700000064,
              -26.03534954299994
            ],
            [
              27.936854491000076,
              -26.035434701999975
            ],
            [
              27.93675911300005,
              -26.03549090699994
            ],
            [
              27.936705776000053,
              -26.035527205999983
            ],
            [
              27.936641519000034,
              -26.03540511799997
            ],
            [
              27.936762001000034,
              -26.035228410999935
            ],
            [
              27.93749132000005,
              -26.034235639999963
            ],
            [
              27.938096941000026,
              -26.03341796899997
            ],
            [
              27.938158630000032,
              -26.033333139999968
            ],
            [
              27.938157748000037,
              -26.033321402999945
            ],
            [
              27.938180076000037,
              -26.03329110599998
            ],
            [
              27.938416320000044,
              -26.032967820999943
            ],
            [
              27.938462996000055,
              -26.032903946999966
            ],
            [
              27.938640280000072,
              -26.03266134499995
            ],
            [
              27.93864056600006,
              -26.032660951999958
            ],
            [
              27.938901761000068,
              -26.03230310899994
            ],
            [
              27.939574854000057,
              -26.03135371099995
            ],
            [
              27.939641134000055,
              -26.031260774999964
            ],
            [
              27.940174050000053,
              -26.030513550999956
            ],
            [
              27.94024955200007,
              -26.030410738999933
            ],
            [
              27.940280074000043,
              -26.030364152999937
            ],
            [
              27.94030738300006,
              -26.03031756699994
            ],
            [
              27.940636165000058,
              -26.029747017999966
            ],
            [
              27.940934585000036,
              -26.029243506999933
            ],
            [
              27.941745670000046,
              -26.02787499599998
            ],
            [
              27.941980322000063,
              -26.02747901999993
            ],
            [
              27.942019833000074,
              -26.02741234499996
            ],
            [
              27.942324301000042,
              -26.02690039099997
            ],
            [
              27.94259814700007,
              -26.026439921999952
            ],
            [
              27.942649564000078,
              -26.026353255999936
            ],
            [
              27.942670570000075,
              -26.02636711899993
            ],
            [
              27.94341537400004,
              -26.02514892299996
            ],
            [
              27.94370560400006,
              -26.02463895099993
            ],
            [
              27.94459114700004,
              -26.023068975999934
            ],
            [
              27.945743057000072,
              -26.021146896999937
            ],
            [
              27.946918405000076,
              -26.01915784499994
            ],
            [
              27.947144104000074,
              -26.01877505999994
            ],
            [
              27.94733697600003,
              -26.01844794899995
            ],
            [
              27.947707654000055,
              -26.017811945999938
            ],
            [
              27.94772539300004,
              -26.017781509999963
            ],
            [
              27.947894261000044,
              -26.017495913999937
            ],
            [
              27.948338740000054,
              -26.016744192999965
            ],
            [
              27.94862790600007,
              -26.01627781199994
            ],
            [
              27.948630931000025,
              -26.016271382999946
            ],
            [
              27.948632445000044,
              -26.01626381699998
            ],
            [
              27.948634336000055,
              -26.016229015999954
            ],
            [
              27.948635848000038,
              -26.01622296399995
            ],
            [
              27.948638497000047,
              -26.016218424999977
            ],
            [
              27.94864530600006,
              -26.016208968999933
            ],
            [
              27.948669894000034,
              -26.016175679999947
            ],
            [
              27.948676324000076,
              -26.016164708999952
            ],
            [
              27.948726256000043,
              -26.016082624999967
            ],
            [
              27.94896156300007,
              -26.015704979999953
            ],
            [
              27.948974304000046,
              -26.015675250999948
            ],
            [
              27.948981736000064,
              -26.015651892999983
            ],
            [
              27.94899022900006,
              -26.015633842999932
            ],
            [
              27.949086849000025,
              -26.01548201399993
            ],
            [
              27.94986487500006,
              -26.014157420999936
            ],
            [
              27.949963358000048,
              -26.014206326999954
            ],
            [
              27.949961232000078,
              -26.014268521999952
            ],
            [
              27.949963854000032,
              -26.014313090999963
            ],
            [
              27.949969097000064,
              -26.014353726999957
            ],
            [
              27.949980895000067,
              -26.01440091799998
            ],
            [
              27.949997936000045,
              -26.014442864999978
            ],
            [
              27.950013666000075,
              -26.01447825799994
            ],
            [
              27.950159170000063,
              -26.014746981999963
            ],
            [
              27.95017621100004,
              -26.01478630699995
            ],
            [
              27.95018669800004,
              -26.014823010999976
            ],
            [
              27.950193252000076,
              -26.01485709399998
            ],
            [
              27.95019587400003,
              -26.014900351999984
            ],
            [
              27.95019194100007,
              -26.014951474999975
            ],
            [
              27.95018669800004,
              -26.014997353999945
            ],
            [
              27.95017621100004,
              -26.01505109699997
            ],
            [
              27.950045126000077,
              -26.015492853999945
            ],
            [
              27.950037261000034,
              -26.01553217999998
            ],
            [
              27.950037261000034,
              -26.015557085999944
            ],
            [
              27.950046437000026,
              -26.015579369999955
            ],
            [
              27.95006347800006,
              -26.015595100999974
            ],
            [
              27.95008314100005,
              -26.015599032999944
            ],
            [
              27.950106736000066,
              -26.015596410999933
            ],
            [
              27.950138197000058,
              -26.015581991999966
            ],
            [
              27.95018669800004,
              -26.015557085999944
            ],
            [
              27.950229956000044,
              -26.015540044999966
            ],
            [
              27.950292877000038,
              -26.015524314999936
            ],
            [
              27.950956166000026,
              -26.015411581999956
            ],
            [
              27.95200222300008,
              -26.01523723899993
            ],
            [
              27.953302877000056,
              -26.01501260599997
            ],
            [
              27.95568091800004,
              -26.014614884999958
            ],
            [
              27.959148550000066,
              -26.01405144699993
            ],
            [
              27.96049914400004,
              -26.01383187299996
            ],
            [
              27.960569233000058,
              -26.01381917699996
            ],
            [
              27.960608101000048,
              -26.013808997999945
            ],
            [
              27.96063771200005,
              -26.013797892999946
            ],
            [
              27.960669175000078,
              -26.013784011999974
            ],
            [
              27.960706190000053,
              -26.013763653999945
            ],
            [
              27.960814042000038,
              -26.013691493999943
            ],
            [
              27.96088897100003,
              -26.015136294999934
            ]
          ]
        ]
      }
    },
    {
      "type": "Feature",
      "properties": {
        "id": "cosmo-city",
        "name": "Cosmo City",
        "labelPriority": "secondary",
        "selectionBasis": "named-sub-places",
        "subPlaceCount": 1
      },
      "geometry": {
        "type": "Polygon",
        "coordinates": [
          [
            [
              27.934761337000054,
              -26.009389075999934
            ],
            [
              27.935249688000056,
              -26.009935911999946
            ],
            [
              27.935437578000062,
              -26.009895137999933
            ],
            [
              27.935461804000056,
              -26.009889734999945
            ],
            [
              27.93546270300004,
              -26.009890694999967
            ],
            [
              27.93599792400005,
              -26.01046139799996
            ],
            [
              27.936550261000036,
              -26.011078423999948
            ],
            [
              27.93712250200008,
              -26.011750185999972
            ],
            [
              27.93765493500007,
              -26.012446826999962
            ],
            [
              27.937696594000045,
              -26.01250992799993
            ],
            [
              27.937803647000067,
              -26.012672082999927
            ],
            [
              27.93799330400003,
              -26.012959354999964
            ],
            [
              27.938448409000046,
              -26.013711701999966
            ],
            [
              27.938601663000043,
              -26.013652710999963
            ],
            [
              27.93864525300006,
              -26.013636104999932
            ],
            [
              27.938782874000026,
              -26.013583677999975
            ],
            [
              27.939700437000056,
              -26.01459616099993
            ],
            [
              27.940031219000048,
              -26.01494132399995
            ],
            [
              27.940356249000047,
              -26.015300871999955
            ],
            [
              27.94073880700006,
              -26.015726572999938
            ],
            [
              27.940848109000058,
              -26.01587902199998
            ],
            [
              27.941017024000075,
              -26.01613807299998
            ],
            [
              27.94103421500006,
              -26.01616443699993
            ],
            [
              27.94112635600004,
              -26.016305745999944
            ],
            [
              27.941446730000052,
              -26.016841167999928
            ],
            [
              27.941882281000062,
              -26.01762617099996
            ],
            [
              27.942221605000043,
              -26.01836559399993
            ],
            [
              27.942283090000046,
              -26.01850505999994
            ],
            [
              27.942333979000068,
              -26.01863162099994
            ],
            [
              27.942416799000057,
              -26.018860091999954
            ],
            [
              27.942499619000046,
              -26.019131397999956
            ],
            [
              27.942559592000066,
              -26.019357011999944
            ],
            [
              27.942595734000065,
              -26.019523832999937
            ],
            [
              27.94261005100003,
              -26.019592011999976
            ],
            [
              27.942646868000054,
              -26.019776776999947
            ],
            [
              27.94271638500004,
              -26.020259142999976
            ],
            [
              27.942749948000028,
              -26.020571914999948
            ],
            [
              27.942774847000067,
              -26.02083380199997
            ],
            [
              27.942846169000063,
              -26.021535012999948
            ],
            [
              27.942861633000064,
              -26.021823894999955
            ],
            [
              27.94243593500005,
              -26.021995152999978
            ],
            [
              27.942465294000044,
              -26.022073441999964
            ],
            [
              27.94370560400006,
              -26.02463895099993
            ],
            [
              27.94341537400004,
              -26.02514892299996
            ],
            [
              27.942670570000075,
              -26.02636711899993
            ],
            [
              27.942649564000078,
              -26.026353255999936
            ],
            [
              27.94259814700007,
              -26.026439921999952
            ],
            [
              27.942324301000042,
              -26.02690039099997
            ],
            [
              27.942019833000074,
              -26.02741234499996
            ],
            [
              27.941980322000063,
              -26.02747901999993
            ],
            [
              27.941745670000046,
              -26.02787499599998
            ],
            [
              27.940934585000036,
              -26.029243506999933
            ],
            [
              27.940636165000058,
              -26.029747017999966
            ],
            [
              27.94030738300006,
              -26.03031756699994
            ],
            [
              27.940280074000043,
              -26.030364152999937
            ],
            [
              27.94024955200007,
              -26.030410738999933
            ],
            [
              27.940174050000053,
              -26.030513550999956
            ],
            [
              27.939641134000055,
              -26.031260774999964
            ],
            [
              27.939574854000057,
              -26.03135371099995
            ],
            [
              27.938901761000068,
              -26.03230310899994
            ],
            [
              27.93864056600006,
              -26.032660951999958
            ],
            [
              27.938640280000072,
              -26.03266134499995
            ],
            [
              27.938462996000055,
              -26.032903946999966
            ],
            [
              27.938416320000044,
              -26.032967820999943
            ],
            [
              27.938180076000037,
              -26.03329110599998
            ],
            [
              27.938157748000037,
              -26.033321402999945
            ],
            [
              27.938158630000032,
              -26.033333139999968
            ],
            [
              27.938096941000026,
              -26.03341796899997
            ],
            [
              27.93749132000005,
              -26.034235639999963
            ],
            [
              27.936762001000034,
              -26.035228410999935
            ],
            [
              27.936641519000034,
              -26.03540511799997
            ],
            [
              27.936705776000053,
              -26.035527205999983
            ],
            [
              27.93666722200004,
              -26.035554514999944
            ],
            [
              27.936628668000026,
              -26.035591461999957
            ],
            [
              27.936574050000047,
              -26.03564929399994
            ],
            [
              27.936508186000026,
              -26.03573122199998
            ],
            [
              27.93602684700005,
              -26.036392801999966
            ],
            [
              27.933562992000077,
              -26.03976083899994
            ],
            [
              27.93242333300003,
              -26.041318728999954
            ],
            [
              27.932392665000066,
              -26.04136157299996
            ],
            [
              27.931737292000037,
              -26.04226654699994
            ],
            [
              27.930408699000054,
              -26.044085395999957
            ],
            [
              27.93025506500004,
              -26.044306048999943
            ],
            [
              27.93022772200004,
              -26.04435652999996
            ],
            [
              27.930206688000055,
              -26.04440700899994
            ],
            [
              27.930194069000038,
              -26.044457488999967
            ],
            [
              27.93018144800004,
              -26.044520589999934
            ],
            [
              27.930066835000048,
              -26.04536398099998
            ],
            [
              27.929857625000068,
              -26.04671750999995
            ],
            [
              27.929534121000074,
              -26.04882028299994
            ],
            [
              27.92935570800006,
              -26.04994752799996
            ],
            [
              27.92916872400008,
              -26.05112892699998
            ],
            [
              27.92909472300005,
              -26.051115412999934
            ],
            [
              27.92902811400006,
              -26.051101391999964
            ],
            [
              27.92885984000003,
              -26.05103478099994
            ],
            [
              27.92797289600003,
              -26.050642143999937
            ],
            [
              27.92672272300007,
              -26.05008976299996
            ],
            [
              27.92333133900007,
              -26.048591303999956
            ],
            [
              27.919527118000076,
              -26.046889420999946
            ],
            [
              27.918653333000066,
              -26.046498517999964
            ],
            [
              27.918322266000075,
              -26.046350408999956
            ],
            [
              27.91724511500007,
              -26.045872628999973
            ],
            [
              27.91643785800005,
              -26.045514561999937
            ],
            [
              27.916375697000035,
              -26.045486989999972
            ],
            [
              27.91633248200003,
              -26.045467821999978
            ],
            [
              27.91544342700007,
              -26.045073472999945
            ],
            [
              27.91353699600006,
              -26.044226769999966
            ],
            [
              27.913514141000064,
              -26.04421661899994
            ],
            [
              27.912907417000042,
              -26.043952653999952
            ],
            [
              27.911812979000047,
              -26.043453574999944
            ],
            [
              27.911179052000023,
              -26.043169208999927
            ],
            [
              27.910768009000037,
              -26.042984823999973
            ],
            [
              27.91071243500005,
              -26.04296003099995
            ],
            [
              27.91070632900005,
              -26.042899960999932
            ],
            [
              27.910611639000024,
              -26.041968339999983
            ],
            [
              27.910414160000073,
              -26.039937882999936
            ],
            [
              27.91021253300005,
              -26.03786477799997
            ],
            [
              27.910181909000073,
              -26.037573606999956
            ],
            [
              27.91070200300004,
              -26.037096704999954
            ],
            [
              27.911627014000032,
              -26.03624008099996
            ],
            [
              27.911771343000055,
              -26.036107923999964
            ],
            [
              27.912075122000033,
              -26.03582976399997
            ],
            [
              27.912112914000033,
              -26.03539245199994
            ],
            [
              27.912201096000047,
              -26.034237089999976
            ],
            [
              27.91228028000006,
              -26.033061929999974
            ],
            [
              27.91237386100005,
              -26.031830980999928
            ],
            [
              27.912453044000074,
              -26.030713410999965
            ],
            [
              27.912550225000075,
              -26.029442870999958
            ],
            [
              27.91263961800007,
              -26.02820968599997
            ],
            [
              27.91367374400005,
              -26.025375493999945
            ],
            [
              27.91390543500006,
              -26.024740506999933
            ],
            [
              27.91452980100007,
              -26.02302932699996
            ],
            [
              27.915019142000062,
              -26.02168790299993
            ],
            [
              27.915191380000067,
              -26.021215747999975
            ],
            [
              27.91577038500003,
              -26.02058511399997
            ],
            [
              27.916493484000057,
              -26.019807233999927
            ],
            [
              27.916531725000027,
              -26.019766095999955
            ],
            [
              27.917056588000037,
              -26.01923546499995
            ],
            [
              27.91769038600006,
              -26.018507270999976
            ],
            [
              27.91814092000004,
              -26.01798963599998
            ],
            [
              27.919038275000048,
              -26.017040366999936
            ],
            [
              27.919536710000045,
              -26.01651309799996
            ],
            [
              27.92036726300006,
              -26.01561909999998
            ],
            [
              27.920949629000063,
              -26.015011886999957
            ],
            [
              27.922209790000068,
              -26.01393524399998
            ],
            [
              27.92280928300005,
              -26.013451978999967
            ],
            [
              27.92382725600004,
              -26.012704329999963
            ],
            [
              27.92403501600006,
              -26.01246779199994
            ],
            [
              27.925155370000027,
              -26.011192248999976
            ],
            [
              27.927417611000067,
              -26.008689342999958
            ],
            [
              27.92877681300007,
              -26.007187060999968
            ],
            [
              27.92946087200005,
              -26.006424315999936
            ],
            [
              27.929674084000055,
              -26.006189527999936
            ],
            [
              27.929803536000065,
              -26.00587351599995
            ],
            [
              27.93011701000006,
              -26.00555242699994
            ],
            [
              27.930387334000045,
              -26.005252912999936
            ],
            [
              27.930471096000076,
              -26.005336675999956
            ],
            [
              27.930599475000065,
              -26.00545256999993
            ],
            [
              27.931221863000076,
              -26.00602629399998
            ],
            [
              27.932172017000028,
              -26.00689730099998
            ],
            [
              27.932817690000036,
              -26.00749746499997
            ],
            [
              27.93349720200007,
              -26.008115757999974
            ],
            [
              27.933601271000043,
              -26.008213705999935
            ],
            [
              27.933775740000044,
              -26.008375930999932
            ],
            [
              27.93393490400007,
              -26.008522851999942
            ],
            [
              27.93413692100006,
              -26.008709564999947
            ],
            [
              27.934761337000054,
              -26.009389075999934
            ]
          ]
        ]
      }
    },
    {
      "type": "Feature",
      "properties": {
        "id": "zandspruit",
        "name": "Zandspruit",
        "labelPriority": "secondary",
        "selectionBasis": "named-sub-places",
        "subPlaceCount": 1
      },
      "geometry": {
        "type": "Polygon",
        "coordinates": [
          [
            [
              27.910275630000058,
              -26.049433214999965
            ],
            [
              27.91103206500003,
              -26.049971638999978
            ],
            [
              27.91196836900008,
              -26.050641164999945
            ],
            [
              27.91215148400005,
              -26.05078952899993
            ],
            [
              27.912204166000038,
              -26.05083221299998
            ],
            [
              27.913249996000047,
              -26.050582335999934
            ],
            [
              27.91367530200006,
              -26.052107357999944
            ],
            [
              27.910347952000052,
              -26.05285450899993
            ],
            [
              27.91032169300007,
              -26.053057916999933
            ],
            [
              27.910307518000025,
              -26.05316772599997
            ],
            [
              27.910172399000032,
              -26.054214422999962
            ],
            [
              27.910159176000036,
              -26.05432776599997
            ],
            [
              27.91015756300004,
              -26.054360302999953
            ],
            [
              27.908657083000037,
              -26.054943477999927
            ],
            [
              27.90774680900006,
              -26.055277626999953
            ],
            [
              27.90769983000007,
              -26.055297406999955
            ],
            [
              27.908733364000057,
              -26.056283961999952
            ],
            [
              27.909133920000045,
              -26.056667210999933
            ],
            [
              27.90920432300004,
              -26.056746527999962
            ],
            [
              27.90921928700004,
              -26.05676460899997
            ],
            [
              27.909231757000043,
              -26.056782689999977
            ],
            [
              27.909261479000065,
              -26.056829077999964
            ],
            [
              27.90927755000007,
              -26.056862112999966
            ],
            [
              27.90928737200005,
              -26.056885327999964
            ],
            [
              27.909293622000064,
              -26.056908541999974
            ],
            [
              27.909294515000056,
              -26.056928183999958
            ],
            [
              27.909291836000023,
              -26.05694693399994
            ],
            [
              27.909284694000064,
              -26.056965683999977
            ],
            [
              27.90926862200007,
              -26.056986218999953
            ],
            [
              27.909234694000077,
              -26.057021040999928
            ],
            [
              27.909091489000048,
              -26.057140526999945
            ],
            [
              27.909009095000044,
              -26.05721507399994
            ],
            [
              27.90890969800006,
              -26.05730531599994
            ],
            [
              27.908853461000035,
              -26.057357628999966
            ],
            [
              27.90879591600003,
              -26.057403404999945
            ],
            [
              27.908657283000025,
              -26.057519802999934
            ],
            [
              27.908535653000058,
              -26.057641433999947
            ],
            [
              27.908368248000045,
              -26.05781276199997
            ],
            [
              27.90822438400005,
              -26.05796055099995
            ],
            [
              27.90813283400007,
              -26.05805340699993
            ],
            [
              27.90804259300006,
              -26.05813580199998
            ],
            [
              27.90785164700003,
              -26.058287511999936
            ],
            [
              27.90774201000005,
              -26.058382122999944
            ],
            [
              27.907713879000028,
              -26.058406398999978
            ],
            [
              27.907581691000075,
              -26.058525067999938
            ],
            [
              27.907507675000033,
              -26.058591062999938
            ],
            [
              27.90751384200007,
              -26.05859533299997
            ],
            [
              27.907522047000043,
              -26.05859911899995
            ],
            [
              27.907529620000048,
              -26.058600696999974
            ],
            [
              27.90754098000008,
              -26.058601643999964
            ],
            [
              27.90755739000008,
              -26.058601327999952
            ],
            [
              27.907576323000058,
              -26.058598487999973
            ],
            [
              27.90775690600003,
              -26.05855277699993
            ],
            [
              27.907872256000076,
              -26.05852685499997
            ],
            [
              27.90789757400006,
              -26.058524552999984
            ],
            [
              27.907921742000042,
              -26.05852685499997
            ],
            [
              27.907960872000046,
              -26.058536060999927
            ],
            [
              27.907998848000034,
              -26.058553323999945
            ],
            [
              27.908193339000036,
              -26.05868566999993
            ],
            [
              27.908498585000075,
              -26.058881851999956
            ],
            [
              27.908540438000045,
              -26.058907216999955
            ],
            [
              27.90856856100004,
              -26.05892188799993
            ],
            [
              27.908582379000052,
              -26.058926862999954
            ],
            [
              27.90860669800003,
              -26.058934877999945
            ],
            [
              27.908620239000072,
              -26.058937641999933
            ],
            [
              27.90863184600005,
              -26.058938745999967
            ],
            [
              27.908645664000062,
              -26.05893846999993
            ],
            [
              27.908663904000036,
              -26.058936535999976
            ],
            [
              27.908687927000074,
              -26.05893331799996
            ],
            [
              27.908725227000048,
              -26.058924220999927
            ],
            [
              27.90873887300006,
              -26.05891785199998
            ],
            [
              27.90875434000003,
              -26.05890511599995
            ],
            [
              27.90880164600003,
              -26.058839613999965
            ],
            [
              27.908811653000043,
              -26.058832335999966
            ],
            [
              27.908824388000028,
              -26.058826876999944
            ],
            [
              27.90883803500003,
              -26.058825058999957
            ],
            [
              27.909025443000075,
              -26.058844162999947
            ],
            [
              27.909144165000043,
              -26.05885984699995
            ],
            [
              27.909178259000043,
              -26.058866045999935
            ],
            [
              27.909215328000073,
              -26.058872785999938
            ],
            [
              27.90925198700006,
              -26.05888141199995
            ],
            [
              27.90928217800007,
              -26.058900819999963
            ],
            [
              27.909361967000052,
              -26.058965512999976
            ],
            [
              27.90938999900004,
              -26.059002172999953
            ],
            [
              27.909400782000034,
              -26.059038831999942
            ],
            [
              27.909411564000038,
              -26.059127245999946
            ],
            [
              27.90942019000005,
              -26.059166061999974
            ],
            [
              27.909439598000063,
              -26.05920703399994
            ],
            [
              27.909471945000064,
              -26.059258788999955
            ],
            [
              27.909666024000046,
              -26.059476588999928
            ],
            [
              27.909950674000072,
              -26.059847497999954
            ],
            [
              27.909972238000023,
              -26.059886311999946
            ],
            [
              27.90998733300006,
              -26.05992944099995
            ],
            [
              27.90999595900007,
              -26.059981195999967
            ],
            [
              27.90999595900007,
              -26.060035106999976
            ],
            [
              27.90997724700003,
              -26.060314370999947
            ],
            [
              27.909962565000058,
              -26.06035002699997
            ],
            [
              27.90992061600008,
              -26.060385683999982
            ],
            [
              27.909765410000034,
              -26.06048006499998
            ],
            [
              27.909698293000076,
              -26.060522012999968
            ],
            [
              27.909675222000033,
              -26.060542986999963
            ],
            [
              27.90964795700006,
              -26.060576544999947
            ],
            [
              27.90962908000006,
              -26.060620590999974
            ],
            [
              27.909593424000036,
              -26.060809354999947
            ],
            [
              27.909656572000074,
              -26.060822548999965
            ],
            [
              27.909664762000034,
              -26.06082695899994
            ],
            [
              27.90967358200004,
              -26.060839560999966
            ],
            [
              27.90969248300007,
              -26.06087421099994
            ],
            [
              27.909694373000036,
              -26.060883660999934
            ],
            [
              27.90969248300007,
              -26.06089878199998
            ],
            [
              27.90965783200005,
              -26.06103045699996
            ],
            [
              27.909635372000025,
              -26.061098795999953
            ],
            [
              27.909620690000054,
              -26.061170106999953
            ],
            [
              27.909615313000074,
              -26.06122746899996
            ],
            [
              27.90961439800003,
              -26.061237223999967
            ],
            [
              27.909593424000036,
              -26.061784643999943
            ],
            [
              27.90959377300004,
              -26.062076530999946
            ],
            [
              27.909593855000026,
              -26.062077468999973
            ],
            [
              27.909597261000044,
              -26.062116301999936
            ],
            [
              27.909603077000043,
              -26.062141503999953
            ],
            [
              27.909617616000048,
              -26.06217155199994
            ],
            [
              27.909719388000042,
              -26.06233341999996
            ],
            [
              27.90972811200004,
              -26.062354743999947
            ],
            [
              27.909733928000037,
              -26.062379944999975
            ],
            [
              27.909733928000037,
              -26.062413867999965
            ],
            [
              27.90972908200007,
              -26.06245360799994
            ],
            [
              27.909717450000073,
              -26.062489470999935
            ],
            [
              27.909690311000077,
              -26.06253599699994
            ],
            [
              27.909668018000048,
              -26.062562166999953
            ],
            [
              27.909635063000053,
              -26.062588336999966
            ],
            [
              27.909512935000066,
              -26.062670725999965
            ],
            [
              27.909420854000075,
              -26.062730819999956
            ],
            [
              27.909382083000025,
              -26.062761836999982
            ],
            [
              27.90931971400005,
              -26.06281481299993
            ],
            [
              27.90909878900004,
              -26.063080482999965
            ],
            [
              27.909023282000078,
              -26.063183953999953
            ],
            [
              27.908967352000047,
              -26.06324547899993
            ],
            [
              27.90890023600008,
              -26.06330420499995
            ],
            [
              27.908779985000024,
              -26.063393692999966
            ],
            [
              27.908744828000067,
              -26.06341427999996
            ],
            [
              27.90862345000005,
              -26.063485355999944
            ],
            [
              27.908469572000058,
              -26.063575467999954
            ],
            [
              27.90837169300005,
              -26.063634193999974
            ],
            [
              27.908237460000066,
              -26.063726478999968
            ],
            [
              27.907904673000075,
              -26.063972573999934
            ],
            [
              27.90783476000007,
              -26.06403968999996
            ],
            [
              27.90772010300003,
              -26.064159940999957
            ],
            [
              27.90760264900007,
              -26.06431095299996
            ],
            [
              27.907555107000064,
              -26.06435569699994
            ],
            [
              27.907482397000024,
              -26.06440883099998
            ],
            [
              27.907295031000046,
              -26.064540268999963
            ],
            [
              27.907202747000042,
              -26.06462416399995
            ],
            [
              27.907155205000038,
              -26.064680093999982
            ],
            [
              27.907085292000033,
              -26.06476958299993
            ],
            [
              27.907040547000065,
              -26.064819918999945
            ],
            [
              27.906917500000077,
              -26.064928985999927
            ],
            [
              27.906587511000055,
              -26.065208635999966
            ],
            [
              27.905485121000027,
              -26.064184246999957
            ],
            [
              27.905401785000038,
              -26.064106806999973
            ],
            [
              27.904949036000062,
              -26.06367193799997
            ],
            [
              27.904245995000053,
              -26.063022907999937
            ],
            [
              27.903597697000066,
              -26.062424414999953
            ],
            [
              27.903518812000073,
              -26.06234828199996
            ],
            [
              27.903499427000042,
              -26.062329572999943
            ],
            [
              27.90344945100003,
              -26.06228134199995
            ],
            [
              27.90302487500003,
              -26.06187157499994
            ],
            [
              27.90262398300007,
              -26.061484667999935
            ],
            [
              27.90257439800007,
              -26.061436812999943
            ],
            [
              27.902529427000047,
              -26.061393410999983
            ],
            [
              27.901610220000066,
              -26.06051974999997
            ],
            [
              27.901497814000038,
              -26.060426663999976
            ],
            [
              27.90149777700003,
              -26.060426632999963
            ],
            [
              27.90149917100007,
              -26.060423645999947
            ],
            [
              27.901502917000073,
              -26.060415311999975
            ],
            [
              27.90157165200003,
              -26.060259663999943
            ],
            [
              27.901635156000054,
              -26.060123001999955
            ],
            [
              27.901679451000064,
              -26.060037467999962
            ],
            [
              27.901841355000045,
              -26.05975031899993
            ],
            [
              27.90218501800007,
              -26.05912866799997
            ],
            [
              27.90218785600007,
              -26.05912357099993
            ],
            [
              27.902702805000047,
              -26.058198484999934
            ],
            [
              27.903116019000038,
              -26.05745183099998
            ],
            [
              27.903553311000053,
              -26.056661670999972
            ],
            [
              27.90370051600007,
              -26.056361568999932
            ],
            [
              27.903817244000038,
              -26.05611620199994
            ],
            [
              27.903869950000058,
              -26.05600541299998
            ],
            [
              27.90400134600003,
              -26.055708039999956
            ],
            [
              27.90407396100005,
              -26.05552823399995
            ],
            [
              27.90420017200006,
              -26.05519109599993
            ],
            [
              27.904262413000026,
              -26.055019932999983
            ],
            [
              27.90431601000006,
              -26.05485049999993
            ],
            [
              27.904383438000025,
              -26.054641300999947
            ],
            [
              27.90444740600003,
              -26.05444939199998
            ],
            [
              27.904618569000036,
              -26.053897868999968
            ],
            [
              27.904857159000073,
              -26.05316480999994
            ],
            [
              27.90493496000005,
              -26.052917573999935
            ],
            [
              27.90496506200003,
              -26.05282576299993
            ],
            [
              27.905004116000043,
              -26.05270664799997
            ],
            [
              27.90513832000005,
              -26.05228668199993
            ],
            [
              27.905204670000046,
              -26.052079052999943
            ],
            [
              27.90539830800003,
              -26.051467017999983
            ],
            [
              27.90551068800005,
              -26.05111259199998
            ],
            [
              27.905579844000044,
              -26.050882644999945
            ],
            [
              27.905927356000063,
              -26.049855670999932
            ],
            [
              27.90610766800006,
              -26.049331303999963
            ],
            [
              27.90647619500004,
              -26.049460459999978
            ],
            [
              27.906495248000056,
              -26.049458994999952
            ],
            [
              27.906498571000043,
              -26.04945873899993
            ],
            [
              27.906524388000037,
              -26.049451853999983
            ],
            [
              27.906572581000034,
              -26.049431199999958
            ],
            [
              27.906863453000028,
              -26.049284903999933
            ],
            [
              27.906897876000073,
              -26.04927285499997
            ],
            [
              27.906946068000025,
              -26.04925908599995
            ],
            [
              27.90793839500003,
              -26.04903614699998
            ],
            [
              27.90796498700007,
              -26.049030174999928
            ],
            [
              27.908118168000044,
              -26.049002634999965
            ],
            [
              27.908135947000062,
              -26.049000041999932
            ],
            [
              27.90820078200005,
              -26.048990586999935
            ],
            [
              27.908369969000034,
              -26.04897373299997
            ],
            [
              27.90865000200006,
              -26.048945836999962
            ],
            [
              27.90895196500003,
              -26.048930235999933
            ],
            [
              27.90941662800003,
              -26.04889550499996
            ],
            [
              27.909467705000054,
              -26.048892586999955
            ],
            [
              27.909501270000078,
              -26.048896964999983
            ],
            [
              27.909534834000056,
              -26.048907179999958
            ],
            [
              27.909582991000036,
              -26.048931988999982
            ],
            [
              27.910009053000067,
              -26.04923998199996
            ],
            [
              27.91023311200007,
              -26.049401951999982
            ],
            [
              27.910275630000058,
              -26.049433214999965
            ]
          ]
        ]
      }
    },
    {
      "type": "Feature",
      "properties": {
        "id": "newclare",
        "name": "Newclare",
        "labelPriority": "secondary",
        "selectionBasis": "named-sub-places",
        "subPlaceCount": 1
      },
      "geometry": {
        "type": "Polygon",
        "coordinates": [
          [
            [
              27.969922061000034,
              -26.189022697999974
            ],
            [
              27.969293702000073,
              -26.189262952999968
            ],
            [
              27.96916286100003,
              -26.189161247999948
            ],
            [
              27.969090308000034,
              -26.189189295999938
            ],
            [
              27.968402198000035,
              -26.18945532099997
            ],
            [
              27.967814645000033,
              -26.18968010499998
            ],
            [
              27.967097267000042,
              -26.189959043999977
            ],
            [
              27.96653567900006,
              -26.190177150999943
            ],
            [
              27.966110435000076,
              -26.190343668999958
            ],
            [
              27.96596067100006,
              -26.190403733999972
            ],
            [
              27.965954061000048,
              -26.19040638499996
            ],
            [
              27.965727052000034,
              -26.19049985999993
            ],
            [
              27.965653608000025,
              -26.190533985999934
            ],
            [
              27.965663187000075,
              -26.19054854199993
            ],
            [
              27.96577156400008,
              -26.19070238599994
            ],
            [
              27.965664736000065,
              -26.19072835199995
            ],
            [
              27.965572004000023,
              -26.190753574999974
            ],
            [
              27.965526750000038,
              -26.19076692899995
            ],
            [
              27.965474078000057,
              -26.190788443999963
            ],
            [
              27.96546164600005,
              -26.19079475199993
            ],
            [
              27.965429810000046,
              -26.190810907999946
            ],
            [
              27.965365680000048,
              -26.190673148999963
            ],
            [
              27.965347631000043,
              -26.190644651999946
            ],
            [
              27.96532863300007,
              -26.190620902999967
            ],
            [
              27.965306783000074,
              -26.19059905499995
            ],
            [
              27.96526498700007,
              -26.190566756999942
            ],
            [
              27.96512257300003,
              -26.190467982999962
            ],
            [
              27.964162909000038,
              -26.18976876499994
            ],
            [
              27.963581110000064,
              -26.189344862999974
            ],
            [
              27.962202889000025,
              -26.188352626999972
            ],
            [
              27.961269232000063,
              -26.18768044899997
            ],
            [
              27.96108375500006,
              -26.187541133999957
            ],
            [
              27.96130669100006,
              -26.187298062999957
            ],
            [
              27.961828882000077,
              -26.186728707999976
            ],
            [
              27.96188739300004,
              -26.186668617999942
            ],
            [
              27.96192060100003,
              -26.18664489699995
            ],
            [
              27.96193323700004,
              -26.18621116099996
            ],
            [
              27.961933575000046,
              -26.186199516999977
            ],
            [
              27.961937487000057,
              -26.186065268999982
            ],
            [
              27.962125110000045,
              -26.186065268999982
            ],
            [
              27.962229023000077,
              -26.186062382999978
            ],
            [
              27.96230551800005,
              -26.18605372299993
            ],
            [
              27.962360360000048,
              -26.186042176999933
            ],
            [
              27.962409431000026,
              -26.18602485799994
            ],
            [
              27.962461786000063,
              -26.185994506999975
            ],
            [
              27.96284726300007,
              -26.185658144999934
            ],
            [
              27.962883633000047,
              -26.185624936999943
            ],
            [
              27.962923167000042,
              -26.18558856599998
            ],
            [
              27.96323943400006,
              -26.185261228999934
            ],
            [
              27.963669448000076,
              -26.18481166899994
            ],
            [
              27.963797991000035,
              -26.184677282999928
            ],
            [
              27.964074379000067,
              -26.18438833299996
            ],
            [
              27.96466390100005,
              -26.18376359599995
            ],
            [
              27.96466737700007,
              -26.18375991199997
            ],
            [
              27.964789143000075,
              -26.18363087199998
            ],
            [
              27.96541060800007,
              -26.182974617999946
            ],
            [
              27.965703889000054,
              -26.18266670199995
            ],
            [
              27.96571887700003,
              -26.182650932999934
            ],
            [
              27.965877040000066,
              -26.18247839199995
            ],
            [
              27.966054073000066,
              -26.182285263999972
            ],
            [
              27.96605549000003,
              -26.182285615999945
            ],
            [
              27.966055530000062,
              -26.18228563399998
            ],
            [
              27.966071404000047,
              -26.18229532999993
            ],
            [
              27.966087972000025,
              -26.182303176999937
            ],
            [
              27.966112389000045,
              -26.18231102699997
            ],
            [
              27.966159478000066,
              -26.182323234999956
            ],
            [
              27.966170156000032,
              -26.18232525899998
            ],
            [
              27.96643545200004,
              -26.182378660999973
            ],
            [
              27.966746458000046,
              -26.18244037599993
            ],
            [
              27.96702637900006,
              -26.182495922999976
            ],
            [
              27.96717385100004,
              -26.182524142999966
            ],
            [
              27.967250317000037,
              -26.182539435999956
            ],
            [
              27.96730384400007,
              -26.182553635999966
            ],
            [
              27.967366110000057,
              -26.182571114999973
            ],
            [
              27.967436022000072,
              -26.18259405499998
            ],
            [
              27.96752450400004,
              -26.18262791899997
            ],
            [
              27.967614080000033,
              -26.18266833699994
            ],
            [
              27.967729872000064,
              -26.18272514199998
            ],
            [
              27.967870790000063,
              -26.18280051499994
            ],
            [
              27.968036831000063,
              -26.182897736999962
            ],
            [
              27.96812248200007,
              -26.182953616999953
            ],
            [
              27.968264033000025,
              -26.183057190999932
            ],
            [
              27.968749562000028,
              -26.18348156999997
            ],
            [
              27.968757289000052,
              -26.18348832399994
            ],
            [
              27.969634659000064,
              -26.184255194999935
            ],
            [
              27.970662701000037,
              -26.18516975999995
            ],
            [
              27.970829550000076,
              -26.185318189999975
            ],
            [
              27.971013584000048,
              -26.185474192999948
            ],
            [
              27.97119518200003,
              -26.18564725999994
            ],
            [
              27.972138767000047,
              -26.186467381999933
            ],
            [
              27.97257270500006,
              -26.18684454099997
            ],
            [
              27.973294269000064,
              -26.187483246999932
            ],
            [
              27.973336239000048,
              -26.187525102999928
            ],
            [
              27.97312974600004,
              -26.187605460999976
            ],
            [
              27.973078679000025,
              -26.18762582599993
            ],
            [
              27.972589252000034,
              -26.187821004999932
            ],
            [
              27.971923063000077,
              -26.188079914999946
            ],
            [
              27.971233875000053,
              -26.188349208999966
            ],
            [
              27.971074404000035,
              -26.188411015999975
            ],
            [
              27.970732378000037,
              -26.188543574999983
            ],
            [
              27.97013147200005,
              -26.18877874599997
            ],
            [
              27.970114843000033,
              -26.188785174999964
            ],
            [
              27.969922061000034,
              -26.189022697999974
            ]
          ]
        ]
      }
    },
    {
      "type": "Feature",
      "properties": {
        "id": "bosmont",
        "name": "Bosmont",
        "labelPriority": "secondary",
        "selectionBasis": "named-sub-places",
        "subPlaceCount": 1
      },
      "geometry": {
        "type": "Polygon",
        "coordinates": [
          [
            [
              27.93538917400008,
              -26.180340661999935
            ],
            [
              27.93534486300007,
              -26.18080607299993
            ],
            [
              27.935229849000052,
              -26.180785666999952
            ],
            [
              27.935120400000073,
              -26.181312503999948
            ],
            [
              27.935035068000047,
              -26.181811514999936
            ],
            [
              27.935015383000064,
              -26.18195590099998
            ],
            [
              27.935007881000047,
              -26.18199126299993
            ],
            [
              27.93499073600003,
              -26.18203091299995
            ],
            [
              27.934965017000025,
              -26.18207806299995
            ],
            [
              27.934955374000026,
              -26.18210163799995
            ],
            [
              27.93494894300005,
              -26.182128427999942
            ],
            [
              27.93494572900005,
              -26.182153074999974
            ],
            [
              27.93494572900005,
              -26.182178792999935
            ],
            [
              27.93494894300005,
              -26.18220665499996
            ],
            [
              27.93495965900007,
              -26.18224844799994
            ],
            [
              27.93497252000003,
              -26.182281666999984
            ],
            [
              27.934989664000057,
              -26.182312743999944
            ],
            [
              27.935020741000073,
              -26.18235346399996
            ],
            [
              27.935091466000074,
              -26.18241883199994
            ],
            [
              27.935218719000034,
              -26.182538698999963
            ],
            [
              27.935176685000044,
              -26.182575156999974
            ],
            [
              27.93510251500004,
              -26.182595617999937
            ],
            [
              27.935061594000047,
              -26.18332324199997
            ],
            [
              27.935044493000078,
              -26.183677329999966
            ],
            [
              27.93515420500006,
              -26.18367298499993
            ],
            [
              27.935157463000053,
              -26.18370231399996
            ],
            [
              27.93516506700007,
              -26.18372403899997
            ],
            [
              27.93518027500005,
              -26.18374359099994
            ],
            [
              27.935208517000035,
              -26.18376857499993
            ],
            [
              27.93544604400006,
              -26.18398166099996
            ],
            [
              27.93550590800004,
              -26.184035731999927
            ],
            [
              27.935727986000074,
              -26.184257809999963
            ],
            [
              27.936004135000076,
              -26.184518509999975
            ],
            [
              27.936179866000032,
              -26.18468072299993
            ],
            [
              27.936299595000037,
              -26.18479079699995
            ],
            [
              27.936339229000055,
              -26.184827653999946
            ],
            [
              27.936366993000036,
              -26.184852244999945
            ],
            [
              27.936394758000063,
              -26.184872869999936
            ],
            [
              27.936413796000068,
              -26.184882388999938
            ],
            [
              27.93643759400004,
              -26.18489190899993
            ],
            [
              27.93646853100006,
              -26.184899840999947
            ],
            [
              27.93686040600005,
              -26.184998999999948
            ],
            [
              27.937277031000065,
              -26.185112298999968
            ],
            [
              27.937304624000035,
              -26.18511738199993
            ],
            [
              27.93732423000006,
              -26.18511883399998
            ],
            [
              27.937343835000036,
              -26.18511592899995
            ],
            [
              27.93736126300007,
              -26.185107940999956
            ],
            [
              27.937374333000037,
              -26.185096322999982
            ],
            [
              27.93738508200005,
              -26.18508397499994
            ],
            [
              27.938351827000076,
              -26.18504801599994
            ],
            [
              27.938438959000052,
              -26.185095038999975
            ],
            [
              27.938752909000073,
              -26.18502865399995
            ],
            [
              27.938838781000072,
              -26.18510175199998
            ],
            [
              27.93936934800007,
              -26.18453902799996
            ],
            [
              27.93969549800005,
              -26.18418072099996
            ],
            [
              27.940012461000038,
              -26.183836197999938
            ],
            [
              27.940184724000062,
              -26.183657042999982
            ],
            [
              27.940340908000053,
              -26.18377188599993
            ],
            [
              27.94051081400005,
              -26.183903046999944
            ],
            [
              27.940591324000025,
              -26.18396288599996
            ],
            [
              27.940650074000075,
              -26.184002052999972
            ],
            [
              27.94070229700003,
              -26.18403142799997
            ],
            [
              27.940757784000027,
              -26.18405753899998
            ],
            [
              27.940802391000034,
              -26.184073858999966
            ],
            [
              27.940863317000037,
              -26.184095617999958
            ],
            [
              27.941035217000035,
              -26.18415654499995
            ],
            [
              27.941655363000052,
              -26.184370875999946
            ],
            [
              27.94220152300005,
              -26.18455909499994
            ],
            [
              27.94264541700005,
              -26.184709234999957
            ],
            [
              27.94288186600005,
              -26.18478831899995
            ],
            [
              27.94295313400005,
              -26.18481393299993
            ],
            [
              27.943566931000078,
              -26.185034538999957
            ],
            [
              27.944481917000076,
              -26.185354403999952
            ],
            [
              27.94529028100004,
              -26.18563836499993
            ],
            [
              27.945536163000043,
              -26.185734105999927
            ],
            [
              27.94559817700008,
              -26.18575695399994
            ],
            [
              27.946047510000028,
              -26.185914708999974
            ],
            [
              27.946093206000057,
              -26.185934292999946
            ],
            [
              27.946172627000067,
              -26.185966933999964
            ],
            [
              27.94632221100005,
              -26.186031166999953
            ],
            [
              27.946153011000035,
              -26.18568675199998
            ],
            [
              27.94599226400004,
              -26.185345515999927
            ],
            [
              27.945909070000027,
              -26.185146697999983
            ],
            [
              27.945827288000032,
              -26.18493377799996
            ],
            [
              27.945776525000042,
              -26.18478854199998
            ],
            [
              27.945717302000048,
              -26.184603823999964
            ],
            [
              27.945636927000066,
              -26.184328860999983
            ],
            [
              27.945562195000036,
              -26.184052488999953
            ],
            [
              27.945512843000074,
              -26.183840979999957
            ],
            [
              27.94546913100004,
              -26.18363229099998
            ],
            [
              27.945432469000025,
              -26.183433471999933
            ],
            [
              27.945412729000054,
              -26.18328118499994
            ],
            [
              27.945390168000074,
              -26.18307813599995
            ],
            [
              27.945366196000066,
              -26.182817274999934
            ],
            [
              27.945356326000024,
              -26.182655116999968
            ],
            [
              27.94534645600004,
              -26.18236323499997
            ],
            [
              27.94535209600008,
              -26.182034689999966
            ],
            [
              27.945360555000036,
              -26.181834459999948
            ],
            [
              27.945395808000058,
              -26.181305687999952
            ],
            [
              27.945421271000043,
              -26.180908574999933
            ],
            [
              27.946291702000053,
              -26.181211596999958
            ],
            [
              27.94678762600006,
              -26.18137868699995
            ],
            [
              27.947014868000053,
              -26.18146289999993
            ],
            [
              27.947175275000063,
              -26.18152572599996
            ],
            [
              27.94737043600003,
              -26.181604593999964
            ],
            [
              27.947576292000065,
              -26.181691478999937
            ],
            [
              27.947692585000027,
              -26.181743611999934
            ],
            [
              27.94788373800003,
              -26.181833172999973
            ],
            [
              27.948303468000063,
              -26.182032343999936
            ],
            [
              27.948546752000027,
              -26.182147301999976
            ],
            [
              27.949438345000033,
              -26.182572378999964
            ],
            [
              27.950362867000024,
              -26.183015875999956
            ],
            [
              27.95052510000005,
              -26.18309370099996
            ],
            [
              27.95155972300006,
              -26.183574920999945
            ],
            [
              27.95253285600006,
              -26.184038762999933
            ],
            [
              27.953636989000074,
              -26.184566767999968
            ],
            [
              27.954477712000028,
              -26.18496390599995
            ],
            [
              27.954604775000064,
              -26.185023926999975
            ],
            [
              27.955732968000063,
              -26.185557278999966
            ],
            [
              27.956232902000067,
              -26.185792541999945
            ],
            [
              27.956414696000024,
              -26.185872744999983
            ],
            [
              27.95654836800003,
              -26.185928887999978
            ],
            [
              27.95661119400006,
              -26.185955622999927
            ],
            [
              27.95668872400006,
              -26.18598636699994
            ],
            [
              27.95678229500004,
              -26.186021120999953
            ],
            [
              27.95687853900006,
              -26.18605453999993
            ],
            [
              27.956965425000078,
              -26.186085283999944
            ],
            [
              27.95707503700004,
              -26.18612137599996
            ],
            [
              27.957160587000033,
              -26.186148109999976
            ],
            [
              27.957264851000048,
              -26.186177517999965
            ],
            [
              27.957272775000035,
              -26.186179728999946
            ],
            [
              27.957379810000077,
              -26.186209599999984
            ],
            [
              27.957516155000064,
              -26.186241680999956
            ],
            [
              27.95763378500004,
              -26.18626841599996
            ],
            [
              27.957782162000058,
              -26.18629782299996
            ],
            [
              27.957986681000023,
              -26.18633391399993
            ],
            [
              27.958120353000027,
              -26.18635530199998
            ],
            [
              27.958262046000073,
              -26.18637267899993
            ],
            [
              27.95837566700004,
              -26.186387382999953
            ],
            [
              27.958486615000027,
              -26.18639807699998
            ],
            [
              27.958625634000043,
              -26.186408770999947
            ],
            [
              27.958727225000075,
              -26.18641411699997
            ],
            [
              27.958910356000047,
              -26.18642080099994
            ],
            [
              27.959076108000033,
              -26.18642080099994
            ],
            [
              27.95921111800004,
              -26.18641946499997
            ],
            [
              27.959295331000078,
              -26.186415453999928
            ],
            [
              27.959383998000078,
              -26.186409442999945
            ],
            [
              27.959393376000037,
              -26.186620945999948
            ],
            [
              27.959486490000074,
              -26.186620945999948
            ],
            [
              27.959517909000056,
              -26.186624373999962
            ],
            [
              27.95953790300007,
              -26.186628372999962
            ],
            [
              27.95956246700007,
              -26.186634655999967
            ],
            [
              27.959581318000062,
              -26.18664208299998
            ],
            [
              27.95960645300005,
              -26.18665464999998
            ],
            [
              27.959644155000035,
              -26.186676356999953
            ],
            [
              27.95967328900008,
              -26.186696350999966
            ],
            [
              27.959722416000034,
              -26.18673005499994
            ],
            [
              27.960023625000076,
              -26.186941763999982
            ],
            [
              27.960932382000067,
              -26.187600569999972
            ],
            [
              27.960966072000076,
              -26.18762478499997
            ],
            [
              27.960991772000057,
              -26.18764325799998
            ],
            [
              27.961073210000052,
              -26.18755263099996
            ],
            [
              27.96108375500006,
              -26.187541133999957
            ],
            [
              27.961269232000063,
              -26.18768044899997
            ],
            [
              27.962202889000025,
              -26.188352626999972
            ],
            [
              27.963581110000064,
              -26.189344862999974
            ],
            [
              27.964162909000038,
              -26.18976876499994
            ],
            [
              27.96512257300003,
              -26.190467982999962
            ],
            [
              27.96526498700007,
              -26.190566756999942
            ],
            [
              27.965306783000074,
              -26.19059905499995
            ],
            [
              27.96532863300007,
              -26.190620902999967
            ],
            [
              27.965347631000043,
              -26.190644651999946
            ],
            [
              27.965365680000048,
              -26.190673148999963
            ],
            [
              27.965429810000046,
              -26.190810907999946
            ],
            [
              27.965424374000065,
              -26.19081366599994
            ],
            [
              27.96538505500007,
              -26.19083963099996
            ],
            [
              27.965362799000047,
              -26.190855951999936
            ],
            [
              27.965335352000068,
              -26.19087746599996
            ],
            [
              27.96531457900005,
              -26.190897495999934
            ],
            [
              27.965287872000033,
              -26.190927169999952
            ],
            [
              27.96525987700005,
              -26.190966706999973
            ],
            [
              27.965220585000054,
              -26.19103546799994
            ],
            [
              27.965031398000065,
              -26.191368996999984
            ],
            [
              27.964853422000033,
              -26.191682905999983
            ],
            [
              27.964734305000036,
              -26.19189311399998
            ],
            [
              27.964563336000026,
              -26.192194409999956
            ],
            [
              27.96446944300004,
              -26.19235136599997
            ],
            [
              27.964284460000044,
              -26.19267088299995
            ],
            [
              27.96418698900004,
              -26.192839739999954
            ],
            [
              27.964184962000047,
              -26.192843251999932
            ],
            [
              27.964151584000035,
              -26.192902345999983
            ],
            [
              27.964099478000037,
              -26.192994601999942
            ],
            [
              27.963885066000046,
              -26.193360362999954
            ],
            [
              27.963750533000052,
              -26.193591590999972
            ],
            [
              27.963603387000035,
              -26.193850847999954
            ],
            [
              27.963260048000052,
              -26.194443632999935
            ],
            [
              27.963206796000065,
              -26.194534722999947
            ],
            [
              27.963082073000066,
              -26.194751937999968
            ],
            [
              27.962972765000075,
              -26.19494532999994
            ],
            [
              27.962881675000062,
              -26.19511349499993
            ],
            [
              27.962814408000042,
              -26.195252230999984
            ],
            [
              27.962768163000078,
              -26.195340518999956
            ],
            [
              27.96268408000003,
              -26.19549326999993
            ],
            [
              27.962609806000046,
              -26.19562640099997
            ],
            [
              27.962530146000063,
              -26.19576357099993
            ],
            [
              27.962522936000028,
              -26.195776146999947
            ],
            [
              27.962395981000043,
              -26.195997562999935
            ],
            [
              27.961962291000077,
              -26.196704318999934
            ],
            [
              27.96182709800007,
              -26.196942580999973
            ],
            [
              27.961773556000026,
              -26.19703092499998
            ],
            [
              27.961686550000024,
              -26.197202259999983
            ],
            [
              27.96164103900003,
              -26.19728257299994
            ],
            [
              27.96150852200003,
              -26.19751815799998
            ],
            [
              27.961376006000023,
              -26.197749726999973
            ],
            [
              27.961272937000047,
              -26.197933108999962
            ],
            [
              27.961192625000024,
              -26.198068302999957
            ],
            [
              27.961109634000024,
              -26.19821286599995
            ],
            [
              27.96099906300003,
              -26.198405849999972
            ],
            [
              27.96097688100008,
              -26.198444560999974
            ],
            [
              27.960580906000075,
              -26.199127096999973
            ],
            [
              27.96046043700005,
              -26.199333233999937
            ],
            [
              27.960307842000077,
              -26.19958755899995
            ],
            [
              27.960160006000024,
              -26.199840321999943
            ],
            [
              27.95975856000007,
              -26.200572807999947
            ],
            [
              27.959610002000034,
              -26.20052900099995
            ],
            [
              27.957603392000067,
              -26.199937276999947
            ],
            [
              27.956402000000026,
              -26.19958300199994
            ],
            [
              27.956062948000067,
              -26.19949027499996
            ],
            [
              27.955999932000054,
              -26.19953833699998
            ],
            [
              27.955971273000046,
              -26.199561449999976
            ],
            [
              27.955918232000045,
              -26.199604223999984
            ],
            [
              27.955844438000042,
              -26.19966483999997
            ],
            [
              27.95579963600005,
              -26.19970305499993
            ],
            [
              27.955737701000032,
              -26.199755763999974
            ],
            [
              27.95562964800007,
              -26.19985459399993
            ],
            [
              27.955551902000025,
              -26.199932339999975
            ],
            [
              27.955449117000057,
              -26.20003907699993
            ],
            [
              27.955375325000034,
              -26.20011945899995
            ],
            [
              27.95531470900005,
              -26.200185344999966
            ],
            [
              27.955255411000053,
              -26.200256502999935
            ],
            [
              27.955147357000044,
              -26.200393548999955
            ],
            [
              27.955094647000067,
              -26.20045943499997
            ],
            [
              27.955037985000047,
              -26.20053586299997
            ],
            [
              27.954962874000046,
              -26.20064259999998
            ],
            [
              27.95492334200003,
              -26.200701897999977
            ],
            [
              27.954887762000055,
              -26.20075856099993
            ],
            [
              27.954840544000035,
              -26.200833166999928
            ],
            [
              27.95478417700008,
              -26.20092711199993
            ],
            [
              27.954733447000024,
              -26.201021056999934
            ],
            [
              27.954693990000067,
              -26.20109809199994
            ],
            [
              27.954596287000072,
              -26.20130852899996
            ],
            [
              27.954371741000045,
              -26.201775207999958
            ],
            [
              27.954874919000076,
              -26.20283077399995
            ],
            [
              27.955080973000065,
              -26.203274802999942
            ],
            [
              27.95524929800007,
              -26.203675301999965
            ],
            [
              27.955516298000077,
              -26.20431087399993
            ],
            [
              27.955725251000047,
              -26.204839066999966
            ],
            [
              27.955832256000065,
              -26.20513260499996
            ],
            [
              27.955244122000067,
              -26.204923082999983
            ],
            [
              27.954016215000024,
              -26.204467871999952
            ],
            [
              27.953193420000048,
              -26.204171551999934
            ],
            [
              27.953186978000076,
              -26.20416923099998
            ],
            [
              27.95256782000007,
              -26.20394497199993
            ],
            [
              27.95245590500008,
              -26.203908101999957
            ],
            [
              27.951740164000057,
              -26.203651682999975
            ],
            [
              27.951089241000034,
              -26.20341247999994
            ],
            [
              27.95048470900008,
              -26.20318922399997
            ],
            [
              27.949986008000053,
              -26.203009459999976
            ],
            [
              27.949185159000024,
              -26.202710131999936
            ],
            [
              27.94917368700004,
              -26.202705514999934
            ],
            [
              27.948617478000074,
              -26.202506408999966
            ],
            [
              27.946683560000054,
              -26.20178735099995
            ],
            [
              27.94536142000004,
              -26.201294447999942
            ],
            [
              27.94406682500005,
              -26.200792844999967
            ],
            [
              27.94335211500004,
              -26.20051160199995
            ],
            [
              27.942566287000034,
              -26.20021141199993
            ],
            [
              27.94218474200005,
              -26.200073808999946
            ],
            [
              27.942176029000052,
              -26.200070666999977
            ],
            [
              27.941594316000078,
              -26.199860874999956
            ],
            [
              27.940924196000026,
              -26.19959673799997
            ],
            [
              27.94055566800006,
              -26.199446732999945
            ],
            [
              27.940300105000063,
              -26.19935043499993
            ],
            [
              27.940078541000048,
              -26.199265218999983
            ],
            [
              27.940041613000062,
              -26.19925101399997
            ],
            [
              27.940011208000044,
              -26.199239320999936
            ],
            [
              27.939714904000027,
              -26.199135613999943
            ],
            [
              27.939470452000023,
              -26.199055980999958
            ],
            [
              27.939144517000045,
              -26.19895412799997
            ],
            [
              27.938893145000065,
              -26.198885080999958
            ],
            [
              27.93888497900008,
              -26.19888194699996
            ],
            [
              27.939079530000072,
              -26.19834622199994
            ],
            [
              27.939185767000026,
              -26.198058093999975
            ],
            [
              27.939193010000054,
              -26.198033949999967
            ],
            [
              27.93919622900006,
              -26.198006585999963
            ],
            [
              27.939194620000023,
              -26.19798324599998
            ],
            [
              27.93918496200007,
              -26.197952663999956
            ],
            [
              27.939168865000056,
              -26.197923688999936
            ],
            [
              27.939143916000035,
              -26.19789873899998
            ],
            [
              27.93912218500003,
              -26.197882642999957
            ],
            [
              27.939097236000066,
              -26.197870569999964
            ],
            [
              27.939063094000062,
              -26.197863462999976
            ],
            [
              27.938840260000063,
              -26.197835134999934
            ],
            [
              27.937416383000027,
              -26.197659511999973
            ],
            [
              27.937036808000073,
              -26.197612300999936
            ],
            [
              27.936921613000038,
              -26.197591529999954
            ],
            [
              27.936778093000044,
              -26.197561312999937
            ],
            [
              27.936696890000064,
              -26.19753865399997
            ],
            [
              27.936623241000063,
              -26.197515990999932
            ],
            [
              27.936283324000044,
              -26.19739513199994
            ],
            [
              27.936599854000065,
              -26.196761571999957
            ],
            [
              27.936003473000028,
              -26.196510991999958
            ],
            [
              27.936005978000026,
              -26.19648468099996
            ],
            [
              27.936005978000026,
              -26.19642829999998
            ],
            [
              27.935998461000054,
              -26.196380689999955
            ],
            [
              27.935987185000045,
              -26.19634811399993
            ],
            [
              27.935967137000034,
              -26.196318043999952
            ],
            [
              27.93592078100005,
              -26.19627920499994
            ],
            [
              27.93596190200003,
              -26.196186223999973
            ],
            [
              27.93547098500005,
              -26.195940766999968
            ],
            [
              27.934492928000054,
              -26.19545110799993
            ],
            [
              27.933926487000065,
              -26.195157816999938
            ],
            [
              27.933823268000026,
              -26.19504956399993
            ],
            [
              27.933921459000032,
              -26.19476552699996
            ],
            [
              27.93381206300006,
              -26.19473255899993
            ],
            [
              27.933318307000036,
              -26.19458363299998
            ],
            [
              27.933363516000043,
              -26.19452867299998
            ],
            [
              27.93343160300003,
              -26.194446868999933
            ],
            [
              27.932850332000044,
              -26.194188679999968
            ],
            [
              27.93292488900005,
              -26.19405751299996
            ],
            [
              27.932518966000032,
              -26.193826937999972
            ],
            [
              27.93248030600006,
              -26.193804846999967
            ],
            [
              27.932311863000052,
              -26.193727528999943
            ],
            [
              27.932244209000032,
              -26.19390425699993
            ],
            [
              27.93236709000007,
              -26.19396638799998
            ],
            [
              27.932362948000048,
              -26.19403128099998
            ],
            [
              27.931520728000066,
              -26.193813131999946
            ],
            [
              27.93095740600006,
              -26.193582556999957
            ],
            [
              27.930834829000048,
              -26.192991421999977
            ],
            [
              27.930571653000072,
              -26.192980077999948
            ],
            [
              27.92959608900003,
              -26.19260346599998
            ],
            [
              27.929729945000076,
              -26.192324407999934
            ],
            [
              27.929459288000032,
              -26.192226437999977
            ],
            [
              27.929450350000025,
              -26.19224517899994
            ],
            [
              27.92876973400007,
              -26.19198096399998
            ],
            [
              27.928747574000056,
              -26.19207030599995
            ],
            [
              27.928559268000072,
              -26.191993169999932
            ],
            [
              27.927365903000066,
              -26.191457743999933
            ],
            [
              27.926887196000052,
              -26.191047099999935
            ],
            [
              27.926651246000063,
              -26.190906435999977
            ],
            [
              27.92629732100005,
              -26.190718129999937
            ],
            [
              27.924437046000037,
              -26.189770839999937
            ],
            [
              27.924701868000056,
              -26.18931853999993
            ],
            [
              27.924703984000075,
              -26.18931493699995
            ],
            [
              27.924879709000038,
              -26.18901563399993
            ],
            [
              27.924969530000055,
              -26.188862650999965
            ],
            [
              27.925142822000055,
              -26.188567495999962
            ],
            [
              27.92535760900006,
              -26.188207620999947
            ],
            [
              27.92538420300008,
              -26.188161081999965
            ],
            [
              27.925602268000034,
              -26.187779467999974
            ],
            [
              27.925671967000028,
              -26.187645759999953
            ],
            [
              27.92571179400005,
              -26.187570370999936
            ],
            [
              27.925825590000045,
              -26.187344203999942
            ],
            [
              27.926201112000058,
              -26.18656471099996
            ],
            [
              27.92649982200004,
              -26.185947374999955
            ],
            [
              27.926876768000056,
              -26.185166459999948
            ],
            [
              27.927212461000067,
              -26.18447800299998
            ],
            [
              27.927324847000023,
              -26.18424534299993
            ],
            [
              27.927455697000028,
              -26.18397446199998
            ],
            [
              27.92781979600005,
              -26.183226187999935
            ],
            [
              27.927893806000043,
              -26.18306837199998
            ],
            [
              27.927926522000064,
              -26.18299724999997
            ],
            [
              27.927945013000055,
              -26.182933240999944
            ],
            [
              27.927949281000053,
              -26.18285216199996
            ],
            [
              27.92793505700007,
              -26.182765393999944
            ],
            [
              27.927905186000032,
              -26.18268431499996
            ],
            [
              27.92785824500004,
              -26.182577632999937
            ],
            [
              27.927814111000032,
              -26.18249599899997
            ],
            [
              27.927666217000024,
              -26.18218954599996
            ],
            [
              27.92781125500005,
              -26.182129112999974
            ],
            [
              27.928168810000045,
              -26.181986612999935
            ],
            [
              27.92821243000003,
              -26.18196954299998
            ],
            [
              27.928280708000045,
              -26.181939197999952
            ],
            [
              27.928385020000064,
              -26.18189178299997
            ],
            [
              27.928455193000048,
              -26.181855747999975
            ],
            [
              27.92850260700004,
              -26.181827299999952
            ],
            [
              27.92861500600003,
              -26.18175892499994
            ],
            [
              27.928843990000075,
              -26.181616779999956
            ],
            [
              27.929202444000055,
              -26.181374018999975
            ],
            [
              27.92981172700007,
              -26.180973679999965
            ],
            [
              27.929882537000026,
              -26.18092747399993
            ],
            [
              27.92991974200004,
              -26.180903469999976
            ],
            [
              27.929978551000033,
              -26.180871665999973
            ],
            [
              27.930051306000053,
              -26.180834051999966
            ],
            [
              27.930125573000055,
              -26.180798454999945
            ],
            [
              27.930193383000073,
              -26.18076845099995
            ],
            [
              27.93024919100003,
              -26.180743845999928
            ],
            [
              27.930321202000073,
              -26.180718642999977
            ],
            [
              27.930402814000047,
              -26.18069043899993
            ],
            [
              27.930474290000063,
              -26.180669094999928
            ],
            [
              27.932403715000078,
              -26.180193144999976
            ],
            [
              27.93324290000004,
              -26.17998234299995
            ],
            [
              27.93331393300008,
              -26.17996470299994
            ],
            [
              27.934776208000073,
              -26.179601575999982
            ],
            [
              27.935392841000066,
              -26.179420438999955
            ],
            [
              27.93538300800003,
              -26.17961263199993
            ],
            [
              27.935385095000072,
              -26.179696107999973
            ],
            [
              27.935388225000054,
              -26.179777499999943
            ],
            [
              27.935393442000077,
              -26.179838020999966
            ],
            [
              27.93539970300003,
              -26.179882890999977
            ],
            [
              27.935408051000024,
              -26.17992149899993
            ],
            [
              27.935420573000044,
              -26.17995071699994
            ],
            [
              27.935437268000044,
              -26.179980976999957
            ],
            [
              27.93546752900005,
              -26.180020628999955
            ],
            [
              27.935509268000033,
              -26.180062367999938
            ],
            [
              27.935547876000044,
              -26.180092627999954
            ],
            [
              27.93561361500008,
              -26.18014584499997
            ],
            [
              27.935647501000062,
              -26.18017072999993
            ],
            [
              27.935663503000058,
              -26.18018444699993
            ],
            [
              27.93538917400008,
              -26.180340661999935
            ]
          ]
        ]
      }
    },
    {
      "type": "Feature",
      "properties": {
        "id": "riverlea",
        "name": "Riverlea",
        "labelPriority": "secondary",
        "selectionBasis": "named-sub-places",
        "subPlaceCount": 2
      },
      "geometry": {
        "type": "Polygon",
        "coordinates": [
          [
            [
              27.954371741000045,
              -26.201775207999958
            ],
            [
              27.954874919000076,
              -26.20283077399995
            ],
            [
              27.955080973000065,
              -26.203274802999942
            ],
            [
              27.95524929800007,
              -26.203675301999965
            ],
            [
              27.955516298000077,
              -26.20431087399993
            ],
            [
              27.955725251000047,
              -26.204839066999966
            ],
            [
              27.955832256000065,
              -26.20513260499996
            ],
            [
              27.95640389400006,
              -26.20533625099995
            ],
            [
              27.956618995000042,
              -26.205406806999974
            ],
            [
              27.95690443600006,
              -26.205500435999966
            ],
            [
              27.956998936000048,
              -26.205523825999933
            ],
            [
              27.957028000000037,
              -26.205845001999933
            ],
            [
              27.95682000200003,
              -26.206159997999976
            ],
            [
              27.956894490000025,
              -26.206404907999968
            ],
            [
              27.957150590000026,
              -26.20724693799997
            ],
            [
              27.957154677000062,
              -26.207260376999955
            ],
            [
              27.957156996000037,
              -26.207268001999978
            ],
            [
              27.96083324800003,
              -26.208153421999953
            ],
            [
              27.963659001000053,
              -26.208834000999957
            ],
            [
              27.96408300300004,
              -26.207736999999952
            ],
            [
              27.964097997000067,
              -26.20769699999994
            ],
            [
              27.964148004000037,
              -26.207650998999952
            ],
            [
              27.964255997000066,
              -26.207545996999954
            ],
            [
              27.964369001000023,
              -26.20744100299993
            ],
            [
              27.964480002000073,
              -26.207337997999957
            ],
            [
              27.964623002000053,
              -26.207204997999952
            ],
            [
              27.964841997000065,
              -26.20727499999998
            ],
            [
              27.964943000000062,
              -26.20730999799997
            ],
            [
              27.965128003000075,
              -26.207370999999966
            ],
            [
              27.965209999000024,
              -26.207293998999944
            ],
            [
              27.965305002000036,
              -26.20720300199997
            ],
            [
              27.96543500200005,
              -26.20724699999994
            ],
            [
              27.965574004000075,
              -26.207296001999964
            ],
            [
              27.96568700000006,
              -26.207334997999965
            ],
            [
              27.96579899900007,
              -26.207374997999977
            ],
            [
              27.96593410400004,
              -26.207421009999962
            ],
            [
              27.965943801000037,
              -26.207425110999964
            ],
            [
              27.965989095000054,
              -26.207228834999967
            ],
            [
              27.965990729000055,
              -26.207221754999978
            ],
            [
              27.96606741000005,
              -26.207248944999947
            ],
            [
              27.96629447300006,
              -26.207329458999936
            ],
            [
              27.966300387000047,
              -26.20733155599993
            ],
            [
              27.966337458000055,
              -26.20723946399994
            ],
            [
              27.966356219000033,
              -26.207193269999948
            ],
            [
              27.96647913100003,
              -26.207261424999956
            ],
            [
              27.966936986000064,
              -26.207512487999963
            ],
            [
              27.967421055000045,
              -26.207776948999935
            ],
            [
              27.967954637000048,
              -26.20806995199996
            ],
            [
              27.968378125000072,
              -26.208301210999934
            ],
            [
              27.968729963000044,
              -26.20849460599993
            ],
            [
              27.968778749000023,
              -26.20851808799995
            ],
            [
              27.968870349000042,
              -26.208562176999976
            ],
            [
              27.969239663000053,
              -26.20874625199997
            ],
            [
              27.969399854000073,
              -26.20882489099995
            ],
            [
              27.969712664000042,
              -26.20897867599996
            ],
            [
              27.969613054000035,
              -26.20919187499993
            ],
            [
              27.969443901000034,
              -26.209581372999935
            ],
            [
              27.96954232300004,
              -26.209632365999937
            ],
            [
              27.96943375500007,
              -26.209806409999942
            ],
            [
              27.96966400100007,
              -26.209922998999957
            ],
            [
              27.969715762000078,
              -26.209948880999946
            ],
            [
              27.969711550000056,
              -26.20995730599998
            ],
            [
              27.969712556000047,
              -26.209957825999936
            ],
            [
              27.969763846000035,
              -26.209984334999945
            ],
            [
              27.969769648000067,
              -26.209975824999958
            ],
            [
              27.96989600300003,
              -26.210039003999952
            ],
            [
              27.97000500100006,
              -26.210093997999934
            ],
            [
              27.97010400100004,
              -26.210143996999932
            ],
            [
              27.970213000000058,
              -26.210198998999942
            ],
            [
              27.970322000000067,
              -26.210253002999934
            ],
            [
              27.97043200300004,
              -26.210307996999973
            ],
            [
              27.970529001000045,
              -26.21035799599997
            ],
            [
              27.97062899900004,
              -26.21040699799994
            ],
            [
              27.970737000000042,
              -26.21046299699998
            ],
            [
              27.970848002000025,
              -26.21051599699996
            ],
            [
              27.970957001000045,
              -26.21057099899997
            ],
            [
              27.97105399800006,
              -26.210620998999957
            ],
            [
              27.971152999000026,
              -26.210669998999947
            ],
            [
              27.971261998000045,
              -26.21072400399993
            ],
            [
              27.97137299900004,
              -26.210778997999967
            ],
            [
              27.97148100000004,
              -26.210833999999977
            ],
            [
              27.97163000000006,
              -26.21090899899997
            ],
            [
              27.971635923000065,
              -26.210913322999943
            ],
            [
              27.971571288000064,
              -26.21118009199995
            ],
            [
              27.971555841000054,
              -26.211240207999936
            ],
            [
              27.971744001000047,
              -26.211279003999948
            ],
            [
              27.971750248000035,
              -26.211279539999964
            ],
            [
              27.97175002700004,
              -26.211280510999927
            ],
            [
              27.971696992000034,
              -26.211514051999927
            ],
            [
              27.971710072000064,
              -26.211554225999976
            ],
            [
              27.97177640700005,
              -26.21164298499997
            ],
            [
              27.97179976600006,
              -26.21164578899993
            ],
            [
              27.971775474000026,
              -26.21174388999998
            ],
            [
              27.971670638000035,
              -26.212179943999956
            ],
            [
              27.97164654100004,
              -26.212280180999983
            ],
            [
              27.97152508100004,
              -26.212761347999958
            ],
            [
              27.971415767000053,
              -26.21321635399994
            ],
            [
              27.97131735000005,
              -26.213196350999965
            ],
            [
              27.97131205900007,
              -26.213195799999937
            ],
            [
              27.971229840000035,
              -26.213567652999927
            ],
            [
              27.97112613200005,
              -26.214002103999974
            ],
            [
              27.970997198000077,
              -26.214529051999932
            ],
            [
              27.97094674600004,
              -26.214739270999928
            ],
            [
              27.970883213000036,
              -26.214726190999954
            ],
            [
              27.97082902300008,
              -26.21495135699996
            ],
            [
              27.970901022000078,
              -26.214964386999952
            ],
            [
              27.970815367000057,
              -26.215339480999944
            ],
            [
              27.970347222000044,
              -26.21523489699996
            ],
            [
              27.96963964200006,
              -26.21506547599995
            ],
            [
              27.96930578200005,
              -26.214993222999965
            ],
            [
              27.96883738500003,
              -26.214888581999958
            ],
            [
              27.96867045700003,
              -26.21485120799997
            ],
            [
              27.968434998000077,
              -26.214997998999934
            ],
            [
              27.968211996000036,
              -26.21511500099996
            ],
            [
              27.96790099900005,
              -26.215285999999935
            ],
            [
              27.967636003000052,
              -26.215434998999967
            ],
            [
              27.967304003000038,
              -26.21562199699997
            ],
            [
              27.96621900300005,
              -26.21622700299997
            ],
            [
              27.967081003000033,
              -26.21748699999995
            ],
            [
              27.967228000000034,
              -26.217700999999977
            ],
            [
              27.970244001000026,
              -26.21839899799994
            ],
            [
              27.970357982000053,
              -26.218425302999947
            ],
            [
              27.970426003000057,
              -26.218441001999963
            ],
            [
              27.971880002000034,
              -26.218776999999932
            ],
            [
              27.974331539000048,
              -26.219344872999955
            ],
            [
              27.97585816700007,
              -26.219698500999982
            ],
            [
              27.97836886700003,
              -26.220276771999977
            ],
            [
              27.98062433800004,
              -26.22079625699996
            ],
            [
              27.980603030000054,
              -26.22091884599996
            ],
            [
              27.980753083000025,
              -26.220927848999963
            ],
            [
              27.98088070400007,
              -26.22093092199998
            ],
            [
              27.98099613200003,
              -26.220938960999945
            ],
            [
              27.980997133000074,
              -26.220939030999943
            ],
            [
              27.981698427000026,
              -26.220987870999977
            ],
            [
              27.98187849100003,
              -26.22100587799997
            ],
            [
              27.982333625000024,
              -26.22105410599994
            ],
            [
              27.982651411000063,
              -26.22109082199995
            ],
            [
              27.982813470000053,
              -26.221118675999946
            ],
            [
              27.98306542000006,
              -26.22115919099997
            ],
            [
              27.98319076300004,
              -26.221187044999965
            ],
            [
              27.98331483900006,
              -26.22122249499995
            ],
            [
              27.983418141000072,
              -26.221045191999963
            ],
            [
              27.983972126000026,
              -26.220125938999956
            ],
            [
              27.984560771000076,
              -26.219067779999932
            ],
            [
              27.984728956000026,
              -26.218535196999937
            ],
            [
              27.98654394400006,
              -26.218913610999948
            ],
            [
              27.987048497000046,
              -26.218794480999975
            ],
            [
              27.98729376600005,
              -26.21868936599998
            ],
            [
              27.987532028000032,
              -26.21851417399995
            ],
            [
              27.98763714200004,
              -26.21839504299993
            ],
            [
              27.987826349000045,
              -26.218338981999977
            ],
            [
              27.98805059400007,
              -26.218381027999953
            ],
            [
              27.988141694000035,
              -26.218338981999977
            ],
            [
              27.988323894000075,
              -26.218275912999957
            ],
            [
              27.988513101000024,
              -26.218184812999937
            ],
            [
              27.988814431000037,
              -26.21791151399998
            ],
            [
              27.98889249100006,
              -26.21775018699998
            ],
            [
              27.988919546000034,
              -26.217694275999975
            ],
            [
              27.989094738000063,
              -26.21744199999995
            ],
            [
              27.989129777000073,
              -26.21726680699993
            ],
            [
              27.989176416000078,
              -26.217095644999972
            ],
            [
              27.989337552000052,
              -26.216785766999976
            ],
            [
              27.98959785200003,
              -26.216364330999966
            ],
            [
              27.98988293900004,
              -26.215818943999977
            ],
            [
              27.990093658000035,
              -26.215397508999956
            ],
            [
              27.99017544700007,
              -26.21522370799994
            ],
            [
              27.990391141000032,
              -26.21476535599993
            ],
            [
              27.990812577000042,
              -26.21397206499995
            ],
            [
              27.991147246000025,
              -26.213042428999984
            ],
            [
              27.99125880200006,
              -26.212682968999957
            ],
            [
              27.99164305200003,
              -26.211840097999982
            ],
            [
              27.991890956000077,
              -26.211567404999983
            ],
            [
              27.992151254000078,
              -26.211232735999943
            ],
            [
              27.99223802000006,
              -26.21082369499993
            ],
            [
              27.992353379000065,
              -26.210443349999935
            ],
            [
              27.990698416000043,
              -26.21021726099997
            ],
            [
              27.98947477100006,
              -26.21008150399996
            ],
            [
              27.989349351000044,
              -26.210067588999948
            ],
            [
              27.988708621000058,
              -26.209986966999963
            ],
            [
              27.987938472000053,
              -26.209890060999953
            ],
            [
              27.987304836000078,
              -26.209752698999978
            ],
            [
              27.986602343000072,
              -26.20960040999995
            ],
            [
              27.985888687000056,
              -26.20931777499993
            ],
            [
              27.985658641000043,
              -26.20922666699994
            ],
            [
              27.98373386700007,
              -26.208367058999954
            ],
            [
              27.981435349000037,
              -26.20729254899993
            ],
            [
              27.980650490000073,
              -26.20767563499993
            ],
            [
              27.97988431600004,
              -26.20818018799997
            ],
            [
              27.978931273000057,
              -26.207797101999972
            ],
            [
              27.97836131500003,
              -26.20753548199997
            ],
            [
              27.97756711200003,
              -26.20715239599997
            ],
            [
              27.977342866000072,
              -26.207058959999983
            ],
            [
              27.975006975000042,
              -26.205965762999938
            ],
            [
              27.974567827000044,
              -26.205760203999944
            ],
            [
              27.974109991000034,
              -26.20560136399996
            ],
            [
              27.973006155000064,
              -26.20519560499997
            ],
            [
              27.97174607100004,
              -26.20473241199994
            ],
            [
              27.970503375000078,
              -26.204255889999956
            ],
            [
              27.969671798000036,
              -26.203966238999953
            ],
            [
              27.969354116000034,
              -26.20356446699998
            ],
            [
              27.96637351800007,
              -26.202742230999945
            ],
            [
              27.966083868000055,
              -26.20296647799995
            ],
            [
              27.965498721000074,
              -26.203832945999977
            ],
            [
              27.965112137000062,
              -26.20440538699995
            ],
            [
              27.964373995000074,
              -26.204274575999932
            ],
            [
              27.964103391000037,
              -26.204205851999973
            ],
            [
              27.963785350000023,
              -26.204125080999972
            ],
            [
              27.962910394000062,
              -26.20383342799994
            ],
            [
              27.962820822000026,
              -26.20380357099998
            ],
            [
              27.962504521000028,
              -26.203698136999947
            ],
            [
              27.96213153900004,
              -26.203573808999977
            ],
            [
              27.96137470900004,
              -26.20332153299995
            ],
            [
              27.961357931000066,
              -26.203315919999966
            ],
            [
              27.960855845000026,
              -26.20314796899993
            ],
            [
              27.958721136000065,
              -26.202433893999967
            ],
            [
              27.958714659000066,
              -26.202431488999935
            ],
            [
              27.958756746000063,
              -26.202364192999937
            ],
            [
              27.958796232000054,
              -26.20229915599998
            ],
            [
              27.958870562000072,
              -26.202172562999976
            ],
            [
              27.95899831400004,
              -26.201955384999962
            ],
            [
              27.959207363000075,
              -26.20158722499997
            ],
            [
              27.959388540000077,
              -26.201263197999936
            ],
            [
              27.95951579800004,
              -26.20102289099998
            ],
            [
              27.959627786000055,
              -26.200811417999944
            ],
            [
              27.95975856000007,
              -26.200572807999947
            ],
            [
              27.959610002000034,
              -26.20052900099995
            ],
            [
              27.957603392000067,
              -26.199937276999947
            ],
            [
              27.956402000000026,
              -26.19958300199994
            ],
            [
              27.956062948000067,
              -26.19949027499996
            ],
            [
              27.955999932000054,
              -26.19953833699998
            ],
            [
              27.955971273000046,
              -26.199561449999976
            ],
            [
              27.955918232000045,
              -26.199604223999984
            ],
            [
              27.955844438000042,
              -26.19966483999997
            ],
            [
              27.95579963600005,
              -26.19970305499993
            ],
            [
              27.955737701000032,
              -26.199755763999974
            ],
            [
              27.95562964800007,
              -26.19985459399993
            ],
            [
              27.955551902000025,
              -26.199932339999975
            ],
            [
              27.955449117000057,
              -26.20003907699993
            ],
            [
              27.955375325000034,
              -26.20011945899995
            ],
            [
              27.95531470900005,
              -26.200185344999966
            ],
            [
              27.955255411000053,
              -26.200256502999935
            ],
            [
              27.955147357000044,
              -26.200393548999955
            ],
            [
              27.955094647000067,
              -26.20045943499997
            ],
            [
              27.955037985000047,
              -26.20053586299997
            ],
            [
              27.954962874000046,
              -26.20064259999998
            ],
            [
              27.95492334200003,
              -26.200701897999977
            ],
            [
              27.954887762000055,
              -26.20075856099993
            ],
            [
              27.954840544000035,
              -26.200833166999928
            ],
            [
              27.95478417700008,
              -26.20092711199993
            ],
            [
              27.954733447000024,
              -26.201021056999934
            ],
            [
              27.954693990000067,
              -26.20109809199994
            ],
            [
              27.954596287000072,
              -26.20130852899996
            ],
            [
              27.954371741000045,
              -26.201775207999958
            ]
          ]
        ]
      }
    },
    {
      "type": "Feature",
      "properties": {
        "id": "westbury",
        "name": "Westbury",
        "labelPriority": "secondary",
        "selectionBasis": "named-sub-places",
        "subPlaceCount": 1
      },
      "geometry": {
        "type": "Polygon",
        "coordinates": [
          [
            [
              27.981401541000025,
              -26.184531052999944
            ],
            [
              27.98187649700003,
              -26.18487539599994
            ],
            [
              27.982010529000036,
              -26.18482178299996
            ],
            [
              27.982086733000074,
              -26.184943707999935
            ],
            [
              27.982134360000032,
              -26.185012290999964
            ],
            [
              27.982181987000047,
              -26.185073253999974
            ],
            [
              27.982229136000058,
              -26.185127475999934
            ],
            [
              27.982258191000028,
              -26.185160886999938
            ],
            [
              27.982336299000053,
              -26.185233280999967
            ],
            [
              27.98248680100005,
              -26.185368541999935
            ],
            [
              27.982637303000047,
              -26.18548475299997
            ],
            [
              27.98280495000006,
              -26.185608582999976
            ],
            [
              27.983035466000047,
              -26.185780041999976
            ],
            [
              27.983589102000053,
              -26.18618308799995
            ],
            [
              27.983583254000052,
              -26.186186457999952
            ],
            [
              27.983525720000046,
              -26.186219603999973
            ],
            [
              27.98289999800005,
              -26.18651000099993
            ],
            [
              27.982482593000043,
              -26.186704685999928
            ],
            [
              27.98210430300003,
              -26.18686943499995
            ],
            [
              27.98195257900005,
              -26.186938201999965
            ],
            [
              27.98168296800003,
              -26.18705172199998
            ],
            [
              27.981548708000048,
              -26.187110664999977
            ],
            [
              27.981202690000032,
              -26.187263480999945
            ],
            [
              27.980878302000065,
              -26.18740596899994
            ],
            [
              27.98087465900005,
              -26.187404578999974
            ],
            [
              27.980784001000075,
              -26.18736999799995
            ],
            [
              27.980240466000055,
              -26.187162547999947
            ],
            [
              27.97919100100006,
              -26.18676199999993
            ],
            [
              27.978406476000032,
              -26.18646133699997
            ],
            [
              27.97823476600007,
              -26.18651101399996
            ],
            [
              27.978192755000066,
              -26.186379430999978
            ],
            [
              27.977554823000048,
              -26.18613494899995
            ],
            [
              27.977234003000035,
              -26.18601199799997
            ],
            [
              27.977163577000056,
              -26.18603931599995
            ],
            [
              27.97583818800007,
              -26.186553432999972
            ],
            [
              27.97526700000003,
              -26.186774997999976
            ],
            [
              27.97342899800003,
              -26.18748900299994
            ],
            [
              27.973360446000072,
              -26.187515679999933
            ],
            [
              27.973354467000036,
              -26.187518006999937
            ],
            [
              27.973354052000047,
              -26.18751816899993
            ],
            [
              27.973351525000055,
              -26.187519152999982
            ],
            [
              27.973336239000048,
              -26.187525102999928
            ],
            [
              27.973294269000064,
              -26.187483246999932
            ],
            [
              27.97257270500006,
              -26.18684454099997
            ],
            [
              27.972138767000047,
              -26.186467381999933
            ],
            [
              27.97119518200003,
              -26.18564725999994
            ],
            [
              27.971013584000048,
              -26.185474192999948
            ],
            [
              27.970829550000076,
              -26.185318189999975
            ],
            [
              27.970662701000037,
              -26.18516975999995
            ],
            [
              27.969634659000064,
              -26.184255194999935
            ],
            [
              27.968757289000052,
              -26.18348832399994
            ],
            [
              27.968749562000028,
              -26.18348156999997
            ],
            [
              27.968264033000025,
              -26.183057190999932
            ],
            [
              27.96812248200007,
              -26.182953616999953
            ],
            [
              27.968036831000063,
              -26.182897736999962
            ],
            [
              27.967870790000063,
              -26.18280051499994
            ],
            [
              27.967729872000064,
              -26.18272514199998
            ],
            [
              27.967614080000033,
              -26.18266833699994
            ],
            [
              27.96752450400004,
              -26.18262791899997
            ],
            [
              27.967436022000072,
              -26.18259405499998
            ],
            [
              27.967366110000057,
              -26.182571114999973
            ],
            [
              27.96730384400007,
              -26.182553635999966
            ],
            [
              27.967250317000037,
              -26.182539435999956
            ],
            [
              27.96717385100004,
              -26.182524142999966
            ],
            [
              27.96702637900006,
              -26.182495922999976
            ],
            [
              27.966746458000046,
              -26.18244037599993
            ],
            [
              27.96643545200004,
              -26.182378660999973
            ],
            [
              27.966170156000032,
              -26.18232525899998
            ],
            [
              27.966159478000066,
              -26.182323234999956
            ],
            [
              27.966112389000045,
              -26.18231102699997
            ],
            [
              27.966087972000025,
              -26.182303176999937
            ],
            [
              27.966071404000047,
              -26.18229532999993
            ],
            [
              27.966055530000062,
              -26.18228563399998
            ],
            [
              27.966042627000036,
              -26.182273529999975
            ],
            [
              27.96603216300008,
              -26.182260448999955
            ],
            [
              27.966022571000053,
              -26.18223864899994
            ],
            [
              27.966018210000072,
              -26.18222295199996
            ],
            [
              27.96601646700003,
              -26.182203767999965
            ],
            [
              27.966015594000055,
              -26.182185456999946
            ],
            [
              27.966018210000072,
              -26.182168886999932
            ],
            [
              27.966024315000027,
              -26.18215057499998
            ],
            [
              27.966035651000027,
              -26.182129645999964
            ],
            [
              27.966083612000034,
              -26.18207383699996
            ],
            [
              27.96677730300007,
              -26.181340904999956
            ],
            [
              27.967119937000064,
              -26.18099231399998
            ],
            [
              27.967152506000048,
              -26.180957967999973
            ],
            [
              27.967283802000054,
              -26.180819507999956
            ],
            [
              27.96749236100004,
              -26.180628826999964
            ],
            [
              27.96771283700008,
              -26.180438144999982
            ],
            [
              27.96802774300005,
              -26.18016315699998
            ],
            [
              27.968135912000037,
              -26.180068698999946
            ],
            [
              27.968296801000065,
              -26.179928666999956
            ],
            [
              27.96841299600004,
              -26.179818428999965
            ],
            [
              27.969375162000063,
              -26.17882197399996
            ],
            [
              27.970908219000023,
              -26.177209215999937
            ],
            [
              27.970912576000046,
              -26.177204632999974
            ],
            [
              27.971123555000077,
              -26.176957390999974
            ],
            [
              27.971200125000053,
              -26.176872748999983
            ],
            [
              27.971214006000025,
              -26.17685291899994
            ],
            [
              27.971223921000046,
              -26.176831767999943
            ],
            [
              27.971229209000057,
              -26.17681325899997
            ],
            [
              27.971233835000078,
              -26.176787479999973
            ],
            [
              27.971235157000024,
              -26.17676632799993
            ],
            [
              27.971231229000068,
              -26.176707577999935
            ],
            [
              27.971378936000065,
              -26.17678949699996
            ],
            [
              27.97183139200007,
              -26.177040430999966
            ],
            [
              27.973062209000034,
              -26.177761288999932
            ],
            [
              27.974243430000058,
              -26.178441991999932
            ],
            [
              27.974388103000024,
              -26.17852536299995
            ],
            [
              27.97554804400005,
              -26.179194361999976
            ],
            [
              27.97665439700006,
              -26.179835698999966
            ],
            [
              27.97783335300005,
              -26.18052198199996
            ],
            [
              27.978204633000075,
              -26.180737831999977
            ],
            [
              27.97915060400004,
              -26.181287786999974
            ],
            [
              27.979938074000074,
              -26.181741272999943
            ],
            [
              27.979905850000023,
              -26.181902328999968
            ],
            [
              27.979241536000075,
              -26.182920637999928
            ],
            [
              27.98046892800005,
              -26.18383589399997
            ],
            [
              27.98124854400004,
              -26.184417244999963
            ],
            [
              27.981401541000025,
              -26.184531052999944
            ]
          ]
        ]
      }
    },
    {
      "type": "Feature",
      "properties": {
        "id": "coronationville",
        "name": "Coronationville",
        "labelPriority": "secondary",
        "selectionBasis": "named-sub-places",
        "subPlaceCount": 1
      },
      "geometry": {
        "type": "Polygon",
        "coordinates": [
          [
            [
              27.978192755000066,
              -26.186379430999978
            ],
            [
              27.97823476600007,
              -26.18651101399996
            ],
            [
              27.978406476000032,
              -26.18646133699997
            ],
            [
              27.97919100100006,
              -26.18676199999993
            ],
            [
              27.980240466000055,
              -26.187162547999947
            ],
            [
              27.980784001000075,
              -26.18736999799995
            ],
            [
              27.98087465900005,
              -26.187404578999974
            ],
            [
              27.980878302000065,
              -26.18740596899994
            ],
            [
              27.980880999000078,
              -26.18740699799997
            ],
            [
              27.980923003000044,
              -26.187424000999954
            ],
            [
              27.981099847000053,
              -26.18753610799996
            ],
            [
              27.981715483000073,
              -26.187769401999958
            ],
            [
              27.981726606000052,
              -26.18777328999994
            ],
            [
              27.98225481600008,
              -26.18797007099994
            ],
            [
              27.981864745000053,
              -26.189002133999963
            ],
            [
              27.98091226200006,
              -26.191933482999957
            ],
            [
              27.980905653000036,
              -26.19195150099995
            ],
            [
              27.98027489100008,
              -26.19367110199994
            ],
            [
              27.97988401500004,
              -26.194736717999945
            ],
            [
              27.979477762000045,
              -26.195844256999976
            ],
            [
              27.979308815000024,
              -26.19630484499993
            ],
            [
              27.97903020800004,
              -26.196201176999978
            ],
            [
              27.97797502000003,
              -26.197264419999954
            ],
            [
              27.97782101000007,
              -26.197431449999954
            ],
            [
              27.97600122600005,
              -26.19547879299995
            ],
            [
              27.975629170000047,
              -26.19507957199994
            ],
            [
              27.97348505900004,
              -26.19272542799996
            ],
            [
              27.973156481000046,
              -26.192364665999946
            ],
            [
              27.971926462000056,
              -26.191309470999954
            ],
            [
              27.969293702000073,
              -26.189262952999968
            ],
            [
              27.969922061000034,
              -26.189022697999974
            ],
            [
              27.970114843000033,
              -26.188785174999964
            ],
            [
              27.97013147200005,
              -26.18877874599997
            ],
            [
              27.970732378000037,
              -26.188543574999983
            ],
            [
              27.971074404000035,
              -26.188411015999975
            ],
            [
              27.971233875000053,
              -26.188349208999966
            ],
            [
              27.971923063000077,
              -26.188079914999946
            ],
            [
              27.972589252000034,
              -26.187821004999932
            ],
            [
              27.973078679000025,
              -26.18762582599993
            ],
            [
              27.97312974600004,
              -26.187605460999976
            ],
            [
              27.973336239000048,
              -26.187525102999928
            ],
            [
              27.973351525000055,
              -26.187519152999982
            ],
            [
              27.973354052000047,
              -26.18751816899993
            ],
            [
              27.973354467000036,
              -26.187518006999937
            ],
            [
              27.973360446000072,
              -26.187515679999933
            ],
            [
              27.97342899800003,
              -26.18748900299994
            ],
            [
              27.97526700000003,
              -26.186774997999976
            ],
            [
              27.97583818800007,
              -26.186553432999972
            ],
            [
              27.977163577000056,
              -26.18603931599995
            ],
            [
              27.977234003000035,
              -26.18601199799997
            ],
            [
              27.977554823000048,
              -26.18613494899995
            ],
            [
              27.978192755000066,
              -26.186379430999978
            ]
          ]
        ]
      }
    }
  ]
}