{
  "type": "FeatureCollection",
  "features": [
    {
      "type": "Feature",
      "properties": {
        "id": "6",
        "name": "Line 2A",
        "network": "A Re Yeng"
      },
      "geometry": {
        "type": "LineString",
        "coordinates": [
          [
            28.202650875845592,
            -25.75294927285963
          ],
          [
            28.202909873021333,
            -25.75306233633499
          ],
          [
            28.203477812407765,
            -25.753312617074194
          ],
          [
            28.2040890631791,
            -25.753596146828034
          ],
          [
            28.204366333487314,
            -25.753734801603123
          ],
          [
            28.204780547858945,
            -25.7539042342985
          ],
          [
            28.20544453546908,
            -25.754186673614335
          ],
          [
            28.20582320081135,
            -25.754348744540902
          ],
          [
            28.206713133192665,
            -25.754719817395678
          ],
          [
            28.20704527034089,
            -25.75485989974785
          ],
          [
            28.207621970651267,
            -25.755104121530035
          ],
          [
            28.207819926665127,
            -25.75519740486525
          ],
          [
            28.207887720079007,
            -25.755234311911888
          ],
          [
            28.207958554406332,
            -25.755289863355348
          ],
          [
            28.20802536073015,
            -25.755356139225462
          ],
          [
            28.20808885638194,
            -25.755444607368204
          ],
          [
            28.208139827401777,
            -25.755512946149565
          ],
          [
            28.208253483158295,
            -25.755645386464984
          ],
          [
            28.20834575132087,
            -25.755749473423897
          ],
          [
            28.208459773899676,
            -25.7558704001897
          ],
          [
            28.208498868787558,
            -25.755915536097888
          ],
          [
            28.20854125488697,
            -25.755965328355185
          ],
          [
            28.208603539968255,
            -25.756038497827294
          ],
          [
            28.20866978522732,
            -25.7560984106306
          ],
          [
            28.20876545200515,
            -25.7561872916265
          ],
          [
            28.208831647544784,
            -25.756246459441638
          ],
          [
            28.208874211951233,
            -25.75629074038731
          ],
          [
            28.208921709582686,
            -25.756327734347625
          ],
          [
            28.20896342768554,
            -25.756364516370944
          ],
          [
            28.209009539252172,
            -25.756410941274037
          ],
          [
            28.209063961479195,
            -25.75645601408472
          ],
          [
            28.20912693893035,
            -25.756503442203204
          ],
          [
            28.209184720745494,
            -25.75653910103602
          ],
          [
            28.20924252058446,
            -25.756571893282523
          ],
          [
            28.209303478596667,
            -25.756605658513223
          ],
          [
            28.209368692059428,
            -25.756634092597313
          ],
          [
            28.20942328055234,
            -25.75665409191505
          ],
          [
            28.209481817004267,
            -25.756675305888006
          ],
          [
            28.209540357433443,
            -25.756695922337276
          ],
          [
            28.20959036295518,
            -25.756711120144356
          ],
          [
            28.209644442424544,
            -25.75672476140076
          ],
          [
            28.209700459000096,
            -25.756739687625497
          ],
          [
            28.209781277381918,
            -25.756753351220976
          ],
          [
            28.209934753177897,
            -25.756774483666007
          ],
          [
            28.210147522235218,
            -25.756801907445272
          ],
          [
            28.21029177180733,
            -25.75682239284209
          ],
          [
            28.210577003298226,
            -25.756858925452075
          ],
          [
            28.210949844890038,
            -25.756906917915426
          ],
          [
            28.211652025532533,
            -25.75700147119794
          ],
          [
            28.212056467217348,
            -25.75705655851414
          ],
          [
            28.212422018834193,
            -25.757110478482506
          ],
          [
            28.21282182144702,
            -25.75716935839898
          ],
          [
            28.213147932279163,
            -25.757205749591815
          ],
          [
            28.213458188416656,
            -25.75724683006903
          ],
          [
            28.213882409452538,
            -25.757302138340187
          ],
          [
            28.214686152199825,
            -25.75739280718935
          ],
          [
            28.215491130965294,
            -25.75749625461314
          ],
          [
            28.21599439125403,
            -25.75756344569562
          ],
          [
            28.216710439220837,
            -25.757655959860532
          ],
          [
            28.21706614895891,
            -25.757703247945507
          ],
          [
            28.21777297812245,
            -25.757794214429676
          ],
          [
            28.218133955461777,
            -25.757842722364483
          ],
          [
            28.218212990041874,
            -25.7578550873238
          ],
          [
            28.218276229445003,
            -25.757863188379975
          ],
          [
            28.21832892472977,
            -25.75787063527346
          ],
          [
            28.218373072874822,
            -25.7578744547337
          ],
          [
            28.218414599398567,
            -25.757875871820353
          ],
          [
            28.218460767985476,
            -25.757873134765955
          ],
          [
            28.218495062090255,
            -25.757871527195363
          ],
          [
            28.218566337348715,
            -25.757860566779865
          ],
          [
            28.218630412430308,
            -25.757841805304714
          ],
          [
            28.21866410531478,
            -25.757831239748686
          ],
          [
            28.21871433525985,
            -25.757812403930657
          ],
          [
            28.218759942672982,
            -25.75779473743274
          ],
          [
            28.218810192118937,
            -25.757772916779356
          ],
          [
            28.218847240633547,
            -25.757753413564348
          ],
          [
            28.21937675638692,
            -25.757435645722733
          ],
          [
            28.219985735620753,
            -25.757063971287238
          ],
          [
            28.220431879199136,
            -25.75679142627662
          ],
          [
            28.220686044369447,
            -25.756638752405422
          ],
          [
            28.22104614490826,
            -25.756417089415457
          ],
          [
            28.221217592064253,
            -25.756311137512164
          ],
          [
            28.221571056725328,
            -25.756095706260957
          ],
          [
            28.22184655593725,
            -25.755929839990387
          ],
          [
            28.22199772671442,
            -25.7558428245922
          ],
          [
            28.22203564263653,
            -25.755821274461518
          ],
          [
            28.22207454699238,
            -25.755800993246332
          ],
          [
            28.222114238682668,
            -25.755782250652395
          ],
          [
            28.22215491645655,
            -25.755765138001248
          ],
          [
            28.222196182819363,
            -25.755749472647892
          ],
          [
            28.222238235932448,
            -25.75573543617112
          ],
          [
            28.22230433055595,
            -25.755722046196517
          ],
          [
            28.22237603253829,
            -25.755721226909348
          ],
          [
            28.2232917514362,
            -25.755785030538306
          ],
          [
            28.224110075044603,
            -25.755841370207865
          ],
          [
            28.224657625988574,
            -25.755928815966946
          ],
          [
            28.22498122128879,
            -25.755966838883257
          ],
          [
            28.225035517557977,
            -25.75597142609939
          ],
          [
            28.225093033092005,
            -25.755967434033824
          ],
          [
            28.225129085793665,
            -25.755938489874918
          ],
          [
            28.225159843332957,
            -25.75591286167229
          ],
          [
            28.22517743745284,
            -25.75588382016672
          ],
          [
            28.225193566613914,
            -25.755836620408147
          ],
          [
            28.22526363800212,
            -25.75552429079698
          ],
          [
            28.22527775888448,
            -25.75548320721213
          ],
          [
            28.22532002015666,
            -25.755414437964152
          ],
          [
            28.225359957437735,
            -25.755355901791354
          ],
          [
            28.225402634561483,
            -25.75530167928402
          ],
          [
            28.22543689531251,
            -25.755259765022245
          ],
          [
            28.225463638173867,
            -25.75522425444608
          ],
          [
            28.22549196926045,
            -25.75518974517723
          ],
          [
            28.226282710578904,
            -25.754335578605488
          ],
          [
            28.22752854229559,
            -25.75294241890369
          ],
          [
            28.228160947676894,
            -25.75224273949025
          ],
          [
            28.228433062668895,
            -25.75195384901663
          ],
          [
            28.2286974336343,
            -25.75169898217679
          ],
          [
            28.22909936565812,
            -25.75138012010402
          ],
          [
            28.22918822295038,
            -25.7513308046408
          ],
          [
            28.229279360557953,
            -25.751286741713912
          ],
          [
            28.229371051790476,
            -25.751246611599118
          ],
          [
            28.229462602637085,
            -25.75122822984454
          ],
          [
            28.229511850855335,
            -25.7512190573213
          ],
          [
            28.229570336608354,
            -25.75121307742899
          ],
          [
            28.229623590228623,
            -25.751210738920204
          ],
          [
            28.229686708759502,
            -25.751204259980305
          ],
          [
            28.229745197874905,
            -25.75119775652452
          ],
          [
            28.229807734958538,
            -25.751191798869506
          ],
          [
            28.229918950302068,
            -25.75117509317374
          ],
          [
            28.23001162940274,
            -25.751161171392532
          ],
          [
            28.230091014514315,
            -25.751144820756064
          ],
          [
            28.23016520903559,
            -25.75112582237244
          ],
          [
            28.230242884970107,
            -25.751105270919506
          ],
          [
            28.230459113591703,
            -25.751046407741125
          ],
          [
            28.23061504866272,
            -25.751004783143696
          ],
          [
            28.230684077230926,
            -25.750991666550625
          ],
          [
            28.230759799950786,
            -25.750979402145624
          ],
          [
            28.23083575951078,
            -25.75096874017307
          ],
          [
            28.230962029953258,
            -25.750950540859638
          ],
          [
            28.23105933649114,
            -25.750936904600298
          ],
          [
            28.231207565409502,
            -25.750923538040116
          ],
          [
            28.232599994875276,
            -25.750852360810967
          ],
          [
            28.233790432039317,
            -25.750742944541912
          ],
          [
            28.235307188012246,
            -25.750627322984286
          ],
          [
            28.236202728326596,
            -25.750562634417836
          ],
          [
            28.237527063482222,
            -25.750477630994805
          ],
          [
            28.23760896128844,
            -25.75045417865953
          ],
          [
            28.237640970444406,
            -25.750397030772874
          ],
          [
            28.237644034389497,
            -25.750330178161715
          ],
          [
            28.237517920963306,
            -25.74904328817321
          ],
          [
            28.237456304311596,
            -25.748137112812632
          ],
          [
            28.237422128747703,
            -25.747571293156657
          ],
          [
            28.23740904884607,
            -25.747521167027834
          ],
          [
            28.23737222459234,
            -25.747485437682695
          ],
          [
            28.23730550485375,
            -25.747473599896512
          ],
          [
            28.2368643936919,
            -25.747503540023292
          ],
          [
            28.23665670845948,
            -25.747501946982094
          ],
          [
            28.236365325306927,
            -25.747522717314606
          ],
          [
            28.23502468669174,
            -25.747609218218898
          ],
          [
            28.23389716892188,
            -25.747701450312796
          ],
          [
            28.23261872563756,
            -25.74779791946878
          ],
          [
            28.232570686631764,
            -25.747826227464213
          ],
          [
            28.23252404780895,
            -25.747881072202862
          ],
          [
            28.232518315772168,
            -25.74794378119799
          ],
          [
            28.232601298034513,
            -25.748851515681608
          ],
          [
            28.232646899295432,
            -25.74978455345439
          ],
          [
            28.23269326396773,
            -25.75065516193165
          ],
          [
            28.23267990780613,
            -25.750685215096475
          ],
          [
            28.232659969371973,
            -25.750710185303028
          ],
          [
            28.232637448518798,
            -25.750726783774095
          ],
          [
            28.232604417582145,
            -25.750737356120258
          ],
          [
            28.23219677765169,
            -25.750771029860054
          ],
          [
            28.23161766042311,
            -25.750815737357517
          ],
          [
            28.23111516015111,
            -25.75083816105094
          ],
          [
            28.231046568482892,
            -25.750842574533717
          ],
          [
            28.230971360956687,
            -25.7508505363856
          ],
          [
            28.230897472980025,
            -25.750858504265405
          ],
          [
            28.230769442578154,
            -25.75087932171014
          ],
          [
            28.230521207370966,
            -25.750934131416045
          ],
          [
            28.230107831253758,
            -25.751039413225794
          ],
          [
            28.230036541736055,
            -25.75105336513453
          ],
          [
            28.229950709571224,
            -25.751073209930475
          ],
          [
            28.229876774203408,
            -25.751088341914198
          ],
          [
            28.22983385842293,
            -25.751088477780726
          ],
          [
            28.229764698750163,
            -25.751089139134365
          ],
          [
            28.22969154600618,
            -25.751084606503827
          ],
          [
            28.229622963681553,
            -25.75107780991388
          ],
          [
            28.22955185026727,
            -25.751064298962348
          ],
          [
            28.229472158771095,
            -25.7510629458002
          ],
          [
            28.22940669120496,
            -25.751073584958554
          ],
          [
            28.22935856635726,
            -25.751093868137914
          ],
          [
            28.229296039840317,
            -25.75113618527997
          ],
          [
            28.228967750574842,
            -25.751421434976663
          ],
          [
            28.228657527841953,
            -25.751682726994495
          ],
          [
            28.228543275660105,
            -25.751773846195636
          ],
          [
            28.22844109636551,
            -25.751874800871093
          ],
          [
            28.22833490718767,
            -25.751984092336897
          ],
          [
            28.228220722507515,
            -25.752106476943272
          ],
          [
            28.228054684102126,
            -25.752295454198478
          ],
          [
            28.22775205735677,
            -25.752604905895602
          ],
          [
            28.227461189962046,
            -25.75293053892334
          ],
          [
            28.227099958115858,
            -25.75333042694706
          ],
          [
            28.226486321064428,
            -25.754020327562042
          ],
          [
            28.225992294672334,
            -25.75456398961654
          ],
          [
            28.225786461087587,
            -25.754788575078578
          ],
          [
            28.225439802906507,
            -25.755175999014707
          ],
          [
            28.225268513356188,
            -25.75536016834675
          ],
          [
            28.225232564388904,
            -25.755413709948755
          ],
          [
            28.225211219769196,
            -25.75545180718508
          ],
          [
            28.225191139505213,
            -25.755498269255476
          ],
          [
            28.225176325906112,
            -25.755545952592527
          ],
          [
            28.225162737911667,
            -25.75560797218425
          ],
          [
            28.225155800058758,
            -25.755661071533197
          ],
          [
            28.225139636812337,
            -25.755713525162694
          ],
          [
            28.22511299542745,
            -25.755755175722694
          ],
          [
            28.2250758903984,
            -25.755783635898364
          ],
          [
            28.225021614426662,
            -25.755816781244242
          ],
          [
            28.22496441382801,
            -25.755836757359752
          ],
          [
            28.224870982370884,
            -25.755857381793408
          ],
          [
            28.22474172964531,
            -25.755870218216156
          ],
          [
            28.22417378427784,
            -25.755814653269617
          ],
          [
            28.223351613660085,
            -25.755719521211972
          ],
          [
            28.222832394083575,
            -25.75567376321557
          ],
          [
            28.22227627152537,
            -25.755625419770958
          ],
          [
            28.222197166931878,
            -25.755623803052227
          ],
          [
            28.222123353321145,
            -25.755619826271115
          ],
          [
            28.222058745619915,
            -25.755619481073815
          ],
          [
            28.222007315200933,
            -25.755620400405864
          ],
          [
            28.221941318869042,
            -25.755630794129072
          ],
          [
            28.22181460059191,
            -25.75565161057872
          ],
          [
            28.221757810125748,
            -25.755665635853756
          ],
          [
            28.221695769569322,
            -25.75567605060938
          ],
          [
            28.22162838452223,
            -25.755697183158198
          ],
          [
            28.22159524230552,
            -25.75572447037699
          ],
          [
            28.221573959759045,
            -25.75575301423788
          ],
          [
            28.221545981964283,
            -25.7557970452651
          ],
          [
            28.221521929833063,
            -25.75584587294929
          ],
          [
            28.22150588175527,
            -25.75588041550637
          ],
          [
            28.221468332062944,
            -25.75597693495488
          ],
          [
            28.22145222945234,
            -25.756019835317176
          ],
          [
            28.221436173549115,
            -25.756055571064316
          ],
          [
            28.22142014099033,
            -25.756087725405457
          ],
          [
            28.2214014945611,
            -25.756116283334872
          ],
          [
            28.221380218687088,
            -25.756143633055782
          ],
          [
            28.221353665456338,
            -25.75617155207263
          ],
          [
            28.22132051526197,
            -25.756200032422143
          ],
          [
            28.22128208281427,
            -25.75622967865477
          ],
          [
            28.221237058280884,
            -25.756259289616274
          ],
          [
            28.221182780066954,
            -25.75629243349392
          ],
          [
            28.22108614560422,
            -25.756350425963568
          ],
          [
            28.22080416014793,
            -25.756523251207852
          ],
          [
            28.22066512995071,
            -25.75661206241059
          ],
          [
            28.220410960910982,
            -25.756765333748657
          ],
          [
            28.220270642719868,
            -25.756849361090865
          ],
          [
            28.219929086936958,
            -25.75705768802959
          ],
          [
            28.21901166350735,
            -25.757614579148044
          ],
          [
            28.218854083998355,
            -25.757716424627343
          ],
          [
            28.218817035496464,
            -25.757735927844468
          ],
          [
            28.218782660394794,
            -25.75775007220508
          ],
          [
            28.21873148442545,
            -25.75777091306641
          ],
          [
            28.218673609498193,
            -25.75778245003603
          ],
          [
            28.218599518916847,
            -25.75779944283078
          ],
          [
            28.218509542377216,
            -25.757813243556505
          ],
          [
            28.218453880709262,
            -25.757818757518876
          ],
          [
            28.21836024739784,
            -25.757820643124298
          ],
          [
            28.218248241276218,
            -25.757809295344508
          ],
          [
            28.217858170109892,
            -25.75777376606295
          ],
          [
            28.217689552140705,
            -25.757748978132774
          ],
          [
            28.216806839100027,
            -25.757635572410937
          ],
          [
            28.215822692867796,
            -25.757507285337443
          ],
          [
            28.215104682901064,
            -25.757412666730424
          ],
          [
            28.214729196592675,
            -25.757365267209735
          ],
          [
            28.214614601207494,
            -25.75734673782669
          ],
          [
            28.214411749565294,
            -25.757314598391346
          ],
          [
            28.21404027399704,
            -25.757258978892605
          ],
          [
            28.21389393368199,
            -25.757226588706917
          ],
          [
            28.213770288077523,
            -25.75720975903874
          ],
          [
            28.21362275308579,
            -25.757187468563465
          ],
          [
            28.213471262286674,
            -25.7571651574713
          ],
          [
            28.2131287370866,
            -25.757118528531258
          ],
          [
            28.21248582521311,
            -25.75703385608369
          ],
          [
            28.2123936066755,
            -25.757021415808932
          ],
          [
            28.212326384757958,
            -25.757017470612986
          ],
          [
            28.212238050200046,
            -25.75701579853132
          ],
          [
            28.212136562977758,
            -25.757009278652315
          ],
          [
            28.21202318456376,
            -25.757006276769914
          ],
          [
            28.211921712126973,
            -25.75699736944024
          ],
          [
            28.21181629173719,
            -25.756987246524936
          ],
          [
            28.211701665699664,
            -25.756973490361215
          ],
          [
            28.21106139302899,
            -25.75688882594246
          ],
          [
            28.210519941450187,
            -25.756815440999848
          ],
          [
            28.20996396213586,
            -25.756745556743304
          ],
          [
            28.209840145792537,
            -25.756725779444775
          ],
          [
            28.20976374227797,
            -25.756714618388614
          ],
          [
            28.2097057894763,
            -25.756704751589787
          ],
          [
            28.209646550686436,
            -25.756690101220602
          ],
          [
            28.209582061173418,
            -25.756671839896487
          ],
          [
            28.209514966072177,
            -25.75664878873342
          ],
          [
            28.209459695037566,
            -25.75663236816832
          ],
          [
            28.209387357161376,
            -25.756604511913192
          ],
          [
            28.209330825856355,
            -25.756579129748406
          ],
          [
            28.209267742053978,
            -25.756547741266605
          ],
          [
            28.209204697830497,
            -25.756510382265308
          ],
          [
            28.20914693599537,
            -25.756471858692457
          ],
          [
            28.209080977178054,
            -25.756418892271707
          ],
          [
            28.20902890870335,
            -25.756374497472034
          ],
          [
            28.208954209572433,
            -25.756303810577116
          ],
          [
            28.208893554616115,
            -25.756224195607125
          ],
          [
            28.208847567276905,
            -25.756159943162555
          ],
          [
            28.208789098399855,
            -25.75606887609021
          ],
          [
            28.208705054207638,
            -25.75594964242027
          ],
          [
            28.208642315162898,
            -25.755866313550527
          ],
          [
            28.208469507545438,
            -25.755666266643967
          ],
          [
            28.208375334162994,
            -25.755551124270415
          ],
          [
            28.20828580261548,
            -25.75545176830273
          ],
          [
            28.20824498319627,
            -25.75540354418757
          ],
          [
            28.20821275273368,
            -25.755372562227965
          ],
          [
            28.208174867168438,
            -25.75533613841131
          ],
          [
            28.208131909033117,
            -25.755305176617437
          ],
          [
            28.20806727042932,
            -25.755269720173484
          ],
          [
            28.207991575858845,
            -25.75523133689818
          ],
          [
            28.207939528537825,
            -25.75520597859719
          ],
          [
            28.20789733319611,
            -25.755186404492566
          ],
          [
            28.207836188298607,
            -25.755160996660397
          ],
          [
            28.207586237410283,
            -25.755056859107487
          ],
          [
            28.207310105636846,
            -25.75494144139812
          ],
          [
            28.207060827297223,
            -25.754832975937518
          ],
          [
            28.20673341253384,
            -25.754696501774646
          ],
          [
            28.206367369916084,
            -25.754539397694572
          ],
          [
            28.205991042321276,
            -25.7543825940506
          ],
          [
            28.20583799202901,
            -25.75431799597597
          ],
          [
            28.205688878593776,
            -25.754256285881254
          ],
          [
            28.205396211117982,
            -25.754129669684342
          ],
          [
            28.205015167666573,
            -25.75396853963269
          ],
          [
            28.204532509860712,
            -25.75377019885668
          ],
          [
            28.20437855988245,
            -25.75370369708823
          ],
          [
            28.204121229888308,
            -25.753573504906004
          ],
          [
            28.203822045799697,
            -25.753444292904014
          ],
          [
            28.203513858728602,
            -25.753293493185463
          ],
          [
            28.203094350592746,
            -25.753100662340746
          ],
          [
            28.202937447243382,
            -25.753035187217566
          ],
          [
            28.202681068038014,
            -25.752921879080755
          ],
          [
            28.202314335698517,
            -25.75276402647272
          ],
          [
            28.202204521855734,
            -25.75272925416683
          ],
          [
            28.202146147451842,
            -25.75271127673412
          ],
          [
            28.202047436408257,
            -25.752684466516282
          ],
          [
            28.201943443163408,
            -25.752658821421807
          ],
          [
            28.2017720769663,
            -25.752617230743
          ],
          [
            28.201561678032512,
            -25.752567544322652
          ],
          [
            28.201440176372966,
            -25.752535620048103
          ],
          [
            28.201342334359474,
            -25.752497244587193
          ],
          [
            28.201199237744227,
            -25.752434766870252
          ],
          [
            28.201062498895947,
            -25.75237232299702
          ],
          [
            28.200681086637093,
            -25.752189559753194
          ],
          [
            28.200468393501218,
            -25.75209835308746
          ],
          [
            28.200085730282105,
            -25.751939834318907
          ],
          [
            28.199840566860427,
            -25.751857762303484
          ],
          [
            28.1994977631735,
            -25.751737785464428
          ],
          [
            28.199417797081786,
            -25.751707852446945
          ],
          [
            28.1993778330621,
            -25.751690198984786
          ],
          [
            28.19931681539998,
            -25.751665982467614
          ],
          [
            28.199253948183383,
            -25.751642471516337
          ],
          [
            28.199203176464998,
            -25.751624042810157
          ],
          [
            28.199160817689467,
            -25.751609481064904
          ],
          [
            28.199120290288786,
            -25.751597078472155
          ],
          [
            28.19907369674162,
            -25.751584881690842
          ],
          [
            28.199020516846094,
            -25.751571692810575
          ],
          [
            28.1989652174636,
            -25.751559925580924
          ],
          [
            28.198922278657733,
            -25.751553241181103
          ],
          [
            28.19887483934874,
            -25.75154915947778
          ],
          [
            28.198824504434292,
            -25.75154422601889
          ],
          [
            28.198757026320845,
            -25.751539794829714
          ],
          [
            28.198681371185216,
            -25.751535556896652
          ],
          [
            28.198598336153253,
            -25.75153080173454
          ],
          [
            28.198527184141913,
            -25.751523722749052
          ],
          [
            28.198487387261206,
            -25.751520399650026
          ],
          [
            28.19839649383512,
            -25.751507719609553
          ],
          [
            28.19832774690678,
            -25.75149587810846
          ],
          [
            28.19826675255278,
            -25.75146734685458
          ],
          [
            28.198270351091207,
            -25.751482260477477
          ],
          [
            28.198228229948796,
            -25.751471520479495
          ],
          [
            28.198172702862795,
            -25.751454497660188
          ],
          [
            28.198096682543298,
            -25.75142613812595
          ],
          [
            28.198040123506107,
            -25.751405766341723
          ],
          [
            28.197999634789458,
            -25.751387632140652
          ],
          [
            28.19794710181682,
            -25.751356655278716
          ],
          [
            28.197841072142378,
            -25.751281203216966
          ],
          [
            28.197799904460876,
            -25.75124634815952
          ],
          [
            28.197770547598022,
            -25.751219917143366
          ],
          [
            28.197727088782344,
            -25.751172870656255
          ],
          [
            28.197687855375587,
            -25.75112501072769
          ],
          [
            28.197658568967242,
            -25.75108795286093
          ],
          [
            28.19762696334246,
            -25.75104288155907
          ],
          [
            28.197601914259323,
            -25.751001011799985
          ],
          [
            28.197574964715567,
            -25.75095822625566
          ],
          [
            28.19755372322416,
            -25.7509148322189
          ],
          [
            28.197536051139362,
            -25.750876285859306
          ],
          [
            28.197503439988786,
            -25.750784640225493
          ],
          [
            28.197451907424853,
            -25.750586760740244
          ],
          [
            28.197414529570516,
            -25.75042804907073
          ],
          [
            28.197390877727738,
            -25.750334464361913
          ],
          [
            28.197366038982793,
            -25.750276309199645
          ],
          [
            28.197348015121953,
            -25.750251717788252
          ],
          [
            28.197334266331822,
            -25.750236117275158
          ],
          [
            28.197319415188606,
            -25.75022141328472
          ],
          [
            28.197284126946514,
            -25.750192696586986
          ],
          [
            28.197263587759444,
            -25.750179044355768
          ],
          [
            28.197241942580312,
            -25.75016683018524
          ],
          [
            28.197219491003533,
            -25.750155965466522
          ],
          [
            28.19719623181516,
            -25.750146630712653
          ],
          [
            28.197172264677196,
            -25.750138826472696
          ],
          [
            28.197147788307493,
            -25.750132644101953
          ],
          [
            28.19711966169841,
            -25.750122378996494
          ],
          [
            28.19711017525426,
            -25.750121370837206
          ],
          [
            28.196741965161635,
            -25.75009450149885
          ],
          [
            28.19650567731752,
            -25.750097150368582
          ],
          [
            28.19628220167866,
            -25.75011711194468
          ],
          [
            28.19598333401319,
            -25.750134014106827
          ],
          [
            28.195631176750947,
            -25.750205506610445
          ],
          [
            28.195455398268262,
            -25.750214207783795
          ],
          [
            28.19538883312932,
            -25.75021967078554
          ],
          [
            28.195282248724777,
            -25.75022841739989
          ],
          [
            28.195166556393925,
            -25.750239736551706
          ],
          [
            28.195044223289155,
            -25.750252974835934
          ],
          [
            28.19494386911931,
            -25.75026480643009
          ],
          [
            28.194846252200044,
            -25.75027864422559
          ],
          [
            28.194759336278636,
            -25.750292211682126
          ],
          [
            28.19467583082182,
            -25.750307715973026
          ],
          [
            28.19454768513962,
            -25.750332024574146
          ],
          [
            28.194385279493993,
            -25.75036320997809
          ],
          [
            28.194093195277482,
            -25.750419259039106
          ],
          [
            28.19395163989729,
            -25.75044642183093
          ],
          [
            28.193883080146723,
            -25.7504595776922
          ],
          [
            28.193817057194064,
            -25.75047224662269
          ],
          [
            28.193752400303442,
            -25.750483196413036
          ],
          [
            28.193683347951286,
            -25.750492840143522
          ],
          [
            28.193620752633887,
            -25.75049899404355
          ],
          [
            28.193533188706418,
            -25.750503542006065
          ],
          [
            28.19345456201922,
            -25.75050762674186
          ],
          [
            28.193347614384535,
            -25.75050000578498
          ],
          [
            28.193139562782665,
            -25.750489164599607
          ],
          [
            28.192993028001048,
            -25.750479421342266
          ],
          [
            28.192426026500073,
            -25.75044171913873
          ],
          [
            28.19232539308892,
            -25.750436573080997
          ],
          [
            28.192213535758462,
            -25.750431203125213
          ],
          [
            28.19209752478175,
            -25.750429008851665
          ],
          [
            28.19199708168583,
            -25.75042755706119
          ],
          [
            28.19193014633335,
            -25.750432903596984
          ],
          [
            28.191845703055588,
            -25.750439648542553
          ],
          [
            28.191758299070397,
            -25.75044662973336
          ],
          [
            28.191594410778386,
            -25.750473072350424
          ],
          [
            28.19146311611145,
            -25.750494255796227
          ],
          [
            28.19136018524471,
            -25.75050252699605
          ],
          [
            28.19094833927129,
            -25.750542201165864
          ],
          [
            28.190740735735243,
            -25.750557048830828
          ],
          [
            28.190148634675072,
            -25.750574912120143
          ],
          [
            28.189696345912335,
            -25.75057631685103
          ],
          [
            28.1886292473347,
            -25.75066021142775
          ],
          [
            28.18855807215102,
            -25.750646307420894
          ],
          [
            28.188513266331356,
            -25.750614429753977
          ],
          [
            28.188479487941855,
            -25.75057913581628
          ],
          [
            28.188456786097532,
            -25.750543903603543
          ],
          [
            28.188431736110964,
            -25.750471420669147
          ]
        ]
      }
    },
    {
      "type": "Feature",
      "properties": {
        "id": "6",
        "name": "Line 2A",
        "network": "A Re Yeng"
      },
      "geometry": {
        "type": "LineString",
        "coordinates": [
          [
            28.197037244383786,
            -25.75022676790576
          ],
          [
            28.196578291224803,
            -25.750236561406044
          ],
          [
            28.195990017915584,
            -25.750269136873033
          ],
          [
            28.195636534839654,
            -25.750287483279756
          ],
          [
            28.195475610708776,
            -25.750297341524977
          ],
          [
            28.19527875785562,
            -25.750311477938467
          ],
          [
            28.195134174444018,
            -25.750321861161883
          ],
          [
            28.195032434439746,
            -25.750329023226577
          ],
          [
            28.19494421805273,
            -25.7503348726915
          ],
          [
            28.194863063955744,
            -25.750341176347852
          ],
          [
            28.194776311924205,
            -25.750349498808195
          ],
          [
            28.194706975691883,
            -25.75035544440771
          ],
          [
            28.194614054376018,
            -25.750364639766012
          ],
          [
            28.19456260191896,
            -25.750372709643536
          ],
          [
            28.194506606824685,
            -25.750382231930733
          ],
          [
            28.194444650087583,
            -25.750394056242218
          ],
          [
            28.19421399576214,
            -25.750438076137414
          ],
          [
            28.193984565416407,
            -25.750482504095785
          ],
          [
            28.19389273533154,
            -25.750500555023166
          ],
          [
            28.19383072106173,
            -25.750513207339164
          ],
          [
            28.19376887007358,
            -25.750525587947397
          ],
          [
            28.193707092710383,
            -25.75053621428256
          ],
          [
            28.193641204699805,
            -25.750546306956586
          ],
          [
            28.193525099459833,
            -25.7505576044564
          ],
          [
            28.19342675551276,
            -25.750561123257004
          ],
          [
            28.19331215897204,
            -25.750556961089803
          ],
          [
            28.193151071029714,
            -25.75054939115796
          ],
          [
            28.193054591977173,
            -25.750540057993277
          ],
          [
            28.192948211024596,
            -25.750532352331117
          ],
          [
            28.192867373106974,
            -25.75052649679856
          ],
          [
            28.192784770822538,
            -25.750521419410088
          ],
          [
            28.192707060498414,
            -25.750517327657114
          ],
          [
            28.19264088421026,
            -25.750514178043165
          ],
          [
            28.192559617045983,
            -25.75051285010832
          ],
          [
            28.1924924740044,
            -25.750516332784695
          ],
          [
            28.192414506432172,
            -25.750517712813906
          ],
          [
            28.19231627334497,
            -25.750521052764462
          ],
          [
            28.192126257181545,
            -25.750532654023406
          ],
          [
            28.191822451338524,
            -25.750554158674753
          ],
          [
            28.191080736127777,
            -25.750605809996372
          ],
          [
            28.19075440886117,
            -25.750631787847844
          ],
          [
            28.190192151978877,
            -25.750666208367154
          ],
          [
            28.189644797090217,
            -25.750716183803082
          ],
          [
            28.18893700541628,
            -25.750774048630337
          ],
          [
            28.188614056915487,
            -25.7508001903173
          ],
          [
            28.18854999416748,
            -25.75079768424455
          ],
          [
            28.188501830817994,
            -25.750783803742273
          ],
          [
            28.188466392841026,
            -25.75075996356171
          ],
          [
            28.18842176418187,
            -25.75072679974779
          ],
          [
            28.188401953632056,
            -25.750696557865417
          ],
          [
            28.18838753607737,
            -25.75065795367286
          ],
          [
            28.18838280444802,
            -25.750487608646218
          ],
          [
            28.18836986018823,
            -25.750348519077214
          ],
          [
            28.188357439588273,
            -25.75014572607033
          ],
          [
            28.188328882798594,
            -25.749807765530832
          ],
          [
            28.188302407948555,
            -25.74951280286846
          ],
          [
            28.188285920285196,
            -25.749261598818187
          ],
          [
            28.188222621238,
            -25.748564867114833
          ],
          [
            28.188191790536504,
            -25.748212565049148
          ],
          [
            28.188168582227195,
            -25.74805426595213
          ],
          [
            28.188146803750506,
            -25.747964353948394
          ],
          [
            28.188117312873825,
            -25.747880366028188
          ],
          [
            28.18809644160355,
            -25.747808605835722
          ],
          [
            28.188087961882786,
            -25.74765953938937
          ],
          [
            28.188057257361358,
            -25.747288610119
          ],
          [
            28.18804642671962,
            -25.747136306468473
          ],
          [
            28.18804202081691,
            -25.74708613166867
          ],
          [
            28.18802884156575,
            -25.747046653399128
          ],
          [
            28.188009254995755,
            -25.747018603319372
          ],
          [
            28.187991142892056,
            -25.747006322651426
          ],
          [
            28.18796513152502,
            -25.74699256550926
          ],
          [
            28.187931213042564,
            -25.746978047606305
          ],
          [
            28.18788390104906,
            -25.746955574409334
          ],
          [
            28.18780572361465,
            -25.746924255980677
          ],
          [
            28.18772977834404,
            -25.746887125486335
          ],
          [
            28.187660417824947,
            -25.746835350000406
          ],
          [
            28.187599123743944,
            -25.746789491793745
          ],
          [
            28.187547615410793,
            -25.74673487878476
          ],
          [
            28.187500981490846,
            -25.746678825326658
          ],
          [
            28.187464084378906,
            -25.746621356748378
          ],
          [
            28.187436894086783,
            -25.746566879380484
          ],
          [
            28.187412945739997,
            -25.74651242009695
          ],
          [
            28.18739896487938,
            -25.746422778942208
          ],
          [
            28.18736900887499,
            -25.746059951810256
          ],
          [
            28.18736775699533,
            -25.74600561916268
          ],
          [
            28.187369518286175,
            -25.745985073188294
          ],
          [
            28.187390842878063,
            -25.74594848525875
          ],
          [
            28.18741540036228,
            -25.745913384796278
          ],
          [
            28.187446341771786,
            -25.74589300163304
          ],
          [
            28.187491794332225,
            -25.745884445854557
          ],
          [
            28.18756966892206,
            -25.74587607003256
          ],
          [
            28.18765400932346,
            -25.74587066819705
          ],
          [
            28.187735086859146,
            -25.745868183368007
          ],
          [
            28.18782917293084,
            -25.745859898727407
          ],
          [
            28.187897381665405,
            -25.74584265945167
          ],
          [
            28.188017606527914,
            -25.74580515526765
          ],
          [
            28.188119283206348,
            -25.745819544544176
          ],
          [
            28.18815561222219,
            -25.745828344329603
          ],
          [
            28.188203580232923,
            -25.74583195495231
          ],
          [
            28.18825844172667,
            -25.745829873377296
          ],
          [
            28.188406174692037,
            -25.74582018868075
          ],
          [
            28.188502718045175,
            -25.745815472637712
          ],
          [
            28.18855849111599,
            -25.745818133774957
          ],
          [
            28.188617565735935,
            -25.745833307070995
          ],
          [
            28.188641711157363,
            -25.745850158643016
          ],
          [
            28.188664239941133,
            -25.745872016048942
          ],
          [
            28.18867774439501,
            -25.745902659628808
          ],
          [
            28.188682803247787,
            -25.745934211108004
          ],
          [
            28.188693148460086,
            -25.74604173497418
          ],
          [
            28.188702902242696,
            -25.746158568567626
          ],
          [
            28.188708229787593,
            -25.746228332198648
          ],
          [
            28.188712136947718,
            -25.74627420603042
          ],
          [
            28.188718103617877,
            -25.74632749445779
          ],
          [
            28.188718095569754,
            -25.746406303100922
          ],
          [
            28.188709272377555,
            -25.746463091553778
          ],
          [
            28.18869844706823,
            -25.746503867564613
          ],
          [
            28.188683923243648,
            -25.746545818011683
          ],
          [
            28.188665160359573,
            -25.746590610594247
          ],
          [
            28.188643272200814,
            -25.746629654254036
          ],
          [
            28.188622484847087,
            -25.746662016682357
          ],
          [
            28.188595335653886,
            -25.74669912021865
          ],
          [
            28.188568211775884,
            -25.746732641472473
          ],
          [
            28.188537934041264,
            -25.74676447443533
          ],
          [
            28.188502884545656,
            -25.746800100603245
          ],
          [
            28.188465227234538,
            -25.746831414050522
          ],
          [
            28.18841020186248,
            -25.746871921154305
          ],
          [
            28.188338595912438,
            -25.746917636793032
          ],
          [
            28.1883052431311,
            -25.746936317034283
          ],
          [
            28.18827663551109,
            -25.74695526290576
          ],
          [
            28.18824691506156,
            -25.746982798926602
          ],
          [
            28.188218206796684,
            -25.74701655046822
          ],
          [
            28.188202737706792,
            -25.747042256019782
          ],
          [
            28.188196208042736,
            -25.74707183300897
          ],
          [
            28.188193896986487,
            -25.74710143261181
          ],
          [
            28.18820278222157,
            -25.747175747129788
          ],
          [
            28.188209716811123,
            -25.747256988152923
          ],
          [
            28.188224798129795,
            -25.747443489710218
          ],
          [
            28.18825533909002,
            -25.7478384190585
          ]
        ]
      }
    },
    {
      "type": "Feature",
      "properties": {
        "id": "6",
        "name": "Line 2A",
        "network": "A Re Yeng"
      },
      "geometry": {
        "type": "LineString",
        "coordinates": [
          [
            28.19703631798272,
            -25.75022684222619
          ],
          [
            28.197211539933992,
            -25.7502235291115
          ],
          [
            28.197260025720745,
            -25.75023479098403
          ],
          [
            28.197289102545064,
            -25.750247227542026
          ],
          [
            28.19732020536216,
            -25.750276010524765
          ],
          [
            28.197343147278804,
            -25.75031179602116
          ],
          [
            28.19735141604109,
            -25.75033516298947
          ],
          [
            28.19736231041374,
            -25.750370039046164
          ],
          [
            28.197377067379723,
            -25.75043242328293
          ],
          [
            28.197446890069603,
            -25.750723670203914
          ],
          [
            28.1974938950814,
            -25.750870932179733
          ],
          [
            28.197516017197497,
            -25.750914386136746
          ],
          [
            28.197539075256834,
            -25.75096480339462
          ],
          [
            28.19757192536035,
            -25.751014964115686
          ],
          [
            28.1975926142951,
            -25.75105308121079
          ],
          [
            28.197622114847885,
            -25.751097424255466
          ],
          [
            28.197649281550156,
            -25.7511357837329
          ],
          [
            28.19768326661829,
            -25.751179912286833
          ],
          [
            28.197713886042948,
            -25.751214828401842
          ],
          [
            28.197745303033347,
            -25.75124867481038
          ],
          [
            28.197786442437252,
            -25.751287588721045
          ],
          [
            28.19782052223831,
            -25.751317628173915
          ],
          [
            28.19791258088963,
            -25.751392287530923
          ],
          [
            28.197971408840058,
            -25.751428313925995
          ],
          [
            28.198030796923984,
            -25.751459447678293
          ],
          [
            28.198092638213073,
            -25.751478654416612
          ],
          [
            28.198133424756076,
            -25.75149177538475
          ],
          [
            28.19824733638059,
            -25.75153221273548
          ],
          [
            28.19832737979294,
            -25.75155056464635
          ],
          [
            28.19849869743092,
            -25.75156392572766
          ],
          [
            28.1986555082059,
            -25.751577923437257
          ],
          [
            28.198822030262573,
            -25.751598661779255
          ],
          [
            28.19886338561535,
            -25.751605456640032
          ],
          [
            28.198925827427356,
            -25.751613919970502
          ],
          [
            28.19897903937439,
            -25.75162233159737
          ],
          [
            28.19902249101711,
            -25.751631167893706
          ],
          [
            28.19906672438587,
            -25.751641441806687
          ],
          [
            28.19910936488452,
            -25.751653378561333
          ],
          [
            28.199162532019376,
            -25.751668477242347
          ],
          [
            28.199220946772797,
            -25.751687425471403
          ],
          [
            28.199267703965337,
            -25.75170465600682
          ],
          [
            28.199323252596344,
            -25.751728466989903
          ],
          [
            28.199368216523673,
            -25.75174781957519
          ],
          [
            28.199410802665206,
            -25.751767874835533
          ],
          [
            28.19971984731374,
            -25.75192778783782
          ],
          [
            28.199921433973785,
            -25.752028600506396
          ],
          [
            28.200292170551815,
            -25.752187179664684
          ],
          [
            28.200260796188932,
            -25.752173759878158
          ],
          [
            28.200411054289937,
            -25.752233684660254
          ],
          [
            28.200554832783915,
            -25.752298720342743
          ],
          [
            28.200652684669173,
            -25.752335557446518
          ],
          [
            28.200730547199548,
            -25.75236464244133
          ],
          [
            28.200810505885467,
            -25.752395649705786
          ],
          [
            28.200910487010848,
            -25.752429632568262
          ],
          [
            28.20096941147911,
            -25.752451448660025
          ],
          [
            28.20105571817211,
            -25.752479624869583
          ],
          [
            28.20113781888007,
            -25.752505867147153
          ],
          [
            28.201223118522584,
            -25.752527112078468
          ],
          [
            28.201302874039854,
            -25.752549042311525
          ],
          [
            28.201384705034457,
            -25.75256227649581
          ],
          [
            28.20147048393016,
            -25.752582513901938
          ],
          [
            28.201556772043347,
            -25.752601129369005
          ],
          [
            28.201779500176624,
            -25.752651241719533
          ],
          [
            28.201958017339475,
            -25.752692580043743
          ],
          [
            28.20210247715219,
            -25.752734919348654
          ],
          [
            28.20218538238714,
            -25.752759254644698
          ],
          [
            28.20225510297119,
            -25.752783517658536
          ],
          [
            28.20265350501272,
            -25.752950481398106
          ]
        ]
      }
    },
    {
      "type": "Feature",
      "properties": {
        "id": "7",
        "name": "Line 1A",
        "network": "A Re Yeng"
      },
      "geometry": {
        "type": "LineString",
        "coordinates": [
          [
            28.188242120225805,
            -25.74766748961193
          ],
          [
            28.188224798129795,
            -25.747443489710218
          ],
          [
            28.188209716811123,
            -25.747256988152923
          ],
          [
            28.18820278222157,
            -25.747175747129788
          ],
          [
            28.188193896986487,
            -25.74710143261181
          ],
          [
            28.188196208042736,
            -25.74707183300897
          ],
          [
            28.188202737706792,
            -25.747042256019782
          ],
          [
            28.188218206796684,
            -25.74701655046822
          ],
          [
            28.18824691506156,
            -25.746982798926602
          ],
          [
            28.18827663551109,
            -25.74695526290576
          ],
          [
            28.1883052431311,
            -25.746936317034283
          ],
          [
            28.188338595912438,
            -25.746917636793032
          ],
          [
            28.188383076423488,
            -25.74689113796411
          ],
          [
            28.18842388175096,
            -25.746862229458632
          ],
          [
            28.188465227234538,
            -25.746831414050522
          ],
          [
            28.188502884545656,
            -25.746800100603245
          ],
          [
            28.188537934041264,
            -25.74676447443533
          ],
          [
            28.188568211775884,
            -25.746732641472473
          ],
          [
            28.188595335653886,
            -25.74669912021865
          ],
          [
            28.188622484847087,
            -25.746662016682357
          ],
          [
            28.188643272200814,
            -25.746629654254036
          ],
          [
            28.188665160359573,
            -25.746590610594247
          ],
          [
            28.188683923243648,
            -25.746545818011683
          ],
          [
            28.18869844706823,
            -25.746503867564613
          ],
          [
            28.188709272377555,
            -25.746463091553778
          ],
          [
            28.188718095569754,
            -25.746406303100922
          ],
          [
            28.188718103617877,
            -25.74632749445779
          ],
          [
            28.188712136947718,
            -25.74627420603042
          ],
          [
            28.188708229787593,
            -25.746228332198648
          ],
          [
            28.188702902242696,
            -25.746158568567626
          ],
          [
            28.188693148460086,
            -25.74604173497418
          ],
          [
            28.188687739831114,
            -25.745983911381508
          ],
          [
            28.188682803247787,
            -25.745934211108004
          ],
          [
            28.18867774439501,
            -25.745902659628808
          ],
          [
            28.188664239941133,
            -25.745872016048942
          ],
          [
            28.188641711157363,
            -25.745850158643016
          ],
          [
            28.188617565735935,
            -25.745833307070995
          ],
          [
            28.188570727718133,
            -25.745818717338896
          ],
          [
            28.188502718045175,
            -25.745815472637712
          ],
          [
            28.188406174692037,
            -25.74582018868075
          ],
          [
            28.18825844172667,
            -25.745829873377296
          ],
          [
            28.188203580232923,
            -25.74583195495231
          ],
          [
            28.18815561222219,
            -25.745828344329603
          ],
          [
            28.188119283206348,
            -25.745819544544176
          ],
          [
            28.188089850933515,
            -25.745804574216244
          ],
          [
            28.188063616299246,
            -25.74578484515245
          ],
          [
            28.18804690339147,
            -25.745760870991273
          ],
          [
            28.188038100414943,
            -25.74573694002662
          ],
          [
            28.188032494069223,
            -25.745708251229015
          ],
          [
            28.188027954453478,
            -25.745677753250636
          ],
          [
            28.188004690068883,
            -25.745415048259918
          ],
          [
            28.18794440182421,
            -25.744780185385608
          ],
          [
            28.187921198432463,
            -25.744508405957987
          ],
          [
            28.18788202591898,
            -25.744064591297136
          ],
          [
            28.187868570914993,
            -25.7439104821848
          ],
          [
            28.187860283278862,
            -25.743771923893945
          ],
          [
            28.187854698515952,
            -25.74362382845756
          ],
          [
            28.18785631732113,
            -25.74357965702364
          ],
          [
            28.18785324267195,
            -25.743450083392396
          ],
          [
            28.18785367288619,
            -25.743386800899096
          ],
          [
            28.187828008488818,
            -25.74308933504023
          ],
          [
            28.18780980339662,
            -25.742858181461916
          ],
          [
            28.187789038578586,
            -25.74261566972372
          ],
          [
            28.187779271268763,
            -25.742500985050533
          ],
          [
            28.18776354898039,
            -25.742292533052453
          ],
          [
            28.187751420832555,
            -25.742137236256024
          ],
          [
            28.187741384697556,
            -25.7420619539848
          ],
          [
            28.18772352919932,
            -25.741973493467718
          ],
          [
            28.187709452519055,
            -25.741910726677343
          ],
          [
            28.187690619595568,
            -25.741772109533972
          ],
          [
            28.187657666270535,
            -25.74138325709962
          ],
          [
            28.18764059743519,
            -25.741178976592334
          ],
          [
            28.18761257305616,
            -25.740840899408088
          ],
          [
            28.187594116913065,
            -25.740646759982727
          ],
          [
            28.187578293612685,
            -25.740453232757684
          ],
          [
            28.187537439469374,
            -25.740063142032255
          ],
          [
            28.187498880374108,
            -25.739723215264807
          ],
          [
            28.18747016644197,
            -25.73948662976088
          ],
          [
            28.187449095140632,
            -25.739289490802356
          ],
          [
            28.187435526382345,
            -25.7391520970962
          ],
          [
            28.18743610093707,
            -25.73905559336326
          ],
          [
            28.187386358667926,
            -25.73846043177492
          ],
          [
            28.187352150250724,
            -25.73806249648353
          ],
          [
            28.187328848551125,
            -25.737805642521902
          ],
          [
            28.187297981701782,
            -25.737497997624775
          ],
          [
            28.187275802687996,
            -25.737269807472323
          ],
          [
            28.18725723071841,
            -25.737092980970363
          ],
          [
            28.187236256526095,
            -25.73688151459104
          ],
          [
            28.187225447793526,
            -25.736726225022327
          ],
          [
            28.18721436295613,
            -25.736611532888155
          ],
          [
            28.187209503603423,
            -25.736550608209377
          ],
          [
            28.1871985568579,
            -25.736415617352662
          ],
          [
            28.18718633135834,
            -25.736274649556876
          ],
          [
            28.187174123129378,
            -25.73613129267013
          ],
          [
            28.18716443391432,
            -25.73600526442605
          ],
          [
            28.187155928084934,
            -25.735898945654693
          ],
          [
            28.187155308162886,
            -25.735796252404196
          ],
          [
            28.18715468924196,
            -25.735693558255292
          ],
          [
            28.187160676426082,
            -25.735588514489525
          ],
          [
            28.187170579114117,
            -25.73548946146857
          ],
          [
            28.187177742526114,
            -25.73540531947083
          ],
          [
            28.18719021694302,
            -25.735315834824714
          ],
          [
            28.187210705140597,
            -25.735210871056676
          ],
          [
            28.187229835328655,
            -25.735111869509016
          ],
          [
            28.187254190220926,
            -25.735020062854506
          ],
          [
            28.187278491303243,
            -25.734936016456366
          ],
          [
            28.187310990792543,
            -25.734809626040065
          ],
          [
            28.187348706825997,
            -25.734691623700343
          ],
          [
            28.187384982635816,
            -25.734591524527065
          ],
          [
            28.187423895105795,
            -25.73449144004922
          ],
          [
            28.18745741635716,
            -25.734408639180437
          ],
          [
            28.187493504282546,
            -25.734336002365584
          ],
          [
            28.18757229001766,
            -25.73418837728425
          ],
          [
            28.187629624737983,
            -25.734093171138234
          ],
          [
            28.187713601412366,
            -25.733957515425516
          ],
          [
            28.187753539607225,
            -25.733900422938024
          ],
          [
            28.18780810344084,
            -25.7338249041432
          ],
          [
            28.187857342047252,
            -25.733757117106112
          ],
          [
            28.187889256403736,
            -25.733716696019055
          ],
          [
            28.1879690107313,
            -25.733620421462632
          ],
          [
            28.188044711543768,
            -25.7335384521579
          ],
          [
            28.188112422029718,
            -25.73346837969512
          ],
          [
            28.188176144942798,
            -25.733403061543527
          ],
          [
            28.188242508542405,
            -25.733337160554246
          ],
          [
            28.18830749290727,
            -25.73328020655512
          ],
          [
            28.188381745181044,
            -25.733217335255862
          ],
          [
            28.188501054302932,
            -25.733120085700868
          ],
          [
            28.188755555933987,
            -25.732916123402592
          ],
          [
            28.188858963290187,
            -25.73283072640631
          ],
          [
            28.18894511655021,
            -25.73276254697785
          ],
          [
            28.189033967159915,
            -25.73268542689966
          ],
          [
            28.18911092017753,
            -25.732613017109873
          ],
          [
            28.189189312938357,
            -25.732522704969202
          ],
          [
            28.189251871311914,
            -25.732434691144118
          ],
          [
            28.189310562659834,
            -25.73233352201685
          ],
          [
            28.18934803697998,
            -25.732250742650443
          ],
          [
            28.18938422935026,
            -25.732162582952864
          ],
          [
            28.18940985068652,
            -25.732077946854545
          ],
          [
            28.1894275143916,
            -25.732000430424854
          ],
          [
            28.189439937121936,
            -25.731918109168284
          ],
          [
            28.189448438222005,
            -25.73183098952378
          ],
          [
            28.18945029906841,
            -25.731750996883328
          ],
          [
            28.189446785368535,
            -25.731685900663077
          ],
          [
            28.18943682271637,
            -25.73159987243351
          ],
          [
            28.18940754669695,
            -25.73144567426914
          ],
          [
            28.189354209420458,
            -25.731146263448903
          ],
          [
            28.189307167419653,
            -25.73089047065551
          ],
          [
            28.189263946931096,
            -25.730654401999452
          ],
          [
            28.189224506432662,
            -25.730444026159255
          ],
          [
            28.189151898445857,
            -25.73007047570482
          ],
          [
            28.189103547025656,
            -25.72981348139511
          ],
          [
            28.18906160408184,
            -25.729583389577968
          ],
          [
            28.189010852324607,
            -25.72929175445194
          ],
          [
            28.188968966424035,
            -25.729053303920537
          ],
          [
            28.188937250357508,
            -25.728870435342934
          ],
          [
            28.188909302947458,
            -25.728715050299652
          ],
          [
            28.18888771116921,
            -25.728576848261003
          ],
          [
            28.188863609357693,
            -25.728455085774137
          ],
          [
            28.18881153919509,
            -25.728163443212708
          ],
          [
            28.18876076829687,
            -25.72787479276445
          ],
          [
            28.188712377953287,
            -25.727623768776407
          ],
          [
            28.188672773153407,
            -25.727437870388936
          ],
          [
            28.188618964154372,
            -25.727208308949095
          ],
          [
            28.188589618159494,
            -25.727064857461453
          ],
          [
            28.188542234713005,
            -25.726859810337025
          ],
          [
            28.188514101798734,
            -25.726731888536595
          ],
          [
            28.188492299965517,
            -25.72664221184289
          ],
          [
            28.188470401898865,
            -25.726566863417407
          ],
          [
            28.18840847830156,
            -25.72636770597523
          ],
          [
            28.18831434547312,
            -25.72606548147468
          ],
          [
            28.188217549134276,
            -25.72575348765003
          ],
          [
            28.188127221497837,
            -25.725466407319434
          ],
          [
            28.18804332843935,
            -25.725202648115474
          ],
          [
            28.187993014073605,
            -25.725041168412815
          ],
          [
            28.18794788265854,
            -25.72489285224254
          ],
          [
            28.187872844069982,
            -25.72468406833119
          ],
          [
            28.187681579400937,
            -25.724119998685207
          ],
          [
            28.1875020985091,
            -25.723567934104455
          ],
          [
            28.1874083328684,
            -25.72328298413613
          ],
          [
            28.18697302855475,
            -25.721795118166433
          ],
          [
            28.186880512223645,
            -25.721509691917205
          ],
          [
            28.186265393216786,
            -25.71961192785252
          ],
          [
            28.186002926793066,
            -25.718791509113803
          ],
          [
            28.185699737866365,
            -25.71782128484227
          ],
          [
            28.185604869059755,
            -25.717517695064394
          ],
          [
            28.185560980943837,
            -25.71737724492475
          ],
          [
            28.185541284701355,
            -25.717305640597267
          ],
          [
            28.185523552247744,
            -25.717233613991638
          ],
          [
            28.185507794213695,
            -25.717161213005845
          ],
          [
            28.185494021272813,
            -25.71708847921984
          ],
          [
            28.185482242069067,
            -25.71701545961777
          ],
          [
            28.185472462281904,
            -25.716942197556737
          ],
          [
            28.185464689564974,
            -25.716868739112527
          ],
          [
            28.18545892761109,
            -25.716795126728417
          ],
          [
            28.185455180057712,
            -25.71672141097064
          ],
          [
            28.18545344861718,
            -25.716647632465957
          ],
          [
            28.185453735961357,
            -25.71657383726207
          ],
          [
            28.185456041772973,
            -25.71650007138989
          ],
          [
            28.185460363748316,
            -25.716426379966464
          ],
          [
            28.185466697603268,
            -25.7163528062926
          ],
          [
            28.18547504300224,
            -25.716279399106604
          ],
          [
            28.18548539366236,
            -25.716206202600546
          ],
          [
            28.185497740317942,
            -25.71613326004706
          ],
          [
            28.185512079675263,
            -25.71606061565475
          ],
          [
            28.18569456559989,
            -25.715441782614093
          ],
          [
            28.185764559384445,
            -25.71522843542736
          ],
          [
            28.18580360458942,
            -25.71510805222777
          ],
          [
            28.18583464737094,
            -25.715001356518755
          ],
          [
            28.18586188700327,
            -25.71487254924909
          ],
          [
            28.1858866355714,
            -25.714722234368832
          ],
          [
            28.18591175887501,
            -25.714516994559574
          ],
          [
            28.185957765396555,
            -25.714148282658673
          ],
          [
            28.185984189315445,
            -25.71394543836837
          ],
          [
            28.186019074424905,
            -25.71366144402653
          ],
          [
            28.186048440029158,
            -25.713413838885923
          ],
          [
            28.18607359421726,
            -25.713203822597862
          ],
          [
            28.186090409987493,
            -25.71305704577533
          ],
          [
            28.186108572272218,
            -25.712906096509183
          ],
          [
            28.18613923427786,
            -25.71266148346624
          ],
          [
            28.186178332835713,
            -25.71233930263509
          ],
          [
            28.186216226757455,
            -25.712000397930648
          ],
          [
            28.186248352564327,
            -25.711734299299806
          ],
          [
            28.186288995959075,
            -25.71137869276864
          ],
          [
            28.186336520943957,
            -25.710980138116163
          ],
          [
            28.186372835930527,
            -25.710679434402532
          ],
          [
            28.18640086862071,
            -25.710433612390773
          ],
          [
            28.186424675896205,
            -25.71022776747297
          ],
          [
            28.186444183727826,
            -25.71007264744817
          ],
          [
            28.186467954304074,
            -25.709872175506298
          ],
          [
            28.186502796200024,
            -25.709594151333018
          ],
          [
            28.186544552061356,
            -25.70926840262746
          ],
          [
            28.186562644055968,
            -25.709127602595352
          ],
          [
            28.186584868821914,
            -25.708960557134475
          ],
          [
            28.186608337553448,
            -25.708804264106227
          ],
          [
            28.1866709425463,
            -25.708513856668276
          ],
          [
            28.186700822866957,
            -25.70838386967238
          ],
          [
            28.186736129603833,
            -25.708231225985415
          ],
          [
            28.186762152954397,
            -25.708086887710955
          ],
          [
            28.186780001014814,
            -25.70798190881198
          ],
          [
            28.186795529386192,
            -25.707830348915593
          ],
          [
            28.186809455602162,
            -25.70771236687936
          ],
          [
            28.186826945811937,
            -25.707573093332144
          ],
          [
            28.186848203449415,
            -25.707393145078548
          ],
          [
            28.186892864543296,
            -25.707027530781566
          ],
          [
            28.186921810584654,
            -25.706802251464318
          ],
          [
            28.186938490810068,
            -25.706675103463322
          ],
          [
            28.186956321089255,
            -25.70653382528273
          ],
          [
            28.186966524404497,
            -25.70642880369873
          ],
          [
            28.18697248457528,
            -25.70632757917406
          ],
          [
            28.186974586773015,
            -25.706173316862532
          ],
          [
            28.186973267012803,
            -25.7059286784501
          ],
          [
            28.186976289053998,
            -25.705767628259018
          ],
          [
            28.18698541876057,
            -25.70566546644337
          ],
          [
            28.187003313699783,
            -25.705514635429385
          ],
          [
            28.18702330142751,
            -25.705366204370254
          ],
          [
            28.187035516276204,
            -25.705275522824206
          ],
          [
            28.18710023470537,
            -25.704750969521214
          ],
          [
            28.187167188062986,
            -25.704207800647723
          ],
          [
            28.187185051056773,
            -25.70406174597914
          ],
          [
            28.187263146123627,
            -25.703430372491276
          ],
          [
            28.18732570564652,
            -25.702912971763816
          ],
          [
            28.187360348781823,
            -25.702624676105202
          ],
          [
            28.187399514569886,
            -25.702291509160407
          ],
          [
            28.18743090998241,
            -25.702015614295632
          ],
          [
            28.187462241374572,
            -25.701749272225165
          ],
          [
            28.187492595435383,
            -25.70147146070401
          ],
          [
            28.18751387890082,
            -25.701287214105815
          ],
          [
            28.18753743338276,
            -25.701079099028675
          ],
          [
            28.187556511437638,
            -25.700909169881598
          ],
          [
            28.18757884318711,
            -25.700725884053238
          ],
          [
            28.18759345029557,
            -25.700593185006717
          ],
          [
            28.18761250224815,
            -25.700427075517783
          ],
          [
            28.187629088588672,
            -25.700313492028233
          ],
          [
            28.187655818556355,
            -25.700103483773283
          ],
          [
            28.18767704311568,
            -25.699927834997137
          ],
          [
            28.187689341071405,
            -25.69982473482837
          ],
          [
            28.187699458723507,
            -25.699732131543808
          ],
          [
            28.187704278520087,
            -25.699643319473235
          ],
          [
            28.187709008555398,
            -25.699567879900616
          ],
          [
            28.187709481761907,
            -25.699498149060396
          ],
          [
            28.187707865460023,
            -25.699425539905658
          ],
          [
            28.18770203871865,
            -25.699351952339633
          ],
          [
            28.18769417432794,
            -25.699267846193944
          ],
          [
            28.187681090914044,
            -25.699176068614996
          ],
          [
            28.187667858424494,
            -25.699106260519127
          ],
          [
            28.18764736179453,
            -25.699019218226212
          ],
          [
            28.187619608537105,
            -25.69891398501322
          ],
          [
            28.187584519883302,
            -25.6988020244272
          ],
          [
            28.187543035131817,
            -25.69870053542515
          ],
          [
            28.187495281967443,
            -25.698590414169203
          ],
          [
            28.1874474390991,
            -25.698493667203667
          ],
          [
            28.187396375038226,
            -25.69840549868595
          ],
          [
            28.187350471662583,
            -25.698333598585386
          ],
          [
            28.18730558340774,
            -25.698267434769374
          ],
          [
            28.1872199286149,
            -25.698149460734946
          ],
          [
            28.18708516260216,
            -25.697966255088645
          ],
          [
            28.186968163712713,
            -25.69780607455503
          ],
          [
            28.186853267574097,
            -25.697646860611467
          ],
          [
            28.186763428258008,
            -25.69752408639486
          ],
          [
            28.18669345915685,
            -25.697425304979546
          ],
          [
            28.186607791583086,
            -25.697309240436276
          ],
          [
            28.186477211813457,
            -25.69713083417938
          ],
          [
            28.186392593115585,
            -25.69701573122318
          ],
          [
            28.18632162809479,
            -25.69690834585882
          ],
          [
            28.18624876955764,
            -25.696769426402028
          ],
          [
            28.18619698979914,
            -25.696631580398215
          ],
          [
            28.186178486637736,
            -25.69656174365474
          ],
          [
            28.18616595283563,
            -25.696505532556074
          ],
          [
            28.18614861204948,
            -25.69639763130163
          ],
          [
            28.186145804730337,
            -25.696345315066846
          ],
          [
            28.186145608947218,
            -25.696257908373212
          ],
          [
            28.186147603270154,
            -25.696173808410677
          ],
          [
            28.18615848670927,
            -25.696085030206554
          ],
          [
            28.18617644295792,
            -25.696002739683298
          ],
          [
            28.186258298284237,
            -25.69570981175652
          ],
          [
            28.18630681071669,
            -25.69555282328514
          ],
          [
            28.186340003241654,
            -25.69543909334069
          ],
          [
            28.18637011176001,
            -25.695313883991915
          ],
          [
            28.18639288922571,
            -25.695196871816258
          ],
          [
            28.186406232871175,
            -25.69509521177575
          ],
          [
            28.186414811294597,
            -25.694996390018964
          ],
          [
            28.186418750636356,
            -25.694882139415444
          ],
          [
            28.186421627706867,
            -25.69457515852424
          ],
          [
            28.18642463618128,
            -25.69424883461017
          ],
          [
            28.186429033220193,
            -25.69395081782538
          ],
          [
            28.186429473918775,
            -25.693769559898524
          ],
          [
            28.18643263001458,
            -25.69365415859621
          ],
          [
            28.186441262820754,
            -25.69354745646856
          ],
          [
            28.186454717170598,
            -25.69342931814016
          ],
          [
            28.186474535990214,
            -25.693305483762202
          ],
          [
            28.18650801682535,
            -25.69314934188984
          ],
          [
            28.186532384499447,
            -25.69305419060601
          ],
          [
            28.186564756897713,
            -25.69294475509284
          ],
          [
            28.18659303537991,
            -25.692856073822874
          ],
          [
            28.18662075900069,
            -25.692777062678765
          ],
          [
            28.186653458761835,
            -25.69269127001912
          ],
          [
            28.186672732185762,
            -25.692647675125198
          ],
          [
            28.186700005463834,
            -25.692590510832797
          ],
          [
            28.186744885051844,
            -25.692502280432418
          ],
          [
            28.186843438659796,
            -25.692311538842464
          ],
          [
            28.18696767678999,
            -25.69206469987374
          ],
          [
            28.1871176082969,
            -25.6917601153394
          ],
          [
            28.187154442303456,
            -25.691692258706386
          ],
          [
            28.187193769654602,
            -25.691606503738857
          ],
          [
            28.18722832802969,
            -25.691524305529843
          ],
          [
            28.187258084406793,
            -25.691450677876347
          ],
          [
            28.187291910114595,
            -25.691359877339764
          ],
          [
            28.18732093382579,
            -25.69127764826385
          ],
          [
            28.187344394298833,
            -25.69119961418621
          ],
          [
            28.1873718176218,
            -25.691120241954884
          ],
          [
            28.1873865161069,
            -25.691051545252265
          ],
          [
            28.187405211977364,
            -25.6909764225987
          ],
          [
            28.187419950312183,
            -25.690901994562992
          ],
          [
            28.187437172232165,
            -25.690811101478207
          ],
          [
            28.187449586353768,
            -25.69072949650289
          ],
          [
            28.18746131748411,
            -25.690632124604228
          ],
          [
            28.18746973953503,
            -25.690556156727016
          ],
          [
            28.187475028545304,
            -25.690475944489823
          ],
          [
            28.18747844530885,
            -25.69038067627701
          ],
          [
            28.18747859130354,
            -25.690300435387577
          ],
          [
            28.187479143040505,
            -25.69021912175334
          ],
          [
            28.187474942939453,
            -25.69013885665168
          ],
          [
            28.187470719531518,
            -25.690062173863947
          ],
          [
            28.187464123367782,
            -25.68998547695494
          ],
          [
            28.1874549703206,
            -25.68991270658073
          ],
          [
            28.18744603156975,
            -25.689831698408156
          ],
          [
            28.18742618434653,
            -25.689726987495312
          ],
          [
            28.18740628026015,
            -25.689630514350835
          ],
          [
            28.18738707231815,
            -25.68954801652597
          ],
          [
            28.18736008947301,
            -25.689446130721088
          ],
          [
            28.187326834800384,
            -25.68933632931037
          ],
          [
            28.187291949735293,
            -25.689233682794764
          ],
          [
            28.187250021399045,
            -25.689120251495662
          ],
          [
            28.187208807741985,
            -25.68901821506008
          ],
          [
            28.187155829193337,
            -25.68890185548017
          ],
          [
            28.18710284201187,
            -25.688786929172053
          ],
          [
            28.18705291059654,
            -25.688687781189753
          ],
          [
            28.187000617244287,
            -25.68858718758953
          ],
          [
            28.186956123107784,
            -25.688502398757745
          ],
          [
            28.186905277578013,
            -25.688404847756903
          ],
          [
            28.186888478363638,
            -25.688380225781287
          ],
          [
            28.18685725561892,
            -25.688320587112486
          ],
          [
            28.186797802607042,
            -25.688226400846514
          ],
          [
            28.18672037686194,
            -25.688100877848075
          ],
          [
            28.1866514886642,
            -25.687998759162994
          ],
          [
            28.186529316105553,
            -25.687825772109374
          ],
          [
            28.186460307559393,
            -25.687741563085893
          ],
          [
            28.186370911869428,
            -25.687632165004903
          ],
          [
            28.186250083359454,
            -25.687494292100183
          ],
          [
            28.186147270994383,
            -25.687381236593275
          ],
          [
            28.186042077372292,
            -25.687269600164857
          ],
          [
            28.185870832824822,
            -25.687104220303326
          ],
          [
            28.185560391447638,
            -25.686806320502065
          ],
          [
            28.185293415276178,
            -25.686554922302932
          ],
          [
            28.185166167851765,
            -25.686430983216848
          ],
          [
            28.18504683742263,
            -25.686305654913546
          ],
          [
            28.184931450973878,
            -25.68618178189115
          ],
          [
            28.184841227933315,
            -25.686078108923102
          ],
          [
            28.184785857629073,
            -25.68601174314757
          ],
          [
            28.18469568459583,
            -25.68590090728634
          ],
          [
            28.184616648412803,
            -25.68580338659229
          ],
          [
            28.18454928168365,
            -25.685710588538814
          ],
          [
            28.184460743545056,
            -25.68559188011542
          ],
          [
            28.184398136041228,
            -25.68549695949472
          ],
          [
            28.184311226341322,
            -25.685371453531985
          ],
          [
            28.18422835466573,
            -25.68523343289584
          ],
          [
            28.184179066667248,
            -25.685156497990477
          ],
          [
            28.18412119563197,
            -25.685062677843884
          ],
          [
            28.18407202002258,
            -25.68496926464486
          ],
          [
            28.184027091981584,
            -25.68488359427905
          ],
          [
            28.184005667128538,
            -25.684843874383134
          ],
          [
            28.183950282741826,
            -25.684733231760163
          ],
          [
            28.183884016522697,
            -25.684595303821638
          ],
          [
            28.18382241710689,
            -25.684468506731335
          ],
          [
            28.183767839579478,
            -25.68435571944794
          ],
          [
            28.183710098619105,
            -25.684242914443292
          ],
          [
            28.183661004215892,
            -25.68413768012418
          ],
          [
            28.183618968687576,
            -25.684040725186442
          ],
          [
            28.18357704554039,
            -25.683927291977604
          ],
          [
            28.183546897229515,
            -25.683826462763683
          ],
          [
            28.183514531155712,
            -25.683703052355977
          ],
          [
            28.183492403512123,
            -25.683585431698823
          ],
          [
            28.183469668167838,
            -25.683440940647856
          ],
          [
            28.18346095223844,
            -25.683327693261532
          ],
          [
            28.183457105113575,
            -25.68319620436643
          ],
          [
            28.18345885706359,
            -25.68305507447479
          ],
          [
            28.18347334302839,
            -25.682901836078244
          ],
          [
            28.183493843850144,
            -25.682794126327863
          ],
          [
            28.18351438126136,
            -25.682681042656824
          ],
          [
            28.1835396164593,
            -25.682574648314223
          ],
          [
            28.183573536022067,
            -25.682470236850783
          ],
          [
            28.183595154088245,
            -25.68239178771647
          ],
          [
            28.183626740296965,
            -25.682320320059407
          ],
          [
            28.183646636469803,
            -25.682272357654302
          ],
          [
            28.183721413914874,
            -25.682118358095323
          ],
          [
            28.183807760564996,
            -25.681965122736045
          ],
          [
            28.183863008594884,
            -25.681876275015405
          ],
          [
            28.18396728596638,
            -25.68172487647078
          ],
          [
            28.183976005570006,
            -25.681702238218595
          ],
          [
            28.183973500152884,
            -25.681683118725047
          ],
          [
            28.183966943094322,
            -25.681672705680327
          ],
          [
            28.183885559676707,
            -25.681631878649135
          ],
          [
            28.18387435498985,
            -25.681632413496235
          ],
          [
            28.183862487853453,
            -25.68163354035723
          ],
          [
            28.183851761387523,
            -25.681635522951417
          ],
          [
            28.18384264257385,
            -25.68163941181803
          ],
          [
            28.183832741718458,
            -25.68164770283583
          ],
          [
            28.18381944290207,
            -25.68166553976845
          ],
          [
            28.183774031245502,
            -25.681754841460542
          ],
          [
            28.183700968160647,
            -25.68189659505636
          ],
          [
            28.18362858893269,
            -25.682049060060752
          ],
          [
            28.18356006188943,
            -25.68221504777245
          ],
          [
            28.1835413087154,
            -25.682270828623764
          ],
          [
            28.18348948096581,
            -25.682428928899228
          ],
          [
            28.18345813831735,
            -25.68254195209445
          ],
          [
            28.183435468795373,
            -25.682658606271314
          ],
          [
            28.183418961853953,
            -25.682760391997146
          ],
          [
            28.183400595722812,
            -25.682902862236347
          ],
          [
            28.183389374735896,
            -25.68304107334977
          ],
          [
            28.18338921078946,
            -25.68318113712378
          ],
          [
            28.183394218125454,
            -25.683293657015184
          ],
          [
            28.183402664704605,
            -25.683411191181023
          ],
          [
            28.183416879107234,
            -25.683529842563093
          ],
          [
            28.183437424902884,
            -25.68364745527952
          ],
          [
            28.183460339943277,
            -25.683765438685246
          ],
          [
            28.1834911310974,
            -25.68388812271622
          ],
          [
            28.183539949346656,
            -25.684033834741385
          ],
          [
            28.183583419081963,
            -25.68415229149652
          ],
          [
            28.18363013688957,
            -25.684258228307737
          ],
          [
            28.183679199577405,
            -25.684368119005487
          ],
          [
            28.183725261922646,
            -25.684454350023497
          ],
          [
            28.18376587212239,
            -25.6845283716518
          ],
          [
            28.183851784746285,
            -25.684683962546444
          ],
          [
            28.183928315866837,
            -25.684824097930452
          ],
          [
            28.183987674690627,
            -25.68493153777985
          ],
          [
            28.184064240283142,
            -25.68506665840497
          ],
          [
            28.184114284901533,
            -25.685148612461344
          ],
          [
            28.18417293610828,
            -25.6852438694099
          ],
          [
            28.184226100511793,
            -25.685332289999483
          ],
          [
            28.184296535653623,
            -25.685438717564264
          ],
          [
            28.18435914060644,
            -25.68553399654776
          ],
          [
            28.18443589236735,
            -25.685641892703842
          ],
          [
            28.184499325011316,
            -25.685731803039754
          ],
          [
            28.184565954470198,
            -25.685816716337204
          ],
          [
            28.184641027398047,
            -25.68591564643958
          ],
          [
            28.184717091168647,
            -25.68600849305882
          ],
          [
            28.18478453621183,
            -25.686089828372168
          ],
          [
            28.184873194488677,
            -25.686190984287315
          ],
          [
            28.185018857865202,
            -25.686350634336826
          ],
          [
            28.18510915826231,
            -25.686442843625265
          ],
          [
            28.18520966925611,
            -25.686545140557758
          ],
          [
            28.18532044938287,
            -25.686648927211397
          ],
          [
            28.185577354971105,
            -25.686891231338937
          ],
          [
            28.185827956830494,
            -25.687130489648894
          ],
          [
            28.185922229000045,
            -25.68722021317432
          ],
          [
            28.186029017890053,
            -25.687329708580165
          ],
          [
            28.186179734178292,
            -25.687491033855718
          ],
          [
            28.186261351515515,
            -25.68758140323395
          ],
          [
            28.186372754066987,
            -25.687710267891944
          ],
          [
            28.1864590032176,
            -25.68781714098196
          ],
          [
            28.186524030056088,
            -25.687905626915533
          ],
          [
            28.18661175376252,
            -25.688028341663912
          ],
          [
            28.186673573403656,
            -25.688123256966527
          ],
          [
            28.186729102902923,
            -25.68821312229167
          ],
          [
            28.186860084922532,
            -25.68843953302239
          ],
          [
            28.18692725552614,
            -25.688561702465613
          ],
          [
            28.18697252598597,
            -25.68864864473865
          ],
          [
            28.18701546753646,
            -25.688729126699577
          ],
          [
            28.18706148427395,
            -25.68882252042278
          ],
          [
            28.187103558222628,
            -25.688914459722092
          ],
          [
            28.187144826725678,
            -25.68900854452937
          ],
          [
            28.187165838941944,
            -25.68905809647557
          ],
          [
            28.18720085951796,
            -25.689140754653806
          ],
          [
            28.187235802833694,
            -25.68923480328625
          ],
          [
            28.187276129903246,
            -25.689351092344143
          ],
          [
            28.187314009929807,
            -25.689478472523177
          ],
          [
            28.187351704294848,
            -25.68963307607152
          ],
          [
            28.187375435543935,
            -25.68974819763281
          ],
          [
            28.187391436066918,
            -25.689837125808378
          ],
          [
            28.187402660035833,
            -25.689931043154576
          ],
          [
            28.187414092456613,
            -25.69001743843634
          ],
          [
            28.187420673010564,
            -25.690096284365463
          ],
          [
            28.18742487307455,
            -25.690176549468244
          ],
          [
            28.187425890001922,
            -25.690259662612032
          ],
          [
            28.18742640382345,
            -25.69030050299533
          ],
          [
            28.187425085432857,
            -25.690378229912284
          ],
          [
            28.187420564007653,
            -25.69046202886887
          ],
          [
            28.18741612908894,
            -25.69053293186743
          ],
          [
            28.187408497419973,
            -25.69060883283861
          ],
          [
            28.187395932084552,
            -25.690712718707506
          ],
          [
            28.187383503338644,
            -25.69079647360443
          ],
          [
            28.187369512165496,
            -25.690877354019175
          ],
          [
            28.187353954695727,
            -25.690956076599125
          ],
          [
            28.18733764031454,
            -25.691029779176088
          ],
          [
            28.18731416577844,
            -25.691109890073523
          ],
          [
            28.18730036852035,
            -25.691162186018673
          ],
          [
            28.187272896511484,
            -25.691248722851704
          ],
          [
            28.18724147666361,
            -25.691334521009537
          ],
          [
            28.187209222069484,
            -25.69142676272542
          ],
          [
            28.18717224327667,
            -25.691516112330035
          ],
          [
            28.18714332539707,
            -25.691582580652284
          ],
          [
            28.18708396903203,
            -25.69170691057501
          ],
          [
            28.186942065487784,
            -25.691993629417443
          ],
          [
            28.186796172532564,
            -25.692285483345344
          ],
          [
            28.186704773258533,
            -25.69247053324991
          ],
          [
            28.186670318859832,
            -25.69253732892191
          ],
          [
            28.186639824427242,
            -25.692603071664546
          ],
          [
            28.1866067936584,
            -25.692693159783193
          ],
          [
            28.186576177471505,
            -25.692776813142405
          ],
          [
            28.18655676284106,
            -25.692841184319374
          ],
          [
            28.186535656788195,
            -25.69292166660003
          ],
          [
            28.186509785143077,
            -25.693005346403417
          ],
          [
            28.18648632522819,
            -25.693083308105763
          ],
          [
            28.18646842809569,
            -25.693157002623266
          ],
          [
            28.186450582568284,
            -25.693223245511504
          ],
          [
            28.18643585790789,
            -25.693295524381266
          ],
          [
            28.186421163436293,
            -25.693363504305417
          ],
          [
            28.186408868994228,
            -25.693427199406816
          ],
          [
            28.18640126760644,
            -25.693498515211907
          ],
          [
            28.18639284023815,
            -25.693575127411737
          ],
          [
            28.186386765219773,
            -25.693654619408974
          ],
          [
            28.186381728435823,
            -25.693697577910317
          ],
          [
            28.186376936842983,
            -25.693820850736756
          ],
          [
            28.186373822362008,
            -25.694046513679968
          ],
          [
            28.186372356924007,
            -25.694262155158675
          ],
          [
            28.18636779660662,
            -25.694584172202674
          ],
          [
            28.186366314082782,
            -25.69480232100854
          ],
          [
            28.186363013717042,
            -25.69493878559226
          ],
          [
            28.18635851075835,
            -25.69501971877774
          ],
          [
            28.186350921872187,
            -25.695089171654324
          ],
          [
            28.186340858860657,
            -25.695173655355966
          ],
          [
            28.186323589134293,
            -25.69527135361005
          ],
          [
            28.186301741316743,
            -25.695367952216316
          ],
          [
            28.18627420423261,
            -25.695463802404316
          ],
          [
            28.186236728175444,
            -25.69559391328551
          ],
          [
            28.186178445453127,
            -25.695792281313842
          ],
          [
            28.186138547725836,
            -25.695922929235568
          ],
          [
            28.18611568695414,
            -25.69602883613312
          ],
          [
            28.186098071924633,
            -25.696138592127646
          ],
          [
            28.186093230676725,
            -25.696230269819843
          ],
          [
            28.18609274360113,
            -25.696301912308996
          ],
          [
            28.186105313600162,
            -25.696443201396427
          ],
          [
            28.186110377757032,
            -25.696499557651663
          ],
          [
            28.186126737530657,
            -25.69657268868501
          ],
          [
            28.186138005791793,
            -25.696622940943723
          ],
          [
            28.18616177097252,
            -25.696694240394464
          ],
          [
            28.18618352792564,
            -25.696750721393148
          ],
          [
            28.186213628636583,
            -25.69682062375595
          ],
          [
            28.186249019658543,
            -25.69688768895845
          ],
          [
            28.18629280642107,
            -25.696960533445928
          ],
          [
            28.186348112880502,
            -25.697044904379844
          ],
          [
            28.18644003761694,
            -25.69717103373009
          ],
          [
            28.18652151305007,
            -25.697283254255865
          ],
          [
            28.186610303474897,
            -25.697405066908065
          ],
          [
            28.186730461142307,
            -25.697565743718332
          ],
          [
            28.18693311361109,
            -25.697843898678308
          ],
          [
            28.187132652750286,
            -25.698114872030793
          ],
          [
            28.187237130227555,
            -25.69825587720043
          ],
          [
            28.187299772330693,
            -25.698346976070436
          ],
          [
            28.18734774471654,
            -25.698424619260376
          ],
          [
            28.187388382746793,
            -25.698495535063923
          ],
          [
            28.187433147937725,
            -25.698579846854415
          ],
          [
            28.187470558311077,
            -25.69866029692226
          ],
          [
            28.18750479284092,
            -25.69874264010102
          ],
          [
            28.187531744842282,
            -25.6988106138373
          ],
          [
            28.187552408923864,
            -25.698872820992097
          ],
          [
            28.187582335900675,
            -25.698968513153098
          ],
          [
            28.187605891674878,
            -25.699070857215602
          ],
          [
            28.18762841844059,
            -25.699169374812893
          ],
          [
            28.187642540581876,
            -25.699263546476075
          ],
          [
            28.187652389722423,
            -25.699365814169877
          ],
          [
            28.187657130042425,
            -25.69944417136932
          ],
          [
            28.18765877125214,
            -25.69951295903201
          ],
          [
            28.187658304490334,
            -25.699581735853553
          ],
          [
            28.18765349763114,
            -25.699668637179553
          ],
          [
            28.187644398271964,
            -25.699766501101575
          ],
          [
            28.18759969420275,
            -25.700139280719075
          ],
          [
            28.187579620726623,
            -25.700300607032908
          ],
          [
            28.187541832194693,
            -25.70058649703746
          ],
          [
            28.1875229227677,
            -25.700731591048903
          ],
          [
            28.187501483821418,
            -25.700938762063544
          ],
          [
            28.187495871418832,
            -25.70098888223445
          ],
          [
            28.187445440383105,
            -25.701428498401903
          ],
          [
            28.187366950622614,
            -25.702118235139736
          ],
          [
            28.18729966880672,
            -25.70271012055988
          ],
          [
            28.18724395759125,
            -25.70315066205378
          ],
          [
            28.187193686681617,
            -25.703566396847464
          ],
          [
            28.18713669348163,
            -25.704040364466113
          ],
          [
            28.187064237617122,
            -25.70461741441206
          ],
          [
            28.187000595864486,
            -25.705138630463733
          ],
          [
            28.186982746418423,
            -25.705282775245927
          ],
          [
            28.186952707967823,
            -25.70551378007638
          ],
          [
            28.18691591155321,
            -25.705808272499215
          ],
          [
            28.1868883768306,
            -25.705981020024332
          ],
          [
            28.186849978303478,
            -25.706200993485115
          ],
          [
            28.18681793409876,
            -25.70641670236223
          ],
          [
            28.186782317648678,
            -25.7066925733393
          ],
          [
            28.18675213554812,
            -25.70694459350611
          ],
          [
            28.186732043288984,
            -25.707108307699077
          ],
          [
            28.186695229494084,
            -25.707405188177475
          ],
          [
            28.186678387867634,
            -25.707556024979045
          ],
          [
            28.186661728196327,
            -25.707698114750897
          ],
          [
            28.18664687938776,
            -25.707830587445095
          ],
          [
            28.18662024720683,
            -25.70806447687569
          ],
          [
            28.186583779601502,
            -25.70838786688342
          ],
          [
            28.18655005345924,
            -25.708695749178187
          ],
          [
            28.186537460152095,
            -25.708803145644676
          ],
          [
            28.186502537438233,
            -25.709093109957855
          ],
          [
            28.186468843306358,
            -25.709396216698565
          ],
          [
            28.18643374970147,
            -25.709711256151902
          ],
          [
            28.186416882165627,
            -25.709865794297947
          ],
          [
            28.186391713218647,
            -25.710078198068427
          ],
          [
            28.186366510686128,
            -25.71029537912104
          ],
          [
            28.18631474355693,
            -25.71073629912558
          ],
          [
            28.186257460921436,
            -25.7112130117251
          ],
          [
            28.18619584070244,
            -25.71174582032621
          ],
          [
            28.186127240356114,
            -25.712335906104155
          ],
          [
            28.18608946384808,
            -25.71265749677757
          ],
          [
            28.1860587611187,
            -25.712908080302338
          ],
          [
            28.18602520668661,
            -25.71319029135394
          ],
          [
            28.185991761769007,
            -25.713456382500517
          ],
          [
            28.185956872609108,
            -25.713740973441727
          ],
          [
            28.18591514474179,
            -25.714061945304227
          ],
          [
            28.185894033854964,
            -25.71425884943312
          ],
          [
            28.18585232184648,
            -25.714577433952005
          ],
          [
            28.185832731072544,
            -25.714744493849306
          ],
          [
            28.18581075588716,
            -25.71487452556892
          ],
          [
            28.18578766669813,
            -25.71497469836416
          ],
          [
            28.18576331521772,
            -25.71506650599762
          ],
          [
            28.185740396643936,
            -25.715141603615777
          ],
          [
            28.18569331647022,
            -25.7152804506856
          ],
          [
            28.18564354804358,
            -25.715427043296877
          ],
          [
            28.185544200600084,
            -25.715681673922333
          ],
          [
            28.1853774426402,
            -25.716153145430255
          ],
          [
            28.185367028132447,
            -25.716229124295882
          ],
          [
            28.18535856316893,
            -25.716305301797593
          ],
          [
            28.185352051018945,
            -25.716381637336898
          ],
          [
            28.18534749696915,
            -25.716458086716134
          ],
          [
            28.185344901275325,
            -25.716534612930282
          ],
          [
            28.185344268209363,
            -25.716611174483656
          ],
          [
            28.18534559409089,
            -25.716687727128228
          ],
          [
            28.185348883185707,
            -25.716764230270723
          ],
          [
            28.185354129777675,
            -25.716840645969853
          ],
          [
            28.185361332185238,
            -25.716916929085897
          ],
          [
            28.18537048768743,
            -25.71699304079153
          ],
          [
            28.18538159059264,
            -25.717068939534915
          ],
          [
            28.185394634206745,
            -25.717144584661142
          ],
          [
            28.185409611847835,
            -25.717219933710087
          ],
          [
            28.185426515806864,
            -25.717294948728824
          ],
          [
            28.18549424928704,
            -25.717503877248706
          ],
          [
            28.185589181122243,
            -25.717796704810937
          ],
          [
            28.18618160458395,
            -25.719624040469586
          ],
          [
            28.186378920925748,
            -25.720245051426485
          ],
          [
            28.186782540383486,
            -25.721515332583113
          ],
          [
            28.186867954326413,
            -25.721784146577814
          ],
          [
            28.187352961119004,
            -25.72328410869279
          ],
          [
            28.18751671717135,
            -25.723785566231694
          ],
          [
            28.187621347193673,
            -25.72410138431141
          ],
          [
            28.187692357248665,
            -25.724320892279227
          ],
          [
            28.187762119246234,
            -25.72453024349216
          ],
          [
            28.187815134501776,
            -25.72468218518794
          ],
          [
            28.187894087207646,
            -25.72489696075208
          ],
          [
            28.18796506170455,
            -25.725121841574154
          ],
          [
            28.188043739248297,
            -25.725377213664064
          ],
          [
            28.188132707814095,
            -25.725670257185826
          ],
          [
            28.18820884274874,
            -25.725911882825905
          ],
          [
            28.188277239590946,
            -25.726128391031338
          ],
          [
            28.188349509435227,
            -25.726356860396915
          ],
          [
            28.18838814775278,
            -25.726490811458795
          ],
          [
            28.188413992472032,
            -25.726567376020963
          ],
          [
            28.188437177351002,
            -25.726647508191487
          ],
          [
            28.188457724716717,
            -25.726727624765704
          ],
          [
            28.188484524070997,
            -25.72685792833645
          ],
          [
            28.188520099634054,
            -25.727054550720815
          ],
          [
            28.188546761346128,
            -25.727205152127013
          ],
          [
            28.18858480752821,
            -25.727426266815066
          ],
          [
            28.18860257771741,
            -25.727527264037565
          ],
          [
            28.188653409883894,
            -25.72780695926926
          ],
          [
            28.18877024923739,
            -25.728461363500035
          ],
          [
            28.188809594209808,
            -25.72868547024273
          ],
          [
            28.188828751909334,
            -25.728776326297176
          ],
          [
            28.188902148124164,
            -25.729033460138236
          ],
          [
            28.18893034773087,
            -25.72915182997804
          ],
          [
            28.18895459553417,
            -25.72926958029131
          ],
          [
            28.189006617842104,
            -25.72956838736022
          ],
          [
            28.189080357115696,
            -25.729969408560688
          ],
          [
            28.189173352240342,
            -25.73044695655142
          ],
          [
            28.189250958416952,
            -25.730861132915653
          ],
          [
            28.18929922952996,
            -25.731130067224143
          ],
          [
            28.18934505449412,
            -25.73137092691863
          ],
          [
            28.189370480701292,
            -25.731509580732567
          ],
          [
            28.18938571662101,
            -25.731595638306892
          ],
          [
            28.189397046150077,
            -25.73167451019568
          ],
          [
            28.189399180757654,
            -25.731748554356475
          ],
          [
            28.189400005131937,
            -25.7318213970847
          ],
          [
            28.189392943799387,
            -25.73189061351134
          ],
          [
            28.18938456511355,
            -25.731959823509705
          ],
          [
            28.189370899941565,
            -25.732030793951132
          ],
          [
            28.189345213798305,
            -25.732124982816714
          ],
          [
            28.189315669785035,
            -25.73220482140978
          ],
          [
            28.18927688117305,
            -25.732286995932277
          ],
          [
            28.189235496322855,
            -25.73236318618812
          ],
          [
            28.18918484048521,
            -25.732445892161817
          ],
          [
            28.189107716509042,
            -25.73254337621414
          ],
          [
            28.189029388479007,
            -25.732624137341382
          ],
          [
            28.188957756396007,
            -25.732689411859
          ],
          [
            28.188854373539378,
            -25.732771227544784
          ],
          [
            28.188487167388022,
            -25.733070684796953
          ],
          [
            28.188251185738544,
            -25.733265196670178
          ],
          [
            28.188126474092773,
            -25.73338152126438
          ],
          [
            28.18801892717469,
            -25.733493760567384
          ],
          [
            28.187941891795735,
            -25.73357811070295
          ],
          [
            28.18781298916011,
            -25.733729038137387
          ],
          [
            28.18768787894064,
            -25.733903869419414
          ],
          [
            28.18764125965912,
            -25.733974059283472
          ],
          [
            28.187593253970118,
            -25.734054391148188
          ],
          [
            28.18752783863366,
            -25.73417462737307
          ],
          [
            28.187470357674407,
            -25.734291325395045
          ],
          [
            28.187424796678833,
            -25.734399731793392
          ],
          [
            28.187376563343168,
            -25.73451349554852
          ],
          [
            28.187330832664202,
            -25.734646976121144
          ],
          [
            28.187286436484538,
            -25.734778075838058
          ],
          [
            28.187235131675013,
            -25.734955705782856
          ],
          [
            28.18719991411839,
            -25.735094021518957
          ],
          [
            28.18718498671398,
            -25.73515662656817
          ],
          [
            28.187163952519942,
            -25.735244870216512
          ],
          [
            28.187140146544504,
            -25.735352801267197
          ],
          [
            28.187127087487983,
            -25.735431536280277
          ],
          [
            28.187121396845495,
            -25.735497669678168
          ],
          [
            28.187116194483462,
            -25.73560262936756
          ],
          [
            28.1871056864839,
            -25.73567052934918
          ],
          [
            28.18710327286051,
            -25.735734697113788
          ],
          [
            28.187103395498053,
            -25.735813505676084
          ],
          [
            28.18710425091198,
            -25.735881572864688
          ],
          [
            28.187109012729113,
            -25.735956825793497
          ],
          [
            28.18711509193281,
            -25.736032086072793
          ],
          [
            28.187136925297995,
            -25.73631102217118
          ],
          [
            28.18716559618298,
            -25.736650596117272
          ],
          [
            28.18717853722769,
            -25.736783209818576
          ],
          [
            28.187185083307078,
            -25.73688683150288
          ],
          [
            28.18719092399824,
            -25.736997315332697
          ],
          [
            28.18719341136806,
            -25.737116139434193
          ],
          [
            28.18719147167098,
            -25.737207474500348
          ],
          [
            28.187187998345518,
            -25.73733044437927
          ],
          [
            28.18718005914818,
            -25.737528614775563
          ],
          [
            28.187179165727233,
            -25.73765995802812
          ],
          [
            28.187178601247172,
            -25.737742942679837
          ],
          [
            28.18718073348052,
            -25.737816986775986
          ],
          [
            28.18719763878036,
            -25.738045147497665
          ],
          [
            28.18723705207997,
            -25.738453141554945
          ],
          [
            28.187276161971944,
            -25.73891661854372
          ],
          [
            28.187301110219146,
            -25.7390742524855
          ],
          [
            28.187310885920915,
            -25.73913588693927
          ],
          [
            28.1873383020582,
            -25.739291865732913
          ],
          [
            28.187348952626387,
            -25.739354256027564
          ],
          [
            28.18740886440888,
            -25.739617165739755
          ],
          [
            28.18743496966789,
            -25.739733374041567
          ],
          [
            28.187457185480472,
            -25.739839889278375
          ],
          [
            28.18747548747047,
            -25.739940293736726
          ],
          [
            28.187495923537472,
            -25.74007581492979
          ],
          [
            28.18752670589867,
            -25.740318501795308
          ],
          [
            28.187547575274092,
            -25.740506683092413
          ],
          [
            28.187575350169222,
            -25.74087438044173
          ],
          [
            28.18765333947876,
            -25.74176853040121
          ],
          [
            28.187663749117895,
            -25.74192459386181
          ],
          [
            28.187663283083708,
            -25.74197378657804
          ],
          [
            28.187663441134514,
            -25.74210561220155
          ],
          [
            28.187663087151783,
            -25.742157672199355
          ],
          [
            28.187714761292465,
            -25.74277935268496
          ],
          [
            28.187753691793873,
            -25.743258629250544
          ],
          [
            28.187763254537774,
            -25.743403403650152
          ],
          [
            28.18777031338508,
            -25.743451205896857
          ],
          [
            28.18780385865817,
            -25.743636712077723
          ],
          [
            28.187814015708003,
            -25.743694083813743
          ],
          [
            28.18782399842027,
            -25.743777246368595
          ],
          [
            28.18783851692551,
            -25.743968855415847
          ],
          [
            28.18790106958938,
            -25.744697107668955
          ],
          [
            28.187974069293467,
            -25.74559545252862
          ],
          [
            28.187978797777262,
            -25.74567572000595
          ],
          [
            28.187981656746363,
            -25.74572063306027
          ],
          [
            28.187983558729215,
            -25.74575121200855
          ],
          [
            28.18797070725317,
            -25.745779797891032
          ],
          [
            28.18794096005935,
            -25.745811155315742
          ],
          [
            28.187897381665405,
            -25.74584265945167
          ],
          [
            28.18782917293084,
            -25.745859898727407
          ],
          [
            28.187735086859146,
            -25.745868183368007
          ],
          [
            28.18765400932346,
            -25.74587066819705
          ],
          [
            28.18756966892206,
            -25.74587607003256
          ],
          [
            28.187491794332225,
            -25.745884445854557
          ],
          [
            28.187446341771786,
            -25.74589300163304
          ],
          [
            28.18741540036228,
            -25.745913384796278
          ],
          [
            28.187390842878063,
            -25.74594848525875
          ],
          [
            28.187369518286175,
            -25.745985073188294
          ],
          [
            28.18736775699533,
            -25.74600561916268
          ],
          [
            28.18736900887499,
            -25.746059951810256
          ],
          [
            28.18739896487938,
            -25.746422778942208
          ],
          [
            28.187412945739997,
            -25.74651242009695
          ],
          [
            28.187436894086783,
            -25.746566879380484
          ],
          [
            28.187464084378906,
            -25.746621356748378
          ],
          [
            28.187500981490846,
            -25.746678825326658
          ],
          [
            28.187547615410793,
            -25.74673487878476
          ],
          [
            28.187599123743944,
            -25.746789491793745
          ],
          [
            28.187668040265237,
            -25.746841039181675
          ],
          [
            28.18772977834404,
            -25.746887125486335
          ],
          [
            28.18780572361465,
            -25.746924255980677
          ],
          [
            28.18788390104906,
            -25.746955574409334
          ],
          [
            28.187931213042564,
            -25.746978047606305
          ],
          [
            28.18796513152502,
            -25.74699256550926
          ],
          [
            28.187991142892056,
            -25.747006322651426
          ],
          [
            28.188009254995755,
            -25.747018603319372
          ],
          [
            28.18802884156575,
            -25.747046653399128
          ],
          [
            28.18804202081691,
            -25.74708613166867
          ],
          [
            28.18804642671962,
            -25.747136306468473
          ],
          [
            28.188057257361358,
            -25.747288610119
          ],
          [
            28.188087961882786,
            -25.74765953938937
          ]
        ]
      }
    },
    {
      "type": "Feature",
      "properties": {
        "id": "9",
        "name": "Line 2B",
        "network": "A Re Yeng"
      },
      "geometry": {
        "type": "LineString",
        "coordinates": [
          [
            28.283431686335256,
            -25.78816809091044
          ],
          [
            28.283287743919068,
            -25.788131006707818
          ],
          [
            28.28260858827632,
            -25.787999037406504
          ],
          [
            28.28113561637102,
            -25.78753856682582
          ],
          [
            28.279467516105154,
            -25.787017091767993
          ],
          [
            28.27886349612232,
            -25.78682707861633
          ],
          [
            28.277615569527345,
            -25.786515083860138
          ],
          [
            28.276945311913465,
            -25.78633231577748
          ],
          [
            28.276890541090964,
            -25.786321934342183
          ],
          [
            28.27683617726875,
            -25.786310200999953
          ],
          [
            28.27678222099598,
            -25.7862970254933
          ],
          [
            28.27672877087419,
            -25.78628258883427
          ],
          [
            28.27667572830523,
            -25.786266710011873
          ],
          [
            28.276623191890383,
            -25.78624957003819
          ],
          [
            28.27657195809334,
            -25.786231353395824
          ],
          [
            28.27652133014745,
            -25.786211876099646
          ],
          [
            28.27657394849152,
            -25.786116912793652
          ],
          [
            28.27662487687166,
            -25.786021128716776
          ],
          [
            28.2766741152908,
            -25.785924523870793
          ],
          [
            28.27672166265697,
            -25.78582727877333
          ],
          [
            28.276767518973443,
            -25.78572939342612
          ],
          [
            28.276811584549378,
            -25.785630867335147
          ],
          [
            28.276853959082537,
            -25.785531700997712
          ],
          [
            28.27689454288233,
            -25.785431893919803
          ],
          [
            28.276933335405214,
            -25.78533153636087
          ],
          [
            28.27697043634897,
            -25.785230628817963
          ],
          [
            28.277005745476263,
            -25.785129261054866
          ],
          [
            28.277039163644737,
            -25.785027342319587
          ],
          [
            28.27707089024592,
            -25.784924873604325
          ],
          [
            28.277100724802267,
            -25.784822034435372
          ],
          [
            28.27712876701178,
            -25.784718825309355
          ],
          [
            28.277155017425937,
            -25.78461515596942
          ],
          [
            28.277179276115408,
            -25.784511115683905
          ],
          [
            28.27720184161757,
            -25.7844067961978
          ],
          [
            28.277222614790645,
            -25.784302106758723
          ],
          [
            28.27724368619802,
            -25.78416465416955
          ],
          [
            28.277431469696385,
            -25.782937861064433
          ],
          [
            28.277580772923752,
            -25.782003229026923
          ],
          [
            28.277584641262646,
            -25.78187235485925
          ],
          [
            28.27758351732788,
            -25.781804117595534
          ],
          [
            28.277551708665843,
            -25.781723196169228
          ],
          [
            28.27750443738361,
            -25.781656121568464
          ],
          [
            28.27740182417058,
            -25.781584595738682
          ],
          [
            28.276897803501193,
            -25.78134283031607
          ],
          [
            28.276701824584244,
            -25.781257552661508
          ],
          [
            28.276506553641738,
            -25.781170653574353
          ],
          [
            28.27631218896532,
            -25.781082314565225
          ],
          [
            28.276118731107676,
            -25.78099244537983
          ],
          [
            28.275926079835823,
            -25.7809011357837
          ],
          [
            28.27573423625094,
            -25.780808205264158
          ],
          [
            28.27554329840407,
            -25.780713925094748
          ],
          [
            28.27535336708613,
            -25.78061811525968
          ],
          [
            28.275164241824964,
            -25.780520955285564
          ],
          [
            28.274976023411995,
            -25.78042226515643
          ],
          [
            28.274788812090566,
            -25.780321955114818
          ],
          [
            28.274602505980113,
            -25.780220385699415
          ],
          [
            28.274417106182234,
            -25.780117376397857
          ],
          [
            28.274232712390543,
            -25.780012927710903
          ],
          [
            28.27404942484758,
            -25.779906949881838
          ],
          [
            28.27386704253022,
            -25.779799712693688
          ],
          [
            28.273685666230065,
            -25.779691036131634
          ],
          [
            28.273505395639773,
            -25.779580920697185
          ],
          [
            28.27332613107363,
            -25.7794693658966
          ],
          [
            28.272457963928105,
            -25.778872736809518
          ],
          [
            28.272184954708436,
            -25.778685524705207
          ],
          [
            28.272100299562133,
            -25.778623001880693
          ],
          [
            28.271963841415637,
            -25.778521859027478
          ],
          [
            28.271771112758387,
            -25.778379095040854
          ],
          [
            28.27164438049819,
            -25.778285221424685
          ],
          [
            28.27129578469972,
            -25.778020275894526
          ],
          [
            28.269877601914224,
            -25.77677957403045
          ],
          [
            28.269833437249968,
            -25.77673106295819
          ],
          [
            28.269763802912347,
            -25.77665796341377
          ],
          [
            28.269695470662253,
            -25.776583877504287
          ],
          [
            28.26962854018528,
            -25.776508805731883
          ],
          [
            28.269562812107644,
            -25.776432747097648
          ],
          [
            28.26949858548742,
            -25.77635570310448
          ],
          [
            28.269435859770407,
            -25.776277764012217
          ],
          [
            28.269374436688338,
            -25.7761987483059
          ],
          [
            28.269314414267672,
            -25.7761189272614
          ],
          [
            28.26883748059217,
            -25.775439215468822
          ],
          [
            28.26876794055675,
            -25.775350952137043
          ],
          [
            28.268696800124875,
            -25.77526358333662
          ],
          [
            28.26862425756241,
            -25.775177290583123
          ],
          [
            28.26855011294675,
            -25.77509216313028
          ],
          [
            28.268474467071318,
            -25.775008020961018
          ],
          [
            28.268397418515566,
            -25.774925045090065
          ],
          [
            28.268318868702433,
            -25.77484305449817
          ],
          [
            28.2682389151036,
            -25.774762410715873
          ],
          [
            28.268157459695516,
            -25.774682842465868
          ],
          [
            28.26807489900325,
            -25.774604712782814
          ],
          [
            28.26799113444903,
            -25.774527840647657
          ],
          [
            28.267905767294025,
            -25.774452224052308
          ],
          [
            28.267819297069575,
            -25.77437768498601
          ],
          [
            28.26773142305989,
            -25.774304492715665
          ],
          [
            28.26764224494918,
            -25.774232647740426
          ],
          [
            28.267551962659855,
            -25.77416206080353
          ],
          [
            28.267460276583893,
            -25.774092820655405
          ],
          [
            28.267367386643617,
            -25.774024838039267
          ],
          [
            28.267273391413774,
            -25.77395829397052
          ],
          [
            28.26536461077908,
            -25.77252850914368
          ],
          [
            28.264453004379213,
            -25.771845685785923
          ],
          [
            28.263519806007942,
            -25.771125830949785
          ],
          [
            28.262069816371348,
            -25.770009363035143
          ],
          [
            28.260707244555032,
            -25.76894621777582
          ],
          [
            28.260650926686182,
            -25.768897461720773
          ],
          [
            28.260593306314696,
            -25.768849782155108
          ],
          [
            28.260534681361303,
            -25.768803361112237
          ],
          [
            28.260474752786212,
            -25.76875819707155
          ],
          [
            28.260413719948467,
            -25.76871429104446
          ],
          [
            28.260351582847445,
            -25.768671643029613
          ],
          [
            28.260288440602544,
            -25.768630343789997
          ],
          [
            28.260224293212737,
            -25.76859039332433
          ],
          [
            28.26015914123653,
            -25.768551701373468
          ],
          [
            28.2600928838741,
            -25.768514447944902
          ],
          [
            28.260025820722312,
            -25.768478544299708
          ],
          [
            28.259957852100218,
            -25.768443989929928
          ],
          [
            28.259244754271787,
            -25.768101704373095
          ],
          [
            28.259181657486838,
            -25.768069250436522
          ],
          [
            28.259119466814415,
            -25.768035356915096
          ],
          [
            28.259058481853508,
            -25.76799993507454
          ],
          [
            28.25899840300779,
            -25.767963073651718
          ],
          [
            28.25893952987601,
            -25.767924683912536
          ],
          [
            28.25888176165913,
            -25.76788494586647
          ],
          [
            28.258825198597467,
            -25.767843769764646
          ],
          [
            28.258769939249344,
            -25.767801336631692
          ],
          [
            28.258715784818026,
            -25.767757555195946
          ],
          [
            28.258663033779786,
            -25.76771251723953
          ],
          [
            28.258335193416347,
            -25.767405585531073
          ],
          [
            28.257825530493875,
            -25.766534341686484
          ]
        ]
      }
    },
    {
      "type": "Feature",
      "properties": {
        "id": "9",
        "name": "Line 2B",
        "network": "A Re Yeng"
      },
      "geometry": {
        "type": "LineString",
        "coordinates": [
          [
            28.283431686877723,
            -25.788168000652387
          ],
          [
            28.284682253828485,
            -25.78565245112081
          ],
          [
            28.285260386561973,
            -25.784456900494447
          ],
          [
            28.285319180588253,
            -25.784328296946423
          ],
          [
            28.285409863885377,
            -25.784152011797214
          ],
          [
            28.285503424299588,
            -25.783961389248432
          ],
          [
            28.28571877690883,
            -25.783510420700143
          ],
          [
            28.285774740367742,
            -25.783399499570105
          ],
          [
            28.285546664460412,
            -25.78336798798924
          ],
          [
            28.285437071401738,
            -25.783357318881283
          ],
          [
            28.28525369088669,
            -25.78333615723364
          ],
          [
            28.285072512099653,
            -25.783321084336748
          ],
          [
            28.28482874658677,
            -25.7832935472433
          ],
          [
            28.28470131167852,
            -25.78327265900514
          ],
          [
            28.284560438087272,
            -25.783253731827447
          ],
          [
            28.284397198766293,
            -25.78323266724745
          ],
          [
            28.284249947495226,
            -25.783215612902666
          ],
          [
            28.28351110617185,
            -25.783103219107442
          ],
          [
            28.28326822647053,
            -25.78304787082051
          ],
          [
            28.28293647438483,
            -25.782971041636944
          ],
          [
            28.282557137179282,
            -25.78287865980109
          ],
          [
            28.28213157882116,
            -25.782787141982734
          ],
          [
            28.28183552242557,
            -25.78270411312408
          ],
          [
            28.281636900932263,
            -25.782648754045304
          ],
          [
            28.28126216038135,
            -25.78254154546983
          ],
          [
            28.28092289578765,
            -25.782465098844746
          ],
          [
            28.280570535299777,
            -25.782381789140523
          ],
          [
            28.280077676666426,
            -25.782253601701612
          ],
          [
            28.279920193073657,
            -25.782223933489426
          ],
          [
            28.279683805556953,
            -25.78216404420616
          ],
          [
            28.279419602680246,
            -25.78210842872549
          ],
          [
            28.27927985001372,
            -25.782074317455795
          ],
          [
            28.279109420875027,
            -25.78202612863139
          ],
          [
            28.278965087375777,
            -25.781986423472105
          ],
          [
            28.27877629630225,
            -25.781922826014625
          ],
          [
            28.278566066812413,
            -25.78184380476624
          ],
          [
            28.27834363485088,
            -25.781748013627173
          ],
          [
            28.27801224287348,
            -25.78161269066287
          ],
          [
            28.277619233287947,
            -25.781493771898717
          ],
          [
            28.276491222844573,
            -25.781002692421275
          ],
          [
            28.276345171539816,
            -25.780937068618332
          ],
          [
            28.276199927232202,
            -25.78086991425343
          ],
          [
            28.27605548937798,
            -25.780801319586985
          ],
          [
            28.2759118574329,
            -25.780731374879426
          ],
          [
            28.275769131638363,
            -25.780659990371444
          ],
          [
            28.275627311997777,
            -25.780587166065732
          ],
          [
            28.275486298276327,
            -25.780512991726525
          ],
          [
            28.27534619071536,
            -25.780437377594748
          ],
          [
            28.275207089007854,
            -25.780360324169642
          ],
          [
            28.27506899260814,
            -25.78028192171209
          ],
          [
            28.274931702139547,
            -25.780202169231366
          ],
          [
            28.272566823931605,
            -25.778775167725254
          ],
          [
            28.272242160800822,
            -25.77852487604053
          ],
          [
            28.27200888414954,
            -25.778345083192328
          ],
          [
            28.271817777722408,
            -25.77819790461073
          ],
          [
            28.271774814007827,
            -25.77816474444194
          ],
          [
            28.27168965053532,
            -25.778103933792668
          ],
          [
            28.271603582244172,
            -25.778044382214564
          ],
          [
            28.27151641030898,
            -25.777985998449918
          ],
          [
            28.27139767617515,
            -25.777904801162485
          ],
          [
            28.27103552855744,
            -25.777622818155372
          ],
          [
            28.27095635646989,
            -25.77756050266898
          ],
          [
            28.27087828764568,
            -25.777497109540484
          ],
          [
            28.270801422875813,
            -25.777432458755392
          ],
          [
            28.270725761057022,
            -25.777366730831424
          ],
          [
            28.270651302741143,
            -25.777299835512494
          ],
          [
            28.27057804737629,
            -25.777231863058326
          ],
          [
            28.269984692229393,
            -25.776694273426937
          ],
          [
            28.269917734991033,
            -25.77662353416304
          ],
          [
            28.269852279758,
            -25.776551719277567
          ],
          [
            28.269788226290398,
            -25.77647891853017
          ],
          [
            28.269725575139674,
            -25.77640504166472
          ],
          [
            28.269664425991095,
            -25.776330089183315
          ],
          [
            28.269604778290727,
            -25.776254151345707
          ],
          [
            28.269546631484406,
            -25.776177318411584
          ],
          [
            28.26949008580924,
            -25.77609950062522
          ],
          [
            28.269434940785864,
            -25.77602087750324
          ],
          [
            28.268972345706974,
            -25.77537634953105
          ],
          [
            28.268901824239908,
            -25.77528555403193
          ],
          [
            28.268829701276232,
            -25.775195833580582
          ],
          [
            28.268755876579277,
            -25.775107277931646
          ],
          [
            28.26868045038926,
            -25.775019797325722
          ],
          [
            28.268603422154428,
            -25.774933482018284
          ],
          [
            28.268524792429545,
            -25.774848241748916
          ],
          [
            28.268444759478935,
            -25.77476425803324
          ],
          [
            28.26836312448701,
            -25.774681439608646
          ],
          [
            28.268279986586027,
            -25.77459987723166
          ],
          [
            28.268204067648526,
            -25.774527828483247
          ],
          [
            28.268127046734275,
            -25.774456676760636
          ],
          [
            28.26804892328982,
            -25.774386512320014
          ],
          [
            28.267969496838532,
            -25.77431751467252
          ],
          [
            28.26788906698779,
            -25.77424959506269
          ],
          [
            28.267807534052785,
            -25.774182752987308
          ],
          [
            28.267724898033254,
            -25.774116988444558
          ],
          [
            28.267641158928882,
            -25.774052301432555
          ],
          [
            28.267556415315287,
            -25.77398887296694
          ],
          [
            28.26642578196468,
            -25.77315873685588
          ],
          [
            28.265079223672334,
            -25.77217017751221
          ],
          [
            28.264485292523965,
            -25.77173410626443
          ],
          [
            28.262194524411306,
            -25.769960442193355
          ],
          [
            28.26060466583643,
            -25.76870569359406
          ],
          [
            28.26054335351252,
            -25.768658627077762
          ],
          [
            28.26048073701207,
            -25.768612907819396
          ],
          [
            28.26041701569366,
            -25.768568536830315
          ],
          [
            28.26035198963794,
            -25.768525603353773
          ],
          [
            28.260286951320474,
            -25.768484655520858
          ],
          [
            28.26022090730079,
            -25.768445146718072
          ],
          [
            28.26015375789812,
            -25.768407076437345
          ],
          [
            28.260085703029606,
            -25.768370355432847
          ],
          [
            28.260016641895092,
            -25.768335163712074
          ],
          [
            28.259297591800298,
            -25.767988335122094
          ],
          [
            28.259239150839505,
            -25.767960598458586
          ],
          [
            28.25918181646111,
            -25.767931242712685
          ],
          [
            28.25912538874827,
            -25.76790035712871
          ],
          [
            28.25907006706029,
            -25.76786794272259
          ],
          [
            28.25901585083787,
            -25.76783408975341
          ],
          [
            28.258962640963563,
            -25.767798707457104
          ],
          [
            28.25891073535399,
            -25.767761977872972
          ],
          [
            28.258860034330816,
            -25.767723900494833
          ],
          [
            28.25881063813391,
            -25.76768438557377
          ],
          [
            28.25876254620307,
            -25.76764352336887
          ],
          [
            28.25871585765656,
            -25.767601404646896
          ],
          [
            28.258670572494307,
            -25.76755802940916
          ],
          [
            28.25845304828759,
            -25.76733641455183
          ],
          [
            28.258318640762468,
            -25.767181925560582
          ],
          [
            28.258206338962157,
            -25.76704731619343
          ],
          [
            28.258095664246973,
            -25.76690757017809
          ],
          [
            28.25798651806933,
            -25.766762506494484
          ],
          [
            28.257878305737986,
            -25.766611580549807
          ],
          [
            28.257825530493875,
            -25.766534341686484
          ]
        ]
      }
    },
    {
      "type": "Feature",
      "properties": {
        "id": "9",
        "name": "Line 2B",
        "network": "A Re Yeng"
      },
      "geometry": {
        "type": "LineString",
        "coordinates": [
          [
            28.257825530493875,
            -25.766534341686484
          ],
          [
            28.257770929832336,
            -25.766454430806625
          ],
          [
            28.257663995023314,
            -25.766290513686503
          ],
          [
            28.257556809199343,
            -25.76611892305335
          ],
          [
            28.257448683625416,
            -25.765938211222434
          ],
          [
            28.257284503755464,
            -25.76565088624788
          ],
          [
            28.25711016783246,
            -25.76532984203184
          ],
          [
            28.25701989639081,
            -25.765157117913663
          ]
        ]
      }
    },
    {
      "type": "Feature",
      "properties": {
        "id": "9",
        "name": "Line 2B",
        "network": "A Re Yeng"
      },
      "geometry": {
        "type": "LineString",
        "coordinates": [
          [
            28.257825530493875,
            -25.766534341686484
          ],
          [
            28.25701989639081,
            -25.765157117913663
          ]
        ]
      }
    },
    {
      "type": "Feature",
      "properties": {
        "id": "9",
        "name": "Line 2B",
        "network": "A Re Yeng"
      },
      "geometry": {
        "type": "LineString",
        "coordinates": [
          [
            28.25701989639081,
            -25.765157117913663
          ],
          [
            28.256784210529094,
            -25.764754210544112
          ],
          [
            28.2562860818132,
            -25.763895273155114
          ],
          [
            28.25573717239362,
            -25.762948702129865
          ],
          [
            28.255559284409728,
            -25.762671053296433
          ],
          [
            28.255538359445545,
            -25.76263791087865
          ],
          [
            28.255515734397193,
            -25.762605662369758
          ],
          [
            28.255491408702603,
            -25.762574398026775
          ],
          [
            28.255465581148414,
            -25.762544209126297
          ],
          [
            28.255438251735107,
            -25.762515095667514
          ],
          [
            28.25540941990005,
            -25.762487147907404
          ],
          [
            28.255379284992202,
            -25.76246036686484
          ],
          [
            28.255347746211118,
            -25.762434932544682
          ],
          [
            28.255315002905288,
            -25.762410845965853
          ],
          [
            28.25528105507436,
            -25.762388107127546
          ],
          [
            28.255246001829057,
            -25.762366806796667
          ],
          [
            28.25520984260555,
            -25.762347035230185
          ],
          [
            28.25517277675152,
            -25.762328793447267
          ],
          [
            28.253531195115894,
            -25.761913489739335
          ],
          [
            28.25341236067175,
            -25.761884718997038
          ],
          [
            28.253293119687466,
            -25.7618572097223
          ],
          [
            28.253173471030202,
            -25.76183114242957
          ],
          [
            28.25305351436968,
            -25.761806517629196
          ],
          [
            28.252933250266675,
            -25.761783245062592
          ],
          [
            28.25281267815236,
            -25.761761414986665
          ],
          [
            28.252541814557276,
            -25.761736195633173
          ],
          [
            28.251342503363258,
            -25.761624788734373
          ],
          [
            28.25079300655447,
            -25.761573762521937
          ],
          [
            28.25069986055293,
            -25.761565520687824
          ],
          [
            28.250607023785857,
            -25.761555655695123
          ],
          [
            28.25051439658348,
            -25.761544167031314
          ],
          [
            28.250421978382683,
            -25.761531144954557
          ],
          [
            28.250329969100704,
            -25.761516500234233
          ],
          [
            28.250238069153898,
            -25.761500321588773
          ],
          [
            28.250146677239385,
            -25.761482611072196
          ],
          [
            28.250055594580683,
            -25.76146327740083
          ],
          [
            28.24996502052807,
            -25.761442321602424
          ],
          [
            28.249874854277188,
            -25.761419923679753
          ],
          [
            28.249785096398288,
            -25.761395993375945
          ],
          [
            28.248167111071115,
            -25.760926865677966
          ],
          [
            28.244525660346557,
            -25.759868933966427
          ],
          [
            28.24335810910322,
            -25.759578910626036
          ],
          [
            28.241244758770712,
            -25.759068048461426
          ],
          [
            28.240993744959848,
            -25.759010597940186
          ],
          [
            28.239418406727847,
            -25.75863257891439
          ],
          [
            28.238675673826773,
            -25.758423354060785
          ],
          [
            28.238575157348237,
            -25.758399180128606
          ],
          [
            28.23616024654684,
            -25.757844900146672
          ],
          [
            28.23389396750498,
            -25.75730067932804
          ],
          [
            28.23218139214898,
            -25.756878743043604
          ],
          [
            28.232003656311907,
            -25.756836251486103
          ],
          [
            28.23189724551627,
            -25.756815868933224
          ],
          [
            28.231727099096787,
            -25.756782491864534
          ],
          [
            28.231554813581326,
            -25.756753640699753
          ],
          [
            28.231382551204945,
            -25.75672120882348
          ],
          [
            28.231180217553803,
            -25.756690049481012
          ],
          [
            28.230897207509823,
            -25.756655597929093
          ],
          [
            28.22961881728688,
            -25.756499118700756
          ],
          [
            28.228663756774232,
            -25.756391236425348
          ],
          [
            28.227395670024784,
            -25.756249821609433
          ],
          [
            28.22640986400828,
            -25.75613317949883
          ],
          [
            28.2253254063614,
            -25.756028616144185
          ],
          [
            28.2249751673656,
            -25.75598908291124
          ],
          [
            28.224324348769844,
            -25.755903226465996
          ],
          [
            28.22383031068159,
            -25.755837426662836
          ],
          [
            28.223425468277547,
            -25.755803027773695
          ],
          [
            28.22282853549162,
            -25.755756499601812
          ]
        ]
      }
    },
    {
      "type": "Feature",
      "properties": {
        "id": "9",
        "name": "Line 2B",
        "network": "A Re Yeng"
      },
      "geometry": {
        "type": "LineString",
        "coordinates": [
          [
            28.25701989639081,
            -25.765157117913663
          ],
          [
            28.25693009802172,
            -25.764985300566675
          ],
          [
            28.25657606754883,
            -25.76429209618368
          ],
          [
            28.256425174693632,
            -25.764000686118994
          ],
          [
            28.256263593542204,
            -25.763697036098986
          ],
          [
            28.25611416028112,
            -25.763427566513485
          ],
          [
            28.25604451870672,
            -25.763310232779954
          ],
          [
            28.255885920339203,
            -25.76305606043487
          ],
          [
            28.255824374309718,
            -25.762951314213552
          ],
          [
            28.25578781253689,
            -25.76288415387889
          ],
          [
            28.255755913564883,
            -25.762820537540996
          ],
          [
            28.255728185201246,
            -25.762759469818924
          ],
          [
            28.25570413469316,
            -25.76270004558882
          ],
          [
            28.25565957751181,
            -25.76257236969176
          ],
          [
            28.255621414777984,
            -25.76244228944122
          ],
          [
            28.255613157298203,
            -25.76234386308277
          ],
          [
            28.25553771904931,
            -25.762325064120922
          ],
          [
            28.253509761001087,
            -25.761818425620316
          ],
          [
            28.253398587421575,
            -25.761791950669313
          ],
          [
            28.253287105838425,
            -25.761766918224616
          ],
          [
            28.25317521600943,
            -25.761743418031816
          ],
          [
            28.25306281882167,
            -25.76172135932074
          ],
          [
            28.25295021272753,
            -25.761700833882415
          ],
          [
            28.252837198940473,
            -25.761681750435336
          ],
          [
            28.252723976238862,
            -25.761664200259588
          ],
          [
            28.252549635565988,
            -25.761649224533024
          ],
          [
            28.251375476964323,
            -25.761548417298293
          ],
          [
            28.250562652957008,
            -25.7614786154843
          ],
          [
            28.250468621890356,
            -25.761468473474157
          ],
          [
            28.25037480209121,
            -25.76145643701853
          ],
          [
            28.25028129153668,
            -25.761442777404294
          ],
          [
            28.250188091364357,
            -25.76142731411674
          ],
          [
            28.250095300684634,
            -25.761410137927722
          ],
          [
            28.250002920068372,
            -25.761391158580388
          ],
          [
            28.249910948385217,
            -25.76137055659099
          ],
          [
            28.249819586119695,
            -25.761348152472248
          ],
          [
            28.2497286333617,
            -25.76132403545569
          ],
          [
            28.248184608390858,
            -25.760870813953908
          ],
          [
            28.244450521782394,
            -25.75975607936023
          ],
          [
            28.24321313742462,
            -25.75944439093938
          ],
          [
            28.24127285771656,
            -25.758975407085323
          ],
          [
            28.239451720321533,
            -25.75853518134333
          ],
          [
            28.23883205279913,
            -25.75839809729977
          ],
          [
            28.238524456443155,
            -25.758330856724857
          ],
          [
            28.236052412160994,
            -25.757732861749002
          ],
          [
            28.23390935017636,
            -25.757236037210593
          ],
          [
            28.232204708181822,
            -25.756820833060374
          ],
          [
            28.232039602741068,
            -25.756782707260236
          ],
          [
            28.231880826394434,
            -25.75674461466622
          ],
          [
            28.231706246140337,
            -25.75670357273423
          ],
          [
            28.231535607044,
            -25.756664700498
          ],
          [
            28.2313625636538,
            -25.75663083114207
          ],
          [
            28.231231402958024,
            -25.756604345809777
          ],
          [
            28.230924636866686,
            -25.756573352211205
          ],
          [
            28.22928159045107,
            -25.756399523226953
          ],
          [
            28.224980570569855,
            -25.755890656586622
          ],
          [
            28.224801159613087,
            -25.755880689848688
          ],
          [
            28.224375518976913,
            -25.755840810559548
          ],
          [
            28.22417378427784,
            -25.755814653269617
          ],
          [
            28.223351613660085,
            -25.755719521211972
          ],
          [
            28.222834049671583,
            -25.7556739092486
          ]
        ]
      }
    }
  ]
}